# i j vmax_ij_m_per_s; sliced from reality.1000.1 for reality.200.30.1
0 0 0.000000
0 1 8.713287
0 2 10.413432
0 3 10.154868
0 4 10.341785
0 5 9.021738
0 6 9.438609
0 7 10.220962
0 8 8.853299
0 9 9.445968
0 10 9.938711
0 11 10.914361
0 12 8.531342
0 13 8.927012
0 14 10.860184
0 15 8.766070
0 16 10.912574
0 17 8.815423
0 18 10.908939
0 19 8.626624
0 20 9.202314
0 21 9.134218
0 22 10.203889
0 23 10.823540
0 24 10.084535
0 25 9.113298
0 26 10.936787
0 27 8.844235
0 28 10.134451
0 29 8.850947
0 30 9.653902
0 31 9.731124
0 32 10.391761
0 33 8.645368
0 34 9.708221
0 35 9.631009
0 36 10.749846
0 37 9.113612
0 38 10.871796
0 39 8.907785
0 40 8.700993
0 41 8.453626
0 42 10.919185
0 43 9.062494
0 44 8.972464
0 45 8.836291
0 46 10.300683
0 47 10.651708
0 48 9.029222
0 49 9.355916
0 50 9.741748
0 51 11.063915
0 52 10.438547
0 53 10.026397
0 54 10.365844
0 55 10.719891
0 56 10.018407
0 57 10.812305
0 58 10.163657
0 59 9.059295
0 60 8.846009
0 61 8.879306
0 62 9.957010
0 63 9.916838
0 64 8.801426
0 65 10.765120
0 66 10.203316
0 67 10.666114
0 68 9.181289
0 69 10.596438
0 70 9.832251
0 71 8.506807
0 72 10.451343
0 73 8.394703
0 74 9.119008
0 75 9.239363
0 76 8.774560
0 77 9.755883
0 78 11.051017
0 79 10.255081
0 80 10.912817
0 81 9.465637
0 82 11.020081
0 83 10.375328
0 84 10.226505
0 85 9.436249
0 86 9.341143
0 87 8.348286
0 88 8.670842
0 89 9.289977
0 90 8.518688
0 91 9.613114
0 92 10.150887
0 93 9.502195
0 94 9.938513
0 95 9.280607
0 96 8.603073
0 97 10.889014
0 98 10.556934
0 99 9.195714
0 100 10.440554
0 101 10.032338
0 102 9.920120
0 103 8.917481
0 104 9.911449
0 105 11.040589
0 106 10.612868
0 107 10.517109
0 108 9.786506
0 109 9.484086
0 110 10.869078
0 111 10.005861
0 112 10.603814
0 113 10.118301
0 114 10.034850
0 115 9.502548
0 116 9.668342
0 117 9.717733
0 118 8.389147
0 119 10.048590
0 120 10.738529
0 121 9.076344
0 122 9.829256
0 123 9.971070
0 124 9.528454
0 125 10.470619
0 126 8.885203
0 127 10.968171
0 128 8.803051
0 129 10.318396
0 130 9.687802
0 131 8.623376
0 132 9.961191
0 133 9.351795
0 134 9.026024
0 135 9.091474
0 136 10.510295
0 137 10.682900
0 138 9.848493
0 139 10.711543
0 140 9.364250
0 141 9.664968
0 142 8.830221
0 143 8.614248
0 144 10.779138
0 145 8.608912
0 146 8.425049
0 147 10.263175
0 148 9.568583
0 149 9.442854
0 150 8.740960
0 151 9.875839
0 152 9.430006
0 153 9.603004
0 154 10.275039
0 155 10.338482
0 156 8.751955
0 157 9.855988
0 158 10.502410
0 159 9.606772
0 160 10.863165
0 161 10.558416
0 162 10.713912
0 163 8.945986
0 164 8.778104
0 165 10.428798
0 166 9.278195
0 167 11.023919
0 168 8.809985
0 169 10.220174
0 170 9.214301
0 171 8.722332
0 172 9.673117
0 173 9.293746
0 174 9.782685
0 175 8.555436
0 176 8.552645
0 177 8.567524
0 178 10.419570
0 179 10.939340
0 180 10.944525
0 181 8.976104
0 182 10.255514
0 183 8.733679
0 184 8.373038
0 185 9.038976
0 186 9.576728
0 187 10.560060
0 188 9.485287
0 189 10.658236
0 190 10.304351
0 191 9.992795
0 192 9.754575
0 193 10.981204
0 194 11.053591
0 195 9.347811
0 196 8.813490
0 197 8.923690
0 198 9.393334
0 199 9.379349
0 200 8.787283
1 0 8.713287
1 1 0.000000
1 2 8.701927
1 3 11.077256
1 4 9.205277
1 5 10.902392
1 6 9.662626
1 7 9.870719
1 8 9.139174
1 9 8.827262
1 10 9.648622
1 11 9.950462
1 12 9.106782
1 13 8.964640
1 14 10.668351
1 15 10.213570
1 16 10.439263
1 17 10.167379
1 18 10.678625
1 19 10.183037
1 20 8.393593
1 21 10.772593
1 22 9.909077
1 23 8.572215
1 24 10.363511
1 25 9.617821
1 26 10.154702
1 27 10.210323
1 28 10.660119
1 29 9.153758
1 30 10.422168
1 31 8.407088
1 32 9.661708
1 33 10.622180
1 34 8.476944
1 35 9.979750
1 36 9.356682
1 37 9.057427
1 38 10.199326
1 39 11.051365
1 40 9.210291
1 41 8.760668
1 42 10.896030
1 43 8.880626
1 44 9.614986
1 45 8.648745
1 46 10.435976
1 47 8.893782
1 48 8.704223
1 49 9.635362
1 50 10.450676
1 51 8.827890
1 52 8.415653
1 53 9.960814
1 54 9.686191
1 55 8.883464
1 56 10.617452
1 57 10.402076
1 58 9.779781
1 59 9.481726
1 60 9.873246
1 61 10.265787
1 62 11.031898
1 63 9.360383
1 64 9.676894
1 65 10.629899
1 66 10.863037
1 67 8.862277
1 68 9.931902
1 69 8.815774
1 70 10.629998
1 71 9.374459
1 72 8.743314
1 73 10.469175
1 74 10.331467
1 75 8.570525
1 76 9.819599
1 77 9.056264
1 78 8.978016
1 79 10.127295
1 80 10.970934
1 81 10.339108
1 82 10.588747
1 83 8.551404
1 84 8.420939
1 85 10.212576
1 86 10.835146
1 87 8.808743
1 88 10.848951
1 89 9.321380
1 90 8.765591
1 91 9.300961
1 92 9.344692
1 93 10.067935
1 94 8.805665
1 95 9.511740
1 96 9.795181
1 97 9.077801
1 98 10.275069
1 99 9.645847
1 100 9.236649
1 101 9.690253
1 102 9.346017
1 103 10.531179
1 104 11.019756
1 105 9.196989
1 106 9.134207
1 107 9.085134
1 108 10.675164
1 109 9.579045
1 110 8.870834
1 111 9.058369
1 112 8.626846
1 113 9.001457
1 114 10.125799
1 115 9.599247
1 116 10.551486
1 117 8.518144
1 118 8.608159
1 119 8.655307
1 120 8.780268
1 121 9.157574
1 122 10.519819
1 123 10.301904
1 124 9.086461
1 125 10.159355
1 126 8.907546
1 127 8.532833
1 128 8.529984
1 129 10.004870
1 130 10.611495
1 131 8.478674
1 132 9.315654
1 133 8.680053
1 134 11.046390
1 135 9.673416
1 136 8.690371
1 137 10.139684
1 138 9.050521
1 139 9.968995
1 140 9.439439
1 141 10.902843
1 142 9.647751
1 143 10.883911
1 144 9.581459
1 145 10.341306
1 146 8.537955
1 147 9.932258
1 148 10.779727
1 149 10.553214
1 150 10.407752
1 151 10.219475
1 152 10.915215
1 153 10.768206
1 154 8.555060
1 155 9.128612
1 156 9.712222
1 157 10.947673
1 158 10.222545
1 159 8.501340
1 160 10.050225
1 161 10.202028
1 162 10.487379
1 163 9.386618
1 164 10.296635
1 165 10.652207
1 166 11.045900
1 167 10.039196
1 168 8.574039
1 169 10.087111
1 170 9.577775
1 171 9.883304
1 172 9.233278
1 173 10.488032
1 174 11.020205
1 175 9.964661
1 176 8.998516
1 177 10.416013
1 178 8.627493
1 179 10.995657
1 180 8.712296
1 181 9.202442
1 182 9.594529
1 183 8.571022
1 184 9.265847
1 185 10.187848
1 186 10.857494
1 187 8.865299
1 188 10.547591
1 189 10.140538
1 190 10.378150
1 191 9.000691
1 192 10.290615
1 193 10.151793
1 194 9.705133
1 195 8.475862
1 196 9.286084
1 197 9.981335
1 198 9.226489
1 199 10.135287
1 200 9.781832
2 0 10.413432
2 1 8.701927
2 2 0.000000
2 3 11.016786
2 4 9.896675
2 5 11.107614
2 6 11.030372
2 7 10.441147
2 8 9.211645
2 9 9.269099
2 10 9.945963
2 11 9.804294
2 12 10.022698
2 13 8.826964
2 14 9.904165
2 15 10.993327
2 16 9.601009
2 17 10.069778
2 18 8.766220
2 19 9.263673
2 20 8.843554
2 21 9.437440
2 22 10.102732
2 23 9.038547
2 24 8.903985
2 25 10.111281
2 26 10.666826
2 27 9.095495
2 28 8.538421
2 29 10.008843
2 30 9.799388
2 31 8.958277
2 32 9.829877
2 33 10.384405
2 34 8.805276
2 35 10.383060
2 36 11.051540
2 37 8.526183
2 38 9.608107
2 39 10.784067
2 40 8.804878
2 41 10.608113
2 42 8.729823
2 43 10.217189
2 44 10.437606
2 45 8.878596
2 46 10.919252
2 47 9.754028
2 48 10.565651
2 49 11.070056
2 50 8.682547
2 51 9.603007
2 52 8.884054
2 53 9.086859
2 54 9.342894
2 55 9.278948
2 56 10.261539
2 57 9.711678
2 58 9.397737
2 59 9.781603
2 60 8.402335
2 61 9.151326
2 62 8.762966
2 63 8.836515
2 64 10.238098
2 65 9.678660
2 66 9.219908
2 67 10.675852
2 68 10.154694
2 69 9.537500
2 70 9.051474
2 71 9.799371
2 72 10.717988
2 73 8.381318
2 74 8.574566
2 75 8.949334
2 76 11.074954
2 77 9.993389
2 78 9.828036
2 79 8.357716
2 80 8.339542
2 81 10.743742
2 82 9.107164
2 83 8.756284
2 84 9.706704
2 85 10.551864
2 86 8.651485
2 87 10.603910
2 88 10.318493
2 89 8.491212
2 90 10.772856
2 91 10.652629
2 92 10.743488
2 93 10.357885
2 94 10.778527
2 95 9.238228
2 96 8.345700
2 97 8.742930
2 98 9.270873
2 99 10.981700
2 100 10.784156
2 101 8.887805
2 102 9.037141
2 103 8.851908
2 104 10.506326
2 105 9.268976
2 106 8.521216
2 107 10.441205
2 108 9.881776
2 109 10.903490
2 110 9.886055
2 111 10.208208
2 112 9.368165
2 113 9.417768
2 114 10.972762
2 115 9.067217
2 116 9.440006
2 117 8.762415
2 118 9.266204
2 119 10.490990
2 120 10.090130
2 121 8.389015
2 122 9.317091
2 123 10.703329
2 124 10.172643
2 125 10.607384
2 126 10.657606
2 127 11.100894
2 128 10.566841
2 129 9.066925
2 130 8.484220
2 131 8.987355
2 132 10.489766
2 133 8.585373
2 134 9.267073
2 135 9.295479
2 136 10.263743
2 137 10.813052
2 138 8.898675
2 139 10.980731
2 140 8.438730
2 141 8.485176
2 142 10.348326
2 143 11.001980
2 144 9.379027
2 145 10.383428
2 146 10.743907
2 147 9.285947
2 148 10.491782
2 149 9.824550
2 150 9.340695
2 151 10.167468
2 152 10.683694
2 153 8.591437
2 154 9.821405
2 155 9.967277
2 156 10.562631
2 157 10.913427
2 158 9.142249
2 159 10.317294
2 160 10.507564
2 161 10.812446
2 162 8.451511
2 163 9.795725
2 164 10.407347
2 165 9.972134
2 166 9.006141
2 167 10.689835
2 168 9.650500
2 169 10.229288
2 170 10.151579
2 171 8.602899
2 172 9.708999
2 173 9.547424
2 174 8.439522
2 175 9.637997
2 176 9.100028
2 177 10.313263
2 178 9.811941
2 179 10.137837
2 180 11.045506
2 181 10.574348
2 182 10.958666
2 183 10.301287
2 184 11.013051
2 185 10.670172
2 186 10.162437
2 187 10.629364
2 188 10.868291
2 189 9.527886
2 190 9.232406
2 191 10.104221
2 192 10.981775
2 193 9.403926
2 194 10.384539
2 195 9.608951
2 196 10.092766
2 197 10.348699
2 198 10.796885
2 199 9.915930
2 200 11.053488
3 0 10.154868
3 1 11.077256
3 2 11.016786
3 3 0.000000
3 4 9.916580
3 5 10.117968
3 6 9.623823
3 7 10.761129
3 8 11.006621
3 9 10.657008
3 10 11.083403
3 11 10.391103
3 12 8.369111
3 13 10.560957
3 14 9.642694
3 15 10.948894
3 16 10.699940
3 17 10.820047
3 18 11.042919
3 19 8.989936
3 20 8.982275
3 21 8.508628
3 22 9.766626
3 23 10.695637
3 24 9.110526
3 25 10.640285
3 26 8.626826
3 27 9.408650
3 28 10.776543
3 29 10.829449
3 30 8.547002
3 31 10.079568
3 32 9.645112
3 33 9.664467
3 34 9.649649
3 35 9.116186
3 36 8.667019
3 37 8.939433
3 38 10.303576
3 39 9.274011
3 40 8.557845
3 41 9.484121
3 42 9.834727
3 43 10.717821
3 44 10.847988
3 45 9.919178
3 46 9.941076
3 47 9.068146
3 48 11.010015
3 49 11.034082
3 50 10.518530
3 51 9.524893
3 52 10.149582
3 53 8.361042
3 54 10.541069
3 55 8.384833
3 56 8.873508
3 57 9.637384
3 58 10.810139
3 59 10.603857
3 60 9.548470
3 61 10.896789
3 62 8.591685
3 63 10.442266
3 64 9.000550
3 65 10.127431
3 66 10.617129
3 67 9.624052
3 68 10.316232
3 69 9.133669
3 70 9.840451
3 71 9.616154
3 72 10.183572
3 73 9.445629
3 74 9.846101
3 75 8.668727
3 76 10.088391
3 77 9.934965
3 78 8.400019
3 79 10.003881
3 80 9.682613
3 81 10.872644
3 82 9.856652
3 83 10.278953
3 84 8.725353
3 85 8.820756
3 86 9.912627
3 87 10.988159
3 88 10.591700
3 89 9.426541
3 90 9.737778
3 91 9.293760
3 92 10.346407
3 93 9.605005
3 94 10.105193
3 95 9.438196
3 96 8.965865
3 97 10.004230
3 98 8.658986
3 99 9.327491
3 100 10.877150
3 101 10.041536
3 102 11.085184
3 103 8.446538
3 104 9.588829
3 105 11.066240
3 106 10.086227
3 107 9.441166
3 108 9.795972
3 109 9.749028
3 110 11.050805
3 111 11.010586
3 112 10.318801
3 113 8.500022
3 114 10.635370
3 115 9.439900
3 116 9.897896
3 117 10.387682
3 118 9.343258
3 119 10.094112
3 120 9.242780
3 121 9.715979
3 122 8.347174
3 123 8.740441
3 124 8.806276
3 125 10.145028
3 126 9.050615
3 127 10.525296
3 128 10.143351
3 129 8.586021
3 130 10.259861
3 131 11.045833
3 132 9.071057
3 133 10.533450
3 134 10.967296
3 135 9.086070
3 136 8.947497
3 137 8.668389
3 138 9.040292
3 139 8.381166
3 140 10.823397
3 141 8.706079
3 142 10.467535
3 143 8.663015
3 144 10.483901
3 145 8.840852
3 146 9.552821
3 147 9.985223
3 148 8.604820
3 149 9.046582
3 150 9.682039
3 151 10.881428
3 152 10.907113
3 153 10.255272
3 154 9.699660
3 155 8.443103
3 156 11.052100
3 157 11.109092
3 158 10.965388
3 159 9.535050
3 160 8.998977
3 161 10.070299
3 162 10.260867
3 163 8.840504
3 164 9.521848
3 165 10.826581
3 166 8.703059
3 167 10.390654
3 168 10.642768
3 169 10.793003
3 170 9.133789
3 171 9.799953
3 172 8.667402
3 173 9.185952
3 174 8.622142
3 175 9.878799
3 176 10.587109
3 177 9.840998
3 178 10.929252
3 179 10.389567
3 180 8.794752
3 181 10.203840
3 182 10.996652
3 183 10.913732
3 184 9.966473
3 185 9.171197
3 186 9.135536
3 187 8.651565
3 188 9.562183
3 189 8.906545
3 190 8.933008
3 191 10.267455
3 192 8.826987
3 193 9.879241
3 194 10.058928
3 195 10.998443
3 196 9.113172
3 197 10.612480
3 198 11.103293
3 199 8.411730
3 200 8.842966
4 0 10.341785
4 1 9.205277
4 2 9.896675
4 3 9.916580
4 4 0.000000
4 5 8.395184
4 6 9.052139
4 7 10.376985
4 8 9.279243
4 9 8.769274
4 10 10.941999
4 11 11.093814
4 12 9.381246
4 13 10.392432
4 14 10.396815
4 15 9.205850
4 16 10.485860
4 17 8.473068
4 18 10.750113
4 19 8.441930
4 20 10.136790
4 21 10.382589
4 22 9.167815
4 23 10.956489
4 24 9.326265
4 25 9.083765
4 26 9.365394
4 27 8.868171
4 28 9.063927
4 29 9.619728
4 30 10.648644
4 31 8.941558
4 32 10.424734
4 33 9.783473
4 34 10.163060
4 35 10.939202
4 36 10.829549
4 37 9.446512
4 38 10.777725
4 39 11.023968
4 40 10.078768
4 41 10.141426
4 42 10.407297
4 43 10.191403
4 44 8.684402
4 45 9.648957
4 46 9.258263
4 47 8.931498
4 48 8.919341
4 49 8.509100
4 50 9.318581
4 51 8.999843
4 52 9.015469
4 53 11.007854
4 54 10.782993
4 55 10.213330
4 56 8.415854
4 57 10.402820
4 58 9.891762
4 59 8.927770
4 60 8.619516
4 61 8.563107
4 62 10.111511
4 63 10.264794
4 64 10.196951
4 65 10.706639
4 66 8.638846
4 67 10.658984
4 68 10.896353
4 69 9.542912
4 70 9.790232
4 71 10.702342
4 72 10.339064
4 73 10.459756
4 74 8.969523
4 75 9.104061
4 76 8.626914
4 77 8.791451
4 78 10.331480
4 79 11.012254
4 80 10.582560
4 81 10.476319
4 82 9.134862
4 83 10.330343
4 84 8.645798
4 85 10.792667
4 86 9.407302
4 87 8.469174
4 88 9.457112
4 89 10.761119
4 90 9.796404
4 91 9.713799
4 92 8.342726
4 93 8.470393
4 94 10.298735
4 95 9.066136
4 96 10.972376
4 97 10.430208
4 98 8.951751
4 99 10.677731
4 100 10.495322
4 101 10.802235
4 102 8.860805
4 103 9.651630
4 104 8.482302
4 105 9.409294
4 106 10.652714
4 107 10.665154
4 108 10.061332
4 109 8.690137
4 110 8.747566
4 111 9.977416
4 112 10.770964
4 113 8.957320
4 114 9.897967
4 115 9.932712
4 116 10.403471
4 117 10.680985
4 118 9.202453
4 119 9.929955
4 120 9.466870
4 121 9.706955
4 122 10.657136
4 123 8.724075
4 124 9.609611
4 125 8.398832
4 126 9.385061
4 127 9.435427
4 128 9.481850
4 129 9.151589
4 130 10.011896
4 131 11.066419
4 132 9.414109
4 133 10.270110
4 134 8.551434
4 135 8.612069
4 136 10.021491
4 137 10.625246
4 138 10.034531
4 139 10.752212
4 140 10.143641
4 141 8.802552
4 142 11.078232
4 143 8.924841
4 144 9.190918
4 145 8.463213
4 146 10.288537
4 147 8.519968
4 148 8.401543
4 149 9.278771
4 150 9.158788
4 151 8.421875
4 152 8.701695
4 153 9.024980
4 154 9.778683
4 155 8.514240
4 156 8.378388
4 157 9.461769
4 158 9.097568
4 159 9.945550
4 160 10.192422
4 161 10.236719
4 162 9.128100
4 163 10.083394
4 164 9.256743
4 165 9.853520
4 166 9.006850
4 167 10.094766
4 168 10.299890
4 169 8.840415
4 170 11.060626
4 171 10.564190
4 172 10.112726
4 173 9.814043
4 174 8.871472
4 175 8.506903
4 176 9.298200
4 177 10.579235
4 178 10.155169
4 179 9.229583
4 180 10.852180
4 181 9.632660
4 182 8.819946
4 183 9.385667
4 184 9.056658
4 185 9.308468
4 186 8.374436
4 187 10.592357
4 188 9.939045
4 189 10.681819
4 190 11.104124
4 191 9.942636
4 192 10.411340
4 193 8.497221
4 194 9.455077
4 195 8.688678
4 196 8.723214
4 197 8.878882
4 198 9.180658
4 199 10.314666
4 200 9.302748
5 0 9.021738
5 1 10.902392
5 2 11.107614
5 3 10.117968
5 4 8.395184
5 5 0.000000
5 6 11.013786
5 7 9.863534
5 8 8.495664
5 9 8.982523
5 10 9.498624
5 11 10.554971
5 12 10.090487
5 13 9.866375
5 14 8.674282
5 15 10.525613
5 16 9.636742
5 17 8.413837
5 18 9.912746
5 19 9.150257
5 20 8.882912
5 21 8.806311
5 22 8.961141
5 23 10.498147
5 24 10.283943
5 25 10.359361
5 26 8.736591
5 27 10.750586
5 28 8.897114
5 29 8.347327
5 30 10.890124
5 31 9.891284
5 32 10.721838
5 33 8.859485
5 34 9.889158
5 35 8.551917
5 36 10.942481
5 37 8.361970
5 38 8.898372
5 39 8.601355
5 40 11.070311
5 41 9.060282
5 42 8.831266
5 43 9.239610
5 44 9.427242
5 45 9.579590
5 46 9.394382
5 47 10.920281
5 48 8.515678
5 49 9.387358
5 50 8.776314
5 51 10.829499
5 52 10.753353
5 53 8.587970
5 54 11.017839
5 55 9.221260
5 56 8.720517
5 57 9.911455
5 58 9.070722
5 59 10.754374
5 60 9.156370
5 61 8.810843
5 62 10.708110
5 63 9.955964
5 64 8.586865
5 65 10.284483
5 66 9.619881
5 67 9.540417
5 68 10.299269
5 69 10.924203
5 70 10.482556
5 71 9.825129
5 72 10.693271
5 73 8.673949
5 74 10.367329
5 75 8.527504
5 76 8.713643
5 77 9.137070
5 78 8.637719
5 79 9.594002
5 80 9.007751
5 81 10.665475
5 82 10.999804
5 83 9.438273
5 84 8.397676
5 85 8.791668
5 86 10.449316
5 87 9.582327
5 88 9.146522
5 89 9.413174
5 90 10.656835
5 91 8.972820
5 92 9.389076
5 93 10.722456
5 94 8.476145
5 95 9.692205
5 96 11.063336
5 97 10.584444
5 98 8.882935
5 99 10.912308
5 100 9.470959
5 101 11.069861
5 102 9.675474
5 103 10.898351
5 104 8.951575
5 105 10.045065
5 106 8.805419
5 107 9.235008
5 108 8.495327
5 109 9.869032
5 110 10.488041
5 111 8.998763
5 112 10.792799
5 113 9.333020
5 114 10.478171
5 115 9.867128
5 116 9.764778
5 117 8.678389
5 118 8.668898
5 119 9.454502
5 120 8.628091
5 121 10.463874
5 122 9.243201
5 123 9.083966
5 124 9.939059
5 125 8.534906
5 126 9.795186
5 127 8.386230
5 128 10.478401
5 129 10.772128
5 130 8.722277
5 131 9.850589
5 132 10.623143
5 133 8.628433
5 134 9.305081
5 135 10.701390
5 136 10.952370
5 137 11.102674
5 138 8.984104
5 139 8.406170
5 140 10.963547
5 141 8.556277
5 142 8.462503
5 143 9.977193
5 144 9.373331
5 145 8.932921
5 146 10.893490
5 147 10.429360
5 148 9.105564
5 149 9.039773
5 150 10.505927
5 151 11.090437
5 152 8.608964
5 153 9.192034
5 154 9.870584
5 155 10.112322
5 156 8.702203
5 157 8.955709
5 158 10.233801
5 159 8.837070
5 160 10.832260
5 161 9.875995
5 162 9.249247
5 163 10.949446
5 164 10.002695
5 165 9.501048
5 166 10.720915
5 167 9.484080
5 168 10.596288
5 169 10.234416
5 170 9.325337
5 171 8.663495
5 172 8.569008
5 173 10.205428
5 174 8.598815
5 175 10.838969
5 176 8.532475
5 177 9.891140
5 178 9.628293
5 179 10.164075
5 180 9.360536
5 181 10.920082
5 182 9.196114
5 183 8.581479
5 184 10.899638
5 185 10.488166
5 186 10.794704
5 187 11.080760
5 188 10.194084
5 189 9.419123
5 190 10.484448
5 191 10.542683
5 192 10.966125
5 193 10.590786
5 194 8.747753
5 195 9.928606
5 196 10.180435
5 197 9.177415
5 198 9.401925
5 199 10.596014
5 200 9.460759
6 0 9.438609
6 1 9.662626
6 2 11.030372
6 3 9.623823
6 4 9.052139
6 5 11.013786
6 6 0.000000
6 7 10.612567
6 8 10.757139
6 9 10.954927
6 10 9.591997
6 11 10.675107
6 12 9.821615
6 13 8.570668
6 14 8.687077
6 15 10.624854
6 16 10.437850
6 17 9.467173
6 18 8.777944
6 19 9.659512
6 20 8.893348
6 21 9.501391
6 22 10.078390
6 23 9.113419
6 24 9.693783
6 25 10.177402
6 26 9.399390
6 27 10.310702
6 28 8.544001
6 29 9.669920
6 30 9.540077
6 31 8.672230
6 32 10.549146
6 33 8.520883
6 34 9.688377
6 35 8.559949
6 36 10.937811
6 37 10.756257
6 38 8.743333
6 39 10.802551
6 40 10.303317
6 41 8.688945
6 42 10.790606
6 43 10.527006
6 44 10.281611
6 45 10.805595
6 46 9.151505
6 47 10.614240
6 48 9.930438
6 49 8.408114
6 50 10.866600
6 51 10.737201
6 52 8.817405
6 53 10.371097
6 54 8.464682
6 55 10.060637
6 56 8.464265
6 57 8.912084
6 58 10.212658
6 59 8.774988
6 60 10.549064
6 61 10.335771
6 62 8.441385
6 63 10.871913
6 64 9.290536
6 65 10.128330
6 66 9.168440
6 67 10.512768
6 68 10.435726
6 69 8.777008
6 70 11.015795
6 71 10.962154
6 72 9.337508
6 73 10.191883
6 74 10.405375
6 75 10.764268
6 76 9.301069
6 77 10.196533
6 78 8.784850
6 79 8.835285
6 80 10.987001
6 81 8.609317
6 82 9.660592
6 83 8.787040
6 84 9.011653
6 85 8.570754
6 86 8.568033
6 87 9.145526
6 88 8.775159
6 89 9.417535
6 90 8.438302
6 91 8.676817
6 92 10.276050
6 93 9.602657
6 94 8.476531
6 95 8.892015
6 96 8.388667
6 97 10.878604
6 98 11.033184
6 99 9.684469
6 100 9.557415
6 101 8.577586
6 102 9.870263
6 103 10.554083
6 104 10.451280
6 105 10.334702
6 106 10.656756
6 107 8.778078
6 108 8.515961
6 109 9.113711
6 110 9.305751
6 111 8.919946
6 112 10.227201
6 113 10.558910
6 114 9.735142
6 115 9.744931
6 116 9.126194
6 117 10.498548
6 118 9.499876
6 119 10.453680
6 120 9.226757
6 121 9.244839
6 122 10.573775
6 123 9.488724
6 124 10.551399
6 125 8.987407
6 126 8.968580
6 127 10.223012
6 128 10.049649
6 129 9.924055
6 130 9.201962
6 131 9.763196
6 132 11.050382
6 133 10.132809
6 134 10.685598
6 135 10.612393
6 136 10.544269
6 137 10.152376
6 138 10.845330
6 139 8.711877
6 140 8.360085
6 141 9.912789
6 142 10.815166
6 143 9.696086
6 144 11.080401
6 145 10.965321
6 146 10.264277
6 147 8.343960
6 148 9.357417
6 149 10.466481
6 150 9.497894
6 151 10.149286
6 152 10.610230
6 153 9.218318
6 154 10.884016
6 155 9.364225
6 156 9.741254
6 157 10.582734
6 158 9.183824
6 159 10.977544
6 160 8.901335
6 161 9.923467
6 162 10.881654
6 163 10.030927
6 164 10.231634
6 165 8.699149
6 166 10.943715
6 167 8.619959
6 168 9.513293
6 169 10.809152
6 170 9.904922
6 171 8.850683
6 172 9.506608
6 173 8.668511
6 174 10.913474
6 175 9.294650
6 176 9.878680
6 177 8.858138
6 178 8.958091
6 179 8.459476
6 180 10.874161
6 181 8.530992
6 182 10.061817
6 183 9.401862
6 184 9.058826
6 185 9.981709
6 186 8.454323
6 187 8.501541
6 188 10.369989
6 189 10.668672
6 190 8.535406
6 191 10.070783
6 192 10.069750
6 193 11.106765
6 194 9.029048
6 195 11.091620
6 196 10.766271
6 197 10.181067
6 198 8.384627
6 199 9.084763
6 200 10.762308
7 0 10.220962
7 1 9.870719
7 2 10.441147
7 3 10.761129
7 4 10.376985
7 5 9.863534
7 6 10.612567
7 7 0.000000
7 8 8.389711
7 9 9.525251
7 10 10.909101
7 11 10.113853
7 12 9.942375
7 13 9.316155
7 14 10.774335
7 15 8.944567
7 16 8.789138
7 17 11.037960
7 18 9.067305
7 19 10.767708
7 20 9.465852
7 21 11.050895
7 22 10.461688
7 23 9.864940
7 24 8.547058
7 25 8.466422
7 26 9.861942
7 27 8.440808
7 28 8.616162
7 29 10.292477
7 30 9.469987
7 31 10.634147
7 32 10.611493
7 33 9.702954
7 34 9.768247
7 35 10.441057
7 36 9.006572
7 37 9.016505
7 38 10.543245
7 39 8.534947
7 40 8.726009
7 41 10.190948
7 42 8.779870
7 43 10.892859
7 44 8.515498
7 45 9.098945
7 46 9.232268
7 47 8.990212
7 48 8.518315
7 49 9.230841
7 50 8.887946
7 51 8.912140
7 52 9.853548
7 53 10.399521
7 54 11.036413
7 55 9.170784
7 56 10.644655
7 57 10.691847
7 58 10.124721
7 59 9.739732
7 60 9.775622
7 61 9.301922
7 62 8.679407
7 63 9.583430
7 64 8.987547
7 65 9.734709
7 66 9.449977
7 67 9.545119
7 68 11.078835
7 69 8.655994
7 70 9.161861
7 71 10.174034
7 72 10.440874
7 73 10.674490
7 74 9.861970
7 75 10.454587
7 76 8.624353
7 77 8.388128
7 78 10.840258
7 79 9.473008
7 80 10.200476
7 81 8.522249
7 82 8.368972
7 83 9.585789
7 84 11.034263
7 85 9.171964
7 86 9.683511
7 87 9.387904
7 88 9.334384
7 89 11.022126
7 90 10.120981
7 91 9.022208
7 92 10.296232
7 93 11.066721
7 94 8.359483
7 95 9.565044
7 96 8.966367
7 97 9.763319
7 98 9.570061
7 99 10.246166
7 100 9.831610
7 101 9.739313
7 102 11.098703
7 103 9.428745
7 104 10.396222
7 105 10.680731
7 106 8.860593
7 107 8.541459
7 108 8.602570
7 109 9.656883
7 110 10.080057
7 111 8.453356
7 112 9.232586
7 113 10.976771
7 114 10.439622
7 115 9.541237
7 116 10.199733
7 117 9.132938
7 118 9.758858
7 119 9.829989
7 120 9.481429
7 121 9.126521
7 122 10.636450
7 123 8.605181
7 124 10.104566
7 125 8.534794
7 126 10.200627
7 127 9.284642
7 128 9.808931
7 129 9.301368
7 130 8.928995
7 131 9.763615
7 132 9.614892
7 133 9.160277
7 134 9.306920
7 135 9.105705
7 136 8.641347
7 137 9.266773
7 138 9.728067
7 139 9.701124
7 140 9.972838
7 141 9.721020
7 142 10.484622
7 143 10.614054
7 144 9.462957
7 145 10.216265
7 146 9.672462
7 147 10.392634
7 148 10.122353
7 149 10.930018
7 150 9.306583
7 151 9.850523
7 152 10.644985
7 153 10.825478
7 154 10.054489
7 155 10.720132
7 156 10.696727
7 157 9.386334
7 158 9.127722
7 159 9.006610
7 160 10.590159
7 161 10.895125
7 162 8.826146
7 163 8.351871
7 164 10.892376
7 165 9.497277
7 166 9.689492
7 167 9.462531
7 168 8.927142
7 169 10.096513
7 170 8.614012
7 171 10.694470
7 172 8.805480
7 173 9.085964
7 174 8.416601
7 175 10.589758
7 176 10.878759
7 177 9.964579
7 178 11.058735
7 179 10.063695
7 180 9.648627
7 181 9.999370
7 182 10.385167
7 183 10.417822
7 184 10.484038
7 185 9.519324
7 186 10.865481
7 187 9.434367
7 188 8.908956
7 189 8.733727
7 190 10.859214
7 191 11.056956
7 192 10.267304
7 193 9.186726
7 194 10.646608
7 195 10.805705
7 196 11.073836
7 197 10.444201
7 198 9.085697
7 199 9.861751
7 200 8.461438
8 0 8.853299
8 1 9.139174
8 2 9.211645
8 3 11.006621
8 4 9.279243
8 5 8.495664
8 6 10.757139
8 7 8.389711
8 8 0.000000
8 9 10.802331
8 10 8.697822
8 11 8.780007
8 12 10.907988
8 13 9.813906
8 14 10.964144
8 15 9.953558
8 16 8.363027
8 17 10.623013
8 18 8.861154
8 19 9.535458
8 20 8.834366
8 21 9.474607
8 22 8.818593
8 23 9.044180
8 24 9.506180
8 25 11.059014
8 26 9.147143
8 27 10.241060
8 28 8.953010
8 29 10.543771
8 30 10.022886
8 31 9.479193
8 32 10.554431
8 33 8.779301
8 34 8.473808
8 35 10.856005
8 36 8.815640
8 37 8.937723
8 38 10.093971
8 39 8.994495
8 40 8.982464
8 41 11.075622
8 42 10.689560
8 43 10.711013
8 44 8.984019
8 45 9.736135
8 46 10.448810
8 47 10.296731
8 48 10.533301
8 49 8.511000
8 50 9.779855
8 51 8.739371
8 52 8.800496
8 53 10.142922
8 54 8.466105
8 55 10.588512
8 56 10.267287
8 57 10.204254
8 58 8.720390
8 59 9.030761
8 60 10.065794
8 61 10.786379
8 62 10.205672
8 63 8.524360
8 64 8.416970
8 65 10.151796
8 66 8.514075
8 67 9.992831
8 68 9.600367
8 69 10.476698
8 70 9.535323
8 71 10.134944
8 72 9.441251
8 73 9.863006
8 74 8.913644
8 75 11.072737
8 76 8.508276
8 77 8.741950
8 78 9.421145
8 79 10.630258
8 80 8.609649
8 81 9.820843
8 82 10.409414
8 83 10.747601
8 84 10.185135
8 85 10.489787
8 86 9.459672
8 87 8.706160
8 88 8.851346
8 89 10.875187
8 90 9.412781
8 91 10.506404
8 92 10.866169
8 93 9.642417
8 94 10.571923
8 95 8.416827
8 96 9.579325
8 97 8.680733
8 98 11.060697
8 99 9.949021
8 100 8.807238
8 101 10.736179
8 102 9.561687
8 103 10.376959
8 104 9.884770
8 105 8.548021
8 106 9.092895
8 107 10.377425
8 108 8.808382
8 109 8.764738
8 110 9.187704
8 111 9.607361
8 112 9.130538
8 113 9.092823
8 114 10.418152
8 115 10.298887
8 116 10.264901
8 117 10.147972
8 118 10.268660
8 119 10.366776
8 120 8.548870
8 121 9.927265
8 122 8.637166
8 123 9.655246
8 124 8.769525
8 125 10.984946
8 126 8.753562
8 127 11.039556
8 128 10.771621
8 129 10.489019
8 130 11.069967
8 131 8.394781
8 132 9.993850
8 133 9.019297
8 134 8.793410
8 135 10.309038
8 136 9.471706
8 137 10.239565
8 138 9.270884
8 139 8.908455
8 140 9.723096
8 141 10.100788
8 142 9.765192
8 143 8.677885
8 144 11.087163
8 145 9.948567
8 146 10.888626
8 147 10.482090
8 148 10.909075
8 149 9.401500
8 150 8.639250
8 151 9.501625
8 152 8.848810
8 153 10.734363
8 154 10.210376
8 155 11.044149
8 156 9.422218
8 157 8.357215
8 158 10.629922
8 159 10.164776
8 160 10.513152
8 161 9.520094
8 162 11.085764
8 163 9.347738
8 164 9.026545
8 165 10.695793
8 166 9.595095
8 167 10.049348
8 168 8.358056
8 169 10.500177
8 170 9.947502
8 171 9.382372
8 172 10.977167
8 173 9.741087
8 174 11.074029
8 175 9.358480
8 176 8.688866
8 177 10.050496
8 178 11.045093
8 179 8.691053
8 180 10.865451
8 181 8.538294
8 182 8.770123
8 183 11.037507
8 184 8.663879
8 185 9.813968
8 186 10.750362
8 187 9.414910
8 188 10.103254
8 189 8.449962
8 190 9.997816
8 191 10.223965
8 192 11.032598
8 193 8.937804
8 194 10.916170
8 195 10.953369
8 196 10.116519
8 197 10.546577
8 198 9.131424
8 199 9.616722
8 200 9.919035
9 0 9.445968
9 1 8.827262
9 2 9.269099
9 3 10.657008
9 4 8.769274
9 5 8.982523
9 6 10.954927
9 7 9.525251
9 8 10.802331
9 9 0.000000
9 10 9.894159
9 11 9.276300
9 12 10.342347
9 13 10.310220
9 14 10.612235
9 15 10.518083
9 16 10.838389
9 17 10.078301
9 18 9.138678
9 19 9.031157
9 20 8.637339
9 21 8.636569
9 22 9.081066
9 23 8.462020
9 24 10.008815
9 25 10.353107
9 26 8.903242
9 27 10.740615
9 28 9.796129
9 29 10.109777
9 30 9.253763
9 31 8.939644
9 32 8.746018
9 33 10.992435
9 34 10.525409
9 35 10.671551
9 36 8.343971
9 37 10.052516
9 38 9.236040
9 39 10.512570
9 40 11.071327
9 41 11.062447
9 42 10.417756
9 43 10.733000
9 44 9.879274
9 45 10.663369
9 46 8.549286
9 47 9.673408
9 48 9.610085
9 49 11.012577
9 50 11.027040
9 51 9.865839
9 52 8.888125
9 53 9.838479
9 54 8.507964
9 55 9.728954
9 56 10.069113
9 57 10.731830
9 58 9.972629
9 59 9.011840
9 60 9.998636
9 61 8.394671
9 62 9.668691
9 63 9.739572
9 64 9.898582
9 65 9.125406
9 66 9.323938
9 67 9.207202
9 68 8.448382
9 69 10.471194
9 70 10.213831
9 71 10.816734
9 72 10.710732
9 73 9.367408
9 74 9.231180
9 75 10.390251
9 76 9.097046
9 77 9.674434
9 78 9.832734
9 79 9.591694
9 80 8.964588
9 81 8.798439
9 82 11.064288
9 83 9.663377
9 84 11.043706
9 85 8.940348
9 86 10.568865
9 87 9.888232
9 88 9.112384
9 89 9.192943
9 90 9.260699
9 91 9.549836
9 92 10.746770
9 93 10.426329
9 94 10.749842
9 95 9.698865
9 96 10.250474
9 97 9.387047
9 98 8.566222
9 99 10.642281
9 100 9.075490
9 101 10.007458
9 102 10.280879
9 103 10.016066
9 104 9.653868
9 105 8.845046
9 106 10.512823
9 107 10.995431
9 108 10.547245
9 109 9.109208
9 110 8.646768
9 111 9.959025
9 112 9.311536
9 113 10.606779
9 114 8.931974
9 115 9.461805
9 116 11.096080
9 117 9.537288
9 118 9.743221
9 119 10.972268
9 120 8.714281
9 121 9.408022
9 122 10.179595
9 123 9.726070
9 124 10.876411
9 125 9.537777
9 126 10.127990
9 127 9.253073
9 128 9.129734
9 129 8.405682
9 130 8.423935
9 131 9.504631
9 132 9.504683
9 133 10.608035
9 134 9.282339
9 135 10.684753
9 136 9.523422
9 137 10.391680
9 138 10.099783
9 139 8.714237
9 140 8.928474
9 141 9.275818
9 142 10.133434
9 143 9.999389
9 144 9.381737
9 145 10.680505
9 146 9.189209
9 147 9.225607
9 148 8.825099
9 149 9.087866
9 150 10.020356
9 151 10.094523
9 152 8.749757
9 153 8.951237
9 154 10.329751
9 155 10.924077
9 156 8.839111
9 157 10.329960
9 158 10.172963
9 159 8.548278
9 160 8.698360
9 161 10.731614
9 162 11.085848
9 163 9.630176
9 164 11.003639
9 165 8.593549
9 166 9.126842
9 167 9.389174
9 168 9.524110
9 169 9.034760
9 170 9.287624
9 171 9.974681
9 172 8.669285
9 173 9.452062
9 174 8.998113
9 175 10.748003
9 176 10.721401
9 177 10.875679
9 178 8.767050
9 179 9.043889
9 180 8.967032
9 181 10.614823
9 182 9.133618
9 183 9.882431
9 184 10.291759
9 185 9.920470
9 186 9.308988
9 187 9.292100
9 188 8.485458
9 189 8.673971
9 190 8.795814
9 191 9.049675
9 192 10.300971
9 193 11.087091
9 194 10.296364
9 195 8.350736
9 196 9.157625
9 197 10.940784
9 198 9.189452
9 199 10.852363
9 200 10.174911
10 0 9.938711
10 1 9.648622
10 2 9.945963
10 3 11.083403
10 4 10.941999
10 5 9.498624
10 6 9.591997
10 7 10.909101
10 8 8.697822
10 9 9.894159
10 10 0.000000
10 11 9.302847
10 12 10.556927
10 13 11.051400
10 14 10.410519
10 15 9.938166
10 16 9.553984
10 17 10.517605
10 18 10.900584
10 19 10.758061
10 20 10.698271
10 21 10.203546
10 22 9.430957
10 23 9.429919
10 24 10.215847
10 25 8.594280
10 26 11.075464
10 27 9.764901
10 28 10.681740
10 29 10.293051
10 30 10.369706
10 31 10.033695
10 32 10.395815
10 33 8.599831
10 34 8.434072
10 35 8.811303
10 36 10.048384
10 37 9.033951
10 38 9.277416
10 39 9.293796
10 40 10.264188
10 41 8.678404
10 42 9.185064
10 43 10.209716
10 44 8.953059
10 45 8.793397
10 46 9.460060
10 47 10.555318
10 48 9.055215
10 49 10.124222
10 50 10.290693
10 51 9.042399
10 52 9.542394
10 53 11.100510
10 54 9.769588
10 55 8.582579
10 56 10.905354
10 57 9.660298
10 58 8.799749
10 59 8.895208
10 60 9.838505
10 61 10.375204
10 62 10.413732
10 63 10.738530
10 64 9.289915
10 65 8.728105
10 66 9.696300
10 67 10.468173
10 68 10.046196
10 69 10.299317
10 70 8.389662
10 71 9.603464
10 72 9.138002
10 73 8.585005
10 74 8.652173
10 75 11.078478
10 76 9.669497
10 77 8.524083
10 78 10.484476
10 79 9.786381
10 80 10.581854
10 81 10.412722
10 82 10.305968
10 83 10.691897
10 84 10.806894
10 85 10.535403
10 86 9.989800
10 87 10.908351
10 88 10.261999
10 89 9.858209
10 90 10.927056
10 91 10.296403
10 92 10.809686
10 93 9.237384
10 94 10.546556
10 95 9.886327
10 96 8.473561
10 97 9.860043
10 98 8.514956
10 99 9.811019
10 100 10.327324
10 101 8.557747
10 102 10.969999
10 103 10.762364
10 104 9.144882
10 105 8.390687
10 106 10.804421
10 107 9.278164
10 108 11.104839
10 109 10.816854
10 110 9.831709
10 111 8.745161
10 112 10.628375
10 113 8.382270
10 114 9.455980
10 115 11.047246
10 116 10.557653
10 117 9.644758
10 118 8.597055
10 119 10.455648
10 120 9.111535
10 121 10.148455
10 122 10.558083
10 123 9.960258
10 124 10.508450
10 125 9.653866
10 126 10.873161
10 127 9.701405
10 128 8.903229
10 129 9.771214
10 130 9.742858
10 131 9.682139
10 132 8.960683
10 133 11.050694
10 134 8.447125
10 135 10.056831
10 136 10.197565
10 137 10.233207
10 138 10.402561
10 139 10.342849
10 140 10.682174
10 141 10.341951
10 142 10.848020
10 143 11.108903
10 144 9.021015
10 145 8.903913
10 146 9.316692
10 147 9.143720
10 148 10.756486
10 149 8.957123
10 150 8.918069
10 151 11.005395
10 152 10.340849
10 153 9.171279
10 154 8.521100
10 155 10.584561
10 156 9.332517
10 157 9.789704
10 158 8.544433
10 159 9.862684
10 160 9.862222
10 161 9.201645
10 162 8.592510
10 163 10.025308
10 164 10.012473
10 165 8.449632
10 166 10.943005
10 167 9.368097
10 168 10.939073
10 169 10.195582
10 170 9.411473
10 171 8.346210
10 172 8.922112
10 173 10.219164
10 174 9.658204
10 175 8.665127
10 176 9.395612
10 177 10.708650
10 178 9.573695
10 179 9.407425
10 180 8.528278
10 181 9.436536
10 182 8.871994
10 183 10.063160
10 184 9.395504
10 185 8.907374
10 186 10.215757
10 187 11.071717
10 188 10.313993
10 189 8.702263
10 190 9.384659
10 191 10.453829
10 192 9.943442
10 193 8.937850
10 194 9.216929
10 195 9.278840
10 196 8.442234
10 197 8.707041
10 198 9.377927
10 199 10.917776
10 200 10.713684
11 0 10.914361
11 1 9.950462
11 2 9.804294
11 3 10.391103
11 4 11.093814
11 5 10.554971
11 6 10.675107
11 7 10.113853
11 8 8.780007
11 9 9.276300
11 10 9.302847
11 11 0.000000
11 12 8.473586
11 13 9.190394
11 14 10.077769
11 15 9.921121
11 16 10.012998
11 17 9.920055
11 18 8.938743
11 19 9.451274
11 20 10.079888
11 21 8.396386
11 22 10.380356
11 23 9.106488
11 24 10.593010
11 25 10.918125
11 26 9.460727
11 27 10.556001
11 28 10.999197
11 29 8.371966
11 30 9.851450
11 31 10.651412
11 32 9.223393
11 33 9.505853
11 34 9.829105
11 35 10.679656
11 36 9.269947
11 37 10.069627
11 38 10.518657
11 39 8.707186
11 40 10.599482
11 41 10.547190
11 42 8.848291
11 43 8.545430
11 44 10.349228
11 45 9.362291
11 46 9.072109
11 47 8.660750
11 48 8.658143
11 49 10.473229
11 50 10.879260
11 51 10.412210
11 52 10.237858
11 53 10.183843
11 54 10.407260
11 55 10.205806
11 56 10.644079
11 57 8.921852
11 58 9.765464
11 59 10.704378
11 60 8.435008
11 61 8.333704
11 62 9.634805
11 63 9.492825
11 64 11.078798
11 65 9.960609
11 66 10.271719
11 67 9.040806
11 68 9.836451
11 69 9.670014
11 70 10.169567
11 71 9.186716
11 72 9.713434
11 73 8.472406
11 74 9.815131
11 75 8.461840
11 76 9.450501
11 77 9.172565
11 78 9.645680
11 79 10.257140
11 80 9.743656
11 81 8.753392
11 82 8.563152
11 83 10.603865
11 84 10.095955
11 85 8.723930
11 86 10.185418
11 87 10.282572
11 88 10.829837
11 89 9.106972
11 90 9.383205
11 91 9.105369
11 92 10.011811
11 93 10.323630
11 94 9.620904
11 95 9.534124
11 96 8.839273
11 97 9.903414
11 98 10.851356
11 99 8.572889
11 100 10.334098
11 101 9.772861
11 102 8.621626
11 103 10.455342
11 104 10.082715
11 105 9.099506
11 106 9.968416
11 107 8.492767
11 108 10.398795
11 109 8.619813
11 110 9.365590
11 111 8.931158
11 112 9.917666
11 113 11.025189
11 114 11.110545
11 115 9.802198
11 116 10.723007
11 117 9.100987
11 118 9.989289
11 119 8.815874
11 120 10.204594
11 121 11.083251
11 122 11.023975
11 123 9.479860
11 124 11.075493
11 125 8.567274
11 126 9.945973
11 127 8.416560
11 128 9.443283
11 129 9.169147
11 130 8.439165
11 131 9.697617
11 132 8.941973
11 133 10.206815
11 134 10.276210
11 135 8.837838
11 136 8.516512
11 137 9.030025
11 138 9.768946
11 139 10.122384
11 140 9.633715
11 141 9.048018
11 142 8.936124
11 143 10.783429
11 144 10.852787
11 145 8.710550
11 146 9.234225
11 147 8.555615
11 148 9.320640
11 149 9.308315
11 150 8.701653
11 151 8.834080
11 152 9.426059
11 153 9.723307
11 154 8.884580
11 155 10.338461
11 156 10.836311
11 157 10.504795
11 158 10.065731
11 159 9.364289
11 160 10.044740
11 161 9.033957
11 162 8.545224
11 163 9.809028
11 164 9.480115
11 165 9.678174
11 166 8.793410
11 167 11.085199
11 168 8.725631
11 169 10.776522
11 170 11.096287
11 171 9.079757
11 172 9.236664
11 173 10.930012
11 174 8.442728
11 175 9.858132
11 176 10.525438
11 177 10.192762
11 178 10.754360
11 179 9.124464
11 180 9.814651
11 181 8.997972
11 182 9.429386
11 183 9.945344
11 184 10.755660
11 185 8.715303
11 186 9.295109
11 187 10.274677
11 188 11.008616
11 189 10.767031
11 190 10.664497
11 191 10.387720
11 192 9.476520
11 193 9.466641
11 194 9.527707
11 195 10.837997
11 196 8.963325
11 197 8.493146
11 198 9.161247
11 199 10.147417
11 200 9.056931
12 0 8.531342
12 1 9.106782
12 2 10.022698
12 3 8.369111
12 4 9.381246
12 5 10.090487
12 6 9.821615
12 7 9.942375
12 8 10.907988
12 9 10.342347
12 10 10.556927
12 11 8.473586
12 12 0.000000
12 13 9.212389
12 14 9.813792
12 15 10.184774
12 16 10.638455
12 17 10.002094
12 18 8.380323
12 19 9.603702
12 20 8.943540
12 21 9.823057
12 22 10.288681
12 23 10.356771
12 24 10.062689
12 25 9.565850
12 26 9.259889
12 27 8.614373
12 28 8.819983
12 29 9.363465
12 30 10.566790
12 31 10.473454
12 32 9.379104
12 33 9.703538
12 34 11.003598
12 35 10.800857
12 36 8.828195
12 37 10.511424
12 38 10.246487
12 39 10.106593
12 40 10.846668
12 41 9.655154
12 42 9.578122
12 43 9.887500
12 44 10.629674
12 45 9.200789
12 46 9.711205
12 47 10.539101
12 48 8.634321
12 49 9.483022
12 50 9.789691
12 51 10.228294
12 52 9.054118
12 53 9.292341
12 54 10.143072
12 55 9.741929
12 56 8.703674
12 57 8.754511
12 58 9.913814
12 59 9.241302
12 60 10.714573
12 61 10.584241
12 62 8.914734
12 63 10.817765
12 64 9.900713
12 65 9.606558
12 66 9.271110
12 67 9.644117
12 68 9.736949
12 69 8.350168
12 70 10.480694
12 71 9.197234
12 72 8.663909
12 73 9.657314
12 74 10.542206
12 75 8.812283
12 76 8.465485
12 77 8.943282
12 78 8.586819
12 79 10.204998
12 80 8.823950
12 81 10.297405
12 82 9.357488
12 83 10.657379
12 84 9.036367
12 85 11.004899
12 86 8.589186
12 87 10.363076
12 88 10.716980
12 89 9.662713
12 90 9.428769
12 91 10.088172
12 92 9.055858
12 93 8.466967
12 94 9.526880
12 95 9.039130
12 96 8.587838
12 97 9.781483
12 98 10.446135
12 99 10.501389
12 100 9.805487
12 101 8.384244
12 102 8.607084
12 103 10.673078
12 104 9.091452
12 105 9.561257
12 106 8.669883
12 107 9.455455
12 108 9.134623
12 109 9.332673
12 110 9.796278
12 111 10.327404
12 112 10.989059
12 113 8.939643
12 114 9.799938
12 115 9.627387
12 116 8.743884
12 117 10.677506
12 118 11.100503
12 119 10.838756
12 120 10.816049
12 121 10.454951
12 122 8.843964
12 123 10.665502
12 124 10.167941
12 125 10.507096
12 126 8.691589
12 127 8.457091
12 128 10.790396
12 129 10.261423
12 130 11.000369
12 131 9.982653
12 132 9.613971
12 133 9.567243
12 134 10.272708
12 135 8.401598
12 136 11.018283
12 137 10.882049
12 138 9.896597
12 139 9.435759
12 140 9.697466
12 141 9.230658
12 142 8.978149
12 143 10.532255
12 144 9.833585
12 145 8.902126
12 146 10.445102
12 147 9.053989
12 148 10.067232
12 149 9.122231
12 150 10.238160
12 151 9.641587
12 152 10.825280
12 153 10.470322
12 154 9.177616
12 155 9.120244
12 156 9.324600
12 157 8.496541
12 158 10.154484
12 159 8.772581
12 160 10.459668
12 161 10.857672
12 162 11.079842
12 163 8.964754
12 164 8.597324
12 165 8.334210
12 166 8.893359
12 167 11.061837
12 168 9.982966
12 169 9.220616
12 170 10.429816
12 171 10.909406
12 172 8.843573
12 173 9.447220
12 174 9.439764
12 175 9.929579
12 176 8.994670
12 177 9.168817
12 178 9.302957
12 179 10.712204
12 180 10.096662
12 181 9.163696
12 182 8.721781
12 183 9.184059
12 184 8.600900
12 185 9.358660
12 186 9.534716
12 187 10.207168
12 188 9.100280
12 189 8.354953
12 190 10.861556
12 191 11.034174
12 192 10.769358
12 193 10.308719
12 194 9.223546
12 195 10.472201
12 196 10.117079
12 197 10.521068
12 198 8.982611
12 199 8.915546
12 200 9.077939
13 0 8.927012
13 1 8.964640
13 2 8.826964
13 3 10.560957
13 4 10.392432
13 5 9.866375
13 6 8.570668
13 7 9.316155
13 8 9.813906
13 9 10.310220
13 10 11.051400
13 11 9.190394
13 12 9.212389
13 13 0.000000
13 14 8.663196
13 15 9.251512
13 16 10.109664
13 17 10.525057
13 18 10.167956
13 19 8.630967
13 20 9.384206
13 21 10.502814
13 22 10.841204
13 23 9.534085
13 24 10.888480
13 25 10.378776
13 26 9.194463
13 27 10.908044
13 28 10.656837
13 29 10.876854
13 30 8.406399
13 31 10.869905
13 32 8.426025
13 33 8.703057
13 34 8.629301
13 35 8.422724
13 36 10.817994
13 37 10.226931
13 38 10.443014
13 39 10.521299
13 40 9.340624
13 41 8.711671
13 42 9.254321
13 43 11.103492
13 44 9.189698
13 45 9.810382
13 46 9.075381
13 47 10.908961
13 48 10.342247
13 49 9.003124
13 50 10.700825
13 51 10.555458
13 52 9.000002
13 53 10.727093
13 54 9.263851
13 55 10.804582
13 56 9.617591
13 57 9.193106
13 58 9.952190
13 59 8.856696
13 60 9.565420
13 61 9.841006
13 62 9.779473
13 63 8.661441
13 64 9.583905
13 65 10.357892
13 66 10.801986
13 67 8.996908
13 68 10.081527
13 69 10.123136
13 70 9.926785
13 71 10.252434
13 72 8.698188
13 73 9.928031
13 74 10.540174
13 75 10.648429
13 76 10.870274
13 77 10.818063
13 78 10.833066
13 79 8.798757
13 80 10.844645
13 81 8.555213
13 82 11.079520
13 83 9.089783
13 84 8.701671
13 85 8.829345
13 86 10.422545
13 87 8.618822
13 88 10.136529
13 89 8.593457
13 90 10.365015
13 91 8.470941
13 92 9.690543
13 93 9.290096
13 94 10.693569
13 95 9.678439
13 96 8.783664
13 97 9.219467
13 98 11.089083
13 99 10.521784
13 100 10.011338
13 101 9.653399
13 102 10.647454
13 103 10.173604
13 104 10.585237
13 105 9.038208
13 106 8.675667
13 107 10.611281
13 108 10.977420
13 109 10.272484
13 110 8.958892
13 111 9.472533
13 112 8.981475
13 113 8.669774
13 114 9.493392
13 115 10.938610
13 116 9.770558
13 117 8.630934
13 118 8.908964
13 119 9.149688
13 120 10.729952
13 121 8.833642
13 122 10.011886
13 123 10.545913
13 124 8.771934
13 125 8.932343
13 126 11.016724
13 127 10.433669
13 128 8.538243
13 129 8.934858
13 130 10.813865
13 131 9.513708
13 132 8.583818
13 133 8.800403
13 134 10.453275
13 135 10.415004
13 136 10.756144
13 137 10.272364
13 138 10.147999
13 139 10.699175
13 140 10.893642
13 141 10.483630
13 142 10.550132
13 143 8.716779
13 144 10.246558
13 145 10.429013
13 146 8.780384
13 147 10.971705
13 148 9.991712
13 149 10.536329
13 150 9.276046
13 151 9.285682
13 152 11.046280
13 153 9.894330
13 154 9.729149
13 155 9.341530
13 156 10.557183
13 157 8.659553
13 158 9.759068
13 159 9.599751
13 160 9.853227
13 161 10.469407
13 162 9.082797
13 163 10.649622
13 164 8.672827
13 165 9.183454
13 166 9.059391
13 167 9.296946
13 168 9.835128
13 169 10.769680
13 170 11.081949
13 171 10.148705
13 172 9.027669
13 173 10.166989
13 174 9.768152
13 175 9.497378
13 176 10.718397
13 177 9.933997
13 178 10.281781
13 179 8.984080
13 180 10.371858
13 181 9.488864
13 182 10.569033
13 183 10.340655
13 184 10.878796
13 185 8.748085
13 186 10.999809
13 187 10.375586
13 188 10.825823
13 189 9.537402
13 190 10.567852
13 191 9.797331
13 192 9.000725
13 193 9.889266
13 194 8.883131
13 195 10.190291
13 196 8.700805
13 197 10.914745
13 198 10.863107
13 199 8.561007
13 200 10.526905
14 0 10.860184
14 1 10.668351
14 2 9.904165
14 3 9.642694
14 4 10.396815
14 5 8.674282
14 6 8.687077
14 7 10.774335
14 8 10.964144
14 9 10.612235
14 10 10.410519
14 11 10.077769
14 12 9.813792
14 13 8.663196
14 14 0.000000
14 15 8.772301
14 16 8.893422
14 17 11.074881
14 18 9.509463
14 19 9.506732
14 20 10.300405
14 21 9.619939
14 22 10.354260
14 23 9.924859
14 24 10.201362
14 25 10.783602
14 26 9.087375
14 27 9.691127
14 28 8.352691
14 29 9.686971
14 30 9.532179
14 31 8.479640
14 32 10.514665
14 33 9.108037
14 34 10.643887
14 35 10.738016
14 36 10.379821
14 37 10.770725
14 38 10.601262
14 39 10.779054
14 40 8.667439
14 41 10.819004
14 42 11.104398
14 43 8.765478
14 44 11.096932
14 45 10.134854
14 46 8.900407
14 47 8.615468
14 48 8.622890
14 49 9.904896
14 50 10.426450
14 51 10.181475
14 52 10.126452
14 53 10.106601
14 54 9.764505
14 55 10.404312
14 56 8.640563
14 57 8.496161
14 58 9.522177
14 59 10.899375
14 60 10.569228
14 61 10.683346
14 62 9.922791
14 63 9.145641
14 64 9.206601
14 65 9.385485
14 66 10.007130
14 67 10.389994
14 68 9.242714
14 69 10.563350
14 70 10.831033
14 71 10.594845
14 72 9.387370
14 73 10.971731
14 74 10.058104
14 75 9.831714
14 76 10.478220
14 77 10.411629
14 78 10.371372
14 79 9.219580
14 80 8.880613
14 81 10.800763
14 82 9.218875
14 83 8.348790
14 84 10.653969
14 85 8.592489
14 86 10.207262
14 87 9.393566
14 88 9.387131
14 89 10.146008
14 90 10.674869
14 91 9.462167
14 92 11.048933
14 93 9.776967
14 94 9.192610
14 95 9.396067
14 96 10.461959
14 97 10.158045
14 98 8.444928
14 99 10.890557
14 100 8.462738
14 101 10.331034
14 102 10.425882
14 103 10.619010
14 104 11.074991
14 105 9.948466
14 106 9.723015
14 107 9.110050
14 108 10.517815
14 109 9.375546
14 110 8.603809
14 111 10.135838
14 112 11.001095
14 113 11.054293
14 114 9.794651
14 115 8.989503
14 116 8.892578
14 117 9.171705
14 118 10.580814
14 119 10.137623
14 120 9.672380
14 121 10.289760
14 122 10.968421
14 123 8.366447
14 124 11.080581
14 125 10.950633
14 126 8.589707
14 127 9.590478
14 128 9.331079
14 129 9.498666
14 130 8.814532
14 131 10.732750
14 132 8.689006
14 133 9.312225
14 134 10.725238
14 135 8.476540
14 136 10.971745
14 137 8.822285
14 138 10.591454
14 139 9.162323
14 140 10.053031
14 141 10.896068
14 142 10.834518
14 143 10.998473
14 144 9.464910
14 145 9.871055
14 146 9.352577
14 147 10.891661
14 148 10.294489
14 149 10.848176
14 150 8.762870
14 151 8.773370
14 152 10.918206
14 153 9.328527
14 154 8.796920
14 155 9.699523
14 156 9.535284
14 157 10.718143
14 158 10.405978
14 159 10.444793
14 160 10.384557
14 161 11.004624
14 162 10.727165
14 163 10.061779
14 164 9.421416
14 165 8.763348
14 166 9.191649
14 167 9.766737
14 168 9.695372
14 169 8.864664
14 170 10.510284
14 171 10.585262
14 172 11.071597
14 173 9.152174
14 174 9.152479
14 175 10.839062
14 176 10.907876
14 177 10.480812
14 178 8.912321
14 179 9.139223
14 180 9.096727
14 181 10.924906
14 182 8.348962
14 183 10.586954
14 184 8.916207
14 185 8.370904
14 186 8.335694
14 187 10.489819
14 188 10.167786
14 189 9.050253
14 190 9.079359
14 191 8.342565
14 192 10.894092
14 193 10.281015
14 194 10.281690
14 195 10.950946
14 196 9.562244
14 197 11.001655
14 198 8.614756
14 199 9.111470
14 200 9.845502
15 0 8.766070
15 1 10.213570
15 2 10.993327
15 3 10.948894
15 4 9.205850
15 5 10.525613
15 6 10.624854
15 7 8.944567
15 8 9.953558
15 9 10.518083
15 10 9.938166
15 11 9.921121
15 12 10.184774
15 13 9.251512
15 14 8.772301
15 15 0.000000
15 16 10.671740
15 17 9.546328
15 18 9.132010
15 19 10.123990
15 20 10.665566
15 21 9.090608
15 22 8.518300
15 23 8.411618
15 24 9.522157
15 25 10.608822
15 26 10.272895
15 27 8.783910
15 28 9.653340
15 29 8.540429
15 30 11.074338
15 31 10.777956
15 32 10.610926
15 33 9.036316
15 34 9.632820
15 35 9.712480
15 36 9.640159
15 37 8.505326
15 38 10.576246
15 39 9.453274
15 40 10.517160
15 41 8.623177
15 42 9.056931
15 43 9.066354
15 44 9.511432
15 45 10.612547
15 46 8.894699
15 47 10.788121
15 48 9.750605
15 49 10.684524
15 50 10.213690
15 51 10.836095
15 52 10.466386
15 53 8.621185
15 54 10.949451
15 55 8.573521
15 56 11.040495
15 57 10.533229
15 58 10.895358
15 59 8.607432
15 60 9.534675
15 61 10.451562
15 62 8.777877
15 63 10.971827
15 64 9.691317
15 65 9.090145
15 66 9.239444
15 67 10.498159
15 68 10.507042
15 69 10.757200
15 70 9.723215
15 71 8.459560
15 72 11.051107
15 73 10.015082
15 74 8.429329
15 75 10.633350
15 76 8.457596
15 77 9.864508
15 78 10.997002
15 79 10.051181
15 80 9.980181
15 81 10.763681
15 82 10.064188
15 83 10.640213
15 84 9.789017
15 85 9.204439
15 86 10.860388
15 87 9.418589
15 88 10.127264
15 89 10.002957
15 90 10.994426
15 91 10.748619
15 92 8.706387
15 93 8.777711
15 94 9.043681
15 95 9.504530
15 96 8.571479
15 97 11.001364
15 98 9.432618
15 99 9.885089
15 100 9.999688
15 101 9.386720
15 102 8.922414
15 103 8.420817
15 104 10.246836
15 105 10.438198
15 106 9.752320
15 107 10.287721
15 108 9.880847
15 109 9.789064
15 110 10.644033
15 111 9.120225
15 112 9.306585
15 113 8.858576
15 114 9.428874
15 115 10.629343
15 116 10.997296
15 117 8.975290
15 118 9.379751
15 119 8.390348
15 120 8.654080
15 121 9.849482
15 122 10.321624
15 123 10.499537
15 124 9.956274
15 125 9.159598
15 126 9.848809
15 127 8.423664
15 128 9.623319
15 129 10.057120
15 130 10.625634
15 131 9.210822
15 132 9.786705
15 133 8.706527
15 134 8.705793
15 135 10.719762
15 136 9.797005
15 137 10.118975
15 138 9.169887
15 139 10.751652
15 140 8.358429
15 141 10.070922
15 142 8.930526
15 143 8.355377
15 144 8.607483
15 145 8.584189
15 146 9.572017
15 147 8.506056
15 148 8.384856
15 149 10.420084
15 150 8.827878
15 151 10.143574
15 152 9.838897
15 153 9.967607
15 154 8.867793
15 155 9.906509
15 156 10.828512
15 157 10.239256
15 158 8.485651
15 159 9.943093
15 160 11.017783
15 161 10.651975
15 162 8.917373
15 163 8.464276
15 164 10.694125
15 165 10.214403
15 166 10.610401
15 167 9.602986
15 168 10.033440
15 169 10.458707
15 170 10.282051
15 171 10.613833
15 172 9.426829
15 173 8.393396
15 174 8.560568
15 175 9.996044
15 176 10.568762
15 177 8.859599
15 178 10.599521
15 179 11.101257
15 180 9.863767
15 181 9.257390
15 182 10.494688
15 183 8.926657
15 184 9.254175
15 185 11.044503
15 186 10.843739
15 187 8.972177
15 188 8.851432
15 189 8.700233
15 190 9.038661
15 191 9.923019
15 192 10.217013
15 193 9.093339
15 194 10.764181
15 195 8.483134
15 196 9.720727
15 197 9.811252
15 198 10.427772
15 199 9.758148
15 200 10.691641
16 0 10.912574
16 1 10.439263
16 2 9.601009
16 3 10.699940
16 4 10.485860
16 5 9.636742
16 6 10.437850
16 7 8.789138
16 8 8.363027
16 9 10.838389
16 10 9.553984
16 11 10.012998
16 12 10.638455
16 13 10.109664
16 14 8.893422
16 15 10.671740
16 16 0.000000
16 17 9.293040
16 18 9.448414
16 19 9.125600
16 20 10.325897
16 21 9.462411
16 22 10.648414
16 23 9.516191
16 24 9.966197
16 25 8.976676
16 26 8.707942
16 27 10.108217
16 28 9.762035
16 29 11.107817
16 30 10.456379
16 31 8.419569
16 32 9.193539
16 33 10.336997
16 34 9.048418
16 35 8.564914
16 36 8.921571
16 37 8.643085
16 38 9.622681
16 39 11.048563
16 40 9.703519
16 41 9.393162
16 42 9.923042
16 43 9.223658
16 44 8.395191
16 45 8.538287
16 46 9.258427
16 47 10.281823
16 48 8.353110
16 49 11.080642
16 50 9.561455
16 51 9.939656
16 52 8.843372
16 53 10.562486
16 54 10.584150
16 55 10.268440
16 56 10.049868
16 57 10.063383
16 58 9.512955
16 59 11.084109
16 60 9.003330
16 61 10.034673
16 62 10.602596
16 63 8.951234
16 64 10.464907
16 65 10.356918
16 66 10.888118
16 67 8.360899
16 68 10.542390
16 69 10.966832
16 70 10.511383
16 71 9.962615
16 72 9.810090
16 73 8.393691
16 74 9.824045
16 75 10.280681
16 76 8.887246
16 77 10.478126
16 78 10.384410
16 79 8.775740
16 80 10.521409
16 81 9.870818
16 82 8.558546
16 83 8.765961
16 84 9.440502
16 85 8.748657
16 86 10.598216
16 87 10.580721
16 88 10.176163
16 89 9.712917
16 90 11.082197
16 91 8.989676
16 92 11.017507
16 93 8.394527
16 94 9.571797
16 95 9.998094
16 96 8.471432
16 97 10.337768
16 98 9.077257
16 99 10.071590
16 100 10.488666
16 101 9.831929
16 102 10.125956
16 103 10.825941
16 104 10.774671
16 105 8.602507
16 106 10.644165
16 107 8.756077
16 108 10.817483
16 109 9.332066
16 110 10.859859
16 111 8.353303
16 112 8.627061
16 113 8.492328
16 114 9.285469
16 115 9.556886
16 116 8.979967
16 117 10.853195
16 118 10.432772
16 119 8.919179
16 120 11.099995
16 121 9.118012
16 122 10.469188
16 123 10.736384
16 124 10.432808
16 125 9.366374
16 126 10.146911
16 127 9.852659
16 128 8.932124
16 129 10.988588
16 130 8.918859
16 131 10.854323
16 132 8.683215
16 133 8.975586
16 134 8.480559
16 135 8.836255
16 136 8.402143
16 137 10.686238
16 138 9.765637
16 139 9.065290
16 140 9.221773
16 141 10.856967
16 142 8.711465
16 143 8.556607
16 144 9.089918
16 145 10.903095
16 146 8.591668
16 147 10.902117
16 148 8.468415
16 149 8.912807
16 150 9.949996
16 151 9.956732
16 152 10.823230
16 153 9.818696
16 154 10.724224
16 155 9.715889
16 156 9.394713
16 157 8.370457
16 158 8.513321
16 159 10.418856
16 160 10.006557
16 161 9.852617
16 162 9.907241
16 163 10.140790
16 164 10.551069
16 165 10.239717
16 166 10.329132
16 167 10.935246
16 168 8.521634
16 169 8.536289
16 170 8.804471
16 171 10.077081
16 172 8.508800
16 173 11.039569
16 174 9.114203
16 175 8.549874
16 176 9.435257
16 177 8.545879
16 178 9.655416
16 179 9.607702
16 180 8.662459
16 181 10.901167
16 182 8.803111
16 183 10.701410
16 184 10.833036
16 185 8.984779
16 186 10.809080
16 187 8.856127
16 188 8.666942
16 189 8.489568
16 190 9.828479
16 191 10.079610
16 192 9.314866
16 193 9.243529
16 194 10.188310
16 195 9.315429
16 196 10.663462
16 197 9.193661
16 198 10.625799
16 199 8.374277
16 200 10.139432
17 0 8.815423
17 1 10.167379
17 2 10.069778
17 3 10.820047
17 4 8.473068
17 5 8.413837
17 6 9.467173
17 7 11.037960
17 8 10.623013
17 9 10.078301
17 10 10.517605
17 11 9.920055
17 12 10.002094
17 13 10.525057
17 14 11.074881
17 15 9.546328
17 16 9.293040
17 17 0.000000
17 18 9.152317
17 19 10.908813
17 20 9.891556
17 21 10.226966
17 22 10.171413
17 23 8.512146
17 24 9.521008
17 25 10.713129
17 26 8.810019
17 27 8.698341
17 28 8.719308
17 29 9.076196
17 30 9.204224
17 31 10.181147
17 32 8.886101
17 33 8.623058
17 34 8.530443
17 35 9.331282
17 36 10.362001
17 37 8.863295
17 38 10.418452
17 39 9.849832
17 40 10.452749
17 41 9.810030
17 42 8.691094
17 43 9.453156
17 44 10.759850
17 45 9.198766
17 46 9.557750
17 47 8.844846
17 48 9.924557
17 49 10.773763
17 50 9.708417
17 51 8.443515
17 52 8.931111
17 53 9.689697
17 54 10.344927
17 55 10.416203
17 56 10.452519
17 57 9.801432
17 58 10.117499
17 59 10.384161
17 60 8.421039
17 61 10.474342
17 62 10.983450
17 63 11.018179
17 64 10.471413
17 65 9.491472
17 66 9.267687
17 67 8.996005
17 68 9.360536
17 69 9.811843
17 70 9.970606
17 71 8.519384
17 72 8.650220
17 73 9.442533
17 74 9.010697
17 75 10.759597
17 76 8.638718
17 77 8.484030
17 78 10.363555
17 79 8.538960
17 80 8.504515
17 81 9.610905
17 82 8.571076
17 83 9.903999
17 84 10.998903
17 85 10.751124
17 86 8.696145
17 87 9.166111
17 88 9.074373
17 89 8.716607
17 90 8.391121
17 91 10.383085
17 92 10.290038
17 93 8.473865
17 94 10.534490
17 95 9.249000
17 96 10.629756
17 97 9.979836
17 98 9.967744
17 99 10.153971
17 100 8.409634
17 101 8.916849
17 102 10.593951
17 103 9.305381
17 104 9.079115
17 105 10.368598
17 106 10.751657
17 107 10.984188
17 108 9.503010
17 109 10.894404
17 110 10.838256
17 111 9.375576
17 112 10.673501
17 113 10.257738
17 114 8.930384
17 115 9.942035
17 116 10.368056
17 117 8.534713
17 118 9.735707
17 119 10.836439
17 120 9.475223
17 121 10.572937
17 122 8.755029
17 123 10.851508
17 124 9.380791
17 125 10.059625
17 126 10.330775
17 127 9.786733
17 128 8.744076
17 129 9.322949
17 130 9.971661
17 131 10.474909
17 132 9.431325
17 133 10.067510
17 134 10.909909
17 135 10.847186
17 136 10.937274
17 137 10.621517
17 138 11.066092
17 139 10.666083
17 140 10.722748
17 141 9.150285
17 142 9.169585
17 143 10.443732
17 144 9.652798
17 145 8.526589
17 146 9.721782
17 147 9.857622
17 148 8.639968
17 149 10.543383
17 150 10.162447
17 151 9.076335
17 152 11.014849
17 153 10.517473
17 154 10.065760
17 155 9.031710
17 156 9.107432
17 157 10.136936
17 158 10.097205
17 159 8.722417
17 160 9.005726
17 161 10.656540
17 162 9.428342
17 163 8.713444
17 164 9.860348
17 165 8.347525
17 166 10.231028
17 167 8.408556
17 168 9.848032
17 169 9.690118
17 170 8.474044
17 171 10.335879
17 172 8.554106
17 173 9.860002
17 174 9.141328
17 175 11.106569
17 176 10.865170
17 177 10.339643
17 178 10.672037
17 179 10.115172
17 180 8.818272
17 181 9.333646
17 182 9.637515
17 183 9.994489
17 184 10.363484
17 185 9.193242
17 186 10.190478
17 187 9.049774
17 188 10.056408
17 189 8.512962
17 190 9.223970
17 191 8.603610
17 192 8.904541
17 193 10.535340
17 194 11.107084
17 195 9.028935
17 196 8.933890
17 197 10.439904
17 198 8.532912
17 199 11.042454
17 200 10.736696
18 0 10.908939
18 1 10.678625
18 2 8.766220
18 3 11.042919
18 4 10.750113
18 5 9.912746
18 6 8.777944
18 7 9.067305
18 8 8.861154
18 9 9.138678
18 10 10.900584
18 11 8.938743
18 12 8.380323
18 13 10.167956
18 14 9.509463
18 15 9.132010
18 16 9.448414
18 17 9.152317
18 18 0.000000
18 19 9.553888
18 20 8.726349
18 21 9.331194
18 22 8.840641
18 23 9.075585
18 24 8.801069
18 25 10.681556
18 26 8.384120
18 27 8.416798
18 28 10.609061
18 29 10.396565
18 30 10.691094
18 31 10.050191
18 32 8.643979
18 33 10.493173
18 34 8.864756
18 35 8.623211
18 36 10.687312
18 37 10.181955
18 38 10.322994
18 39 10.201996
18 40 9.832247
18 41 10.680058
18 42 8.358487
18 43 8.467331
18 44 9.430156
18 45 10.863938
18 46 8.828260
18 47 9.418606
18 48 8.423787
18 49 10.883189
18 50 10.799111
18 51 10.377681
18 52 10.438711
18 53 9.632158
18 54 10.189567
18 55 9.904433
18 56 10.581981
18 57 10.542501
18 58 10.439902
18 59 10.097887
18 60 10.035212
18 61 8.502005
18 62 10.305258
18 63 10.846706
18 64 10.431240
18 65 10.630565
18 66 10.125141
18 67 10.028546
18 68 9.912827
18 69 8.872564
18 70 9.055099
18 71 9.352531
18 72 9.431897
18 73 8.508043
18 74 8.974145
18 75 9.634599
18 76 9.150551
18 77 9.870432
18 78 9.491104
18 79 10.114210
18 80 10.303894
18 81 10.250358
18 82 9.789935
18 83 10.702564
18 84 10.986845
18 85 10.165462
18 86 8.558340
18 87 10.568385
18 88 8.865905
18 89 8.926528
18 90 8.491329
18 91 10.619526
18 92 10.783755
18 93 9.559699
18 94 10.502268
18 95 8.786248
18 96 11.034192
18 97 10.559720
18 98 10.013750
18 99 9.435339
18 100 9.479598
18 101 8.771355
18 102 10.510385
18 103 9.726012
18 104 9.832979
18 105 10.060727
18 106 9.752978
18 107 10.975111
18 108 9.891463
18 109 8.632646
18 110 10.447360
18 111 9.105927
18 112 10.628457
18 113 8.540748
18 114 9.920122
18 115 8.622890
18 116 10.176391
18 117 8.820753
18 118 9.461997
18 119 9.442026
18 120 8.417414
18 121 8.588289
18 122 9.481546
18 123 10.170503
18 124 10.848877
18 125 8.993991
18 126 10.616950
18 127 9.237189
18 128 9.620788
18 129 9.713310
18 130 10.498428
18 131 9.364593
18 132 10.989879
18 133 9.945024
18 134 8.702097
18 135 9.165820
18 136 10.872627
18 137 10.524910
18 138 9.933593
18 139 10.031790
18 140 10.027075
18 141 9.510770
18 142 9.551884
18 143 9.205107
18 144 9.508954
18 145 9.978983
18 146 10.074437
18 147 9.185760
18 148 9.316022
18 149 9.552193
18 150 10.915739
18 151 10.527375
18 152 10.641920
18 153 11.017326
18 154 11.000533
18 155 9.479433
18 156 10.795008
18 157 9.809545
18 158 10.573462
18 159 10.390484
18 160 10.478718
18 161 9.667615
18 162 8.597420
18 163 10.377269
18 164 9.760248
18 165 11.025473
18 166 10.949388
18 167 9.277097
18 168 10.225195
18 169 10.599937
18 170 10.777695
18 171 10.129437
18 172 8.553198
18 173 8.534114
18 174 9.010376
18 175 10.105805
18 176 10.579286
18 177 10.684703
18 178 9.737836
18 179 10.602127
18 180 9.477620
18 181 10.421672
18 182 10.878090
18 183 9.615188
18 184 9.726148
18 185 10.222444
18 186 9.513090
18 187 8.483916
18 188 9.403630
18 189 8.340062
18 190 8.543603
18 191 10.982579
18 192 10.548591
18 193 9.049214
18 194 10.872402
18 195 8.479214
18 196 8.564033
18 197 8.670636
18 198 8.715668
18 199 10.317012
18 200 11.047956
19 0 8.626624
19 1 10.183037
19 2 9.263673
19 3 8.989936
19 4 8.441930
19 5 9.150257
19 6 9.659512
19 7 10.767708
19 8 9.535458
19 9 9.031157
19 10 10.758061
19 11 9.451274
19 12 9.603702
19 13 8.630967
19 14 9.506732
19 15 10.123990
19 16 9.125600
19 17 10.908813
19 18 9.553888
19 19 0.000000
19 20 9.315279
19 21 10.233111
19 22 9.373520
19 23 10.439911
19 24 10.876278
19 25 9.491167
19 26 10.197064
19 27 9.042440
19 28 8.726610
19 29 11.005040
19 30 8.908394
19 31 9.073189
19 32 9.575760
19 33 8.975414
19 34 10.596773
19 35 9.363076
19 36 8.879509
19 37 9.351592
19 38 8.989349
19 39 9.603681
19 40 9.118929
19 41 8.514582
19 42 8.616345
19 43 9.570474
19 44 10.893931
19 45 10.690027
19 46 8.658357
19 47 9.045164
19 48 9.691159
19 49 9.334240
19 50 9.296241
19 51 9.744671
19 52 9.120391
19 53 10.451478
19 54 10.925058
19 55 10.033776
19 56 9.964097
19 57 9.717484
19 58 9.077600
19 59 10.642784
19 60 8.400995
19 61 9.211772
19 62 9.639635
19 63 8.834745
19 64 9.116404
19 65 9.097649
19 66 10.672792
19 67 9.656539
19 68 9.750817
19 69 8.641327
19 70 10.137426
19 71 10.898228
19 72 10.248809
19 73 10.939572
19 74 10.316920
19 75 8.979470
19 76 9.439882
19 77 9.989561
19 78 8.412654
19 79 10.951820
19 80 9.978200
19 81 8.429439
19 82 9.418546
19 83 9.308359
19 84 10.055970
19 85 8.561816
19 86 10.604080
19 87 11.092036
19 88 8.930925
19 89 8.618392
19 90 11.102958
19 91 9.094409
19 92 10.627346
19 93 10.679502
19 94 9.200727
19 95 10.918129
19 96 8.486997
19 97 9.078303
19 98 10.853392
19 99 9.165073
19 100 9.018513
19 101 9.736636
19 102 9.216525
19 103 10.817957
19 104 11.085147
19 105 8.805948
19 106 8.693530
19 107 10.807852
19 108 9.241398
19 109 9.029392
19 110 10.858345
19 111 10.839749
19 112 10.253114
19 113 8.671538
19 114 10.202347
19 115 9.732172
19 116 8.843974
19 117 9.182803
19 118 8.598255
19 119 9.429193
19 120 9.400276
19 121 10.542422
19 122 9.215881
19 123 9.056367
19 124 10.895584
19 125 10.355556
19 126 8.647868
19 127 10.552464
19 128 9.837814
19 129 10.001232
19 130 8.438630
19 131 10.943969
19 132 9.894002
19 133 8.455309
19 134 10.171308
19 135 10.204026
19 136 10.843331
19 137 10.295636
19 138 9.677345
19 139 10.594479
19 140 10.283130
19 141 9.099997
19 142 9.433244
19 143 8.385324
19 144 9.980525
19 145 9.401957
19 146 9.183077
19 147 10.672435
19 148 9.789800
19 149 9.688373
19 150 10.399218
19 151 10.373723
19 152 10.980556
19 153 11.104796
19 154 9.016014
19 155 9.068133
19 156 10.464211
19 157 10.544871
19 158 9.417536
19 159 10.779690
19 160 9.649004
19 161 8.766926
19 162 10.535338
19 163 10.148314
19 164 10.185874
19 165 10.255487
19 166 8.430229
19 167 9.553482
19 168 10.901867
19 169 8.612792
19 170 9.399380
19 171 10.747597
19 172 8.538402
19 173 11.068467
19 174 10.470261
19 175 8.974084
19 176 10.860614
19 177 8.911247
19 178 9.022638
19 179 10.602049
19 180 9.514767
19 181 9.378297
19 182 9.354856
19 183 10.390541
19 184 10.333486
19 185 9.483733
19 186 9.968205
19 187 8.456975
19 188 10.609640
19 189 9.345375
19 190 8.971432
19 191 9.215985
19 192 8.643935
19 193 10.047383
19 194 8.612267
19 195 10.872457
19 196 8.916842
19 197 9.695445
19 198 10.154372
19 199 10.271667
19 200 10.666940
20 0 9.202314
20 1 8.393593
20 2 8.843554
20 3 8.982275
20 4 10.136790
20 5 8.882912
20 6 8.893348
20 7 9.465852
20 8 8.834366
20 9 8.637339
20 10 10.698271
20 11 10.079888
20 12 8.943540
20 13 9.384206
20 14 10.300405
20 15 10.665566
20 16 10.325897
20 17 9.891556
20 18 8.726349
20 19 9.315279
20 20 0.000000
20 21 11.075577
20 22 9.283484
20 23 10.863799
20 24 10.800227
20 25 9.790602
20 26 9.197063
20 27 8.892087
20 28 8.788523
20 29 8.915689
20 30 9.347758
20 31 9.673859
20 32 8.965000
20 33 8.596805
20 34 8.705457
20 35 9.082829
20 36 9.484233
20 37 9.979675
20 38 8.830565
20 39 11.069668
20 40 10.304032
20 41 10.974323
20 42 8.771725
20 43 9.496177
20 44 8.853152
20 45 9.816551
20 46 10.977769
20 47 8.671570
20 48 8.512550
20 49 8.583168
20 50 9.910613
20 51 10.236599
20 52 9.035756
20 53 10.579599
20 54 10.863626
20 55 11.098110
20 56 10.317961
20 57 9.516389
20 58 8.789722
20 59 8.360617
20 60 10.201688
20 61 8.435710
20 62 9.195544
20 63 9.952608
20 64 9.473841
20 65 10.483234
20 66 9.715787
20 67 8.997747
20 68 8.696664
20 69 9.578053
20 70 9.880805
20 71 9.829105
20 72 10.853318
20 73 10.198689
20 74 8.434278
20 75 10.959639
20 76 10.915232
20 77 10.327581
20 78 8.507229
20 79 9.743348
20 80 9.959298
20 81 11.057736
20 82 8.468561
20 83 8.370122
20 84 9.449817
20 85 8.357673
20 86 10.069987
20 87 10.522092
20 88 9.868382
20 89 8.719237
20 90 9.022912
20 91 10.397900
20 92 8.978858
20 93 10.521096
20 94 9.316142
20 95 9.757077
20 96 10.232049
20 97 8.745860
20 98 9.049719
20 99 8.360102
20 100 8.361327
20 101 9.423369
20 102 10.549566
20 103 10.593096
20 104 10.716291
20 105 9.753489
20 106 8.821992
20 107 9.925258
20 108 8.643099
20 109 9.112875
20 110 9.899913
20 111 10.866152
20 112 9.837659
20 113 9.409755
20 114 8.627789
20 115 9.176552
20 116 8.604708
20 117 9.047791
20 118 11.104649
20 119 8.770309
20 120 10.997162
20 121 11.064281
20 122 8.661096
20 123 9.371787
20 124 10.920292
20 125 9.052249
20 126 10.248900
20 127 9.037039
20 128 10.735669
20 129 10.538182
20 130 9.214017
20 131 8.347151
20 132 11.102074
20 133 9.343288
20 134 9.985211
20 135 9.140638
20 136 8.749746
20 137 9.094339
20 138 10.680384
20 139 9.737492
20 140 9.134195
20 141 9.002783
20 142 8.335214
20 143 9.621175
20 144 10.715686
20 145 9.267550
20 146 10.348667
20 147 10.427279
20 148 9.308433
20 149 9.680807
20 150 10.367570
20 151 8.417686
20 152 9.020756
20 153 10.251584
20 154 8.734177
20 155 10.511565
20 156 9.694773
20 157 10.929148
20 158 8.823269
20 159 8.608086
20 160 9.383981
20 161 10.533399
20 162 9.859922
20 163 10.495317
20 164 9.444269
20 165 8.897942
20 166 8.716997
20 167 10.617876
20 168 8.500905
20 169 10.355036
20 170 9.416571
20 171 10.456650
20 172 10.414546
20 173 9.405188
20 174 8.465859
20 175 11.051197
20 176 10.910169
20 177 9.823642
20 178 10.754150
20 179 10.247781
20 180 9.198959
20 181 10.286949
20 182 8.983897
20 183 9.452632
20 184 10.405958
20 185 9.452154
20 186 10.176349
20 187 9.932336
20 188 10.612715
20 189 10.676293
20 190 9.415688
20 191 9.478427
20 192 8.654395
20 193 10.290843
20 194 10.770537
20 195 11.066876
20 196 9.431888
20 197 10.644150
20 198 10.703442
20 199 10.598559
20 200 8.549478
21 0 9.134218
21 1 10.772593
21 2 9.437440
21 3 8.508628
21 4 10.382589
21 5 8.806311
21 6 9.501391
21 7 11.050895
21 8 9.474607
21 9 8.636569
21 10 10.203546
21 11 8.396386
21 12 9.823057
21 13 10.502814
21 14 9.619939
21 15 9.090608
21 16 9.462411
21 17 10.226966
21 18 9.331194
21 19 10.233111
21 20 11.075577
21 21 0.000000
21 22 10.896095
21 23 10.871068
21 24 9.496125
21 25 9.212200
21 26 10.722451
21 27 9.213829
21 28 9.451646
21 29 10.994879
21 30 10.418251
21 31 10.539054
21 32 8.578002
21 33 10.798918
21 34 10.174054
21 35 10.711796
21 36 9.900006
21 37 10.323809
21 38 10.229141
21 39 9.783061
21 40 9.081420
21 41 10.657869
21 42 9.134350
21 43 9.816835
21 44 8.683471
21 45 8.927912
21 46 10.132933
21 47 8.627837
21 48 10.273468
21 49 9.549531
21 50 8.463938
21 51 9.900907
21 52 10.203315
21 53 8.532786
21 54 9.570491
21 55 10.846342
21 56 8.598196
21 57 10.390832
21 58 9.363637
21 59 9.385925
21 60 9.931366
21 61 8.448963
21 62 11.048165
21 63 9.339149
21 64 8.365856
21 65 9.244375
21 66 11.087937
21 67 8.595373
21 68 10.485604
21 69 9.204330
21 70 10.655998
21 71 11.031941
21 72 10.828453
21 73 10.951967
21 74 9.987129
21 75 10.567324
21 76 10.792609
21 77 8.417082
21 78 8.415817
21 79 9.007258
21 80 10.846628
21 81 9.495351
21 82 9.715628
21 83 8.858143
21 84 9.966419
21 85 8.936526
21 86 10.062454
21 87 10.494058
21 88 8.369001
21 89 9.793998
21 90 9.637590
21 91 10.583764
21 92 9.708788
21 93 10.158562
21 94 10.502483
21 95 8.341823
21 96 10.120875
21 97 8.421463
21 98 9.835935
21 99 9.285504
21 100 8.980344
21 101 10.670548
21 102 10.904539
21 103 10.748163
21 104 8.483900
21 105 9.675542
21 106 8.922480
21 107 10.301351
21 108 9.582556
21 109 8.703341
21 110 8.473628
21 111 10.625190
21 112 10.546730
21 113 9.677503
21 114 10.794384
21 115 10.032100
21 116 10.770943
21 117 9.110206
21 118 9.986947
21 119 9.471280
21 120 9.522297
21 121 9.467798
21 122 8.404177
21 123 8.609422
21 124 10.644528
21 125 10.730370
21 126 10.000522
21 127 10.364736
21 128 10.748568
21 129 10.062127
21 130 10.913130
21 131 8.334432
21 132 9.422734
21 133 10.979722
21 134 9.056224
21 135 10.436111
21 136 10.692257
21 137 10.035522
21 138 9.060276
21 139 10.650033
21 140 10.034857
21 141 8.781878
21 142 9.615921
21 143 10.289317
21 144 10.172256
21 145 8.798012
21 146 10.750260
21 147 9.630262
21 148 10.463226
21 149 9.102014
21 150 9.410111
21 151 8.944363
21 152 10.084610
21 153 8.917922
21 154 10.665485
21 155 10.932518
21 156 10.368954
21 157 10.242284
21 158 9.785339
21 159 9.580435
21 160 10.757326
21 161 9.510469
21 162 9.570645
21 163 8.335298
21 164 11.012437
21 165 10.946505
21 166 8.577186
21 167 8.453654
21 168 9.695803
21 169 10.937606
21 170 9.652879
21 171 10.200198
21 172 8.696951
21 173 10.684636
21 174 10.980171
21 175 10.002025
21 176 8.880026
21 177 10.441691
21 178 9.042372
21 179 11.051835
21 180 10.392228
21 181 9.785797
21 182 10.305551
21 183 9.136617
21 184 9.562174
21 185 10.734728
21 186 10.294239
21 187 10.651536
21 188 8.601948
21 189 9.983397
21 190 8.554982
21 191 10.656740
21 192 9.247822
21 193 9.307701
21 194 9.882364
21 195 10.762166
21 196 9.197169
21 197 8.341395
21 198 9.005914
21 199 10.090256
21 200 10.864935
22 0 10.203889
22 1 9.909077
22 2 10.102732
22 3 9.766626
22 4 9.167815
22 5 8.961141
22 6 10.078390
22 7 10.461688
22 8 8.818593
22 9 9.081066
22 10 9.430957
22 11 10.380356
22 12 10.288681
22 13 10.841204
22 14 10.354260
22 15 8.518300
22 16 10.648414
22 17 10.171413
22 18 8.840641
22 19 9.373520
22 20 9.283484
22 21 10.896095
22 22 0.000000
22 23 8.846393
22 24 9.602874
22 25 9.316527
22 26 10.333694
22 27 9.134072
22 28 9.244713
22 29 9.499193
22 30 10.999493
22 31 8.834477
22 32 9.625624
22 33 10.164493
22 34 9.142818
22 35 8.514242
22 36 9.459787
22 37 9.880059
22 38 8.621968
22 39 9.683414
22 40 10.274779
22 41 8.384134
22 42 10.891658
22 43 10.247556
22 44 9.478740
22 45 10.007384
22 46 8.651671
22 47 10.450528
22 48 9.431648
22 49 10.560677
22 50 9.283515
22 51 9.802757
22 52 9.361451
22 53 8.591763
22 54 11.083884
22 55 9.890751
22 56 8.521717
22 57 9.661435
22 58 9.078190
22 59 10.663726
22 60 10.233441
22 61 10.797103
22 62 8.782870
22 63 10.450406
22 64 10.787784
22 65 9.416198
22 66 8.409967
22 67 9.304054
22 68 10.326082
22 69 9.669476
22 70 8.548605
22 71 9.868392
22 72 9.875112
22 73 9.766189
22 74 9.258777
22 75 9.372072
22 76 10.448776
22 77 9.308869
22 78 8.762050
22 79 11.015443
22 80 10.131692
22 81 9.966074
22 82 10.020608
22 83 8.401239
22 84 9.125000
22 85 10.695750
22 86 9.148792
22 87 8.545830
22 88 10.311489
22 89 10.899430
22 90 8.968160
22 91 9.253801
22 92 8.470694
22 93 8.724133
22 94 10.831408
22 95 10.379171
22 96 10.294281
22 97 9.422119
22 98 10.841442
22 99 9.653571
22 100 9.435337
22 101 9.586157
22 102 9.759874
22 103 10.073928
22 104 8.576727
22 105 10.815573
22 106 10.858903
22 107 9.178277
22 108 9.107211
22 109 10.255437
22 110 10.425407
22 111 9.408315
22 112 10.913881
22 113 10.480270
22 114 9.938189
22 115 10.840353
22 116 9.999744
22 117 9.530255
22 118 9.759682
22 119 10.165022
22 120 8.663667
22 121 10.400937
22 122 8.782507
22 123 9.542537
22 124 9.389984
22 125 9.308816
22 126 8.725102
22 127 9.963301
22 128 10.518786
22 129 10.930771
22 130 8.967589
22 131 8.641663
22 132 10.031113
22 133 9.050963
22 134 10.472525
22 135 10.856673
22 136 9.022378
22 137 9.752659
22 138 9.851177
22 139 8.595553
22 140 10.075351
22 141 8.722912
22 142 10.055831
22 143 10.413404
22 144 9.237043
22 145 9.457360
22 146 10.043273
22 147 10.365604
22 148 8.434867
22 149 9.334957
22 150 8.588932
22 151 8.738695
22 152 9.702639
22 153 8.928640
22 154 10.238219
22 155 10.521264
22 156 8.931041
22 157 9.100124
22 158 10.347057
22 159 10.394115
22 160 10.423035
22 161 10.343029
22 162 10.827686
22 163 8.764178
22 164 8.760677
22 165 10.854263
22 166 9.935086
22 167 10.037093
22 168 8.609202
22 169 8.921677
22 170 8.917330
22 171 11.108023
22 172 9.572834
22 173 9.134312
22 174 10.890434
22 175 8.666076
22 176 8.467507
22 177 9.203867
22 178 8.473579
22 179 10.552022
22 180 11.043958
22 181 8.403020
22 182 9.629494
22 183 10.891713
22 184 8.607981
22 185 9.248854
22 186 10.208424
22 187 10.611259
22 188 9.451422
22 189 10.441462
22 190 9.157585
22 191 10.321545
22 192 9.757214
22 193 8.518132
22 194 10.739307
22 195 9.974497
22 196 9.684291
22 197 9.966430
22 198 8.561618
22 199 8.854377
22 200 8.805762
23 0 10.823540
23 1 8.572215
23 2 9.038547
23 3 10.695637
23 4 10.956489
23 5 10.498147
23 6 9.113419
23 7 9.864940
23 8 9.044180
23 9 8.462020
23 10 9.429919
23 11 9.106488
23 12 10.356771
23 13 9.534085
23 14 9.924859
23 15 8.411618
23 16 9.516191
23 17 8.512146
23 18 9.075585
23 19 10.439911
23 20 10.863799
23 21 10.871068
23 22 8.846393
23 23 0.000000
23 24 10.255696
23 25 8.553027
23 26 9.596382
23 27 9.074682
23 28 9.788849
23 29 8.853169
23 30 10.658575
23 31 11.095055
23 32 9.519042
23 33 8.476090
23 34 8.898422
23 35 8.638998
23 36 10.901229
23 37 9.926456
23 38 8.861773
23 39 8.610448
23 40 9.677428
23 41 9.261575
23 42 11.109974
23 43 8.994029
23 44 10.848007
23 45 8.951078
23 46 10.717979
23 47 8.673463
23 48 10.731592
23 49 8.552961
23 50 10.575100
23 51 10.332235
23 52 9.669547
23 53 11.083436
23 54 10.622737
23 55 9.884017
23 56 10.313445
23 57 10.853787
23 58 8.833966
23 59 8.668715
23 60 10.071725
23 61 9.363397
23 62 8.787972
23 63 10.819941
23 64 10.250937
23 65 8.882391
23 66 8.793785
23 67 11.084354
23 68 8.640597
23 69 10.531576
23 70 9.248919
23 71 10.028041
23 72 9.796934
23 73 9.409959
23 74 8.593804
23 75 10.878516
23 76 9.340608
23 77 8.607884
23 78 8.457462
23 79 10.861790
23 80 10.791221
23 81 9.727873
23 82 10.378516
23 83 8.353546
23 84 11.033652
23 85 9.802967
23 86 10.848538
23 87 9.550934
23 88 8.610808
23 89 8.929634
23 90 9.568550
23 91 10.062806
23 92 10.404715
23 93 9.008739
23 94 9.528188
23 95 9.463948
23 96 10.891548
23 97 9.062192
23 98 10.974795
23 99 11.011342
23 100 9.311316
23 101 9.918290
23 102 9.560956
23 103 8.792553
23 104 8.347448
23 105 10.951972
23 106 9.934523
23 107 11.090590
23 108 8.423476
23 109 10.457898
23 110 9.902898
23 111 8.754562
23 112 10.762291
23 113 8.392219
23 114 9.908191
23 115 10.332494
23 116 9.297043
23 117 8.866787
23 118 10.074819
23 119 9.542899
23 120 9.891997
23 121 9.953493
23 122 10.152593
23 123 10.069936
23 124 10.845501
23 125 10.916292
23 126 10.905505
23 127 10.201229
23 128 9.739358
23 129 9.463487
23 130 8.786305
23 131 8.708059
23 132 10.453052
23 133 9.170993
23 134 9.061342
23 135 10.873539
23 136 9.242190
23 137 9.623557
23 138 9.163708
23 139 10.762284
23 140 9.500639
23 141 9.166408
23 142 10.761792
23 143 10.407519
23 144 9.471614
23 145 9.074972
23 146 9.116619
23 147 9.487494
23 148 9.639852
23 149 10.267204
23 150 9.686880
23 151 9.850002
23 152 8.401572
23 153 9.887911
23 154 8.790300
23 155 9.970155
23 156 9.666136
23 157 8.875711
23 158 11.005540
23 159 10.332035
23 160 10.976304
23 161 10.491381
23 162 10.485222
23 163 9.929085
23 164 10.808975
23 165 10.296493
23 166 10.518645
23 167 9.335155
23 168 9.558626
23 169 9.528417
23 170 10.748101
23 171 10.422925
23 172 9.260101
23 173 8.669480
23 174 9.575742
23 175 9.851586
23 176 10.788168
23 177 10.376787
23 178 8.461492
23 179 10.236965
23 180 9.532605
23 181 9.139640
23 182 10.934425
23 183 8.744699
23 184 8.610142
23 185 10.415483
23 186 8.712228
23 187 9.521437
23 188 10.956636
23 189 8.600799
23 190 10.196443
23 191 9.079540
23 192 9.849503
23 193 9.747651
23 194 9.313214
23 195 11.039443
23 196 10.086346
23 197 8.687499
23 198 8.896400
23 199 9.050690
23 200 10.780378
24 0 10.084535
24 1 10.363511
24 2 8.903985
24 3 9.110526
24 4 9.326265
24 5 10.283943
24 6 9.693783
24 7 8.547058
24 8 9.506180
24 9 10.008815
24 10 10.215847
24 11 10.593010
24 12 10.062689
24 13 10.888480
24 14 10.201362
24 15 9.522157
24 16 9.966197
24 17 9.521008
24 18 8.801069
24 19 10.876278
24 20 10.800227
24 21 9.496125
24 22 9.602874
24 23 10.255696
24 24 0.000000
24 25 8.507781
24 26 10.294962
24 27 10.585061
24 28 9.306617
24 29 8.451448
24 30 10.563615
24 31 9.610879
24 32 9.121623
24 33 10.185835
24 34 9.822041
24 35 9.731227
24 36 10.921373
24 37 9.590882
24 38 10.690548
24 39 10.052110
24 40 9.275915
24 41 8.586678
24 42 9.453614
24 43 9.029986
24 44 8.630609
24 45 9.495350
24 46 9.432067
24 47 9.619652
24 48 9.782174
24 49 10.221810
24 50 9.421279
24 51 9.896247
24 52 9.077003
24 53 9.034371
24 54 8.827436
24 55 10.984239
24 56 10.429931
24 57 10.849532
24 58 9.347717
24 59 8.511813
24 60 10.438220
24 61 9.647027
24 62 10.795129
24 63 9.816415
24 64 8.620384
24 65 11.053291
24 66 10.068543
24 67 10.252478
24 68 10.162466
24 69 8.627101
24 70 8.914553
24 71 8.910567
24 72 10.133719
24 73 9.550897
24 74 9.818429
24 75 9.808124
24 76 8.547000
24 77 9.135618
24 78 10.430090
24 79 10.809320
24 80 8.990798
24 81 9.762998
24 82 10.998049
24 83 8.882311
24 84 9.406727
24 85 10.401214
24 86 10.117989
24 87 8.720157
24 88 10.248588
24 89 9.824943
24 90 10.705740
24 91 10.315053
24 92 8.578661
24 93 9.243098
24 94 10.394370
24 95 10.167543
24 96 8.698149
24 97 9.402788
24 98 8.435233
24 99 9.128498
24 100 8.814073
24 101 8.820526
24 102 9.799159
24 103 8.784877
24 104 8.946079
24 105 8.485534
24 106 9.660906
24 107 10.928337
24 108 9.722826
24 109 10.299673
24 110 10.729713
24 111 9.197593
24 112 10.362728
24 113 8.450638
24 114 9.263115
24 115 9.729268
24 116 10.755303
24 117 9.633194
24 118 8.505082
24 119 9.824136
24 120 8.671697
24 121 10.676064
24 122 9.814988
24 123 10.764657
24 124 10.400543
24 125 9.266657
24 126 9.165300
24 127 10.983556
24 128 11.041880
24 129 10.676206
24 130 10.220521
24 131 8.877729
24 132 11.047874
24 133 10.020475
24 134 9.726766
24 135 9.151024
24 136 8.769101
24 137 10.871196
24 138 9.655333
24 139 10.110254
24 140 10.628174
24 141 9.362584
24 142 8.659224
24 143 9.506078
24 144 9.657123
24 145 8.432275
24 146 9.784167
24 147 8.915149
24 148 9.998241
24 149 8.674899
24 150 11.017015
24 151 9.940265
24 152 9.615592
24 153 9.677952
24 154 9.668621
24 155 8.923773
24 156 9.826874
24 157 9.853948
24 158 10.474735
24 159 10.574179
24 160 10.781411
24 161 8.831757
24 162 9.548866
24 163 10.468034
24 164 9.199647
24 165 8.985223
24 166 10.175330
24 167 10.325836
24 168 10.714365
24 169 10.803787
24 170 10.211085
24 171 8.991437
24 172 10.212176
24 173 8.966053
24 174 10.276632
24 175 9.444179
24 176 10.603696
24 177 9.708454
24 178 8.552181
24 179 10.091966
24 180 9.382436
24 181 9.038561
24 182 10.687791
24 183 10.026042
24 184 10.671542
24 185 8.480459
24 186 9.550952
24 187 8.913390
24 188 8.653780
24 189 9.484636
24 190 10.547019
24 191 11.005615
24 192 8.808338
24 193 10.715744
24 194 9.296613
24 195 9.378303
24 196 9.522369
24 197 9.296721
24 198 10.520958
24 199 10.719429
24 200 9.271117
25 0 9.113298
25 1 9.617821
25 2 10.111281
25 3 10.640285
25 4 9.083765
25 5 10.359361
25 6 10.177402
25 7 8.466422
25 8 11.059014
25 9 10.353107
25 10 8.594280
25 11 10.918125
25 12 9.565850
25 13 10.378776
25 14 10.783602
25 15 10.608822
25 16 8.976676
25 17 10.713129
25 18 10.681556
25 19 9.491167
25 20 9.790602
25 21 9.212200
25 22 9.316527
25 23 8.553027
25 24 8.507781
25 25 0.000000
25 26 8.800790
25 27 9.709734
25 28 10.067939
25 29 8.382520
25 30 9.268951
25 31 10.242548
25 32 10.597759
25 33 8.343441
25 34 9.995871
25 35 9.524074
25 36 10.487939
25 37 10.530165
25 38 9.379852
25 39 10.940480
25 40 10.378477
25 41 8.827622
25 42 10.779400
25 43 9.061098
25 44 8.961309
25 45 8.830250
25 46 9.113935
25 47 9.356251
25 48 8.740661
25 49 8.397432
25 50 8.997647
25 51 10.185751
25 52 8.341262
25 53 10.202173
25 54 9.380417
25 55 8.641564
25 56 8.454373
25 57 8.759644
25 58 11.083128
25 59 8.584857
25 60 10.587198
25 61 10.700952
25 62 8.822013
25 63 8.485643
25 64 8.408724
25 65 9.265828
25 66 10.911920
25 67 9.341224
25 68 10.209439
25 69 10.564790
25 70 9.194114
25 71 9.389779
25 72 10.620447
25 73 8.725287
25 74 10.115452
25 75 10.485667
25 76 10.017052
25 77 11.063995
25 78 8.428496
25 79 9.656362
25 80 10.080951
25 81 8.662040
25 82 11.093548
25 83 9.992017
25 84 10.154665
25 85 8.640837
25 86 10.930915
25 87 9.662835
25 88 9.045408
25 89 8.343589
25 90 8.698986
25 91 9.341067
25 92 11.036547
25 93 8.732822
25 94 8.534430
25 95 8.636790
25 96 11.015539
25 97 8.421227
25 98 9.562726
25 99 11.044289
25 100 9.152729
25 101 8.831131
25 102 10.133735
25 103 9.059083
25 104 10.080396
25 105 10.635833
25 106 11.038135
25 107 10.445108
25 108 10.907800
25 109 9.446764
25 110 9.026439
25 111 8.693828
25 112 8.932858
25 113 10.600030
25 114 10.696256
25 115 10.166182
25 116 8.829796
25 117 9.484672
25 118 8.849616
25 119 10.252770
25 120 9.758157
25 121 9.140997
25 122 8.609619
25 123 10.970584
25 124 8.346556
25 125 9.356563
25 126 9.357212
25 127 9.428547
25 128 10.994845
25 129 9.316395
25 130 10.499836
25 131 8.598213
25 132 9.055588
25 133 9.764934
25 134 8.708153
25 135 8.677897
25 136 9.371588
25 137 10.465362
25 138 8.931206
25 139 8.517865
25 140 8.462538
25 141 10.911792
25 142 10.760537
25 143 9.539857
25 144 8.759126
25 145 8.568930
25 146 8.501582
25 147 10.520043
25 148 11.098889
25 149 9.936854
25 150 8.928696
25 151 10.421232
25 152 9.039367
25 153 9.710198
25 154 10.638787
25 155 8.846352
25 156 10.633027
25 157 9.566878
25 158 8.635394
25 159 9.513514
25 160 10.678944
25 161 9.433044
25 162 10.073464
25 163 9.379487
25 164 10.391115
25 165 10.896595
25 166 8.359980
25 167 9.447172
25 168 8.660041
25 169 9.241156
25 170 8.396885
25 171 9.849675
25 172 9.013463
25 173 10.910067
25 174 9.082337
25 175 10.032424
25 176 9.106110
25 177 10.319280
25 178 9.674548
25 179 11.095001
25 180 10.936698
25 181 11.047572
25 182 9.918563
25 183 11.012270
25 184 9.758449
25 185 9.022405
25 186 9.746703
25 187 10.080902
25 188 10.619913
25 189 11.070420
25 190 9.719948
25 191 9.968193
25 192 10.573343
25 193 10.639665
25 194 9.706956
25 195 8.381504
25 196 9.143454
25 197 10.306931
25 198 8.939240
25 199 10.285777
25 200 8.582952
26 0 10.936787
26 1 10.154702
26 2 10.666826
26 3 8.626826
26 4 9.365394
26 5 8.736591
26 6 9.399390
26 7 9.861942
26 8 9.147143
26 9 8.903242
26 10 11.075464
26 11 9.460727
26 12 9.259889
26 13 9.194463
26 14 9.087375
26 15 10.272895
26 16 8.707942
26 17 8.810019
26 18 8.384120
26 19 10.197064
26 20 9.197063
26 21 10.722451
26 22 10.333694
26 23 9.596382
26 24 10.294962
26 25 8.800790
26 26 0.000000
26 27 9.164049
26 28 10.968681
26 29 10.160276
26 30 10.431885
26 31 10.665422
26 32 9.271699
26 33 8.429959
26 34 8.855886
26 35 10.613399
26 36 10.255158
26 37 9.386271
26 38 8.871332
26 39 10.183674
26 40 8.573952
26 41 10.077562
26 42 10.588322
26 43 8.657579
26 44 8.882296
26 45 10.767197
26 46 9.697737
26 47 10.510053
26 48 10.716646
26 49 9.580838
26 50 10.612196
26 51 8.935468
26 52 9.092503
26 53 9.811823
26 54 10.871246
26 55 10.175505
26 56 10.685435
26 57 10.099262
26 58 10.084827
26 59 10.892095
26 60 9.349923
26 61 9.716025
26 62 8.381183
26 63 8.567648
26 64 10.936250
26 65 10.990252
26 66 9.479060
26 67 10.759864
26 68 9.310241
26 69 8.637951
26 70 9.632130
26 71 10.774005
26 72 9.350207
26 73 9.448919
26 74 9.489081
26 75 8.717623
26 76 8.569586
26 77 9.695370
26 78 10.663591
26 79 9.662459
26 80 9.538970
26 81 10.545906
26 82 9.142168
26 83 8.848148
26 84 10.126144
26 85 9.016586
26 86 8.926057
26 87 11.040194
26 88 9.430687
26 89 10.492643
26 90 9.534906
26 91 8.915183
26 92 8.403624
26 93 8.354992
26 94 9.818280
26 95 8.875610
26 96 8.839694
26 97 10.444038
26 98 8.337677
26 99 10.546327
26 100 10.168545
26 101 9.574665
26 102 10.120604
26 103 10.173974
26 104 8.387244
26 105 9.387556
26 106 10.235445
26 107 9.555641
26 108 9.865379
26 109 9.699800
26 110 10.329855
26 111 8.589834
26 112 9.971491
26 113 10.297251
26 114 9.121266
26 115 10.506609
26 116 9.307972
26 117 8.429302
26 118 9.657762
26 119 10.135007
26 120 10.148349
26 121 9.092836
26 122 10.578261
26 123 9.904157
26 124 10.966344
26 125 10.757140
26 126 8.662244
26 127 9.861106
26 128 9.974541
26 129 9.585434
26 130 9.570884
26 131 8.949519
26 132 8.508041
26 133 10.526540
26 134 8.755312
26 135 9.857464
26 136 9.132311
26 137 8.905437
26 138 9.342897
26 139 8.451957
26 140 8.496332
26 141 9.685989
26 142 8.779891
26 143 10.687886
26 144 8.659435
26 145 8.593594
26 146 9.233341
26 147 8.991215
26 148 10.564176
26 149 10.985625
26 150 10.774985
26 151 10.200231
26 152 9.551270
26 153 10.108173
26 154 10.647008
26 155 11.005639
26 156 10.974683
26 157 8.397860
26 158 8.432294
26 159 8.790422
26 160 10.410048
26 161 9.583376
26 162 9.543520
26 163 9.386975
26 164 8.803761
26 165 9.861690
26 166 8.680434
26 167 9.966276
26 168 10.145020
26 169 9.866159
26 170 10.233365
26 171 9.601481
26 172 9.747570
26 173 9.402852
26 174 10.868254
26 175 9.184715
26 176 10.972963
26 177 9.287668
26 178 10.544260
26 179 9.261819
26 180 10.084504
26 181 10.225198
26 182 10.222572
26 183 8.612967
26 184 10.570350
26 185 9.613739
26 186 9.190489
26 187 8.378875
26 188 10.954153
26 189 10.597004
26 190 9.938552
26 191 10.919367
26 192 10.533471
26 193 8.598169
26 194 10.831451
26 195 9.091771
26 196 8.454816
26 197 10.179462
26 198 9.632517
26 199 10.032369
26 200 9.157928
27 0 8.844235
27 1 10.210323
27 2 9.095495
27 3 9.408650
27 4 8.868171
27 5 10.750586
27 6 10.310702
27 7 8.440808
27 8 10.241060
27 9 10.740615
27 10 9.764901
27 11 10.556001
27 12 8.614373
27 13 10.908044
27 14 9.691127
27 15 8.783910
27 16 10.108217
27 17 8.698341
27 18 8.416798
27 19 9.042440
27 20 8.892087
27 21 9.213829
27 22 9.134072
27 23 9.074682
27 24 10.585061
27 25 9.709734
27 26 9.164049
27 27 0.000000
27 28 11.074934
27 29 8.830635
27 30 10.904179
27 31 10.095066
27 32 9.679774
27 33 8.644489
27 34 9.339710
27 35 10.877031
27 36 8.942910
27 37 9.394875
27 38 10.010341
27 39 10.835635
27 40 10.388974
27 41 8.856854
27 42 10.870811
27 43 9.895214
27 44 8.339779
27 45 9.449999
27 46 10.136592
27 47 8.372346
27 48 10.449988
27 49 9.243882
27 50 10.084231
27 51 10.433115
27 52 9.707066
27 53 9.764474
27 54 9.829659
27 55 10.821696
27 56 10.382854
27 57 9.990523
27 58 9.638749
27 59 9.706737
27 60 9.682900
27 61 8.890614
27 62 9.869349
27 63 9.793844
27 64 9.037668
27 65 10.911060
27 66 10.112482
27 67 8.467050
27 68 9.407974
27 69 9.560073
27 70 10.285143
27 71 8.735169
27 72 9.955045
27 73 10.520248
27 74 8.483987
27 75 8.547241
27 76 10.573784
27 77 10.567273
27 78 10.707144
27 79 9.787258
27 80 9.291725
27 81 8.499764
27 82 9.147131
27 83 9.667835
27 84 9.739090
27 85 9.793113
27 86 8.636108
27 87 9.427226
27 88 8.778999
27 89 9.781293
27 90 10.133681
27 91 10.686096
27 92 8.789753
27 93 8.952908
27 94 8.379264
27 95 8.922816
27 96 9.581761
27 97 10.804710
27 98 10.580859
27 99 10.123624
27 100 10.978638
27 101 10.791764
27 102 9.161896
27 103 10.299094
27 104 10.588433
27 105 9.592376
27 106 9.211327
27 107 9.759041
27 108 10.298083
27 109 8.435206
27 110 10.131103
27 111 10.430698
27 112 8.962634
27 113 10.629881
27 114 8.358228
27 115 9.702654
27 116 9.258012
27 117 10.040267
27 118 9.266022
27 119 8.597954
27 120 9.199704
27 121 11.030009
27 122 11.022017
27 123 9.178295
27 124 8.800704
27 125 9.212711
27 126 9.206974
27 127 8.906043
27 128 9.257843
27 129 10.629060
27 130 9.858614
27 131 8.944977
27 132 10.228240
27 133 8.943464
27 134 8.992334
27 135 10.664920
27 136 10.205889
27 137 10.542983
27 138 9.850151
27 139 9.652210
27 140 8.773145
27 141 9.381960
27 142 10.988873
27 143 10.727859
27 144 10.288577
27 145 10.455208
27 146 10.533967
27 147 10.321526
27 148 8.468937
27 149 10.112905
27 150 9.332364
27 151 9.315411
27 152 10.905769
27 153 9.519814
27 154 10.213401
27 155 9.294277
27 156 10.805422
27 157 8.378243
27 158 10.531915
27 159 9.836937
27 160 10.561821
27 161 9.040135
27 162 9.947147
27 163 9.021072
27 164 10.762546
27 165 9.239325
27 166 9.350459
27 167 11.041514
27 168 9.132890
27 169 8.895728
27 170 8.728736
27 171 10.739000
27 172 10.386963
27 173 9.498243
27 174 10.069475
27 175 9.804917
27 176 9.342541
27 177 8.754475
27 178 9.622136
27 179 9.271855
27 180 8.351535
27 181 9.351283
27 182 8.412581
27 183 10.998301
27 184 8.805253
27 185 8.991436
27 186 8.433709
27 187 10.264876
27 188 10.997720
27 189 9.571531
27 190 8.884349
27 191 10.396588
27 192 8.467323
27 193 9.326229
27 194 10.687597
27 195 8.416758
27 196 10.123952
27 197 10.969292
27 198 9.362004
27 199 8.695390
27 200 10.737374
28 0 10.134451
28 1 10.660119
28 2 8.538421
28 3 10.776543
28 4 9.063927
28 5 8.897114
28 6 8.544001
28 7 8.616162
28 8 8.953010
28 9 9.796129
28 10 10.681740
28 11 10.999197
28 12 8.819983
28 13 10.656837
28 14 8.352691
28 15 9.653340
28 16 9.762035
28 17 8.719308
28 18 10.609061
28 19 8.726610
28 20 8.788523
28 21 9.451646
28 22 9.244713
28 23 9.788849
28 24 9.306617
28 25 10.067939
28 26 10.968681
28 27 11.074934
28 28 0.000000
28 29 10.172034
28 30 8.509461
28 31 10.634928
28 32 10.898067
28 33 8.581964
28 34 8.745043
28 35 10.515316
28 36 8.375543
28 37 8.833873
28 38 8.369378
28 39 10.942648
28 40 11.025906
28 41 9.898689
28 42 9.890136
28 43 8.496262
28 44 8.532820
28 45 9.380174
28 46 10.719872
28 47 10.769392
28 48 9.236024
28 49 9.974522
28 50 10.445757
28 51 8.608645
28 52 8.973829
28 53 9.003657
28 54 9.189864
28 55 9.634125
28 56 10.534265
28 57 8.492220
28 58 10.892872
28 59 8.907635
28 60 9.172075
28 61 9.713155
28 62 11.094767
28 63 10.650448
28 64 9.738485
28 65 8.856657
28 66 9.992666
28 67 11.047715
28 68 9.396887
28 69 10.801938
28 70 10.121472
28 71 9.891157
28 72 9.310467
28 73 10.123703
28 74 8.641221
28 75 9.169063
28 76 10.378528
28 77 9.259655
28 78 10.800682
28 79 9.411169
28 80 8.607871
28 81 10.268354
28 82 9.297045
28 83 9.382497
28 84 8.873390
28 85 8.470650
28 86 8.957713
28 87 8.535678
28 88 8.586501
28 89 10.125963
28 90 9.180703
28 91 9.066549
28 92 10.027054
28 93 10.871192
28 94 10.531849
28 95 10.047075
28 96 10.427190
28 97 10.568579
28 98 10.599268
28 99 9.833803
28 100 9.339899
28 101 10.932948
28 102 8.964946
28 103 9.138889
28 104 9.191025
28 105 10.672095
28 106 10.360532
28 107 8.798504
28 108 9.198896
28 109 10.963052
28 110 10.367254
28 111 8.383499
28 112 9.210566
28 113 9.045957
28 114 8.375727
28 115 9.549863
28 116 8.954429
28 117 9.700887
28 118 10.713983
28 119 10.777704
28 120 10.529120
28 121 10.473589
28 122 9.074840
28 123 8.337596
28 124 10.946341
28 125 9.545297
28 126 10.360941
28 127 9.900482
28 128 8.700496
28 129 8.642299
28 130 9.366169
28 131 8.982293
28 132 8.403825
28 133 10.275703
28 134 8.692686
28 135 8.951927
28 136 9.474065
28 137 9.383898
28 138 10.876528
28 139 9.062910
28 140 8.612378
28 141 9.134918
28 142 11.029964
28 143 9.232290
28 144 11.084224
28 145 8.937138
28 146 11.016922
28 147 10.978922
28 148 10.211705
28 149 10.662759
28 150 8.676787
28 151 8.603477
28 152 10.333262
28 153 9.170411
28 154 10.966351
28 155 10.128551
28 156 9.956473
28 157 10.018190
28 158 8.946945
28 159 9.673767
28 160 8.493762
28 161 9.685904
28 162 8.448843
28 163 8.583635
28 164 8.816534
28 165 10.781928
28 166 9.901260
28 167 9.668267
28 168 9.849268
28 169 9.137757
28 170 9.998831
28 171 8.701640
28 172 8.390197
28 173 9.677950
28 174 10.461167
28 175 9.152438
28 176 8.551557
28 177 9.539800
28 178 10.166722
28 179 9.582450
28 180 9.900298
28 181 9.568718
28 182 10.324505
28 183 10.469713
28 184 9.727109
28 185 10.688888
28 186 10.637712
28 187 9.446760
28 188 10.309380
28 189 10.693791
28 190 10.273642
28 191 8.489821
28 192 9.342989
28 193 9.497621
28 194 10.444858
28 195 9.886682
28 196 10.992959
28 197 10.175190
28 198 9.306918
28 199 11.012582
28 200 9.197441
29 0 8.850947
29 1 9.153758
29 2 10.008843
29 3 10.829449
29 4 9.619728
29 5 8.347327
29 6 9.669920
29 7 10.292477
29 8 10.543771
29 9 10.109777
29 10 10.293051
29 11 8.371966
29 12 9.363465
29 13 10.876854
29 14 9.686971
29 15 8.540429
29 16 11.107817
29 17 9.076196
29 18 10.396565
29 19 11.005040
29 20 8.915689
29 21 10.994879
29 22 9.499193
29 23 8.853169
29 24 8.451448
29 25 8.382520
29 26 10.160276
29 27 8.830635
29 28 10.172034
29 29 0.000000
29 30 9.987859
29 31 9.270485
29 32 8.846527
29 33 10.247592
29 34 8.816283
29 35 10.273348
29 36 10.538448
29 37 9.130961
29 38 9.744814
29 39 10.641380
29 40 10.241226
29 41 9.959401
29 42 10.312280
29 43 9.987913
29 44 8.949394
29 45 10.587811
29 46 8.998021
29 47 10.474354
29 48 11.042365
29 49 10.451796
29 50 9.893501
29 51 10.878609
29 52 9.631562
29 53 9.785916
29 54 10.145486
29 55 10.344433
29 56 8.767500
29 57 10.637657
29 58 10.224546
29 59 9.560808
29 60 10.245258
29 61 10.356234
29 62 10.846826
29 63 9.738814
29 64 8.898977
29 65 9.577723
29 66 9.875881
29 67 8.345412
29 68 9.944311
29 69 9.793844
29 70 8.797026
29 71 10.112543
29 72 10.076870
29 73 8.785400
29 74 9.543568
29 75 10.611537
29 76 11.059061
29 77 10.161457
29 78 9.418093
29 79 8.889465
29 80 10.028495
29 81 10.043332
29 82 10.768216
29 83 9.032669
29 84 8.345844
29 85 8.461427
29 86 10.151049
29 87 8.441440
29 88 8.547101
29 89 10.376320
29 90 10.076483
29 91 10.471103
29 92 10.939255
29 93 9.994792
29 94 10.042666
29 95 10.077050
29 96 8.729735
29 97 9.435353
29 98 10.965593
29 99 10.206739
29 100 11.084373
29 101 10.538486
29 102 10.673210
29 103 10.580901
29 104 9.113383
29 105 9.905089
29 106 9.640512
29 107 10.515805
29 108 8.754939
29 109 10.725743
29 110 9.599987
29 111 9.541433
29 112 8.738560
29 113 10.336275
29 114 9.077665
29 115 10.786965
29 116 9.383918
29 117 9.761428
29 118 11.052332
29 119 11.093322
29 120 10.800066
29 121 9.674660
29 122 10.713729
29 123 9.489280
29 124 10.167071
29 125 11.002664
29 126 9.474609
29 127 10.773251
29 128 9.846470
29 129 10.296944
29 130 9.896709
29 131 9.245179
29 132 10.766846
29 133 9.880578
29 134 9.329636
29 135 9.906705
29 136 9.624048
29 137 10.271043
29 138 10.575041
29 139 9.322973
29 140 8.868340
29 141 10.812836
29 142 10.107785
29 143 8.787073
29 144 8.514652
29 145 9.008003
29 146 9.937364
29 147 10.691413
29 148 9.549442
29 149 9.469292
29 150 8.881259
29 151 8.765973
29 152 9.321066
29 153 9.866288
29 154 8.926344
29 155 10.520101
29 156 9.536253
29 157 9.588454
29 158 10.122366
29 159 10.063459
29 160 10.962637
29 161 10.536297
29 162 9.634296
29 163 10.957973
29 164 10.523326
29 165 10.280475
29 166 9.425484
29 167 8.849238
29 168 9.737950
29 169 10.881026
29 170 8.763114
29 171 11.096036
29 172 9.743284
29 173 9.411365
29 174 10.715668
29 175 10.146775
29 176 10.054260
29 177 8.518123
29 178 10.607038
29 179 8.704747
29 180 9.073134
29 181 8.907753
29 182 9.555572
29 183 10.913165
29 184 10.442944
29 185 8.631807
29 186 9.115849
29 187 9.924618
29 188 9.648147
29 189 9.349812
29 190 10.070199
29 191 9.054727
29 192 8.671617
29 193 9.897033
29 194 9.515725
29 195 8.925805
29 196 8.447618
29 197 8.883814
29 198 9.856736
29 199 10.290392
29 200 11.011663
30 0 9.653902
30 1 10.422168
30 2 9.799388
30 3 8.547002
30 4 10.648644
30 5 10.890124
30 6 9.540077
30 7 9.469987
30 8 10.022886
30 9 9.253763
30 10 10.369706
30 11 9.851450
30 12 10.566790
30 13 8.406399
30 14 9.532179
30 15 11.074338
30 16 10.456379
30 17 9.204224
30 18 10.691094
30 19 8.908394
30 20 9.347758
30 21 10.418251
30 22 10.999493
30 23 10.658575
30 24 10.563615
30 25 9.268951
30 26 10.431885
30 27 10.904179
30 28 8.509461
30 29 9.987859
30 30 0.000000
30 31 9.191428
30 32 9.083162
30 33 10.405019
30 34 10.451048
30 35 10.785209
30 36 10.083734
30 37 10.038087
30 38 9.191898
30 39 10.595693
30 40 10.988537
30 41 8.998906
30 42 10.933829
30 43 9.770324
30 44 9.667534
30 45 9.249411
30 46 9.720959
30 47 10.607363
30 48 8.691273
30 49 8.993921
30 50 9.219717
30 51 9.487861
30 52 9.082698
30 53 9.913750
30 54 8.751754
30 55 9.879024
30 56 9.977858
30 57 8.670852
30 58 10.359448
30 59 10.168525
30 60 9.744019
30 61 10.548954
30 62 8.456592
30 63 9.312513
30 64 10.894195
30 65 8.753078
30 66 8.709100
30 67 8.583913
30 68 8.727098
30 69 8.780127
30 70 10.592771
30 71 9.542118
30 72 8.348956
30 73 9.978500
30 74 9.501888
30 75 8.877117
30 76 9.000133
30 77 8.973153
30 78 8.722740
30 79 10.682257
30 80 11.104389
30 81 9.423965
30 82 10.857592
30 83 10.797217
30 84 8.504886
30 85 10.333516
30 86 10.556826
30 87 10.311913
30 88 11.076433
30 89 10.953973
30 90 8.394021
30 91 10.362040
30 92 9.054508
30 93 10.991731
30 94 9.869348
30 95 10.906514
30 96 8.529083
30 97 10.110027
30 98 10.391876
30 99 10.652784
30 100 10.278819
30 101 9.436359
30 102 9.005828
30 103 9.888067
30 104 10.191963
30 105 10.665293
30 106 9.753920
30 107 11.094897
30 108 8.869742
30 109 9.272066
30 110 8.562625
30 111 8.957157
30 112 10.921327
30 113 9.324659
30 114 10.748879
30 115 10.608162
30 116 9.030669
30 117 9.053716
30 118 8.845877
30 119 10.435587
30 120 9.847501
30 121 10.020497
30 122 8.691049
30 123 9.966822
30 124 9.720160
30 125 9.872256
30 126 9.877585
30 127 10.380930
30 128 8.941538
30 129 10.100694
30 130 10.050711
30 131 8.894541
30 132 10.187018
30 133 10.789051
30 134 9.523045
30 135 9.685438
30 136 9.730779
30 137 8.995548
30 138 10.237840
30 139 10.121239
30 140 10.844566
30 141 10.013292
30 142 9.358308
30 143 8.548510
30 144 10.258603
30 145 9.343861
30 146 8.772937
30 147 9.780800
30 148 9.216928
30 149 9.958219
30 150 10.766073
30 151 8.478361
30 152 10.324145
30 153 11.026389
30 154 9.636335
30 155 10.136818
30 156 10.940300
30 157 10.790927
30 158 9.396663
30 159 10.493575
30 160 8.995226
30 161 10.505170
30 162 10.060362
30 163 8.815974
30 164 9.909472
30 165 10.457205
30 166 10.878622
30 167 10.855564
30 168 8.347999
30 169 10.484565
30 170 8.887805
30 171 8.783738
30 172 10.843622
30 173 8.363697
30 174 10.369145
30 175 10.071834
30 176 10.589885
30 177 10.802293
30 178 9.694124
30 179 9.608668
30 180 8.619772
30 181 8.523344
30 182 10.375410
30 183 8.562733
30 184 8.562209
30 185 10.621157
30 186 8.656296
30 187 9.765304
30 188 9.168645
30 189 9.734840
30 190 10.636768
30 191 10.716602
30 192 8.810557
30 193 10.214281
30 194 9.255031
30 195 10.111014
30 196 8.944200
30 197 11.051062
30 198 8.377472
30 199 11.096864
30 200 10.696301
31 0 9.731124
31 1 8.407088
31 2 8.958277
31 3 10.079568
31 4 8.941558
31 5 9.891284
31 6 8.672230
31 7 10.634147
31 8 9.479193
31 9 8.939644
31 10 10.033695
31 11 10.651412
31 12 10.473454
31 13 10.869905
31 14 8.479640
31 15 10.777956
31 16 8.419569
31 17 10.181147
31 18 10.050191
31 19 9.073189
31 20 9.673859
31 21 10.539054
31 22 8.834477
31 23 11.095055
31 24 9.610879
31 25 10.242548
31 26 10.665422
31 27 10.095066
31 28 10.634928
31 29 9.270485
31 30 9.191428
31 31 0.000000
31 32 9.326549
31 33 11.013577
31 34 9.419427
31 35 9.482884
31 36 9.738191
31 37 9.891221
31 38 9.474194
31 39 11.092395
31 40 10.289794
31 41 9.879388
31 42 10.363483
31 43 8.749614
31 44 9.290372
31 45 8.550056
31 46 9.705975
31 47 10.001510
31 48 10.519422
31 49 9.504654
31 50 8.508693
31 51 9.984696
31 52 10.949292
31 53 10.742526
31 54 9.783340
31 55 9.162238
31 56 8.943374
31 57 10.499886
31 58 8.760668
31 59 10.944110
31 60 9.138464
31 61 8.696022
31 62 9.433957
31 63 10.903910
31 64 10.205166
31 65 9.641527
31 66 8.523708
31 67 10.601237
31 68 8.638951
31 69 11.076742
31 70 10.087765
31 71 10.200352
31 72 11.110844
31 73 9.743502
31 74 10.793427
31 75 8.880102
31 76 8.521109
31 77 9.553800
31 78 11.069940
31 79 8.536636
31 80 10.116715
31 81 8.803114
31 82 9.661328
31 83 9.569917
31 84 9.323600
31 85 8.933549
31 86 10.551514
31 87 9.130974
31 88 8.344158
31 89 8.754050
31 90 8.600301
31 91 8.426989
31 92 8.392231
31 93 9.319401
31 94 9.542617
31 95 10.625120
31 96 8.825258
31 97 8.607116
31 98 9.254829
31 99 10.176482
31 100 9.514782
31 101 10.214688
31 102 9.366925
31 103 9.211419
31 104 9.194852
31 105 10.373438
31 106 8.549056
31 107 9.647244
31 108 8.418679
31 109 9.163549
31 110 9.881094
31 111 9.800759
31 112 10.315478
31 113 10.478712
31 114 8.412938
31 115 10.683827
31 116 10.249892
31 117 9.283810
31 118 10.694077
31 119 10.964653
31 120 9.377714
31 121 9.142078
31 122 10.311427
31 123 10.337597
31 124 10.369090
31 125 8.915946
31 126 8.536832
31 127 10.425351
31 128 9.930640
31 129 9.487371
31 130 9.428999
31 131 10.075281
31 132 9.043726
31 133 9.161244
31 134 9.179518
31 135 10.780011
31 136 10.069267
31 137 8.832460
31 138 9.369098
31 139 9.483349
31 140 10.098748
31 141 8.405657
31 142 8.776750
31 143 10.595692
31 144 10.336994
31 145 9.796769
31 146 10.867403
31 147 8.702912
31 148 10.448961
31 149 9.788809
31 150 9.094430
31 151 9.548011
31 152 10.870260
31 153 10.101915
31 154 8.725183
31 155 9.323888
31 156 8.817377
31 157 8.625900
31 158 8.969364
31 159 9.341902
31 160 10.123968
31 161 8.670620
31 162 10.409205
31 163 9.396584
31 164 8.416325
31 165 8.980836
31 166 10.801977
31 167 9.560413
31 168 9.972737
31 169 8.338157
31 170 8.617566
31 171 9.958009
31 172 10.875116
31 173 9.144347
31 174 10.746918
31 175 10.726187
31 176 8.593917
31 177 10.299653
31 178 9.726001
31 179 9.794731
31 180 10.974393
31 181 9.780163
31 182 10.566449
31 183 9.847306
31 184 8.390489
31 185 9.755383
31 186 8.547529
31 187 10.647039
31 188 9.789851
31 189 10.254602
31 190 9.969638
31 191 10.510816
31 192 9.147356
31 193 10.177322
31 194 8.677241
31 195 9.127894
31 196 10.311971
31 197 10.611877
31 198 10.686908
31 199 9.217871
31 200 10.683976
32 0 10.391761
32 1 9.661708
32 2 9.829877
32 3 9.645112
32 4 10.424734
32 5 10.721838
32 6 10.549146
32 7 10.611493
32 8 10.554431
32 9 8.746018
32 10 10.395815
32 11 9.223393
32 12 9.379104
32 13 8.426025
32 14 10.514665
32 15 10.610926
32 16 9.193539
32 17 8.886101
32 18 8.643979
32 19 9.575760
32 20 8.965000
32 21 8.578002
32 22 9.625624
32 23 9.519042
32 24 9.121623
32 25 10.597759
32 26 9.271699
32 27 9.679774
32 28 10.898067
32 29 8.846527
32 30 9.083162
32 31 9.326549
32 32 0.000000
32 33 9.334520
32 34 9.391502
32 35 9.612226
32 36 10.002036
32 37 9.475789
32 38 9.544094
32 39 9.366881
32 40 10.053825
32 41 9.706649
32 42 11.106557
32 43 9.845124
32 44 8.641611
32 45 9.159208
32 46 9.304176
32 47 9.163011
32 48 10.330925
32 49 10.235103
32 50 10.593717
32 51 9.613091
32 52 9.461788
32 53 9.034628
32 54 10.111163
32 55 8.666420
32 56 9.323522
32 57 9.141149
32 58 8.761705
32 59 9.759189
32 60 9.436224
32 61 10.311512
32 62 10.148295
32 63 8.919962
32 64 8.365296
32 65 9.600330
32 66 9.357675
32 67 10.721043
32 68 8.466962
32 69 11.012711
32 70 8.988833
32 71 10.406183
32 72 9.688511
32 73 8.817617
32 74 10.035927
32 75 8.353747
32 76 9.146045
32 77 11.065907
32 78 8.896790
32 79 8.343306
32 80 10.567656
32 81 10.164504
32 82 8.557869
32 83 8.359801
32 84 10.914719
32 85 10.961533
32 86 9.345913
32 87 10.706976
32 88 9.393526
32 89 10.239372
32 90 9.492209
32 91 10.056402
32 92 9.686188
32 93 9.975293
32 94 9.421272
32 95 10.965249
32 96 9.112536
32 97 10.031373
32 98 8.593548
32 99 10.186897
32 100 9.825316
32 101 9.650542
32 102 9.556443
32 103 9.347306
32 104 10.313693
32 105 10.037731
32 106 9.330371
32 107 9.707690
32 108 10.501881
32 109 10.160618
32 110 8.361461
32 111 10.380994
32 112 8.368039
32 113 8.543652
32 114 10.070270
32 115 9.436078
32 116 10.894466
32 117 9.139497
32 118 10.141192
32 119 8.771307
32 120 8.366401
32 121 10.714394
32 122 10.832554
32 123 8.610516
32 124 9.178352
32 125 9.357475
32 126 10.059272
32 127 8.498388
32 128 9.210265
32 129 10.743291
32 130 10.932790
32 131 9.240219
32 132 10.457205
32 133 10.890879
32 134 9.246428
32 135 10.126850
32 136 8.502252
32 137 10.774840
32 138 9.896495
32 139 9.073846
32 140 10.774135
32 141 10.957127
32 142 9.346961
32 143 10.646827
32 144 9.025294
32 145 10.139185
32 146 10.787281
32 147 8.988661
32 148 10.120275
32 149 10.978711
32 150 10.765941
32 151 10.213670
32 152 10.348036
32 153 9.408467
32 154 10.652891
32 155 8.986017
32 156 10.715247
32 157 8.365274
32 158 10.842417
32 159 9.745167
32 160 8.890388
32 161 10.854316
32 162 9.204110
32 163 10.137007
32 164 8.730306
32 165 10.450058
32 166 9.030171
32 167 8.855374
32 168 10.806231
32 169 10.539941
32 170 10.083553
32 171 9.442291
32 172 9.724644
32 173 8.542035
32 174 9.868609
32 175 10.998728
32 176 8.548254
32 177 9.373390
32 178 9.952458
32 179 9.772549
32 180 8.991517
32 181 10.234974
32 182 9.527650
32 183 9.562549
32 184 10.058708
32 185 9.497370
32 186 9.130996
32 187 8.376096
32 188 10.703859
32 189 10.492116
32 190 10.747957
32 191 10.743893
32 192 11.036319
32 193 10.993850
32 194 8.493495
32 195 9.057373
32 196 10.606914
32 197 10.955025
32 198 9.862607
32 199 10.056018
32 200 8.837070
33 0 8.645368
33 1 10.622180
33 2 10.384405
33 3 9.664467
33 4 9.783473
33 5 8.859485
33 6 8.520883
33 7 9.702954
33 8 8.779301
33 9 10.992435
33 10 8.599831
33 11 9.505853
33 12 9.703538
33 13 8.703057
33 14 9.108037
33 15 9.036316
33 16 10.336997
33 17 8.623058
33 18 10.493173
33 19 8.975414
33 20 8.596805
33 21 10.798918
33 22 10.164493
33 23 8.476090
33 24 10.185835
33 25 8.343441
33 26 8.429959
33 27 8.644489
33 28 8.581964
33 29 10.247592
33 30 10.405019
33 31 11.013577
33 32 9.334520
33 33 0.000000
33 34 9.158570
33 35 9.492357
33 36 9.071380
33 37 9.673355
33 38 8.628092
33 39 9.541949
33 40 8.600838
33 41 10.963411
33 42 9.008847
33 43 10.563790
33 44 8.685869
33 45 10.154862
33 46 9.818642
33 47 8.786508
33 48 10.121162
33 49 10.185722
33 50 10.366112
33 51 10.939006
33 52 8.873067
33 53 10.591823
33 54 10.240322
33 55 8.913741
33 56 9.789278
33 57 9.522684
33 58 8.759815
33 59 9.734463
33 60 10.342049
33 61 10.228035
33 62 9.777750
33 63 9.487134
33 64 8.802346
33 65 9.653872
33 66 8.420308
33 67 11.097818
33 68 8.774326
33 69 10.886284
33 70 9.837070
33 71 8.668685
33 72 10.458836
33 73 10.305904
33 74 8.575265
33 75 9.955162
33 76 10.466616
33 77 10.866609
33 78 9.039262
33 79 11.049776
33 80 10.973437
33 81 9.844947
33 82 9.467360
33 83 8.679717
33 84 10.385638
33 85 9.752220
33 86 9.310309
33 87 10.843879
33 88 10.191745
33 89 10.914074
33 90 10.989485
33 91 9.397029
33 92 8.667284
33 93 11.041555
33 94 9.061379
33 95 9.079360
33 96 8.799153
33 97 9.310970
33 98 8.498639
33 99 9.793280
33 100 9.575346
33 101 9.101234
33 102 10.843188
33 103 8.579060
33 104 8.437579
33 105 10.887749
33 106 8.342255
33 107 8.919636
33 108 9.978664
33 109 8.391171
33 110 8.678625
33 111 10.244556
33 112 8.656953
33 113 9.198145
33 114 9.307700
33 115 9.535811
33 116 9.378632
33 117 9.542837
33 118 9.608054
33 119 9.388296
33 120 10.455757
33 121 9.803771
33 122 10.800727
33 123 8.888761
33 124 8.581814
33 125 10.592188
33 126 10.093447
33 127 9.373396
33 128 10.994477
33 129 8.454261
33 130 9.035723
33 131 10.003672
33 132 8.553508
33 133 8.565671
33 134 9.333941
33 135 10.600175
33 136 10.463601
33 137 8.965284
33 138 8.601966
33 139 9.558718
33 140 10.238529
33 141 10.664633
33 142 8.350930
33 143 10.351851
33 144 10.556416
33 145 9.361683
33 146 9.062668
33 147 8.962428
33 148 9.430677
33 149 10.308345
33 150 8.455131
33 151 8.969739
33 152 9.907762
33 153 10.455768
33 154 8.393942
33 155 10.729998
33 156 8.887408
33 157 10.228475
33 158 10.103091
33 159 8.346989
33 160 8.906583
33 161 10.361856
33 162 10.453525
33 163 9.204216
33 164 8.952530
33 165 8.400804
33 166 8.603544
33 167 9.995291
33 168 9.499988
33 169 10.022097
33 170 9.325491
33 171 10.202136
33 172 10.256138
33 173 9.814924
33 174 10.521675
33 175 10.484853
33 176 9.889042
33 177 10.772633
33 178 9.249227
33 179 10.676900
33 180 9.133895
33 181 10.292323
33 182 8.687400
33 183 8.335145
33 184 8.945933
33 185 8.595179
33 186 10.700882
33 187 8.481925
33 188 10.129988
33 189 10.161032
33 190 9.569662
33 191 10.292194
33 192 9.681345
33 193 9.929849
33 194 8.733060
33 195 10.303263
33 196 9.976227
33 197 9.021872
33 198 9.739235
33 199 9.115477
33 200 8.637116
34 0 9.708221
34 1 8.476944
34 2 8.805276
34 3 9.649649
34 4 10.163060
34 5 9.889158
34 6 9.688377
34 7 9.768247
34 8 8.473808
34 9 10.525409
34 10 8.434072
34 11 9.829105
34 12 11.003598
34 13 8.629301
34 14 10.643887
34 15 9.632820
34 16 9.048418
34 17 8.530443
34 18 8.864756
34 19 10.596773
34 20 8.705457
34 21 10.174054
34 22 9.142818
34 23 8.898422
34 24 9.822041
34 25 9.995871
34 26 8.855886
34 27 9.339710
34 28 8.745043
34 29 8.816283
34 30 10.451048
34 31 9.419427
34 32 9.391502
34 33 9.158570
34 34 0.000000
34 35 10.548275
34 36 10.663710
34 37 10.588105
34 38 9.432971
34 39 9.543950
34 40 9.433555
34 41 10.197575
34 42 10.359827
34 43 11.100403
34 44 10.946892
34 45 9.991990
34 46 9.717434
34 47 10.613506
34 48 9.877644
34 49 8.572152
34 50 9.204356
34 51 9.314054
34 52 10.204590
34 53 10.699285
34 54 9.907429
34 55 8.753262
34 56 8.855927
34 57 10.976412
34 58 9.482877
34 59 8.592981
34 60 10.101041
34 61 10.955250
34 62 9.495864
34 63 9.571535
34 64 9.946053
34 65 10.811542
34 66 10.928385
34 67 10.056476
34 68 10.775739
34 69 9.862285
34 70 10.885147
34 71 8.549676
34 72 11.010232
34 73 10.731923
34 74 10.527447
34 75 9.349418
34 76 10.251401
34 77 9.143961
34 78 9.710707
34 79 9.401578
34 80 10.320231
34 81 9.912960
34 82 10.179861
34 83 9.017435
34 84 8.827965
34 85 8.413466
34 86 9.787436
34 87 10.441561
34 88 8.915187
34 89 9.577590
34 90 10.307030
34 91 10.237680
34 92 8.799679
34 93 8.408602
34 94 10.585267
34 95 8.623723
34 96 8.829525
34 97 10.349367
34 98 8.869178
34 99 10.118814
34 100 8.871687
34 101 9.732940
34 102 10.579635
34 103 8.879627
34 104 8.807207
34 105 10.178620
34 106 8.811786
34 107 8.349169
34 108 9.143868
34 109 8.844307
34 110 10.670747
34 111 8.696787
34 112 10.497591
34 113 9.096392
34 114 10.002644
34 115 9.575742
34 116 8.853772
34 117 9.161569
34 118 9.706717
34 119 9.193675
34 120 10.107472
34 121 9.000104
34 122 9.657625
34 123 9.271866
34 124 9.975576
34 125 11.001919
34 126 8.837518
34 127 10.285699
34 128 10.011418
34 129 10.653346
34 130 10.960219
34 131 8.955311
34 132 8.508539
34 133 8.435928
34 134 9.972942
34 135 10.093617
34 136 8.643127
34 137 8.815783
34 138 9.113865
34 139 10.602544
34 140 10.556625
34 141 9.512874
34 142 9.370677
34 143 9.384504
34 144 10.264770
34 145 9.455713
34 146 10.808962
34 147 9.670627
34 148 8.470317
34 149 10.431099
34 150 11.069547
34 151 10.251454
34 152 9.679052
34 153 10.857625
34 154 10.739131
34 155 10.029121
34 156 9.597783
34 157 9.155038
34 158 9.977494
34 159 9.310889
34 160 10.683277
34 161 9.032925
34 162 10.579824
34 163 11.023064
34 164 9.949486
34 165 10.146657
34 166 9.314293
34 167 9.706756
34 168 9.878087
34 169 10.222861
34 170 9.388420
34 171 9.634188
34 172 8.819399
34 173 9.230077
34 174 9.471026
34 175 9.516205
34 176 8.902031
34 177 8.731668
34 178 9.661889
34 179 10.400426
34 180 9.840360
34 181 8.616133
34 182 8.770102
34 183 10.797561
34 184 10.667404
34 185 9.272495
34 186 9.136401
34 187 10.611711
34 188 10.207373
34 189 8.494109
34 190 8.374272
34 191 9.329205
34 192 10.054870
34 193 9.465374
34 194 8.625314
34 195 9.290532
34 196 8.983769
34 197 9.637315
34 198 10.746151
34 199 9.949300
34 200 8.834192
35 0 9.631009
35 1 9.979750
35 2 10.383060
35 3 9.116186
35 4 10.939202
35 5 8.551917
35 6 8.559949
35 7 10.441057
35 8 10.856005
35 9 10.671551
35 10 8.811303
35 11 10.679656
35 12 10.800857
35 13 8.422724
35 14 10.738016
35 15 9.712480
35 16 8.564914
35 17 9.331282
35 18 8.623211
35 19 9.363076
35 20 9.082829
35 21 10.711796
35 22 8.514242
35 23 8.638998
35 24 9.731227
35 25 9.524074
35 26 10.613399
35 27 10.877031
35 28 10.515316
35 29 10.273348
35 30 10.785209
35 31 9.482884
35 32 9.612226
35 33 9.492357
35 34 10.548275
35 35 0.000000
35 36 10.505371
35 37 10.365093
35 38 9.706004
35 39 10.779684
35 40 9.041916
35 41 9.709930
35 42 8.842185
35 43 8.710848
35 44 8.974289
35 45 9.928111
35 46 8.606850
35 47 9.699563
35 48 9.527774
35 49 9.597925
35 50 8.589877
35 51 8.378226
35 52 8.906389
35 53 9.894944
35 54 10.211656
35 55 9.641525
35 56 9.045042
35 57 9.120371
35 58 8.747423
35 59 10.652049
35 60 10.595796
35 61 10.914188
35 62 10.403009
35 63 8.335684
35 64 8.773966
35 65 8.342948
35 66 8.755099
35 67 10.261358
35 68 9.296514
35 69 9.842722
35 70 9.882886
35 71 9.096259
35 72 10.615923
35 73 10.160778
35 74 10.575389
35 75 8.513154
35 76 9.895982
35 77 10.005632
35 78 10.906469
35 79 8.873028
35 80 8.818673
35 81 9.444432
35 82 10.273311
35 83 8.984870
35 84 10.435881
35 85 8.371589
35 86 9.113028
35 87 9.108277
35 88 8.980497
35 89 10.998021
35 90 8.590907
35 91 8.370643
35 92 9.680547
35 93 9.448516
35 94 10.500968
35 95 11.067300
35 96 9.816761
35 97 10.286523
35 98 9.863330
35 99 9.727723
35 100 8.510263
35 101 8.940261
35 102 10.861490
35 103 10.283655
35 104 8.778209
35 105 10.589844
35 106 9.495026
35 107 8.917583
35 108 8.747200
35 109 9.213505
35 110 8.599357
35 111 8.617093
35 112 10.145692
35 113 8.402258
35 114 9.531677
35 115 10.252304
35 116 8.587729
35 117 10.173413
35 118 8.535767
35 119 9.149475
35 120 9.887993
35 121 8.920537
35 122 9.185933
35 123 9.726558
35 124 10.099344
35 125 10.190376
35 126 9.015549
35 127 9.041429
35 128 11.028573
35 129 8.843969
35 130 11.019426
35 131 9.346596
35 132 9.798392
35 133 8.413026
35 134 8.737217
35 135 9.479497
35 136 9.734548
35 137 10.632271
35 138 10.696640
35 139 10.053123
35 140 8.385860
35 141 10.801960
35 142 10.742474
35 143 9.638064
35 144 8.993923
35 145 10.551763
35 146 8.637806
35 147 9.708714
35 148 10.917679
35 149 8.905441
35 150 11.030968
35 151 9.246586
35 152 8.580253
35 153 9.850145
35 154 8.961593
35 155 9.661137
35 156 9.289788
35 157 10.838412
35 158 10.033920
35 159 9.375212
35 160 9.837674
35 161 8.503482
35 162 10.668302
35 163 8.423588
35 164 9.784638
35 165 10.392928
35 166 10.756363
35 167 8.842589
35 168 10.793666
35 169 10.955106
35 170 9.149621
35 171 8.659707
35 172 8.996054
35 173 9.479254
35 174 10.018854
35 175 10.522105
35 176 8.431416
35 177 10.080339
35 178 10.664955
35 179 10.688037
35 180 10.272687
35 181 8.557676
35 182 9.369052
35 183 10.395926
35 184 9.878189
35 185 10.246268
35 186 8.776228
35 187 10.257673
35 188 8.480293
35 189 10.895317
35 190 10.764139
35 191 8.514918
35 192 10.450110
35 193 9.766926
35 194 8.532436
35 195 9.781316
35 196 10.652372
35 197 9.990582
35 198 8.927956
35 199 8.698931
35 200 11.013782
36 0 10.749846
36 1 9.356682
36 2 11.051540
36 3 8.667019
36 4 10.829549
36 5 10.942481
36 6 10.937811
36 7 9.006572
36 8 8.815640
36 9 8.343971
36 10 10.048384
36 11 9.269947
36 12 8.828195
36 13 10.817994
36 14 10.379821
36 15 9.640159
36 16 8.921571
36 17 10.362001
36 18 10.687312
36 19 8.879509
36 20 9.484233
36 21 9.900006
36 22 9.459787
36 23 10.901229
36 24 10.921373
36 25 10.487939
36 26 10.255158
36 27 8.942910
36 28 8.375543
36 29 10.538448
36 30 10.083734
36 31 9.738191
36 32 10.002036
36 33 9.071380
36 34 10.663710
36 35 10.505371
36 36 0.000000
36 37 11.102339
36 38 10.305338
36 39 10.138663
36 40 10.897336
36 41 9.858403
36 42 9.952486
36 43 9.705906
36 44 10.788955
36 45 9.796171
36 46 10.223469
36 47 9.636768
36 48 9.260694
36 49 10.999779
36 50 9.429320
36 51 9.306540
36 52 9.496198
36 53 9.743026
36 54 10.421204
36 55 8.530984
36 56 8.845256
36 57 9.019409
36 58 9.919792
36 59 11.044551
36 60 9.420696
36 61 9.121760
36 62 10.801593
36 63 9.376351
36 64 8.803278
36 65 8.449252
36 66 10.248396
36 67 10.213560
36 68 10.571837
36 69 9.008187
36 70 8.769634
36 71 10.990967
36 72 9.492709
36 73 9.144396
36 74 10.637388
36 75 8.436175
36 76 8.788881
36 77 8.511678
36 78 10.865902
36 79 9.985640
36 80 10.827771
36 81 10.315293
36 82 8.676034
36 83 9.891028
36 84 9.477506
36 85 8.600395
36 86 9.887855
36 87 10.508005
36 88 10.528536
36 89 8.675323
36 90 10.816427
36 91 10.269186
36 92 10.922352
36 93 9.820974
36 94 9.491194
36 95 10.583913
36 96 8.606136
36 97 10.510243
36 98 8.932552
36 99 9.952394
36 100 8.426966
36 101 9.567105
36 102 9.247715
36 103 8.969302
36 104 8.492539
36 105 8.349124
36 106 10.626343
36 107 9.150364
36 108 10.667314
36 109 10.521530
36 110 10.999748
36 111 9.491299
36 112 8.779721
36 113 8.631856
36 114 10.257528
36 115 8.370406
36 116 8.529388
36 117 8.387874
36 118 9.262888
36 119 9.288507
36 120 8.817715
36 121 9.434790
36 122 8.890398
36 123 11.104971
36 124 9.129903
36 125 8.648558
36 126 8.589412
36 127 9.077175
36 128 9.637198
36 129 9.087997
36 130 8.724998
36 131 8.832730
36 132 8.396856
36 133 11.065479
36 134 8.635050
36 135 9.387426
36 136 8.351458
36 137 11.105838
36 138 10.009221
36 139 9.047173
36 140 9.520617
36 141 8.411808
36 142 9.419973
36 143 9.980605
36 144 11.065889
36 145 8.927865
36 146 10.708478
36 147 10.634724
36 148 9.081658
36 149 10.029192
36 150 9.038860
36 151 10.394651
36 152 9.022286
36 153 9.535898
36 154 10.694318
36 155 9.704702
36 156 10.324964
36 157 9.791972
36 158 8.729933
36 159 10.142056
36 160 8.748502
36 161 9.241361
36 162 9.480728
36 163 10.768149
36 164 10.314995
36 165 9.192515
36 166 10.850399
36 167 9.841271
36 168 10.871557
36 169 10.813606
36 170 9.068650
36 171 8.347335
36 172 10.347633
36 173 10.747658
36 174 10.172104
36 175 8.577266
36 176 10.824400
36 177 9.336277
36 178 11.071932
36 179 10.235745
36 180 8.514906
36 181 8.548840
36 182 10.309531
36 183 8.501518
36 184 9.846185
36 185 10.175417
36 186 10.217832
36 187 9.799424
36 188 10.993765
36 189 10.556772
36 190 8.943669
36 191 8.498338
36 192 11.027928
36 193 9.386368
36 194 9.602752
36 195 10.220308
36 196 10.190329
36 197 9.373863
36 198 10.178289
36 199 8.624813
36 200 10.178626
37 0 9.113612
37 1 9.057427
37 2 8.526183
37 3 8.939433
37 4 9.446512
37 5 8.361970
37 6 10.756257
37 7 9.016505
37 8 8.937723
37 9 10.052516
37 10 9.033951
37 11 10.069627
37 12 10.511424
37 13 10.226931
37 14 10.770725
37 15 8.505326
37 16 8.643085
37 17 8.863295
37 18 10.181955
37 19 9.351592
37 20 9.979675
37 21 10.323809
37 22 9.880059
37 23 9.926456
37 24 9.590882
37 25 10.530165
37 26 9.386271
37 27 9.394875
37 28 8.833873
37 29 9.130961
37 30 10.038087
37 31 9.891221
37 32 9.475789
37 33 9.673355
37 34 10.588105
37 35 10.365093
37 36 11.102339
37 37 0.000000
37 38 10.642291
37 39 9.591188
37 40 9.269039
37 41 9.045923
37 42 9.568195
37 43 9.548777
37 44 10.445114
37 45 10.550255
37 46 9.928197
37 47 9.295759
37 48 9.195634
37 49 9.513911
37 50 10.599150
37 51 9.598410
37 52 8.508529
37 53 11.072629
37 54 9.125284
37 55 8.626234
37 56 8.367979
37 57 10.953170
37 58 9.823587
37 59 9.650698
37 60 9.222278
37 61 10.825317
37 62 10.754191
37 63 9.348866
37 64 9.196848
37 65 10.571594
37 66 11.005536
37 67 9.791485
37 68 10.114124
37 69 9.819573
37 70 8.959607
37 71 11.059615
37 72 8.726809
37 73 9.959494
37 74 8.412316
37 75 9.960165
37 76 9.744794
37 77 10.155683
37 78 10.525122
37 79 10.994214
37 80 9.768164
37 81 10.566049
37 82 8.694064
37 83 9.561167
37 84 10.373891
37 85 9.011155
37 86 9.173475
37 87 8.920198
37 88 9.100758
37 89 10.116395
37 90 8.348418
37 91 10.948171
37 92 9.806409
37 93 9.432441
37 94 8.819952
37 95 9.528207
37 96 9.110152
37 97 8.568726
37 98 10.610498
37 99 9.244431
37 100 10.302539
37 101 8.958485
37 102 9.633908
37 103 10.398276
37 104 9.863964
37 105 9.471799
37 106 9.287586
37 107 9.870083
37 108 10.124417
37 109 8.808470
37 110 8.581757
37 111 9.563710
37 112 10.268212
37 113 11.020040
37 114 8.420740
37 115 10.771295
37 116 9.754418
37 117 8.507457
37 118 11.084226
37 119 8.568076
37 120 8.598604
37 121 9.336412
37 122 10.071753
37 123 10.489237
37 124 8.703337
37 125 8.477086
37 126 9.789768
37 127 10.261571
37 128 10.312012
37 129 10.256555
37 130 8.557955
37 131 10.841046
37 132 8.394884
37 133 10.270763
37 134 10.639490
37 135 9.595351
37 136 10.325431
37 137 9.233293
37 138 8.652965
37 139 8.418048
37 140 8.518059
37 141 9.959031
37 142 9.690979
37 143 9.349475
37 144 8.923107
37 145 9.076599
37 146 9.097166
37 147 8.851090
37 148 9.109861
37 149 8.345621
37 150 8.503207
37 151 9.028057
37 152 10.017997
37 153 9.504707
37 154 9.589104
37 155 8.553065
37 156 9.814075
37 157 9.809672
37 158 9.680866
37 159 9.838666
37 160 9.305857
37 161 10.390160
37 162 10.052164
37 163 9.610525
37 164 10.445900
37 165 10.915297
37 166 9.062570
37 167 10.099140
37 168 11.044536
37 169 10.950744
37 170 10.662977
37 171 8.572958
37 172 9.012491
37 173 8.844202
37 174 10.830619
37 175 10.830171
37 176 8.905287
37 177 9.438383
37 178 8.697105
37 179 10.175887
37 180 9.757541
37 181 10.159730
37 182 9.451316
37 183 8.810576
37 184 8.544452
37 185 8.978302
37 186 10.066980
37 187 9.147122
37 188 10.816738
37 189 9.833435
37 190 10.487212
37 191 9.750309
37 192 10.076851
37 193 9.507126
37 194 8.936419
37 195 9.508398
37 196 8.871496
37 197 10.806103
37 198 8.973678
37 199 9.257054
37 200 8.564802
38 0 10.871796
38 1 10.199326
38 2 9.608107
38 3 10.303576
38 4 10.777725
38 5 8.898372
38 6 8.743333
38 7 10.543245
38 8 10.093971
38 9 9.236040
38 10 9.277416
38 11 10.518657
38 12 10.246487
38 13 10.443014
38 14 10.601262
38 15 10.576246
38 16 9.622681
38 17 10.418452
38 18 10.322994
38 19 8.989349
38 20 8.830565
38 21 10.229141
38 22 8.621968
38 23 8.861773
38 24 10.690548
38 25 9.379852
38 26 8.871332
38 27 10.010341
38 28 8.369378
38 29 9.744814
38 30 9.191898
38 31 9.474194
38 32 9.544094
38 33 8.628092
38 34 9.432971
38 35 9.706004
38 36 10.305338
38 37 10.642291
38 38 0.000000
38 39 10.762882
38 40 9.469603
38 41 10.215839
38 42 8.576683
38 43 9.439232
38 44 9.615950
38 45 10.447171
38 46 11.017641
38 47 10.599859
38 48 9.380046
38 49 8.868353
38 50 10.013981
38 51 10.164754
38 52 10.094667
38 53 10.627881
38 54 10.853403
38 55 11.105761
38 56 9.392953
38 57 10.539430
38 58 10.770883
38 59 10.848631
38 60 10.905230
38 61 10.247714
38 62 9.305172
38 63 10.452455
38 64 9.980777
38 65 10.843907
38 66 9.285864
38 67 10.916003
38 68 11.054808
38 69 10.626442
38 70 9.604436
38 71 10.201293
38 72 9.595378
38 73 10.598967
38 74 10.847230
38 75 10.902789
38 76 9.027818
38 77 10.430184
38 78 8.959896
38 79 8.644763
38 80 9.746483
38 81 9.638531
38 82 10.938070
38 83 10.996771
38 84 8.779225
38 85 9.656220
38 86 9.550143
38 87 10.748287
38 88 9.484969
38 89 10.458376
38 90 10.554829
38 91 10.904895
38 92 8.420822
38 93 8.767060
38 94 10.835867
38 95 10.596342
38 96 10.172015
38 97 8.345703
38 98 8.506732
38 99 9.147263
38 100 10.961730
38 101 9.096425
38 102 10.247843
38 103 8.745550
38 104 10.020953
38 105 9.303608
38 106 9.303894
38 107 10.665902
38 108 9.840470
38 109 8.845319
38 110 9.952298
38 111 9.068068
38 112 8.629119
38 113 9.126110
38 114 8.750818
38 115 9.669013
38 116 8.787521
38 117 8.335711
38 118 9.019684
38 119 8.939160
38 120 9.453650
38 121 11.054911
38 122 9.870251
38 123 10.684116
38 124 9.201091
38 125 11.055133
38 126 9.928635
38 127 9.640769
38 128 8.533783
38 129 9.252618
38 130 9.495390
38 131 9.024004
38 132 11.008261
38 133 8.709963
38 134 10.333290
38 135 10.567266
38 136 9.315983
38 137 9.091510
38 138 10.874937
38 139 8.411721
38 140 8.459283
38 141 8.353106
38 142 8.813657
38 143 8.535966
38 144 10.969389
38 145 10.700399
38 146 9.569735
38 147 10.816685
38 148 9.462872
38 149 9.640716
38 150 10.977776
38 151 9.840169
38 152 10.510143
38 153 9.957962
38 154 9.761930
38 155 8.873252
38 156 9.291115
38 157 9.168957
38 158 8.353587
38 159 9.692386
38 160 9.646154
38 161 10.796940
38 162 9.146507
38 163 10.179756
38 164 10.688231
38 165 8.966057
38 166 10.987584
38 167 10.645624
38 168 8.709917
38 169 9.545887
38 170 10.601284
38 171 10.641126
38 172 10.903622
38 173 10.867876
38 174 9.154824
38 175 8.455319
38 176 8.724071
38 177 9.379676
38 178 9.774965
38 179 9.279533
38 180 10.428949
38 181 8.974205
38 182 10.019759
38 183 10.076743
38 184 8.967797
38 185 10.383332
38 186 10.080515
38 187 8.757825
38 188 8.485326
38 189 8.671647
38 190 9.249603
38 191 10.879092
38 192 9.648153
38 193 10.794405
38 194 8.591107
38 195 8.695058
38 196 9.486123
38 197 9.238530
38 198 9.325474
38 199 11.074532
38 200 10.639309
39 0 8.907785
39 1 11.051365
39 2 10.784067
39 3 9.274011
39 4 11.023968
39 5 8.601355
39 6 10.802551
39 7 8.534947
39 8 8.994495
39 9 10.512570
39 10 9.293796
39 11 8.707186
39 12 10.106593
39 13 10.521299
39 14 10.779054
39 15 9.453274
39 16 11.048563
39 17 9.849832
39 18 10.201996
39 19 9.603681
39 20 11.069668
39 21 9.783061
39 22 9.683414
39 23 8.610448
39 24 10.052110
39 25 10.940480
39 26 10.183674
39 27 10.835635
39 28 10.942648
39 29 10.641380
39 30 10.595693
39 31 11.092395
39 32 9.366881
39 33 9.541949
39 34 9.543950
39 35 10.779684
39 36 10.138663
39 37 9.591188
39 38 10.762882
39 39 0.000000
39 40 8.341459
39 41 9.040759
39 42 8.431904
39 43 9.584099
39 44 9.437750
39 45 9.836393
39 46 11.031613
39 47 8.964054
39 48 9.389210
39 49 10.981020
39 50 10.427670
39 51 10.767914
39 52 9.066084
39 53 10.504506
39 54 8.987125
39 55 10.345911
39 56 9.782213
39 57 10.640636
39 58 11.085543
39 59 9.321050
39 60 8.570930
39 61 8.807825
39 62 8.883705
39 63 9.973407
39 64 10.916547
39 65 10.306756
39 66 8.837378
39 67 10.045971
39 68 9.466213
39 69 9.541299
39 70 10.605277
39 71 11.063988
39 72 10.845752
39 73 9.390985
39 74 10.260217
39 75 10.377128
39 76 10.977119
39 77 9.873342
39 78 8.682701
39 79 9.261612
39 80 8.688315
39 81 9.786957
39 82 9.215776
39 83 10.980467
39 84 10.359324
39 85 8.550157
39 86 9.649207
39 87 8.544562
39 88 10.291575
39 89 8.951989
39 90 9.665681
39 91 8.630894
39 92 9.777032
39 93 10.607572
39 94 9.914942
39 95 8.403684
39 96 8.863842
39 97 10.973965
39 98 10.382355
39 99 9.823344
39 100 8.801489
39 101 9.692255
39 102 9.901273
39 103 8.562670
39 104 8.355880
39 105 10.539980
39 106 10.674582
39 107 10.661716
39 108 10.440032
39 109 10.578856
39 110 8.361754
39 111 8.684989
39 112 10.833791
39 113 9.739196
39 114 10.209058
39 115 8.561957
39 116 9.009373
39 117 8.750910
39 118 9.949691
39 119 10.525090
39 120 10.349315
39 121 8.470715
39 122 8.549483
39 123 11.079925
39 124 10.065564
39 125 10.159171
39 126 10.803194
39 127 10.205745
39 128 9.633925
39 129 9.147091
39 130 8.428973
39 131 10.674902
39 132 10.151592
39 133 9.316899
39 134 10.531590
39 135 9.678623
39 136 9.543983
39 137 9.464607
39 138 8.340729
39 139 8.925839
39 140 9.208344
39 141 9.801218
39 142 9.645177
39 143 9.381908
39 144 9.742011
39 145 9.461024
39 146 8.595196
39 147 9.719042
39 148 9.191886
39 149 8.446769
39 150 10.918401
39 151 9.122691
39 152 8.475790
39 153 9.639386
39 154 9.001015
39 155 10.756977
39 156 9.242763
39 157 8.346467
39 158 10.243585
39 159 9.129038
39 160 8.927850
39 161 9.092307
39 162 9.404694
39 163 8.775377
39 164 8.454476
39 165 10.451365
39 166 9.487424
39 167 8.518363
39 168 9.153383
39 169 8.441530
39 170 9.879288
39 171 8.891004
39 172 8.692666
39 173 9.286205
39 174 9.178685
39 175 8.356875
39 176 10.683618
39 177 9.724036
39 178 9.500467
39 179 10.389535
39 180 9.138831
39 181 10.629106
39 182 10.272603
39 183 10.394762
39 184 9.718832
39 185 9.817767
39 186 8.400443
39 187 8.515408
39 188 9.134534
39 189 8.924752
39 190 8.914841
39 191 8.923771
39 192 11.025476
39 193 10.529151
39 194 8.840992
39 195 10.462820
39 196 10.553482
39 197 10.243253
39 198 9.107507
39 199 8.864301
39 200 9.836763
40 0 8.700993
40 1 9.210291
40 2 8.804878
40 3 8.557845
40 4 10.078768
40 5 11.070311
40 6 10.303317
40 7 8.726009
40 8 8.982464
40 9 11.071327
40 10 10.264188
40 11 10.599482
40 12 10.846668
40 13 9.340624
40 14 8.667439
40 15 10.517160
40 16 9.703519
40 17 10.452749
40 18 9.832247
40 19 9.118929
40 20 10.304032
40 21 9.081420
40 22 10.274779
40 23 9.677428
40 24 9.275915
40 25 10.378477
40 26 8.573952
40 27 10.388974
40 28 11.025906
40 29 10.241226
40 30 10.988537
40 31 10.289794
40 32 10.053825
40 33 8.600838
40 34 9.433555
40 35 9.041916
40 36 10.897336
40 37 9.269039
40 38 9.469603
40 39 8.341459
40 40 0.000000
40 41 8.420441
40 42 10.313277
40 43 10.555652
40 44 8.835219
40 45 9.310305
40 46 9.759458
40 47 8.505363
40 48 11.094638
40 49 10.271937
40 50 8.780722
40 51 9.891890
40 52 10.304440
40 53 10.394890
40 54 9.385163
40 55 8.756341
40 56 8.548427
40 57 10.262832
40 58 9.190301
40 59 10.444113
40 60 8.752088
40 61 9.710906
40 62 10.679311
40 63 8.748646
40 64 9.813367
40 65 9.211133
40 66 8.476671
40 67 11.079873
40 68 9.799718
40 69 9.414534
40 70 8.458324
40 71 9.303784
40 72 8.338078
40 73 10.957678
40 74 9.739476
40 75 8.760332
40 76 9.383417
40 77 8.391185
40 78 8.472454
40 79 11.057273
40 80 10.331043
40 81 9.546536
40 82 9.807040
40 83 10.729024
40 84 10.500616
40 85 10.625889
40 86 10.744035
40 87 9.621618
40 88 9.442400
40 89 10.784672
40 90 10.087177
40 91 9.202155
40 92 10.298386
40 93 9.421728
40 94 10.498108
40 95 9.024709
40 96 9.875761
40 97 10.747052
40 98 9.249367
40 99 10.284020
40 100 8.662856
40 101 9.773589
40 102 11.072198
40 103 10.877413
40 104 10.944015
40 105 10.737336
40 106 10.917369
40 107 10.245626
40 108 10.492569
40 109 9.550563
40 110 10.986272
40 111 9.529059
40 112 10.490921
40 113 9.554498
40 114 8.565108
40 115 9.875529
40 116 10.979529
40 117 8.760323
40 118 9.654595
40 119 10.836870
40 120 10.827115
40 121 9.414810
40 122 8.359323
40 123 10.306376
40 124 9.175563
40 125 10.474612
40 126 10.250221
40 127 9.389556
40 128 8.587949
40 129 9.759626
40 130 9.902791
40 131 8.385406
40 132 8.885284
40 133 9.241820
40 134 9.841106
40 135 10.145596
40 136 9.532903
40 137 9.918133
40 138 8.843159
40 139 10.593044
40 140 8.791329
40 141 10.420339
40 142 11.083682
40 143 8.651495
40 144 10.297363
40 145 8.823490
40 146 10.658842
40 147 10.922188
40 148 8.436656
40 149 10.371749
40 150 10.870774
40 151 10.472704
40 152 10.895663
40 153 10.379555
40 154 10.633156
40 155 9.803927
40 156 9.313955
40 157 8.639271
40 158 9.834122
40 159 10.706976
40 160 11.067433
40 161 8.389402
40 162 10.112836
40 163 8.775263
40 164 10.969099
40 165 9.495254
40 166 11.088129
40 167 9.243632
40 168 10.770952
40 169 10.614129
40 170 9.203844
40 171 8.978117
40 172 10.393974
40 173 10.670131
40 174 9.960761
40 175 8.513191
40 176 9.830475
40 177 10.663252
40 178 8.363185
40 179 8.443894
40 180 8.528174
40 181 8.535730
40 182 10.244213
40 183 8.569518
40 184 10.093441
40 185 9.185114
40 186 8.611455
40 187 8.769352
40 188 8.433913
40 189 10.272044
40 190 10.064676
40 191 9.408022
40 192 9.385746
40 193 8.571427
40 194 10.128981
40 195 10.480201
40 196 8.451013
40 197 8.401663
40 198 9.414276
40 199 9.760662
40 200 9.661581
41 0 8.453626
41 1 8.760668
41 2 10.608113
41 3 9.484121
41 4 10.141426
41 5 9.060282
41 6 8.688945
41 7 10.190948
41 8 11.075622
41 9 11.062447
41 10 8.678404
41 11 10.547190
41 12 9.655154
41 13 8.711671
41 14 10.819004
41 15 8.623177
41 16 9.393162
41 17 9.810030
41 18 10.680058
41 19 8.514582
41 20 10.974323
41 21 10.657869
41 22 8.384134
41 23 9.261575
41 24 8.586678
41 25 8.827622
41 26 10.077562
41 27 8.856854
41 28 9.898689
41 29 9.959401
41 30 8.998906
41 31 9.879388
41 32 9.706649
41 33 10.963411
41 34 10.197575
41 35 9.709930
41 36 9.858403
41 37 9.045923
41 38 10.215839
41 39 9.040759
41 40 8.420441
41 41 0.000000
41 42 9.228483
41 43 8.743415
41 44 9.825271
41 45 10.718614
41 46 9.017473
41 47 9.519463
41 48 9.049899
41 49 10.841083
41 50 9.342483
41 51 8.948050
41 52 11.026418
41 53 10.610913
41 54 9.472726
41 55 10.153771
41 56 10.616704
41 57 10.656571
41 58 9.115058
41 59 8.425822
41 60 9.412780
41 61 10.873362
41 62 8.992292
41 63 9.350418
41 64 10.653036
41 65 10.656702
41 66 9.356069
41 67 11.105647
41 68 9.850717
41 69 10.215712
41 70 10.583592
41 71 9.718290
41 72 10.057812
41 73 9.514351
41 74 9.688248
41 75 9.717386
41 76 8.479345
41 77 9.968090
41 78 10.274928
41 79 9.947029
41 80 8.630153
41 81 9.264207
41 82 11.065164
41 83 10.027102
41 84 10.855862
41 85 9.886181
41 86 8.574460
41 87 11.002281
41 88 9.452397
41 89 9.740328
41 90 8.729727
41 91 8.931348
41 92 9.146931
41 93 10.054160
41 94 9.047696
41 95 10.635106
41 96 10.068324
41 97 10.356319
41 98 10.513574
41 99 8.796375
41 100 9.438616
41 101 9.010169
41 102 11.037081
41 103 8.877787
41 104 9.864919
41 105 10.543130
41 106 9.482286
41 107 11.002848
41 108 10.035848
41 109 10.469456
41 110 8.954531
41 111 9.267475
41 112 10.588944
41 113 9.430372
41 114 8.427266
41 115 9.410000
41 116 10.082352
41 117 10.720990
41 118 9.296473
41 119 9.568799
41 120 8.542439
41 121 10.091938
41 122 8.412915
41 123 9.862854
41 124 9.357213
41 125 9.378031
41 126 10.290800
41 127 10.438587
41 128 9.887154
41 129 9.267273
41 130 10.848952
41 131 10.894764
41 132 9.604128
41 133 10.137877
41 134 9.693202
41 135 8.641816
41 136 10.610794
41 137 8.923210
41 138 9.216418
41 139 9.238379
41 140 10.241559
41 141 9.313025
41 142 10.001456
41 143 9.518995
41 144 10.468502
41 145 9.978525
41 146 9.998425
41 147 8.810009
41 148 10.637619
41 149 10.331937
41 150 10.107208
41 151 9.230245
41 152 9.976813
41 153 9.702626
41 154 9.051336
41 155 9.759954
41 156 10.035927
41 157 8.912395
41 158 9.002083
41 159 8.956168
41 160 10.335157
41 161 9.156965
41 162 10.812991
41 163 10.996425
41 164 8.507720
41 165 9.044219
41 166 8.697152
41 167 10.767584
41 168 10.437813
41 169 9.520393
41 170 10.563038
41 171 11.021466
41 172 9.994396
41 173 9.619869
41 174 8.534836
41 175 9.150869
41 176 10.702263
41 177 10.548812
41 178 8.446849
41 179 9.960472
41 180 10.542416
41 181 10.782732
41 182 9.807261
41 183 10.434245
41 184 10.733323
41 185 8.747891
41 186 10.672979
41 187 9.462999
41 188 10.190233
41 189 9.896349
41 190 9.227541
41 191 8.860056
41 192 10.716015
41 193 10.511266
41 194 8.964553
41 195 10.440841
41 196 8.714746
41 197 10.384126
41 198 9.307870
41 199 8.387716
41 200 10.219537
42 0 10.919185
42 1 10.896030
42 2 8.729823
42 3 9.834727
42 4 10.407297
42 5 8.831266
42 6 10.790606
42 7 8.779870
42 8 10.689560
42 9 10.417756
42 10 9.185064
42 11 8.848291
42 12 9.578122
42 13 9.254321
42 14 11.104398
42 15 9.056931
42 16 9.923042
42 17 8.691094
42 18 8.358487
42 19 8.616345
42 20 8.771725
42 21 9.134350
42 22 10.891658
42 23 11.109974
42 24 9.453614
42 25 10.779400
42 26 10.588322
42 27 10.870811
42 28 9.890136
42 29 10.312280
42 30 10.933829
42 31 10.363483
42 32 11.106557
42 33 9.008847
42 34 10.359827
42 35 8.842185
42 36 9.952486
42 37 9.568195
42 38 8.576683
42 39 8.431904
42 40 10.313277
42 41 9.228483
42 42 0.000000
42 43 8.955259
42 44 8.780337
42 45 9.073466
42 46 8.402617
42 47 9.531632
42 48 10.977046
42 49 10.986797
42 50 10.130021
42 51 8.373385
42 52 10.224255
42 53 10.799850
42 54 10.701590
42 55 8.591135
42 56 9.565342
42 57 10.601784
42 58 9.841165
42 59 8.618019
42 60 10.181128
42 61 8.578613
42 62 9.751617
42 63 10.696641
42 64 9.101353
42 65 9.644794
42 66 9.756911
42 67 10.056874
42 68 9.009765
42 69 9.273674
42 70 9.071241
42 71 8.854343
42 72 10.464781
42 73 10.255421
42 74 9.450947
42 75 9.564428
42 76 10.641764
42 77 10.755187
42 78 8.911939
42 79 10.070895
42 80 8.493641
42 81 8.416138
42 82 9.215673
42 83 8.779821
42 84 10.429859
42 85 11.066728
42 86 9.771541
42 87 10.848024
42 88 8.470481
42 89 9.812883
42 90 11.049855
42 91 8.420233
42 92 10.112521
42 93 10.018526
42 94 9.749206
42 95 10.822338
42 96 8.850446
42 97 8.769837
42 98 10.650677
42 99 8.923148
42 100 9.401072
42 101 10.481910
42 102 10.850093
42 103 8.696970
42 104 10.907709
42 105 9.520943
42 106 10.688280
42 107 9.608854
42 108 9.730927
42 109 9.696049
42 110 10.508464
42 111 11.082883
42 112 8.751215
42 113 10.048073
42 114 10.445571
42 115 8.497807
42 116 8.370810
42 117 10.137953
42 118 9.690188
42 119 9.829627
42 120 10.020538
42 121 9.722230
42 122 8.720895
42 123 10.528761
42 124 8.600593
42 125 8.850516
42 126 9.308654
42 127 10.157254
42 128 9.784148
42 129 9.218654
42 130 10.665710
42 131 8.925160
42 132 8.513740
42 133 9.230138
42 134 10.378152
42 135 9.442249
42 136 9.192518
42 137 9.000026
42 138 9.164760
42 139 10.778129
42 140 9.223874
42 141 10.026573
42 142 10.341137
42 143 9.662284
42 144 9.837153
42 145 9.684647
42 146 10.037048
42 147 10.470800
42 148 8.935073
42 149 10.910710
42 150 10.555883
42 151 10.471119
42 152 10.019365
42 153 10.801196
42 154 10.139642
42 155 10.841974
42 156 10.191874
42 157 9.514104
42 158 8.720323
42 159 9.384052
42 160 10.646387
42 161 8.503099
42 162 9.708100
42 163 11.017201
42 164 10.109313
42 165 8.730169
42 166 9.013943
42 167 10.665892
42 168 9.424330
42 169 9.237453
42 170 9.823150
42 171 9.152897
42 172 9.097864
42 173 10.808204
42 174 9.408814
42 175 10.098184
42 176 10.552047
42 177 8.864643
42 178 9.018492
42 179 9.560474
42 180 10.129873
42 181 9.238081
42 182 8.388795
42 183 9.837571
42 184 9.006881
42 185 9.344277
42 186 9.603824
42 187 8.729548
42 188 9.124769
42 189 9.822895
42 190 8.570556
42 191 9.593718
42 192 9.417860
42 193 9.107063
42 194 10.235077
42 195 9.462447
42 196 8.992131
42 197 10.122881
42 198 9.539359
42 199 10.282081
42 200 8.974710
43 0 9.062494
43 1 8.880626
43 2 10.217189
43 3 10.717821
43 4 10.191403
43 5 9.239610
43 6 10.527006
43 7 10.892859
43 8 10.711013
43 9 10.733000
43 10 10.209716
43 11 8.545430
43 12 9.887500
43 13 11.103492
43 14 8.765478
43 15 9.066354
43 16 9.223658
43 17 9.453156
43 18 8.467331
43 19 9.570474
43 20 9.496177
43 21 9.816835
43 22 10.247556
43 23 8.994029
43 24 9.029986
43 25 9.061098
43 26 8.657579
43 27 9.895214
43 28 8.496262
43 29 9.987913
43 30 9.770324
43 31 8.749614
43 32 9.845124
43 33 10.563790
43 34 11.100403
43 35 8.710848
43 36 9.705906
43 37 9.548777
43 38 9.439232
43 39 9.584099
43 40 10.555652
43 41 8.743415
43 42 8.955259
43 43 0.000000
43 44 9.757532
43 45 9.731107
43 46 8.366967
43 47 11.069105
43 48 9.026029
43 49 10.160251
43 50 9.769591
43 51 10.504437
43 52 9.043266
43 53 8.880814
43 54 9.206937
43 55 8.378264
43 56 9.689429
43 57 9.470922
43 58 9.925052
43 59 9.422437
43 60 9.976443
43 61 10.394105
43 62 9.714951
43 63 8.818733
43 64 9.740421
43 65 10.051743
43 66 10.444166
43 67 9.268107
43 68 9.905001
43 69 9.408187
43 70 9.142904
43 71 11.068164
43 72 8.708249
43 73 8.743951
43 74 9.918279
43 75 10.184370
43 76 9.315118
43 77 10.592065
43 78 8.931439
43 79 8.834028
43 80 9.266791
43 81 9.257407
43 82 9.046703
43 83 9.773818
43 84 9.800484
43 85 9.731087
43 86 10.288708
43 87 8.401038
43 88 9.117322
43 89 8.939517
43 90 8.746252
43 91 8.920329
43 92 8.881322
43 93 8.365583
43 94 9.819638
43 95 10.603848
43 96 11.016310
43 97 11.086229
43 98 9.096921
43 99 8.854716
43 100 9.978557
43 101 8.889585
43 102 10.738146
43 103 9.546241
43 104 10.325656
43 105 10.118145
43 106 10.851020
43 107 9.717972
43 108 11.048732
43 109 9.972407
43 110 10.514729
43 111 10.915572
43 112 8.963661
43 113 9.699443
43 114 8.674822
43 115 9.409392
43 116 9.004285
43 117 8.759276
43 118 8.716271
43 119 8.355937
43 120 10.862182
43 121 10.392477
43 122 10.569970
43 123 9.228187
43 124 9.566383
43 125 10.863973
43 126 8.593912
43 127 10.799697
43 128 8.955669
43 129 9.775218
43 130 10.219693
43 131 11.011714
43 132 10.950396
43 133 8.820926
43 134 9.062955
43 135 8.800323
43 136 9.009996
43 137 10.134755
43 138 9.669865
43 139 10.298430
43 140 9.271318
43 141 9.718082
43 142 10.659553
43 143 10.570063
43 144 9.944196
43 145 10.471143
43 146 10.068967
43 147 8.907031
43 148 9.149909
43 149 9.369101
43 150 9.111358
43 151 10.082344
43 152 10.438039
43 153 8.612692
43 154 8.737424
43 155 8.435864
43 156 10.670187
43 157 9.170665
43 158 10.445790
43 159 9.218456
43 160 8.902560
43 161 8.667560
43 162 10.626362
43 163 8.514510
43 164 10.521574
43 165 11.011387
43 166 11.050667
43 167 11.020074
43 168 9.276029
43 169 10.338793
43 170 8.774036
43 171 9.356493
43 172 10.834195
43 173 11.049270
43 174 10.189621
43 175 8.937164
43 176 8.931692
43 177 8.549938
43 178 8.834201
43 179 9.169754
43 180 9.966416
43 181 8.802608
43 182 10.065923
43 183 9.190318
43 184 9.031525
43 185 8.936797
43 186 8.521934
43 187 8.638838
43 188 8.792457
43 189 10.617801
43 190 10.657005
43 191 9.028721
43 192 10.411841
43 193 10.026862
43 194 10.022323
43 195 9.232181
43 196 10.133737
43 197 8.891659
43 198 8.998376
43 199 10.499852
43 200 9.501702
44 0 8.972464
44 1 9.614986
44 2 10.437606
44 3 10.847988
44 4 8.684402
44 5 9.427242
44 6 10.281611
44 7 8.515498
44 8 8.984019
44 9 9.879274
44 10 8.953059
44 11 10.349228
44 12 10.629674
44 13 9.189698
44 14 11.096932
44 15 9.511432
44 16 8.395191
44 17 10.759850
44 18 9.430156
44 19 10.893931
44 20 8.853152
44 21 8.683471
44 22 9.478740
44 23 10.848007
44 24 8.630609
44 25 8.961309
44 26 8.882296
44 27 8.339779
44 28 8.532820
44 29 8.949394
44 30 9.667534
44 31 9.290372
44 32 8.641611
44 33 8.685869
44 34 10.946892
44 35 8.974289
44 36 10.788955
44 37 10.445114
44 38 9.615950
44 39 9.437750
44 40 8.835219
44 41 9.825271
44 42 8.780337
44 43 9.757532
44 44 0.000000
44 45 10.258446
44 46 10.764027
44 47 9.041811
44 48 10.278945
44 49 10.104098
44 50 10.649809
44 51 8.981497
44 52 9.634801
44 53 9.538525
44 54 10.860459
44 55 9.293994
44 56 9.218269
44 57 10.622318
44 58 9.600612
44 59 8.939272
44 60 8.625149
44 61 9.833430
44 62 9.594461
44 63 8.586414
44 64 10.681745
44 65 10.639647
44 66 9.881273
44 67 9.935538
44 68 9.388274
44 69 11.008762
44 70 9.932607
44 71 9.374987
44 72 10.930416
44 73 8.913733
44 74 8.383559
44 75 10.839406
44 76 10.525466
44 77 10.403516
44 78 8.516647
44 79 10.951382
44 80 10.347273
44 81 9.159292
44 82 10.062651
44 83 9.288271
44 84 10.073609
44 85 9.729209
44 86 10.399118
44 87 9.084157
44 88 8.379690
44 89 10.620116
44 90 10.038557
44 91 9.496018
44 92 10.617280
44 93 9.072108
44 94 8.816884
44 95 9.675050
44 96 8.572793
44 97 8.631255
44 98 10.968570
44 99 9.488938
44 100 10.454553
44 101 9.586409
44 102 10.540496
44 103 8.444176
44 104 10.068434
44 105 10.293907
44 106 10.967249
44 107 10.330799
44 108 9.031105
44 109 8.441585
44 110 9.691879
44 111 9.470603
44 112 9.079734
44 113 9.242473
44 114 10.941258
44 115 10.656361
44 116 8.716420
44 117 10.054887
44 118 8.883973
44 119 9.090027
44 120 9.584012
44 121 10.471674
44 122 9.511345
44 123 8.567116
44 124 9.858564
44 125 10.432950
44 126 10.629982
44 127 10.195472
44 128 10.035363
44 129 10.531990
44 130 10.444336
44 131 10.500430
44 132 11.079385
44 133 9.709214
44 134 9.485556
44 135 8.824490
44 136 8.927602
44 137 8.374828
44 138 9.768875
44 139 8.886207
44 140 10.431521
44 141 11.099597
44 142 9.233681
44 143 10.686230
44 144 10.560833
44 145 9.505092
44 146 9.674350
44 147 10.595158
44 148 10.022823
44 149 9.707243
44 150 10.067263
44 151 9.494772
44 152 9.805100
44 153 10.995036
44 154 9.319256
44 155 10.168984
44 156 9.791081
44 157 10.811901
44 158 10.279953
44 159 8.754842
44 160 9.569578
44 161 9.164855
44 162 9.394963
44 163 10.754761
44 164 10.942552
44 165 8.915041
44 166 8.449877
44 167 10.304388
44 168 10.493222
44 169 8.592085
44 170 9.383018
44 171 10.425903
44 172 8.401709
44 173 9.628218
44 174 9.395503
44 175 10.251513
44 176 10.400371
44 177 10.545039
44 178 10.588207
44 179 8.369993
44 180 11.029180
44 181 10.853653
44 182 10.783403
44 183 10.935694
44 184 10.594196
44 185 9.877955
44 186 10.075471
44 187 10.202324
44 188 9.705738
44 189 9.901620
44 190 8.656454
44 191 8.822808
44 192 10.298250
44 193 10.540313
44 194 11.087462
44 195 9.100112
44 196 9.710348
44 197 10.347811
44 198 10.223130
44 199 8.351327
44 200 10.482354
45 0 8.836291
45 1 8.648745
45 2 8.878596
45 3 9.919178
45 4 9.648957
45 5 9.579590
45 6 10.805595
45 7 9.098945
45 8 9.736135
45 9 10.663369
45 10 8.793397
45 11 9.362291
45 12 9.200789
45 13 9.810382
45 14 10.134854
45 15 10.612547
45 16 8.538287
45 17 9.198766
45 18 10.863938
45 19 10.690027
45 20 9.816551
45 21 8.927912
45 22 10.007384
45 23 8.951078
45 24 9.495350
45 25 8.830250
45 26 10.767197
45 27 9.449999
45 28 9.380174
45 29 10.587811
45 30 9.249411
45 31 8.550056
45 32 9.159208
45 33 10.154862
45 34 9.991990
45 35 9.928111
45 36 9.796171
45 37 10.550255
45 38 10.447171
45 39 9.836393
45 40 9.310305
45 41 10.718614
45 42 9.073466
45 43 9.731107
45 44 10.258446
45 45 0.000000
45 46 9.006033
45 47 8.710269
45 48 9.970204
45 49 8.693395
45 50 10.841307
45 51 11.041243
45 52 10.506081
45 53 8.912270
45 54 10.100934
45 55 9.438466
45 56 10.404795
45 57 9.020529
45 58 10.436707
45 59 8.934711
45 60 10.854833
45 61 10.597481
45 62 8.865624
45 63 10.622526
45 64 10.000617
45 65 11.013515
45 66 10.651467
45 67 10.255925
45 68 9.296526
45 69 8.823700
45 70 9.786717
45 71 8.862240
45 72 8.592419
45 73 8.811052
45 74 10.582491
45 75 10.375719
45 76 9.878227
45 77 10.531509
45 78 8.363984
45 79 9.731052
45 80 10.164906
45 81 9.681590
45 82 9.388091
45 83 9.151486
45 84 9.055106
45 85 9.299063
45 86 9.190551
45 87 9.771818
45 88 10.223185
45 89 8.786935
45 90 8.627435
45 91 10.335932
45 92 9.351608
45 93 8.446920
45 94 10.097962
45 95 9.958643
45 96 10.177318
45 97 10.518830
45 98 9.943846
45 99 8.808240
45 100 8.547616
45 101 9.701187
45 102 8.595091
45 103 9.373108
45 104 10.078963
45 105 8.723424
45 106 10.848802
45 107 9.905683
45 108 8.584958
45 109 9.314259
45 110 8.915103
45 111 8.333546
45 112 11.094411
45 113 9.427320
45 114 10.177631
45 115 11.079191
45 116 8.585399
45 117 10.686620
45 118 10.032515
45 119 10.055940
45 120 8.421015
45 121 9.384440
45 122 8.574179
45 123 9.138201
45 124 10.029647
45 125 9.746818
45 126 10.703286
45 127 10.505126
45 128 9.172761
45 129 8.450361
45 130 8.698021
45 131 9.943512
45 132 10.967993
45 133 10.949641
45 134 9.472738
45 135 8.950430
45 136 9.447176
45 137 9.159152
45 138 9.534436
45 139 8.919427
45 140 9.542584
45 141 10.339231
45 142 9.603771
45 143 8.866159
45 144 8.839476
45 145 8.355672
45 146 9.589424
45 147 10.517147
45 148 9.889635
45 149 8.940576
45 150 10.041453
45 151 9.648756
45 152 10.800487
45 153 10.486415
45 154 10.567266
45 155 10.915363
45 156 9.246501
45 157 9.466605
45 158 9.630729
45 159 10.256967
45 160 10.570056
45 161 11.046130
45 162 8.666972
45 163 10.356389
45 164 10.576885
45 165 10.138256
45 166 10.669058
45 167 10.729471
45 168 10.077142
45 169 10.571196
45 170 8.416203
45 171 11.103414
45 172 9.417012
45 173 8.420304
45 174 9.242081
45 175 8.976260
45 176 8.973609
45 177 11.039177
45 178 9.336584
45 179 10.909017
45 180 9.271695
45 181 9.668014
45 182 9.659636
45 183 9.410317
45 184 8.354001
45 185 10.373512
45 186 8.334694
45 187 9.288499
45 188 8.657439
45 189 9.327320
45 190 9.680140
45 191 9.957389
45 192 11.099879
45 193 9.114955
45 194 9.478388
45 195 9.622013
45 196 10.163555
45 197 9.249845
45 198 8.864740
45 199 10.161302
45 200 9.133890
46 0 10.300683
46 1 10.435976
46 2 10.919252
46 3 9.941076
46 4 9.258263
46 5 9.394382
46 6 9.151505
46 7 9.232268
46 8 10.448810
46 9 8.549286
46 10 9.460060
46 11 9.072109
46 12 9.711205
46 13 9.075381
46 14 8.900407
46 15 8.894699
46 16 9.258427
46 17 9.557750
46 18 8.828260
46 19 8.658357
46 20 10.977769
46 21 10.132933
46 22 8.651671
46 23 10.717979
46 24 9.432067
46 25 9.113935
46 26 9.697737
46 27 10.136592
46 28 10.719872
46 29 8.998021
46 30 9.720959
46 31 9.705975
46 32 9.304176
46 33 9.818642
46 34 9.717434
46 35 8.606850
46 36 10.223469
46 37 9.928197
46 38 11.017641
46 39 11.031613
46 40 9.759458
46 41 9.017473
46 42 8.402617
46 43 8.366967
46 44 10.764027
46 45 9.006033
46 46 0.000000
46 47 8.854589
46 48 10.633007
46 49 8.923772
46 50 10.014214
46 51 10.405305
46 52 9.451616
46 53 10.632173
46 54 8.944067
46 55 11.024139
46 56 9.864211
46 57 8.560820
46 58 8.932871
46 59 8.454824
46 60 10.163694
46 61 10.697690
46 62 10.895717
46 63 8.378563
46 64 8.521933
46 65 11.041937
46 66 9.122001
46 67 11.024497
46 68 8.956713
46 69 9.136653
46 70 9.953826
46 71 10.208969
46 72 9.203980
46 73 10.627991
46 74 8.693527
46 75 9.319088
46 76 9.740559
46 77 8.913219
46 78 8.646725
46 79 9.651178
46 80 8.713359
46 81 10.402316
46 82 9.283434
46 83 8.623922
46 84 8.814521
46 85 9.975684
46 86 8.443061
46 87 8.582480
46 88 9.180038
46 89 9.989987
46 90 9.136949
46 91 10.105669
46 92 9.602897
46 93 9.480354
46 94 10.800525
46 95 10.358321
46 96 10.438866
46 97 9.128345
46 98 10.297845
46 99 9.145280
46 100 9.530775
46 101 9.180824
46 102 10.289882
46 103 10.619054
46 104 9.838478
46 105 10.799165
46 106 10.381028
46 107 8.902517
46 108 11.035807
46 109 8.897107
46 110 10.872951
46 111 10.032344
46 112 9.995544
46 113 10.661928
46 114 10.288493
46 115 10.440774
46 116 10.027605
46 117 9.031882
46 118 10.166236
46 119 9.502176
46 120 10.774140
46 121 8.853958
46 122 8.654670
46 123 9.392587
46 124 10.768422
46 125 11.094458
46 126 9.042093
46 127 10.605217
46 128 9.104982
46 129 8.949167
46 130 9.506956
46 131 10.788829
46 132 10.364450
46 133 10.029805
46 134 10.417918
46 135 9.209427
46 136 10.488064
46 137 9.736900
46 138 9.160661
46 139 8.547059
46 140 8.627935
46 141 10.116633
46 142 9.258380
46 143 9.427744
46 144 10.612648
46 145 10.444361
46 146 9.505481
46 147 10.816126
46 148 8.958825
46 149 11.021360
46 150 8.945361
46 151 8.456807
46 152 10.545322
46 153 9.288998
46 154 11.110253
46 155 9.093035
46 156 9.343195
46 157 10.827823
46 158 9.203340
46 159 10.308007
46 160 10.457703
46 161 10.371427
46 162 10.988374
46 163 8.806597
46 164 9.911770
46 165 10.334726
46 166 8.375075
46 167 10.329117
46 168 10.960751
46 169 10.575111
46 170 8.864255
46 171 8.749175
46 172 10.664757
46 173 8.975452
46 174 10.160665
46 175 11.054056
46 176 10.356487
46 177 9.987916
46 178 9.783160
46 179 10.826852
46 180 8.460277
46 181 9.169717
46 182 9.418178
46 183 10.691977
46 184 10.104652
46 185 9.752283
46 186 10.056751
46 187 8.550164
46 188 9.991900
46 189 10.793060
46 190 8.351439
46 191 10.333253
46 192 10.666910
46 193 9.309068
46 194 10.430132
46 195 8.939702
46 196 8.517252
46 197 10.202922
46 198 8.898980
46 199 10.808175
46 200 9.017353
47 0 10.651708
47 1 8.893782
47 2 9.754028
47 3 9.068146
47 4 8.931498
47 5 10.920281
47 6 10.614240
47 7 8.990212
47 8 10.296731
47 9 9.673408
47 10 10.555318
47 11 8.660750
47 12 10.539101
47 13 10.908961
47 14 8.615468
47 15 10.788121
47 16 10.281823
47 17 8.844846
47 18 9.418606
47 19 9.045164
47 20 8.671570
47 21 8.627837
47 22 10.450528
47 23 8.673463
47 24 9.619652
47 25 9.356251
47 26 10.510053
47 27 8.372346
47 28 10.769392
47 29 10.474354
47 30 10.607363
47 31 10.001510
47 32 9.163011
47 33 8.786508
47 34 10.613506
47 35 9.699563
47 36 9.636768
47 37 9.295759
47 38 10.599859
47 39 8.964054
47 40 8.505363
47 41 9.519463
47 42 9.531632
47 43 11.069105
47 44 9.041811
47 45 8.710269
47 46 8.854589
47 47 0.000000
47 48 10.057630
47 49 10.913975
47 50 9.341957
47 51 10.595058
47 52 9.500559
47 53 9.728528
47 54 8.908387
47 55 8.648841
47 56 8.708710
47 57 9.634305
47 58 8.858953
47 59 10.393701
47 60 11.080933
47 61 10.359167
47 62 9.037348
47 63 10.490621
47 64 9.840094
47 65 10.740729
47 66 8.801450
47 67 9.463053
47 68 9.515452
47 69 10.867586
47 70 10.001189
47 71 10.773564
47 72 10.488325
47 73 9.921562
47 74 9.330014
47 75 9.816691
47 76 9.454523
47 77 10.833843
47 78 10.358308
47 79 10.446122
47 80 11.037987
47 81 8.376879
47 82 8.385526
47 83 9.752996
47 84 9.432200
47 85 10.196243
47 86 9.141515
47 87 9.710671
47 88 10.271080
47 89 8.475368
47 90 10.905074
47 91 8.727279
47 92 10.970032
47 93 8.403463
47 94 9.961765
47 95 8.955361
47 96 11.053588
47 97 10.397367
47 98 8.498108
47 99 8.835291
47 100 9.427365
47 101 9.249781
47 102 8.927707
47 103 9.183830
47 104 10.352087
47 105 10.165233
47 106 9.728574
47 107 9.903187
47 108 9.464898
47 109 9.951320
47 110 10.125676
47 111 9.318312
47 112 8.592281
47 113 10.524699
47 114 10.140756
47 115 9.003130
47 116 10.421519
47 117 10.549014
47 118 10.589061
47 119 9.017204
47 120 10.957704
47 121 8.916493
47 122 9.534566
47 123 10.142394
47 124 8.590785
47 125 9.738776
47 126 10.047058
47 127 10.265209
47 128 9.761916
47 129 9.062841
47 130 9.244790
47 131 10.001278
47 132 9.874738
47 133 10.164662
47 134 10.018475
47 135 10.996541
47 136 8.717012
47 137 11.080020
47 138 8.752314
47 139 10.174662
47 140 9.401260
47 141 9.120771
47 142 8.904356
47 143 9.837568
47 144 10.399000
47 145 10.704432
47 146 9.030831
47 147 8.500814
47 148 9.857661
47 149 10.827859
47 150 10.400805
47 151 9.701618
47 152 9.134604
47 153 10.878868
47 154 10.959751
47 155 9.828111
47 156 9.843622
47 157 10.553333
47 158 10.741965
47 159 9.895349
47 160 10.262966
47 161 10.588520
47 162 10.516959
47 163 9.086523
47 164 10.947092
47 165 9.515827
47 166 11.097036
47 167 9.292011
47 168 9.558321
47 169 10.816188
47 170 10.549733
47 171 9.149321
47 172 10.399639
47 173 10.035964
47 174 9.025522
47 175 9.851837
47 176 9.262505
47 177 9.955908
47 178 8.486600
47 179 8.804497
47 180 9.662804
47 181 10.653737
47 182 8.638323
47 183 8.707801
47 184 10.101834
47 185 10.703147
47 186 9.289009
47 187 10.200253
47 188 9.311536
47 189 10.892607
47 190 10.717957
47 191 10.600661
47 192 9.654282
47 193 10.090099
47 194 10.935620
47 195 10.405972
47 196 9.279803
47 197 10.792905
47 198 10.951215
47 199 10.156732
47 200 8.455603
48 0 9.029222
48 1 8.704223
48 2 10.565651
48 3 11.010015
48 4 8.919341
48 5 8.515678
48 6 9.930438
48 7 8.518315
48 8 10.533301
48 9 9.610085
48 10 9.055215
48 11 8.658143
48 12 8.634321
48 13 10.342247
48 14 8.622890
48 15 9.750605
48 16 8.353110
48 17 9.924557
48 18 8.423787
48 19 9.691159
48 20 8.512550
48 21 10.273468
48 22 9.431648
48 23 10.731592
48 24 9.782174
48 25 8.740661
48 26 10.716646
48 27 10.449988
48 28 9.236024
48 29 11.042365
48 30 8.691273
48 31 10.519422
48 32 10.330925
48 33 10.121162
48 34 9.877644
48 35 9.527774
48 36 9.260694
48 37 9.195634
48 38 9.380046
48 39 9.389210
48 40 11.094638
48 41 9.049899
48 42 10.977046
48 43 9.026029
48 44 10.278945
48 45 9.970204
48 46 10.633007
48 47 10.057630
48 48 0.000000
48 49 8.645591
48 50 10.208910
48 51 10.758183
48 52 10.386241
48 53 10.173149
48 54 8.397447
48 55 10.772029
48 56 8.349928
48 57 9.054027
48 58 11.051811
48 59 10.426439
48 60 9.991206
48 61 11.025411
48 62 10.616792
48 63 9.398411
48 64 10.885542
48 65 9.940552
48 66 9.379906
48 67 10.054791
48 68 10.291735
48 69 9.288505
48 70 8.401735
48 71 10.988364
48 72 10.813705
48 73 9.203287
48 74 9.383770
48 75 10.654138
48 76 10.663434
48 77 9.515125
48 78 8.523460
48 79 10.277981
48 80 10.355515
48 81 10.904185
48 82 10.555740
48 83 9.789549
48 84 9.423652
48 85 8.458173
48 86 9.782099
48 87 9.727468
48 88 10.728472
48 89 9.395237
48 90 10.673235
48 91 9.479591
48 92 8.808570
48 93 9.071838
48 94 9.681592
48 95 8.608545
48 96 10.379322
48 97 8.595703
48 98 9.544031
48 99 10.595864
48 100 9.412387
48 101 9.740826
48 102 8.578846
48 103 10.899954
48 104 10.712175
48 105 10.738336
48 106 8.470823
48 107 9.924766
48 108 8.388363
48 109 10.565797
48 110 8.951600
48 111 11.004475
48 112 9.329106
48 113 9.755651
48 114 9.881127
48 115 8.742358
48 116 8.537914
48 117 8.729209
48 118 8.710444
48 119 10.195376
48 120 10.791170
48 121 9.613875
48 122 8.385081
48 123 9.645569
48 124 9.572096
48 125 10.697643
48 126 10.283966
48 127 10.644658
48 128 9.723740
48 129 8.422639
48 130 8.705893
48 131 9.049200
48 132 10.057438
48 133 9.055886
48 134 9.352701
48 135 8.641435
48 136 8.492318
48 137 9.027527
48 138 8.443540
48 139 8.442394
48 140 10.106288
48 141 9.215110
48 142 10.272742
48 143 9.104338
48 144 10.021563
48 145 9.908707
48 146 10.842231
48 147 10.201549
48 148 10.586632
48 149 8.578003
48 150 9.104042
48 151 10.697550
48 152 9.658199
48 153 9.821405
48 154 9.356041
48 155 9.835813
48 156 9.632225
48 157 8.717488
48 158 10.022941
48 159 10.511927
48 160 10.486431
48 161 9.576221
48 162 9.199594
48 163 8.414714
48 164 10.569538
48 165 8.538131
48 166 10.878627
48 167 8.913269
48 168 9.112743
48 169 9.321929
48 170 11.084749
48 171 8.745342
48 172 9.348205
48 173 9.990717
48 174 10.277831
48 175 8.843676
48 176 10.960974
48 177 8.741164
48 178 8.483321
48 179 9.478459
48 180 9.000533
48 181 8.943434
48 182 10.438317
48 183 10.128506
48 184 8.865069
48 185 10.610550
48 186 10.801884
48 187 10.920324
48 188 9.102752
48 189 10.455127
48 190 10.954069
48 191 10.903695
48 192 10.722470
48 193 9.977823
48 194 11.010288
48 195 8.964281
48 196 9.574004
48 197 10.065351
48 198 9.486986
48 199 9.424316
48 200 8.875366
49 0 9.355916
49 1 9.635362
49 2 11.070056
49 3 11.034082
49 4 8.509100
49 5 9.387358
49 6 8.408114
49 7 9.230841
49 8 8.511000
49 9 11.012577
49 10 10.124222
49 11 10.473229
49 12 9.483022
49 13 9.003124
49 14 9.904896
49 15 10.684524
49 16 11.080642
49 17 10.773763
49 18 10.883189
49 19 9.334240
49 20 8.583168
49 21 9.549531
49 22 10.560677
49 23 8.552961
49 24 10.221810
49 25 8.397432
49 26 9.580838
49 27 9.243882
49 28 9.974522
49 29 10.451796
49 30 8.993921
49 31 9.504654
49 32 10.235103
49 33 10.185722
49 34 8.572152
49 35 9.597925
49 36 10.999779
49 37 9.513911
49 38 8.868353
49 39 10.981020
49 40 10.271937
49 41 10.841083
49 42 10.986797
49 43 10.160251
49 44 10.104098
49 45 8.693395
49 46 8.923772
49 47 10.913975
49 48 8.645591
49 49 0.000000
49 50 10.801249
49 51 8.779994
49 52 9.876184
49 53 8.667028
49 54 10.364266
49 55 10.326209
49 56 10.058680
49 57 10.543209
49 58 9.985018
49 59 9.084079
49 60 10.909920
49 61 10.000218
49 62 9.349649
49 63 10.789402
49 64 9.814122
49 65 10.220076
49 66 8.895767
49 67 9.609887
49 68 10.527242
49 69 9.166681
49 70 10.818685
49 71 8.745874
49 72 10.760428
49 73 8.632683
49 74 10.687926
49 75 8.510654
49 76 9.636823
49 77 9.244478
49 78 8.544803
49 79 9.054626
49 80 10.086373
49 81 9.927122
49 82 10.320572
49 83 8.647799
49 84 10.127121
49 85 10.245153
49 86 9.841793
49 87 9.081674
49 88 9.341546
49 89 9.250241
49 90 8.713963
49 91 9.078738
49 92 10.341475
49 93 9.996907
49 94 8.522404
49 95 10.873171
49 96 9.281147
49 97 10.243225
49 98 8.495378
49 99 11.040221
49 100 8.579916
49 101 9.439876
49 102 10.105209
49 103 10.180428
49 104 10.887858
49 105 9.348503
49 106 9.287053
49 107 11.048464
49 108 10.367118
49 109 10.884691
49 110 10.044399
49 111 9.782735
49 112 8.800974
49 113 10.793685
49 114 8.925475
49 115 11.021391
49 116 10.000806
49 117 9.682333
49 118 8.494908
49 119 8.780671
49 120 9.901718
49 121 11.049127
49 122 10.723723
49 123 8.663459
49 124 10.638770
49 125 10.305310
49 126 8.799068
49 127 10.610003
49 128 8.901873
49 129 10.392860
49 130 9.473549
49 131 9.242742
49 132 9.464850
49 133 8.544355
49 134 8.920225
49 135 9.127157
49 136 9.713564
49 137 10.421004
49 138 8.882541
49 139 11.084742
49 140 10.560216
49 141 10.642529
49 142 10.425695
49 143 8.927729
49 144 9.353903
49 145 9.710923
49 146 8.888881
49 147 10.649644
49 148 10.740229
49 149 10.664607
49 150 8.698259
49 151 9.886049
49 152 10.835373
49 153 10.605175
49 154 11.104472
49 155 10.724486
49 156 10.578192
49 157 11.079893
49 158 9.177857
49 159 9.193486
49 160 9.402697
49 161 10.460655
49 162 8.660368
49 163 10.185343
49 164 8.968644
49 165 10.883783
49 166 10.690473
49 167 8.778198
49 168 8.676291
49 169 11.074704
49 170 9.280836
49 171 10.300376
49 172 9.293682
49 173 8.991591
49 174 8.920137
49 175 10.709779
49 176 11.016573
49 177 10.313162
49 178 10.130831
49 179 9.269940
49 180 9.570177
49 181 10.312574
49 182 10.366222
49 183 10.860766
49 184 9.406698
49 185 10.084932
49 186 9.520433
49 187 10.278822
49 188 10.915849
49 189 9.278350
49 190 10.457315
49 191 8.979791
49 192 9.670637
49 193 10.430188
49 194 9.932598
49 195 10.784327
49 196 10.757333
49 197 10.871012
49 198 10.151314
49 199 8.949309
49 200 8.879090
50 0 9.741748
50 1 10.450676
50 2 8.682547
50 3 10.518530
50 4 9.318581
50 5 8.776314
50 6 10.866600
50 7 8.887946
50 8 9.779855
50 9 11.027040
50 10 10.290693
50 11 10.879260
50 12 9.789691
50 13 10.700825
50 14 10.426450
50 15 10.213690
50 16 9.561455
50 17 9.708417
50 18 10.799111
50 19 9.296241
50 20 9.910613
50 21 8.463938
50 22 9.283515
50 23 10.575100
50 24 9.421279
50 25 8.997647
50 26 10.612196
50 27 10.084231
50 28 10.445757
50 29 9.893501
50 30 9.219717
50 31 8.508693
50 32 10.593717
50 33 10.366112
50 34 9.204356
50 35 8.589877
50 36 9.429320
50 37 10.599150
50 38 10.013981
50 39 10.427670
50 40 8.780722
50 41 9.342483
50 42 10.130021
50 43 9.769591
50 44 10.649809
50 45 10.841307
50 46 10.014214
50 47 9.341957
50 48 10.208910
50 49 10.801249
50 50 0.000000
50 51 9.185151
50 52 8.830141
50 53 10.144214
50 54 9.866420
50 55 8.525667
50 56 10.785386
50 57 10.255376
50 58 9.914730
50 59 9.491899
50 60 10.302665
50 61 8.959832
50 62 10.324210
50 63 10.712652
50 64 8.436067
50 65 11.074511
50 66 9.778862
50 67 9.014229
50 68 8.793004
50 69 9.852848
50 70 10.874691
50 71 11.028904
50 72 9.239367
50 73 9.188042
50 74 10.315531
50 75 8.909875
50 76 9.978458
50 77 9.371180
50 78 10.766380
50 79 8.682136
50 80 9.445012
50 81 10.269789
50 82 9.652664
50 83 8.855551
50 84 8.945201
50 85 10.627995
50 86 11.037901
50 87 9.340269
50 88 9.124360
50 89 11.032557
50 90 10.651987
50 91 10.697149
50 92 8.494374
50 93 10.780127
50 94 9.916886
50 95 10.987848
50 96 10.551237
50 97 10.959395
50 98 8.517027
50 99 10.274078
50 100 10.133771
50 101 10.958330
50 102 10.031633
50 103 10.373805
50 104 9.153416
50 105 10.653094
50 106 8.741678
50 107 9.351808
50 108 10.559046
50 109 8.726969
50 110 10.423696
50 111 9.587047
50 112 9.301172
50 113 8.402956
50 114 8.898110
50 115 9.528325
50 116 10.041591
50 117 9.416527
50 118 9.926635
50 119 9.088220
50 120 9.942125
50 121 9.718352
50 122 11.062200
50 123 10.969346
50 124 10.758538
50 125 10.343982
50 126 8.690274
50 127 9.444494
50 128 8.916218
50 129 10.495263
50 130 10.265086
50 131 9.930047
50 132 9.332919
50 133 10.309768
50 134 9.970658
50 135 9.593053
50 136 10.477142
50 137 9.744260
50 138 9.615368
50 139 8.731848
50 140 9.419882
50 141 8.525202
50 142 10.139499
50 143 10.209414
50 144 10.425277
50 145 9.432247
50 146 10.204637
50 147 9.634043
50 148 10.515423
50 149 10.360958
50 150 10.890241
50 151 10.444061
50 152 10.628392
50 153 8.741373
50 154 9.279338
50 155 8.992746
50 156 9.280722
50 157 8.418663
50 158 10.434756
50 159 10.295407
50 160 10.351470
50 161 8.916184
50 162 8.605199
50 163 10.552219
50 164 9.737166
50 165 10.662569
50 166 9.461336
50 167 9.405633
50 168 10.955405
50 169 9.108706
50 170 10.843614
50 171 10.206998
50 172 10.267392
50 173 8.852678
50 174 10.026500
50 175 8.479191
50 176 8.356273
50 177 9.236639
50 178 8.592018
50 179 8.837445
50 180 9.602806
50 181 9.696256
50 182 8.848109
50 183 10.992504
50 184 11.027935
50 185 10.629329
50 186 8.800913
50 187 9.503828
50 188 10.595444
50 189 10.536997
50 190 10.872324
50 191 10.149622
50 192 9.529183
50 193 8.724690
50 194 9.915015
50 195 9.808429
50 196 11.048582
50 197 10.388939
50 198 9.351812
50 199 8.505021
50 200 11.027906
51 0 11.063915
51 1 8.827890
51 2 9.603007
51 3 9.524893
51 4 8.999843
51 5 10.829499
51 6 10.737201
51 7 8.912140
51 8 8.739371
51 9 9.865839
51 10 9.042399
51 11 10.412210
51 12 10.228294
51 13 10.555458
51 14 10.181475
51 15 10.836095
51 16 9.939656
51 17 8.443515
51 18 10.377681
51 19 9.744671
51 20 10.236599
51 21 9.900907
51 22 9.802757
51 23 10.332235
51 24 9.896247
51 25 10.185751
51 26 8.935468
51 27 10.433115
51 28 8.608645
51 29 10.878609
51 30 9.487861
51 31 9.984696
51 32 9.613091
51 33 10.939006
51 34 9.314054
51 35 8.378226
51 36 9.306540
51 37 9.598410
51 38 10.164754
51 39 10.767914
51 40 9.891890
51 41 8.948050
51 42 8.373385
51 43 10.504437
51 44 8.981497
51 45 11.041243
51 46 10.405305
51 47 10.595058
51 48 10.758183
51 49 8.779994
51 50 9.185151
51 51 0.000000
51 52 10.088013
51 53 10.509195
51 54 9.633819
51 55 10.254473
51 56 11.084264
51 57 10.616388
51 58 9.041258
51 59 10.950987
51 60 8.415148
51 61 10.778266
51 62 9.164675
51 63 9.974653
51 64 9.621369
51 65 9.679030
51 66 8.551837
51 67 10.048841
51 68 10.254453
51 69 11.054514
51 70 9.838946
51 71 8.394554
51 72 8.660542
51 73 10.137250
51 74 8.516298
51 75 10.001091
51 76 9.861300
51 77 8.742415
51 78 10.562287
51 79 10.577150
51 80 10.462220
51 81 10.656343
51 82 10.950149
51 83 8.966058
51 84 10.191938
51 85 8.938078
51 86 8.841452
51 87 8.592711
51 88 10.665308
51 89 10.016983
51 90 10.879033
51 91 9.202527
51 92 10.386704
51 93 11.061227
51 94 9.367577
51 95 9.967694
51 96 11.094472
51 97 9.937922
51 98 10.147183
51 99 9.409157
51 100 9.448558
51 101 9.282249
51 102 9.926958
51 103 9.956673
51 104 9.898094
51 105 9.252631
51 106 9.102821
51 107 8.771654
51 108 10.210425
51 109 9.081683
51 110 9.249613
51 111 8.631312
51 112 9.422186
51 113 10.929790
51 114 10.200651
51 115 9.537106
51 116 8.887105
51 117 9.016231
51 118 9.373139
51 119 10.081753
51 120 10.337470
51 121 8.447458
51 122 10.947782
51 123 10.820830
51 124 9.278369
51 125 10.328179
51 126 8.811830
51 127 10.868530
51 128 9.825779
51 129 10.987046
51 130 10.774456
51 131 8.469301
51 132 10.674041
51 133 9.196689
51 134 11.085828
51 135 9.302823
51 136 10.022420
51 137 10.093506
51 138 8.778083
51 139 9.004624
51 140 10.642036
51 141 10.577130
51 142 8.637645
51 143 9.631601
51 144 10.655267
51 145 10.715999
51 146 9.815680
51 147 8.466120
51 148 8.556485
51 149 8.707156
51 150 10.655644
51 151 9.909715
51 152 9.133346
51 153 9.183258
51 154 9.971623
51 155 10.412265
51 156 10.143842
51 157 10.823074
51 158 10.358031
51 159 9.353477
51 160 10.312198
51 161 9.696209
51 162 10.962353
51 163 10.242575
51 164 9.765546
51 165 8.730020
51 166 10.450178
51 167 9.474928
51 168 9.320027
51 169 9.067252
51 170 10.559835
51 171 9.533265
51 172 10.062708
51 173 9.096160
51 174 8.422511
51 175 10.808192
51 176 8.928190
51 177 9.240998
51 178 10.275159
51 179 10.685591
51 180 9.773395
51 181 10.830385
51 182 9.385732
51 183 8.529522
51 184 10.939847
51 185 10.531879
51 186 10.615237
51 187 9.332751
51 188 8.624590
51 189 10.774576
51 190 8.715561
51 191 9.141870
51 192 10.751350
51 193 10.948951
51 194 10.525858
51 195 10.462409
51 196 9.595480
51 197 10.441880
51 198 11.078842
51 199 9.448173
51 200 10.962705
52 0 10.438547
52 1 8.415653
52 2 8.884054
52 3 10.149582
52 4 9.015469
52 5 10.753353
52 6 8.817405
52 7 9.853548
52 8 8.800496
52 9 8.888125
52 10 9.542394
52 11 10.237858
52 12 9.054118
52 13 9.000002
52 14 10.126452
52 15 10.466386
52 16 8.843372
52 17 8.931111
52 18 10.438711
52 19 9.120391
52 20 9.035756
52 21 10.203315
52 22 9.361451
52 23 9.669547
52 24 9.077003
52 25 8.341262
52 26 9.092503
52 27 9.707066
52 28 8.973829
52 29 9.631562
52 30 9.082698
52 31 10.949292
52 32 9.461788
52 33 8.873067
52 34 10.204590
52 35 8.906389
52 36 9.496198
52 37 8.508529
52 38 10.094667
52 39 9.066084
52 40 10.304440
52 41 11.026418
52 42 10.224255
52 43 9.043266
52 44 9.634801
52 45 10.506081
52 46 9.451616
52 47 9.500559
52 48 10.386241
52 49 9.876184
52 50 8.830141
52 51 10.088013
52 52 0.000000
52 53 9.820516
52 54 8.749899
52 55 8.598935
52 56 10.079152
52 57 9.837881
52 58 8.916050
52 59 10.961754
52 60 8.631711
52 61 10.965096
52 62 9.036704
52 63 9.893995
52 64 8.939317
52 65 8.476970
52 66 10.021603
52 67 9.932187
52 68 10.756444
52 69 9.084957
52 70 11.077134
52 71 9.513921
52 72 10.186060
52 73 8.989830
52 74 10.364104
52 75 8.832471
52 76 10.480114
52 77 10.946278
52 78 9.890245
52 79 8.885955
52 80 10.318205
52 81 9.720105
52 82 10.332901
52 83 8.595908
52 84 10.292376
52 85 8.905545
52 86 10.843512
52 87 9.274603
52 88 9.281700
52 89 8.845747
52 90 9.396881
52 91 10.251654
52 92 9.377229
52 93 11.031323
52 94 9.846992
52 95 10.233700
52 96 9.991623
52 97 8.467638
52 98 9.605294
52 99 10.264320
52 100 9.766591
52 101 9.756123
52 102 9.471816
52 103 10.666165
52 104 10.980673
52 105 8.643634
52 106 9.629760
52 107 9.818517
52 108 9.954923
52 109 10.906627
52 110 10.898100
52 111 8.867116
52 112 10.887008
52 113 10.283107
52 114 9.167157
52 115 8.408846
52 116 9.430761
52 117 11.046085
52 118 8.335170
52 119 9.256422
52 120 10.068496
52 121 9.652161
52 122 8.707783
52 123 9.890734
52 124 9.524462
52 125 8.991039
52 126 9.837062
52 127 9.118518
52 128 8.927475
52 129 9.474439
52 130 8.698447
52 131 8.872854
52 132 9.199961
52 133 9.278243
52 134 10.852641
52 135 10.916175
52 136 9.839410
52 137 10.135445
52 138 8.862599
52 139 10.419508
52 140 10.886202
52 141 8.929020
52 142 9.630962
52 143 10.437349
52 144 8.698603
52 145 8.760089
52 146 10.397662
52 147 8.772897
52 148 9.001738
52 149 10.916357
52 150 10.254094
52 151 9.174606
52 152 9.010199
52 153 9.402708
52 154 10.765821
52 155 9.805680
52 156 9.879937
52 157 10.183299
52 158 8.561120
52 159 10.093428
52 160 9.724970
52 161 10.717117
52 162 10.815243
52 163 9.576738
52 164 9.535019
52 165 10.158095
52 166 9.103971
52 167 9.364290
52 168 8.430884
52 169 10.933664
52 170 9.007449
52 171 10.784123
52 172 9.193358
52 173 9.150031
52 174 8.740476
52 175 8.696093
52 176 10.707868
52 177 9.814387
52 178 9.985880
52 179 10.939494
52 180 10.854925
52 181 10.271407
52 182 8.448607
52 183 9.494329
52 184 10.918341
52 185 8.522582
52 186 8.924171
52 187 9.901886
52 188 10.532685
52 189 9.060662
52 190 10.881328
52 191 10.142109
52 192 8.663788
52 193 8.680243
52 194 8.900886
52 195 8.550899
52 196 9.420476
52 197 8.540280
52 198 8.752015
52 199 9.001559
52 200 10.560083
53 0 10.026397
53 1 9.960814
53 2 9.086859
53 3 8.361042
53 4 11.007854
53 5 8.587970
53 6 10.371097
53 7 10.399521
53 8 10.142922
53 9 9.838479
53 10 11.100510
53 11 10.183843
53 12 9.292341
53 13 10.727093
53 14 10.106601
53 15 8.621185
53 16 10.562486
53 17 9.689697
53 18 9.632158
53 19 10.451478
53 20 10.579599
53 21 8.532786
53 22 8.591763
53 23 11.083436
53 24 9.034371
53 25 10.202173
53 26 9.811823
53 27 9.764474
53 28 9.003657
53 29 9.785916
53 30 9.913750
53 31 10.742526
53 32 9.034628
53 33 10.591823
53 34 10.699285
53 35 9.894944
53 36 9.743026
53 37 11.072629
53 38 10.627881
53 39 10.504506
53 40 10.394890
53 41 10.610913
53 42 10.799850
53 43 8.880814
53 44 9.538525
53 45 8.912270
53 46 10.632173
53 47 9.728528
53 48 10.173149
53 49 8.667028
53 50 10.144214
53 51 10.509195
53 52 9.820516
53 53 0.000000
53 54 10.497812
53 55 9.594982
53 56 10.381538
53 57 10.102960
53 58 9.187621
53 59 10.135361
53 60 10.174905
53 61 9.770723
53 62 8.469865
53 63 8.630206
53 64 8.647285
53 65 8.764019
53 66 9.034844
53 67 10.611949
53 68 11.014284
53 69 10.217020
53 70 8.448317
53 71 9.086168
53 72 10.322310
53 73 10.684146
53 74 11.048869
53 75 10.468251
53 76 10.823310
53 77 10.396064
53 78 9.582189
53 79 9.651611
53 80 11.034968
53 81 9.547335
53 82 10.426056
53 83 10.001524
53 84 9.531303
53 85 9.276432
53 86 9.954746
53 87 9.106859
53 88 8.378644
53 89 9.241125
53 90 10.061990
53 91 9.436147
53 92 10.603813
53 93 9.086747
53 94 9.651144
53 95 9.716190
53 96 9.270513
53 97 9.747587
53 98 9.399571
53 99 10.104315
53 100 9.737613
53 101 8.630995
53 102 8.377415
53 103 8.799711
53 104 10.834358
53 105 9.529823
53 106 9.188469
53 107 9.262803
53 108 10.169804
53 109 9.402560
53 110 8.743023
53 111 10.452983
53 112 9.939990
53 113 8.612389
53 114 10.679623
53 115 10.818856
53 116 9.687036
53 117 9.069278
53 118 10.197844
53 119 8.392140
53 120 10.732116
53 121 8.789532
53 122 10.592342
53 123 9.749937
53 124 10.381976
53 125 8.591023
53 126 10.212200
53 127 9.600770
53 128 8.411789
53 129 10.952896
53 130 11.045589
53 131 10.987168
53 132 10.218164
53 133 11.085150
53 134 8.660983
53 135 10.518265
53 136 10.018974
53 137 9.037621
53 138 8.407078
53 139 10.129401
53 140 9.313265
53 141 9.685762
53 142 9.895578
53 143 9.147858
53 144 10.054417
53 145 9.729952
53 146 10.843079
53 147 10.443241
53 148 8.941197
53 149 8.882279
53 150 10.950908
53 151 10.395940
53 152 10.160652
53 153 9.896691
53 154 9.400985
53 155 10.452146
53 156 9.027317
53 157 8.863101
53 158 10.564403
53 159 10.104517
53 160 8.582071
53 161 10.499277
53 162 8.341916
53 163 9.016529
53 164 9.972057
53 165 10.448136
53 166 9.014484
53 167 10.918953
53 168 9.104710
53 169 9.388780
53 170 9.845463
53 171 8.670810
53 172 8.596826
53 173 10.390357
53 174 9.572359
53 175 8.560448
53 176 10.487648
53 177 9.292732
53 178 9.988849
53 179 10.014544
53 180 9.233741
53 181 9.573952
53 182 9.043000
53 183 8.778938
53 184 10.683275
53 185 10.330899
53 186 9.445151
53 187 10.347667
53 188 8.578743
53 189 9.603261
53 190 8.523164
53 191 9.072987
53 192 10.081425
53 193 8.417408
53 194 11.045794
53 195 9.561963
53 196 8.970745
53 197 10.574569
53 198 10.255305
53 199 9.893938
53 200 10.765349
54 0 10.365844
54 1 9.686191
54 2 9.342894
54 3 10.541069
54 4 10.782993
54 5 11.017839
54 6 8.464682
54 7 11.036413
54 8 8.466105
54 9 8.507964
54 10 9.769588
54 11 10.407260
54 12 10.143072
54 13 9.263851
54 14 9.764505
54 15 10.949451
54 16 10.584150
54 17 10.344927
54 18 10.189567
54 19 10.925058
54 20 10.863626
54 21 9.570491
54 22 11.083884
54 23 10.622737
54 24 8.827436
54 25 9.380417
54 26 10.871246
54 27 9.829659
54 28 9.189864
54 29 10.145486
54 30 8.751754
54 31 9.783340
54 32 10.111163
54 33 10.240322
54 34 9.907429
54 35 10.211656
54 36 10.421204
54 37 9.125284
54 38 10.853403
54 39 8.987125
54 40 9.385163
54 41 9.472726
54 42 10.701590
54 43 9.206937
54 44 10.860459
54 45 10.100934
54 46 8.944067
54 47 8.908387
54 48 8.397447
54 49 10.364266
54 50 9.866420
54 51 9.633819
54 52 8.749899
54 53 10.497812
54 54 0.000000
54 55 8.372419
54 56 9.643569
54 57 10.939266
54 58 9.443863
54 59 10.000105
54 60 8.913140
54 61 11.036677
54 62 9.786327
54 63 9.067817
54 64 10.886889
54 65 8.998591
54 66 9.428370
54 67 8.975928
54 68 10.805492
54 69 10.188715
54 70 9.704687
54 71 9.688169
54 72 9.823818
54 73 8.829742
54 74 10.819074
54 75 8.798273
54 76 9.970323
54 77 8.724465
54 78 9.001508
54 79 9.785987
54 80 8.542762
54 81 10.262589
54 82 9.107150
54 83 8.692003
54 84 10.195475
54 85 10.975361
54 86 10.551080
54 87 9.612156
54 88 8.739003
54 89 8.569354
54 90 9.456707
54 91 8.844548
54 92 8.665358
54 93 10.820088
54 94 9.629679
54 95 8.678853
54 96 9.473351
54 97 8.782796
54 98 9.731158
54 99 9.589288
54 100 10.505626
54 101 8.765786
54 102 9.650015
54 103 9.022141
54 104 9.396758
54 105 9.457446
54 106 9.182319
54 107 9.890304
54 108 11.078773
54 109 9.246034
54 110 9.339487
54 111 10.189149
54 112 9.604830
54 113 9.256218
54 114 10.104650
54 115 9.967408
54 116 9.801885
54 117 8.468917
54 118 10.163293
54 119 9.750437
54 120 10.229036
54 121 10.222402
54 122 8.445449
54 123 8.447696
54 124 8.894414
54 125 9.522883
54 126 10.161698
54 127 9.954260
54 128 11.083770
54 129 8.542450
54 130 9.767768
54 131 9.517275
54 132 10.510338
54 133 10.377532
54 134 10.344375
54 135 8.652338
54 136 8.363590
54 137 8.464094
54 138 9.917210
54 139 10.720439
54 140 10.224043
54 141 9.753127
54 142 9.316088
54 143 9.736061
54 144 9.232157
54 145 9.222064
54 146 9.546589
54 147 10.438848
54 148 8.687697
54 149 9.989418
54 150 9.620080
54 151 8.910582
54 152 10.498982
54 153 10.429164
54 154 9.015369
54 155 8.908923
54 156 9.204559
54 157 11.070012
54 158 10.813183
54 159 8.590848
54 160 9.491581
54 161 10.748106
54 162 9.557730
54 163 8.600021
54 164 9.486068
54 165 10.772472
54 166 9.586479
54 167 11.006463
54 168 8.965192
54 169 9.451218
54 170 10.151068
54 171 9.258240
54 172 8.801612
54 173 9.933039
54 174 9.233302
54 175 9.023433
54 176 9.217484
54 177 10.831828
54 178 10.408776
54 179 8.408658
54 180 9.310609
54 181 10.781572
54 182 8.451401
54 183 10.608211
54 184 10.061381
54 185 8.392290
54 186 10.294657
54 187 9.813056
54 188 9.403747
54 189 10.608245
54 190 10.337470
54 191 8.915963
54 192 10.739667
54 193 9.032373
54 194 9.510526
54 195 8.469050
54 196 10.735251
54 197 9.219133
54 198 9.292229
54 199 10.257192
54 200 10.697153
55 0 10.719891
55 1 8.883464
55 2 9.278948
55 3 8.384833
55 4 10.213330
55 5 9.221260
55 6 10.060637
55 7 9.170784
55 8 10.588512
55 9 9.728954
55 10 8.582579
55 11 10.205806
55 12 9.741929
55 13 10.804582
55 14 10.404312
55 15 8.573521
55 16 10.268440
55 17 10.416203
55 18 9.904433
55 19 10.033776
55 20 11.098110
55 21 10.846342
55 22 9.890751
55 23 9.884017
55 24 10.984239
55 25 8.641564
55 26 10.175505
55 27 10.821696
55 28 9.634125
55 29 10.344433
55 30 9.879024
55 31 9.162238
55 32 8.666420
55 33 8.913741
55 34 8.753262
55 35 9.641525
55 36 8.530984
55 37 8.626234
55 38 11.105761
55 39 10.345911
55 40 8.756341
55 41 10.153771
55 42 8.591135
55 43 8.378264
55 44 9.293994
55 45 9.438466
55 46 11.024139
55 47 8.648841
55 48 10.772029
55 49 10.326209
55 50 8.525667
55 51 10.254473
55 52 8.598935
55 53 9.594982
55 54 8.372419
55 55 0.000000
55 56 8.571231
55 57 10.361387
55 58 8.376064
55 59 10.093094
55 60 8.723192
55 61 9.877324
55 62 10.258974
55 63 10.991899
55 64 10.639155
55 65 10.034443
55 66 8.776400
55 67 9.464174
55 68 10.992866
55 69 9.445713
55 70 9.438319
55 71 10.189005
55 72 9.992952
55 73 8.523211
55 74 9.231604
55 75 10.589418
55 76 8.915982
55 77 10.014084
55 78 9.812335
55 79 9.237754
55 80 10.975185
55 81 8.577760
55 82 8.345148
55 83 10.873477
55 84 10.749423
55 85 9.918687
55 86 9.208970
55 87 9.395596
55 88 10.902255
55 89 9.908195
55 90 8.624878
55 91 8.485935
55 92 9.317335
55 93 10.842969
55 94 10.577654
55 95 8.774545
55 96 10.746258
55 97 9.218087
55 98 8.545251
55 99 9.861774
55 100 9.502378
55 101 10.586173
55 102 8.963059
55 103 8.998269
55 104 9.927426
55 105 10.035885
55 106 10.992985
55 107 8.515153
55 108 9.324722
55 109 9.481384
55 110 10.571883
55 111 10.497001
55 112 9.863079
55 113 9.001631
55 114 11.045671
55 115 8.411458
55 116 10.550724
55 117 10.447978
55 118 9.664392
55 119 10.634999
55 120 10.364528
55 121 9.662002
55 122 9.400057
55 123 9.052784
55 124 10.341450
55 125 8.625683
55 126 8.464226
55 127 9.911550
55 128 10.922016
55 129 10.276143
55 130 10.405549
55 131 9.192346
55 132 9.540132
55 133 9.956656
55 134 9.382760
55 135 9.599498
55 136 10.245854
55 137 10.405413
55 138 8.352579
55 139 10.935152
55 140 10.566254
55 141 10.140846
55 142 10.434711
55 143 9.033004
55 144 10.197010
55 145 10.154925
55 146 10.833895
55 147 8.954073
55 148 9.031418
55 149 8.376401
55 150 10.333522
55 151 8.418485
55 152 8.983899
55 153 9.170138
55 154 9.582197
55 155 10.498678
55 156 9.014635
55 157 10.465544
55 158 10.948214
55 159 10.732881
55 160 10.043465
55 161 10.214604
55 162 9.998038
55 163 10.832847
55 164 9.516110
55 165 9.909920
55 166 9.880701
55 167 9.290876
55 168 10.762390
55 169 9.344228
55 170 10.416761
55 171 8.430767
55 172 9.059765
55 173 9.844501
55 174 8.831260
55 175 9.656228
55 176 11.018694
55 177 9.043536
55 178 8.999949
55 179 11.067599
55 180 10.277094
55 181 9.825841
55 182 8.702878
55 183 9.449485
55 184 9.066908
55 185 10.360167
55 186 9.515364
55 187 10.089853
55 188 11.035459
55 189 10.818798
55 190 10.687145
55 191 10.726807
55 192 9.424189
55 193 9.436942
55 194 10.205925
55 195 9.698782
55 196 10.024756
55 197 9.793217
55 198 9.090138
55 199 10.761251
55 200 10.582458
56 0 10.018407
56 1 10.617452
56 2 10.261539
56 3 8.873508
56 4 8.415854
56 5 8.720517
56 6 8.464265
56 7 10.644655
56 8 10.267287
56 9 10.069113
56 10 10.905354
56 11 10.644079
56 12 8.703674
56 13 9.617591
56 14 8.640563
56 15 11.040495
56 16 10.049868
56 17 10.452519
56 18 10.581981
56 19 9.964097
56 20 10.317961
56 21 8.598196
56 22 8.521717
56 23 10.313445
56 24 10.429931
56 25 8.454373
56 26 10.685435
56 27 10.382854
56 28 10.534265
56 29 8.767500
56 30 9.977858
56 31 8.943374
56 32 9.323522
56 33 9.789278
56 34 8.855927
56 35 9.045042
56 36 8.845256
56 37 8.367979
56 38 9.392953
56 39 9.782213
56 40 8.548427
56 41 10.616704
56 42 9.565342
56 43 9.689429
56 44 9.218269
56 45 10.404795
56 46 9.864211
56 47 8.708710
56 48 8.349928
56 49 10.058680
56 50 10.785386
56 51 11.084264
56 52 10.079152
56 53 10.381538
56 54 9.643569
56 55 8.571231
56 56 0.000000
56 57 9.508063
56 58 8.720975
56 59 10.766435
56 60 10.408768
56 61 8.694727
56 62 9.843647
56 63 10.799388
56 64 11.045521
56 65 9.212901
56 66 9.532682
56 67 9.119369
56 68 10.223203
56 69 10.618570
56 70 8.759090
56 71 9.798100
56 72 9.761092
56 73 10.260835
56 74 10.875426
56 75 10.654725
56 76 8.680310
56 77 11.081513
56 78 10.584512
56 79 8.763997
56 80 10.497394
56 81 8.388331
56 82 8.428907
56 83 9.050858
56 84 8.425300
56 85 9.399235
56 86 9.381729
56 87 10.980448
56 88 8.600031
56 89 10.048852
56 90 10.080767
56 91 10.353792
56 92 10.195975
56 93 9.853760
56 94 10.134113
56 95 9.313386
56 96 9.049484
56 97 8.939775
56 98 8.580040
56 99 9.209196
56 100 9.476018
56 101 8.434802
56 102 8.633325
56 103 8.739538
56 104 10.178282
56 105 8.630210
56 106 10.559199
56 107 9.048682
56 108 10.714832
56 109 11.011652
56 110 10.908790
56 111 11.026407
56 112 9.697998
56 113 9.870346
56 114 10.654228
56 115 9.451036
56 116 9.401223
56 117 10.244613
56 118 9.800056
56 119 10.681724
56 120 10.936973
56 121 8.821869
56 122 9.140267
56 123 10.556177
56 124 8.365870
56 125 8.561378
56 126 9.580946
56 127 10.178306
56 128 8.764471
56 129 8.962425
56 130 9.782817
56 131 8.960410
56 132 9.245553
56 133 10.339611
56 134 8.769640
56 135 8.486148
56 136 9.881427
56 137 11.038989
56 138 10.193054
56 139 8.503991
56 140 9.699346
56 141 8.821645
56 142 10.243038
56 143 8.547831
56 144 10.479227
56 145 9.983584
56 146 9.033994
56 147 9.154869
56 148 8.449865
56 149 9.100558
56 150 10.506613
56 151 10.300703
56 152 10.972867
56 153 10.143982
56 154 8.696613
56 155 10.433787
56 156 10.997336
56 157 10.452742
56 158 10.845507
56 159 9.686657
56 160 8.971563
56 161 10.591696
56 162 10.766270
56 163 11.096518
56 164 8.512853
56 165 9.955576
56 166 10.713335
56 167 9.308888
56 168 9.799436
56 169 9.011124
56 170 11.010163
56 171 10.187956
56 172 9.045112
56 173 10.365523
56 174 9.958117
56 175 10.435958
56 176 9.115790
56 177 10.310153
56 178 8.713303
56 179 10.562304
56 180 8.732909
56 181 10.976109
56 182 9.502260
56 183 9.247301
56 184 10.921762
56 185 9.587413
56 186 9.109449
56 187 9.721087
56 188 8.366912
56 189 9.223689
56 190 9.511265
56 191 10.659138
56 192 8.751224
56 193 10.372933
56 194 10.327279
56 195 8.879138
56 196 10.179130
56 197 9.120660
56 198 9.260445
56 199 10.218290
56 200 10.892501
57 0 10.812305
57 1 10.402076
57 2 9.711678
57 3 9.637384
57 4 10.402820
57 5 9.911455
57 6 8.912084
57 7 10.691847
57 8 10.204254
57 9 10.731830
57 10 9.660298
57 11 8.921852
57 12 8.754511
57 13 9.193106
57 14 8.496161
57 15 10.533229
57 16 10.063383
57 17 9.801432
57 18 10.542501
57 19 9.717484
57 20 9.516389
57 21 10.390832
57 22 9.661435
57 23 10.853787
57 24 10.849532
57 25 8.759644
57 26 10.099262
57 27 9.990523
57 28 8.492220
57 29 10.637657
57 30 8.670852
57 31 10.499886
57 32 9.141149
57 33 9.522684
57 34 10.976412
57 35 9.120371
57 36 9.019409
57 37 10.953170
57 38 10.539430
57 39 10.640636
57 40 10.262832
57 41 10.656571
57 42 10.601784
57 43 9.470922
57 44 10.622318
57 45 9.020529
57 46 8.560820
57 47 9.634305
57 48 9.054027
57 49 10.543209
57 50 10.255376
57 51 10.616388
57 52 9.837881
57 53 10.102960
57 54 10.939266
57 55 10.361387
57 56 9.508063
57 57 0.000000
57 58 10.254020
57 59 10.340819
57 60 9.460143
57 61 10.589505
57 62 8.848516
57 63 10.751344
57 64 9.278663
57 65 8.550762
57 66 8.502535
57 67 10.238537
57 68 8.956576
57 69 10.325718
57 70 10.576250
57 71 8.823614
57 72 10.321170
57 73 10.189951
57 74 9.600333
57 75 8.550117
57 76 9.924642
57 77 10.318530
57 78 8.860845
57 79 8.455184
57 80 8.730565
57 81 8.728155
57 82 10.037296
57 83 9.575859
57 84 10.453480
57 85 9.086523
57 86 10.231183
57 87 8.890914
57 88 11.014158
57 89 9.390445
57 90 8.704207
57 91 9.801080
57 92 8.815278
57 93 9.881567
57 94 9.075406
57 95 8.626289
57 96 9.137377
57 97 10.076332
57 98 10.731729
57 99 10.138739
57 100 10.342151
57 101 10.782473
57 102 8.903933
57 103 9.362430
57 104 10.928762
57 105 10.316266
57 106 8.976024
57 107 9.077986
57 108 9.448902
57 109 10.245750
57 110 8.935001
57 111 9.652762
57 112 9.129363
57 113 8.672600
57 114 8.499585
57 115 10.871770
57 116 10.224998
57 117 10.695803
57 118 10.869789
57 119 10.509839
57 120 9.473562
57 121 8.867040
57 122 10.278541
57 123 10.460842
57 124 10.310139
57 125 9.705111
57 126 10.005449
57 127 10.953849
57 128 10.784590
57 129 10.958507
57 130 10.959828
57 131 9.287044
57 132 10.065075
57 133 8.897027
57 134 8.494500
57 135 10.986992
57 136 10.980426
57 137 10.117413
57 138 9.052814
57 139 8.947559
57 140 8.990060
57 141 10.399593
57 142 10.913119
57 143 10.235703
57 144 9.871292
57 145 9.988989
57 146 9.091736
57 147 10.605641
57 148 10.063648
57 149 8.371791
57 150 10.343134
57 151 10.628412
57 152 9.133986
57 153 10.761607
57 154 9.071995
57 155 10.013246
57 156 8.602023
57 157 11.021371
57 158 9.500207
57 159 9.300424
57 160 8.958361
57 161 9.067495
57 162 10.519685
57 163 9.945711
57 164 10.255649
57 165 8.679501
57 166 10.714517
57 167 8.596454
57 168 8.692750
57 169 9.431806
57 170 10.188642
57 171 9.274194
57 172 10.623390
57 173 10.193745
57 174 8.988010
57 175 8.687568
57 176 9.628835
57 177 10.198774
57 178 8.680329
57 179 9.624031
57 180 9.966266
57 181 9.172418
57 182 8.601400
57 183 9.551529
57 184 9.964973
57 185 10.751216
57 186 8.702369
57 187 10.182305
57 188 9.894166
57 189 9.910785
57 190 9.296029
57 191 8.556352
57 192 9.982635
57 193 10.010335
57 194 8.465411
57 195 8.892488
57 196 10.552620
57 197 9.045540
57 198 9.536262
57 199 10.408140
57 200 9.971276
58 0 10.163657
58 1 9.779781
58 2 9.397737
58 3 10.810139
58 4 9.891762
58 5 9.070722
58 6 10.212658
58 7 10.124721
58 8 8.720390
58 9 9.972629
58 10 8.799749
58 11 9.765464
58 12 9.913814
58 13 9.952190
58 14 9.522177
58 15 10.895358
58 16 9.512955
58 17 10.117499
58 18 10.439902
58 19 9.077600
58 20 8.789722
58 21 9.363637
58 22 9.078190
58 23 8.833966
58 24 9.347717
58 25 11.083128
58 26 10.084827
58 27 9.638749
58 28 10.892872
58 29 10.224546
58 30 10.359448
58 31 8.760668
58 32 8.761705
58 33 8.759815
58 34 9.482877
58 35 8.747423
58 36 9.919792
58 37 9.823587
58 38 10.770883
58 39 11.085543
58 40 9.190301
58 41 9.115058
58 42 9.841165
58 43 9.925052
58 44 9.600612
58 45 10.436707
58 46 8.932871
58 47 8.858953
58 48 11.051811
58 49 9.985018
58 50 9.914730
58 51 9.041258
58 52 8.916050
58 53 9.187621
58 54 9.443863
58 55 8.376064
58 56 8.720975
58 57 10.254020
58 58 0.000000
58 59 10.785207
58 60 10.821133
58 61 8.339686
58 62 9.085470
58 63 8.501229
58 64 9.446429
58 65 8.668459
58 66 8.512895
58 67 10.649646
58 68 11.107652
58 69 10.002313
58 70 9.424982
58 71 10.774212
58 72 8.335801
58 73 10.059732
58 74 10.219483
58 75 9.037808
58 76 10.504049
58 77 10.140189
58 78 9.010300
58 79 9.462450
58 80 9.249185
58 81 8.622448
58 82 9.107746
58 83 10.412696
58 84 9.719272
58 85 8.428619
58 86 10.503641
58 87 10.850691
58 88 10.206843
58 89 10.453764
58 90 8.518776
58 91 10.835325
58 92 11.068443
58 93 10.561826
58 94 10.170654
58 95 8.451028
58 96 8.407098
58 97 8.765428
58 98 10.014436
58 99 9.021821
58 100 10.344631
58 101 8.702189
58 102 10.450742
58 103 10.230109
58 104 10.257138
58 105 9.411124
58 106 9.533109
58 107 8.822085
58 108 9.521604
58 109 10.153666
58 110 8.505960
58 111 9.789596
58 112 10.094987
58 113 9.496388
58 114 8.738058
58 115 10.239563
58 116 9.198668
58 117 9.343086
58 118 8.831867
58 119 10.824838
58 120 9.450213
58 121 9.361758
58 122 8.926308
58 123 11.073661
58 124 8.343919
58 125 9.313486
58 126 10.478529
58 127 8.959543
58 128 8.675771
58 129 8.622457
58 130 8.927862
58 131 9.397287
58 132 11.036430
58 133 8.397041
58 134 10.885903
58 135 10.890181
58 136 9.106910
58 137 8.426320
58 138 9.750950
58 139 9.161095
58 140 9.988676
58 141 8.921352
58 142 8.981667
58 143 10.168326
58 144 9.498125
58 145 10.859387
58 146 10.769441
58 147 10.776840
58 148 10.441981
58 149 8.918074
58 150 10.544372
58 151 10.590934
58 152 9.618868
58 153 10.393586
58 154 9.022351
58 155 8.824198
58 156 8.831581
58 157 9.004502
58 158 9.708292
58 159 9.080726
58 160 10.115551
58 161 8.790397
58 162 9.070250
58 163 9.396753
58 164 8.525882
58 165 9.420918
58 166 9.385491
58 167 10.796667
58 168 9.053648
58 169 9.742708
58 170 8.993480
58 171 10.739967
58 172 10.795375
58 173 10.816899
58 174 9.233517
58 175 10.192152
58 176 10.509537
58 177 8.624391
58 178 9.043901
58 179 8.701799
58 180 10.077789
58 181 9.770429
58 182 10.357574
58 183 9.689672
58 184 11.021970
58 185 8.433853
58 186 8.387474
58 187 8.932279
58 188 8.797100
58 189 9.978075
58 190 9.602838
58 191 9.433579
58 192 9.919321
58 193 10.782031
58 194 9.799975
58 195 10.762282
58 196 8.772026
58 197 8.782638
58 198 8.467834
58 199 9.341437
58 200 10.834016
59 0 9.059295
59 1 9.481726
59 2 9.781603
59 3 10.603857
59 4 8.927770
59 5 10.754374
59 6 8.774988
59 7 9.739732
59 8 9.030761
59 9 9.011840
59 10 8.895208
59 11 10.704378
59 12 9.241302
59 13 8.856696
59 14 10.899375
59 15 8.607432
59 16 11.084109
59 17 10.384161
59 18 10.097887
59 19 10.642784
59 20 8.360617
59 21 9.385925
59 22 10.663726
59 23 8.668715
59 24 8.511813
59 25 8.584857
59 26 10.892095
59 27 9.706737
59 28 8.907635
59 29 9.560808
59 30 10.168525
59 31 10.944110
59 32 9.759189
59 33 9.734463
59 34 8.592981
59 35 10.652049
59 36 11.044551
59 37 9.650698
59 38 10.848631
59 39 9.321050
59 40 10.444113
59 41 8.425822
59 42 8.618019
59 43 9.422437
59 44 8.939272
59 45 8.934711
59 46 8.454824
59 47 10.393701
59 48 10.426439
59 49 9.084079
59 50 9.491899
59 51 10.950987
59 52 10.961754
59 53 10.135361
59 54 10.000105
59 55 10.093094
59 56 10.766435
59 57 10.340819
59 58 10.785207
59 59 0.000000
59 60 9.220578
59 61 9.797163
59 62 10.266430
59 63 10.055502
59 64 8.938723
59 65 9.789623
59 66 10.095512
59 67 10.860758
59 68 8.850078
59 69 10.151677
59 70 8.926555
59 71 10.528808
59 72 10.125802
59 73 10.266601
59 74 10.957171
59 75 8.497443
59 76 9.453917
59 77 9.115214
59 78 9.287073
59 79 8.394523
59 80 9.121634
59 81 8.342714
59 82 10.833908
59 83 9.675898
59 84 9.971901
59 85 9.067824
59 86 10.511250
59 87 10.815746
59 88 10.198149
59 89 9.231996
59 90 8.855940
59 91 9.067747
59 92 10.659494
59 93 8.882081
59 94 8.881466
59 95 9.755492
59 96 10.952193
59 97 9.245969
59 98 8.427541
59 99 10.065438
59 100 8.405939
59 101 9.693818
59 102 9.331876
59 103 9.207284
59 104 8.496170
59 105 10.357444
59 106 9.241362
59 107 9.850295
59 108 10.154646
59 109 8.871956
59 110 9.197781
59 111 8.662444
59 112 9.226442
59 113 11.090584
59 114 8.354279
59 115 9.603930
59 116 8.417452
59 117 10.669988
59 118 9.536903
59 119 10.634533
59 120 10.212446
59 121 11.028370
59 122 10.799843
59 123 8.559823
59 124 8.408012
59 125 8.850397
59 126 10.203072
59 127 10.904900
59 128 8.460678
59 129 10.675840
59 130 9.211232
59 131 9.514615
59 132 9.560177
59 133 10.777298
59 134 9.301201
59 135 9.850217
59 136 9.962787
59 137 11.068343
59 138 9.214591
59 139 9.471809
59 140 11.079948
59 141 9.729295
59 142 10.152809
59 143 10.105137
59 144 10.342832
59 145 9.905626
59 146 11.092949
59 147 8.510782
59 148 9.201864
59 149 10.491889
59 150 8.667743
59 151 9.793615
59 152 9.937482
59 153 10.233416
59 154 10.960414
59 155 10.720025
59 156 10.371028
59 157 9.174533
59 158 10.090854
59 159 9.431795
59 160 9.309059
59 161 10.851800
59 162 10.319073
59 163 9.899774
59 164 8.387352
59 165 8.486632
59 166 10.719033
59 167 8.673417
59 168 9.689160
59 169 8.562707
59 170 9.939937
59 171 10.105455
59 172 10.747782
59 173 10.204064
59 174 8.986588
59 175 10.215875
59 176 10.915664
59 177 9.835909
59 178 8.697771
59 179 9.917201
59 180 10.813781
59 181 8.538238
59 182 10.598429
59 183 9.148079
59 184 9.458383
59 185 10.147499
59 186 10.965238
59 187 8.950125
59 188 10.329325
59 189 9.211629
59 190 9.724819
59 191 8.674347
59 192 9.023199
59 193 10.020196
59 194 8.585375
59 195 10.479260
59 196 10.950045
59 197 10.653328
59 198 10.298709
59 199 8.847645
59 200 8.439441
60 0 8.846009
60 1 9.873246
60 2 8.402335
60 3 9.548470
60 4 8.619516
60 5 9.156370
60 6 10.549064
60 7 9.775622
60 8 10.065794
60 9 9.998636
60 10 9.838505
60 11 8.435008
60 12 10.714573
60 13 9.565420
60 14 10.569228
60 15 9.534675
60 16 9.003330
60 17 8.421039
60 18 10.035212
60 19 8.400995
60 20 10.201688
60 21 9.931366
60 22 10.233441
60 23 10.071725
60 24 10.438220
60 25 10.587198
60 26 9.349923
60 27 9.682900
60 28 9.172075
60 29 10.245258
60 30 9.744019
60 31 9.138464
60 32 9.436224
60 33 10.342049
60 34 10.101041
60 35 10.595796
60 36 9.420696
60 37 9.222278
60 38 10.905230
60 39 8.570930
60 40 8.752088
60 41 9.412780
60 42 10.181128
60 43 9.976443
60 44 8.625149
60 45 10.854833
60 46 10.163694
60 47 11.080933
60 48 9.991206
60 49 10.909920
60 50 10.302665
60 51 8.415148
60 52 8.631711
60 53 10.174905
60 54 8.913140
60 55 8.723192
60 56 10.408768
60 57 9.460143
60 58 10.821133
60 59 9.220578
60 60 0.000000
60 61 8.438767
60 62 8.791119
60 63 10.482694
60 64 10.459617
60 65 9.650290
60 66 10.787690
60 67 9.977469
60 68 8.941104
60 69 10.435320
60 70 9.701410
60 71 10.386696
60 72 10.631966
60 73 10.192195
60 74 8.988061
60 75 8.508689
60 76 9.544997
60 77 9.058675
60 78 8.514103
60 79 10.680842
60 80 10.791375
60 81 8.974234
60 82 9.677315
60 83 10.221796
60 84 9.064441
60 85 9.200505
60 86 10.009620
60 87 8.996843
60 88 10.224048
60 89 10.591871
60 90 9.735035
60 91 8.675288
60 92 10.824863
60 93 9.729034
60 94 9.616353
60 95 9.462182
60 96 10.127336
60 97 8.977758
60 98 9.659868
60 99 8.870383
60 100 10.018100
60 101 10.144457
60 102 10.909411
60 103 10.612676
60 104 10.555905
60 105 10.621004
60 106 8.753795
60 107 8.893002
60 108 10.834388
60 109 8.609279
60 110 9.105730
60 111 8.929353
60 112 9.004266
60 113 10.530071
60 114 9.969269
60 115 9.055154
60 116 10.331124
60 117 8.423687
60 118 8.572077
60 119 10.903190
60 120 8.801824
60 121 8.517108
60 122 8.887717
60 123 8.849433
60 124 9.877147
60 125 10.563772
60 126 8.991961
60 127 10.776123
60 128 9.403869
60 129 10.141178
60 130 10.243947
60 131 9.732993
60 132 9.316763
60 133 9.266547
60 134 8.583412
60 135 10.934111
60 136 8.993849
60 137 10.008635
60 138 9.540307
60 139 10.790691
60 140 8.601833
60 141 9.145917
60 142 9.185307
60 143 10.611683
60 144 8.527281
60 145 9.572619
60 146 9.643470
60 147 10.142217
60 148 9.621258
60 149 10.637941
60 150 8.860352
60 151 9.152370
60 152 10.833242
60 153 8.727032
60 154 8.567416
60 155 8.429421
60 156 9.727675
60 157 9.266028
60 158 10.423094
60 159 10.830781
60 160 10.873072
60 161 8.348192
60 162 9.585089
60 163 8.352161
60 164 10.924693
60 165 9.229087
60 166 10.395941
60 167 8.560910
60 168 11.040511
60 169 10.014586
60 170 9.310373
60 171 10.451907
60 172 9.448016
60 173 8.865986
60 174 10.954724
60 175 11.043463
60 176 10.409818
60 177 9.091270
60 178 8.666654
60 179 10.929284
60 180 11.053025
60 181 9.395394
60 182 9.416099
60 183 8.958694
60 184 8.715577
60 185 10.755119
60 186 10.976530
60 187 9.998603
60 188 8.847584
60 189 11.035725
60 190 10.723402
60 191 10.793135
60 192 8.694578
60 193 10.191148
60 194 9.906161
60 195 9.113623
60 196 11.101617
60 197 8.438888
60 198 9.733972
60 199 8.648002
60 200 9.733329
61 0 8.879306
61 1 10.265787
61 2 9.151326
61 3 10.896789
61 4 8.563107
61 5 8.810843
61 6 10.335771
61 7 9.301922
61 8 10.786379
61 9 8.394671
61 10 10.375204
61 11 8.333704
61 12 10.584241
61 13 9.841006
61 14 10.683346
61 15 10.451562
61 16 10.034673
61 17 10.474342
61 18 8.502005
61 19 9.211772
61 20 8.435710
61 21 8.448963
61 22 10.797103
61 23 9.363397
61 24 9.647027
61 25 10.700952
61 26 9.716025
61 27 8.890614
61 28 9.713155
61 29 10.356234
61 30 10.548954
61 31 8.696022
61 32 10.311512
61 33 10.228035
61 34 10.955250
61 35 10.914188
61 36 9.121760
61 37 10.825317
61 38 10.247714
61 39 8.807825
61 40 9.710906
61 41 10.873362
61 42 8.578613
61 43 10.394105
61 44 9.833430
61 45 10.597481
61 46 10.697690
61 47 10.359167
61 48 11.025411
61 49 10.000218
61 50 8.959832
61 51 10.778266
61 52 10.965096
61 53 9.770723
61 54 11.036677
61 55 9.877324
61 56 8.694727
61 57 10.589505
61 58 8.339686
61 59 9.797163
61 60 8.438767
61 61 0.000000
61 62 9.306101
61 63 10.577416
61 64 9.675838
61 65 9.725008
61 66 10.961469
61 67 8.516705
61 68 9.595158
61 69 10.375078
61 70 9.720192
61 71 10.923757
61 72 8.536467
61 73 9.053484
61 74 10.027579
61 75 8.733838
61 76 9.019404
61 77 10.972249
61 78 9.445955
61 79 9.266804
61 80 8.656904
61 81 9.933493
61 82 10.027022
61 83 10.932663
61 84 10.899066
61 85 10.479119
61 86 8.719835
61 87 9.171943
61 88 11.022749
61 89 10.742716
61 90 9.562561
61 91 9.033005
61 92 9.911889
61 93 9.547639
61 94 9.489532
61 95 10.981840
61 96 10.071054
61 97 8.833233
61 98 10.988036
61 99 8.450458
61 100 9.900678
61 101 10.746902
61 102 9.048609
61 103 9.603574
61 104 9.955172
61 105 9.334856
61 106 9.005254
61 107 10.748771
61 108 10.440754
61 109 10.158532
61 110 9.465836
61 111 8.940872
61 112 10.837773
61 113 10.690725
61 114 10.072074
61 115 8.472235
61 116 9.886466
61 117 10.874472
61 118 9.469894
61 119 9.216078
61 120 11.012387
61 121 10.988852
61 122 10.292763
61 123 10.239513
61 124 10.641059
61 125 9.132220
61 126 8.521402
61 127 9.348502
61 128 9.512825
61 129 10.345018
61 130 9.056565
61 131 8.922068
61 132 9.098356
61 133 10.203160
61 134 9.269854
61 135 9.268422
61 136 10.563518
61 137 9.476691
61 138 10.526677
61 139 9.429996
61 140 10.154275
61 141 11.094718
61 142 8.765701
61 143 9.488700
61 144 9.237804
61 145 10.577750
61 146 10.146302
61 147 10.004380
61 148 9.688045
61 149 8.769086
61 150 10.181820
61 151 9.577321
61 152 9.161389
61 153 10.598742
61 154 8.963711
61 155 10.112644
61 156 8.489267
61 157 10.932873
61 158 9.677961
61 159 11.022132
61 160 9.397466
61 161 9.688781
61 162 9.798675
61 163 8.854473
61 164 10.387639
61 165 8.361845
61 166 9.074415
61 167 9.052786
61 168 9.606027
61 169 10.321569
61 170 10.381898
61 171 9.298563
61 172 11.049282
61 173 10.749653
61 174 9.403068
61 175 8.622524
61 176 9.481378
61 177 11.043352
61 178 10.665617
61 179 10.118359
61 180 10.464435
61 181 10.427358
61 182 10.673651
61 183 9.125126
61 184 9.486675
61 185 10.091852
61 186 10.758349
61 187 8.375963
61 188 10.633383
61 189 9.030240
61 190 9.583011
61 191 11.007058
61 192 8.637023
61 193 10.852305
61 194 11.032649
61 195 8.974213
61 196 9.391018
61 197 10.740762
61 198 9.272013
61 199 9.573701
61 200 8.814154
62 0 9.957010
62 1 11.031898
62 2 8.762966
62 3 8.591685
62 4 10.111511
62 5 10.708110
62 6 8.441385
62 7 8.679407
62 8 10.205672
62 9 9.668691
62 10 10.413732
62 11 9.634805
62 12 8.914734
62 13 9.779473
62 14 9.922791
62 15 8.777877
62 16 10.602596
62 17 10.983450
62 18 10.305258
62 19 9.639635
62 20 9.195544
62 21 11.048165
62 22 8.782870
62 23 8.787972
62 24 10.795129
62 25 8.822013
62 26 8.381183
62 27 9.869349
62 28 11.094767
62 29 10.846826
62 30 8.456592
62 31 9.433957
62 32 10.148295
62 33 9.777750
62 34 9.495864
62 35 10.403009
62 36 10.801593
62 37 10.754191
62 38 9.305172
62 39 8.883705
62 40 10.679311
62 41 8.992292
62 42 9.751617
62 43 9.714951
62 44 9.594461
62 45 8.865624
62 46 10.895717
62 47 9.037348
62 48 10.616792
62 49 9.349649
62 50 10.324210
62 51 9.164675
62 52 9.036704
62 53 8.469865
62 54 9.786327
62 55 10.258974
62 56 9.843647
62 57 8.848516
62 58 9.085470
62 59 10.266430
62 60 8.791119
62 61 9.306101
62 62 0.000000
62 63 9.636334
62 64 9.371273
62 65 8.483449
62 66 10.603225
62 67 9.276160
62 68 10.948276
62 69 9.380139
62 70 10.609937
62 71 10.141285
62 72 10.752459
62 73 9.861100
62 74 9.462230
62 75 9.475573
62 76 10.660578
62 77 9.151433
62 78 11.003649
62 79 9.294572
62 80 10.788758
62 81 9.106601
62 82 9.680814
62 83 9.118045
62 84 10.404719
62 85 9.462174
62 86 9.444832
62 87 9.182654
62 88 10.158894
62 89 9.420953
62 90 10.219584
62 91 11.043102
62 92 8.551339
62 93 9.029181
62 94 8.507959
62 95 9.973024
62 96 10.463414
62 97 10.487767
62 98 9.176816
62 99 11.089057
62 100 10.207980
62 101 10.455819
62 102 9.389328
62 103 9.195951
62 104 11.012475
62 105 9.118527
62 106 8.960697
62 107 9.288305
62 108 10.270602
62 109 8.610574
62 110 9.754817
62 111 8.508827
62 112 8.820709
62 113 10.044058
62 114 10.627256
62 115 9.594343
62 116 9.474969
62 117 10.411546
62 118 9.504592
62 119 10.862573
62 120 8.417367
62 121 9.942859
62 122 11.099134
62 123 10.028542
62 124 9.151243
62 125 8.628163
62 126 10.317931
62 127 8.470186
62 128 8.367929
62 129 9.561559
62 130 10.906556
62 131 9.063163
62 132 10.145079
62 133 10.892401
62 134 9.608040
62 135 10.595940
62 136 11.044640
62 137 10.856736
62 138 10.321454
62 139 10.010333
62 140 10.453175
62 141 9.753826
62 142 9.148434
62 143 9.581529
62 144 8.841775
62 145 8.993257
62 146 9.254952
62 147 9.387783
62 148 9.966311
62 149 9.873516
62 150 9.988987
62 151 9.927490
62 152 9.082372
62 153 10.657333
62 154 9.186625
62 155 8.906086
62 156 10.470550
62 157 9.182591
62 158 10.639763
62 159 10.839907
62 160 10.279476
62 161 10.560439
62 162 8.709520
62 163 9.782483
62 164 10.833761
62 165 9.474551
62 166 9.708046
62 167 10.119803
62 168 10.594608
62 169 10.750492
62 170 10.194155
62 171 8.630607
62 172 10.788085
62 173 10.779405
62 174 9.004834
62 175 8.485175
62 176 8.975947
62 177 9.582728
62 178 9.533132
62 179 10.262055
62 180 9.724816
62 181 8.944468
62 182 10.217678
62 183 11.040707
62 184 10.484513
62 185 10.347733
62 186 9.851903
62 187 9.174180
62 188 9.479042
62 189 8.605343
62 190 10.532019
62 191 8.531322
62 192 10.956132
62 193 9.229144
62 194 10.929199
62 195 9.063899
62 196 9.232300
62 197 8.663229
62 198 9.183764
62 199 8.482969
62 200 8.509402
63 0 9.916838
63 1 9.360383
63 2 8.836515
63 3 10.442266
63 4 10.264794
63 5 9.955964
63 6 10.871913
63 7 9.583430
63 8 8.524360
63 9 9.739572
63 10 10.738530
63 11 9.492825
63 12 10.817765
63 13 8.661441
63 14 9.145641
63 15 10.971827
63 16 8.951234
63 17 11.018179
63 18 10.846706
63 19 8.834745
63 20 9.952608
63 21 9.339149
63 22 10.450406
63 23 10.819941
63 24 9.816415
63 25 8.485643
63 26 8.567648
63 27 9.793844
63 28 10.650448
63 29 9.738814
63 30 9.312513
63 31 10.903910
63 32 8.919962
63 33 9.487134
63 34 9.571535
63 35 8.335684
63 36 9.376351
63 37 9.348866
63 38 10.452455
63 39 9.973407
63 40 8.748646
63 41 9.350418
63 42 10.696641
63 43 8.818733
63 44 8.586414
63 45 10.622526
63 46 8.378563
63 47 10.490621
63 48 9.398411
63 49 10.789402
63 50 10.712652
63 51 9.974653
63 52 9.893995
63 53 8.630206
63 54 9.067817
63 55 10.991899
63 56 10.799388
63 57 10.751344
63 58 8.501229
63 59 10.055502
63 60 10.482694
63 61 10.577416
63 62 9.636334
63 63 0.000000
63 64 10.352727
63 65 10.771450
63 66 9.814616
63 67 9.130801
63 68 10.615859
63 69 9.656414
63 70 10.014579
63 71 10.205083
63 72 8.610401
63 73 10.400457
63 74 10.694242
63 75 10.665902
63 76 9.075371
63 77 10.316579
63 78 9.507257
63 79 10.304034
63 80 8.942286
63 81 10.260237
63 82 10.116662
63 83 9.435987
63 84 10.341247
63 85 10.522284
63 86 8.501782
63 87 8.467807
63 88 9.674428
63 89 8.616726
63 90 10.013188
63 91 11.109453
63 92 10.912286
63 93 9.911057
63 94 10.993319
63 95 9.219092
63 96 8.498964
63 97 11.042008
63 98 9.338986
63 99 9.379663
63 100 8.520701
63 101 11.034140
63 102 9.206373
63 103 10.523351
63 104 9.728139
63 105 9.963027
63 106 10.727987
63 107 10.215259
63 108 10.597090
63 109 10.589613
63 110 8.857829
63 111 9.540950
63 112 8.908004
63 113 10.919613
63 114 8.702660
63 115 11.004995
63 116 10.900191
63 117 9.485097
63 118 10.046028
63 119 8.597649
63 120 9.014414
63 121 8.761804
63 122 10.027245
63 123 8.676078
63 124 9.766388
63 125 11.026377
63 126 9.812461
63 127 10.678160
63 128 10.272990
63 129 10.572730
63 130 10.196994
63 131 9.331727
63 132 9.002554
63 133 10.492690
63 134 9.162554
63 135 8.627615
63 136 11.048540
63 137 9.470399
63 138 10.957110
63 139 9.506231
63 140 10.014852
63 141 8.614069
63 142 9.471801
63 143 10.432350
63 144 9.456654
63 145 9.181589
63 146 9.145224
63 147 8.907606
63 148 10.678449
63 149 8.968376
63 150 9.128591
63 151 9.496358
63 152 10.693423
63 153 10.679149
63 154 8.374849
63 155 11.076542
63 156 9.020612
63 157 8.942984
63 158 10.044290
63 159 9.594788
63 160 11.058892
63 161 9.855688
63 162 10.295857
63 163 10.574560
63 164 8.947542
63 165 10.891205
63 166 9.654980
63 167 9.681246
63 168 8.659831
63 169 10.511282
63 170 8.606718
63 171 9.239946
63 172 9.907112
63 173 8.448568
63 174 10.253385
63 175 10.080190
63 176 9.891310
63 177 11.066426
63 178 9.360626
63 179 10.854965
63 180 8.651357
63 181 8.603052
63 182 8.337643
63 183 9.081719
63 184 10.211236
63 185 8.781955
63 186 10.343675
63 187 9.579843
63 188 8.854581
63 189 10.265645
63 190 8.975597
63 191 9.519282
63 192 10.390137
63 193 10.030014
63 194 9.098904
63 195 10.827602
63 196 9.453808
63 197 11.109359
63 198 9.369392
63 199 10.286197
63 200 9.142109
64 0 8.801426
64 1 9.676894
64 2 10.238098
64 3 9.000550
64 4 10.196951
64 5 8.586865
64 6 9.290536
64 7 8.987547
64 8 8.416970
64 9 9.898582
64 10 9.289915
64 11 11.078798
64 12 9.900713
64 13 9.583905
64 14 9.206601
64 15 9.691317
64 16 10.464907
64 17 10.471413
64 18 10.431240
64 19 9.116404
64 20 9.473841
64 21 8.365856
64 22 10.787784
64 23 10.250937
64 24 8.620384
64 25 8.408724
64 26 10.936250
64 27 9.037668
64 28 9.738485
64 29 8.898977
64 30 10.894195
64 31 10.205166
64 32 8.365296
64 33 8.802346
64 34 9.946053
64 35 8.773966
64 36 8.803278
64 37 9.196848
64 38 9.980777
64 39 10.916547
64 40 9.813367
64 41 10.653036
64 42 9.101353
64 43 9.740421
64 44 10.681745
64 45 10.000617
64 46 8.521933
64 47 9.840094
64 48 10.885542
64 49 9.814122
64 50 8.436067
64 51 9.621369
64 52 8.939317
64 53 8.647285
64 54 10.886889
64 55 10.639155
64 56 11.045521
64 57 9.278663
64 58 9.446429
64 59 8.938723
64 60 10.459617
64 61 9.675838
64 62 9.371273
64 63 10.352727
64 64 0.000000
64 65 10.099453
64 66 8.887019
64 67 10.278452
64 68 10.286303
64 69 8.746469
64 70 9.165907
64 71 10.698937
64 72 9.910114
64 73 9.566316
64 74 10.520665
64 75 8.981384
64 76 11.067307
64 77 8.749377
64 78 10.801568
64 79 10.056439
64 80 10.687633
64 81 9.011179
64 82 10.254007
64 83 8.418657
64 84 9.146036
64 85 10.281835
64 86 10.452772
64 87 8.731366
64 88 8.844209
64 89 9.645589
64 90 10.963226
64 91 9.972775
64 92 9.260909
64 93 8.869178
64 94 10.742265
64 95 8.998002
64 96 9.054688
64 97 10.661350
64 98 10.868921
64 99 8.830806
64 100 10.073946
64 101 8.367252
64 102 9.753527
64 103 9.384804
64 104 10.296682
64 105 8.638473
64 106 9.128229
64 107 9.559727
64 108 9.640505
64 109 9.271187
64 110 9.746463
64 111 10.326204
64 112 10.090087
64 113 10.433067
64 114 9.882814
64 115 8.777313
64 116 8.781384
64 117 8.743113
64 118 9.262088
64 119 8.895817
64 120 9.483252
64 121 9.973606
64 122 9.652419
64 123 10.713983
64 124 9.051092
64 125 10.860079
64 126 9.011360
64 127 10.550219
64 128 9.276314
64 129 9.667042
64 130 10.082068
64 131 8.398277
64 132 8.712012
64 133 9.044394
64 134 9.715981
64 135 8.591668
64 136 9.801820
64 137 9.376460
64 138 10.166914
64 139 10.604161
64 140 9.405329
64 141 9.278783
64 142 9.888556
64 143 9.428872
64 144 8.424219
64 145 10.731324
64 146 8.705166
64 147 10.939747
64 148 10.618820
64 149 10.398269
64 150 9.733056
64 151 8.375251
64 152 9.265569
64 153 9.794494
64 154 9.415840
64 155 8.402348
64 156 8.807050
64 157 10.002033
64 158 10.150797
64 159 10.526155
64 160 10.796880
64 161 9.614477
64 162 11.105555
64 163 10.243642
64 164 9.735067
64 165 8.388397
64 166 10.706710
64 167 9.056074
64 168 9.057254
64 169 10.677435
64 170 8.436296
64 171 9.736531
64 172 9.774914
64 173 8.921206
64 174 10.977905
64 175 9.375632
64 176 9.621296
64 177 8.547789
64 178 10.980659
64 179 10.487921
64 180 9.334136
64 181 10.684392
64 182 8.537859
64 183 8.845882
64 184 8.348966
64 185 11.072900
64 186 10.691382
64 187 9.510844
64 188 8.480954
64 189 10.804499
64 190 10.339989
64 191 9.405921
64 192 10.129049
64 193 10.065432
64 194 9.769015
64 195 9.231845
64 196 11.000232
64 197 9.627198
64 198 9.243151
64 199 8.518350
64 200 8.361081
65 0 10.765120
65 1 10.629899
65 2 9.678660
65 3 10.127431
65 4 10.706639
65 5 10.284483
65 6 10.128330
65 7 9.734709
65 8 10.151796
65 9 9.125406
65 10 8.728105
65 11 9.960609
65 12 9.606558
65 13 10.357892
65 14 9.385485
65 15 9.090145
65 16 10.356918
65 17 9.491472
65 18 10.630565
65 19 9.097649
65 20 10.483234
65 21 9.244375
65 22 9.416198
65 23 8.882391
65 24 11.053291
65 25 9.265828
65 26 10.990252
65 27 10.911060
65 28 8.856657
65 29 9.577723
65 30 8.753078
65 31 9.641527
65 32 9.600330
65 33 9.653872
65 34 10.811542
65 35 8.342948
65 36 8.449252
65 37 10.571594
65 38 10.843907
65 39 10.306756
65 40 9.211133
65 41 10.656702
65 42 9.644794
65 43 10.051743
65 44 10.639647
65 45 11.013515
65 46 11.041937
65 47 10.740729
65 48 9.940552
65 49 10.220076
65 50 11.074511
65 51 9.679030
65 52 8.476970
65 53 8.764019
65 54 8.998591
65 55 10.034443
65 56 9.212901
65 57 8.550762
65 58 8.668459
65 59 9.789623
65 60 9.650290
65 61 9.725008
65 62 8.483449
65 63 10.771450
65 64 10.099453
65 65 0.000000
65 66 9.723751
65 67 10.768453
65 68 10.420301
65 69 10.988731
65 70 8.970996
65 71 10.104724
65 72 9.882164
65 73 10.076396
65 74 10.796948
65 75 10.698527
65 76 8.683393
65 77 9.957751
65 78 9.556793
65 79 10.207169
65 80 9.543781
65 81 8.709409
65 82 9.567769
65 83 9.908189
65 84 9.926815
65 85 9.246077
65 86 9.797425
65 87 8.857972
65 88 8.661035
65 89 10.253942
65 90 9.192411
65 91 8.893072
65 92 10.120925
65 93 9.123263
65 94 9.654565
65 95 9.495226
65 96 11.100737
65 97 10.121802
65 98 10.399660
65 99 8.361010
65 100 10.481441
65 101 8.896391
65 102 9.519893
65 103 10.868079
65 104 9.026668
65 105 10.840821
65 106 8.639580
65 107 10.778693
65 108 8.398029
65 109 9.368772
65 110 8.506814
65 111 10.795246
65 112 10.439898
65 113 8.449645
65 114 8.638321
65 115 10.870401
65 116 10.459962
65 117 9.942781
65 118 9.382834
65 119 10.936072
65 120 10.288597
65 121 8.458749
65 122 8.447252
65 123 10.011970
65 124 10.632432
65 125 10.183848
65 126 9.423072
65 127 10.505003
65 128 10.369793
65 129 8.691357
65 130 10.023261
65 131 10.960268
65 132 8.964325
65 133 10.899998
65 134 10.203363
65 135 9.553241
65 136 8.803430
65 137 10.720581
65 138 9.729116
65 139 9.376259
65 140 9.507924
65 141 9.644495
65 142 10.198145
65 143 9.655327
65 144 10.829474
65 145 8.515112
65 146 9.453626
65 147 10.875310
65 148 9.534926
65 149 9.860456
65 150 10.421533
65 151 8.991300
65 152 10.460336
65 153 9.017271
65 154 9.661238
65 155 9.671571
65 156 11.108428
65 157 10.247794
65 158 9.117183
65 159 10.347679
65 160 8.762430
65 161 8.483272
65 162 8.513980
65 163 10.871265
65 164 9.298099
65 165 10.833412
65 166 8.591715
65 167 10.914923
65 168 10.560052
65 169 10.644888
65 170 9.931160
65 171 10.281613
65 172 10.922077
65 173 8.786107
65 174 8.834461
65 175 8.929527
65 176 9.883169
65 177 10.661458
65 178 10.737312
65 179 10.493087
65 180 9.899541
65 181 9.517296
65 182 9.716390
65 183 10.360993
65 184 8.757117
65 185 9.134266
65 186 8.981859
65 187 10.321611
65 188 8.804991
65 189 10.535367
65 190 9.865855
65 191 9.331480
65 192 9.694674
65 193 11.094087
65 194 10.993393
65 195 9.157114
65 196 8.962594
65 197 10.298684
65 198 10.070199
65 199 9.620221
65 200 9.175378
66 0 10.203316
66 1 10.863037
66 2 9.219908
66 3 10.617129
66 4 8.638846
66 5 9.619881
66 6 9.168440
66 7 9.449977
66 8 8.514075
66 9 9.323938
66 10 9.696300
66 11 10.271719
66 12 9.271110
66 13 10.801986
66 14 10.007130
66 15 9.239444
66 16 10.888118
66 17 9.267687
66 18 10.125141
66 19 10.672792
66 20 9.715787
66 21 11.087937
66 22 8.409967
66 23 8.793785
66 24 10.068543
66 25 10.911920
66 26 9.479060
66 27 10.112482
66 28 9.992666
66 29 9.875881
66 30 8.709100
66 31 8.523708
66 32 9.357675
66 33 8.420308
66 34 10.928385
66 35 8.755099
66 36 10.248396
66 37 11.005536
66 38 9.285864
66 39 8.837378
66 40 8.476671
66 41 9.356069
66 42 9.756911
66 43 10.444166
66 44 9.881273
66 45 10.651467
66 46 9.122001
66 47 8.801450
66 48 9.379906
66 49 8.895767
66 50 9.778862
66 51 8.551837
66 52 10.021603
66 53 9.034844
66 54 9.428370
66 55 8.776400
66 56 9.532682
66 57 8.502535
66 58 8.512895
66 59 10.095512
66 60 10.787690
66 61 10.961469
66 62 10.603225
66 63 9.814616
66 64 8.887019
66 65 9.723751
66 66 0.000000
66 67 9.582969
66 68 8.398514
66 69 9.032633
66 70 9.250035
66 71 8.534306
66 72 10.865101
66 73 8.981499
66 74 8.655366
66 75 10.855031
66 76 9.595524
66 77 10.521131
66 78 9.582444
66 79 9.611233
66 80 8.867020
66 81 10.899290
66 82 8.613644
66 83 9.748457
66 84 9.474296
66 85 9.801457
66 86 10.170446
66 87 10.530676
66 88 8.372696
66 89 8.964574
66 90 10.196888
66 91 10.737414
66 92 9.948352
66 93 8.939140
66 94 11.064697
66 95 10.291339
66 96 10.607156
66 97 9.294162
66 98 9.021193
66 99 10.732922
66 100 9.612298
66 101 9.835437
66 102 10.166120
66 103 9.237525
66 104 9.588423
66 105 10.137831
66 106 10.133447
66 107 9.320083
66 108 10.276169
66 109 8.540942
66 110 8.899508
66 111 8.749414
66 112 9.076871
66 113 9.406169
66 114 10.735764
66 115 10.033057
66 116 10.333569
66 117 10.871247
66 118 10.733287
66 119 10.865966
66 120 8.747695
66 121 9.533519
66 122 8.465398
66 123 9.930139
66 124 10.880525
66 125 10.622433
66 126 9.603359
66 127 10.390785
66 128 8.466227
66 129 10.671723
66 130 8.775137
66 131 8.603022
66 132 10.336273
66 133 9.813297
66 134 10.698979
66 135 9.171075
66 136 10.236510
66 137 8.821714
66 138 10.784598
66 139 9.158456
66 140 9.634365
66 141 9.825245
66 142 10.380545
66 143 9.901844
66 144 8.361772
66 145 9.464538
66 146 8.627478
66 147 9.363346
66 148 9.059903
66 149 11.036751
66 150 10.720982
66 151 9.606156
66 152 10.007930
66 153 8.984039
66 154 9.107807
66 155 9.029040
66 156 10.371740
66 157 8.917474
66 158 9.342017
66 159 8.564733
66 160 8.821172
66 161 9.882593
66 162 11.053290
66 163 10.110765
66 164 10.171770
66 165 9.816974
66 166 8.487387
66 167 8.837893
66 168 10.486387
66 169 10.244960
66 170 9.381882
66 171 9.417046
66 172 10.575360
66 173 10.351034
66 174 10.172945
66 175 10.684399
66 176 10.391353
66 177 9.664099
66 178 8.916452
66 179 9.007407
66 180 11.046388
66 181 9.134843
66 182 9.742476
66 183 10.272841
66 184 10.627472
66 185 8.879008
66 186 8.943926
66 187 10.655794
66 188 10.305560
66 189 10.547375
66 190 8.490970
66 191 9.694756
66 192 9.234867
66 193 9.057497
66 194 8.626992
66 195 10.477604
66 196 10.007203
66 197 10.587160
66 198 10.032500
66 199 9.843619
66 200 10.707399
67 0 10.666114
67 1 8.862277
67 2 10.675852
67 3 9.624052
67 4 10.658984
67 5 9.540417
67 6 10.512768
67 7 9.545119
67 8 9.992831
67 9 9.207202
67 10 10.468173
67 11 9.040806
67 12 9.644117
67 13 8.996908
67 14 10.389994
67 15 10.498159
67 16 8.360899
67 17 8.996005
67 18 10.028546
67 19 9.656539
67 20 8.997747
67 21 8.595373
67 22 9.304054
67 23 11.084354
67 24 10.252478
67 25 9.341224
67 26 10.759864
67 27 8.467050
67 28 11.047715
67 29 8.345412
67 30 8.583913
67 31 10.601237
67 32 10.721043
67 33 11.097818
67 34 10.056476
67 35 10.261358
67 36 10.213560
67 37 9.791485
67 38 10.916003
67 39 10.045971
67 40 11.079873
67 41 11.105647
67 42 10.056874
67 43 9.268107
67 44 9.935538
67 45 10.255925
67 46 11.024497
67 47 9.463053
67 48 10.054791
67 49 9.609887
67 50 9.014229
67 51 10.048841
67 52 9.932187
67 53 10.611949
67 54 8.975928
67 55 9.464174
67 56 9.119369
67 57 10.238537
67 58 10.649646
67 59 10.860758
67 60 9.977469
67 61 8.516705
67 62 9.276160
67 63 9.130801
67 64 10.278452
67 65 10.768453
67 66 9.582969
67 67 0.000000
67 68 10.822030
67 69 9.191795
67 70 9.348661
67 71 9.813482
67 72 8.837468
67 73 10.089415
67 74 10.498277
67 75 9.764579
67 76 9.153035
67 77 10.118924
67 78 9.906080
67 79 10.988910
67 80 10.487119
67 81 9.418959
67 82 8.400816
67 83 10.778992
67 84 9.537768
67 85 10.265021
67 86 8.484690
67 87 8.902496
67 88 9.645084
67 89 10.340540
67 90 10.436814
67 91 9.912574
67 92 8.349238
67 93 11.014071
67 94 10.712498
67 95 9.173977
67 96 10.835462
67 97 8.959086
67 98 9.161638
67 99 9.765115
67 100 11.060961
67 101 9.982201
67 102 8.883572
67 103 9.721651
67 104 11.050570
67 105 9.806149
67 106 8.369532
67 107 10.284156
67 108 8.935778
67 109 9.567894
67 110 9.731462
67 111 8.387741
67 112 8.594789
67 113 9.647983
67 114 10.380862
67 115 10.059117
67 116 10.074365
67 117 10.752694
67 118 10.436289
67 119 9.102599
67 120 8.481917
67 121 10.929125
67 122 10.876883
67 123 10.974042
67 124 8.925263
67 125 9.487040
67 126 10.078061
67 127 9.229942
67 128 8.658768
67 129 10.608067
67 130 10.282367
67 131 9.061188
67 132 9.872229
67 133 10.628377
67 134 11.039888
67 135 9.157358
67 136 9.956119
67 137 9.901474
67 138 9.909981
67 139 9.844070
67 140 9.779079
67 141 8.392661
67 142 10.202842
67 143 9.354954
67 144 10.468077
67 145 9.456271
67 146 10.646002
67 147 8.363439
67 148 8.761607
67 149 9.053307
67 150 8.342285
67 151 8.583797
67 152 8.533232
67 153 8.782507
67 154 8.974569
67 155 9.655133
67 156 9.975474
67 157 9.639980
67 158 9.511294
67 159 9.612875
67 160 10.153405
67 161 11.031708
67 162 8.515955
67 163 10.778492
67 164 9.232528
67 165 10.697353
67 166 8.383315
67 167 8.828650
67 168 10.472587
67 169 8.737798
67 170 9.294411
67 171 8.660010
67 172 8.852697
67 173 10.917253
67 174 10.550838
67 175 10.296888
67 176 10.888110
67 177 8.873884
67 178 10.401917
67 179 8.849888
67 180 9.970838
67 181 10.093300
67 182 9.567937
67 183 8.358473
67 184 9.076665
67 185 9.411083
67 186 8.758590
67 187 10.558113
67 188 10.396206
67 189 10.579998
67 190 9.206175
67 191 9.015854
67 192 9.078814
67 193 9.467172
67 194 8.566713
67 195 10.239611
67 196 9.736658
67 197 9.214980
67 198 10.372700
67 199 8.391335
67 200 10.540367
68 0 9.181289
68 1 9.931902
68 2 10.154694
68 3 10.316232
68 4 10.896353
68 5 10.299269
68 6 10.435726
68 7 11.078835
68 8 9.600367
68 9 8.448382
68 10 10.046196
68 11 9.836451
68 12 9.736949
68 13 10.081527
68 14 9.242714
68 15 10.507042
68 16 10.542390
68 17 9.360536
68 18 9.912827
68 19 9.750817
68 20 8.696664
68 21 10.485604
68 22 10.326082
68 23 8.640597
68 24 10.162466
68 25 10.209439
68 26 9.310241
68 27 9.407974
68 28 9.396887
68 29 9.944311
68 30 8.727098
68 31 8.638951
68 32 8.466962
68 33 8.774326
68 34 10.775739
68 35 9.296514
68 36 10.571837
68 37 10.114124
68 38 11.054808
68 39 9.466213
68 40 9.799718
68 41 9.850717
68 42 9.009765
68 43 9.905001
68 44 9.388274
68 45 9.296526
68 46 8.956713
68 47 9.515452
68 48 10.291735
68 49 10.527242
68 50 8.793004
68 51 10.254453
68 52 10.756444
68 53 11.014284
68 54 10.805492
68 55 10.992866
68 56 10.223203
68 57 8.956576
68 58 11.107652
68 59 8.850078
68 60 8.941104
68 61 9.595158
68 62 10.948276
68 63 10.615859
68 64 10.286303
68 65 10.420301
68 66 8.398514
68 67 10.822030
68 68 0.000000
68 69 10.129959
68 70 10.646063
68 71 9.617551
68 72 11.069915
68 73 10.169403
68 74 9.668974
68 75 8.343529
68 76 9.746645
68 77 9.303281
68 78 9.999728
68 79 10.209904
68 80 10.798378
68 81 9.272221
68 82 9.534618
68 83 9.555101
68 84 10.296120
68 85 8.738176
68 86 9.318678
68 87 8.869999
68 88 9.038399
68 89 10.259249
68 90 9.379353
68 91 9.968678
68 92 10.829053
68 93 8.594630
68 94 9.911830
68 95 10.000621
68 96 8.623012
68 97 8.378604
68 98 9.948818
68 99 10.677351
68 100 9.015146
68 101 10.005735
68 102 9.419289
68 103 10.605886
68 104 10.874787
68 105 8.855552
68 106 10.639460
68 107 10.722668
68 108 10.747912
68 109 9.858058
68 110 10.258069
68 111 11.110360
68 112 9.891687
68 113 9.895642
68 114 10.553349
68 115 9.081173
68 116 8.467757
68 117 8.459567
68 118 11.031386
68 119 9.221694
68 120 10.855978
68 121 8.988114
68 122 9.563238
68 123 9.854460
68 124 8.489197
68 125 8.622782
68 126 10.747256
68 127 11.067545
68 128 9.104331
68 129 10.060875
68 130 10.068683
68 131 10.603103
68 132 8.490318
68 133 9.773459
68 134 10.072047
68 135 9.733963
68 136 9.940403
68 137 10.274133
68 138 10.551037
68 139 10.740858
68 140 10.467720
68 141 8.764895
68 142 8.836650
68 143 10.824734
68 144 10.555456
68 145 10.532519
68 146 10.231446
68 147 10.316343
68 148 9.687235
68 149 10.598724
68 150 10.421458
68 151 10.529764
68 152 9.950775
68 153 10.238131
68 154 10.507068
68 155 9.518232
68 156 9.769672
68 157 10.531024
68 158 9.842083
68 159 8.415901
68 160 11.024010
68 161 10.587825
68 162 8.444776
68 163 9.954418
68 164 9.985571
68 165 8.584029
68 166 10.102252
68 167 10.003962
68 168 9.690217
68 169 10.887923
68 170 9.257920
68 171 8.881852
68 172 9.249641
68 173 8.834245
68 174 8.534786
68 175 8.992755
68 176 10.990630
68 177 9.866051
68 178 9.551406
68 179 8.988074
68 180 10.298530
68 181 8.521709
68 182 9.612563
68 183 9.929472
68 184 9.375885
68 185 9.802988
68 186 8.480792
68 187 8.379634
68 188 10.687605
68 189 10.176251
68 190 9.513732
68 191 10.692229
68 192 9.308264
68 193 9.880130
68 194 8.744774
68 195 10.480646
68 196 9.337134
68 197 9.410310
68 198 9.966923
68 199 9.255443
68 200 9.267587
69 0 10.596438
69 1 8.815774
69 2 9.537500
69 3 9.133669
69 4 9.542912
69 5 10.924203
69 6 8.777008
69 7 8.655994
69 8 10.476698
69 9 10.471194
69 10 10.299317
69 11 9.670014
69 12 8.350168
69 13 10.123136
69 14 10.563350
69 15 10.757200
69 16 10.966832
69 17 9.811843
69 18 8.872564
69 19 8.641327
69 20 9.578053
69 21 9.204330
69 22 9.669476
69 23 10.531576
69 24 8.627101
69 25 10.564790
69 26 8.637951
69 27 9.560073
69 28 10.801938
69 29 9.793844
69 30 8.780127
69 31 11.076742
69 32 11.012711
69 33 10.886284
69 34 9.862285
69 35 9.842722
69 36 9.008187
69 37 9.819573
69 38 10.626442
69 39 9.541299
69 40 9.414534
69 41 10.215712
69 42 9.273674
69 43 9.408187
69 44 11.008762
69 45 8.823700
69 46 9.136653
69 47 10.867586
69 48 9.288505
69 49 9.166681
69 50 9.852848
69 51 11.054514
69 52 9.084957
69 53 10.217020
69 54 10.188715
69 55 9.445713
69 56 10.618570
69 57 10.325718
69 58 10.002313
69 59 10.151677
69 60 10.435320
69 61 10.375078
69 62 9.380139
69 63 9.656414
69 64 8.746469
69 65 10.988731
69 66 9.032633
69 67 9.191795
69 68 10.129959
69 69 0.000000
69 70 9.648770
69 71 8.339280
69 72 10.133952
69 73 9.031294
69 74 8.978222
69 75 10.712518
69 76 8.603135
69 77 9.625409
69 78 9.068977
69 79 10.792841
69 80 9.425363
69 81 8.483486
69 82 10.775752
69 83 9.757086
69 84 10.877922
69 85 9.093618
69 86 9.758836
69 87 9.490280
69 88 9.085010
69 89 10.715380
69 90 10.257537
69 91 8.991978
69 92 10.797495
69 93 9.498059
69 94 9.408985
69 95 8.714308
69 96 11.099721
69 97 10.065953
69 98 10.919682
69 99 9.216469
69 100 8.910215
69 101 8.972996
69 102 9.070601
69 103 10.136444
69 104 10.066883
69 105 10.330425
69 106 9.593243
69 107 8.995212
69 108 10.834710
69 109 10.430378
69 110 9.463811
69 111 9.786814
69 112 8.866556
69 113 9.282793
69 114 10.084203
69 115 9.843395
69 116 9.018794
69 117 9.448025
69 118 9.135008
69 119 9.941483
69 120 8.464622
69 121 9.698738
69 122 9.214765
69 123 8.757773
69 124 9.632810
69 125 8.698416
69 126 8.530681
69 127 8.677571
69 128 10.314795
69 129 8.897661
69 130 10.223210
69 131 10.761525
69 132 10.426658
69 133 10.783708
69 134 8.636346
69 135 10.236310
69 136 9.914274
69 137 10.791794
69 138 8.592629
69 139 9.426636
69 140 9.024057
69 141 10.533421
69 142 9.904686
69 143 10.736818
69 144 9.833402
69 145 9.467297
69 146 8.924048
69 147 10.712872
69 148 8.606235
69 149 9.736412
69 150 8.361857
69 151 10.059777
69 152 10.094508
69 153 9.725259
69 154 10.733215
69 155 8.791258
69 156 9.528323
69 157 8.480398
69 158 9.623314
69 159 8.895493
69 160 8.816408
69 161 8.830892
69 162 10.986839
69 163 9.371531
69 164 8.799005
69 165 10.683305
69 166 10.982610
69 167 9.194562
69 168 9.772551
69 169 10.766614
69 170 11.020020
69 171 10.716911
69 172 9.293663
69 173 10.808662
69 174 8.434432
69 175 10.860868
69 176 8.759995
69 177 8.748716
69 178 10.475525
69 179 10.632784
69 180 9.566389
69 181 11.082925
69 182 8.447094
69 183 10.826840
69 184 9.751120
69 185 9.887267
69 186 8.658266
69 187 9.776479
69 188 10.496629
69 189 10.529261
69 190 8.358687
69 191 10.087080
69 192 10.315403
69 193 10.914543
69 194 8.838419
69 195 9.694998
69 196 8.972334
69 197 9.507394
69 198 10.260479
69 199 8.830636
69 200 10.663065
70 0 9.832251
70 1 10.629998
70 2 9.051474
70 3 9.840451
70 4 9.790232
70 5 10.482556
70 6 11.015795
70 7 9.161861
70 8 9.535323
70 9 10.213831
70 10 8.389662
70 11 10.169567
70 12 10.480694
70 13 9.926785
70 14 10.831033
70 15 9.723215
70 16 10.511383
70 17 9.970606
70 18 9.055099
70 19 10.137426
70 20 9.880805
70 21 10.655998
70 22 8.548605
70 23 9.248919
70 24 8.914553
70 25 9.194114
70 26 9.632130
70 27 10.285143
70 28 10.121472
70 29 8.797026
70 30 10.592771
70 31 10.087765
70 32 8.988833
70 33 9.837070
70 34 10.885147
70 35 9.882886
70 36 8.769634
70 37 8.959607
70 38 9.604436
70 39 10.605277
70 40 8.458324
70 41 10.583592
70 42 9.071241
70 43 9.142904
70 44 9.932607
70 45 9.786717
70 46 9.953826
70 47 10.001189
70 48 8.401735
70 49 10.818685
70 50 10.874691
70 51 9.838946
70 52 11.077134
70 53 8.448317
70 54 9.704687
70 55 9.438319
70 56 8.759090
70 57 10.576250
70 58 9.424982
70 59 8.926555
70 60 9.701410
70 61 9.720192
70 62 10.609937
70 63 10.014579
70 64 9.165907
70 65 8.970996
70 66 9.250035
70 67 9.348661
70 68 10.646063
70 69 9.648770
70 70 0.000000
70 71 10.446949
70 72 9.789482
70 73 8.467926
70 74 8.525112
70 75 8.658688
70 76 10.313746
70 77 10.241031
70 78 9.914688
70 79 10.295614
70 80 8.554714
70 81 9.909624
70 82 8.478403
70 83 8.456069
70 84 9.676018
70 85 9.055833
70 86 9.959203
70 87 8.556289
70 88 9.494448
70 89 9.171391
70 90 10.876498
70 91 10.699896
70 92 8.543940
70 93 10.637353
70 94 9.228930
70 95 9.371733
70 96 9.063751
70 97 10.736575
70 98 10.042014
70 99 8.851573
70 100 10.531639
70 101 9.649066
70 102 9.187801
70 103 8.726776
70 104 8.938347
70 105 8.356354
70 106 9.048761
70 107 10.150485
70 108 8.727360
70 109 10.250642
70 110 9.540476
70 111 8.344960
70 112 9.767471
70 113 11.008012
70 114 9.248994
70 115 9.325832
70 116 10.416473
70 117 10.283799
70 118 10.851686
70 119 9.474268
70 120 8.774397
70 121 8.373675
70 122 9.432542
70 123 11.032888
70 124 8.855980
70 125 9.089984
70 126 11.076993
70 127 10.342662
70 128 10.399860
70 129 10.209298
70 130 10.139473
70 131 11.077705
70 132 9.566123
70 133 9.482135
70 134 8.342042
70 135 10.930583
70 136 9.839701
70 137 9.116407
70 138 10.441397
70 139 9.021207
70 140 9.771275
70 141 9.701983
70 142 9.599182
70 143 9.952917
70 144 10.627247
70 145 10.455135
70 146 10.622373
70 147 9.598553
70 148 10.823086
70 149 10.193180
70 150 8.446459
70 151 9.172832
70 152 8.987361
70 153 9.902587
70 154 10.458952
70 155 8.986835
70 156 9.366099
70 157 9.712182
70 158 8.456233
70 159 8.892682
70 160 9.000198
70 161 10.655713
70 162 8.646301
70 163 10.564413
70 164 9.800383
70 165 9.628110
70 166 9.618441
70 167 9.320276
70 168 10.196464
70 169 11.004533
70 170 8.999953
70 171 9.948097
70 172 8.889580
70 173 8.674890
70 174 9.504067
70 175 8.374171
70 176 8.920880
70 177 10.584759
70 178 10.218211
70 179 8.702741
70 180 10.381813
70 181 10.484970
70 182 10.868917
70 183 10.695074
70 184 10.584841
70 185 8.895374
70 186 10.920281
70 187 10.293467
70 188 10.382111
70 189 8.422008
70 190 11.102019
70 191 11.044642
70 192 9.591730
70 193 10.808953
70 194 10.335438
70 195 10.877569
70 196 8.970563
70 197 10.095197
70 198 9.792667
70 199 9.191678
70 200 9.778110
71 0 8.506807
71 1 9.374459
71 2 9.799371
71 3 9.616154
71 4 10.702342
71 5 9.825129
71 6 10.962154
71 7 10.174034
71 8 10.134944
71 9 10.816734
71 10 9.603464
71 11 9.186716
71 12 9.197234
71 13 10.252434
71 14 10.594845
71 15 8.459560
71 16 9.962615
71 17 8.519384
71 18 9.352531
71 19 10.898228
71 20 9.829105
71 21 11.031941
71 22 9.868392
71 23 10.028041
71 24 8.910567
71 25 9.389779
71 26 10.774005
71 27 8.735169
71 28 9.891157
71 29 10.112543
71 30 9.542118
71 31 10.200352
71 32 10.406183
71 33 8.668685
71 34 8.549676
71 35 9.096259
71 36 10.990967
71 37 11.059615
71 38 10.201293
71 39 11.063988
71 40 9.303784
71 41 9.718290
71 42 8.854343
71 43 11.068164
71 44 9.374987
71 45 8.862240
71 46 10.208969
71 47 10.773564
71 48 10.988364
71 49 8.745874
71 50 11.028904
71 51 8.394554
71 52 9.513921
71 53 9.086168
71 54 9.688169
71 55 10.189005
71 56 9.798100
71 57 8.823614
71 58 10.774212
71 59 10.528808
71 60 10.386696
71 61 10.923757
71 62 10.141285
71 63 10.205083
71 64 10.698937
71 65 10.104724
71 66 8.534306
71 67 9.813482
71 68 9.617551
71 69 8.339280
71 70 10.446949
71 71 0.000000
71 72 10.011930
71 73 9.607396
71 74 9.522338
71 75 10.047382
71 76 9.123422
71 77 8.456975
71 78 8.950154
71 79 10.903982
71 80 10.043293
71 81 8.481291
71 82 8.468599
71 83 9.527739
71 84 9.990889
71 85 10.270605
71 86 8.993696
71 87 9.659163
71 88 9.868071
71 89 9.012083
71 90 11.004575
71 91 8.555449
71 92 10.370062
71 93 10.500441
71 94 8.865335
71 95 8.434879
71 96 8.725200
71 97 9.671055
71 98 9.679962
71 99 9.803589
71 100 10.221776
71 101 10.857723
71 102 9.930138
71 103 10.155813
71 104 9.713277
71 105 9.540679
71 106 11.078802
71 107 9.805630
71 108 9.631296
71 109 11.099175
71 110 10.855297
71 111 10.799527
71 112 8.386547
71 113 9.142919
71 114 9.132758
71 115 8.793083
71 116 8.424208
71 117 10.112144
71 118 10.506216
71 119 10.841819
71 120 10.991241
71 121 8.894481
71 122 10.531025
71 123 9.467754
71 124 9.935815
71 125 10.969227
71 126 9.704677
71 127 10.327231
71 128 8.956362
71 129 9.180111
71 130 11.037040
71 131 10.624823
71 132 10.360250
71 133 9.702440
71 134 9.000197
71 135 8.354702
71 136 10.799230
71 137 10.190825
71 138 10.876626
71 139 9.525012
71 140 10.432966
71 141 8.786702
71 142 8.915878
71 143 10.492039
71 144 10.838125
71 145 10.312820
71 146 9.706399
71 147 9.545484
71 148 8.430122
71 149 9.933689
71 150 9.827668
71 151 9.499234
71 152 9.126420
71 153 10.091602
71 154 9.635669
71 155 10.719785
71 156 10.520546
71 157 8.801364
71 158 10.341715
71 159 9.393920
71 160 10.691735
71 161 10.464365
71 162 9.773466
71 163 9.171542
71 164 11.035880
71 165 10.362498
71 166 10.146131
71 167 9.478521
71 168 10.675050
71 169 10.801379
71 170 10.473229
71 171 9.974741
71 172 8.814400
71 173 9.270642
71 174 8.916090
71 175 10.824738
71 176 9.065815
71 177 9.991625
71 178 10.391727
71 179 10.851361
71 180 10.263537
71 181 8.724188
71 182 9.880542
71 183 8.972744
71 184 9.062739
71 185 10.393245
71 186 9.815998
71 187 10.365312
71 188 10.100921
71 189 8.982644
71 190 10.683735
71 191 8.655043
71 192 10.971173
71 193 9.452966
71 194 9.210709
71 195 9.788282
71 196 10.729789
71 197 10.427239
71 198 10.990484
71 199 10.141860
71 200 9.869347
72 0 10.451343
72 1 8.743314
72 2 10.717988
72 3 10.183572
72 4 10.339064
72 5 10.693271
72 6 9.337508
72 7 10.440874
72 8 9.441251
72 9 10.710732
72 10 9.138002
72 11 9.713434
72 12 8.663909
72 13 8.698188
72 14 9.387370
72 15 11.051107
72 16 9.810090
72 17 8.650220
72 18 9.431897
72 19 10.248809
72 20 10.853318
72 21 10.828453
72 22 9.875112
72 23 9.796934
72 24 10.133719
72 25 10.620447
72 26 9.350207
72 27 9.955045
72 28 9.310467
72 29 10.076870
72 30 8.348956
72 31 11.110844
72 32 9.688511
72 33 10.458836
72 34 11.010232
72 35 10.615923
72 36 9.492709
72 37 8.726809
72 38 9.595378
72 39 10.845752
72 40 8.338078
72 41 10.057812
72 42 10.464781
72 43 8.708249
72 44 10.930416
72 45 8.592419
72 46 9.203980
72 47 10.488325
72 48 10.813705
72 49 10.760428
72 50 9.239367
72 51 8.660542
72 52 10.186060
72 53 10.322310
72 54 9.823818
72 55 9.992952
72 56 9.761092
72 57 10.321170
72 58 8.335801
72 59 10.125802
72 60 10.631966
72 61 8.536467
72 62 10.752459
72 63 8.610401
72 64 9.910114
72 65 9.882164
72 66 10.865101
72 67 8.837468
72 68 11.069915
72 69 10.133952
72 70 9.789482
72 71 10.011930
72 72 0.000000
72 73 9.262729
72 74 10.320463
72 75 10.808564
72 76 9.219095
72 77 8.359293
72 78 10.875257
72 79 10.547388
72 80 10.915648
72 81 8.494813
72 82 11.063512
72 83 8.765354
72 84 8.999595
72 85 9.459949
72 86 9.377048
72 87 8.642678
72 88 9.901492
72 89 8.578176
72 90 11.056025
72 91 8.687309
72 92 8.984269
72 93 10.092473
72 94 10.144239
72 95 10.414102
72 96 9.310453
72 97 10.060309
72 98 11.091923
72 99 9.154358
72 100 10.328258
72 101 9.678970
72 102 9.229423
72 103 10.457004
72 104 8.715394
72 105 10.791443
72 106 8.840881
72 107 9.246223
72 108 8.982289
72 109 10.019557
72 110 9.888123
72 111 8.991159
72 112 10.748453
72 113 9.910112
72 114 9.981199
72 115 9.118521
72 116 9.604441
72 117 10.210820
72 118 9.362787
72 119 9.020767
72 120 8.516708
72 121 10.899898
72 122 9.245954
72 123 8.479906
72 124 10.985556
72 125 11.076451
72 126 8.389022
72 127 8.728342
72 128 10.266817
72 129 10.891049
72 130 10.066003
72 131 8.693062
72 132 10.980808
72 133 8.421482
72 134 10.505404
72 135 10.160936
72 136 10.111780
72 137 10.208248
72 138 10.534812
72 139 8.352138
72 140 8.605844
72 141 9.861880
72 142 9.657485
72 143 8.777282
72 144 10.107248
72 145 9.926621
72 146 10.528148
72 147 10.711981
72 148 10.887912
72 149 8.833922
72 150 9.988888
72 151 8.527577
72 152 8.985820
72 153 8.345647
72 154 10.198572
72 155 10.839662
72 156 8.585882
72 157 9.896397
72 158 10.942350
72 159 10.213073
72 160 8.524776
72 161 9.970501
72 162 9.633109
72 163 10.022555
72 164 10.319814
72 165 9.401036
72 166 9.669688
72 167 10.330856
72 168 8.916837
72 169 10.542817
72 170 9.795319
72 171 10.194762
72 172 11.083637
72 173 10.302338
72 174 9.979839
72 175 8.731756
72 176 10.540754
72 177 10.177793
72 178 9.751144
72 179 9.094416
72 180 8.704701
72 181 10.372307
72 182 9.058107
72 183 10.283531
72 184 8.911333
72 185 10.908773
72 186 10.732649
72 187 10.632719
72 188 9.362719
72 189 10.046851
72 190 8.489562
72 191 10.200327
72 192 10.534053
72 193 10.361524
72 194 9.552373
72 195 10.046848
72 196 9.078675
72 197 9.687957
72 198 8.593765
72 199 9.748016
72 200 8.612694
73 0 8.394703
73 1 10.469175
73 2 8.381318
73 3 9.445629
73 4 10.459756
73 5 8.673949
73 6 10.191883
73 7 10.674490
73 8 9.863006
73 9 9.367408
73 10 8.585005
73 11 8.472406
73 12 9.657314
73 13 9.928031
73 14 10.971731
73 15 10.015082
73 16 8.393691
73 17 9.442533
73 18 8.508043
73 19 10.939572
73 20 10.198689
73 21 10.951967
73 22 9.766189
73 23 9.409959
73 24 9.550897
73 25 8.725287
73 26 9.448919
73 27 10.520248
73 28 10.123703
73 29 8.785400
73 30 9.978500
73 31 9.743502
73 32 8.817617
73 33 10.305904
73 34 10.731923
73 35 10.160778
73 36 9.144396
73 37 9.959494
73 38 10.598967
73 39 9.390985
73 40 10.957678
73 41 9.514351
73 42 10.255421
73 43 8.743951
73 44 8.913733
73 45 8.811052
73 46 10.627991
73 47 9.921562
73 48 9.203287
73 49 8.632683
73 50 9.188042
73 51 10.137250
73 52 8.989830
73 53 10.684146
73 54 8.829742
73 55 8.523211
73 56 10.260835
73 57 10.189951
73 58 10.059732
73 59 10.266601
73 60 10.192195
73 61 9.053484
73 62 9.861100
73 63 10.400457
73 64 9.566316
73 65 10.076396
73 66 8.981499
73 67 10.089415
73 68 10.169403
73 69 9.031294
73 70 8.467926
73 71 9.607396
73 72 9.262729
73 73 0.000000
73 74 9.546630
73 75 9.089543
73 76 9.001931
73 77 8.857571
73 78 10.466544
73 79 10.828055
73 80 8.911833
73 81 10.025244
73 82 8.998266
73 83 8.696136
73 84 8.592866
73 85 9.901487
73 86 10.557782
73 87 9.902516
73 88 9.979747
73 89 10.985398
73 90 8.917292
73 91 10.476189
73 92 9.553680
73 93 10.499542
73 94 9.299986
73 95 10.734927
73 96 8.891895
73 97 11.106538
73 98 9.827390
73 99 9.594056
73 100 10.184755
73 101 9.781264
73 102 9.845918
73 103 9.855904
73 104 10.995860
73 105 10.268580
73 106 10.998880
73 107 10.310824
73 108 11.016709
73 109 9.118768
73 110 10.923564
73 111 10.563347
73 112 9.810794
73 113 9.519139
73 114 10.953131
73 115 9.659477
73 116 10.622160
73 117 10.001063
73 118 9.702895
73 119 10.052861
73 120 9.435006
73 121 8.380295
73 122 10.227587
73 123 10.416870
73 124 10.774891
73 125 8.891117
73 126 9.794082
73 127 10.368141
73 128 10.124781
73 129 9.786297
73 130 10.261789
73 131 9.824328
73 132 8.361936
73 133 10.319246
73 134 10.772503
73 135 8.850584
73 136 10.058234
73 137 9.163146
73 138 9.641788
73 139 10.336341
73 140 11.109567
73 141 10.735297
73 142 8.340568
73 143 10.638139
73 144 10.369105
73 145 10.451316
73 146 9.963055
73 147 9.774208
73 148 9.561329
73 149 10.337760
73 150 10.834993
73 151 9.757880
73 152 9.762877
73 153 8.650408
73 154 8.869914
73 155 10.579980
73 156 8.829638
73 157 9.919619
73 158 10.771348
73 159 8.786961
73 160 9.098570
73 161 8.874510
73 162 9.644831
73 163 9.723320
73 164 10.099789
73 165 9.512570
73 166 10.666188
73 167 9.836634
73 168 10.126042
73 169 9.638226
73 170 9.739662
73 171 8.366966
73 172 10.331617
73 173 10.213791
73 174 8.454829
73 175 10.772843
73 176 10.088533
73 177 8.426716
73 178 10.288345
73 179 10.074920
73 180 10.715733
73 181 8.733759
73 182 9.505294
73 183 9.997861
73 184 8.634332
73 185 10.895711
73 186 9.239470
73 187 10.470617
73 188 10.435470
73 189 9.779484
73 190 8.945310
73 191 9.621114
73 192 10.010799
73 193 8.931385
73 194 9.994729
73 195 10.321661
73 196 8.354251
73 197 10.682627
73 198 11.072131
73 199 9.240572
73 200 8.551567
74 0 9.119008
74 1 10.331467
74 2 8.574566
74 3 9.846101
74 4 8.969523
74 5 10.367329
74 6 10.405375
74 7 9.861970
74 8 8.913644
74 9 9.231180
74 10 8.652173
74 11 9.815131
74 12 10.542206
74 13 10.540174
74 14 10.058104
74 15 8.429329
74 16 9.824045
74 17 9.010697
74 18 8.974145
74 19 10.316920
74 20 8.434278
74 21 9.987129
74 22 9.258777
74 23 8.593804
74 24 9.818429
74 25 10.115452
74 26 9.489081
74 27 8.483987
74 28 8.641221
74 29 9.543568
74 30 9.501888
74 31 10.793427
74 32 10.035927
74 33 8.575265
74 34 10.527447
74 35 10.575389
74 36 10.637388
74 37 8.412316
74 38 10.847230
74 39 10.260217
74 40 9.739476
74 41 9.688248
74 42 9.450947
74 43 9.918279
74 44 8.383559
74 45 10.582491
74 46 8.693527
74 47 9.330014
74 48 9.383770
74 49 10.687926
74 50 10.315531
74 51 8.516298
74 52 10.364104
74 53 11.048869
74 54 10.819074
74 55 9.231604
74 56 10.875426
74 57 9.600333
74 58 10.219483
74 59 10.957171
74 60 8.988061
74 61 10.027579
74 62 9.462230
74 63 10.694242
74 64 10.520665
74 65 10.796948
74 66 8.655366
74 67 10.498277
74 68 9.668974
74 69 8.978222
74 70 8.525112
74 71 9.522338
74 72 10.320463
74 73 9.546630
74 74 0.000000
74 75 9.947370
74 76 10.343187
74 77 10.520207
74 78 8.734631
74 79 9.022706
74 80 9.475533
74 81 9.543136
74 82 10.429180
74 83 11.095276
74 84 10.220438
74 85 9.394738
74 86 9.820427
74 87 8.740429
74 88 8.775786
74 89 10.082206
74 90 8.493359
74 91 8.826472
74 92 9.903227
74 93 8.920812
74 94 9.387522
74 95 8.915639
74 96 9.950876
74 97 8.782149
74 98 8.632649
74 99 9.919043
74 100 11.063913
74 101 8.623198
74 102 11.008580
74 103 9.658041
74 104 11.045514
74 105 8.991668
74 106 9.184536
74 107 11.074139
74 108 10.921987
74 109 9.882208
74 110 8.600967
74 111 8.737508
74 112 10.027366
74 113 11.107869
74 114 9.338289
74 115 10.301764
74 116 8.453142
74 117 8.523216
74 118 10.686223
74 119 10.812823
74 120 9.180148
74 121 11.070290
74 122 9.226183
74 123 10.785145
74 124 10.105830
74 125 9.519189
74 126 11.043256
74 127 10.164166
74 128 10.840495
74 129 10.260344
74 130 9.343982
74 131 9.928383
74 132 10.651261
74 133 10.226303
74 134 9.412026
74 135 10.314727
74 136 10.036069
74 137 8.367012
74 138 9.126885
74 139 8.346119
74 140 8.971941
74 141 8.620891
74 142 10.543451
74 143 9.788720
74 144 9.028790
74 145 9.725661
74 146 8.831922
74 147 9.539424
74 148 9.331418
74 149 8.445524
74 150 9.059148
74 151 8.923368
74 152 9.350567
74 153 9.506705
74 154 9.027277
74 155 8.827218
74 156 8.571254
74 157 10.097081
74 158 8.962747
74 159 10.207043
74 160 9.869770
74 161 10.534915
74 162 9.009613
74 163 9.268302
74 164 9.894622
74 165 10.945149
74 166 8.390944
74 167 9.617121
74 168 9.562823
74 169 10.077523
74 170 9.079045
74 171 9.799418
74 172 9.479852
74 173 8.618034
74 174 9.657084
74 175 9.973605
74 176 8.848257
74 177 10.711040
74 178 9.419677
74 179 9.346850
74 180 8.729462
74 181 10.585721
74 182 9.508769
74 183 9.922071
74 184 9.770695
74 185 10.612884
74 186 10.312355
74 187 8.719003
74 188 10.307705
74 189 11.043207
74 190 9.276840
74 191 9.934947
74 192 11.059197
74 193 9.963399
74 194 9.733258
74 195 8.369585
74 196 9.877045
74 197 8.400258
74 198 10.352883
74 199 10.253364
74 200 10.569315
75 0 9.239363
75 1 8.570525
75 2 8.949334
75 3 8.668727
75 4 9.104061
75 5 8.527504
75 6 10.764268
75 7 10.454587
75 8 11.072737
75 9 10.390251
75 10 11.078478
75 11 8.461840
75 12 8.812283
75 13 10.648429
75 14 9.831714
75 15 10.633350
75 16 10.280681
75 17 10.759597
75 18 9.634599
75 19 8.979470
75 20 10.959639
75 21 10.567324
75 22 9.372072
75 23 10.878516
75 24 9.808124
75 25 10.485667
75 26 8.717623
75 27 8.547241
75 28 9.169063
75 29 10.611537
75 30 8.877117
75 31 8.880102
75 32 8.353747
75 33 9.955162
75 34 9.349418
75 35 8.513154
75 36 8.436175
75 37 9.960165
75 38 10.902789
75 39 10.377128
75 40 8.760332
75 41 9.717386
75 42 9.564428
75 43 10.184370
75 44 10.839406
75 45 10.375719
75 46 9.319088
75 47 9.816691
75 48 10.654138
75 49 8.510654
75 50 8.909875
75 51 10.001091
75 52 8.832471
75 53 10.468251
75 54 8.798273
75 55 10.589418
75 56 10.654725
75 57 8.550117
75 58 9.037808
75 59 8.497443
75 60 8.508689
75 61 8.733838
75 62 9.475573
75 63 10.665902
75 64 8.981384
75 65 10.698527
75 66 10.855031
75 67 9.764579
75 68 8.343529
75 69 10.712518
75 70 8.658688
75 71 10.047382
75 72 10.808564
75 73 9.089543
75 74 9.947370
75 75 0.000000
75 76 8.994508
75 77 10.742467
75 78 10.843099
75 79 8.558921
75 80 10.328739
75 81 9.524601
75 82 9.209401
75 83 10.795471
75 84 8.467466
75 85 9.698672
75 86 9.115665
75 87 9.400759
75 88 8.804206
75 89 9.119323
75 90 9.235935
75 91 10.811955
75 92 10.031126
75 93 9.144921
75 94 10.846702
75 95 9.868786
75 96 10.428375
75 97 10.297797
75 98 9.467145
75 99 9.427615
75 100 8.906609
75 101 9.144509
75 102 8.470406
75 103 11.074959
75 104 11.003224
75 105 10.975419
75 106 9.458075
75 107 9.819566
75 108 8.416301
75 109 9.099163
75 110 11.079182
75 111 10.661063
75 112 8.483431
75 113 9.688101
75 114 10.331422
75 115 8.448809
75 116 10.761403
75 117 8.986026
75 118 9.502026
75 119 9.590110
75 120 9.573738
75 121 9.248965
75 122 9.506105
75 123 9.834504
75 124 10.199786
75 125 9.171290
75 126 9.874879
75 127 8.342383
75 128 10.263603
75 129 10.521716
75 130 8.373290
75 131 10.119659
75 132 9.622892
75 133 10.316898
75 134 11.000443
75 135 9.102367
75 136 10.779431
75 137 10.547902
75 138 9.693767
75 139 10.610529
75 140 10.218592
75 141 9.683052
75 142 10.208600
75 143 9.978701
75 144 10.973784
75 145 8.940999
75 146 8.710407
75 147 9.477396
75 148 8.339066
75 149 10.247792
75 150 9.734006
75 151 10.470798
75 152 9.157683
75 153 10.324843
75 154 11.079013
75 155 9.621916
75 156 10.703539
75 157 10.043372
75 158 10.155213
75 159 10.212729
75 160 8.566013
75 161 10.595456
75 162 8.903752
75 163 9.117084
75 164 11.078266
75 165 8.704726
75 166 8.703337
75 167 8.662695
75 168 9.293857
75 169 10.193422
75 170 8.901193
75 171 9.707762
75 172 10.478619
75 173 10.787645
75 174 8.869300
75 175 10.544568
75 176 9.789866
75 177 10.861974
75 178 9.790178
75 179 9.768306
75 180 8.385561
75 181 9.512627
75 182 8.890571
75 183 10.048924
75 184 10.453951
75 185 8.866627
75 186 8.598597
75 187 9.453337
75 188 10.291238
75 189 9.179417
75 190 8.825043
75 191 8.617397
75 192 9.541738
75 193 9.595326
75 194 10.233619
75 195 9.846691
75 196 9.569729
75 197 10.005466
75 198 8.528200
75 199 10.393808
75 200 9.455666
76 0 8.774560
76 1 9.819599
76 2 11.074954
76 3 10.088391
76 4 8.626914
76 5 8.713643
76 6 9.301069
76 7 8.624353
76 8 8.508276
76 9 9.097046
76 10 9.669497
76 11 9.450501
76 12 8.465485
76 13 10.870274
76 14 10.478220
76 15 8.457596
76 16 8.887246
76 17 8.638718
76 18 9.150551
76 19 9.439882
76 20 10.915232
76 21 10.792609
76 22 10.448776
76 23 9.340608
76 24 8.547000
76 25 10.017052
76 26 8.569586
76 27 10.573784
76 28 10.378528
76 29 11.059061
76 30 9.000133
76 31 8.521109
76 32 9.146045
76 33 10.466616
76 34 10.251401
76 35 9.895982
76 36 8.788881
76 37 9.744794
76 38 9.027818
76 39 10.977119
76 40 9.383417
76 41 8.479345
76 42 10.641764
76 43 9.315118
76 44 10.525466
76 45 9.878227
76 46 9.740559
76 47 9.454523
76 48 10.663434
76 49 9.636823
76 50 9.978458
76 51 9.861300
76 52 10.480114
76 53 10.823310
76 54 9.970323
76 55 8.915982
76 56 8.680310
76 57 9.924642
76 58 10.504049
76 59 9.453917
76 60 9.544997
76 61 9.019404
76 62 10.660578
76 63 9.075371
76 64 11.067307
76 65 8.683393
76 66 9.595524
76 67 9.153035
76 68 9.746645
76 69 8.603135
76 70 10.313746
76 71 9.123422
76 72 9.219095
76 73 9.001931
76 74 10.343187
76 75 8.994508
76 76 0.000000
76 77 10.415986
76 78 9.674449
76 79 8.572841
76 80 10.716891
76 81 10.092354
76 82 9.469607
76 83 9.771138
76 84 8.458847
76 85 8.477508
76 86 8.419990
76 87 10.287619
76 88 9.943275
76 89 9.585118
76 90 9.485894
76 91 9.231365
76 92 10.466959
76 93 10.074446
76 94 10.568184
76 95 8.531499
76 96 9.168674
76 97 8.363985
76 98 10.739899
76 99 10.825835
76 100 10.014008
76 101 8.798513
76 102 8.390387
76 103 8.340190
76 104 9.920817
76 105 10.901653
76 106 8.833232
76 107 9.029994
76 108 8.411700
76 109 9.295263
76 110 10.102113
76 111 10.179897
76 112 8.744214
76 113 8.694905
76 114 11.094719
76 115 8.508929
76 116 8.852427
76 117 9.841575
76 118 9.816426
76 119 10.895974
76 120 10.053290
76 121 10.265796
76 122 8.549578
76 123 8.356332
76 124 8.517833
76 125 8.723389
76 126 8.482675
76 127 8.875269
76 128 10.219596
76 129 8.780458
76 130 9.690401
76 131 9.193528
76 132 8.487774
76 133 11.026175
76 134 8.954521
76 135 9.665744
76 136 8.956444
76 137 10.905329
76 138 9.564738
76 139 10.734824
76 140 9.164040
76 141 10.906393
76 142 10.075122
76 143 10.199695
76 144 8.647864
76 145 10.895419
76 146 9.991045
76 147 10.963801
76 148 10.534950
76 149 8.507502
76 150 9.960187
76 151 9.544379
76 152 9.970787
76 153 9.179966
76 154 10.842683
76 155 10.999159
76 156 9.413151
76 157 9.167551
76 158 10.043567
76 159 10.544500
76 160 9.186970
76 161 8.476003
76 162 9.763670
76 163 9.055164
76 164 9.796502
76 165 9.880533
76 166 9.399916
76 167 10.146429
76 168 9.633391
76 169 9.096564
76 170 10.368951
76 171 10.810663
76 172 9.241939
76 173 9.544676
76 174 9.331642
76 175 10.830691
76 176 9.782885
76 177 8.670437
76 178 9.760405
76 179 10.525190
76 180 8.881077
76 181 8.505334
76 182 10.107272
76 183 9.818001
76 184 9.668991
76 185 9.242861
76 186 9.498261
76 187 10.881946
76 188 8.359412
76 189 10.246500
76 190 9.626818
76 191 9.496158
76 192 10.643200
76 193 8.334060
76 194 10.087085
76 195 10.321260
76 196 10.967200
76 197 8.365160
76 198 9.419895
76 199 10.132484
76 200 10.565043
77 0 9.755883
77 1 9.056264
77 2 9.993389
77 3 9.934965
77 4 8.791451
77 5 9.137070
77 6 10.196533
77 7 8.388128
77 8 8.741950
77 9 9.674434
77 10 8.524083
77 11 9.172565
77 12 8.943282
77 13 10.818063
77 14 10.411629
77 15 9.864508
77 16 10.478126
77 17 8.484030
77 18 9.870432
77 19 9.989561
77 20 10.327581
77 21 8.417082
77 22 9.308869
77 23 8.607884
77 24 9.135618
77 25 11.063995
77 26 9.695370
77 27 10.567273
77 28 9.259655
77 29 10.161457
77 30 8.973153
77 31 9.553800
77 32 11.065907
77 33 10.866609
77 34 9.143961
77 35 10.005632
77 36 8.511678
77 37 10.155683
77 38 10.430184
77 39 9.873342
77 40 8.391185
77 41 9.968090
77 42 10.755187
77 43 10.592065
77 44 10.403516
77 45 10.531509
77 46 8.913219
77 47 10.833843
77 48 9.515125
77 49 9.244478
77 50 9.371180
77 51 8.742415
77 52 10.946278
77 53 10.396064
77 54 8.724465
77 55 10.014084
77 56 11.081513
77 57 10.318530
77 58 10.140189
77 59 9.115214
77 60 9.058675
77 61 10.972249
77 62 9.151433
77 63 10.316579
77 64 8.749377
77 65 9.957751
77 66 10.521131
77 67 10.118924
77 68 9.303281
77 69 9.625409
77 70 10.241031
77 71 8.456975
77 72 8.359293
77 73 8.857571
77 74 10.520207
77 75 10.742467
77 76 10.415986
77 77 0.000000
77 78 9.212137
77 79 10.035502
77 80 10.944666
77 81 9.508421
77 82 8.761645
77 83 8.461085
77 84 8.896241
77 85 10.106812
77 86 9.908157
77 87 10.311865
77 88 9.373973
77 89 10.814812
77 90 9.823091
77 91 9.893291
77 92 9.014078
77 93 11.034742
77 94 8.592695
77 95 10.051892
77 96 8.392043
77 97 9.533483
77 98 9.170429
77 99 8.895765
77 100 9.670896
77 101 10.670897
77 102 11.075012
77 103 9.942829
77 104 9.655579
77 105 8.830333
77 106 10.462276
77 107 8.449767
77 108 10.538065
77 109 8.453259
77 110 9.636014
77 111 10.758570
77 112 9.328773
77 113 8.610566
77 114 11.032451
77 115 10.877365
77 116 10.809971
77 117 10.467798
77 118 10.813661
77 119 8.370090
77 120 10.665304
77 121 8.392699
77 122 10.539541
77 123 9.911685
77 124 10.212490
77 125 10.630380
77 126 9.577115
77 127 9.038531
77 128 9.770440
77 129 10.678816
77 130 8.700173
77 131 9.094704
77 132 10.999380
77 133 9.619732
77 134 9.367761
77 135 10.609925
77 136 9.260592
77 137 10.699509
77 138 10.675052
77 139 9.052548
77 140 9.795912
77 141 9.343029
77 142 9.274517
77 143 10.057266
77 144 9.791597
77 145 10.671136
77 146 10.059670
77 147 10.325059
77 148 9.891453
77 149 10.102229
77 150 9.611367
77 151 10.908007
77 152 11.064886
77 153 8.334446
77 154 9.375580
77 155 9.236276
77 156 8.680291
77 157 10.063655
77 158 10.221212
77 159 9.710031
77 160 11.032075
77 161 8.529604
77 162 10.067826
77 163 9.467529
77 164 9.854220
77 165 9.791938
77 166 10.468606
77 167 10.867084
77 168 8.365297
77 169 8.598036
77 170 9.301070
77 171 10.346268
77 172 9.785194
77 173 10.307611
77 174 11.034099
77 175 8.743362
77 176 9.893035
77 177 10.830097
77 178 8.695881
77 179 10.127164
77 180 8.802459
77 181 10.163470
77 182 10.058038
77 183 9.383827
77 184 9.644358
77 185 10.317809
77 186 10.695823
77 187 8.604239
77 188 10.218032
77 189 8.810455
77 190 10.574079
77 191 10.368428
77 192 9.275385
77 193 8.383261
77 194 10.538987
77 195 9.182060
77 196 9.419320
77 197 10.957575
77 198 10.759483
77 199 9.231078
77 200 9.975474
78 0 11.051017
78 1 8.978016
78 2 9.828036
78 3 8.400019
78 4 10.331480
78 5 8.637719
78 6 8.784850
78 7 10.840258
78 8 9.421145
78 9 9.832734
78 10 10.484476
78 11 9.645680
78 12 8.586819
78 13 10.833066
78 14 10.371372
78 15 10.997002
78 16 10.384410
78 17 10.363555
78 18 9.491104
78 19 8.412654
78 20 8.507229
78 21 8.415817
78 22 8.762050
78 23 8.457462
78 24 10.430090
78 25 8.428496
78 26 10.663591
78 27 10.707144
78 28 10.800682
78 29 9.418093
78 30 8.722740
78 31 11.069940
78 32 8.896790
78 33 9.039262
78 34 9.710707
78 35 10.906469
78 36 10.865902
78 37 10.525122
78 38 8.959896
78 39 8.682701
78 40 8.472454
78 41 10.274928
78 42 8.911939
78 43 8.931439
78 44 8.516647
78 45 8.363984
78 46 8.646725
78 47 10.358308
78 48 8.523460
78 49 8.544803
78 50 10.766380
78 51 10.562287
78 52 9.890245
78 53 9.582189
78 54 9.001508
78 55 9.812335
78 56 10.584512
78 57 8.860845
78 58 9.010300
78 59 9.287073
78 60 8.514103
78 61 9.445955
78 62 11.003649
78 63 9.507257
78 64 10.801568
78 65 9.556793
78 66 9.582444
78 67 9.906080
78 68 9.999728
78 69 9.068977
78 70 9.914688
78 71 8.950154
78 72 10.875257
78 73 10.466544
78 74 8.734631
78 75 10.843099
78 76 9.674449
78 77 9.212137
78 78 0.000000
78 79 10.578385
78 80 10.116995
78 81 9.559177
78 82 10.256116
78 83 9.218823
78 84 8.681803
78 85 8.946781
78 86 10.065352
78 87 10.223896
78 88 9.403469
78 89 8.377018
78 90 10.770629
78 91 8.400385
78 92 10.650701
78 93 9.864257
78 94 10.947612
78 95 9.169322
78 96 10.763918
78 97 8.842643
78 98 10.016737
78 99 9.554860
78 100 10.793326
78 101 9.590541
78 102 8.592908
78 103 10.295181
78 104 9.903222
78 105 9.246187
78 106 10.588276
78 107 9.517570
78 108 10.476219
78 109 9.580434
78 110 8.967171
78 111 10.568162
78 112 10.887581
78 113 10.117004
78 114 10.988036
78 115 10.321460
78 116 9.526880
78 117 10.429649
78 118 8.509405
78 119 9.496821
78 120 10.874532
78 121 10.219030
78 122 9.922899
78 123 8.869189
78 124 9.722967
78 125 9.538624
78 126 9.332304
78 127 10.378663
78 128 10.045655
78 129 9.373019
78 130 10.636764
78 131 10.143748
78 132 9.136485
78 133 10.864328
78 134 10.199082
78 135 9.341354
78 136 8.425986
78 137 9.724564
78 138 11.010033
78 139 10.446221
78 140 10.604896
78 141 10.392549
78 142 10.539214
78 143 10.253782
78 144 9.647745
78 145 8.903568
78 146 11.089717
78 147 10.307372
78 148 9.755150
78 149 9.714086
78 150 10.274557
78 151 10.485706
78 152 8.764335
78 153 8.435532
78 154 10.346081
78 155 9.466305
78 156 9.673505
78 157 9.192031
78 158 8.666185
78 159 8.966434
78 160 8.489317
78 161 10.608536
78 162 10.694255
78 163 11.082341
78 164 9.428257
78 165 8.675241
78 166 8.537892
78 167 9.548040
78 168 9.482468
78 169 9.517488
78 170 8.355733
78 171 10.381453
78 172 9.701673
78 173 8.449949
78 174 10.908893
78 175 8.649021
78 176 9.535060
78 177 9.710270
78 178 10.008048
78 179 8.648847
78 180 8.970706
78 181 8.879357
78 182 9.343601
78 183 10.664203
78 184 10.150047
78 185 9.960154
78 186 8.928541
78 187 9.019212
78 188 10.644885
78 189 10.117926
78 190 10.852759
78 191 9.413989
78 192 9.807626
78 193 10.945184
78 194 10.509134
78 195 8.396812
78 196 8.358695
78 197 10.750559
78 198 9.064862
78 199 10.443859
78 200 8.475427
79 0 10.255081
79 1 10.127295
79 2 8.357716
79 3 10.003881
79 4 11.012254
79 5 9.594002
79 6 8.835285
79 7 9.473008
79 8 10.630258
79 9 9.591694
79 10 9.786381
79 11 10.257140
79 12 10.204998
79 13 8.798757
79 14 9.219580
79 15 10.051181
79 16 8.775740
79 17 8.538960
79 18 10.114210
79 19 10.951820
79 20 9.743348
79 21 9.007258
79 22 11.015443
79 23 10.861790
79 24 10.809320
79 25 9.656362
79 26 9.662459
79 27 9.787258
79 28 9.411169
79 29 8.889465
79 30 10.682257
79 31 8.536636
79 32 8.343306
79 33 11.049776
79 34 9.401578
79 35 8.873028
79 36 9.985640
79 37 10.994214
79 38 8.644763
79 39 9.261612
79 40 11.057273
79 41 9.947029
79 42 10.070895
79 43 8.834028
79 44 10.951382
79 45 9.731052
79 46 9.651178
79 47 10.446122
79 48 10.277981
79 49 9.054626
79 50 8.682136
79 51 10.577150
79 52 8.885955
79 53 9.651611
79 54 9.785987
79 55 9.237754
79 56 8.763997
79 57 8.455184
79 58 9.462450
79 59 8.394523
79 60 10.680842
79 61 9.266804
79 62 9.294572
79 63 10.304034
79 64 10.056439
79 65 10.207169
79 66 9.611233
79 67 10.988910
79 68 10.209904
79 69 10.792841
79 70 10.295614
79 71 10.903982
79 72 10.547388
79 73 10.828055
79 74 9.022706
79 75 8.558921
79 76 8.572841
79 77 10.035502
79 78 10.578385
79 79 0.000000
79 80 9.391433
79 81 10.187203
79 82 9.392911
79 83 8.882957
79 84 9.768065
79 85 10.378333
79 86 10.192398
79 87 8.907926
79 88 10.892569
79 89 10.124995
79 90 10.876737
79 91 9.931386
79 92 9.359594
79 93 9.193957
79 94 10.737873
79 95 9.115738
79 96 10.618132
79 97 10.994208
79 98 10.576243
79 99 9.732266
79 100 8.428434
79 101 8.876747
79 102 9.556381
79 103 8.462888
79 104 10.606215
79 105 8.411103
79 106 9.509348
79 107 10.916062
79 108 9.321296
79 109 11.065913
79 110 10.900695
79 111 10.627336
79 112 10.253802
79 113 10.672140
79 114 8.678195
79 115 10.386743
79 116 9.081320
79 117 10.851272
79 118 8.513449
79 119 9.954115
79 120 10.549752
79 121 10.525447
79 122 8.819234
79 123 10.194444
79 124 9.331354
79 125 9.538867
79 126 11.108714
79 127 10.986273
79 128 9.688112
79 129 8.468110
79 130 10.127944
79 131 10.292111
79 132 9.156777
79 133 9.757675
79 134 10.091712
79 135 9.650373
79 136 9.647947
79 137 9.174360
79 138 10.828323
79 139 10.573612
79 140 10.872918
79 141 9.734504
79 142 8.993107
79 143 8.852050
79 144 9.025372
79 145 9.818866
79 146 8.819443
79 147 10.903012
79 148 10.423573
79 149 10.644278
79 150 11.031512
79 151 9.768454
79 152 10.262550
79 153 8.929253
79 154 9.530008
79 155 10.824039
79 156 10.772364
79 157 8.877595
79 158 9.253636
79 159 10.984843
79 160 10.250180
79 161 10.513037
79 162 10.896088
79 163 10.069404
79 164 8.489978
79 165 9.519173
79 166 9.309700
79 167 9.144750
79 168 8.998905
79 169 9.018539
79 170 10.988644
79 171 10.385292
79 172 11.003704
79 173 10.227492
79 174 10.619070
79 175 8.813033
79 176 10.088363
79 177 10.105126
79 178 9.570433
79 179 8.399956
79 180 10.988050
79 181 10.136942
79 182 9.865809
79 183 10.649940
79 184 9.648799
79 185 10.144136
79 186 9.085349
79 187 10.485990
79 188 8.648964
79 189 10.700022
79 190 10.203815
79 191 9.366575
79 192 9.095740
79 193 10.457158
79 194 11.072229
79 195 10.721537
79 196 9.166504
79 197 9.506154
79 198 10.764586
79 199 10.304916
79 200 8.825047
80 0 10.912817
80 1 10.970934
80 2 8.339542
80 3 9.682613
80 4 10.582560
80 5 9.007751
80 6 10.987001
80 7 10.200476
80 8 8.609649
80 9 8.964588
80 10 10.581854
80 11 9.743656
80 12 8.823950
80 13 10.844645
80 14 8.880613
80 15 9.980181
80 16 10.521409
80 17 8.504515
80 18 10.303894
80 19 9.978200
80 20 9.959298
80 21 10.846628
80 22 10.131692
80 23 10.791221
80 24 8.990798
80 25 10.080951
80 26 9.538970
80 27 9.291725
80 28 8.607871
80 29 10.028495
80 30 11.104389
80 31 10.116715
80 32 10.567656
80 33 10.973437
80 34 10.320231
80 35 8.818673
80 36 10.827771
80 37 9.768164
80 38 9.746483
80 39 8.688315
80 40 10.331043
80 41 8.630153
80 42 8.493641
80 43 9.266791
80 44 10.347273
80 45 10.164906
80 46 8.713359
80 47 11.037987
80 48 10.355515
80 49 10.086373
80 50 9.445012
80 51 10.462220
80 52 10.318205
80 53 11.034968
80 54 8.542762
80 55 10.975185
80 56 10.497394
80 57 8.730565
80 58 9.249185
80 59 9.121634
80 60 10.791375
80 61 8.656904
80 62 10.788758
80 63 8.942286
80 64 10.687633
80 65 9.543781
80 66 8.867020
80 67 10.487119
80 68 10.798378
80 69 9.425363
80 70 8.554714
80 71 10.043293
80 72 10.915648
80 73 8.911833
80 74 9.475533
80 75 10.328739
80 76 10.716891
80 77 10.944666
80 78 10.116995
80 79 9.391433
80 80 0.000000
80 81 10.828849
80 82 10.283638
80 83 11.041790
80 84 9.569239
80 85 8.651870
80 86 8.797853
80 87 10.151630
80 88 10.338251
80 89 10.169366
80 90 9.982046
80 91 9.546946
80 92 10.482512
80 93 10.328599
80 94 9.987523
80 95 10.184546
80 96 8.723197
80 97 10.349752
80 98 9.924565
80 99 8.673033
80 100 8.819297
80 101 11.028246
80 102 10.023343
80 103 8.462006
80 104 8.492062
80 105 9.441657
80 106 9.055165
80 107 9.415720
80 108 10.225578
80 109 8.709258
80 110 10.488089
80 111 9.962502
80 112 10.648043
80 113 10.688466
80 114 9.636873
80 115 9.910310
80 116 8.479061
80 117 8.629300
80 118 9.602727
80 119 9.144723
80 120 8.904053
80 121 10.082242
80 122 9.056685
80 123 10.680048
80 124 9.748391
80 125 8.992678
80 126 10.876604
80 127 11.067885
80 128 9.480348
80 129 10.597277
80 130 10.681980
80 131 8.428212
80 132 8.729943
80 133 9.266663
80 134 10.991876
80 135 9.621749
80 136 9.638678
80 137 9.784523
80 138 10.681182
80 139 9.042060
80 140 9.646596
80 141 10.185774
80 142 10.108274
80 143 8.708198
80 144 8.698562
80 145 8.994595
80 146 8.471718
80 147 9.487393
80 148 10.528358
80 149 9.824866
80 150 10.564565
80 151 11.111056
80 152 11.005589
80 153 9.414306
80 154 8.626092
80 155 10.647813
80 156 9.101167
80 157 10.721677
80 158 9.116298
80 159 9.849001
80 160 10.293450
80 161 8.486384
80 162 8.426085
80 163 10.239577
80 164 10.886100
80 165 10.288335
80 166 9.276923
80 167 9.267565
80 168 8.476379
80 169 10.051680
80 170 8.575235
80 171 8.638935
80 172 8.743608
80 173 10.178609
80 174 8.368585
80 175 10.676519
80 176 10.504341
80 177 9.849635
80 178 10.744224
80 179 9.985266
80 180 9.073271
80 181 11.013401
80 182 8.833235
80 183 9.332232
80 184 10.359220
80 185 10.772439
80 186 10.676775
80 187 10.697969
80 188 9.890857
80 189 8.393972
80 190 10.917533
80 191 10.007160
80 192 10.276356
80 193 10.022291
80 194 10.247185
80 195 10.155853
80 196 10.511026
80 197 9.146374
80 198 8.933869
80 199 9.306419
80 200 10.941568
81 0 9.465637
81 1 10.339108
81 2 10.743742
81 3 10.872644
81 4 10.476319
81 5 10.665475
81 6 8.609317
81 7 8.522249
81 8 9.820843
81 9 8.798439
81 10 10.412722
81 11 8.753392
81 12 10.297405
81 13 8.555213
81 14 10.800763
81 15 10.763681
81 16 9.870818
81 17 9.610905
81 18 10.250358
81 19 8.429439
81 20 11.057736
81 21 9.495351
81 22 9.966074
81 23 9.727873
81 24 9.762998
81 25 8.662040
81 26 10.545906
81 27 8.499764
81 28 10.268354
81 29 10.043332
81 30 9.423965
81 31 8.803114
81 32 10.164504
81 33 9.844947
81 34 9.912960
81 35 9.444432
81 36 10.315293
81 37 10.566049
81 38 9.638531
81 39 9.786957
81 40 9.546536
81 41 9.264207
81 42 8.416138
81 43 9.257407
81 44 9.159292
81 45 9.681590
81 46 10.402316
81 47 8.376879
81 48 10.904185
81 49 9.927122
81 50 10.269789
81 51 10.656343
81 52 9.720105
81 53 9.547335
81 54 10.262589
81 55 8.577760
81 56 8.388331
81 57 8.728155
81 58 8.622448
81 59 8.342714
81 60 8.974234
81 61 9.933493
81 62 9.106601
81 63 10.260237
81 64 9.011179
81 65 8.709409
81 66 10.899290
81 67 9.418959
81 68 9.272221
81 69 8.483486
81 70 9.909624
81 71 8.481291
81 72 8.494813
81 73 10.025244
81 74 9.543136
81 75 9.524601
81 76 10.092354
81 77 9.508421
81 78 9.559177
81 79 10.187203
81 80 10.828849
81 81 0.000000
81 82 9.081234
81 83 8.955979
81 84 9.781977
81 85 9.928839
81 86 9.587460
81 87 10.057289
81 88 11.064448
81 89 11.062726
81 90 11.040436
81 91 11.092560
81 92 10.732689
81 93 8.352049
81 94 10.948776
81 95 9.058856
81 96 10.429086
81 97 8.387889
81 98 8.566587
81 99 9.268806
81 100 10.423025
81 101 10.062367
81 102 9.451677
81 103 8.399514
81 104 10.397988
81 105 9.573147
81 106 10.005526
81 107 10.240736
81 108 10.660426
81 109 10.673079
81 110 8.382555
81 111 10.797637
81 112 9.917758
81 113 10.529403
81 114 10.342154
81 115 10.213660
81 116 9.333010
81 117 10.885922
81 118 8.731309
81 119 10.583723
81 120 9.442966
81 121 9.801739
81 122 9.182684
81 123 10.455986
81 124 9.919293
81 125 10.144392
81 126 8.939228
81 127 9.278489
81 128 10.226605
81 129 8.413135
81 130 10.836078
81 131 9.771111
81 132 8.648711
81 133 8.468871
81 134 10.865970
81 135 9.375432
81 136 8.880572
81 137 9.036745
81 138 10.687844
81 139 10.404668
81 140 10.387289
81 141 9.816378
81 142 9.837598
81 143 10.776125
81 144 9.400181
81 145 9.746058
81 146 10.186134
81 147 9.240374
81 148 10.249209
81 149 10.786999
81 150 10.666769
81 151 8.724846
81 152 10.757215
81 153 9.378923
81 154 8.422743
81 155 8.544470
81 156 8.815381
81 157 10.452330
81 158 9.931564
81 159 9.291666
81 160 10.037271
81 161 8.738838
81 162 9.647432
81 163 10.792515
81 164 9.651053
81 165 10.431806
81 166 9.900222
81 167 9.246410
81 168 8.779057
81 169 10.936690
81 170 8.907986
81 171 8.966908
81 172 10.053411
81 173 9.543185
81 174 10.822757
81 175 10.393284
81 176 9.651229
81 177 10.540314
81 178 9.692188
81 179 9.161697
81 180 11.065225
81 181 10.335331
81 182 10.987441
81 183 8.348229
81 184 9.666255
81 185 8.817764
81 186 9.693486
81 187 10.918635
81 188 8.476766
81 189 9.930131
81 190 8.667076
81 191 10.607879
81 192 9.467381
81 193 9.811353
81 194 10.775190
81 195 9.041516
81 196 10.646250
81 197 10.716057
81 198 8.639245
81 199 9.915163
81 200 10.156224
82 0 11.020081
82 1 10.588747
82 2 9.107164
82 3 9.856652
82 4 9.134862
82 5 10.999804
82 6 9.660592
82 7 8.368972
82 8 10.409414
82 9 11.064288
82 10 10.305968
82 11 8.563152
82 12 9.357488
82 13 11.079520
82 14 9.218875
82 15 10.064188
82 16 8.558546
82 17 8.571076
82 18 9.789935
82 19 9.418546
82 20 8.468561
82 21 9.715628
82 22 10.020608
82 23 10.378516
82 24 10.998049
82 25 11.093548
82 26 9.142168
82 27 9.147131
82 28 9.297045
82 29 10.768216
82 30 10.857592
82 31 9.661328
82 32 8.557869
82 33 9.467360
82 34 10.179861
82 35 10.273311
82 36 8.676034
82 37 8.694064
82 38 10.938070
82 39 9.215776
82 40 9.807040
82 41 11.065164
82 42 9.215673
82 43 9.046703
82 44 10.062651
82 45 9.388091
82 46 9.283434
82 47 8.385526
82 48 10.555740
82 49 10.320572
82 50 9.652664
82 51 10.950149
82 52 10.332901
82 53 10.426056
82 54 9.107150
82 55 8.345148
82 56 8.428907
82 57 10.037296
82 58 9.107746
82 59 10.833908
82 60 9.677315
82 61 10.027022
82 62 9.680814
82 63 10.116662
82 64 10.254007
82 65 9.567769
82 66 8.613644
82 67 8.400816
82 68 9.534618
82 69 10.775752
82 70 8.478403
82 71 8.468599
82 72 11.063512
82 73 8.998266
82 74 10.429180
82 75 9.209401
82 76 9.469607
82 77 8.761645
82 78 10.256116
82 79 9.392911
82 80 10.283638
82 81 9.081234
82 82 0.000000
82 83 10.888138
82 84 8.470106
82 85 9.411355
82 86 8.654015
82 87 11.017082
82 88 10.645091
82 89 9.353227
82 90 10.705088
82 91 10.253837
82 92 9.805118
82 93 10.494237
82 94 10.322355
82 95 8.452628
82 96 9.438528
82 97 11.105267
82 98 8.881540
82 99 10.824395
82 100 10.365527
82 101 8.406290
82 102 9.130186
82 103 9.905400
82 104 8.989114
82 105 8.836834
82 106 10.684720
82 107 10.831116
82 108 9.843906
82 109 10.144501
82 110 10.161037
82 111 8.882488
82 112 8.891382
82 113 9.594989
82 114 9.835223
82 115 9.780797
82 116 10.317207
82 117 9.803903
82 118 10.848894
82 119 8.438330
82 120 8.919217
82 121 9.446202
82 122 10.791099
82 123 8.904862
82 124 9.648407
82 125 10.523502
82 126 9.483097
82 127 8.990174
82 128 10.914428
82 129 8.776795
82 130 10.283876
82 131 10.164335
82 132 10.211991
82 133 10.661856
82 134 10.012594
82 135 10.144452
82 136 10.678142
82 137 9.579679
82 138 10.925406
82 139 9.955133
82 140 9.278210
82 141 10.689556
82 142 10.395369
82 143 9.792410
82 144 10.613210
82 145 8.454656
82 146 11.036026
82 147 8.683551
82 148 8.919299
82 149 10.972058
82 150 9.815127
82 151 9.558217
82 152 9.993026
82 153 9.897689
82 154 9.467330
82 155 9.261798
82 156 11.072123
82 157 8.402839
82 158 10.444686
82 159 8.391164
82 160 10.167862
82 161 10.894335
82 162 9.632402
82 163 9.281878
82 164 9.867209
82 165 10.672325
82 166 9.615846
82 167 9.322456
82 168 11.032264
82 169 10.076139
82 170 8.905575
82 171 8.975798
82 172 9.315071
82 173 10.729078
82 174 9.339438
82 175 8.855113
82 176 10.791796
82 177 10.468091
82 178 9.576262
82 179 10.580308
82 180 10.425398
82 181 8.673900
82 182 8.646150
82 183 8.499573
82 184 8.643159
82 185 9.457465
82 186 10.790035
82 187 9.492691
82 188 9.179406
82 189 9.141351
82 190 10.051567
82 191 9.258714
82 192 10.091758
82 193 8.776043
82 194 9.635617
82 195 8.483420
82 196 10.842059
82 197 9.084445
82 198 8.927661
82 199 8.818480
82 200 10.642836
83 0 10.375328
83 1 8.551404
83 2 8.756284
83 3 10.278953
83 4 10.330343
83 5 9.438273
83 6 8.787040
83 7 9.585789
83 8 10.747601
83 9 9.663377
83 10 10.691897
83 11 10.603865
83 12 10.657379
83 13 9.089783
83 14 8.348790
83 15 10.640213
83 16 8.765961
83 17 9.903999
83 18 10.702564
83 19 9.308359
83 20 8.370122
83 21 8.858143
83 22 8.401239
83 23 8.353546
83 24 8.882311
83 25 9.992017
83 26 8.848148
83 27 9.667835
83 28 9.382497
83 29 9.032669
83 30 10.797217
83 31 9.569917
83 32 8.359801
83 33 8.679717
83 34 9.017435
83 35 8.984870
83 36 9.891028
83 37 9.561167
83 38 10.996771
83 39 10.980467
83 40 10.729024
83 41 10.027102
83 42 8.779821
83 43 9.773818
83 44 9.288271
83 45 9.151486
83 46 8.623922
83 47 9.752996
83 48 9.789549
83 49 8.647799
83 50 8.855551
83 51 8.966058
83 52 8.595908
83 53 10.001524
83 54 8.692003
83 55 10.873477
83 56 9.050858
83 57 9.575859
83 58 10.412696
83 59 9.675898
83 60 10.221796
83 61 10.932663
83 62 9.118045
83 63 9.435987
83 64 8.418657
83 65 9.908189
83 66 9.748457
83 67 10.778992
83 68 9.555101
83 69 9.757086
83 70 8.456069
83 71 9.527739
83 72 8.765354
83 73 8.696136
83 74 11.095276
83 75 10.795471
83 76 9.771138
83 77 8.461085
83 78 9.218823
83 79 8.882957
83 80 11.041790
83 81 8.955979
83 82 10.888138
83 83 0.000000
83 84 10.411787
83 85 9.522336
83 86 10.986793
83 87 10.948810
83 88 10.396508
83 89 9.595728
83 90 10.922746
83 91 8.553101
83 92 9.579347
83 93 8.789971
83 94 10.580304
83 95 9.178176
83 96 9.597517
83 97 10.156557
83 98 9.412020
83 99 10.577214
83 100 9.556909
83 101 9.666519
83 102 9.770655
83 103 10.384902
83 104 9.675029
83 105 11.013401
83 106 9.380024
83 107 9.646429
83 108 9.185209
83 109 8.574255
83 110 10.641095
83 111 8.335808
83 112 11.006146
83 113 9.426469
83 114 9.829054
83 115 9.165679
83 116 9.653218
83 117 10.101901
83 118 9.525405
83 119 8.656486
83 120 9.940226
83 121 10.132431
83 122 10.917665
83 123 9.735005
83 124 8.974750
83 125 10.789087
83 126 8.434773
83 127 9.509786
83 128 8.912968
83 129 9.129510
83 130 10.792249
83 131 9.133530
83 132 10.036979
83 133 11.067775
83 134 9.910571
83 135 8.356967
83 136 9.187395
83 137 10.339759
83 138 9.827882
83 139 10.332431
83 140 10.367831
83 141 8.610911
83 142 9.138730
83 143 9.199792
83 144 10.310229
83 145 8.857262
83 146 10.293941
83 147 8.355091
83 148 8.981505
83 149 10.011810
83 150 10.507466
83 151 8.652717
83 152 8.738407
83 153 10.253256
83 154 9.018560
83 155 10.254842
83 156 10.028207
83 157 10.759870
83 158 10.936040
83 159 8.533329
83 160 9.000734
83 161 9.129166
83 162 10.031492
83 163 9.920658
83 164 10.387681
83 165 9.698500
83 166 10.415709
83 167 10.552263
83 168 9.768695
83 169 9.918275
83 170 9.783023
83 171 10.811205
83 172 9.762565
83 173 9.643901
83 174 10.684778
83 175 9.752557
83 176 8.799869
83 177 10.470054
83 178 8.699662
83 179 9.677110
83 180 11.022829
83 181 8.711787
83 182 10.005572
83 183 10.032468
83 184 8.726205
83 185 10.960725
83 186 9.875208
83 187 9.505192
83 188 9.784317
83 189 10.702889
83 190 9.006567
83 191 9.091636
83 192 9.456800
83 193 10.890221
83 194 10.486447
83 195 9.975637
83 196 10.256029
83 197 9.623813
83 198 9.965684
83 199 9.245798
83 200 10.314327
84 0 10.226505
84 1 8.420939
84 2 9.706704
84 3 8.725353
84 4 8.645798
84 5 8.397676
84 6 9.011653
84 7 11.034263
84 8 10.185135
84 9 11.043706
84 10 10.806894
84 11 10.095955
84 12 9.036367
84 13 8.701671
84 14 10.653969
84 15 9.789017
84 16 9.440502
84 17 10.998903
84 18 10.986845
84 19 10.055970
84 20 9.449817
84 21 9.966419
84 22 9.125000
84 23 11.033652
84 24 9.406727
84 25 10.154665
84 26 10.126144
84 27 9.739090
84 28 8.873390
84 29 8.345844
84 30 8.504886
84 31 9.323600
84 32 10.914719
84 33 10.385638
84 34 8.827965
84 35 10.435881
84 36 9.477506
84 37 10.373891
84 38 8.779225
84 39 10.359324
84 40 10.500616
84 41 10.855862
84 42 10.429859
84 43 9.800484
84 44 10.073609
84 45 9.055106
84 46 8.814521
84 47 9.432200
84 48 9.423652
84 49 10.127121
84 50 8.945201
84 51 10.191938
84 52 10.292376
84 53 9.531303
84 54 10.195475
84 55 10.749423
84 56 8.425300
84 57 10.453480
84 58 9.719272
84 59 9.971901
84 60 9.064441
84 61 10.899066
84 62 10.404719
84 63 10.341247
84 64 9.146036
84 65 9.926815
84 66 9.474296
84 67 9.537768
84 68 10.296120
84 69 10.877922
84 70 9.676018
84 71 9.990889
84 72 8.999595
84 73 8.592866
84 74 10.220438
84 75 8.467466
84 76 8.458847
84 77 8.896241
84 78 8.681803
84 79 9.768065
84 80 9.569239
84 81 9.781977
84 82 8.470106
84 83 10.411787
84 84 0.000000
84 85 8.759793
84 86 10.545049
84 87 9.794341
84 88 10.138672
84 89 8.498170
84 90 10.108583
84 91 8.809313
84 92 8.872018
84 93 8.764876
84 94 9.418172
84 95 9.332720
84 96 10.809304
84 97 8.481315
84 98 9.390734
84 99 8.605512
84 100 10.530401
84 101 9.935361
84 102 8.788242
84 103 10.931381
84 104 10.884773
84 105 9.693930
84 106 9.501120
84 107 9.733835
84 108 10.149831
84 109 9.463283
84 110 9.257001
84 111 10.396391
84 112 10.470887
84 113 8.562850
84 114 9.272221
84 115 8.469644
84 116 8.457464
84 117 8.817273
84 118 8.718965
84 119 10.399507
84 120 9.780329
84 121 10.632029
84 122 11.002984
84 123 9.795370
84 124 9.959650
84 125 10.272183
84 126 9.010249
84 127 8.843742
84 128 8.542607
84 129 9.248171
84 130 8.676822
84 131 9.707321
84 132 10.070768
84 133 9.733675
84 134 8.814106
84 135 10.799515
84 136 8.614755
84 137 9.034355
84 138 10.562435
84 139 9.797154
84 140 9.954484
84 141 10.101833
84 142 10.696463
84 143 8.905153
84 144 10.206279
84 145 10.478184
84 146 9.349309
84 147 10.214444
84 148 9.320338
84 149 10.898711
84 150 10.271992
84 151 9.085893
84 152 8.816506
84 153 10.058677
84 154 8.719867
84 155 8.959352
84 156 8.544380
84 157 10.008951
84 158 9.157492
84 159 9.797295
84 160 10.422083
84 161 8.785020
84 162 10.643031
84 163 10.306416
84 164 10.026353
84 165 9.233265
84 166 8.780038
84 167 9.105422
84 168 9.423953
84 169 8.811188
84 170 10.444086
84 171 10.545769
84 172 10.107892
84 173 9.477418
84 174 8.809036
84 175 8.990407
84 176 9.972136
84 177 9.155964
84 178 9.931640
84 179 10.997901
84 180 10.120308
84 181 9.445125
84 182 9.159462
84 183 8.918308
84 184 10.249572
84 185 10.169976
84 186 11.065368
84 187 9.774492
84 188 9.377138
84 189 9.903597
84 190 9.335874
84 191 9.632380
84 192 10.397541
84 193 8.658404
84 194 8.717370
84 195 9.458094
84 196 9.847927
84 197 9.484162
84 198 8.651450
84 199 9.311644
84 200 10.895576
85 0 9.436249
85 1 10.212576
85 2 10.551864
85 3 8.820756
85 4 10.792667
85 5 8.791668
85 6 8.570754
85 7 9.171964
85 8 10.489787
85 9 8.940348
85 10 10.535403
85 11 8.723930
85 12 11.004899
85 13 8.829345
85 14 8.592489
85 15 9.204439
85 16 8.748657
85 17 10.751124
85 18 10.165462
85 19 8.561816
85 20 8.357673
85 21 8.936526
85 22 10.695750
85 23 9.802967
85 24 10.401214
85 25 8.640837
85 26 9.016586
85 27 9.793113
85 28 8.470650
85 29 8.461427
85 30 10.333516
85 31 8.933549
85 32 10.961533
85 33 9.752220
85 34 8.413466
85 35 8.371589
85 36 8.600395
85 37 9.011155
85 38 9.656220
85 39 8.550157
85 40 10.625889
85 41 9.886181
85 42 11.066728
85 43 9.731087
85 44 9.729209
85 45 9.299063
85 46 9.975684
85 47 10.196243
85 48 8.458173
85 49 10.245153
85 50 10.627995
85 51 8.938078
85 52 8.905545
85 53 9.276432
85 54 10.975361
85 55 9.918687
85 56 9.399235
85 57 9.086523
85 58 8.428619
85 59 9.067824
85 60 9.200505
85 61 10.479119
85 62 9.462174
85 63 10.522284
85 64 10.281835
85 65 9.246077
85 66 9.801457
85 67 10.265021
85 68 8.738176
85 69 9.093618
85 70 9.055833
85 71 10.270605
85 72 9.459949
85 73 9.901487
85 74 9.394738
85 75 9.698672
85 76 8.477508
85 77 10.106812
85 78 8.946781
85 79 10.378333
85 80 8.651870
85 81 9.928839
85 82 9.411355
85 83 9.522336
85 84 8.759793
85 85 0.000000
85 86 8.828074
85 87 10.144312
85 88 10.383713
85 89 10.482133
85 90 9.318336
85 91 10.010507
85 92 8.468845
85 93 8.935905
85 94 10.466246
85 95 10.542536
85 96 8.962530
85 97 9.338798
85 98 10.356246
85 99 9.303312
85 100 9.710045
85 101 9.166799
85 102 8.759077
85 103 10.020457
85 104 8.838799
85 105 10.422013
85 106 10.206245
85 107 9.565027
85 108 9.313987
85 109 8.479466
85 110 8.529742
85 111 9.456001
85 112 10.944048
85 113 8.753659
85 114 9.454802
85 115 11.014211
85 116 9.198784
85 117 10.963078
85 118 9.427967
85 119 10.375495
85 120 9.577925
85 121 11.042539
85 122 9.716504
85 123 9.080160
85 124 8.777219
85 125 11.011225
85 126 8.544659
85 127 10.247584
85 128 9.594008
85 129 8.515423
85 130 8.760559
85 131 8.475196
85 132 10.005368
85 133 10.898695
85 134 9.203914
85 135 10.282040
85 136 9.855366
85 137 9.356200
85 138 9.706033
85 139 10.943089
85 140 10.703202
85 141 8.408868
85 142 10.912459
85 143 10.176705
85 144 10.310430
85 145 9.228157
85 146 10.085218
85 147 9.071078
85 148 8.763856
85 149 9.189669
85 150 10.903551
85 151 9.939247
85 152 8.700757
85 153 9.365652
85 154 9.910218
85 155 9.522786
85 156 10.103697
85 157 9.089702
85 158 8.729727
85 159 8.928685
85 160 8.924040
85 161 10.453053
85 162 10.164404
85 163 8.984718
85 164 10.643103
85 165 9.330884
85 166 8.639884
85 167 9.899233
85 168 9.136775
85 169 8.955670
85 170 10.740023
85 171 9.016636
85 172 8.820366
85 173 9.300522
85 174 9.263226
85 175 10.144284
85 176 9.636205
85 177 9.530579
85 178 10.753233
85 179 10.870921
85 180 10.080973
85 181 9.396820
85 182 8.659603
85 183 9.360782
85 184 11.088030
85 185 9.713332
85 186 9.595733
85 187 9.424015
85 188 10.106772
85 189 10.536790
85 190 8.984802
85 191 9.375767
85 192 8.950456
85 193 10.058881
85 194 10.946581
85 195 9.635645
85 196 10.102998
85 197 9.976319
85 198 9.505517
85 199 9.218136
85 200 9.929680
86 0 9.341143
86 1 10.835146
86 2 8.651485
86 3 9.912627
86 4 9.407302
86 5 10.449316
86 6 8.568033
86 7 9.683511
86 8 9.459672
86 9 10.568865
86 10 9.989800
86 11 10.185418
86 12 8.589186
86 13 10.422545
86 14 10.207262
86 15 10.860388
86 16 10.598216
86 17 8.696145
86 18 8.558340
86 19 10.604080
86 20 10.069987
86 21 10.062454
86 22 9.148792
86 23 10.848538
86 24 10.117989
86 25 10.930915
86 26 8.926057
86 27 8.636108
86 28 8.957713
86 29 10.151049
86 30 10.556826
86 31 10.551514
86 32 9.345913
86 33 9.310309
86 34 9.787436
86 35 9.113028
86 36 9.887855
86 37 9.173475
86 38 9.550143
86 39 9.649207
86 40 10.744035
86 41 8.574460
86 42 9.771541
86 43 10.288708
86 44 10.399118
86 45 9.190551
86 46 8.443061
86 47 9.141515
86 48 9.782099
86 49 9.841793
86 50 11.037901
86 51 8.841452
86 52 10.843512
86 53 9.954746
86 54 10.551080
86 55 9.208970
86 56 9.381729
86 57 10.231183
86 58 10.503641
86 59 10.511250
86 60 10.009620
86 61 8.719835
86 62 9.444832
86 63 8.501782
86 64 10.452772
86 65 9.797425
86 66 10.170446
86 67 8.484690
86 68 9.318678
86 69 9.758836
86 70 9.959203
86 71 8.993696
86 72 9.377048
86 73 10.557782
86 74 9.820427
86 75 9.115665
86 76 8.419990
86 77 9.908157
86 78 10.065352
86 79 10.192398
86 80 8.797853
86 81 9.587460
86 82 8.654015
86 83 10.986793
86 84 10.545049
86 85 8.828074
86 86 0.000000
86 87 9.292120
86 88 10.897060
86 89 10.454516
86 90 9.836210
86 91 10.268301
86 92 9.401809
86 93 10.263618
86 94 9.451015
86 95 9.469729
86 96 9.970950
86 97 10.402049
86 98 10.145412
86 99 9.640710
86 100 8.861689
86 101 9.649632
86 102 8.487717
86 103 10.802564
86 104 9.477703
86 105 9.832677
86 106 10.828897
86 107 10.370671
86 108 10.234372
86 109 9.245883
86 110 8.466683
86 111 8.704144
86 112 10.160694
86 113 10.614013
86 114 9.681932
86 115 8.655573
86 116 10.705172
86 117 9.888093
86 118 9.763007
86 119 9.082890
86 120 8.858972
86 121 10.159299
86 122 10.601799
86 123 10.688419
86 124 10.026335
86 125 8.808713
86 126 8.792369
86 127 10.051582
86 128 9.938533
86 129 10.633748
86 130 11.038141
86 131 10.820810
86 132 9.738680
86 133 8.401089
86 134 9.735965
86 135 11.070433
86 136 10.813954
86 137 10.481272
86 138 8.885450
86 139 9.269919
86 140 8.502017
86 141 8.939196
86 142 10.189121
86 143 9.967976
86 144 10.594059
86 145 9.977891
86 146 8.637142
86 147 8.465802
86 148 9.995507
86 149 9.826205
86 150 9.695701
86 151 9.243204
86 152 10.490409
86 153 8.724749
86 154 8.859356
86 155 10.873641
86 156 8.978189
86 157 10.794206
86 158 9.651080
86 159 8.960456
86 160 10.935453
86 161 8.514127
86 162 9.104115
86 163 11.083308
86 164 10.939030
86 165 8.336284
86 166 9.365176
86 167 10.518739
86 168 10.789049
86 169 9.160750
86 170 10.319479
86 171 8.539993
86 172 8.866531
86 173 9.081740
86 174 9.754693
86 175 9.694968
86 176 9.412288
86 177 11.042008
86 178 9.873408
86 179 8.549202
86 180 8.750519
86 181 9.109286
86 182 9.698661
86 183 10.641953
86 184 8.844585
86 185 9.922568
86 186 11.071555
86 187 9.419682
86 188 9.938010
86 189 10.373967
86 190 10.466462
86 191 8.340728
86 192 8.780088
86 193 10.160690
86 194 10.810383
86 195 9.143974
86 196 11.062209
86 197 8.674438
86 198 8.542701
86 199 10.238193
86 200 8.847425
87 0 8.348286
87 1 8.808743
87 2 10.603910
87 3 10.988159
87 4 8.469174
87 5 9.582327
87 6 9.145526
87 7 9.387904
87 8 8.706160
87 9 9.888232
87 10 10.908351
87 11 10.282572
87 12 10.363076
87 13 8.618822
87 14 9.393566
87 15 9.418589
87 16 10.580721
87 17 9.166111
87 18 10.568385
87 19 11.092036
87 20 10.522092
87 21 10.494058
87 22 8.545830
87 23 9.550934
87 24 8.720157
87 25 9.662835
87 26 11.040194
87 27 9.427226
87 28 8.535678
87 29 8.441440
87 30 10.311913
87 31 9.130974
87 32 10.706976
87 33 10.843879
87 34 10.441561
87 35 9.108277
87 36 10.508005
87 37 8.920198
87 38 10.748287
87 39 8.544562
87 40 9.621618
87 41 11.002281
87 42 10.848024
87 43 8.401038
87 44 9.084157
87 45 9.771818
87 46 8.582480
87 47 9.710671
87 48 9.727468
87 49 9.081674
87 50 9.340269
87 51 8.592711
87 52 9.274603
87 53 9.106859
87 54 9.612156
87 55 9.395596
87 56 10.980448
87 57 8.890914
87 58 10.850691
87 59 10.815746
87 60 8.996843
87 61 9.171943
87 62 9.182654
87 63 8.467807
87 64 8.731366
87 65 8.857972
87 66 10.530676
87 67 8.902496
87 68 8.869999
87 69 9.490280
87 70 8.556289
87 71 9.659163
87 72 8.642678
87 73 9.902516
87 74 8.740429
87 75 9.400759
87 76 10.287619
87 77 10.311865
87 78 10.223896
87 79 8.907926
87 80 10.151630
87 81 10.057289
87 82 11.017082
87 83 10.948810
87 84 9.794341
87 85 10.144312
87 86 9.292120
87 87 0.000000
87 88 10.850402
87 89 10.120669
87 90 8.703059
87 91 8.651923
87 92 8.974622
87 93 10.924063
87 94 8.463384
87 95 10.016066
87 96 9.175606
87 97 9.275033
87 98 8.906134
87 99 8.606854
87 100 9.917673
87 101 9.222088
87 102 11.050960
87 103 8.620821
87 104 8.960376
87 105 9.816490
87 106 8.695913
87 107 10.381280
87 108 8.759324
87 109 9.692979
87 110 8.354904
87 111 8.550711
87 112 9.328410
87 113 8.544409
87 114 10.468989
87 115 10.018044
87 116 10.037412
87 117 10.714496
87 118 9.376972
87 119 8.922641
87 120 9.889278
87 121 9.979385
87 122 10.944167
87 123 9.115996
87 124 10.625121
87 125 9.835294
87 126 10.800936
87 127 9.883810
87 128 11.037701
87 129 10.383499
87 130 10.640368
87 131 11.071583
87 132 10.595886
87 133 9.816803
87 134 8.859522
87 135 9.357663
87 136 9.380811
87 137 9.670784
87 138 8.878697
87 139 9.059317
87 140 10.949289
87 141 10.827930
87 142 9.386172
87 143 10.242993
87 144 10.877851
87 145 10.647187
87 146 9.704530
87 147 10.263019
87 148 10.282812
87 149 10.341983
87 150 10.710004
87 151 8.843501
87 152 10.646719
87 153 10.945647
87 154 10.076528
87 155 10.144463
87 156 9.771400
87 157 10.072982
87 158 8.883899
87 159 10.658982
87 160 10.948617
87 161 10.054232
87 162 10.933987
87 163 10.717495
87 164 10.704601
87 165 8.555413
87 166 10.899832
87 167 9.396262
87 168 9.045439
87 169 8.832825
87 170 8.879186
87 171 10.076300
87 172 10.075939
87 173 9.744418
87 174 10.680407
87 175 8.871120
87 176 9.596624
87 177 9.591325
87 178 8.572559
87 179 9.308982
87 180 10.825159
87 181 10.249158
87 182 9.234949
87 183 10.214535
87 184 8.937998
87 185 9.248187
87 186 10.262492
87 187 8.767068
87 188 8.944638
87 189 9.830337
87 190 8.940397
87 191 10.027618
87 192 9.496534
87 193 9.864345
87 194 9.600503
87 195 8.996320
87 196 10.225723
87 197 10.460460
87 198 10.689035
87 199 9.932082
87 200 8.850523
88 0 8.670842
88 1 10.848951
88 2 10.318493
88 3 10.591700
88 4 9.457112
88 5 9.146522
88 6 8.775159
88 7 9.334384
88 8 8.851346
88 9 9.112384
88 10 10.261999
88 11 10.829837
88 12 10.716980
88 13 10.136529
88 14 9.387131
88 15 10.127264
88 16 10.176163
88 17 9.074373
88 18 8.865905
88 19 8.930925
88 20 9.868382
88 21 8.369001
88 22 10.311489
88 23 8.610808
88 24 10.248588
88 25 9.045408
88 26 9.430687
88 27 8.778999
88 28 8.586501
88 29 8.547101
88 30 11.076433
88 31 8.344158
88 32 9.393526
88 33 10.191745
88 34 8.915187
88 35 8.980497
88 36 10.528536
88 37 9.100758
88 38 9.484969
88 39 10.291575
88 40 9.442400
88 41 9.452397
88 42 8.470481
88 43 9.117322
88 44 8.379690
88 45 10.223185
88 46 9.180038
88 47 10.271080
88 48 10.728472
88 49 9.341546
88 50 9.124360
88 51 10.665308
88 52 9.281700
88 53 8.378644
88 54 8.739003
88 55 10.902255
88 56 8.600031
88 57 11.014158
88 58 10.206843
88 59 10.198149
88 60 10.224048
88 61 11.022749
88 62 10.158894
88 63 9.674428
88 64 8.844209
88 65 8.661035
88 66 8.372696
88 67 9.645084
88 68 9.038399
88 69 9.085010
88 70 9.494448
88 71 9.868071
88 72 9.901492
88 73 9.979747
88 74 8.775786
88 75 8.804206
88 76 9.943275
88 77 9.373973
88 78 9.403469
88 79 10.892569
88 80 10.338251
88 81 11.064448
88 82 10.645091
88 83 10.396508
88 84 10.138672
88 85 10.383713
88 86 10.897060
88 87 10.850402
88 88 0.000000
88 89 9.532920
88 90 10.045392
88 91 10.699042
88 92 8.873462
88 93 9.495973
88 94 9.813459
88 95 9.492820
88 96 9.415435
88 97 8.916925
88 98 9.732038
88 99 9.181876
88 100 10.757922
88 101 10.544778
88 102 11.046383
88 103 9.783120
88 104 9.942187
88 105 10.577064
88 106 9.646633
88 107 10.209387
88 108 9.194958
88 109 10.698010
88 110 10.992563
88 111 8.572280
88 112 10.041946
88 113 9.731913
88 114 10.116472
88 115 8.453227
88 116 10.000611
88 117 10.983563
88 118 9.293081
88 119 8.991466
88 120 10.188871
88 121 10.952803
88 122 9.369789
88 123 8.962902
88 124 9.502361
88 125 9.514768
88 126 10.215724
88 127 10.619243
88 128 9.747386
88 129 8.803485
88 130 8.357896
88 131 8.470299
88 132 9.748255
88 133 10.283677
88 134 8.998291
88 135 9.059259
88 136 9.154079
88 137 10.142373
88 138 10.982771
88 139 10.683317
88 140 9.768904
88 141 10.423928
88 142 9.571245
88 143 10.667321
88 144 10.324548
88 145 9.075525
88 146 9.249400
88 147 9.546756
88 148 10.636182
88 149 9.385502
88 150 8.528492
88 151 8.429138
88 152 8.457788
88 153 8.605117
88 154 9.236218
88 155 9.210783
88 156 10.644751
88 157 10.890725
88 158 8.506836
88 159 9.789750
88 160 8.468107
88 161 9.677676
88 162 9.231424
88 163 9.422100
88 164 10.424245
88 165 10.625925
88 166 9.809309
88 167 10.541967
88 168 10.190010
88 169 10.424562
88 170 10.215499
88 171 10.830061
88 172 9.870497
88 173 8.515145
88 174 8.650195
88 175 9.446778
88 176 10.945766
88 177 10.405904
88 178 11.059966
88 179 10.031331
88 180 9.492407
88 181 10.805288
88 182 10.114890
88 183 8.612993
88 184 8.771675
88 185 10.178233
88 186 9.208538
88 187 10.183104
88 188 9.561262
88 189 8.921363
88 190 10.437480
88 191 9.614813
88 192 9.512911
88 193 10.928470
88 194 10.247437
88 195 8.341690
88 196 8.601528
88 197 9.170310
88 198 11.011163
88 199 9.469673
88 200 8.913832
89 0 9.289977
89 1 9.321380
89 2 8.491212
89 3 9.426541
89 4 10.761119
89 5 9.413174
89 6 9.417535
89 7 11.022126
89 8 10.875187
89 9 9.192943
89 10 9.858209
89 11 9.106972
89 12 9.662713
89 13 8.593457
89 14 10.146008
89 15 10.002957
89 16 9.712917
89 17 8.716607
89 18 8.926528
89 19 8.618392
89 20 8.719237
89 21 9.793998
89 22 10.899430
89 23 8.929634
89 24 9.824943
89 25 8.343589
89 26 10.492643
89 27 9.781293
89 28 10.125963
89 29 10.376320
89 30 10.953973
89 31 8.754050
89 32 10.239372
89 33 10.914074
89 34 9.577590
89 35 10.998021
89 36 8.675323
89 37 10.116395
89 38 10.458376
89 39 8.951989
89 40 10.784672
89 41 9.740328
89 42 9.812883
89 43 8.939517
89 44 10.620116
89 45 8.786935
89 46 9.989987
89 47 8.475368
89 48 9.395237
89 49 9.250241
89 50 11.032557
89 51 10.016983
89 52 8.845747
89 53 9.241125
89 54 8.569354
89 55 9.908195
89 56 10.048852
89 57 9.390445
89 58 10.453764
89 59 9.231996
89 60 10.591871
89 61 10.742716
89 62 9.420953
89 63 8.616726
89 64 9.645589
89 65 10.253942
89 66 8.964574
89 67 10.340540
89 68 10.259249
89 69 10.715380
89 70 9.171391
89 71 9.012083
89 72 8.578176
89 73 10.985398
89 74 10.082206
89 75 9.119323
89 76 9.585118
89 77 10.814812
89 78 8.377018
89 79 10.124995
89 80 10.169366
89 81 11.062726
89 82 9.353227
89 83 9.595728
89 84 8.498170
89 85 10.482133
89 86 10.454516
89 87 10.120669
89 88 9.532920
89 89 0.000000
89 90 10.904941
89 91 9.350209
89 92 8.578739
89 93 10.998456
89 94 9.242124
89 95 9.231511
89 96 10.418045
89 97 10.330493
89 98 8.393642
89 99 8.619408
89 100 8.713241
89 101 9.390843
89 102 10.563953
89 103 9.411671
89 104 9.409730
89 105 10.439719
89 106 9.243236
89 107 9.659684
89 108 10.868911
89 109 10.286205
89 110 8.616472
89 111 8.841058
89 112 8.756811
89 113 9.306808
89 114 8.945615
89 115 9.055789
89 116 10.680150
89 117 9.893334
89 118 8.378313
89 119 10.907076
89 120 10.415801
89 121 9.446166
89 122 10.866034
89 123 8.594266
89 124 9.287833
89 125 9.598525
89 126 10.838067
89 127 9.744020
89 128 8.645641
89 129 9.538278
89 130 10.809423
89 131 9.225165
89 132 9.349746
89 133 8.916479
89 134 9.810208
89 135 10.903826
89 136 8.716294
89 137 10.383405
89 138 8.886058
89 139 10.728072
89 140 9.585883
89 141 11.085437
89 142 9.782238
89 143 10.521855
89 144 9.984983
89 145 9.203376
89 146 10.164279
89 147 8.465115
89 148 10.397042
89 149 10.812032
89 150 10.681778
89 151 10.105938
89 152 10.591177
89 153 9.919907
89 154 9.822528
89 155 9.575146
89 156 8.996452
89 157 10.238568
89 158 11.041989
89 159 9.029925
89 160 8.442233
89 161 8.554856
89 162 8.501138
89 163 8.763428
89 164 10.619976
89 165 10.170499
89 166 8.434444
89 167 9.996193
89 168 8.934991
89 169 8.604813
89 170 9.842145
89 171 9.421864
89 172 8.484019
89 173 9.490752
89 174 9.735316
89 175 9.710945
89 176 9.990018
89 177 10.841026
89 178 8.715576
89 179 8.346430
89 180 10.211750
89 181 9.314284
89 182 9.819731
89 183 9.290098
89 184 10.531988
89 185 8.955684
89 186 10.848880
89 187 10.858342
89 188 10.538468
89 189 10.482900
89 190 10.953497
89 191 9.093560
89 192 10.990847
89 193 9.338943
89 194 8.975733
89 195 8.651039
89 196 10.271803
89 197 9.702369
89 198 10.027685
89 199 10.226727
89 200 9.707635
90 0 8.518688
90 1 8.765591
90 2 10.772856
90 3 9.737778
90 4 9.796404
90 5 10.656835
90 6 8.438302
90 7 10.120981
90 8 9.412781
90 9 9.260699
90 10 10.927056
90 11 9.383205
90 12 9.428769
90 13 10.365015
90 14 10.674869
90 15 10.994426
90 16 11.082197
90 17 8.391121
90 18 8.491329
90 19 11.102958
90 20 9.022912
90 21 9.637590
90 22 8.968160
90 23 9.568550
90 24 10.705740
90 25 8.698986
90 26 9.534906
90 27 10.133681
90 28 9.180703
90 29 10.076483
90 30 8.394021
90 31 8.600301
90 32 9.492209
90 33 10.989485
90 34 10.307030
90 35 8.590907
90 36 10.816427
90 37 8.348418
90 38 10.554829
90 39 9.665681
90 40 10.087177
90 41 8.729727
90 42 11.049855
90 43 8.746252
90 44 10.038557
90 45 8.627435
90 46 9.136949
90 47 10.905074
90 48 10.673235
90 49 8.713963
90 50 10.651987
90 51 10.879033
90 52 9.396881
90 53 10.061990
90 54 9.456707
90 55 8.624878
90 56 10.080767
90 57 8.704207
90 58 8.518776
90 59 8.855940
90 60 9.735035
90 61 9.562561
90 62 10.219584
90 63 10.013188
90 64 10.963226
90 65 9.192411
90 66 10.196888
90 67 10.436814
90 68 9.379353
90 69 10.257537
90 70 10.876498
90 71 11.004575
90 72 11.056025
90 73 8.917292
90 74 8.493359
90 75 9.235935
90 76 9.485894
90 77 9.823091
90 78 10.770629
90 79 10.876737
90 80 9.982046
90 81 11.040436
90 82 10.705088
90 83 10.922746
90 84 10.108583
90 85 9.318336
90 86 9.836210
90 87 8.703059
90 88 10.045392
90 89 10.904941
90 90 0.000000
90 91 8.437268
90 92 8.386758
90 93 9.950598
90 94 9.083453
90 95 8.653264
90 96 9.282670
90 97 8.643015
90 98 8.641769
90 99 9.467621
90 100 8.926478
90 101 8.397477
90 102 9.367760
90 103 10.948665
90 104 9.462981
90 105 10.686954
90 106 8.914028
90 107 10.861396
90 108 9.092502
90 109 10.420900
90 110 8.946376
90 111 10.724757
90 112 10.949306
90 113 10.121389
90 114 9.189365
90 115 11.053024
90 116 10.706566
90 117 10.187145
90 118 9.662272
90 119 9.669287
90 120 8.576276
90 121 8.593671
90 122 10.679150
90 123 10.443207
90 124 9.884149
90 125 10.362608
90 126 9.981261
90 127 9.477623
90 128 11.064026
90 129 8.481649
90 130 9.838242
90 131 8.712972
90 132 9.129432
90 133 10.823175
90 134 10.832817
90 135 9.615102
90 136 9.513221
90 137 10.841907
90 138 8.859380
90 139 10.266933
90 140 8.783731
90 141 8.905026
90 142 8.997174
90 143 8.844501
90 144 10.850795
90 145 10.172916
90 146 9.804969
90 147 9.711028
90 148 11.062893
90 149 10.237292
90 150 10.050207
90 151 9.251805
90 152 9.444092
90 153 9.473452
90 154 9.070081
90 155 8.334297
90 156 8.486958
90 157 10.132529
90 158 9.212721
90 159 10.878421
90 160 8.624460
90 161 10.016813
90 162 9.620653
90 163 9.578706
90 164 10.496208
90 165 8.556072
90 166 10.375629
90 167 9.044415
90 168 10.291440
90 169 8.579371
90 170 9.017598
90 171 10.434316
90 172 10.151027
90 173 9.162588
90 174 8.466447
90 175 8.754592
90 176 8.713035
90 177 9.479706
90 178 8.607303
90 179 9.042062
90 180 8.547012
90 181 9.890444
90 182 11.107596
90 183 10.654135
90 184 10.361758
90 185 9.116253
90 186 9.421067
90 187 9.697330
90 188 9.434806
90 189 10.433545
90 190 9.231197
90 191 8.879419
90 192 10.241071
90 193 10.588655
90 194 9.000920
90 195 10.744155
90 196 11.048571
90 197 10.759817
90 198 10.662579
90 199 10.207747
90 200 9.140740
91 0 9.613114
91 1 9.300961
91 2 10.652629
91 3 9.293760
91 4 9.713799
91 5 8.972820
91 6 8.676817
91 7 9.022208
91 8 10.506404
91 9 9.549836
91 10 10.296403
91 11 9.105369
91 12 10.088172
91 13 8.470941
91 14 9.462167
91 15 10.748619
91 16 8.989676
91 17 10.383085
91 18 10.619526
91 19 9.094409
91 20 10.397900
91 21 10.583764
91 22 9.253801
91 23 10.062806
91 24 10.315053
91 25 9.341067
91 26 8.915183
91 27 10.686096
91 28 9.066549
91 29 10.471103
91 30 10.362040
91 31 8.426989
91 32 10.056402
91 33 9.397029
91 34 10.237680
91 35 8.370643
91 36 10.269186
91 37 10.948171
91 38 10.904895
91 39 8.630894
91 40 9.202155
91 41 8.931348
91 42 8.420233
91 43 8.920329
91 44 9.496018
91 45 10.335932
91 46 10.105669
91 47 8.727279
91 48 9.479591
91 49 9.078738
91 50 10.697149
91 51 9.202527
91 52 10.251654
91 53 9.436147
91 54 8.844548
91 55 8.485935
91 56 10.353792
91 57 9.801080
91 58 10.835325
91 59 9.067747
91 60 8.675288
91 61 9.033005
91 62 11.043102
91 63 11.109453
91 64 9.972775
91 65 8.893072
91 66 10.737414
91 67 9.912574
91 68 9.968678
91 69 8.991978
91 70 10.699896
91 71 8.555449
91 72 8.687309
91 73 10.476189
91 74 8.826472
91 75 10.811955
91 76 9.231365
91 77 9.893291
91 78 8.400385
91 79 9.931386
91 80 9.546946
91 81 11.092560
91 82 10.253837
91 83 8.553101
91 84 8.809313
91 85 10.010507
91 86 10.268301
91 87 8.651923
91 88 10.699042
91 89 9.350209
91 90 8.437268
91 91 0.000000
91 92 9.871511
91 93 10.711719
91 94 10.941080
91 95 9.720828
91 96 9.389305
91 97 9.505545
91 98 8.883020
91 99 10.590343
91 100 10.887141
91 101 9.140277
91 102 10.095531
91 103 8.460177
91 104 10.522391
91 105 8.672760
91 106 10.910496
91 107 9.403014
91 108 10.415855
91 109 10.507524
91 110 10.514768
91 111 8.405222
91 112 10.487349
91 113 9.946225
91 114 8.825439
91 115 10.771456
91 116 10.751663
91 117 8.396272
91 118 10.924552
91 119 11.015989
91 120 9.438371
91 121 9.511006
91 122 10.420666
91 123 10.522473
91 124 11.075092
91 125 9.821509
91 126 9.310635
91 127 9.166734
91 128 8.895165
91 129 10.701207
91 130 10.680621
91 131 10.730736
91 132 11.091219
91 133 10.149759
91 134 10.238296
91 135 10.221249
91 136 9.352764
91 137 8.760952
91 138 9.375128
91 139 9.301852
91 140 10.511106
91 141 8.572278
91 142 8.697077
91 143 8.394388
91 144 10.444276
91 145 9.835505
91 146 9.242853
91 147 8.592774
91 148 8.370891
91 149 9.596362
91 150 10.930457
91 151 10.330595
91 152 10.901058
91 153 10.318495
91 154 10.560186
91 155 10.361512
91 156 10.060467
91 157 8.870644
91 158 10.273644
91 159 10.574764
91 160 8.872638
91 161 9.232816
91 162 10.107264
91 163 9.322824
91 164 9.526483
91 165 9.262874
91 166 9.225190
91 167 10.748385
91 168 9.769824
91 169 10.813246
91 170 10.544689
91 171 10.413165
91 172 9.442684
91 173 10.806607
91 174 10.079436
91 175 9.166727
91 176 10.172597
91 177 8.719251
91 178 10.761954
91 179 10.578305
91 180 11.110222
91 181 10.028439
91 182 9.789886
91 183 10.750010
91 184 9.698011
91 185 9.070107
91 186 9.217243
91 187 10.899101
91 188 10.954885
91 189 9.549963
91 190 9.507426
91 191 10.473880
91 192 10.491385
91 193 9.058370
91 194 8.734041
91 195 9.973449
91 196 10.279356
91 197 8.696980
91 198 10.214309
91 199 8.391927
91 200 11.098706
92 0 10.150887
92 1 9.344692
92 2 10.743488
92 3 10.346407
92 4 8.342726
92 5 9.389076
92 6 10.276050
92 7 10.296232
92 8 10.866169
92 9 10.746770
92 10 10.809686
92 11 10.011811
92 12 9.055858
92 13 9.690543
92 14 11.048933
92 15 8.706387
92 16 11.017507
92 17 10.290038
92 18 10.783755
92 19 10.627346
92 20 8.978858
92 21 9.708788
92 22 8.470694
92 23 10.404715
92 24 8.578661
92 25 11.036547
92 26 8.403624
92 27 8.789753
92 28 10.027054
92 29 10.939255
92 30 9.054508
92 31 8.392231
92 32 9.686188
92 33 8.667284
92 34 8.799679
92 35 9.680547
92 36 10.922352
92 37 9.806409
92 38 8.420822
92 39 9.777032
92 40 10.298386
92 41 9.146931
92 42 10.112521
92 43 8.881322
92 44 10.617280
92 45 9.351608
92 46 9.602897
92 47 10.970032
92 48 8.808570
92 49 10.341475
92 50 8.494374
92 51 10.386704
92 52 9.377229
92 53 10.603813
92 54 8.665358
92 55 9.317335
92 56 10.195975
92 57 8.815278
92 58 11.068443
92 59 10.659494
92 60 10.824863
92 61 9.911889
92 62 8.551339
92 63 10.912286
92 64 9.260909
92 65 10.120925
92 66 9.948352
92 67 8.349238
92 68 10.829053
92 69 10.797495
92 70 8.543940
92 71 10.370062
92 72 8.984269
92 73 9.553680
92 74 9.903227
92 75 10.031126
92 76 10.466959
92 77 9.014078
92 78 10.650701
92 79 9.359594
92 80 10.482512
92 81 10.732689
92 82 9.805118
92 83 9.579347
92 84 8.872018
92 85 8.468845
92 86 9.401809
92 87 8.974622
92 88 8.873462
92 89 8.578739
92 90 8.386758
92 91 9.871511
92 92 0.000000
92 93 10.020852
92 94 10.453218
92 95 8.485776
92 96 9.152882
92 97 9.951032
92 98 9.701318
92 99 10.567543
92 100 8.861655
92 101 8.670138
92 102 10.144917
92 103 9.878196
92 104 10.882916
92 105 8.728641
92 106 9.992194
92 107 10.678065
92 108 9.685123
92 109 9.660682
92 110 10.997731
92 111 10.354648
92 112 9.475723
92 113 10.337689
92 114 8.490119
92 115 10.414608
92 116 9.833242
92 117 10.205016
92 118 10.993056
92 119 10.313463
92 120 10.967228
92 121 10.905312
92 122 10.501884
92 123 8.676296
92 124 9.264009
92 125 10.263037
92 126 9.649465
92 127 9.185738
92 128 9.126915
92 129 8.804701
92 130 9.742100
92 131 10.434724
92 132 10.725734
92 133 8.851603
92 134 8.431307
92 135 10.814368
92 136 10.989614
92 137 10.863488
92 138 9.445809
92 139 9.590268
92 140 11.060955
92 141 9.342421
92 142 9.870075
92 143 8.732807
92 144 10.714898
92 145 9.468188
92 146 8.878125
92 147 10.797085
92 148 10.114423
92 149 9.928628
92 150 11.071151
92 151 9.114343
92 152 10.726949
92 153 9.763607
92 154 8.970483
92 155 10.874929
92 156 11.088313
92 157 8.626962
92 158 10.110347
92 159 10.297384
92 160 8.386744
92 161 9.824738
92 162 9.583546
92 163 8.780202
92 164 8.867429
92 165 8.714707
92 166 9.599937
92 167 8.817967
92 168 8.434383
92 169 8.360410
92 170 11.073121
92 171 10.238094
92 172 9.356586
92 173 8.994950
92 174 8.420903
92 175 9.857381
92 176 9.023376
92 177 10.731487
92 178 10.698664
92 179 10.436129
92 180 10.413691
92 181 9.650295
92 182 10.880996
92 183 10.655084
92 184 8.487459
92 185 10.956455
92 186 9.279677
92 187 10.320032
92 188 9.221077
92 189 8.436948
92 190 10.906474
92 191 8.941709
92 192 9.037455
92 193 9.193383
92 194 10.969588
92 195 9.218475
92 196 9.329857
92 197 10.585493
92 198 10.109522
92 199 8.989226
92 200 10.135917
93 0 9.502195
93 1 10.067935
93 2 10.357885
93 3 9.605005
93 4 8.470393
93 5 10.722456
93 6 9.602657
93 7 11.066721
93 8 9.642417
93 9 10.426329
93 10 9.237384
93 11 10.323630
93 12 8.466967
93 13 9.290096
93 14 9.776967
93 15 8.777711
93 16 8.394527
93 17 8.473865
93 18 9.559699
93 19 10.679502
93 20 10.521096
93 21 10.158562
93 22 8.724133
93 23 9.008739
93 24 9.243098
93 25 8.732822
93 26 8.354992
93 27 8.952908
93 28 10.871192
93 29 9.994792
93 30 10.991731
93 31 9.319401
93 32 9.975293
93 33 11.041555
93 34 8.408602
93 35 9.448516
93 36 9.820974
93 37 9.432441
93 38 8.767060
93 39 10.607572
93 40 9.421728
93 41 10.054160
93 42 10.018526
93 43 8.365583
93 44 9.072108
93 45 8.446920
93 46 9.480354
93 47 8.403463
93 48 9.071838
93 49 9.996907
93 50 10.780127
93 51 11.061227
93 52 11.031323
93 53 9.086747
93 54 10.820088
93 55 10.842969
93 56 9.853760
93 57 9.881567
93 58 10.561826
93 59 8.882081
93 60 9.729034
93 61 9.547639
93 62 9.029181
93 63 9.911057
93 64 8.869178
93 65 9.123263
93 66 8.939140
93 67 11.014071
93 68 8.594630
93 69 9.498059
93 70 10.637353
93 71 10.500441
93 72 10.092473
93 73 10.499542
93 74 8.920812
93 75 9.144921
93 76 10.074446
93 77 11.034742
93 78 9.864257
93 79 9.193957
93 80 10.328599
93 81 8.352049
93 82 10.494237
93 83 8.789971
93 84 8.764876
93 85 8.935905
93 86 10.263618
93 87 10.924063
93 88 9.495973
93 89 10.998456
93 90 9.950598
93 91 10.711719
93 92 10.020852
93 93 0.000000
93 94 9.690595
93 95 10.590607
93 96 10.992513
93 97 10.126691
93 98 8.519772
93 99 10.314979
93 100 9.120900
93 101 10.843106
93 102 8.581085
93 103 8.776149
93 104 9.064724
93 105 10.614419
93 106 10.979672
93 107 10.900707
93 108 10.158902
93 109 8.374848
93 110 9.179534
93 111 8.791470
93 112 9.530032
93 113 9.010876
93 114 11.040129
93 115 8.648727
93 116 10.185675
93 117 8.394403
93 118 9.777488
93 119 9.072122
93 120 10.050461
93 121 11.044461
93 122 9.810550
93 123 10.091193
93 124 10.902382
93 125 8.719699
93 126 9.562734
93 127 9.842817
93 128 9.060661
93 129 9.495769
93 130 8.955417
93 131 10.146185
93 132 10.774858
93 133 8.931204
93 134 8.622440
93 135 8.457978
93 136 10.623952
93 137 9.725731
93 138 10.958052
93 139 9.064144
93 140 10.121251
93 141 8.493814
93 142 10.775494
93 143 8.517027
93 144 9.297365
93 145 10.450051
93 146 10.505140
93 147 9.116150
93 148 8.517190
93 149 9.357756
93 150 10.398438
93 151 8.587629
93 152 9.946855
93 153 10.257239
93 154 8.892685
93 155 9.268842
93 156 9.625907
93 157 9.355558
93 158 10.140530
93 159 9.228722
93 160 9.367831
93 161 9.161052
93 162 10.665400
93 163 8.620038
93 164 10.155324
93 165 8.929310
93 166 8.941058
93 167 10.042296
93 168 10.646771
93 169 8.403321
93 170 9.303938
93 171 10.782823
93 172 10.730088
93 173 9.249440
93 174 9.789719
93 175 9.787420
93 176 8.974925
93 177 9.151579
93 178 9.769649
93 179 10.843997
93 180 8.915696
93 181 10.565969
93 182 9.355298
93 183 9.233510
93 184 8.634762
93 185 10.221614
93 186 8.762889
93 187 10.242061
93 188 10.769377
93 189 10.799262
93 190 10.894953
93 191 8.920823
93 192 10.921425
93 193 10.313217
93 194 9.211555
93 195 10.428368
93 196 9.357917
93 197 9.822993
93 198 9.547301
93 199 8.569482
93 200 9.802557
94 0 9.938513
94 1 8.805665
94 2 10.778527
94 3 10.105193
94 4 10.298735
94 5 8.476145
94 6 8.476531
94 7 8.359483
94 8 10.571923
94 9 10.749842
94 10 10.546556
94 11 9.620904
94 12 9.526880
94 13 10.693569
94 14 9.192610
94 15 9.043681
94 16 9.571797
94 17 10.534490
94 18 10.502268
94 19 9.200727
94 20 9.316142
94 21 10.502483
94 22 10.831408
94 23 9.528188
94 24 10.394370
94 25 8.534430
94 26 9.818280
94 27 8.379264
94 28 10.531849
94 29 10.042666
94 30 9.869348
94 31 9.542617
94 32 9.421272
94 33 9.061379
94 34 10.585267
94 35 10.500968
94 36 9.491194
94 37 8.819952
94 38 10.835867
94 39 9.914942
94 40 10.498108
94 41 9.047696
94 42 9.749206
94 43 9.819638
94 44 8.816884
94 45 10.097962
94 46 10.800525
94 47 9.961765
94 48 9.681592
94 49 8.522404
94 50 9.916886
94 51 9.367577
94 52 9.846992
94 53 9.651144
94 54 9.629679
94 55 10.577654
94 56 10.134113
94 57 9.075406
94 58 10.170654
94 59 8.881466
94 60 9.616353
94 61 9.489532
94 62 8.507959
94 63 10.993319
94 64 10.742265
94 65 9.654565
94 66 11.064697
94 67 10.712498
94 68 9.911830
94 69 9.408985
94 70 9.228930
94 71 8.865335
94 72 10.144239
94 73 9.299986
94 74 9.387522
94 75 10.846702
94 76 10.568184
94 77 8.592695
94 78 10.947612
94 79 10.737873
94 80 9.987523
94 81 10.948776
94 82 10.322355
94 83 10.580304
94 84 9.418172
94 85 10.466246
94 86 9.451015
94 87 8.463384
94 88 9.813459
94 89 9.242124
94 90 9.083453
94 91 10.941080
94 92 10.453218
94 93 9.690595
94 94 0.000000
94 95 10.204203
94 96 10.455329
94 97 10.785067
94 98 10.968473
94 99 9.588364
94 100 10.318172
94 101 10.777835
94 102 10.629967
94 103 8.702651
94 104 9.575228
94 105 10.053632
94 106 8.888810
94 107 10.808976
94 108 9.438179
94 109 10.807642
94 110 10.866285
94 111 10.726147
94 112 8.914622
94 113 10.305814
94 114 9.101003
94 115 10.918991
94 116 10.793881
94 117 9.594001
94 118 9.804878
94 119 10.849903
94 120 9.466955
94 121 9.520662
94 122 9.917822
94 123 8.431510
94 124 10.667205
94 125 9.498240
94 126 8.862151
94 127 8.947970
94 128 9.788281
94 129 9.084815
94 130 8.777962
94 131 10.064904
94 132 8.653267
94 133 10.585441
94 134 10.502798
94 135 10.092147
94 136 10.405267
94 137 9.047391
94 138 9.975449
94 139 9.179113
94 140 9.328006
94 141 9.140830
94 142 10.927800
94 143 9.035671
94 144 11.080388
94 145 8.617179
94 146 9.430634
94 147 8.673221
94 148 10.791962
94 149 10.938837
94 150 8.817787
94 151 10.370408
94 152 8.909414
94 153 10.032545
94 154 8.487185
94 155 9.492645
94 156 9.009990
94 157 9.692409
94 158 10.667926
94 159 9.401258
94 160 10.170922
94 161 11.042693
94 162 10.547982
94 163 8.338787
94 164 9.361709
94 165 10.092632
94 166 10.845575
94 167 9.798667
94 168 9.420224
94 169 8.723965
94 170 8.405406
94 171 10.276330
94 172 8.896178
94 173 9.252988
94 174 10.960731
94 175 9.264560
94 176 9.503471
94 177 10.126753
94 178 10.939510
94 179 9.917811
94 180 9.187171
94 181 9.805645
94 182 8.741135
94 183 10.297802
94 184 9.884630
94 185 10.792984
94 186 9.229444
94 187 10.751720
94 188 9.003491
94 189 9.414623
94 190 9.731425
94 191 8.777163
94 192 8.478305
94 193 9.539581
94 194 10.336541
94 195 8.888819
94 196 8.919372
94 197 9.625566
94 198 8.425149
94 199 8.436706
94 200 9.342386
95 0 9.280607
95 1 9.511740
95 2 9.238228
95 3 9.438196
95 4 9.066136
95 5 9.692205
95 6 8.892015
95 7 9.565044
95 8 8.416827
95 9 9.698865
95 10 9.886327
95 11 9.534124
95 12 9.039130
95 13 9.678439
95 14 9.396067
95 15 9.504530
95 16 9.998094
95 17 9.249000
95 18 8.786248
95 19 10.918129
95 20 9.757077
95 21 8.341823
95 22 10.379171
95 23 9.463948
95 24 10.167543
95 25 8.636790
95 26 8.875610
95 27 8.922816
95 28 10.047075
95 29 10.077050
95 30 10.906514
95 31 10.625120
95 32 10.965249
95 33 9.079360
95 34 8.623723
95 35 11.067300
95 36 10.583913
95 37 9.528207
95 38 10.596342
95 39 8.403684
95 40 9.024709
95 41 10.635106
95 42 10.822338
95 43 10.603848
95 44 9.675050
95 45 9.958643
95 46 10.358321
95 47 8.955361
95 48 8.608545
95 49 10.873171
95 50 10.987848
95 51 9.967694
95 52 10.233700
95 53 9.716190
95 54 8.678853
95 55 8.774545
95 56 9.313386
95 57 8.626289
95 58 8.451028
95 59 9.755492
95 60 9.462182
95 61 10.981840
95 62 9.973024
95 63 9.219092
95 64 8.998002
95 65 9.495226
95 66 10.291339
95 67 9.173977
95 68 10.000621
95 69 8.714308
95 70 9.371733
95 71 8.434879
95 72 10.414102
95 73 10.734927
95 74 8.915639
95 75 9.868786
95 76 8.531499
95 77 10.051892
95 78 9.169322
95 79 9.115738
95 80 10.184546
95 81 9.058856
95 82 8.452628
95 83 9.178176
95 84 9.332720
95 85 10.542536
95 86 9.469729
95 87 10.016066
95 88 9.492820
95 89 9.231511
95 90 8.653264
95 91 9.720828
95 92 8.485776
95 93 10.590607
95 94 10.204203
95 95 0.000000
95 96 10.172765
95 97 10.986088
95 98 10.824660
95 99 8.591320
95 100 8.457373
95 101 10.011615
95 102 10.522358
95 103 8.680545
95 104 9.713319
95 105 10.200088
95 106 9.430842
95 107 9.166886
95 108 9.799715
95 109 10.948055
95 110 10.801597
95 111 9.746043
95 112 9.014659
95 113 10.663381
95 114 9.037632
95 115 8.869227
95 116 9.997414
95 117 10.008679
95 118 10.316720
95 119 9.886942
95 120 8.743358
95 121 10.754148
95 122 10.734223
95 123 11.018905
95 124 9.685981
95 125 9.628246
95 126 9.668616
95 127 8.738083
95 128 9.221854
95 129 10.388011
95 130 10.362182
95 131 10.298726
95 132 9.595678
95 133 11.031818
95 134 8.682258
95 135 10.286994
95 136 10.297674
95 137 9.855560
95 138 8.866805
95 139 9.388596
95 140 10.796768
95 141 8.844989
95 142 8.906092
95 143 10.709105
95 144 9.068750
95 145 10.823334
95 146 9.567818
95 147 10.790831
95 148 11.092593
95 149 9.458745
95 150 8.844065
95 151 9.833209
95 152 10.545403
95 153 9.599540
95 154 10.791547
95 155 10.817526
95 156 9.137301
95 157 8.791080
95 158 8.728309
95 159 8.474373
95 160 10.642410
95 161 10.218547
95 162 9.519060
95 163 10.431840
95 164 8.901979
95 165 10.915329
95 166 9.941551
95 167 8.437774
95 168 11.054875
95 169 10.680561
95 170 9.491552
95 171 9.540919
95 172 10.140033
95 173 10.638602
95 174 8.709881
95 175 9.343283
95 176 10.048568
95 177 10.808724
95 178 8.731728
95 179 9.923169
95 180 9.085735
95 181 8.844637
95 182 9.457967
95 183 9.925424
95 184 10.018802
95 185 10.163978
95 186 9.597881
95 187 9.995621
95 188 10.174882
95 189 10.782793
95 190 10.704542
95 191 9.457214
95 192 9.247837
95 193 11.035977
95 194 9.108942
95 195 9.215425
95 196 9.411933
95 197 8.444280
95 198 9.671509
95 199 8.800079
95 200 10.743013
96 0 8.603073
96 1 9.795181
96 2 8.345700
96 3 8.965865
96 4 10.972376
96 5 11.063336
96 6 8.388667
96 7 8.966367
96 8 9.579325
96 9 10.250474
96 10 8.473561
96 11 8.839273
96 12 8.587838
96 13 8.783664
96 14 10.461959
96 15 8.571479
96 16 8.471432
96 17 10.629756
96 18 11.034192
96 19 8.486997
96 20 10.232049
96 21 10.120875
96 22 10.294281
96 23 10.891548
96 24 8.698149
96 25 11.015539
96 26 8.839694
96 27 9.581761
96 28 10.427190
96 29 8.729735
96 30 8.529083
96 31 8.825258
96 32 9.112536
96 33 8.799153
96 34 8.829525
96 35 9.816761
96 36 8.606136
96 37 9.110152
96 38 10.172015
96 39 8.863842
96 40 9.875761
96 41 10.068324
96 42 8.850446
96 43 11.016310
96 44 8.572793
96 45 10.177318
96 46 10.438866
96 47 11.053588
96 48 10.379322
96 49 9.281147
96 50 10.551237
96 51 11.094472
96 52 9.991623
96 53 9.270513
96 54 9.473351
96 55 10.746258
96 56 9.049484
96 57 9.137377
96 58 8.407098
96 59 10.952193
96 60 10.127336
96 61 10.071054
96 62 10.463414
96 63 8.498964
96 64 9.054688
96 65 11.100737
96 66 10.607156
96 67 10.835462
96 68 8.623012
96 69 11.099721
96 70 9.063751
96 71 8.725200
96 72 9.310453
96 73 8.891895
96 74 9.950876
96 75 10.428375
96 76 9.168674
96 77 8.392043
96 78 10.763918
96 79 10.618132
96 80 8.723197
96 81 10.429086
96 82 9.438528
96 83 9.597517
96 84 10.809304
96 85 8.962530
96 86 9.970950
96 87 9.175606
96 88 9.415435
96 89 10.418045
96 90 9.282670
96 91 9.389305
96 92 9.152882
96 93 10.992513
96 94 10.455329
96 95 10.172765
96 96 0.000000
96 97 8.673709
96 98 10.672959
96 99 10.077900
96 100 11.046892
96 101 10.038810
96 102 10.708671
96 103 10.016231
96 104 8.892257
96 105 9.023740
96 106 10.203694
96 107 10.140304
96 108 9.640624
96 109 8.344761
96 110 10.409996
96 111 8.536420
96 112 9.727674
96 113 8.612306
96 114 10.660586
96 115 9.726981
96 116 8.706834
96 117 8.663571
96 118 9.714867
96 119 8.890608
96 120 9.552415
96 121 10.617349
96 122 10.580797
96 123 10.068688
96 124 9.361899
96 125 10.158901
96 126 11.000448
96 127 10.714606
96 128 10.537283
96 129 9.958727
96 130 9.999195
96 131 10.627225
96 132 9.681667
96 133 9.191930
96 134 9.399631
96 135 10.313256
96 136 8.748820
96 137 9.044295
96 138 11.069568
96 139 10.462722
96 140 10.196859
96 141 8.591764
96 142 10.628169
96 143 10.168097
96 144 10.749296
96 145 10.916657
96 146 9.592677
96 147 9.556329
96 148 9.846947
96 149 8.970654
96 150 9.552931
96 151 8.742140
96 152 8.749756
96 153 10.359430
96 154 9.775055
96 155 10.192013
96 156 8.851245
96 157 8.975889
96 158 9.325421
96 159 9.745155
96 160 10.703573
96 161 9.374003
96 162 10.013930
96 163 8.337602
96 164 10.497828
96 165 10.628051
96 166 10.890127
96 167 10.534051
96 168 9.661437
96 169 8.638532
96 170 9.695390
96 171 9.041024
96 172 10.636722
96 173 9.563703
96 174 10.665736
96 175 10.981281
96 176 8.617333
96 177 9.566142
96 178 10.454518
96 179 10.761370
96 180 9.551856
96 181 9.017677
96 182 10.888822
96 183 9.242247
96 184 10.675702
96 185 10.221165
96 186 9.256553
96 187 10.972532
96 188 10.633238
96 189 8.723763
96 190 9.462433
96 191 8.775932
96 192 10.164619
96 193 9.792393
96 194 10.231227
96 195 9.559678
96 196 9.783556
96 197 10.936635
96 198 10.197667
96 199 11.033660
96 200 10.587762
97 0 10.889014
97 1 9.077801
97 2 8.742930
97 3 10.004230
97 4 10.430208
97 5 10.584444
97 6 10.878604
97 7 9.763319
97 8 8.680733
97 9 9.387047
97 10 9.860043
97 11 9.903414
97 12 9.781483
97 13 9.219467
97 14 10.158045
97 15 11.001364
97 16 10.337768
97 17 9.979836
97 18 10.559720
97 19 9.078303
97 20 8.745860
97 21 8.421463
97 22 9.422119
97 23 9.062192
97 24 9.402788
97 25 8.421227
97 26 10.444038
97 27 10.804710
97 28 10.568579
97 29 9.435353
97 30 10.110027
97 31 8.607116
97 32 10.031373
97 33 9.310970
97 34 10.349367
97 35 10.286523
97 36 10.510243
97 37 8.568726
97 38 8.345703
97 39 10.973965
97 40 10.747052
97 41 10.356319
97 42 8.769837
97 43 11.086229
97 44 8.631255
97 45 10.518830
97 46 9.128345
97 47 10.397367
97 48 8.595703
97 49 10.243225
97 50 10.959395
97 51 9.937922
97 52 8.467638
97 53 9.747587
97 54 8.782796
97 55 9.218087
97 56 8.939775
97 57 10.076332
97 58 8.765428
97 59 9.245969
97 60 8.977758
97 61 8.833233
97 62 10.487767
97 63 11.042008
97 64 10.661350
97 65 10.121802
97 66 9.294162
97 67 8.959086
97 68 8.378604
97 69 10.065953
97 70 10.736575
97 71 9.671055
97 72 10.060309
97 73 11.106538
97 74 8.782149
97 75 10.297797
97 76 8.363985
97 77 9.533483
97 78 8.842643
97 79 10.994208
97 80 10.349752
97 81 8.387889
97 82 11.105267
97 83 10.156557
97 84 8.481315
97 85 9.338798
97 86 10.402049
97 87 9.275033
97 88 8.916925
97 89 10.330493
97 90 8.643015
97 91 9.505545
97 92 9.951032
97 93 10.126691
97 94 10.785067
97 95 10.986088
97 96 8.673709
97 97 0.000000
97 98 10.993859
97 99 9.549028
97 100 8.999333
97 101 10.310765
97 102 9.305005
97 103 8.351784
97 104 10.240339
97 105 10.459089
97 106 10.190705
97 107 11.041723
97 108 8.483514
97 109 9.879646
97 110 9.299453
97 111 9.305438
97 112 9.745638
97 113 11.031191
97 114 10.130258
97 115 10.582065
97 116 8.967104
97 117 10.638700
97 118 9.211747
97 119 10.865265
97 120 8.905943
97 121 10.500106
97 122 10.198186
97 123 9.560307
97 124 9.579421
97 125 10.509847
97 126 9.793459
97 127 8.344489
97 128 9.026590
97 129 10.204240
97 130 9.525363
97 131 10.693732
97 132 9.565047
97 133 11.079072
97 134 10.230659
97 135 8.931219
97 136 9.185337
97 137 8.482359
97 138 8.628194
97 139 9.947628
97 140 8.868794
97 141 11.024448
97 142 9.665178
97 143 10.386705
97 144 10.419463
97 145 10.153417
97 146 9.271945
97 147 10.572313
97 148 8.784967
97 149 11.095082
97 150 10.722414
97 151 10.751092
97 152 10.205526
97 153 10.255454
97 154 10.722084
97 155 8.882101
97 156 8.920572
97 157 10.980709
97 158 9.443379
97 159 10.552057
97 160 9.370097
97 161 11.016367
97 162 9.470652
97 163 8.854112
97 164 9.576311
97 165 9.439460
97 166 10.659820
97 167 8.652898
97 168 10.209815
97 169 10.610866
97 170 10.405401
97 171 8.603220
97 172 10.633502
97 173 10.041828
97 174 10.104221
97 175 10.865253
97 176 8.999995
97 177 8.500997
97 178 8.580250
97 179 9.048323
97 180 9.850932
97 181 10.125386
97 182 11.053278
97 183 10.074044
97 184 9.486439
97 185 9.675240
97 186 9.423754
97 187 9.637708
97 188 8.756613
97 189 9.670773
97 190 8.465950
97 191 9.546470
97 192 9.838383
97 193 10.153054
97 194 10.249326
97 195 8.653083
97 196 8.690007
97 197 9.615586
97 198 9.806829
97 199 9.759982
97 200 10.340886
98 0 10.556934
98 1 10.275069
98 2 9.270873
98 3 8.658986
98 4 8.951751
98 5 8.882935
98 6 11.033184
98 7 9.570061
98 8 11.060697
98 9 8.566222
98 10 8.514956
98 11 10.851356
98 12 10.446135
98 13 11.089083
98 14 8.444928
98 15 9.432618
98 16 9.077257
98 17 9.967744
98 18 10.013750
98 19 10.853392
98 20 9.049719
98 21 9.835935
98 22 10.841442
98 23 10.974795
98 24 8.435233
98 25 9.562726
98 26 8.337677
98 27 10.580859
98 28 10.599268
98 29 10.965593
98 30 10.391876
98 31 9.254829
98 32 8.593548
98 33 8.498639
98 34 8.869178
98 35 9.863330
98 36 8.932552
98 37 10.610498
98 38 8.506732
98 39 10.382355
98 40 9.249367
98 41 10.513574
98 42 10.650677
98 43 9.096921
98 44 10.968570
98 45 9.943846
98 46 10.297845
98 47 8.498108
98 48 9.544031
98 49 8.495378
98 50 8.517027
98 51 10.147183
98 52 9.605294
98 53 9.399571
98 54 9.731158
98 55 8.545251
98 56 8.580040
98 57 10.731729
98 58 10.014436
98 59 8.427541
98 60 9.659868
98 61 10.988036
98 62 9.176816
98 63 9.338986
98 64 10.868921
98 65 10.399660
98 66 9.021193
98 67 9.161638
98 68 9.948818
98 69 10.919682
98 70 10.042014
98 71 9.679962
98 72 11.091923
98 73 9.827390
98 74 8.632649
98 75 9.467145
98 76 10.739899
98 77 9.170429
98 78 10.016737
98 79 10.576243
98 80 9.924565
98 81 8.566587
98 82 8.881540
98 83 9.412020
98 84 9.390734
98 85 10.356246
98 86 10.145412
98 87 8.906134
98 88 9.732038
98 89 8.393642
98 90 8.641769
98 91 8.883020
98 92 9.701318
98 93 8.519772
98 94 10.968473
98 95 10.824660
98 96 10.672959
98 97 10.993859
98 98 0.000000
98 99 10.841286
98 100 9.969064
98 101 10.040253
98 102 8.539346
98 103 10.738908
98 104 9.236068
98 105 9.288235
98 106 8.667371
98 107 9.550908
98 108 10.688121
98 109 9.950473
98 110 9.443476
98 111 9.853321
98 112 9.914184
98 113 10.414917
98 114 10.110233
98 115 8.621669
98 116 9.326198
98 117 10.287247
98 118 10.163211
98 119 10.172811
98 120 9.345325
98 121 10.386897
98 122 9.737052
98 123 9.436864
98 124 9.408221
98 125 8.848153
98 126 8.410964
98 127 10.840486
98 128 10.562502
98 129 8.408192
98 130 11.021549
98 131 9.081588
98 132 9.363336
98 133 10.963287
98 134 9.770389
98 135 9.480236
98 136 8.597318
98 137 8.564480
98 138 10.682538
98 139 8.555953
98 140 10.079791
98 141 8.774620
98 142 9.429534
98 143 8.986527
98 144 10.044673
98 145 10.436340
98 146 8.806287
98 147 10.108122
98 148 8.422731
98 149 9.983347
98 150 9.710319
98 151 8.626138
98 152 10.900720
98 153 10.090045
98 154 10.309086
98 155 8.558042
98 156 10.934916
98 157 9.383178
98 158 8.936457
98 159 10.232637
98 160 9.644934
98 161 9.598291
98 162 8.635492
98 163 9.266230
98 164 8.736544
98 165 10.661716
98 166 10.984925
98 167 10.932710
98 168 8.486392
98 169 8.572147
98 170 10.176047
98 171 10.709335
98 172 10.893612
98 173 9.267896
98 174 9.421704
98 175 9.951062
98 176 9.319205
98 177 9.750154
98 178 9.281337
98 179 8.709789
98 180 10.674072
98 181 9.326201
98 182 8.475138
98 183 10.832827
98 184 11.069468
98 185 8.733808
98 186 10.340903
98 187 10.824768
98 188 10.506066
98 189 10.564942
98 190 10.165836
98 191 10.152557
98 192 8.399575
98 193 8.486154
98 194 10.154120
98 195 8.887393
98 196 9.448374
98 197 9.774421
98 198 10.505695
98 199 10.823317
98 200 10.313241
99 0 9.195714
99 1 9.645847
99 2 10.981700
99 3 9.327491
99 4 10.677731
99 5 10.912308
99 6 9.684469
99 7 10.246166
99 8 9.949021
99 9 10.642281
99 10 9.811019
99 11 8.572889
99 12 10.501389
99 13 10.521784
99 14 10.890557
99 15 9.885089
99 16 10.071590
99 17 10.153971
99 18 9.435339
99 19 9.165073
99 20 8.360102
99 21 9.285504
99 22 9.653571
99 23 11.011342
99 24 9.128498
99 25 11.044289
99 26 10.546327
99 27 10.123624
99 28 9.833803
99 29 10.206739
99 30 10.652784
99 31 10.176482
99 32 10.186897
99 33 9.793280
99 34 10.118814
99 35 9.727723
99 36 9.952394
99 37 9.244431
99 38 9.147263
99 39 9.823344
99 40 10.284020
99 41 8.796375
99 42 8.923148
99 43 8.854716
99 44 9.488938
99 45 8.808240
99 46 9.145280
99 47 8.835291
99 48 10.595864
99 49 11.040221
99 50 10.274078
99 51 9.409157
99 52 10.264320
99 53 10.104315
99 54 9.589288
99 55 9.861774
99 56 9.209196
99 57 10.138739
99 58 9.021821
99 59 10.065438
99 60 8.870383
99 61 8.450458
99 62 11.089057
99 63 9.379663
99 64 8.830806
99 65 8.361010
99 66 10.732922
99 67 9.765115
99 68 10.677351
99 69 9.216469
99 70 8.851573
99 71 9.803589
99 72 9.154358
99 73 9.594056
99 74 9.919043
99 75 9.427615
99 76 10.825835
99 77 8.895765
99 78 9.554860
99 79 9.732266
99 80 8.673033
99 81 9.268806
99 82 10.824395
99 83 10.577214
99 84 8.605512
99 85 9.303312
99 86 9.640710
99 87 8.606854
99 88 9.181876
99 89 8.619408
99 90 9.467621
99 91 10.590343
99 92 10.567543
99 93 10.314979
99 94 9.588364
99 95 8.591320
99 96 10.077900
99 97 9.549028
99 98 10.841286
99 99 0.000000
99 100 10.814301
99 101 10.439208
99 102 10.296268
99 103 10.171237
99 104 10.965438
99 105 10.283038
99 106 10.510447
99 107 10.932974
99 108 10.858619
99 109 9.258031
99 110 10.329473
99 111 9.255445
99 112 10.346713
99 113 10.161377
99 114 10.123632
99 115 9.670492
99 116 9.101156
99 117 9.593991
99 118 11.076869
99 119 10.562566
99 120 9.902506
99 121 10.376913
99 122 9.100900
99 123 9.992654
99 124 9.713251
99 125 9.066665
99 126 8.875970
99 127 9.666058
99 128 10.167096
99 129 8.739487
99 130 10.691211
99 131 8.843251
99 132 10.704555
99 133 8.457577
99 134 10.146198
99 135 9.932485
99 136 9.096142
99 137 8.663965
99 138 9.884743
99 139 9.202853
99 140 10.357048
99 141 8.909631
99 142 10.903766
99 143 11.042322
99 144 8.824272
99 145 10.533522
99 146 8.960048
99 147 9.937105
99 148 10.903658
99 149 10.299796
99 150 10.604672
99 151 9.543989
99 152 9.532285
99 153 10.999140
99 154 8.952699
99 155 10.431542
99 156 9.611561
99 157 9.198188
99 158 9.231869
99 159 8.703348
99 160 8.916480
99 161 10.645906
99 162 9.428668
99 163 9.841871
99 164 10.783067
99 165 10.522134
99 166 9.698776
99 167 10.454173
99 168 9.080761
99 169 10.163433
99 170 9.684744
99 171 8.699712
99 172 9.896645
99 173 9.737601
99 174 10.900991
99 175 8.744291
99 176 10.589009
99 177 9.866274
99 178 9.911266
99 179 9.272036
99 180 9.144807
99 181 10.003484
99 182 8.890934
99 183 9.978261
99 184 10.964222
99 185 10.752504
99 186 9.912596
99 187 8.746713
99 188 10.851028
99 189 9.095423
99 190 10.711776
99 191 9.919617
99 192 10.411320
99 193 10.266553
99 194 10.463753
99 195 8.746839
99 196 9.136670
99 197 9.325968
99 198 10.308067
99 199 8.573098
99 200 8.940259
100 0 10.440554
100 1 9.236649
100 2 10.784156
100 3 10.877150
100 4 10.495322
100 5 9.470959
100 6 9.557415
100 7 9.831610
100 8 8.807238
100 9 9.075490
100 10 10.327324
100 11 10.334098
100 12 9.805487
100 13 10.011338
100 14 8.462738
100 15 9.999688
100 16 10.488666
100 17 8.409634
100 18 9.479598
100 19 9.018513
100 20 8.361327
100 21 8.980344
100 22 9.435337
100 23 9.311316
100 24 8.814073
100 25 9.152729
100 26 10.168545
100 27 10.978638
100 28 9.339899
100 29 11.084373
100 30 10.278819
100 31 9.514782
100 32 9.825316
100 33 9.575346
100 34 8.871687
100 35 8.510263
100 36 8.426966
100 37 10.302539
100 38 10.961730
100 39 8.801489
100 40 8.662856
100 41 9.438616
100 42 9.401072
100 43 9.978557
100 44 10.454553
100 45 8.547616
100 46 9.530775
100 47 9.427365
100 48 9.412387
100 49 8.579916
100 50 10.133771
100 51 9.448558
100 52 9.766591
100 53 9.737613
100 54 10.505626
100 55 9.502378
100 56 9.476018
100 57 10.342151
100 58 10.344631
100 59 8.405939
100 60 10.018100
100 61 9.900678
100 62 10.207980
100 63 8.520701
100 64 10.073946
100 65 10.481441
100 66 9.612298
100 67 11.060961
100 68 9.015146
100 69 8.910215
100 70 10.531639
100 71 10.221776
100 72 10.328258
100 73 10.184755
100 74 11.063913
100 75 8.906609
100 76 10.014008
100 77 9.670896
100 78 10.793326
100 79 8.428434
100 80 8.819297
100 81 10.423025
100 82 10.365527
100 83 9.556909
100 84 10.530401
100 85 9.710045
100 86 8.861689
100 87 9.917673
100 88 10.757922
100 89 8.713241
100 90 8.926478
100 91 10.887141
100 92 8.861655
100 93 9.120900
100 94 10.318172
100 95 8.457373
100 96 11.046892
100 97 8.999333
100 98 9.969064
100 99 10.814301
100 100 0.000000
100 101 10.333426
100 102 10.853354
100 103 9.241833
100 104 10.629097
100 105 9.136429
100 106 9.808951
100 107 10.559569
100 108 10.649143
100 109 10.235520
100 110 11.102351
100 111 10.736900
100 112 10.676343
100 113 10.139449
100 114 8.861796
100 115 8.554439
100 116 8.807323
100 117 9.997162
100 118 9.562466
100 119 9.746685
100 120 9.867576
100 121 11.052716
100 122 10.645499
100 123 8.583202
100 124 10.913094
100 125 8.916111
100 126 10.209113
100 127 8.374120
100 128 8.924916
100 129 9.816358
100 130 10.544821
100 131 10.594795
100 132 10.838501
100 133 10.796076
100 134 11.040571
100 135 9.527261
100 136 9.413503
100 137 8.960916
100 138 9.340895
100 139 9.736782
100 140 10.018664
100 141 9.634076
100 142 10.738014
100 143 10.533569
100 144 10.569260
100 145 9.365398
100 146 10.184791
100 147 10.816642
100 148 10.283259
100 149 8.612541
100 150 11.014974
100 151 11.020035
100 152 10.093160
100 153 8.853682
100 154 10.433555
100 155 8.680707
100 156 10.965673
100 157 10.666367
100 158 8.847407
100 159 9.394190
100 160 8.547423
100 161 8.861475
100 162 9.625618
100 163 9.833911
100 164 10.165812
100 165 9.733657
100 166 10.816372
100 167 10.917636
100 168 10.722676
100 169 8.424124
100 170 8.367264
100 171 8.915405
100 172 10.074831
100 173 8.559392
100 174 10.396729
100 175 8.558146
100 176 8.663338
100 177 10.171898
100 178 9.199092
100 179 9.205250
100 180 10.238412
100 181 10.199052
100 182 10.270147
100 183 10.152560
100 184 9.024541
100 185 10.853613
100 186 8.580569
100 187 8.794418
100 188 10.105633
100 189 9.870870
100 190 9.484738
100 191 8.380024
100 192 8.601733
100 193 9.624316
100 194 9.661025
100 195 9.443044
100 196 10.096358
100 197 8.790833
100 198 10.479743
100 199 10.871576
100 200 9.407036
101 0 10.032338
101 1 9.690253
101 2 8.887805
101 3 10.041536
101 4 10.802235
101 5 11.069861
101 6 8.577586
101 7 9.739313
101 8 10.736179
101 9 10.007458
101 10 8.557747
101 11 9.772861
101 12 8.384244
101 13 9.653399
101 14 10.331034
101 15 9.386720
101 16 9.831929
101 17 8.916849
101 18 8.771355
101 19 9.736636
101 20 9.423369
101 21 10.670548
101 22 9.586157
101 23 9.918290
101 24 8.820526
101 25 8.831131
101 26 9.574665
101 27 10.791764
101 28 10.932948
101 29 10.538486
101 30 9.436359
101 31 10.214688
101 32 9.650542
101 33 9.101234
101 34 9.732940
101 35 8.940261
101 36 9.567105
101 37 8.958485
101 38 9.096425
101 39 9.692255
101 40 9.773589
101 41 9.010169
101 42 10.481910
101 43 8.889585
101 44 9.586409
101 45 9.701187
101 46 9.180824
101 47 9.249781
101 48 9.740826
101 49 9.439876
101 50 10.958330
101 51 9.282249
101 52 9.756123
101 53 8.630995
101 54 8.765786
101 55 10.586173
101 56 8.434802
101 57 10.782473
101 58 8.702189
101 59 9.693818
101 60 10.144457
101 61 10.746902
101 62 10.455819
101 63 11.034140
101 64 8.367252
101 65 8.896391
101 66 9.835437
101 67 9.982201
101 68 10.005735
101 69 8.972996
101 70 9.649066
101 71 10.857723
101 72 9.678970
101 73 9.781264
101 74 8.623198
101 75 9.144509
101 76 8.798513
101 77 10.670897
101 78 9.590541
101 79 8.876747
101 80 11.028246
101 81 10.062367
101 82 8.406290
101 83 9.666519
101 84 9.935361
101 85 9.166799
101 86 9.649632
101 87 9.222088
101 88 10.544778
101 89 9.390843
101 90 8.397477
101 91 9.140277
101 92 8.670138
101 93 10.843106
101 94 10.777835
101 95 10.011615
101 96 10.038810
101 97 10.310765
101 98 10.040253
101 99 10.439208
101 100 10.333426
101 101 0.000000
101 102 9.252138
101 103 8.558996
101 104 10.837116
101 105 8.761382
101 106 9.210821
101 107 10.245749
101 108 10.627955
101 109 8.855137
101 110 8.548588
101 111 10.322845
101 112 8.708296
101 113 9.609389
101 114 10.545271
101 115 10.793639
101 116 8.653174
101 117 8.770843
101 118 9.158003
101 119 9.419938
101 120 10.062262
101 121 10.517467
101 122 8.439064
101 123 9.362397
101 124 8.806981
101 125 8.758273
101 126 10.253550
101 127 9.937822
101 128 8.583705
101 129 9.659833
101 130 8.437789
101 131 9.350144
101 132 9.765618
101 133 10.913504
101 134 8.594384
101 135 9.828211
101 136 9.660188
101 137 10.605282
101 138 9.009158
101 139 10.150206
101 140 9.795388
101 141 8.523256
101 142 10.385779
101 143 10.031584
101 144 10.607862
101 145 9.677331
101 146 10.989094
101 147 8.506403
101 148 8.594971
101 149 8.975724
101 150 10.684337
101 151 8.651107
101 152 8.731662
101 153 8.384925
101 154 9.906307
101 155 10.667048
101 156 9.033838
101 157 9.376626
101 158 9.934846
101 159 8.403551
101 160 10.341763
101 161 9.285536
101 162 10.173065
101 163 9.378712
101 164 9.323539
101 165 11.042235
101 166 8.647041
101 167 10.240893
101 168 10.490845
101 169 8.677300
101 170 9.531954
101 171 9.665302
101 172 8.374964
101 173 10.820026
101 174 10.735164
101 175 11.085115
101 176 10.960222
101 177 10.935666
101 178 10.336866
101 179 9.022719
101 180 10.787903
101 181 8.567428
101 182 8.480375
101 183 9.010029
101 184 9.138323
101 185 10.015309
101 186 9.598061
101 187 9.982697
101 188 8.633591
101 189 10.286740
101 190 9.071540
101 191 9.066332
101 192 10.408387
101 193 9.958835
101 194 10.145719
101 195 9.139651
101 196 9.152322
101 197 9.664440
101 198 9.970892
101 199 8.913454
101 200 9.778669
102 0 9.920120
102 1 9.346017
102 2 9.037141
102 3 11.085184
102 4 8.860805
102 5 9.675474
102 6 9.870263
102 7 11.098703
102 8 9.561687
102 9 10.280879
102 10 10.969999
102 11 8.621626
102 12 8.607084
102 13 10.647454
102 14 10.425882
102 15 8.922414
102 16 10.125956
102 17 10.593951
102 18 10.510385
102 19 9.216525
102 20 10.549566
102 21 10.904539
102 22 9.759874
102 23 9.560956
102 24 9.799159
102 25 10.133735
102 26 10.120604
102 27 9.161896
102 28 8.964946
102 29 10.673210
102 30 9.005828
102 31 9.366925
102 32 9.556443
102 33 10.843188
102 34 10.579635
102 35 10.861490
102 36 9.247715
102 37 9.633908
102 38 10.247843
102 39 9.901273
102 40 11.072198
102 41 11.037081
102 42 10.850093
102 43 10.738146
102 44 10.540496
102 45 8.595091
102 46 10.289882
102 47 8.927707
102 48 8.578846
102 49 10.105209
102 50 10.031633
102 51 9.926958
102 52 9.471816
102 53 8.377415
102 54 9.650015
102 55 8.963059
102 56 8.633325
102 57 8.903933
102 58 10.450742
102 59 9.331876
102 60 10.909411
102 61 9.048609
102 62 9.389328
102 63 9.206373
102 64 9.753527
102 65 9.519893
102 66 10.166120
102 67 8.883572
102 68 9.419289
102 69 9.070601
102 70 9.187801
102 71 9.930138
102 72 9.229423
102 73 9.845918
102 74 11.008580
102 75 8.470406
102 76 8.390387
102 77 11.075012
102 78 8.592908
102 79 9.556381
102 80 10.023343
102 81 9.451677
102 82 9.130186
102 83 9.770655
102 84 8.788242
102 85 8.759077
102 86 8.487717
102 87 11.050960
102 88 11.046383
102 89 10.563953
102 90 9.367760
102 91 10.095531
102 92 10.144917
102 93 8.581085
102 94 10.629967
102 95 10.522358
102 96 10.708671
102 97 9.305005
102 98 8.539346
102 99 10.296268
102 100 10.853354
102 101 9.252138
102 102 0.000000
102 103 9.570074
102 104 10.973000
102 105 10.513136
102 106 9.017535
102 107 9.399490
102 108 10.915289
102 109 10.127182
102 110 10.069684
102 111 9.291649
102 112 8.403187
102 113 9.863485
102 114 10.064354
102 115 9.816042
102 116 10.030318
102 117 10.551916
102 118 10.563465
102 119 10.000515
102 120 8.869249
102 121 10.601623
102 122 10.902708
102 123 10.187024
102 124 10.934059
102 125 8.488207
102 126 10.960391
102 127 8.961044
102 128 9.313776
102 129 8.954617
102 130 10.753136
102 131 9.379889
102 132 8.750921
102 133 10.816464
102 134 10.917725
102 135 9.678774
102 136 10.302676
102 137 10.678431
102 138 9.998023
102 139 8.769013
102 140 10.585647
102 141 10.185828
102 142 9.946823
102 143 10.307891
102 144 8.537894
102 145 9.978087
102 146 10.295982
102 147 9.864647
102 148 10.995578
102 149 8.829979
102 150 9.498423
102 151 9.240277
102 152 9.538890
102 153 11.109999
102 154 8.557246
102 155 9.557522
102 156 10.656899
102 157 10.195124
102 158 9.002431
102 159 8.395069
102 160 10.274746
102 161 9.311164
102 162 10.348290
102 163 9.896945
102 164 8.439451
102 165 11.072638
102 166 8.906512
102 167 10.565886
102 168 9.823031
102 169 9.391123
102 170 8.345315
102 171 8.886642
102 172 9.532065
102 173 9.106160
102 174 10.796747
102 175 10.739250
102 176 9.167097
102 177 9.669817
102 178 11.060443
102 179 10.972642
102 180 10.601128
102 181 10.728808
102 182 9.685489
102 183 10.644065
102 184 10.632637
102 185 8.749512
102 186 9.126270
102 187 9.796190
102 188 10.840224
102 189 10.821548
102 190 10.938195
102 191 10.122659
102 192 10.738054
102 193 9.339765
102 194 8.518065
102 195 8.932476
102 196 10.568173
102 197 9.436065
102 198 10.691377
102 199 10.056661
102 200 9.734861
103 0 8.917481
103 1 10.531179
103 2 8.851908
103 3 8.446538
103 4 9.651630
103 5 10.898351
103 6 10.554083
103 7 9.428745
103 8 10.376959
103 9 10.016066
103 10 10.762364
103 11 10.455342
103 12 10.673078
103 13 10.173604
103 14 10.619010
103 15 8.420817
103 16 10.825941
103 17 9.305381
103 18 9.726012
103 19 10.817957
103 20 10.593096
103 21 10.748163
103 22 10.073928
103 23 8.792553
103 24 8.784877
103 25 9.059083
103 26 10.173974
103 27 10.299094
103 28 9.138889
103 29 10.580901
103 30 9.888067
103 31 9.211419
103 32 9.347306
103 33 8.579060
103 34 8.879627
103 35 10.283655
103 36 8.969302
103 37 10.398276
103 38 8.745550
103 39 8.562670
103 40 10.877413
103 41 8.877787
103 42 8.696970
103 43 9.546241
103 44 8.444176
103 45 9.373108
103 46 10.619054
103 47 9.183830
103 48 10.899954
103 49 10.180428
103 50 10.373805
103 51 9.956673
103 52 10.666165
103 53 8.799711
103 54 9.022141
103 55 8.998269
103 56 8.739538
103 57 9.362430
103 58 10.230109
103 59 9.207284
103 60 10.612676
103 61 9.603574
103 62 9.195951
103 63 10.523351
103 64 9.384804
103 65 10.868079
103 66 9.237525
103 67 9.721651
103 68 10.605886
103 69 10.136444
103 70 8.726776
103 71 10.155813
103 72 10.457004
103 73 9.855904
103 74 9.658041
103 75 11.074959
103 76 8.340190
103 77 9.942829
103 78 10.295181
103 79 8.462888
103 80 8.462006
103 81 8.399514
103 82 9.905400
103 83 10.384902
103 84 10.931381
103 85 10.020457
103 86 10.802564
103 87 8.620821
103 88 9.783120
103 89 9.411671
103 90 10.948665
103 91 8.460177
103 92 9.878196
103 93 8.776149
103 94 8.702651
103 95 8.680545
103 96 10.016231
103 97 8.351784
103 98 10.738908
103 99 10.171237
103 100 9.241833
103 101 8.558996
103 102 9.570074
103 103 0.000000
103 104 9.019524
103 105 10.300021
103 106 8.954429
103 107 10.398827
103 108 8.412435
103 109 10.478977
103 110 11.064792
103 111 10.258159
103 112 9.026163
103 113 10.180074
103 114 9.691410
103 115 10.061985
103 116 10.101666
103 117 10.573576
103 118 11.029029
103 119 9.061160
103 120 8.910038
103 121 9.071161
103 122 10.191254
103 123 9.440655
103 124 9.778931
103 125 10.240690
103 126 10.466435
103 127 10.789333
103 128 9.833513
103 129 10.236172
103 130 10.268003
103 131 11.066419
103 132 9.970957
103 133 10.077982
103 134 9.502390
103 135 8.846569
103 136 9.155228
103 137 10.152510
103 138 9.535133
103 139 8.774691
103 140 11.067179
103 141 8.579271
103 142 10.786862
103 143 10.296260
103 144 9.770771
103 145 9.135294
103 146 9.878689
103 147 9.935375
103 148 10.458571
103 149 9.123226
103 150 8.939060
103 151 10.194891
103 152 10.047531
103 153 8.679886
103 154 10.273025
103 155 10.845124
103 156 8.963871
103 157 10.699192
103 158 9.271357
103 159 8.721127
103 160 9.185894
103 161 8.651111
103 162 11.090462
103 163 10.851248
103 164 10.880150
103 165 10.841602
103 166 9.339692
103 167 9.048739
103 168 9.964157
103 169 8.546264
103 170 9.337999
103 171 9.626157
103 172 9.735550
103 173 9.518264
103 174 8.419585
103 175 8.490368
103 176 10.800232
103 177 9.095089
103 178 8.506497
103 179 9.609104
103 180 9.797885
103 181 10.860591
103 182 10.325168
103 183 9.020829
103 184 10.027391
103 185 11.085729
103 186 8.820298
103 187 9.848025
103 188 9.050817
103 189 9.338095
103 190 10.528564
103 191 9.643297
103 192 9.451898
103 193 10.831525
103 194 8.766641
103 195 10.779128
103 196 11.029971
103 197 8.426745
103 198 9.611343
103 199 8.616002
103 200 10.076258
104 0 9.911449
104 1 11.019756
104 2 10.506326
104 3 9.588829
104 4 8.482302
104 5 8.951575
104 6 10.451280
104 7 10.396222
104 8 9.884770
104 9 9.653868
104 10 9.144882
104 11 10.082715
104 12 9.091452
104 13 10.585237
104 14 11.074991
104 15 10.246836
104 16 10.774671
104 17 9.079115
104 18 9.832979
104 19 11.085147
104 20 10.716291
104 21 8.483900
104 22 8.576727
104 23 8.347448
104 24 8.946079
104 25 10.080396
104 26 8.387244
104 27 10.588433
104 28 9.191025
104 29 9.113383
104 30 10.191963
104 31 9.194852
104 32 10.313693
104 33 8.437579
104 34 8.807207
104 35 8.778209
104 36 8.492539
104 37 9.863964
104 38 10.020953
104 39 8.355880
104 40 10.944015
104 41 9.864919
104 42 10.907709
104 43 10.325656
104 44 10.068434
104 45 10.078963
104 46 9.838478
104 47 10.352087
104 48 10.712175
104 49 10.887858
104 50 9.153416
104 51 9.898094
104 52 10.980673
104 53 10.834358
104 54 9.396758
104 55 9.927426
104 56 10.178282
104 57 10.928762
104 58 10.257138
104 59 8.496170
104 60 10.555905
104 61 9.955172
104 62 11.012475
104 63 9.728139
104 64 10.296682
104 65 9.026668
104 66 9.588423
104 67 11.050570
104 68 10.874787
104 69 10.066883
104 70 8.938347
104 71 9.713277
104 72 8.715394
104 73 10.995860
104 74 11.045514
104 75 11.003224
104 76 9.920817
104 77 9.655579
104 78 9.903222
104 79 10.606215
104 80 8.492062
104 81 10.397988
104 82 8.989114
104 83 9.675029
104 84 10.884773
104 85 8.838799
104 86 9.477703
104 87 8.960376
104 88 9.942187
104 89 9.409730
104 90 9.462981
104 91 10.522391
104 92 10.882916
104 93 9.064724
104 94 9.575228
104 95 9.713319
104 96 8.892257
104 97 10.240339
104 98 9.236068
104 99 10.965438
104 100 10.629097
104 101 10.837116
104 102 10.973000
104 103 9.019524
104 104 0.000000
104 105 8.376487
104 106 10.257112
104 107 10.192864
104 108 10.784133
104 109 10.894292
104 110 10.650809
104 111 10.277184
104 112 8.780323
104 113 8.407983
104 114 9.178791
104 115 10.248538
104 116 8.822722
104 117 10.076289
104 118 9.070572
104 119 10.139543
104 120 10.357446
104 121 10.987188
104 122 10.686767
104 123 10.774891
104 124 11.107559
104 125 8.809191
104 126 8.555443
104 127 10.132080
104 128 8.897036
104 129 8.953917
104 130 10.173781
104 131 9.766181
104 132 8.631570
104 133 10.383285
104 134 8.377835
104 135 8.562098
104 136 9.616580
104 137 9.673455
104 138 10.208760
104 139 10.955414
104 140 10.618801
104 141 9.623460
104 142 9.583611
104 143 10.469330
104 144 10.939883
104 145 8.714806
104 146 8.410992
104 147 9.209140
104 148 8.758449
104 149 8.863691
104 150 10.450714
104 151 8.524522
104 152 9.548099
104 153 9.226164
104 154 8.632443
104 155 10.104389
104 156 8.490091
104 157 8.954370
104 158 9.302359
104 159 9.299243
104 160 11.044477
104 161 10.806887
104 162 9.836527
104 163 11.072776
104 164 10.281313
104 165 9.747286
104 166 9.049234
104 167 9.128063
104 168 10.791478
104 169 9.952685
104 170 9.346321
104 171 8.514797
104 172 10.194650
104 173 8.455898
104 174 9.353938
104 175 10.762693
104 176 9.667244
104 177 9.277134
104 178 8.420211
104 179 8.472602
104 180 11.032642
104 181 8.931805
104 182 8.489960
104 183 11.018985
104 184 8.566698
104 185 10.401230
104 186 10.513663
104 187 9.083007
104 188 10.422482
104 189 10.361742
104 190 10.740073
104 191 8.846646
104 192 8.722228
104 193 8.481481
104 194 8.656971
104 195 10.748757
104 196 9.936301
104 197 10.471109
104 198 10.148488
104 199 10.014801
104 200 10.344019
105 0 11.040589
105 1 9.196989
105 2 9.268976
105 3 11.066240
105 4 9.409294
105 5 10.045065
105 6 10.334702
105 7 10.680731
105 8 8.548021
105 9 8.845046
105 10 8.390687
105 11 9.099506
105 12 9.561257
105 13 9.038208
105 14 9.948466
105 15 10.438198
105 16 8.602507
105 17 10.368598
105 18 10.060727
105 19 8.805948
105 20 9.753489
105 21 9.675542
105 22 10.815573
105 23 10.951972
105 24 8.485534
105 25 10.635833
105 26 9.387556
105 27 9.592376
105 28 10.672095
105 29 9.905089
105 30 10.665293
105 31 10.373438
105 32 10.037731
105 33 10.887749
105 34 10.178620
105 35 10.589844
105 36 8.349124
105 37 9.471799
105 38 9.303608
105 39 10.539980
105 40 10.737336
105 41 10.543130
105 42 9.520943
105 43 10.118145
105 44 10.293907
105 45 8.723424
105 46 10.799165
105 47 10.165233
105 48 10.738336
105 49 9.348503
105 50 10.653094
105 51 9.252631
105 52 8.643634
105 53 9.529823
105 54 9.457446
105 55 10.035885
105 56 8.630210
105 57 10.316266
105 58 9.411124
105 59 10.357444
105 60 10.621004
105 61 9.334856
105 62 9.118527
105 63 9.963027
105 64 8.638473
105 65 10.840821
105 66 10.137831
105 67 9.806149
105 68 8.855552
105 69 10.330425
105 70 8.356354
105 71 9.540679
105 72 10.791443
105 73 10.268580
105 74 8.991668
105 75 10.975419
105 76 10.901653
105 77 8.830333
105 78 9.246187
105 79 8.411103
105 80 9.441657
105 81 9.573147
105 82 8.836834
105 83 11.013401
105 84 9.693930
105 85 10.422013
105 86 9.832677
105 87 9.816490
105 88 10.577064
105 89 10.439719
105 90 10.686954
105 91 8.672760
105 92 8.728641
105 93 10.614419
105 94 10.053632
105 95 10.200088
105 96 9.023740
105 97 10.459089
105 98 9.288235
105 99 10.283038
105 100 9.136429
105 101 8.761382
105 102 10.513136
105 103 10.300021
105 104 8.376487
105 105 0.000000
105 106 9.682638
105 107 10.890086
105 108 10.737495
105 109 8.978327
105 110 9.636560
105 111 10.947563
105 112 8.459435
105 113 9.107179
105 114 10.873781
105 115 8.683158
105 116 10.942967
105 117 10.319823
105 118 10.349235
105 119 10.675636
105 120 10.955839
105 121 9.299185
105 122 9.967832
105 123 9.750869
105 124 10.702399
105 125 9.903144
105 126 9.590712
105 127 10.270139
105 128 9.833929
105 129 10.965558
105 130 9.471033
105 131 8.996061
105 132 10.896248
105 133 9.540512
105 134 10.039574
105 135 11.004289
105 136 8.947906
105 137 8.667062
105 138 9.948474
105 139 9.991668
105 140 9.030518
105 141 10.596268
105 142 10.498489
105 143 10.988754
105 144 9.667050
105 145 11.051364
105 146 10.795277
105 147 11.053881
105 148 9.789950
105 149 9.728269
105 150 11.022707
105 151 10.356069
105 152 11.046092
105 153 9.655945
105 154 9.752034
105 155 8.985765
105 156 8.412679
105 157 9.537400
105 158 9.440688
105 159 9.874459
105 160 8.683519
105 161 8.517459
105 162 9.609966
105 163 8.805388
105 164 10.447918
105 165 9.417632
105 166 10.427720
105 167 8.425841
105 168 10.956785
105 169 9.247882
105 170 10.343576
105 171 9.680589
105 172 8.654288
105 173 8.522828
105 174 9.771827
105 175 8.482946
105 176 11.029785
105 177 8.538312
105 178 9.754909
105 179 8.564830
105 180 8.587142
105 181 10.583114
105 182 9.654457
105 183 8.556317
105 184 8.377416
105 185 9.871780
105 186 10.774371
105 187 9.275226
105 188 10.638593
105 189 10.300129
105 190 9.752289
105 191 10.176274
105 192 8.868878
105 193 10.334390
105 194 9.600068
105 195 8.909806
105 196 9.267257
105 197 9.665533
105 198 11.011824
105 199 9.914771
105 200 10.315805
106 0 10.612868
106 1 9.134207
106 2 8.521216
106 3 10.086227
106 4 10.652714
106 5 8.805419
106 6 10.656756
106 7 8.860593
106 8 9.092895
106 9 10.512823
106 10 10.804421
106 11 9.968416
106 12 8.669883
106 13 8.675667
106 14 9.723015
106 15 9.752320
106 16 10.644165
106 17 10.751657
106 18 9.752978
106 19 8.693530
106 20 8.821992
106 21 8.922480
106 22 10.858903
106 23 9.934523
106 24 9.660906
106 25 11.038135
106 26 10.235445
106 27 9.211327
106 28 10.360532
106 29 9.640512
106 30 9.753920
106 31 8.549056
106 32 9.330371
106 33 8.342255
106 34 8.811786
106 35 9.495026
106 36 10.626343
106 37 9.287586
106 38 9.303894
106 39 10.674582
106 40 10.917369
106 41 9.482286
106 42 10.688280
106 43 10.851020
106 44 10.967249
106 45 10.848802
106 46 10.381028
106 47 9.728574
106 48 8.470823
106 49 9.287053
106 50 8.741678
106 51 9.102821
106 52 9.629760
106 53 9.188469
106 54 9.182319
106 55 10.992985
106 56 10.559199
106 57 8.976024
106 58 9.533109
106 59 9.241362
106 60 8.753795
106 61 9.005254
106 62 8.960697
106 63 10.727987
106 64 9.128229
106 65 8.639580
106 66 10.133447
106 67 8.369532
106 68 10.639460
106 69 9.593243
106 70 9.048761
106 71 11.078802
106 72 8.840881
106 73 10.998880
106 74 9.184536
106 75 9.458075
106 76 8.833232
106 77 10.462276
106 78 10.588276
106 79 9.509348
106 80 9.055165
106 81 10.005526
106 82 10.684720
106 83 9.380024
106 84 9.501120
106 85 10.206245
106 86 10.828897
106 87 8.695913
106 88 9.646633
106 89 9.243236
106 90 8.914028
106 91 10.910496
106 92 9.992194
106 93 10.979672
106 94 8.888810
106 95 9.430842
106 96 10.203694
106 97 10.190705
106 98 8.667371
106 99 10.510447
106 100 9.808951
106 101 9.210821
106 102 9.017535
106 103 8.954429
106 104 10.257112
106 105 9.682638
106 106 0.000000
106 107 8.659106
106 108 10.136703
106 109 9.187100
106 110 9.906286
106 111 8.377057
106 112 10.537480
106 113 10.685867
106 114 10.912723
106 115 9.264320
106 116 10.296154
106 117 9.118743
106 118 11.099747
106 119 10.092064
106 120 9.273739
106 121 10.010091
106 122 10.853117
106 123 8.762568
106 124 9.280855
106 125 10.616158
106 126 9.125134
106 127 9.553731
106 128 9.692892
106 129 10.705944
106 130 9.753657
106 131 10.749509
106 132 10.937561
106 133 9.571503
106 134 9.294253
106 135 9.314046
106 136 10.773890
106 137 9.691986
106 138 10.958191
106 139 9.302926
106 140 9.158217
106 141 10.791629
106 142 9.718573
106 143 9.710085
106 144 10.949668
106 145 10.622285
106 146 10.336731
106 147 8.777962
106 148 10.864803
106 149 9.477203
106 150 10.660287
106 151 10.495186
106 152 10.980293
106 153 10.295363
106 154 9.947642
106 155 9.975370
106 156 10.060462
106 157 9.149474
106 158 9.334270
106 159 8.630433
106 160 8.483377
106 161 9.990265
106 162 9.392967
106 163 9.477228
106 164 8.623754
106 165 9.857058
106 166 8.527301
106 167 10.296374
106 168 8.856564
106 169 8.939612
106 170 9.343646
106 171 10.959713
106 172 9.869868
106 173 8.447204
106 174 8.556472
106 175 8.996079
106 176 10.162106
106 177 9.601439
106 178 9.937758
106 179 8.377155
106 180 9.756321
106 181 10.245400
106 182 10.601886
106 183 10.178068
106 184 10.044801
106 185 9.961106
106 186 8.465687
106 187 11.053710
106 188 9.584890
106 189 9.576729
106 190 10.381478
106 191 8.551368
106 192 8.658101
106 193 9.999096
106 194 9.036590
106 195 10.435715
106 196 9.172101
106 197 8.733569
106 198 10.034649
106 199 9.632219
106 200 9.379316
107 0 10.517109
107 1 9.085134
107 2 10.441205
107 3 9.441166
107 4 10.665154
107 5 9.235008
107 6 8.778078
107 7 8.541459
107 8 10.377425
107 9 10.995431
107 10 9.278164
107 11 8.492767
107 12 9.455455
107 13 10.611281
107 14 9.110050
107 15 10.287721
107 16 8.756077
107 17 10.984188
107 18 10.975111
107 19 10.807852
107 20 9.925258
107 21 10.301351
107 22 9.178277
107 23 11.090590
107 24 10.928337
107 25 10.445108
107 26 9.555641
107 27 9.759041
107 28 8.798504
107 29 10.515805
107 30 11.094897
107 31 9.647244
107 32 9.707690
107 33 8.919636
107 34 8.349169
107 35 8.917583
107 36 9.150364
107 37 9.870083
107 38 10.665902
107 39 10.661716
107 40 10.245626
107 41 11.002848
107 42 9.608854
107 43 9.717972
107 44 10.330799
107 45 9.905683
107 46 8.902517
107 47 9.903187
107 48 9.924766
107 49 11.048464
107 50 9.351808
107 51 8.771654
107 52 9.818517
107 53 9.262803
107 54 9.890304
107 55 8.515153
107 56 9.048682
107 57 9.077986
107 58 8.822085
107 59 9.850295
107 60 8.893002
107 61 10.748771
107 62 9.288305
107 63 10.215259
107 64 9.559727
107 65 10.778693
107 66 9.320083
107 67 10.284156
107 68 10.722668
107 69 8.995212
107 70 10.150485
107 71 9.805630
107 72 9.246223
107 73 10.310824
107 74 11.074139
107 75 9.819566
107 76 9.029994
107 77 8.449767
107 78 9.517570
107 79 10.916062
107 80 9.415720
107 81 10.240736
107 82 10.831116
107 83 9.646429
107 84 9.733835
107 85 9.565027
107 86 10.370671
107 87 10.381280
107 88 10.209387
107 89 9.659684
107 90 10.861396
107 91 9.403014
107 92 10.678065
107 93 10.900707
107 94 10.808976
107 95 9.166886
107 96 10.140304
107 97 11.041723
107 98 9.550908
107 99 10.932974
107 100 10.559569
107 101 10.245749
107 102 9.399490
107 103 10.398827
107 104 10.192864
107 105 10.890086
107 106 8.659106
107 107 0.000000
107 108 8.360830
107 109 10.139457
107 110 11.078198
107 111 8.572896
107 112 10.816401
107 113 9.330024
107 114 9.625405
107 115 9.728567
107 116 8.837411
107 117 8.929295
107 118 9.935064
107 119 9.167044
107 120 10.473464
107 121 9.063948
107 122 9.031318
107 123 9.525210
107 124 11.108532
107 125 8.602706
107 126 10.597715
107 127 8.911896
107 128 8.347508
107 129 9.745277
107 130 10.389502
107 131 9.748155
107 132 9.022969
107 133 10.072473
107 134 9.088111
107 135 9.665965
107 136 10.177117
107 137 9.294291
107 138 9.714675
107 139 10.266934
107 140 8.602155
107 141 8.785547
107 142 10.743175
107 143 10.430233
107 144 9.530067
107 145 9.586112
107 146 8.407491
107 147 10.081586
107 148 10.802244
107 149 8.610394
107 150 9.798474
107 151 10.487551
107 152 9.012400
107 153 10.442229
107 154 9.985657
107 155 10.222526
107 156 10.348956
107 157 9.601485
107 158 10.246414
107 159 8.416522
107 160 8.637896
107 161 10.303891
107 162 9.802428
107 163 10.465946
107 164 11.074508
107 165 8.832960
107 166 8.771474
107 167 9.622731
107 168 10.183169
107 169 10.495823
107 170 10.491363
107 171 9.706859
107 172 8.661741
107 173 10.480626
107 174 10.258642
107 175 9.746981
107 176 9.389491
107 177 10.803968
107 178 8.386893
107 179 9.065118
107 180 9.100931
107 181 8.896407
107 182 8.546261
107 183 9.310756
107 184 9.730651
107 185 9.545769
107 186 8.402357
107 187 11.063527
107 188 9.700072
107 189 9.686232
107 190 9.713086
107 191 9.651174
107 192 8.686915
107 193 9.611498
107 194 10.116765
107 195 8.604945
107 196 9.878784
107 197 9.723130
107 198 10.034875
107 199 10.624367
107 200 10.406036
108 0 9.786506
108 1 10.675164
108 2 9.881776
108 3 9.795972
108 4 10.061332
108 5 8.495327
108 6 8.515961
108 7 8.602570
108 8 8.808382
108 9 10.547245
108 10 11.104839
108 11 10.398795
108 12 9.134623
108 13 10.977420
108 14 10.517815
108 15 9.880847
108 16 10.817483
108 17 9.503010
108 18 9.891463
108 19 9.241398
108 20 8.643099
108 21 9.582556
108 22 9.107211
108 23 8.423476
108 24 9.722826
108 25 10.907800
108 26 9.865379
108 27 10.298083
108 28 9.198896
108 29 8.754939
108 30 8.869742
108 31 8.418679
108 32 10.501881
108 33 9.978664
108 34 9.143868
108 35 8.747200
108 36 10.667314
108 37 10.124417
108 38 9.840470
108 39 10.440032
108 40 10.492569
108 41 10.035848
108 42 9.730927
108 43 11.048732
108 44 9.031105
108 45 8.584958
108 46 11.035807
108 47 9.464898
108 48 8.388363
108 49 10.367118
108 50 10.559046
108 51 10.210425
108 52 9.954923
108 53 10.169804
108 54 11.078773
108 55 9.324722
108 56 10.714832
108 57 9.448902
108 58 9.521604
108 59 10.154646
108 60 10.834388
108 61 10.440754
108 62 10.270602
108 63 10.597090
108 64 9.640505
108 65 8.398029
108 66 10.276169
108 67 8.935778
108 68 10.747912
108 69 10.834710
108 70 8.727360
108 71 9.631296
108 72 8.982289
108 73 11.016709
108 74 10.921987
108 75 8.416301
108 76 8.411700
108 77 10.538065
108 78 10.476219
108 79 9.321296
108 80 10.225578
108 81 10.660426
108 82 9.843906
108 83 9.185209
108 84 10.149831
108 85 9.313987
108 86 10.234372
108 87 8.759324
108 88 9.194958
108 89 10.868911
108 90 9.092502
108 91 10.415855
108 92 9.685123
108 93 10.158902
108 94 9.438179
108 95 9.799715
108 96 9.640624
108 97 8.483514
108 98 10.688121
108 99 10.858619
108 100 10.649143
108 101 10.627955
108 102 10.915289
108 103 8.412435
108 104 10.784133
108 105 10.737495
108 106 10.136703
108 107 8.360830
108 108 0.000000
108 109 9.070933
108 110 10.186887
108 111 10.342901
108 112 10.451365
108 113 8.540170
108 114 10.202403
108 115 10.866258
108 116 10.853249
108 117 9.349467
108 118 8.770566
108 119 9.492556
108 120 9.811253
108 121 8.838336
108 122 9.324835
108 123 8.369061
108 124 9.836385
108 125 11.025185
108 126 8.946910
108 127 9.758044
108 128 9.114374
108 129 10.412587
108 130 9.060885
108 131 9.643123
108 132 8.981893
108 133 9.128102
108 134 8.976231
108 135 9.292048
108 136 10.684223
108 137 10.998459
108 138 8.781738
108 139 10.341328
108 140 8.818003
108 141 8.946197
108 142 9.327042
108 143 10.708034
108 144 10.209772
108 145 10.275167
108 146 9.576541
108 147 11.107651
108 148 9.310001
108 149 10.190161
108 150 8.877740
108 151 8.440929
108 152 10.758146
108 153 10.432617
108 154 9.361875
108 155 9.748948
108 156 8.770261
108 157 10.815941
108 158 8.660165
108 159 8.559134
108 160 8.577397
108 161 8.690591
108 162 9.846711
108 163 8.793069
108 164 9.261096
108 165 10.277336
108 166 9.506259
108 167 10.878180
108 168 10.119500
108 169 9.650810
108 170 9.900243
108 171 9.644122
108 172 10.656381
108 173 9.277323
108 174 9.000333
108 175 8.872577
108 176 10.442413
108 177 10.201932
108 178 9.035395
108 179 8.813949
108 180 10.875896
108 181 8.881887
108 182 8.750938
108 183 8.550805
108 184 10.541907
108 185 8.794885
108 186 10.749780
108 187 10.043110
108 188 8.851683
108 189 10.506874
108 190 8.363305
108 191 10.005433
108 192 9.797023
108 193 8.706535
108 194 11.059910
108 195 9.561683
108 196 8.966539
108 197 10.099929
108 198 9.275813
108 199 9.846340
108 200 10.937218
109 0 9.484086
109 1 9.579045
109 2 10.903490
109 3 9.749028
109 4 8.690137
109 5 9.869032
109 6 9.113711
109 7 9.656883
109 8 8.764738
109 9 9.109208
109 10 10.816854
109 11 8.619813
109 12 9.332673
109 13 10.272484
109 14 9.375546
109 15 9.789064
109 16 9.332066
109 17 10.894404
109 18 8.632646
109 19 9.029392
109 20 9.112875
109 21 8.703341
109 22 10.255437
109 23 10.457898
109 24 10.299673
109 25 9.446764
109 26 9.699800
109 27 8.435206
109 28 10.963052
109 29 10.725743
109 30 9.272066
109 31 9.163549
109 32 10.160618
109 33 8.391171
109 34 8.844307
109 35 9.213505
109 36 10.521530
109 37 8.808470
109 38 8.845319
109 39 10.578856
109 40 9.550563
109 41 10.469456
109 42 9.696049
109 43 9.972407
109 44 8.441585
109 45 9.314259
109 46 8.897107
109 47 9.951320
109 48 10.565797
109 49 10.884691
109 50 8.726969
109 51 9.081683
109 52 10.906627
109 53 9.402560
109 54 9.246034
109 55 9.481384
109 56 11.011652
109 57 10.245750
109 58 10.153666
109 59 8.871956
109 60 8.609279
109 61 10.158532
109 62 8.610574
109 63 10.589613
109 64 9.271187
109 65 9.368772
109 66 8.540942
109 67 9.567894
109 68 9.858058
109 69 10.430378
109 70 10.250642
109 71 11.099175
109 72 10.019557
109 73 9.118768
109 74 9.882208
109 75 9.099163
109 76 9.295263
109 77 8.453259
109 78 9.580434
109 79 11.065913
109 80 8.709258
109 81 10.673079
109 82 10.144501
109 83 8.574255
109 84 9.463283
109 85 8.479466
109 86 9.245883
109 87 9.692979
109 88 10.698010
109 89 10.286205
109 90 10.420900
109 91 10.507524
109 92 9.660682
109 93 8.374848
109 94 10.807642
109 95 10.948055
109 96 8.344761
109 97 9.879646
109 98 9.950473
109 99 9.258031
109 100 10.235520
109 101 8.855137
109 102 10.127182
109 103 10.478977
109 104 10.894292
109 105 8.978327
109 106 9.187100
109 107 10.139457
109 108 9.070933
109 109 0.000000
109 110 10.346871
109 111 9.131404
109 112 10.983408
109 113 8.741646
109 114 8.357674
109 115 9.915595
109 116 9.458174
109 117 9.589421
109 118 10.885594
109 119 9.779851
109 120 8.461817
109 121 10.007365
109 122 8.946127
109 123 10.755732
109 124 10.503078
109 125 8.662569
109 126 10.682013
109 127 9.702276
109 128 9.880047
109 129 10.881661
109 130 10.279128
109 131 10.009485
109 132 10.397234
109 133 10.479139
109 134 10.465487
109 135 9.011934
109 136 10.858970
109 137 10.119883
109 138 10.662821
109 139 9.635873
109 140 8.931427
109 141 11.096476
109 142 9.034840
109 143 8.810255
109 144 10.937541
109 145 9.853890
109 146 10.548510
109 147 8.589736
109 148 8.604647
109 149 9.528770
109 150 8.447691
109 151 10.669799
109 152 10.735770
109 153 8.337356
109 154 9.952922
109 155 8.478088
109 156 8.735955
109 157 10.925078
109 158 10.448388
109 159 9.068974
109 160 11.028220
109 161 10.350997
109 162 10.441162
109 163 10.078716
109 164 9.921151
109 165 10.246104
109 166 10.582448
109 167 8.630184
109 168 10.645399
109 169 8.804320
109 170 9.040622
109 171 8.532334
109 172 8.736609
109 173 11.035178
109 174 8.769878
109 175 9.733347
109 176 10.560464
109 177 8.879486
109 178 9.589131
109 179 8.842423
109 180 9.201295
109 181 8.780102
109 182 10.060996
109 183 11.014092
109 184 10.903007
109 185 11.068173
109 186 8.359046
109 187 10.835821
109 188 10.584707
109 189 9.773996
109 190 10.551577
109 191 10.940721
109 192 8.712078
109 193 9.910724
109 194 8.440030
109 195 9.495462
109 196 9.780868
109 197 11.099972
109 198 8.990851
109 199 8.404802
109 200 11.030110
110 0 10.869078
110 1 8.870834
110 2 9.886055
110 3 11.050805
110 4 8.747566
110 5 10.488041
110 6 9.305751
110 7 10.080057
110 8 9.187704
110 9 8.646768
110 10 9.831709
110 11 9.365590
110 12 9.796278
110 13 8.958892
110 14 8.603809
110 15 10.644033
110 16 10.859859
110 17 10.838256
110 18 10.447360
110 19 10.858345
110 20 9.899913
110 21 8.473628
110 22 10.425407
110 23 9.902898
110 24 10.729713
110 25 9.026439
110 26 10.329855
110 27 10.131103
110 28 10.367254
110 29 9.599987
110 30 8.562625
110 31 9.881094
110 32 8.361461
110 33 8.678625
110 34 10.670747
110 35 8.599357
110 36 10.999748
110 37 8.581757
110 38 9.952298
110 39 8.361754
110 40 10.986272
110 41 8.954531
110 42 10.508464
110 43 10.514729
110 44 9.691879
110 45 8.915103
110 46 10.872951
110 47 10.125676
110 48 8.951600
110 49 10.044399
110 50 10.423696
110 51 9.249613
110 52 10.898100
110 53 8.743023
110 54 9.339487
110 55 10.571883
110 56 10.908790
110 57 8.935001
110 58 8.505960
110 59 9.197781
110 60 9.105730
110 61 9.465836
110 62 9.754817
110 63 8.857829
110 64 9.746463
110 65 8.506814
110 66 8.899508
110 67 9.731462
110 68 10.258069
110 69 9.463811
110 70 9.540476
110 71 10.855297
110 72 9.888123
110 73 10.923564
110 74 8.600967
110 75 11.079182
110 76 10.102113
110 77 9.636014
110 78 8.967171
110 79 10.900695
110 80 10.488089
110 81 8.382555
110 82 10.161037
110 83 10.641095
110 84 9.257001
110 85 8.529742
110 86 8.466683
110 87 8.354904
110 88 10.992563
110 89 8.616472
110 90 8.946376
110 91 10.514768
110 92 10.997731
110 93 9.179534
110 94 10.866285
110 95 10.801597
110 96 10.409996
110 97 9.299453
110 98 9.443476
110 99 10.329473
110 100 11.102351
110 101 8.548588
110 102 10.069684
110 103 11.064792
110 104 10.650809
110 105 9.636560
110 106 9.906286
110 107 11.078198
110 108 10.186887
110 109 10.346871
110 110 0.000000
110 111 9.913983
110 112 9.917947
110 113 10.251738
110 114 10.234331
110 115 8.425547
110 116 8.752090
110 117 8.465677
110 118 9.553957
110 119 11.066380
110 120 10.592493
110 121 9.876949
110 122 9.428128
110 123 9.929414
110 124 10.234140
110 125 10.284933
110 126 10.176170
110 127 9.116048
110 128 9.518790
110 129 8.493213
110 130 9.045647
110 131 10.113788
110 132 9.776977
110 133 10.973977
110 134 9.462188
110 135 9.606866
110 136 10.836790
110 137 10.709619
110 138 8.481744
110 139 8.615642
110 140 8.607700
110 141 8.745621
110 142 8.900768
110 143 10.975806
110 144 10.044916
110 145 8.584743
110 146 8.909991
110 147 11.073001
110 148 9.446105
110 149 9.337480
110 150 8.633806
110 151 9.190798
110 152 10.385371
110 153 10.998306
110 154 9.867062
110 155 10.912073
110 156 9.020845
110 157 10.452789
110 158 9.840225
110 159 8.805119
110 160 9.883204
110 161 8.958192
110 162 10.480024
110 163 9.083747
110 164 10.973736
110 165 9.453192
110 166 9.762629
110 167 11.005583
110 168 9.377004
110 169 9.058185
110 170 9.146168
110 171 10.315579
110 172 8.857345
110 173 8.581941
110 174 9.864364
110 175 10.313659
110 176 10.352829
110 177 9.623905
110 178 10.185238
110 179 10.376669
110 180 8.571445
110 181 10.530902
110 182 9.610380
110 183 10.249959
110 184 8.511116
110 185 8.839739
110 186 10.101138
110 187 8.709775
110 188 10.180426
110 189 10.515922
110 190 9.809182
110 191 10.907089
110 192 8.538821
110 193 9.269493
110 194 10.180598
110 195 8.639988
110 196 9.145107
110 197 11.086312
110 198 10.397046
110 199 9.997098
110 200 11.044295
111 0 10.005861
111 1 9.058369
111 2 10.208208
111 3 11.010586
111 4 9.977416
111 5 8.998763
111 6 8.919946
111 7 8.453356
111 8 9.607361
111 9 9.959025
111 10 8.745161
111 11 8.931158
111 12 10.327404
111 13 9.472533
111 14 10.135838
111 15 9.120225
111 16 8.353303
111 17 9.375576
111 18 9.105927
111 19 10.839749
111 20 10.866152
111 21 10.625190
111 22 9.408315
111 23 8.754562
111 24 9.197593
111 25 8.693828
111 26 8.589834
111 27 10.430698
111 28 8.383499
111 29 9.541433
111 30 8.957157
111 31 9.800759
111 32 10.380994
111 33 10.244556
111 34 8.696787
111 35 8.617093
111 36 9.491299
111 37 9.563710
111 38 9.068068
111 39 8.684989
111 40 9.529059
111 41 9.267475
111 42 11.082883
111 43 10.915572
111 44 9.470603
111 45 8.333546
111 46 10.032344
111 47 9.318312
111 48 11.004475
111 49 9.782735
111 50 9.587047
111 51 8.631312
111 52 8.867116
111 53 10.452983
111 54 10.189149
111 55 10.497001
111 56 11.026407
111 57 9.652762
111 58 9.789596
111 59 8.662444
111 60 8.929353
111 61 8.940872
111 62 8.508827
111 63 9.540950
111 64 10.326204
111 65 10.795246
111 66 8.749414
111 67 8.387741
111 68 11.110360
111 69 9.786814
111 70 8.344960
111 71 10.799527
111 72 8.991159
111 73 10.563347
111 74 8.737508
111 75 10.661063
111 76 10.179897
111 77 10.758570
111 78 10.568162
111 79 10.627336
111 80 9.962502
111 81 10.797637
111 82 8.882488
111 83 8.335808
111 84 10.396391
111 85 9.456001
111 86 8.704144
111 87 8.550711
111 88 8.572280
111 89 8.841058
111 90 10.724757
111 91 8.405222
111 92 10.354648
111 93 8.791470
111 94 10.726147
111 95 9.746043
111 96 8.536420
111 97 9.305438
111 98 9.853321
111 99 9.255445
111 100 10.736900
111 101 10.322845
111 102 9.291649
111 103 10.258159
111 104 10.277184
111 105 10.947563
111 106 8.377057
111 107 8.572896
111 108 10.342901
111 109 9.131404
111 110 9.913983
111 111 0.000000
111 112 9.282757
111 113 10.090907
111 114 8.837203
111 115 10.826558
111 116 8.336126
111 117 10.335733
111 118 10.206087
111 119 9.082848
111 120 10.106160
111 121 9.436697
111 122 11.015437
111 123 9.288357
111 124 10.251106
111 125 10.517300
111 126 9.645637
111 127 9.506987
111 128 9.680483
111 129 10.465292
111 130 8.592682
111 131 9.357382
111 132 9.743068
111 133 9.445486
111 134 8.911565
111 135 10.711494
111 136 10.205640
111 137 8.441887
111 138 8.992766
111 139 10.501317
111 140 11.034716
111 141 8.689685
111 142 11.099902
111 143 9.681470
111 144 10.791067
111 145 9.350696
111 146 10.354748
111 147 10.158533
111 148 10.280701
111 149 8.982996
111 150 10.979106
111 151 8.794859
111 152 9.826915
111 153 10.993892
111 154 8.893049
111 155 10.942281
111 156 9.161501
111 157 10.363041
111 158 11.093047
111 159 10.475784
111 160 9.458079
111 161 8.356927
111 162 10.523785
111 163 9.680198
111 164 9.691952
111 165 10.543398
111 166 9.425614
111 167 10.281745
111 168 10.831484
111 169 9.127314
111 170 10.706003
111 171 8.859681
111 172 10.279408
111 173 10.657267
111 174 9.779225
111 175 8.374278
111 176 9.398382
111 177 9.109829
111 178 10.674646
111 179 9.335260
111 180 10.775189
111 181 9.430147
111 182 9.053672
111 183 9.262236
111 184 9.377689
111 185 9.222996
111 186 8.927253
111 187 9.998688
111 188 10.906027
111 189 10.045417
111 190 10.127517
111 191 9.949366
111 192 8.590712
111 193 9.939109
111 194 8.644793
111 195 10.020003
111 196 9.477470
111 197 11.051572
111 198 8.428810
111 199 10.967012
111 200 8.502951
112 0 10.603814
112 1 8.626846
112 2 9.368165
112 3 10.318801
112 4 10.770964
112 5 10.792799
112 6 10.227201
112 7 9.232586
112 8 9.130538
112 9 9.311536
112 10 10.628375
112 11 9.917666
112 12 10.989059
112 13 8.981475
112 14 11.001095
112 15 9.306585
112 16 8.627061
112 17 10.673501
112 18 10.628457
112 19 10.253114
112 20 9.837659
112 21 10.546730
112 22 10.913881
112 23 10.762291
112 24 10.362728
112 25 8.932858
112 26 9.971491
112 27 8.962634
112 28 9.210566
112 29 8.738560
112 30 10.921327
112 31 10.315478
112 32 8.368039
112 33 8.656953
112 34 10.497591
112 35 10.145692
112 36 8.779721
112 37 10.268212
112 38 8.629119
112 39 10.833791
112 40 10.490921
112 41 10.588944
112 42 8.751215
112 43 8.963661
112 44 9.079734
112 45 11.094411
112 46 9.995544
112 47 8.592281
112 48 9.329106
112 49 8.800974
112 50 9.301172
112 51 9.422186
112 52 10.887008
112 53 9.939990
112 54 9.604830
112 55 9.863079
112 56 9.697998
112 57 9.129363
112 58 10.094987
112 59 9.226442
112 60 9.004266
112 61 10.837773
112 62 8.820709
112 63 8.908004
112 64 10.090087
112 65 10.439898
112 66 9.076871
112 67 8.594789
112 68 9.891687
112 69 8.866556
112 70 9.767471
112 71 8.386547
112 72 10.748453
112 73 9.810794
112 74 10.027366
112 75 8.483431
112 76 8.744214
112 77 9.328773
112 78 10.887581
112 79 10.253802
112 80 10.648043
112 81 9.917758
112 82 8.891382
112 83 11.006146
112 84 10.470887
112 85 10.944048
112 86 10.160694
112 87 9.328410
112 88 10.041946
112 89 8.756811
112 90 10.949306
112 91 10.487349
112 92 9.475723
112 93 9.530032
112 94 8.914622
112 95 9.014659
112 96 9.727674
112 97 9.745638
112 98 9.914184
112 99 10.346713
112 100 10.676343
112 101 8.708296
112 102 8.403187
112 103 9.026163
112 104 8.780323
112 105 8.459435
112 106 10.537480
112 107 10.816401
112 108 10.451365
112 109 10.983408
112 110 9.917947
112 111 9.282757
112 112 0.000000
112 113 10.871992
112 114 10.371281
112 115 8.475237
112 116 9.872091
112 117 9.021746
112 118 10.813627
112 119 8.402535
112 120 11.041124
112 121 9.968183
112 122 8.922635
112 123 8.889793
112 124 8.906590
112 125 8.819228
112 126 9.792410
112 127 8.414099
112 128 10.444266
112 129 8.870310
112 130 10.610831
112 131 9.798645
112 132 10.221594
112 133 10.413364
112 134 10.776945
112 135 8.725900
112 136 10.228101
112 137 10.287648
112 138 10.777528
112 139 8.581153
112 140 9.995596
112 141 10.404040
112 142 9.668771
112 143 9.731921
112 144 8.845492
112 145 9.066829
112 146 10.875968
112 147 9.097770
112 148 8.409867
112 149 8.533801
112 150 11.063937
112 151 8.647318
112 152 10.520593
112 153 10.218740
112 154 9.781058
112 155 8.553265
112 156 9.548661
112 157 11.009231
112 158 10.323688
112 159 8.994332
112 160 9.426457
112 161 9.025416
112 162 10.244222
112 163 9.503688
112 164 10.934119
112 165 8.683619
112 166 10.972854
112 167 10.873183
112 168 9.257243
112 169 10.759676
112 170 10.396733
112 171 8.476390
112 172 9.350206
112 173 9.283291
112 174 8.747096
112 175 8.636297
112 176 8.684122
112 177 10.854835
112 178 10.188406
112 179 8.492688
112 180 9.980767
112 181 10.940819
112 182 8.594667
112 183 8.350984
112 184 9.967025
112 185 8.689685
112 186 9.065264
112 187 9.918649
112 188 8.841198
112 189 8.973296
112 190 9.818634
112 191 10.666225
112 192 8.420455
112 193 9.054646
112 194 10.765893
112 195 9.744209
112 196 9.152576
112 197 11.033292
112 198 9.067887
112 199 8.409980
112 200 9.159514
113 0 10.118301
113 1 9.001457
113 2 9.417768
113 3 8.500022
113 4 8.957320
113 5 9.333020
113 6 10.558910
113 7 10.976771
113 8 9.092823
113 9 10.606779
113 10 8.382270
113 11 11.025189
113 12 8.939643
113 13 8.669774
113 14 11.054293
113 15 8.858576
113 16 8.492328
113 17 10.257738
113 18 8.540748
113 19 8.671538
113 20 9.409755
113 21 9.677503
113 22 10.480270
113 23 8.392219
113 24 8.450638
113 25 10.600030
113 26 10.297251
113 27 10.629881
113 28 9.045957
113 29 10.336275
113 30 9.324659
113 31 10.478712
113 32 8.543652
113 33 9.198145
113 34 9.096392
113 35 8.402258
113 36 8.631856
113 37 11.020040
113 38 9.126110
113 39 9.739196
113 40 9.554498
113 41 9.430372
113 42 10.048073
113 43 9.699443
113 44 9.242473
113 45 9.427320
113 46 10.661928
113 47 10.524699
113 48 9.755651
113 49 10.793685
113 50 8.402956
113 51 10.929790
113 52 10.283107
113 53 8.612389
113 54 9.256218
113 55 9.001631
113 56 9.870346
113 57 8.672600
113 58 9.496388
113 59 11.090584
113 60 10.530071
113 61 10.690725
113 62 10.044058
113 63 10.919613
113 64 10.433067
113 65 8.449645
113 66 9.406169
113 67 9.647983
113 68 9.895642
113 69 9.282793
113 70 11.008012
113 71 9.142919
113 72 9.910112
113 73 9.519139
113 74 11.107869
113 75 9.688101
113 76 8.694905
113 77 8.610566
113 78 10.117004
113 79 10.672140
113 80 10.688466
113 81 10.529403
113 82 9.594989
113 83 9.426469
113 84 8.562850
113 85 8.753659
113 86 10.614013
113 87 8.544409
113 88 9.731913
113 89 9.306808
113 90 10.121389
113 91 9.946225
113 92 10.337689
113 93 9.010876
113 94 10.305814
113 95 10.663381
113 96 8.612306
113 97 11.031191
113 98 10.414917
113 99 10.161377
113 100 10.139449
113 101 9.609389
113 102 9.863485
113 103 10.180074
113 104 8.407983
113 105 9.107179
113 106 10.685867
113 107 9.330024
113 108 8.540170
113 109 8.741646
113 110 10.251738
113 111 10.090907
113 112 10.871992
113 113 0.000000
113 114 9.981208
113 115 8.617339
113 116 8.586504
113 117 10.844264
113 118 11.025318
113 119 8.924176
113 120 9.873259
113 121 8.406646
113 122 8.900236
113 123 9.779439
113 124 10.767611
113 125 9.504038
113 126 8.506440
113 127 10.835369
113 128 9.271839
113 129 8.999267
113 130 9.148818
113 131 10.831018
113 132 11.075455
113 133 10.392155
113 134 9.653024
113 135 9.189691
113 136 10.930325
113 137 9.203147
113 138 9.426589
113 139 11.108928
113 140 9.953320
113 141 10.220528
113 142 9.308171
113 143 8.511498
113 144 8.394510
113 145 9.382014
113 146 10.199775
113 147 10.194105
113 148 9.402711
113 149 9.380417
113 150 8.917622
113 151 8.744952
113 152 9.511123
113 153 10.828712
113 154 10.200751
113 155 9.434223
113 156 10.186922
113 157 9.990860
113 158 10.116309
113 159 10.089451
113 160 9.672543
113 161 10.261075
113 162 8.738027
113 163 8.473958
113 164 10.037775
113 165 9.666632
113 166 8.648138
113 167 10.936151
113 168 10.713674
113 169 11.058398
113 170 10.790075
113 171 8.380342
113 172 9.992875
113 173 8.886971
113 174 10.755159
113 175 9.110410
113 176 9.834948
113 177 10.764422
113 178 9.182670
113 179 10.792296
113 180 9.847376
113 181 8.643362
113 182 11.052093
113 183 8.726232
113 184 10.827865
113 185 10.236080
113 186 11.070671
113 187 9.749974
113 188 9.557936
113 189 10.511594
113 190 10.337586
113 191 9.795500
113 192 10.635773
113 193 9.874542
113 194 10.529723
113 195 10.306768
113 196 10.513121
113 197 9.902167
113 198 10.037622
113 199 8.489801
113 200 10.259519
114 0 10.034850
114 1 10.125799
114 2 10.972762
114 3 10.635370
114 4 9.897967
114 5 10.478171
114 6 9.735142
114 7 10.439622
114 8 10.418152
114 9 8.931974
114 10 9.455980
114 11 11.110545
114 12 9.799938
114 13 9.493392
114 14 9.794651
114 15 9.428874
114 16 9.285469
114 17 8.930384
114 18 9.920122
114 19 10.202347
114 20 8.627789
114 21 10.794384
114 22 9.938189
114 23 9.908191
114 24 9.263115
114 25 10.696256
114 26 9.121266
114 27 8.358228
114 28 8.375727
114 29 9.077665
114 30 10.748879
114 31 8.412938
114 32 10.070270
114 33 9.307700
114 34 10.002644
114 35 9.531677
114 36 10.257528
114 37 8.420740
114 38 8.750818
114 39 10.209058
114 40 8.565108
114 41 8.427266
114 42 10.445571
114 43 8.674822
114 44 10.941258
114 45 10.177631
114 46 10.288493
114 47 10.140756
114 48 9.881127
114 49 8.925475
114 50 8.898110
114 51 10.200651
114 52 9.167157
114 53 10.679623
114 54 10.104650
114 55 11.045671
114 56 10.654228
114 57 8.499585
114 58 8.738058
114 59 8.354279
114 60 9.969269
114 61 10.072074
114 62 10.627256
114 63 8.702660
114 64 9.882814
114 65 8.638321
114 66 10.735764
114 67 10.380862
114 68 10.553349
114 69 10.084203
114 70 9.248994
114 71 9.132758
114 72 9.981199
114 73 10.953131
114 74 9.338289
114 75 10.331422
114 76 11.094719
114 77 11.032451
114 78 10.988036
114 79 8.678195
114 80 9.636873
114 81 10.342154
114 82 9.835223
114 83 9.829054
114 84 9.272221
114 85 9.454802
114 86 9.681932
114 87 10.468989
114 88 10.116472
114 89 8.945615
114 90 9.189365
114 91 8.825439
114 92 8.490119
114 93 11.040129
114 94 9.101003
114 95 9.037632
114 96 10.660586
114 97 10.130258
114 98 10.110233
114 99 10.123632
114 100 8.861796
114 101 10.545271
114 102 10.064354
114 103 9.691410
114 104 9.178791
114 105 10.873781
114 106 10.912723
114 107 9.625405
114 108 10.202403
114 109 8.357674
114 110 10.234331
114 111 8.837203
114 112 10.371281
114 113 9.981208
114 114 0.000000
114 115 10.595310
114 116 8.818432
114 117 9.964540
114 118 10.163239
114 119 10.464055
114 120 9.690496
114 121 11.005410
114 122 10.871974
114 123 10.583209
114 124 10.876718
114 125 8.597704
114 126 10.887892
114 127 8.809545
114 128 9.892032
114 129 8.963210
114 130 9.994796
114 131 9.713811
114 132 9.993328
114 133 10.437890
114 134 10.960925
114 135 8.487886
114 136 10.922000
114 137 9.534017
114 138 9.228533
114 139 10.285199
114 140 9.808826
114 141 8.384783
114 142 10.667463
114 143 9.710929
114 144 10.100881
114 145 10.935342
114 146 9.410401
114 147 8.458641
114 148 10.984740
114 149 9.883041
114 150 10.806264
114 151 9.180752
114 152 11.086657
114 153 9.526059
114 154 10.958064
114 155 9.189565
114 156 9.385980
114 157 8.836920
114 158 8.339193
114 159 9.515547
114 160 10.438521
114 161 9.328432
114 162 8.788865
114 163 8.519333
114 164 9.304717
114 165 10.468245
114 166 8.432159
114 167 9.417193
114 168 9.470778
114 169 8.338188
114 170 9.819736
114 171 9.365874
114 172 8.857941
114 173 9.005833
114 174 9.939519
114 175 10.631166
114 176 9.506579
114 177 9.838237
114 178 9.144275
114 179 9.741002
114 180 9.295609
114 181 11.108210
114 182 10.506266
114 183 9.448924
114 184 9.834341
114 185 8.554416
114 186 8.831898
114 187 8.859698
114 188 8.574037
114 189 9.995221
114 190 10.255959
114 191 9.835254
114 192 8.580579
114 193 9.421842
114 194 10.441753
114 195 9.123969
114 196 9.433097
114 197 8.963591
114 198 8.507257
114 199 11.017275
114 200 8.769584
115 0 9.502548
115 1 9.599247
115 2 9.067217
115 3 9.439900
115 4 9.932712
115 5 9.867128
115 6 9.744931
115 7 9.541237
115 8 10.298887
115 9 9.461805
115 10 11.047246
115 11 9.802198
115 12 9.627387
115 13 10.938610
115 14 8.989503
115 15 10.629343
115 16 9.556886
115 17 9.942035
115 18 8.622890
115 19 9.732172
115 20 9.176552
115 21 10.032100
115 22 10.840353
115 23 10.332494
115 24 9.729268
115 25 10.166182
115 26 10.506609
115 27 9.702654
115 28 9.549863
115 29 10.786965
115 30 10.608162
115 31 10.683827
115 32 9.436078
115 33 9.535811
115 34 9.575742
115 35 10.252304
115 36 8.370406
115 37 10.771295
115 38 9.669013
115 39 8.561957
115 40 9.875529
115 41 9.410000
115 42 8.497807
115 43 9.409392
115 44 10.656361
115 45 11.079191
115 46 10.440774
115 47 9.003130
115 48 8.742358
115 49 11.021391
115 50 9.528325
115 51 9.537106
115 52 8.408846
115 53 10.818856
115 54 9.967408
115 55 8.411458
115 56 9.451036
115 57 10.871770
115 58 10.239563
115 59 9.603930
115 60 9.055154
115 61 8.472235
115 62 9.594343
115 63 11.004995
115 64 8.777313
115 65 10.870401
115 66 10.033057
115 67 10.059117
115 68 9.081173
115 69 9.843395
115 70 9.325832
115 71 8.793083
115 72 9.118521
115 73 9.659477
115 74 10.301764
115 75 8.448809
115 76 8.508929
115 77 10.877365
115 78 10.321460
115 79 10.386743
115 80 9.910310
115 81 10.213660
115 82 9.780797
115 83 9.165679
115 84 8.469644
115 85 11.014211
115 86 8.655573
115 87 10.018044
115 88 8.453227
115 89 9.055789
115 90 11.053024
115 91 10.771456
115 92 10.414608
115 93 8.648727
115 94 10.918991
115 95 8.869227
115 96 9.726981
115 97 10.582065
115 98 8.621669
115 99 9.670492
115 100 8.554439
115 101 10.793639
115 102 9.816042
115 103 10.061985
115 104 10.248538
115 105 8.683158
115 106 9.264320
115 107 9.728567
115 108 10.866258
115 109 9.915595
115 110 8.425547
115 111 10.826558
115 112 8.475237
115 113 8.617339
115 114 10.595310
115 115 0.000000
115 116 8.575526
115 117 9.315566
115 118 8.826298
115 119 8.355447
115 120 8.721559
115 121 9.922885
115 122 8.971039
115 123 10.091321
115 124 8.405528
115 125 10.110651
115 126 10.840304
115 127 10.078096
115 128 10.509494
115 129 9.710810
115 130 10.366090
115 131 8.933483
115 132 9.351538
115 133 10.829572
115 134 10.022485
115 135 9.337545
115 136 10.045818
115 137 8.404574
115 138 9.201718
115 139 10.913692
115 140 10.536296
115 141 10.005868
115 142 9.091297
115 143 10.482862
115 144 8.600335
115 145 9.267800
115 146 8.548890
115 147 11.007053
115 148 9.633097
115 149 9.810291
115 150 8.586260
115 151 10.461978
115 152 10.963254
115 153 8.714067
115 154 10.968285
115 155 8.420161
115 156 10.642730
115 157 8.951921
115 158 8.904525
115 159 8.727564
115 160 10.359710
115 161 10.562193
115 162 10.174379
115 163 8.334080
115 164 10.655912
115 165 9.543574
115 166 10.121810
115 167 9.895534
115 168 9.535210
115 169 8.479469
115 170 8.908194
115 171 8.372017
115 172 9.370800
115 173 11.034540
115 174 9.927834
115 175 8.637150
115 176 10.436530
115 177 10.453402
115 178 9.292770
115 179 10.145906
115 180 10.653029
115 181 9.969432
115 182 10.398901
115 183 9.698191
115 184 10.422777
115 185 8.387082
115 186 9.700430
115 187 9.087184
115 188 9.112708
115 189 9.151705
115 190 9.821969
115 191 9.812705
115 192 9.327318
115 193 9.174082
115 194 9.419558
115 195 8.458382
115 196 10.935928
115 197 10.498488
115 198 9.218009
115 199 10.911790
115 200 9.957881
116 0 9.668342
116 1 10.551486
116 2 9.440006
116 3 9.897896
116 4 10.403471
116 5 9.764778
116 6 9.126194
116 7 10.199733
116 8 10.264901
116 9 11.096080
116 10 10.557653
116 11 10.723007
116 12 8.743884
116 13 9.770558
116 14 8.892578
116 15 10.997296
116 16 8.979967
116 17 10.368056
116 18 10.176391
116 19 8.843974
116 20 8.604708
116 21 10.770943
116 22 9.999744
116 23 9.297043
116 24 10.755303
116 25 8.829796
116 26 9.307972
116 27 9.258012
116 28 8.954429
116 29 9.383918
116 30 9.030669
116 31 10.249892
116 32 10.894466
116 33 9.378632
116 34 8.853772
116 35 8.587729
116 36 8.529388
116 37 9.754418
116 38 8.787521
116 39 9.009373
116 40 10.979529
116 41 10.082352
116 42 8.370810
116 43 9.004285
116 44 8.716420
116 45 8.585399
116 46 10.027605
116 47 10.421519
116 48 8.537914
116 49 10.000806
116 50 10.041591
116 51 8.887105
116 52 9.430761
116 53 9.687036
116 54 9.801885
116 55 10.550724
116 56 9.401223
116 57 10.224998
116 58 9.198668
116 59 8.417452
116 60 10.331124
116 61 9.886466
116 62 9.474969
116 63 10.900191
116 64 8.781384
116 65 10.459962
116 66 10.333569
116 67 10.074365
116 68 8.467757
116 69 9.018794
116 70 10.416473
116 71 8.424208
116 72 9.604441
116 73 10.622160
116 74 8.453142
116 75 10.761403
116 76 8.852427
116 77 10.809971
116 78 9.526880
116 79 9.081320
116 80 8.479061
116 81 9.333010
116 82 10.317207
116 83 9.653218
116 84 8.457464
116 85 9.198784
116 86 10.705172
116 87 10.037412
116 88 10.000611
116 89 10.680150
116 90 10.706566
116 91 10.751663
116 92 9.833242
116 93 10.185675
116 94 10.793881
116 95 9.997414
116 96 8.706834
116 97 8.967104
116 98 9.326198
116 99 9.101156
116 100 8.807323
116 101 8.653174
116 102 10.030318
116 103 10.101666
116 104 8.822722
116 105 10.942967
116 106 10.296154
116 107 8.837411
116 108 10.853249
116 109 9.458174
116 110 8.752090
116 111 8.336126
116 112 9.872091
116 113 8.586504
116 114 8.818432
116 115 8.575526
116 116 0.000000
116 117 8.595559
116 118 9.882195
116 119 9.464905
116 120 8.484443
116 121 10.379352
116 122 10.545884
116 123 10.316227
116 124 10.341665
116 125 8.773147
116 126 10.176759
116 127 10.899369
116 128 9.837623
116 129 10.743337
116 130 10.812985
116 131 9.580312
116 132 8.554860
116 133 9.269453
116 134 10.698041
116 135 9.590042
116 136 10.213917
116 137 8.720213
116 138 10.635850
116 139 10.899397
116 140 8.901964
116 141 10.009937
116 142 10.486721
116 143 10.804550
116 144 10.863795
116 145 11.011376
116 146 10.727534
116 147 8.513354
116 148 8.381644
116 149 10.729516
116 150 9.852719
116 151 9.554407
116 152 10.618049
116 153 9.744065
116 154 9.313607
116 155 9.232739
116 156 9.349501
116 157 9.528590
116 158 9.521783
116 159 8.846945
116 160 9.101572
116 161 10.455546
116 162 9.574551
116 163 9.235796
116 164 10.114527
116 165 9.232891
116 166 8.361790
116 167 9.088673
116 168 9.507249
116 169 10.145478
116 170 11.057204
116 171 9.398854
116 172 8.690803
116 173 9.031022
116 174 10.615927
116 175 9.486379
116 176 10.291351
116 177 9.118260
116 178 9.556135
116 179 10.905320
116 180 9.865681
116 181 9.672215
116 182 8.854406
116 183 10.814593
116 184 8.981364
116 185 10.398859
116 186 9.638517
116 187 8.641771
116 188 9.240732
116 189 10.338762
116 190 9.508744
116 191 10.399977
116 192 9.117730
116 193 10.740590
116 194 8.563544
116 195 9.530279
116 196 9.561926
116 197 9.554584
116 198 10.038613
116 199 10.359752
116 200 9.384457
117 0 9.717733
117 1 8.518144
117 2 8.762415
117 3 10.387682
117 4 10.680985
117 5 8.678389
117 6 10.498548
117 7 9.132938
117 8 10.147972
117 9 9.537288
117 10 9.644758
117 11 9.100987
117 12 10.677506
117 13 8.630934
117 14 9.171705
117 15 8.975290
117 16 10.853195
117 17 8.534713
117 18 8.820753
117 19 9.182803
117 20 9.047791
117 21 9.110206
117 22 9.530255
117 23 8.866787
117 24 9.633194
117 25 9.484672
117 26 8.429302
117 27 10.040267
117 28 9.700887
117 29 9.761428
117 30 9.053716
117 31 9.283810
117 32 9.139497
117 33 9.542837
117 34 9.161569
117 35 10.173413
117 36 8.387874
117 37 8.507457
117 38 8.335711
117 39 8.750910
117 40 8.760323
117 41 10.720990
117 42 10.137953
117 43 8.759276
117 44 10.054887
117 45 10.686620
117 46 9.031882
117 47 10.549014
117 48 8.729209
117 49 9.682333
117 50 9.416527
117 51 9.016231
117 52 11.046085
117 53 9.069278
117 54 8.468917
117 55 10.447978
117 56 10.244613
117 57 10.695803
117 58 9.343086
117 59 10.669988
117 60 8.423687
117 61 10.874472
117 62 10.411546
117 63 9.485097
117 64 8.743113
117 65 9.942781
117 66 10.871247
117 67 10.752694
117 68 8.459567
117 69 9.448025
117 70 10.283799
117 71 10.112144
117 72 10.210820
117 73 10.001063
117 74 8.523216
117 75 8.986026
117 76 9.841575
117 77 10.467798
117 78 10.429649
117 79 10.851272
117 80 8.629300
117 81 10.885922
117 82 9.803903
117 83 10.101901
117 84 8.817273
117 85 10.963078
117 86 9.888093
117 87 10.714496
117 88 10.983563
117 89 9.893334
117 90 10.187145
117 91 8.396272
117 92 10.205016
117 93 8.394403
117 94 9.594001
117 95 10.008679
117 96 8.663571
117 97 10.638700
117 98 10.287247
117 99 9.593991
117 100 9.997162
117 101 8.770843
117 102 10.551916
117 103 10.573576
117 104 10.076289
117 105 10.319823
117 106 9.118743
117 107 8.929295
117 108 9.349467
117 109 9.589421
117 110 8.465677
117 111 10.335733
117 112 9.021746
117 113 10.844264
117 114 9.964540
117 115 9.315566
117 116 8.595559
117 117 0.000000
117 118 10.605316
117 119 9.540952
117 120 10.849597
117 121 9.837503
117 122 9.908389
117 123 10.145416
117 124 8.795205
117 125 9.243799
117 126 8.889823
117 127 10.242267
117 128 8.420926
117 129 10.764252
117 130 8.613631
117 131 9.102095
117 132 8.519556
117 133 11.105917
117 134 10.717665
117 135 10.916274
117 136 9.345702
117 137 10.101550
117 138 8.358138
117 139 10.859854
117 140 8.479250
117 141 9.437115
117 142 10.322818
117 143 8.690135
117 144 8.646808
117 145 8.474071
117 146 10.555362
117 147 10.739469
117 148 11.016801
117 149 11.095402
117 150 10.622999
117 151 8.402538
117 152 10.475507
117 153 10.144260
117 154 10.037010
117 155 10.288593
117 156 10.939548
117 157 8.806209
117 158 9.284012
117 159 11.091338
117 160 10.453425
117 161 11.098444
117 162 9.759761
117 163 8.409535
117 164 8.815365
117 165 9.158676
117 166 8.668470
117 167 8.443440
117 168 9.238674
117 169 10.660350
117 170 10.917980
117 171 10.573185
117 172 10.352273
117 173 10.712851
117 174 10.483169
117 175 10.391866
117 176 10.010207
117 177 9.267802
117 178 8.986109
117 179 8.787459
117 180 10.200165
117 181 9.562191
117 182 10.802276
117 183 11.005882
117 184 8.454851
117 185 11.106390
117 186 9.163577
117 187 11.010056
117 188 8.938657
117 189 9.685766
117 190 8.516457
117 191 8.566821
117 192 9.601047
117 193 9.305344
117 194 10.406190
117 195 9.728131
117 196 9.234770
117 197 9.328543
117 198 8.764589
117 199 9.401583
117 200 9.319128
118 0 8.389147
118 1 8.608159
118 2 9.266204
118 3 9.343258
118 4 9.202453
118 5 8.668898
118 6 9.499876
118 7 9.758858
118 8 10.268660
118 9 9.743221
118 10 8.597055
118 11 9.989289
118 12 11.100503
118 13 8.908964
118 14 10.580814
118 15 9.379751
118 16 10.432772
118 17 9.735707
118 18 9.461997
118 19 8.598255
118 20 11.104649
118 21 9.986947
118 22 9.759682
118 23 10.074819
118 24 8.505082
118 25 8.849616
118 26 9.657762
118 27 9.266022
118 28 10.713983
118 29 11.052332
118 30 8.845877
118 31 10.694077
118 32 10.141192
118 33 9.608054
118 34 9.706717
118 35 8.535767
118 36 9.262888
118 37 11.084226
118 38 9.019684
118 39 9.949691
118 40 9.654595
118 41 9.296473
118 42 9.690188
118 43 8.716271
118 44 8.883973
118 45 10.032515
118 46 10.166236
118 47 10.589061
118 48 8.710444
118 49 8.494908
118 50 9.926635
118 51 9.373139
118 52 8.335170
118 53 10.197844
118 54 10.163293
118 55 9.664392
118 56 9.800056
118 57 10.869789
118 58 8.831867
118 59 9.536903
118 60 8.572077
118 61 9.469894
118 62 9.504592
118 63 10.046028
118 64 9.262088
118 65 9.382834
118 66 10.733287
118 67 10.436289
118 68 11.031386
118 69 9.135008
118 70 10.851686
118 71 10.506216
118 72 9.362787
118 73 9.702895
118 74 10.686223
118 75 9.502026
118 76 9.816426
118 77 10.813661
118 78 8.509405
118 79 8.513449
118 80 9.602727
118 81 8.731309
118 82 10.848894
118 83 9.525405
118 84 8.718965
118 85 9.427967
118 86 9.763007
118 87 9.376972
118 88 9.293081
118 89 8.378313
118 90 9.662272
118 91 10.924552
118 92 10.993056
118 93 9.777488
118 94 9.804878
118 95 10.316720
118 96 9.714867
118 97 9.211747
118 98 10.163211
118 99 11.076869
118 100 9.562466
118 101 9.158003
118 102 10.563465
118 103 11.029029
118 104 9.070572
118 105 10.349235
118 106 11.099747
118 107 9.935064
118 108 8.770566
118 109 10.885594
118 110 9.553957
118 111 10.206087
118 112 10.813627
118 113 11.025318
118 114 10.163239
118 115 8.826298
118 116 9.882195
118 117 10.605316
118 118 0.000000
118 119 8.919489
118 120 8.516392
118 121 8.774865
118 122 10.415382
118 123 10.254837
118 124 9.017446
118 125 10.988293
118 126 8.359529
118 127 9.407329
118 128 10.409784
118 129 10.659212
118 130 9.932311
118 131 9.614666
118 132 10.956197
118 133 10.741240
118 134 9.309428
118 135 10.247944
118 136 10.001044
118 137 9.700133
118 138 8.347785
118 139 9.280921
118 140 10.740085
118 141 10.645446
118 142 10.152475
118 143 10.443633
118 144 10.765968
118 145 8.612374
118 146 9.330819
118 147 9.162710
118 148 9.974009
118 149 10.709462
118 150 10.097942
118 151 8.496595
118 152 8.890662
118 153 10.906134
118 154 10.964875
118 155 10.523108
118 156 9.742240
118 157 10.768674
118 158 9.548575
118 159 8.414129
118 160 8.459328
118 161 10.265672
118 162 9.894805
118 163 10.290346
118 164 10.251520
118 165 8.967330
118 166 10.729606
118 167 10.075249
118 168 10.344915
118 169 10.855678
118 170 10.901680
118 171 10.185900
118 172 10.334136
118 173 10.769726
118 174 9.206329
118 175 9.016282
118 176 10.068108
118 177 10.039879
118 178 9.805502
118 179 11.048212
118 180 9.389384
118 181 9.847707
118 182 10.564139
118 183 9.560694
118 184 9.936336
118 185 9.934207
118 186 9.269882
118 187 8.729810
118 188 8.634005
118 189 9.853103
118 190 8.961130
118 191 10.257432
118 192 10.286061
118 193 9.498284
118 194 9.526012
118 195 10.984264
118 196 10.733080
118 197 10.285894
118 198 9.576887
118 199 10.679202
118 200 9.118392
119 0 10.048590
119 1 8.655307
119 2 10.490990
119 3 10.094112
119 4 9.929955
119 5 9.454502
119 6 10.453680
119 7 9.829989
119 8 10.366776
119 9 10.972268
119 10 10.455648
119 11 8.815874
119 12 10.838756
119 13 9.149688
119 14 10.137623
119 15 8.390348
119 16 8.919179
119 17 10.836439
119 18 9.442026
119 19 9.429193
119 20 8.770309
119 21 9.471280
119 22 10.165022
119 23 9.542899
119 24 9.824136
119 25 10.252770
119 26 10.135007
119 27 8.597954
119 28 10.777704
119 29 11.093322
119 30 10.435587
119 31 10.964653
119 32 8.771307
119 33 9.388296
119 34 9.193675
119 35 9.149475
119 36 9.288507
119 37 8.568076
119 38 8.939160
119 39 10.525090
119 40 10.836870
119 41 9.568799
119 42 9.829627
119 43 8.355937
119 44 9.090027
119 45 10.055940
119 46 9.502176
119 47 9.017204
119 48 10.195376
119 49 8.780671
119 50 9.088220
119 51 10.081753
119 52 9.256422
119 53 8.392140
119 54 9.750437
119 55 10.634999
119 56 10.681724
119 57 10.509839
119 58 10.824838
119 59 10.634533
119 60 10.903190
119 61 9.216078
119 62 10.862573
119 63 8.597649
119 64 8.895817
119 65 10.936072
119 66 10.865966
119 67 9.102599
119 68 9.221694
119 69 9.941483
119 70 9.474268
119 71 10.841819
119 72 9.020767
119 73 10.052861
119 74 10.812823
119 75 9.590110
119 76 10.895974
119 77 8.370090
119 78 9.496821
119 79 9.954115
119 80 9.144723
119 81 10.583723
119 82 8.438330
119 83 8.656486
119 84 10.399507
119 85 10.375495
119 86 9.082890
119 87 8.922641
119 88 8.991466
119 89 10.907076
119 90 9.669287
119 91 11.015989
119 92 10.313463
119 93 9.072122
119 94 10.849903
119 95 9.886942
119 96 8.890608
119 97 10.865265
119 98 10.172811
119 99 10.562566
119 100 9.746685
119 101 9.419938
119 102 10.000515
119 103 9.061160
119 104 10.139543
119 105 10.675636
119 106 10.092064
119 107 9.167044
119 108 9.492556
119 109 9.779851
119 110 11.066380
119 111 9.082848
119 112 8.402535
119 113 8.924176
119 114 10.464055
119 115 8.355447
119 116 9.464905
119 117 9.540952
119 118 8.919489
119 119 0.000000
119 120 10.750209
119 121 8.960580
119 122 8.692762
119 123 10.278748
119 124 10.532618
119 125 10.576883
119 126 8.822750
119 127 8.750185
119 128 9.499464
119 129 9.285233
119 130 8.996401
119 131 10.744581
119 132 8.575803
119 133 9.449976
119 134 10.031321
119 135 9.545678
119 136 11.007725
119 137 10.342880
119 138 9.580517
119 139 10.253978
119 140 8.873224
119 141 8.441873
119 142 10.812504
119 143 9.732959
119 144 9.686875
119 145 11.083013
119 146 8.882861
119 147 9.302837
119 148 8.523472
119 149 10.163630
119 150 9.317043
119 151 10.763739
119 152 10.302162
119 153 10.630845
119 154 8.952906
119 155 10.255889
119 156 8.474857
119 157 9.202884
119 158 9.372871
119 159 8.888738
119 160 8.871428
119 161 9.947846
119 162 8.346763
119 163 10.169161
119 164 9.920142
119 165 10.550970
119 166 11.063500
119 167 8.373647
119 168 9.451031
119 169 9.411200
119 170 10.648707
119 171 10.004093
119 172 10.759453
119 173 9.135529
119 174 10.542402
119 175 9.942424
119 176 10.275990
119 177 10.764200
119 178 9.846425
119 179 9.237067
119 180 8.703489
119 181 11.053984
119 182 9.669374
119 183 10.327572
119 184 9.617237
119 185 9.654183
119 186 10.766204
119 187 9.459713
119 188 9.031434
119 189 10.200999
119 190 10.670433
119 191 10.105390
119 192 11.013988
119 193 9.984670
119 194 8.443066
119 195 10.287685
119 196 10.226811
119 197 10.967580
119 198 9.738340
119 199 10.475634
119 200 10.261553
120 0 10.738529
120 1 8.780268
120 2 10.090130
120 3 9.242780
120 4 9.466870
120 5 8.628091
120 6 9.226757
120 7 9.481429
120 8 8.548870
120 9 8.714281
120 10 9.111535
120 11 10.204594
120 12 10.816049
120 13 10.729952
120 14 9.672380
120 15 8.654080
120 16 11.099995
120 17 9.475223
120 18 8.417414
120 19 9.400276
120 20 10.997162
120 21 9.522297
120 22 8.663667
120 23 9.891997
120 24 8.671697
120 25 9.758157
120 26 10.148349
120 27 9.199704
120 28 10.529120
120 29 10.800066
120 30 9.847501
120 31 9.377714
120 32 8.366401
120 33 10.455757
120 34 10.107472
120 35 9.887993
120 36 8.817715
120 37 8.598604
120 38 9.453650
120 39 10.349315
120 40 10.827115
120 41 8.542439
120 42 10.020538
120 43 10.862182
120 44 9.584012
120 45 8.421015
120 46 10.774140
120 47 10.957704
120 48 10.791170
120 49 9.901718
120 50 9.942125
120 51 10.337470
120 52 10.068496
120 53 10.732116
120 54 10.229036
120 55 10.364528
120 56 10.936973
120 57 9.473562
120 58 9.450213
120 59 10.212446
120 60 8.801824
120 61 11.012387
120 62 8.417367
120 63 9.014414
120 64 9.483252
120 65 10.288597
120 66 8.747695
120 67 8.481917
120 68 10.855978
120 69 8.464622
120 70 8.774397
120 71 10.991241
120 72 8.516708
120 73 9.435006
120 74 9.180148
120 75 9.573738
120 76 10.053290
120 77 10.665304
120 78 10.874532
120 79 10.549752
120 80 8.904053
120 81 9.442966
120 82 8.919217
120 83 9.940226
120 84 9.780329
120 85 9.577925
120 86 8.858972
120 87 9.889278
120 88 10.188871
120 89 10.415801
120 90 8.576276
120 91 9.438371
120 92 10.967228
120 93 10.050461
120 94 9.466955
120 95 8.743358
120 96 9.552415
120 97 8.905943
120 98 9.345325
120 99 9.902506
120 100 9.867576
120 101 10.062262
120 102 8.869249
120 103 8.910038
120 104 10.357446
120 105 10.955839
120 106 9.273739
120 107 10.473464
120 108 9.811253
120 109 8.461817
120 110 10.592493
120 111 10.106160
120 112 11.041124
120 113 9.873259
120 114 9.690496
120 115 8.721559
120 116 8.484443
120 117 10.849597
120 118 8.516392
120 119 10.750209
120 120 0.000000
120 121 9.127320
120 122 8.450312
120 123 8.624074
120 124 9.027493
120 125 10.046887
120 126 9.400459
120 127 10.723485
120 128 9.922828
120 129 8.782808
120 130 9.573095
120 131 9.662702
120 132 10.944084
120 133 10.423500
120 134 9.154492
120 135 8.497426
120 136 9.011772
120 137 9.941942
120 138 10.083850
120 139 8.337171
120 140 10.750570
120 141 10.965167
120 142 9.603494
120 143 9.520062
120 144 10.745374
120 145 10.118070
120 146 9.464891
120 147 8.588792
120 148 9.674092
120 149 8.816836
120 150 8.878368
120 151 10.002603
120 152 10.204613
120 153 9.331332
120 154 8.905908
120 155 9.317083
120 156 10.539551
120 157 9.415157
120 158 9.062855
120 159 9.610173
120 160 9.399098
120 161 11.054415
120 162 9.097977
120 163 8.656357
120 164 9.695734
120 165 10.652711
120 166 8.716679
120 167 10.511302
120 168 10.199165
120 169 10.118504
120 170 11.010316
120 171 10.411814
120 172 9.824384
120 173 9.039568
120 174 9.912988
120 175 9.512685
120 176 9.108760
120 177 11.079720
120 178 8.389779
120 179 9.550083
120 180 10.324489
120 181 9.527980
120 182 9.000341
120 183 8.523411
120 184 9.260697
120 185 8.711223
120 186 10.444158
120 187 9.471073
120 188 9.615128
120 189 10.620839
120 190 9.964307
120 191 8.634288
120 192 11.095579
120 193 8.443187
120 194 9.793640
120 195 8.937770
120 196 8.444841
120 197 8.833216
120 198 8.557897
120 199 8.394003
120 200 10.716695
121 0 9.076344
121 1 9.157574
121 2 8.389015
121 3 9.715979
121 4 9.706955
121 5 10.463874
121 6 9.244839
121 7 9.126521
121 8 9.927265
121 9 9.408022
121 10 10.148455
121 11 11.083251
121 12 10.454951
121 13 8.833642
121 14 10.289760
121 15 9.849482
121 16 9.118012
121 17 10.572937
121 18 8.588289
121 19 10.542422
121 20 11.064281
121 21 9.467798
121 22 10.400937
121 23 9.953493
121 24 10.676064
121 25 9.140997
121 26 9.092836
121 27 11.030009
121 28 10.473589
121 29 9.674660
121 30 10.020497
121 31 9.142078
121 32 10.714394
121 33 9.803771
121 34 9.000104
121 35 8.920537
121 36 9.434790
121 37 9.336412
121 38 11.054911
121 39 8.470715
121 40 9.414810
121 41 10.091938
121 42 9.722230
121 43 10.392477
121 44 10.471674
121 45 9.384440
121 46 8.853958
121 47 8.916493
121 48 9.613875
121 49 11.049127
121 50 9.718352
121 51 8.447458
121 52 9.652161
121 53 8.789532
121 54 10.222402
121 55 9.662002
121 56 8.821869
121 57 8.867040
121 58 9.361758
121 59 11.028370
121 60 8.517108
121 61 10.988852
121 62 9.942859
121 63 8.761804
121 64 9.973606
121 65 8.458749
121 66 9.533519
121 67 10.929125
121 68 8.988114
121 69 9.698738
121 70 8.373675
121 71 8.894481
121 72 10.899898
121 73 8.380295
121 74 11.070290
121 75 9.248965
121 76 10.265796
121 77 8.392699
121 78 10.219030
121 79 10.525447
121 80 10.082242
121 81 9.801739
121 82 9.446202
121 83 10.132431
121 84 10.632029
121 85 11.042539
121 86 10.159299
121 87 9.979385
121 88 10.952803
121 89 9.446166
121 90 8.593671
121 91 9.511006
121 92 10.905312
121 93 11.044461
121 94 9.520662
121 95 10.754148
121 96 10.617349
121 97 10.500106
121 98 10.386897
121 99 10.376913
121 100 11.052716
121 101 10.517467
121 102 10.601623
121 103 9.071161
121 104 10.987188
121 105 9.299185
121 106 10.010091
121 107 9.063948
121 108 8.838336
121 109 10.007365
121 110 9.876949
121 111 9.436697
121 112 9.968183
121 113 8.406646
121 114 11.005410
121 115 9.922885
121 116 10.379352
121 117 9.837503
121 118 8.774865
121 119 8.960580
121 120 9.127320
121 121 0.000000
121 122 10.011611
121 123 9.209882
121 124 10.604745
121 125 10.232154
121 126 9.837206
121 127 10.126266
121 128 10.215037
121 129 10.747369
121 130 9.865734
121 131 9.360250
121 132 9.612936
121 133 11.104264
121 134 10.792264
121 135 10.626597
121 136 9.480712
121 137 9.525293
121 138 10.595326
121 139 10.485350
121 140 11.107393
121 141 10.289326
121 142 10.157702
121 143 8.788672
121 144 9.474982
121 145 10.984098
121 146 9.271875
121 147 10.185751
121 148 8.448077
121 149 8.393666
121 150 10.273860
121 151 10.909662
121 152 9.271300
121 153 9.709730
121 154 10.305904
121 155 11.046775
121 156 10.747687
121 157 8.919733
121 158 10.711566
121 159 9.112524
121 160 10.912142
121 161 9.620182
121 162 8.879567
121 163 8.737188
121 164 8.843417
121 165 10.245559
121 166 9.998191
121 167 8.625804
121 168 8.854227
121 169 9.593288
121 170 10.062746
121 171 9.066497
121 172 10.997147
121 173 9.279698
121 174 11.077262
121 175 9.658306
121 176 8.819421
121 177 10.388490
121 178 10.679167
121 179 9.625993
121 180 10.806432
121 181 9.593655
121 182 10.280596
121 183 9.731353
121 184 9.153610
121 185 10.008563
121 186 9.325832
121 187 8.987419
121 188 10.586481
121 189 8.400441
121 190 10.692781
121 191 10.051417
121 192 9.107375
121 193 9.431207
121 194 9.533019
121 195 10.625229
121 196 11.045243
121 197 9.814544
121 198 8.635690
121 199 10.497548
121 200 8.581874
122 0 9.829256
122 1 10.519819
122 2 9.317091
122 3 8.347174
122 4 10.657136
122 5 9.243201
122 6 10.573775
122 7 10.636450
122 8 8.637166
122 9 10.179595
122 10 10.558083
122 11 11.023975
122 12 8.843964
122 13 10.011886
122 14 10.968421
122 15 10.321624
122 16 10.469188
122 17 8.755029
122 18 9.481546
122 19 9.215881
122 20 8.661096
122 21 8.404177
122 22 8.782507
122 23 10.152593
122 24 9.814988
122 25 8.609619
122 26 10.578261
122 27 11.022017
122 28 9.074840
122 29 10.713729
122 30 8.691049
122 31 10.311427
122 32 10.832554
122 33 10.800727
122 34 9.657625
122 35 9.185933
122 36 8.890398
122 37 10.071753
122 38 9.870251
122 39 8.549483
122 40 8.359323
122 41 8.412915
122 42 8.720895
122 43 10.569970
122 44 9.511345
122 45 8.574179
122 46 8.654670
122 47 9.534566
122 48 8.385081
122 49 10.723723
122 50 11.062200
122 51 10.947782
122 52 8.707783
122 53 10.592342
122 54 8.445449
122 55 9.400057
122 56 9.140267
122 57 10.278541
122 58 8.926308
122 59 10.799843
122 60 8.887717
122 61 10.292763
122 62 11.099134
122 63 10.027245
122 64 9.652419
122 65 8.447252
122 66 8.465398
122 67 10.876883
122 68 9.563238
122 69 9.214765
122 70 9.432542
122 71 10.531025
122 72 9.245954
122 73 10.227587
122 74 9.226183
122 75 9.506105
122 76 8.549578
122 77 10.539541
122 78 9.922899
122 79 8.819234
122 80 9.056685
122 81 9.182684
122 82 10.791099
122 83 10.917665
122 84 11.002984
122 85 9.716504
122 86 10.601799
122 87 10.944167
122 88 9.369789
122 89 10.866034
122 90 10.679150
122 91 10.420666
122 92 10.501884
122 93 9.810550
122 94 9.917822
122 95 10.734223
122 96 10.580797
122 97 10.198186
122 98 9.737052
122 99 9.100900
122 100 10.645499
122 101 8.439064
122 102 10.902708
122 103 10.191254
122 104 10.686767
122 105 9.967832
122 106 10.853117
122 107 9.031318
122 108 9.324835
122 109 8.946127
122 110 9.428128
122 111 11.015437
122 112 8.922635
122 113 8.900236
122 114 10.871974
122 115 8.971039
122 116 10.545884
122 117 9.908389
122 118 10.415382
122 119 8.692762
122 120 8.450312
122 121 10.011611
122 122 0.000000
122 123 9.943247
122 124 10.759279
122 125 9.728585
122 126 10.123529
122 127 10.813629
122 128 11.071616
122 129 9.820241
122 130 8.432875
122 131 8.930299
122 132 10.913802
122 133 10.018702
122 134 9.133009
122 135 10.163398
122 136 9.575999
122 137 10.429937
122 138 9.557242
122 139 9.985873
122 140 9.623018
122 141 9.102175
122 142 9.544716
122 143 10.162415
122 144 8.546576
122 145 10.294586
122 146 8.805107
122 147 10.629002
122 148 8.456808
122 149 8.939616
122 150 10.030744
122 151 9.952512
122 152 8.801070
122 153 10.663394
122 154 10.362469
122 155 9.379626
122 156 10.003123
122 157 8.926621
122 158 8.722823
122 159 10.545005
122 160 9.208273
122 161 8.810623
122 162 9.199789
122 163 8.882230
122 164 10.940413
122 165 8.413839
122 166 10.493230
122 167 9.173287
122 168 11.032344
122 169 8.857813
122 170 10.484953
122 171 9.128119
122 172 10.752626
122 173 9.532049
122 174 10.173014
122 175 10.228463
122 176 10.251159
122 177 9.318141
122 178 8.789126
122 179 8.650528
122 180 9.974307
122 181 10.877583
122 182 9.978291
122 183 10.873901
122 184 8.590346
122 185 8.544509
122 186 9.960009
122 187 9.893826
122 188 10.948125
122 189 9.799005
122 190 10.867384
122 191 9.959564
122 192 9.644772
122 193 10.944409
122 194 9.131122
122 195 9.289524
122 196 10.985299
122 197 9.044807
122 198 10.998169
122 199 8.406577
122 200 9.622920
123 0 9.971070
123 1 10.301904
123 2 10.703329
123 3 8.740441
123 4 8.724075
123 5 9.083966
123 6 9.488724
123 7 8.605181
123 8 9.655246
123 9 9.726070
123 10 9.960258
123 11 9.479860
123 12 10.665502
123 13 10.545913
123 14 8.366447
123 15 10.499537
123 16 10.736384
123 17 10.851508
123 18 10.170503
123 19 9.056367
123 20 9.371787
123 21 8.609422
123 22 9.542537
123 23 10.069936
123 24 10.764657
123 25 10.970584
123 26 9.904157
123 27 9.178295
123 28 8.337596
123 29 9.489280
123 30 9.966822
123 31 10.337597
123 32 8.610516
123 33 8.888761
123 34 9.271866
123 35 9.726558
123 36 11.104971
123 37 10.489237
123 38 10.684116
123 39 11.079925
123 40 10.306376
123 41 9.862854
123 42 10.528761
123 43 9.228187
123 44 8.567116
123 45 9.138201
123 46 9.392587
123 47 10.142394
123 48 9.645569
123 49 8.663459
123 50 10.969346
123 51 10.820830
123 52 9.890734
123 53 9.749937
123 54 8.447696
123 55 9.052784
123 56 10.556177
123 57 10.460842
123 58 11.073661
123 59 8.559823
123 60 8.849433
123 61 10.239513
123 62 10.028542
123 63 8.676078
123 64 10.713983
123 65 10.011970
123 66 9.930139
123 67 10.974042
123 68 9.854460
123 69 8.757773
123 70 11.032888
123 71 9.467754
123 72 8.479906
123 73 10.416870
123 74 10.785145
123 75 9.834504
123 76 8.356332
123 77 9.911685
123 78 8.869189
123 79 10.194444
123 80 10.680048
123 81 10.455986
123 82 8.904862
123 83 9.735005
123 84 9.795370
123 85 9.080160
123 86 10.688419
123 87 9.115996
123 88 8.962902
123 89 8.594266
123 90 10.443207
123 91 10.522473
123 92 8.676296
123 93 10.091193
123 94 8.431510
123 95 11.018905
123 96 10.068688
123 97 9.560307
123 98 9.436864
123 99 9.992654
123 100 8.583202
123 101 9.362397
123 102 10.187024
123 103 9.440655
123 104 10.774891
123 105 9.750869
123 106 8.762568
123 107 9.525210
123 108 8.369061
123 109 10.755732
123 110 9.929414
123 111 9.288357
123 112 8.889793
123 113 9.779439
123 114 10.583209
123 115 10.091321
123 116 10.316227
123 117 10.145416
123 118 10.254837
123 119 10.278748
123 120 8.624074
123 121 9.209882
123 122 9.943247
123 123 0.000000
123 124 10.620595
123 125 10.530250
123 126 10.452444
123 127 11.081821
123 128 9.830672
123 129 8.466852
123 130 10.503415
123 131 9.080200
123 132 10.391559
123 133 9.038431
123 134 10.465686
123 135 8.511971
123 136 10.409511
123 137 10.913581
123 138 9.256368
123 139 9.303811
123 140 11.064172
123 141 8.424443
123 142 9.864425
123 143 10.460050
123 144 9.806033
123 145 9.134060
123 146 10.676078
123 147 9.090932
123 148 9.887139
123 149 10.445058
123 150 10.233416
123 151 8.848290
123 152 10.096592
123 153 10.428978
123 154 8.982998
123 155 9.699005
123 156 9.874365
123 157 10.691899
123 158 10.273222
123 159 8.552327
123 160 10.192772
123 161 10.400298
123 162 10.177419
123 163 8.816308
123 164 9.230527
123 165 8.620902
123 166 8.468928
123 167 9.661498
123 168 10.528601
123 169 9.453668
123 170 8.377055
123 171 9.189947
123 172 8.985266
123 173 10.310698
123 174 10.374180
123 175 9.015911
123 176 8.459565
123 177 9.069903
123 178 9.447295
123 179 9.902521
123 180 9.207730
123 181 9.635322
123 182 8.343183
123 183 8.914835
123 184 10.327291
123 185 8.950469
123 186 10.330744
123 187 8.703134
123 188 8.775732
123 189 9.201561
123 190 10.999598
123 191 9.114869
123 192 10.273722
123 193 8.363584
123 194 9.016409
123 195 9.503653
123 196 10.113998
123 197 10.774917
123 198 8.439729
123 199 10.259064
123 200 9.938590
124 0 9.528454
124 1 9.086461
124 2 10.172643
124 3 8.806276
124 4 9.609611
124 5 9.939059
124 6 10.551399
124 7 10.104566
124 8 8.769525
124 9 10.876411
124 10 10.508450
124 11 11.075493
124 12 10.167941
124 13 8.771934
124 14 11.080581
124 15 9.956274
124 16 10.432808
124 17 9.380791
124 18 10.848877
124 19 10.895584
124 20 10.920292
124 21 10.644528
124 22 9.389984
124 23 10.845501
124 24 10.400543
124 25 8.346556
124 26 10.966344
124 27 8.800704
124 28 10.946341
124 29 10.167071
124 30 9.720160
124 31 10.369090
124 32 9.178352
124 33 8.581814
124 34 9.975576
124 35 10.099344
124 36 9.129903
124 37 8.703337
124 38 9.201091
124 39 10.065564
124 40 9.175563
124 41 9.357213
124 42 8.600593
124 43 9.566383
124 44 9.858564
124 45 10.029647
124 46 10.768422
124 47 8.590785
124 48 9.572096
124 49 10.638770
124 50 10.758538
124 51 9.278369
124 52 9.524462
124 53 10.381976
124 54 8.894414
124 55 10.341450
124 56 8.365870
124 57 10.310139
124 58 8.343919
124 59 8.408012
124 60 9.877147
124 61 10.641059
124 62 9.151243
124 63 9.766388
124 64 9.051092
124 65 10.632432
124 66 10.880525
124 67 8.925263
124 68 8.489197
124 69 9.632810
124 70 8.855980
124 71 9.935815
124 72 10.985556
124 73 10.774891
124 74 10.105830
124 75 10.199786
124 76 8.517833
124 77 10.212490
124 78 9.722967
124 79 9.331354
124 80 9.748391
124 81 9.919293
124 82 9.648407
124 83 8.974750
124 84 9.959650
124 85 8.777219
124 86 10.026335
124 87 10.625121
124 88 9.502361
124 89 9.287833
124 90 9.884149
124 91 11.075092
124 92 9.264009
124 93 10.902382
124 94 10.667205
124 95 9.685981
124 96 9.361899
124 97 9.579421
124 98 9.408221
124 99 9.713251
124 100 10.913094
124 101 8.806981
124 102 10.934059
124 103 9.778931
124 104 11.107559
124 105 10.702399
124 106 9.280855
124 107 11.108532
124 108 9.836385
124 109 10.503078
124 110 10.234140
124 111 10.251106
124 112 8.906590
124 113 10.767611
124 114 10.876718
124 115 8.405528
124 116 10.341665
124 117 8.795205
124 118 9.017446
124 119 10.532618
124 120 9.027493
124 121 10.604745
124 122 10.759279
124 123 10.620595
124 124 0.000000
124 125 9.760977
124 126 9.686705
124 127 10.002624
124 128 9.181902
124 129 8.560430
124 130 8.537272
124 131 8.659808
124 132 8.717199
124 133 8.957662
124 134 10.915145
124 135 10.748869
124 136 9.725828
124 137 8.665852
124 138 9.721869
124 139 9.719866
124 140 9.488939
124 141 11.032035
124 142 8.427354
124 143 10.701362
124 144 9.076614
124 145 9.604984
124 146 9.037122
124 147 10.279894
124 148 9.157749
124 149 10.187014
124 150 8.914539
124 151 8.631164
124 152 8.497365
124 153 8.703194
124 154 9.349092
124 155 10.760374
124 156 9.149945
124 157 10.792089
124 158 10.339758
124 159 10.139878
124 160 8.589275
124 161 8.781700
124 162 9.722075
124 163 10.441253
124 164 9.717559
124 165 10.742244
124 166 8.996556
124 167 9.710972
124 168 8.799564
124 169 9.435161
124 170 10.628641
124 171 10.045058
124 172 9.689668
124 173 8.823023
124 174 10.780167
124 175 8.770747
124 176 8.728342
124 177 10.447653
124 178 8.379421
124 179 10.390984
124 180 10.970774
124 181 10.897020
124 182 10.885872
124 183 8.821121
124 184 11.062073
124 185 10.945695
124 186 10.112691
124 187 9.415771
124 188 9.908815
124 189 9.471301
124 190 8.409642
124 191 10.243320
124 192 8.908552
124 193 9.330687
124 194 8.686627
124 195 10.699653
124 196 8.456394
124 197 9.304169
124 198 8.373842
124 199 9.214888
124 200 9.059603
125 0 10.470619
125 1 10.159355
125 2 10.607384
125 3 10.145028
125 4 8.398832
125 5 8.534906
125 6 8.987407
125 7 8.534794
125 8 10.984946
125 9 9.537777
125 10 9.653866
125 11 8.567274
125 12 10.507096
125 13 8.932343
125 14 10.950633
125 15 9.159598
125 16 9.366374
125 17 10.059625
125 18 8.993991
125 19 10.355556
125 20 9.052249
125 21 10.730370
125 22 9.308816
125 23 10.916292
125 24 9.266657
125 25 9.356563
125 26 10.757140
125 27 9.212711
125 28 9.545297
125 29 11.002664
125 30 9.872256
125 31 8.915946
125 32 9.357475
125 33 10.592188
125 34 11.001919
125 35 10.190376
125 36 8.648558
125 37 8.477086
125 38 11.055133
125 39 10.159171
125 40 10.474612
125 41 9.378031
125 42 8.850516
125 43 10.863973
125 44 10.432950
125 45 9.746818
125 46 11.094458
125 47 9.738776
125 48 10.697643
125 49 10.305310
125 50 10.343982
125 51 10.328179
125 52 8.991039
125 53 8.591023
125 54 9.522883
125 55 8.625683
125 56 8.561378
125 57 9.705111
125 58 9.313486
125 59 8.850397
125 60 10.563772
125 61 9.132220
125 62 8.628163
125 63 11.026377
125 64 10.860079
125 65 10.183848
125 66 10.622433
125 67 9.487040
125 68 8.622782
125 69 8.698416
125 70 9.089984
125 71 10.969227
125 72 11.076451
125 73 8.891117
125 74 9.519189
125 75 9.171290
125 76 8.723389
125 77 10.630380
125 78 9.538624
125 79 9.538867
125 80 8.992678
125 81 10.144392
125 82 10.523502
125 83 10.789087
125 84 10.272183
125 85 11.011225
125 86 8.808713
125 87 9.835294
125 88 9.514768
125 89 9.598525
125 90 10.362608
125 91 9.821509
125 92 10.263037
125 93 8.719699
125 94 9.498240
125 95 9.628246
125 96 10.158901
125 97 10.509847
125 98 8.848153
125 99 9.066665
125 100 8.916111
125 101 8.758273
125 102 8.488207
125 103 10.240690
125 104 8.809191
125 105 9.903144
125 106 10.616158
125 107 8.602706
125 108 11.025185
125 109 8.662569
125 110 10.284933
125 111 10.517300
125 112 8.819228
125 113 9.504038
125 114 8.597704
125 115 10.110651
125 116 8.773147
125 117 9.243799
125 118 10.988293
125 119 10.576883
125 120 10.046887
125 121 10.232154
125 122 9.728585
125 123 10.530250
125 124 9.760977
125 125 0.000000
125 126 8.915285
125 127 9.680836
125 128 9.308033
125 129 8.842426
125 130 8.718929
125 131 10.572594
125 132 10.477217
125 133 8.737439
125 134 8.888772
125 135 10.233148
125 136 10.410674
125 137 8.565508
125 138 10.250964
125 139 9.849279
125 140 9.447852
125 141 9.573027
125 142 10.424517
125 143 8.476946
125 144 9.602023
125 145 9.860371
125 146 8.815208
125 147 9.367899
125 148 8.859324
125 149 10.719015
125 150 9.592640
125 151 10.746820
125 152 10.751799
125 153 8.824404
125 154 8.349471
125 155 11.088443
125 156 9.396237
125 157 9.233940
125 158 8.415785
125 159 10.570628
125 160 9.349907
125 161 10.216806
125 162 9.664835
125 163 9.706860
125 164 8.816355
125 165 9.684419
125 166 10.601072
125 167 9.556240
125 168 9.473417
125 169 9.447555
125 170 9.585428
125 171 10.474232
125 172 8.983858
125 173 10.924872
125 174 9.385144
125 175 9.879764
125 176 10.283694
125 177 10.556358
125 178 10.216306
125 179 10.739112
125 180 10.392642
125 181 9.326612
125 182 10.020795
125 183 9.476960
125 184 9.485512
125 185 10.349433
125 186 10.717228
125 187 8.716231
125 188 10.154208
125 189 9.305633
125 190 9.504197
125 191 11.078642
125 192 10.440261
125 193 8.938634
125 194 8.943053
125 195 9.905619
125 196 9.615344
125 197 10.509860
125 198 10.820291
125 199 8.681013
125 200 10.072080
126 0 8.885203
126 1 8.907546
126 2 10.657606
126 3 9.050615
126 4 9.385061
126 5 9.795186
126 6 8.968580
126 7 10.200627
126 8 8.753562
126 9 10.127990
126 10 10.873161
126 11 9.945973
126 12 8.691589
126 13 11.016724
126 14 8.589707
126 15 9.848809
126 16 10.146911
126 17 10.330775
126 18 10.616950
126 19 8.647868
126 20 10.248900
126 21 10.000522
126 22 8.725102
126 23 10.905505
126 24 9.165300
126 25 9.357212
126 26 8.662244
126 27 9.206974
126 28 10.360941
126 29 9.474609
126 30 9.877585
126 31 8.536832
126 32 10.059272
126 33 10.093447
126 34 8.837518
126 35 9.015549
126 36 8.589412
126 37 9.789768
126 38 9.928635
126 39 10.803194
126 40 10.250221
126 41 10.290800
126 42 9.308654
126 43 8.593912
126 44 10.629982
126 45 10.703286
126 46 9.042093
126 47 10.047058
126 48 10.283966
126 49 8.799068
126 50 8.690274
126 51 8.811830
126 52 9.837062
126 53 10.212200
126 54 10.161698
126 55 8.464226
126 56 9.580946
126 57 10.005449
126 58 10.478529
126 59 10.203072
126 60 8.991961
126 61 8.521402
126 62 10.317931
126 63 9.812461
126 64 9.011360
126 65 9.423072
126 66 9.603359
126 67 10.078061
126 68 10.747256
126 69 8.530681
126 70 11.076993
126 71 9.704677
126 72 8.389022
126 73 9.794082
126 74 11.043256
126 75 9.874879
126 76 8.482675
126 77 9.577115
126 78 9.332304
126 79 11.108714
126 80 10.876604
126 81 8.939228
126 82 9.483097
126 83 8.434773
126 84 9.010249
126 85 8.544659
126 86 8.792369
126 87 10.800936
126 88 10.215724
126 89 10.838067
126 90 9.981261
126 91 9.310635
126 92 9.649465
126 93 9.562734
126 94 8.862151
126 95 9.668616
126 96 11.000448
126 97 9.793459
126 98 8.410964
126 99 8.875970
126 100 10.209113
126 101 10.253550
126 102 10.960391
126 103 10.466435
126 104 8.555443
126 105 9.590712
126 106 9.125134
126 107 10.597715
126 108 8.946910
126 109 10.682013
126 110 10.176170
126 111 9.645637
126 112 9.792410
126 113 8.506440
126 114 10.887892
126 115 10.840304
126 116 10.176759
126 117 8.889823
126 118 8.359529
126 119 8.822750
126 120 9.400459
126 121 9.837206
126 122 10.123529
126 123 10.452444
126 124 9.686705
126 125 8.915285
126 126 0.000000
126 127 10.369606
126 128 8.673164
126 129 10.572030
126 130 8.500214
126 131 10.584770
126 132 9.903012
126 133 8.486931
126 134 10.361787
126 135 10.429540
126 136 9.336074
126 137 9.647043
126 138 9.185948
126 139 8.637098
126 140 9.840650
126 141 9.697495
126 142 10.450360
126 143 10.998265
126 144 10.465142
126 145 11.021628
126 146 8.451679
126 147 8.792962
126 148 11.042120
126 149 9.717195
126 150 9.879121
126 151 8.792427
126 152 9.180450
126 153 9.996710
126 154 10.154087
126 155 9.741924
126 156 9.563699
126 157 8.626134
126 158 11.097984
126 159 10.569585
126 160 9.148950
126 161 8.449688
126 162 8.793498
126 163 10.926819
126 164 11.110378
126 165 10.429245
126 166 10.705326
126 167 9.289535
126 168 8.385906
126 169 10.516548
126 170 9.278755
126 171 10.724909
126 172 9.122956
126 173 8.360005
126 174 8.421683
126 175 9.326236
126 176 9.682370
126 177 9.161408
126 178 11.009860
126 179 8.622369
126 180 10.182145
126 181 10.737070
126 182 8.992134
126 183 9.978932
126 184 8.592607
126 185 10.869824
126 186 10.227219
126 187 8.554305
126 188 8.422226
126 189 8.735002
126 190 9.804449
126 191 8.493354
126 192 8.571492
126 193 10.958303
126 194 9.485217
126 195 10.041339
126 196 10.489535
126 197 9.958852
126 198 9.990824
126 199 8.493155
126 200 8.351376
127 0 10.968171
127 1 8.532833
127 2 11.100894
127 3 10.525296
127 4 9.435427
127 5 8.386230
127 6 10.223012
127 7 9.284642
127 8 11.039556
127 9 9.253073
127 10 9.701405
127 11 8.416560
127 12 8.457091
127 13 10.433669
127 14 9.590478
127 15 8.423664
127 16 9.852659
127 17 9.786733
127 18 9.237189
127 19 10.552464
127 20 9.037039
127 21 10.364736
127 22 9.963301
127 23 10.201229
127 24 10.983556
127 25 9.428547
127 26 9.861106
127 27 8.906043
127 28 9.900482
127 29 10.773251
127 30 10.380930
127 31 10.425351
127 32 8.498388
127 33 9.373396
127 34 10.285699
127 35 9.041429
127 36 9.077175
127 37 10.261571
127 38 9.640769
127 39 10.205745
127 40 9.389556
127 41 10.438587
127 42 10.157254
127 43 10.799697
127 44 10.195472
127 45 10.505126
127 46 10.605217
127 47 10.265209
127 48 10.644658
127 49 10.610003
127 50 9.444494
127 51 10.868530
127 52 9.118518
127 53 9.600770
127 54 9.954260
127 55 9.911550
127 56 10.178306
127 57 10.953849
127 58 8.959543
127 59 10.904900
127 60 10.776123
127 61 9.348502
127 62 8.470186
127 63 10.678160
127 64 10.550219
127 65 10.505003
127 66 10.390785
127 67 9.229942
127 68 11.067545
127 69 8.677571
127 70 10.342662
127 71 10.327231
127 72 8.728342
127 73 10.368141
127 74 10.164166
127 75 8.342383
127 76 8.875269
127 77 9.038531
127 78 10.378663
127 79 10.986273
127 80 11.067885
127 81 9.278489
127 82 8.990174
127 83 9.509786
127 84 8.843742
127 85 10.247584
127 86 10.051582
127 87 9.883810
127 88 10.619243
127 89 9.744020
127 90 9.477623
127 91 9.166734
127 92 9.185738
127 93 9.842817
127 94 8.947970
127 95 8.738083
127 96 10.714606
127 97 8.344489
127 98 10.840486
127 99 9.666058
127 100 8.374120
127 101 9.937822
127 102 8.961044
127 103 10.789333
127 104 10.132080
127 105 10.270139
127 106 9.553731
127 107 8.911896
127 108 9.758044
127 109 9.702276
127 110 9.116048
127 111 9.506987
127 112 8.414099
127 113 10.835369
127 114 8.809545
127 115 10.078096
127 116 10.899369
127 117 10.242267
127 118 9.407329
127 119 8.750185
127 120 10.723485
127 121 10.126266
127 122 10.813629
127 123 11.081821
127 124 10.002624
127 125 9.680836
127 126 10.369606
127 127 0.000000
127 128 10.036334
127 129 9.581067
127 130 8.918270
127 131 10.007088
127 132 8.429370
127 133 10.450601
127 134 10.468062
127 135 9.483675
127 136 10.534377
127 137 9.699238
127 138 8.555813
127 139 9.191687
127 140 8.862026
127 141 8.660947
127 142 10.615813
127 143 8.722063
127 144 10.865610
127 145 10.348800
127 146 10.654316
127 147 11.075883
127 148 10.718174
127 149 10.170712
127 150 10.429073
127 151 9.473522
127 152 9.423578
127 153 10.897676
127 154 8.732109
127 155 10.147059
127 156 8.926982
127 157 8.775094
127 158 10.558398
127 159 10.286281
127 160 9.347238
127 161 8.497920
127 162 8.902331
127 163 9.411348
127 164 9.422230
127 165 8.950406
127 166 9.559289
127 167 9.402021
127 168 9.049217
127 169 10.985674
127 170 10.276576
127 171 9.372383
127 172 8.552136
127 173 10.516011
127 174 9.253160
127 175 9.184198
127 176 10.050272
127 177 9.356725
127 178 9.507176
127 179 9.200310
127 180 10.135965
127 181 8.758869
127 182 8.450286
127 183 9.652400
127 184 9.290243
127 185 10.566016
127 186 9.864139
127 187 8.882985
127 188 10.075107
127 189 10.520406
127 190 9.028918
127 191 9.066652
127 192 10.882689
127 193 10.160131
127 194 9.952997
127 195 10.911627
127 196 9.122263
127 197 10.335439
127 198 9.370589
127 199 9.503372
127 200 10.999956
128 0 8.803051
128 1 8.529984
128 2 10.566841
128 3 10.143351
128 4 9.481850
128 5 10.478401
128 6 10.049649
128 7 9.808931
128 8 10.771621
128 9 9.129734
128 10 8.903229
128 11 9.443283
128 12 10.790396
128 13 8.538243
128 14 9.331079
128 15 9.623319
128 16 8.932124
128 17 8.744076
128 18 9.620788
128 19 9.837814
128 20 10.735669
128 21 10.748568
128 22 10.518786
128 23 9.739358
128 24 11.041880
128 25 10.994845
128 26 9.974541
128 27 9.257843
128 28 8.700496
128 29 9.846470
128 30 8.941538
128 31 9.930640
128 32 9.210265
128 33 10.994477
128 34 10.011418
128 35 11.028573
128 36 9.637198
128 37 10.312012
128 38 8.533783
128 39 9.633925
128 40 8.587949
128 41 9.887154
128 42 9.784148
128 43 8.955669
128 44 10.035363
128 45 9.172761
128 46 9.104982
128 47 9.761916
128 48 9.723740
128 49 8.901873
128 50 8.916218
128 51 9.825779
128 52 8.927475
128 53 8.411789
128 54 11.083770
128 55 10.922016
128 56 8.764471
128 57 10.784590
128 58 8.675771
128 59 8.460678
128 60 9.403869
128 61 9.512825
128 62 8.367929
128 63 10.272990
128 64 9.276314
128 65 10.369793
128 66 8.466227
128 67 8.658768
128 68 9.104331
128 69 10.314795
128 70 10.399860
128 71 8.956362
128 72 10.266817
128 73 10.124781
128 74 10.840495
128 75 10.263603
128 76 10.219596
128 77 9.770440
128 78 10.045655
128 79 9.688112
128 80 9.480348
128 81 10.226605
128 82 10.914428
128 83 8.912968
128 84 8.542607
128 85 9.594008
128 86 9.938533
128 87 11.037701
128 88 9.747386
128 89 8.645641
128 90 11.064026
128 91 8.895165
128 92 9.126915
128 93 9.060661
128 94 9.788281
128 95 9.221854
128 96 10.537283
128 97 9.026590
128 98 10.562502
128 99 10.167096
128 100 8.924916
128 101 8.583705
128 102 9.313776
128 103 9.833513
128 104 8.897036
128 105 9.833929
128 106 9.692892
128 107 8.347508
128 108 9.114374
128 109 9.880047
128 110 9.518790
128 111 9.680483
128 112 10.444266
128 113 9.271839
128 114 9.892032
128 115 10.509494
128 116 9.837623
128 117 8.420926
128 118 10.409784
128 119 9.499464
128 120 9.922828
128 121 10.215037
128 122 11.071616
128 123 9.830672
128 124 9.181902
128 125 9.308033
128 126 8.673164
128 127 10.036334
128 128 0.000000
128 129 8.523085
128 130 9.218226
128 131 9.975888
128 132 10.940320
128 133 10.203266
128 134 10.089757
128 135 9.209872
128 136 10.153436
128 137 9.506014
128 138 9.784230
128 139 10.115146
128 140 8.489784
128 141 10.102368
128 142 10.929023
128 143 10.367728
128 144 10.262570
128 145 9.962281
128 146 9.574176
128 147 9.037046
128 148 10.218279
128 149 9.380492
128 150 10.389487
128 151 10.815402
128 152 10.057573
128 153 11.006980
128 154 8.900565
128 155 10.715305
128 156 9.857967
128 157 8.917664
128 158 10.354448
128 159 8.777482
128 160 10.751909
128 161 8.626503
128 162 8.333794
128 163 8.933697
128 164 8.930286
128 165 10.526388
128 166 8.579564
128 167 10.676656
128 168 10.002785
128 169 9.823185
128 170 10.260738
128 171 9.928874
128 172 8.447986
128 173 8.416557
128 174 10.264492
128 175 8.729726
128 176 10.034895
128 177 8.724906
128 178 10.786076
128 179 9.146387
128 180 9.289492
128 181 9.719585
128 182 10.679907
128 183 9.907458
128 184 8.540852
128 185 10.032496
128 186 8.510926
128 187 9.321589
128 188 11.007568
128 189 8.776444
128 190 10.910888
128 191 9.212977
128 192 10.588442
128 193 10.358148
128 194 9.256471
128 195 9.405868
128 196 8.567547
128 197 10.849756
128 198 9.935636
128 199 10.071047
128 200 8.442281
129 0 10.318396
129 1 10.004870
129 2 9.066925
129 3 8.586021
129 4 9.151589
129 5 10.772128
129 6 9.924055
129 7 9.301368
129 8 10.489019
129 9 8.405682
129 10 9.771214
129 11 9.169147
129 12 10.261423
129 13 8.934858
129 14 9.498666
129 15 10.057120
129 16 10.988588
129 17 9.322949
129 18 9.713310
129 19 10.001232
129 20 10.538182
129 21 10.062127
129 22 10.930771
129 23 9.463487
129 24 10.676206
129 25 9.316395
129 26 9.585434
129 27 10.629060
129 28 8.642299
129 29 10.296944
129 30 10.100694
129 31 9.487371
129 32 10.743291
129 33 8.454261
129 34 10.653346
129 35 8.843969
129 36 9.087997
129 37 10.256555
129 38 9.252618
129 39 9.147091
129 40 9.759626
129 41 9.267273
129 42 9.218654
129 43 9.775218
129 44 10.531990
129 45 8.450361
129 46 8.949167
129 47 9.062841
129 48 8.422639
129 49 10.392860
129 50 10.495263
129 51 10.987046
129 52 9.474439
129 53 10.952896
129 54 8.542450
129 55 10.276143
129 56 8.962425
129 57 10.958507
129 58 8.622457
129 59 10.675840
129 60 10.141178
129 61 10.345018
129 62 9.561559
129 63 10.572730
129 64 9.667042
129 65 8.691357
129 66 10.671723
129 67 10.608067
129 68 10.060875
129 69 8.897661
129 70 10.209298
129 71 9.180111
129 72 10.891049
129 73 9.786297
129 74 10.260344
129 75 10.521716
129 76 8.780458
129 77 10.678816
129 78 9.373019
129 79 8.468110
129 80 10.597277
129 81 8.413135
129 82 8.776795
129 83 9.129510
129 84 9.248171
129 85 8.515423
129 86 10.633748
129 87 10.383499
129 88 8.803485
129 89 9.538278
129 90 8.481649
129 91 10.701207
129 92 8.804701
129 93 9.495769
129 94 9.084815
129 95 10.388011
129 96 9.958727
129 97 10.204240
129 98 8.408192
129 99 8.739487
129 100 9.816358
129 101 9.659833
129 102 8.954617
129 103 10.236172
129 104 8.953917
129 105 10.965558
129 106 10.705944
129 107 9.745277
129 108 10.412587
129 109 10.881661
129 110 8.493213
129 111 10.465292
129 112 8.870310
129 113 8.999267
129 114 8.963210
129 115 9.710810
129 116 10.743337
129 117 10.764252
129 118 10.659212
129 119 9.285233
129 120 8.782808
129 121 10.747369
129 122 9.820241
129 123 8.466852
129 124 8.560430
129 125 8.842426
129 126 10.572030
129 127 9.581067
129 128 8.523085
129 129 0.000000
129 130 8.421337
129 131 8.765673
129 132 10.462689
129 133 10.775815
129 134 10.234257
129 135 8.683586
129 136 9.450912
129 137 9.264475
129 138 10.244623
129 139 9.624228
129 140 10.633906
129 141 9.519476
129 142 10.640225
129 143 8.367959
129 144 9.865843
129 145 10.534006
129 146 8.761774
129 147 9.365669
129 148 8.666154
129 149 9.077225
129 150 8.627058
129 151 10.817348
129 152 9.219699
129 153 9.596631
129 154 9.034701
129 155 9.916485
129 156 9.559874
129 157 9.625821
129 158 10.117648
129 159 9.920010
129 160 10.615232
129 161 9.421838
129 162 9.054539
129 163 9.534242
129 164 8.428399
129 165 9.166462
129 166 10.676145
129 167 10.836023
129 168 10.481936
129 169 10.609166
129 170 8.563458
129 171 9.439791
129 172 10.222567
129 173 8.443125
129 174 9.124523
129 175 8.394400
129 176 10.108214
129 177 9.868524
129 178 9.512085
129 179 9.968104
129 180 10.937942
129 181 9.331479
129 182 9.612883
129 183 10.024215
129 184 9.242236
129 185 9.115777
129 186 10.607276
129 187 8.384421
129 188 10.534946
129 189 10.753003
129 190 9.967673
129 191 9.172769
129 192 8.439769
129 193 10.550491
129 194 8.887626
129 195 8.397895
129 196 9.858040
129 197 8.953833
129 198 10.851347
129 199 9.728488
129 200 10.408235
130 0 9.687802
130 1 10.611495
130 2 8.484220
130 3 10.259861
130 4 10.011896
130 5 8.722277
130 6 9.201962
130 7 8.928995
130 8 11.069967
130 9 8.423935
130 10 9.742858
130 11 8.439165
130 12 11.000369
130 13 10.813865
130 14 8.814532
130 15 10.625634
130 16 8.918859
130 17 9.971661
130 18 10.498428
130 19 8.438630
130 20 9.214017
130 21 10.913130
130 22 8.967589
130 23 8.786305
130 24 10.220521
130 25 10.499836
130 26 9.570884
130 27 9.858614
130 28 9.366169
130 29 9.896709
130 30 10.050711
130 31 9.428999
130 32 10.932790
130 33 9.035723
130 34 10.960219
130 35 11.019426
130 36 8.724998
130 37 8.557955
130 38 9.495390
130 39 8.428973
130 40 9.902791
130 41 10.848952
130 42 10.665710
130 43 10.219693
130 44 10.444336
130 45 8.698021
130 46 9.506956
130 47 9.244790
130 48 8.705893
130 49 9.473549
130 50 10.265086
130 51 10.774456
130 52 8.698447
130 53 11.045589
130 54 9.767768
130 55 10.405549
130 56 9.782817
130 57 10.959828
130 58 8.927862
130 59 9.211232
130 60 10.243947
130 61 9.056565
130 62 10.906556
130 63 10.196994
130 64 10.082068
130 65 10.023261
130 66 8.775137
130 67 10.282367
130 68 10.068683
130 69 10.223210
130 70 10.139473
130 71 11.037040
130 72 10.066003
130 73 10.261789
130 74 9.343982
130 75 8.373290
130 76 9.690401
130 77 8.700173
130 78 10.636764
130 79 10.127944
130 80 10.681980
130 81 10.836078
130 82 10.283876
130 83 10.792249
130 84 8.676822
130 85 8.760559
130 86 11.038141
130 87 10.640368
130 88 8.357896
130 89 10.809423
130 90 9.838242
130 91 10.680621
130 92 9.742100
130 93 8.955417
130 94 8.777962
130 95 10.362182
130 96 9.999195
130 97 9.525363
130 98 11.021549
130 99 10.691211
130 100 10.544821
130 101 8.437789
130 102 10.753136
130 103 10.268003
130 104 10.173781
130 105 9.471033
130 106 9.753657
130 107 10.389502
130 108 9.060885
130 109 10.279128
130 110 9.045647
130 111 8.592682
130 112 10.610831
130 113 9.148818
130 114 9.994796
130 115 10.366090
130 116 10.812985
130 117 8.613631
130 118 9.932311
130 119 8.996401
130 120 9.573095
130 121 9.865734
130 122 8.432875
130 123 10.503415
130 124 8.537272
130 125 8.718929
130 126 8.500214
130 127 8.918270
130 128 9.218226
130 129 8.421337
130 130 0.000000
130 131 9.875713
130 132 10.934660
130 133 10.768427
130 134 10.607220
130 135 9.369838
130 136 8.610736
130 137 8.772558
130 138 8.641737
130 139 9.775897
130 140 9.868285
130 141 10.047442
130 142 9.448306
130 143 10.383897
130 144 9.220532
130 145 10.984750
130 146 9.237098
130 147 8.550845
130 148 9.402084
130 149 9.182832
130 150 8.455408
130 151 10.222199
130 152 10.760344
130 153 8.741994
130 154 9.029107
130 155 9.548464
130 156 8.968247
130 157 10.018084
130 158 10.227647
130 159 10.223107
130 160 8.646680
130 161 10.585044
130 162 8.653982
130 163 10.927194
130 164 10.052473
130 165 9.764331
130 166 9.288312
130 167 8.654960
130 168 9.049067
130 169 10.663993
130 170 10.462553
130 171 8.562018
130 172 8.925844
130 173 10.745862
130 174 8.530866
130 175 10.125112
130 176 9.097184
130 177 10.435912
130 178 9.518745
130 179 10.801325
130 180 9.224336
130 181 9.151588
130 182 9.243840
130 183 9.815721
130 184 10.006174
130 185 9.783523
130 186 8.513103
130 187 10.065423
130 188 10.531045
130 189 11.082714
130 190 9.940032
130 191 9.802495
130 192 10.099804
130 193 8.635487
130 194 8.931869
130 195 8.345730
130 196 8.564673
130 197 10.546268
130 198 10.429714
130 199 10.140633
130 200 8.517104
131 0 8.623376
131 1 8.478674
131 2 8.987355
131 3 11.045833
131 4 11.066419
131 5 9.850589
131 6 9.763196
131 7 9.763615
131 8 8.394781
131 9 9.504631
131 10 9.682139
131 11 9.697617
131 12 9.982653
131 13 9.513708
131 14 10.732750
131 15 9.210822
131 16 10.854323
131 17 10.474909
131 18 9.364593
131 19 10.943969
131 20 8.347151
131 21 8.334432
131 22 8.641663
131 23 8.708059
131 24 8.877729
131 25 8.598213
131 26 8.949519
131 27 8.944977
131 28 8.982293
131 29 9.245179
131 30 8.894541
131 31 10.075281
131 32 9.240219
131 33 10.003672
131 34 8.955311
131 35 9.346596
131 36 8.832730
131 37 10.841046
131 38 9.024004
131 39 10.674902
131 40 8.385406
131 41 10.894764
131 42 8.925160
131 43 11.011714
131 44 10.500430
131 45 9.943512
131 46 10.788829
131 47 10.001278
131 48 9.049200
131 49 9.242742
131 50 9.930047
131 51 8.469301
131 52 8.872854
131 53 10.987168
131 54 9.517275
131 55 9.192346
131 56 8.960410
131 57 9.287044
131 58 9.397287
131 59 9.514615
131 60 9.732993
131 61 8.922068
131 62 9.063163
131 63 9.331727
131 64 8.398277
131 65 10.960268
131 66 8.603022
131 67 9.061188
131 68 10.603103
131 69 10.761525
131 70 11.077705
131 71 10.624823
131 72 8.693062
131 73 9.824328
131 74 9.928383
131 75 10.119659
131 76 9.193528
131 77 9.094704
131 78 10.143748
131 79 10.292111
131 80 8.428212
131 81 9.771111
131 82 10.164335
131 83 9.133530
131 84 9.707321
131 85 8.475196
131 86 10.820810
131 87 11.071583
131 88 8.470299
131 89 9.225165
131 90 8.712972
131 91 10.730736
131 92 10.434724
131 93 10.146185
131 94 10.064904
131 95 10.298726
131 96 10.627225
131 97 10.693732
131 98 9.081588
131 99 8.843251
131 100 10.594795
131 101 9.350144
131 102 9.379889
131 103 11.066419
131 104 9.766181
131 105 8.996061
131 106 10.749509
131 107 9.748155
131 108 9.643123
131 109 10.009485
131 110 10.113788
131 111 9.357382
131 112 9.798645
131 113 10.831018
131 114 9.713811
131 115 8.933483
131 116 9.580312
131 117 9.102095
131 118 9.614666
131 119 10.744581
131 120 9.662702
131 121 9.360250
131 122 8.930299
131 123 9.080200
131 124 8.659808
131 125 10.572594
131 126 10.584770
131 127 10.007088
131 128 9.975888
131 129 8.765673
131 130 9.875713
131 131 0.000000
131 132 9.335107
131 133 8.352874
131 134 10.631515
131 135 8.569249
131 136 10.972528
131 137 9.139896
131 138 11.017744
131 139 8.615886
131 140 9.664941
131 141 9.849375
131 142 8.899198
131 143 10.065447
131 144 9.078707
131 145 9.565642
131 146 9.392948
131 147 8.713071
131 148 8.647760
131 149 10.964966
131 150 10.077661
131 151 10.455877
131 152 10.359505
131 153 8.506715
131 154 10.128903
131 155 9.915459
131 156 8.412916
131 157 9.737350
131 158 10.277036
131 159 9.980821
131 160 9.606232
131 161 10.668761
131 162 8.553268
131 163 9.383444
131 164 10.590110
131 165 8.732246
131 166 9.483257
131 167 9.760938
131 168 9.448897
131 169 10.487051
131 170 10.673742
131 171 9.044977
131 172 9.769333
131 173 9.966754
131 174 8.876394
131 175 10.620291
131 176 10.142308
131 177 9.405189
131 178 10.999504
131 179 9.530402
131 180 9.841554
131 181 9.008877
131 182 9.491702
131 183 9.302984
131 184 10.137338
131 185 10.625332
131 186 10.367534
131 187 9.568018
131 188 8.768693
131 189 10.514826
131 190 10.267299
131 191 9.920794
131 192 9.711508
131 193 9.689076
131 194 8.793993
131 195 8.367541
131 196 8.885929
131 197 9.779625
131 198 10.999037
131 199 9.040264
131 200 10.764860
132 0 9.961191
132 1 9.315654
132 2 10.489766
132 3 9.071057
132 4 9.414109
132 5 10.623143
132 6 11.050382
132 7 9.614892
132 8 9.993850
132 9 9.504683
132 10 8.960683
132 11 8.941973
132 12 9.613971
132 13 8.583818
132 14 8.689006
132 15 9.786705
132 16 8.683215
132 17 9.431325
132 18 10.989879
132 19 9.894002
132 20 11.102074
132 21 9.422734
132 22 10.031113
132 23 10.453052
132 24 11.047874
132 25 9.055588
132 26 8.508041
132 27 10.228240
132 28 8.403825
132 29 10.766846
132 30 10.187018
132 31 9.043726
132 32 10.457205
132 33 8.553508
132 34 8.508539
132 35 9.798392
132 36 8.396856
132 37 8.394884
132 38 11.008261
132 39 10.151592
132 40 8.885284
132 41 9.604128
132 42 8.513740
132 43 10.950396
132 44 11.079385
132 45 10.967993
132 46 10.364450
132 47 9.874738
132 48 10.057438
132 49 9.464850
132 50 9.332919
132 51 10.674041
132 52 9.199961
132 53 10.218164
132 54 10.510338
132 55 9.540132
132 56 9.245553
132 57 10.065075
132 58 11.036430
132 59 9.560177
132 60 9.316763
132 61 9.098356
132 62 10.145079
132 63 9.002554
132 64 8.712012
132 65 8.964325
132 66 10.336273
132 67 9.872229
132 68 8.490318
132 69 10.426658
132 70 9.566123
132 71 10.360250
132 72 10.980808
132 73 8.361936
132 74 10.651261
132 75 9.622892
132 76 8.487774
132 77 10.999380
132 78 9.136485
132 79 9.156777
132 80 8.729943
132 81 8.648711
132 82 10.211991
132 83 10.036979
132 84 10.070768
132 85 10.005368
132 86 9.738680
132 87 10.595886
132 88 9.748255
132 89 9.349746
132 90 9.129432
132 91 11.091219
132 92 10.725734
132 93 10.774858
132 94 8.653267
132 95 9.595678
132 96 9.681667
132 97 9.565047
132 98 9.363336
132 99 10.704555
132 100 10.838501
132 101 9.765618
132 102 8.750921
132 103 9.970957
132 104 8.631570
132 105 10.896248
132 106 10.937561
132 107 9.022969
132 108 8.981893
132 109 10.397234
132 110 9.776977
132 111 9.743068
132 112 10.221594
132 113 11.075455
132 114 9.993328
132 115 9.351538
132 116 8.554860
132 117 8.519556
132 118 10.956197
132 119 8.575803
132 120 10.944084
132 121 9.612936
132 122 10.913802
132 123 10.391559
132 124 8.717199
132 125 10.477217
132 126 9.903012
132 127 8.429370
132 128 10.940320
132 129 10.462689
132 130 10.934660
132 131 9.335107
132 132 0.000000
132 133 10.453964
132 134 8.445751
132 135 9.798056
132 136 10.333769
132 137 10.765001
132 138 8.514363
132 139 9.966822
132 140 8.567814
132 141 10.994470
132 142 8.656284
132 143 10.181624
132 144 9.393515
132 145 10.434308
132 146 8.801351
132 147 8.917020
132 148 9.871083
132 149 11.076410
132 150 10.241846
132 151 10.629662
132 152 9.867980
132 153 9.751368
132 154 9.716403
132 155 8.697160
132 156 8.535774
132 157 9.756424
132 158 9.556766
132 159 8.382286
132 160 8.710467
132 161 9.947554
132 162 8.439589
132 163 11.056675
132 164 10.501508
132 165 10.534406
132 166 9.490937
132 167 10.021845
132 168 9.249561
132 169 8.725286
132 170 10.480704
132 171 10.704399
132 172 8.845383
132 173 8.614347
132 174 10.385492
132 175 9.611744
132 176 9.907813
132 177 11.007631
132 178 8.980452
132 179 9.143549
132 180 9.648261
132 181 8.999289
132 182 9.008701
132 183 9.477763
132 184 11.048755
132 185 9.468960
132 186 9.847274
132 187 9.203140
132 188 8.712033
132 189 9.031087
132 190 8.589657
132 191 8.790523
132 192 9.301070
132 193 9.693189
132 194 9.040655
132 195 9.267269
132 196 10.231013
132 197 9.401219
132 198 8.422165
132 199 10.509877
132 200 9.856331
133 0 9.351795
133 1 8.680053
133 2 8.585373
133 3 10.533450
133 4 10.270110
133 5 8.628433
133 6 10.132809
133 7 9.160277
133 8 9.019297
133 9 10.608035
133 10 11.050694
133 11 10.206815
133 12 9.567243
133 13 8.800403
133 14 9.312225
133 15 8.706527
133 16 8.975586
133 17 10.067510
133 18 9.945024
133 19 8.455309
133 20 9.343288
133 21 10.979722
133 22 9.050963
133 23 9.170993
133 24 10.020475
133 25 9.764934
133 26 10.526540
133 27 8.943464
133 28 10.275703
133 29 9.880578
133 30 10.789051
133 31 9.161244
133 32 10.890879
133 33 8.565671
133 34 8.435928
133 35 8.413026
133 36 11.065479
133 37 10.270763
133 38 8.709963
133 39 9.316899
133 40 9.241820
133 41 10.137877
133 42 9.230138
133 43 8.820926
133 44 9.709214
133 45 10.949641
133 46 10.029805
133 47 10.164662
133 48 9.055886
133 49 8.544355
133 50 10.309768
133 51 9.196689
133 52 9.278243
133 53 11.085150
133 54 10.377532
133 55 9.956656
133 56 10.339611
133 57 8.897027
133 58 8.397041
133 59 10.777298
133 60 9.266547
133 61 10.203160
133 62 10.892401
133 63 10.492690
133 64 9.044394
133 65 10.899998
133 66 9.813297
133 67 10.628377
133 68 9.773459
133 69 10.783708
133 70 9.482135
133 71 9.702440
133 72 8.421482
133 73 10.319246
133 74 10.226303
133 75 10.316898
133 76 11.026175
133 77 9.619732
133 78 10.864328
133 79 9.757675
133 80 9.266663
133 81 8.468871
133 82 10.661856
133 83 11.067775
133 84 9.733675
133 85 10.898695
133 86 8.401089
133 87 9.816803
133 88 10.283677
133 89 8.916479
133 90 10.823175
133 91 10.149759
133 92 8.851603
133 93 8.931204
133 94 10.585441
133 95 11.031818
133 96 9.191930
133 97 11.079072
133 98 10.963287
133 99 8.457577
133 100 10.796076
133 101 10.913504
133 102 10.816464
133 103 10.077982
133 104 10.383285
133 105 9.540512
133 106 9.571503
133 107 10.072473
133 108 9.128102
133 109 10.479139
133 110 10.973977
133 111 9.445486
133 112 10.413364
133 113 10.392155
133 114 10.437890
133 115 10.829572
133 116 9.269453
133 117 11.105917
133 118 10.741240
133 119 9.449976
133 120 10.423500
133 121 11.104264
133 122 10.018702
133 123 9.038431
133 124 8.957662
133 125 8.737439
133 126 8.486931
133 127 10.450601
133 128 10.203266
133 129 10.775815
133 130 10.768427
133 131 8.352874
133 132 10.453964
133 133 0.000000
133 134 9.190969
133 135 10.212262
133 136 8.603282
133 137 8.954419
133 138 8.958755
133 139 10.408545
133 140 9.036054
133 141 8.478649
133 142 9.596630
133 143 9.417734
133 144 9.916142
133 145 9.184464
133 146 10.136265
133 147 9.027290
133 148 9.974116
133 149 9.288107
133 150 10.215559
133 151 10.146639
133 152 9.867107
133 153 9.473391
133 154 8.894966
133 155 9.182683
133 156 10.915594
133 157 8.909267
133 158 10.367422
133 159 9.557133
133 160 9.604840
133 161 8.820754
133 162 10.377565
133 163 11.084456
133 164 9.501379
133 165 9.068106
133 166 9.879088
133 167 10.291450
133 168 10.397363
133 169 11.078479
133 170 8.906419
133 171 9.595930
133 172 10.264970
133 173 9.237227
133 174 10.814043
133 175 10.572813
133 176 9.713447
133 177 9.701424
133 178 10.952934
133 179 9.153497
133 180 8.432463
133 181 10.290998
133 182 8.448396
133 183 10.651240
133 184 9.149786
133 185 9.269703
133 186 10.202845
133 187 9.657618
133 188 9.872700
133 189 8.601147
133 190 9.564591
133 191 10.155277
133 192 10.388734
133 193 9.347570
133 194 8.472627
133 195 11.065148
133 196 10.902781
133 197 8.823009
133 198 11.069982
133 199 8.412820
133 200 8.617847
134 0 9.026024
134 1 11.046390
134 2 9.267073
134 3 10.967296
134 4 8.551434
134 5 9.305081
134 6 10.685598
134 7 9.306920
134 8 8.793410
134 9 9.282339
134 10 8.447125
134 11 10.276210
134 12 10.272708
134 13 10.453275
134 14 10.725238
134 15 8.705793
134 16 8.480559
134 17 10.909909
134 18 8.702097
134 19 10.171308
134 20 9.985211
134 21 9.056224
134 22 10.472525
134 23 9.061342
134 24 9.726766
134 25 8.708153
134 26 8.755312
134 27 8.992334
134 28 8.692686
134 29 9.329636
134 30 9.523045
134 31 9.179518
134 32 9.246428
134 33 9.333941
134 34 9.972942
134 35 8.737217
134 36 8.635050
134 37 10.639490
134 38 10.333290
134 39 10.531590
134 40 9.841106
134 41 9.693202
134 42 10.378152
134 43 9.062955
134 44 9.485556
134 45 9.472738
134 46 10.417918
134 47 10.018475
134 48 9.352701
134 49 8.920225
134 50 9.970658
134 51 11.085828
134 52 10.852641
134 53 8.660983
134 54 10.344375
134 55 9.382760
134 56 8.769640
134 57 8.494500
134 58 10.885903
134 59 9.301201
134 60 8.583412
134 61 9.269854
134 62 9.608040
134 63 9.162554
134 64 9.715981
134 65 10.203363
134 66 10.698979
134 67 11.039888
134 68 10.072047
134 69 8.636346
134 70 8.342042
134 71 9.000197
134 72 10.505404
134 73 10.772503
134 74 9.412026
134 75 11.000443
134 76 8.954521
134 77 9.367761
134 78 10.199082
134 79 10.091712
134 80 10.991876
134 81 10.865970
134 82 10.012594
134 83 9.910571
134 84 8.814106
134 85 9.203914
134 86 9.735965
134 87 8.859522
134 88 8.998291
134 89 9.810208
134 90 10.832817
134 91 10.238296
134 92 8.431307
134 93 8.622440
134 94 10.502798
134 95 8.682258
134 96 9.399631
134 97 10.230659
134 98 9.770389
134 99 10.146198
134 100 11.040571
134 101 8.594384
134 102 10.917725
134 103 9.502390
134 104 8.377835
134 105 10.039574
134 106 9.294253
134 107 9.088111
134 108 8.976231
134 109 10.465487
134 110 9.462188
134 111 8.911565
134 112 10.776945
134 113 9.653024
134 114 10.960925
134 115 10.022485
134 116 10.698041
134 117 10.717665
134 118 9.309428
134 119 10.031321
134 120 9.154492
134 121 10.792264
134 122 9.133009
134 123 10.465686
134 124 10.915145
134 125 8.888772
134 126 10.361787
134 127 10.468062
134 128 10.089757
134 129 10.234257
134 130 10.607220
134 131 10.631515
134 132 8.445751
134 133 9.190969
134 134 0.000000
134 135 8.504754
134 136 10.919950
134 137 8.904721
134 138 9.788419
134 139 8.472415
134 140 9.853719
134 141 10.862437
134 142 10.229731
134 143 8.858817
134 144 9.412261
134 145 10.145369
134 146 9.587206
134 147 10.068388
134 148 9.717801
134 149 9.384300
134 150 10.895607
134 151 9.620087
134 152 8.932575
134 153 9.067502
134 154 10.198322
134 155 10.913209
134 156 10.162440
134 157 9.409153
134 158 8.348111
134 159 10.605135
134 160 8.779647
134 161 10.187827
134 162 9.102914
134 163 9.906016
134 164 8.435146
134 165 9.325329
134 166 9.504049
134 167 9.416863
134 168 8.497009
134 169 8.982210
134 170 9.487507
134 171 8.350400
134 172 8.727789
134 173 10.791082
134 174 9.781691
134 175 9.631935
134 176 10.478261
134 177 8.621173
134 178 10.155643
134 179 9.509405
134 180 9.616892
134 181 9.531455
134 182 9.320453
134 183 8.699866
134 184 9.868845
134 185 8.907687
134 186 8.762819
134 187 8.393092
134 188 8.476262
134 189 10.420058
134 190 10.028901
134 191 10.116271
134 192 8.840078
134 193 10.582656
134 194 8.858412
134 195 9.395241
134 196 8.405284
134 197 10.523248
134 198 9.332810
134 199 9.326198
134 200 10.609196
135 0 9.091474
135 1 9.673416
135 2 9.295479
135 3 9.086070
135 4 8.612069
135 5 10.701390
135 6 10.612393
135 7 9.105705
135 8 10.309038
135 9 10.684753
135 10 10.056831
135 11 8.837838
135 12 8.401598
135 13 10.415004
135 14 8.476540
135 15 10.719762
135 16 8.836255
135 17 10.847186
135 18 9.165820
135 19 10.204026
135 20 9.140638
135 21 10.436111
135 22 10.856673
135 23 10.873539
135 24 9.151024
135 25 8.677897
135 26 9.857464
135 27 10.664920
135 28 8.951927
135 29 9.906705
135 30 9.685438
135 31 10.780011
135 32 10.126850
135 33 10.600175
135 34 10.093617
135 35 9.479497
135 36 9.387426
135 37 9.595351
135 38 10.567266
135 39 9.678623
135 40 10.145596
135 41 8.641816
135 42 9.442249
135 43 8.800323
135 44 8.824490
135 45 8.950430
135 46 9.209427
135 47 10.996541
135 48 8.641435
135 49 9.127157
135 50 9.593053
135 51 9.302823
135 52 10.916175
135 53 10.518265
135 54 8.652338
135 55 9.599498
135 56 8.486148
135 57 10.986992
135 58 10.890181
135 59 9.850217
135 60 10.934111
135 61 9.268422
135 62 10.595940
135 63 8.627615
135 64 8.591668
135 65 9.553241
135 66 9.171075
135 67 9.157358
135 68 9.733963
135 69 10.236310
135 70 10.930583
135 71 8.354702
135 72 10.160936
135 73 8.850584
135 74 10.314727
135 75 9.102367
135 76 9.665744
135 77 10.609925
135 78 9.341354
135 79 9.650373
135 80 9.621749
135 81 9.375432
135 82 10.144452
135 83 8.356967
135 84 10.799515
135 85 10.282040
135 86 11.070433
135 87 9.357663
135 88 9.059259
135 89 10.903826
135 90 9.615102
135 91 10.221249
135 92 10.814368
135 93 8.457978
135 94 10.092147
135 95 10.286994
135 96 10.313256
135 97 8.931219
135 98 9.480236
135 99 9.932485
135 100 9.527261
135 101 9.828211
135 102 9.678774
135 103 8.846569
135 104 8.562098
135 105 11.004289
135 106 9.314046
135 107 9.665965
135 108 9.292048
135 109 9.011934
135 110 9.606866
135 111 10.711494
135 112 8.725900
135 113 9.189691
135 114 8.487886
135 115 9.337545
135 116 9.590042
135 117 10.916274
135 118 10.247944
135 119 9.545678
135 120 8.497426
135 121 10.626597
135 122 10.163398
135 123 8.511971
135 124 10.748869
135 125 10.233148
135 126 10.429540
135 127 9.483675
135 128 9.209872
135 129 8.683586
135 130 9.369838
135 131 8.569249
135 132 9.798056
135 133 10.212262
135 134 8.504754
135 135 0.000000
135 136 9.558177
135 137 10.969764
135 138 9.409522
135 139 9.711009
135 140 9.606687
135 141 9.236050
135 142 11.060880
135 143 9.297516
135 144 9.009421
135 145 10.868511
135 146 10.707801
135 147 8.527034
135 148 8.845379
135 149 10.718550
135 150 10.421650
135 151 10.283442
135 152 9.791117
135 153 11.036434
135 154 9.547549
135 155 8.696560
135 156 8.668142
135 157 9.585054
135 158 8.758419
135 159 10.605293
135 160 10.156039
135 161 8.805175
135 162 8.869030
135 163 10.964023
135 164 10.853074
135 165 10.476147
135 166 9.014014
135 167 8.756793
135 168 10.232651
135 169 9.934200
135 170 9.307893
135 171 8.882017
135 172 10.784970
135 173 9.660976
135 174 9.142148
135 175 10.550974
135 176 9.295486
135 177 9.957384
135 178 9.700786
135 179 10.512158
135 180 8.594825
135 181 11.013430
135 182 9.229014
135 183 10.507512
135 184 9.495939
135 185 10.626908
135 186 8.922051
135 187 8.751813
135 188 10.427412
135 189 10.541348
135 190 9.707748
135 191 9.676281
135 192 9.314788
135 193 10.650859
135 194 9.444786
135 195 10.823693
135 196 9.222737
135 197 8.827555
135 198 8.904727
135 199 9.190895
135 200 10.379621
136 0 10.510295
136 1 8.690371
136 2 10.263743
136 3 8.947497
136 4 10.021491
136 5 10.952370
136 6 10.544269
136 7 8.641347
136 8 9.471706
136 9 9.523422
136 10 10.197565
136 11 8.516512
136 12 11.018283
136 13 10.756144
136 14 10.971745
136 15 9.797005
136 16 8.402143
136 17 10.937274
136 18 10.872627
136 19 10.843331
136 20 8.749746
136 21 10.692257
136 22 9.022378
136 23 9.242190
136 24 8.769101
136 25 9.371588
136 26 9.132311
136 27 10.205889
136 28 9.474065
136 29 9.624048
136 30 9.730779
136 31 10.069267
136 32 8.502252
136 33 10.463601
136 34 8.643127
136 35 9.734548
136 36 8.351458
136 37 10.325431
136 38 9.315983
136 39 9.543983
136 40 9.532903
136 41 10.610794
136 42 9.192518
136 43 9.009996
136 44 8.927602
136 45 9.447176
136 46 10.488064
136 47 8.717012
136 48 8.492318
136 49 9.713564
136 50 10.477142
136 51 10.022420
136 52 9.839410
136 53 10.018974
136 54 8.363590
136 55 10.245854
136 56 9.881427
136 57 10.980426
136 58 9.106910
136 59 9.962787
136 60 8.993849
136 61 10.563518
136 62 11.044640
136 63 11.048540
136 64 9.801820
136 65 8.803430
136 66 10.236510
136 67 9.956119
136 68 9.940403
136 69 9.914274
136 70 9.839701
136 71 10.799230
136 72 10.111780
136 73 10.058234
136 74 10.036069
136 75 10.779431
136 76 8.956444
136 77 9.260592
136 78 8.425986
136 79 9.647947
136 80 9.638678
136 81 8.880572
136 82 10.678142
136 83 9.187395
136 84 8.614755
136 85 9.855366
136 86 10.813954
136 87 9.380811
136 88 9.154079
136 89 8.716294
136 90 9.513221
136 91 9.352764
136 92 10.989614
136 93 10.623952
136 94 10.405267
136 95 10.297674
136 96 8.748820
136 97 9.185337
136 98 8.597318
136 99 9.096142
136 100 9.413503
136 101 9.660188
136 102 10.302676
136 103 9.155228
136 104 9.616580
136 105 8.947906
136 106 10.773890
136 107 10.177117
136 108 10.684223
136 109 10.858970
136 110 10.836790
136 111 10.205640
136 112 10.228101
136 113 10.930325
136 114 10.922000
136 115 10.045818
136 116 10.213917
136 117 9.345702
136 118 10.001044
136 119 11.007725
136 120 9.011772
136 121 9.480712
136 122 9.575999
136 123 10.409511
136 124 9.725828
136 125 10.410674
136 126 9.336074
136 127 10.534377
136 128 10.153436
136 129 9.450912
136 130 8.610736
136 131 10.972528
136 132 10.333769
136 133 8.603282
136 134 10.919950
136 135 9.558177
136 136 0.000000
136 137 10.940719
136 138 8.940991
136 139 8.687500
136 140 10.282236
136 141 11.065634
136 142 8.562534
136 143 10.635656
136 144 8.470728
136 145 10.041913
136 146 9.654135
136 147 9.798490
136 148 10.137502
136 149 8.844853
136 150 9.588243
136 151 9.984832
136 152 8.462976
136 153 10.950307
136 154 10.838998
136 155 8.650725
136 156 9.215823
136 157 11.103205
136 158 10.422527
136 159 8.901328
136 160 9.267619
136 161 9.005959
136 162 10.364794
136 163 9.220869
136 164 9.915064
136 165 8.656462
136 166 9.595821
136 167 9.478653
136 168 8.708592
136 169 9.229952
136 170 8.790224
136 171 8.613240
136 172 8.834887
136 173 10.327679
136 174 9.212576
136 175 10.645881
136 176 10.000844
136 177 10.545827
136 178 10.760047
136 179 10.701224
136 180 8.799193
136 181 10.662198
136 182 9.267493
136 183 9.433042
136 184 10.128463
136 185 9.788392
136 186 10.144454
136 187 8.802213
136 188 8.365897
136 189 10.545817
136 190 10.570829
136 191 10.499958
136 192 9.160349
136 193 10.676660
136 194 9.502873
136 195 10.020059
136 196 10.000448
136 197 9.783748
136 198 10.751860
136 199 10.593232
136 200 8.599283
137 0 10.682900
137 1 10.139684
137 2 10.813052
137 3 8.668389
137 4 10.625246
137 5 11.102674
137 6 10.152376
137 7 9.266773
137 8 10.239565
137 9 10.391680
137 10 10.233207
137 11 9.030025
137 12 10.882049
137 13 10.272364
137 14 8.822285
137 15 10.118975
137 16 10.686238
137 17 10.621517
137 18 10.524910
137 19 10.295636
137 20 9.094339
137 21 10.035522
137 22 9.752659
137 23 9.623557
137 24 10.871196
137 25 10.465362
137 26 8.905437
137 27 10.542983
137 28 9.383898
137 29 10.271043
137 30 8.995548
137 31 8.832460
137 32 10.774840
137 33 8.965284
137 34 8.815783
137 35 10.632271
137 36 11.105838
137 37 9.233293
137 38 9.091510
137 39 9.464607
137 40 9.918133
137 41 8.923210
137 42 9.000026
137 43 10.134755
137 44 8.374828
137 45 9.159152
137 46 9.736900
137 47 11.080020
137 48 9.027527
137 49 10.421004
137 50 9.744260
137 51 10.093506
137 52 10.135445
137 53 9.037621
137 54 8.464094
137 55 10.405413
137 56 11.038989
137 57 10.117413
137 58 8.426320
137 59 11.068343
137 60 10.008635
137 61 9.476691
137 62 10.856736
137 63 9.470399
137 64 9.376460
137 65 10.720581
137 66 8.821714
137 67 9.901474
137 68 10.274133
137 69 10.791794
137 70 9.116407
137 71 10.190825
137 72 10.208248
137 73 9.163146
137 74 8.367012
137 75 10.547902
137 76 10.905329
137 77 10.699509
137 78 9.724564
137 79 9.174360
137 80 9.784523
137 81 9.036745
137 82 9.579679
137 83 10.339759
137 84 9.034355
137 85 9.356200
137 86 10.481272
137 87 9.670784
137 88 10.142373
137 89 10.383405
137 90 10.841907
137 91 8.760952
137 92 10.863488
137 93 9.725731
137 94 9.047391
137 95 9.855560
137 96 9.044295
137 97 8.482359
137 98 8.564480
137 99 8.663965
137 100 8.960916
137 101 10.605282
137 102 10.678431
137 103 10.152510
137 104 9.673455
137 105 8.667062
137 106 9.691986
137 107 9.294291
137 108 10.998459
137 109 10.119883
137 110 10.709619
137 111 8.441887
137 112 10.287648
137 113 9.203147
137 114 9.534017
137 115 8.404574
137 116 8.720213
137 117 10.101550
137 118 9.700133
137 119 10.342880
137 120 9.941942
137 121 9.525293
137 122 10.429937
137 123 10.913581
137 124 8.665852
137 125 8.565508
137 126 9.647043
137 127 9.699238
137 128 9.506014
137 129 9.264475
137 130 8.772558
137 131 9.139896
137 132 10.765001
137 133 8.954419
137 134 8.904721
137 135 10.969764
137 136 10.940719
137 137 0.000000
137 138 9.144523
137 139 9.709010
137 140 10.712223
137 141 9.097243
137 142 8.616531
137 143 8.397794
137 144 9.304399
137 145 9.281752
137 146 9.018930
137 147 9.494958
137 148 9.268206
137 149 8.741504
137 150 10.410729
137 151 10.880674
137 152 10.208954
137 153 10.547629
137 154 9.236899
137 155 9.729021
137 156 10.344706
137 157 9.533705
137 158 10.324652
137 159 8.372500
137 160 9.129418
137 161 9.541169
137 162 9.083432
137 163 9.454612
137 164 9.221495
137 165 10.651234
137 166 9.166306
137 167 10.444427
137 168 10.951008
137 169 8.997806
137 170 9.883648
137 171 8.437305
137 172 9.874832
137 173 8.834045
137 174 10.032944
137 175 9.601563
137 176 10.118621
137 177 8.490508
137 178 9.154393
137 179 9.746876
137 180 9.936613
137 181 10.569290
137 182 10.032417
137 183 8.455846
137 184 9.845481
137 185 9.396260
137 186 8.909048
137 187 10.598217
137 188 9.076321
137 189 8.631731
137 190 9.998234
137 191 8.753416
137 192 8.945673
137 193 8.355257
137 194 8.600141
137 195 9.120228
137 196 8.994869
137 197 8.541643
137 198 10.159048
137 199 10.448132
137 200 8.954264
138 0 9.848493
138 1 9.050521
138 2 8.898675
138 3 9.040292
138 4 10.034531
138 5 8.984104
138 6 10.845330
138 7 9.728067
138 8 9.270884
138 9 10.099783
138 10 10.402561
138 11 9.768946
138 12 9.896597
138 13 10.147999
138 14 10.591454
138 15 9.169887
138 16 9.765637
138 17 11.066092
138 18 9.933593
138 19 9.677345
138 20 10.680384
138 21 9.060276
138 22 9.851177
138 23 9.163708
138 24 9.655333
138 25 8.931206
138 26 9.342897
138 27 9.850151
138 28 10.876528
138 29 10.575041
138 30 10.237840
138 31 9.369098
138 32 9.896495
138 33 8.601966
138 34 9.113865
138 35 10.696640
138 36 10.009221
138 37 8.652965
138 38 10.874937
138 39 8.340729
138 40 8.843159
138 41 9.216418
138 42 9.164760
138 43 9.669865
138 44 9.768875
138 45 9.534436
138 46 9.160661
138 47 8.752314
138 48 8.443540
138 49 8.882541
138 50 9.615368
138 51 8.778083
138 52 8.862599
138 53 8.407078
138 54 9.917210
138 55 8.352579
138 56 10.193054
138 57 9.052814
138 58 9.750950
138 59 9.214591
138 60 9.540307
138 61 10.526677
138 62 10.321454
138 63 10.957110
138 64 10.166914
138 65 9.729116
138 66 10.784598
138 67 9.909981
138 68 10.551037
138 69 8.592629
138 70 10.441397
138 71 10.876626
138 72 10.534812
138 73 9.641788
138 74 9.126885
138 75 9.693767
138 76 9.564738
138 77 10.675052
138 78 11.010033
138 79 10.828323
138 80 10.681182
138 81 10.687844
138 82 10.925406
138 83 9.827882
138 84 10.562435
138 85 9.706033
138 86 8.885450
138 87 8.878697
138 88 10.982771
138 89 8.886058
138 90 8.859380
138 91 9.375128
138 92 9.445809
138 93 10.958052
138 94 9.975449
138 95 8.866805
138 96 11.069568
138 97 8.628194
138 98 10.682538
138 99 9.884743
138 100 9.340895
138 101 9.009158
138 102 9.998023
138 103 9.535133
138 104 10.208760
138 105 9.948474
138 106 10.958191
138 107 9.714675
138 108 8.781738
138 109 10.662821
138 110 8.481744
138 111 8.992766
138 112 10.777528
138 113 9.426589
138 114 9.228533
138 115 9.201718
138 116 10.635850
138 117 8.358138
138 118 8.347785
138 119 9.580517
138 120 10.083850
138 121 10.595326
138 122 9.557242
138 123 9.256368
138 124 9.721869
138 125 10.250964
138 126 9.185948
138 127 8.555813
138 128 9.784230
138 129 10.244623
138 130 8.641737
138 131 11.017744
138 132 8.514363
138 133 8.958755
138 134 9.788419
138 135 9.409522
138 136 8.940991
138 137 9.144523
138 138 0.000000
138 139 9.943771
138 140 9.220765
138 141 9.014930
138 142 9.188559
138 143 10.119299
138 144 8.660890
138 145 10.494929
138 146 8.657141
138 147 10.612102
138 148 9.291910
138 149 9.176736
138 150 8.533965
138 151 9.272314
138 152 10.869510
138 153 9.204073
138 154 9.524053
138 155 9.362705
138 156 10.141503
138 157 10.576234
138 158 10.897464
138 159 11.008568
138 160 10.636867
138 161 8.719884
138 162 8.367238
138 163 10.734356
138 164 8.608297
138 165 10.176130
138 166 10.585984
138 167 10.095662
138 168 9.235373
138 169 8.793780
138 170 10.202770
138 171 10.193679
138 172 9.923473
138 173 8.640766
138 174 9.595156
138 175 10.945249
138 176 9.181609
138 177 9.335796
138 178 9.430036
138 179 10.488539
138 180 8.993770
138 181 9.075230
138 182 8.821819
138 183 8.566647
138 184 10.621753
138 185 9.049966
138 186 10.481635
138 187 8.479750
138 188 8.866767
138 189 8.693786
138 190 10.814725
138 191 10.539231
138 192 9.824887
138 193 10.935476
138 194 9.242695
138 195 9.689696
138 196 9.659210
138 197 10.273968
138 198 10.610891
138 199 8.914561
138 200 8.968183
139 0 10.711543
139 1 9.968995
139 2 10.980731
139 3 8.381166
139 4 10.752212
139 5 8.406170
139 6 8.711877
139 7 9.701124
139 8 8.908455
139 9 8.714237
139 10 10.342849
139 11 10.122384
139 12 9.435759
139 13 10.699175
139 14 9.162323
139 15 10.751652
139 16 9.065290
139 17 10.666083
139 18 10.031790
139 19 10.594479
139 20 9.737492
139 21 10.650033
139 22 8.595553
139 23 10.762284
139 24 10.110254
139 25 8.517865
139 26 8.451957
139 27 9.652210
139 28 9.062910
139 29 9.322973
139 30 10.121239
139 31 9.483349
139 32 9.073846
139 33 9.558718
139 34 10.602544
139 35 10.053123
139 36 9.047173
139 37 8.418048
139 38 8.411721
139 39 8.925839
139 40 10.593044
139 41 9.238379
139 42 10.778129
139 43 10.298430
139 44 8.886207
139 45 8.919427
139 46 8.547059
139 47 10.174662
139 48 8.442394
139 49 11.084742
139 50 8.731848
139 51 9.004624
139 52 10.419508
139 53 10.129401
139 54 10.720439
139 55 10.935152
139 56 8.503991
139 57 8.947559
139 58 9.161095
139 59 9.471809
139 60 10.790691
139 61 9.429996
139 62 10.010333
139 63 9.506231
139 64 10.604161
139 65 9.376259
139 66 9.158456
139 67 9.844070
139 68 10.740858
139 69 9.426636
139 70 9.021207
139 71 9.525012
139 72 8.352138
139 73 10.336341
139 74 8.346119
139 75 10.610529
139 76 10.734824
139 77 9.052548
139 78 10.446221
139 79 10.573612
139 80 9.042060
139 81 10.404668
139 82 9.955133
139 83 10.332431
139 84 9.797154
139 85 10.943089
139 86 9.269919
139 87 9.059317
139 88 10.683317
139 89 10.728072
139 90 10.266933
139 91 9.301852
139 92 9.590268
139 93 9.064144
139 94 9.179113
139 95 9.388596
139 96 10.462722
139 97 9.947628
139 98 8.555953
139 99 9.202853
139 100 9.736782
139 101 10.150206
139 102 8.769013
139 103 8.774691
139 104 10.955414
139 105 9.991668
139 106 9.302926
139 107 10.266934
139 108 10.341328
139 109 9.635873
139 110 8.615642
139 111 10.501317
139 112 8.581153
139 113 11.108928
139 114 10.285199
139 115 10.913692
139 116 10.899397
139 117 10.859854
139 118 9.280921
139 119 10.253978
139 120 8.337171
139 121 10.485350
139 122 9.985873
139 123 9.303811
139 124 9.719866
139 125 9.849279
139 126 8.637098
139 127 9.191687
139 128 10.115146
139 129 9.624228
139 130 9.775897
139 131 8.615886
139 132 9.966822
139 133 10.408545
139 134 8.472415
139 135 9.711009
139 136 8.687500
139 137 9.709010
139 138 9.943771
139 139 0.000000
139 140 8.847671
139 141 8.530889
139 142 9.962032
139 143 9.332246
139 144 8.989773
139 145 10.144298
139 146 10.092709
139 147 9.529982
139 148 10.318064
139 149 10.666001
139 150 10.259821
139 151 8.578700
139 152 10.338736
139 153 10.847133
139 154 8.718258
139 155 8.435874
139 156 10.149650
139 157 10.481847
139 158 10.576531
139 159 8.681810
139 160 9.795291
139 161 10.039597
139 162 8.529924
139 163 9.368389
139 164 9.577857
139 165 9.139564
139 166 9.251448
139 167 10.841748
139 168 10.642418
139 169 10.361619
139 170 10.769608
139 171 10.908353
139 172 10.379599
139 173 10.740253
139 174 10.267005
139 175 10.012073
139 176 8.918433
139 177 9.338454
139 178 8.873532
139 179 8.963905
139 180 10.333524
139 181 9.282278
139 182 9.817286
139 183 10.143156
139 184 9.002242
139 185 10.147708
139 186 10.281152
139 187 10.192613
139 188 8.505547
139 189 9.170145
139 190 10.738974
139 191 9.130376
139 192 8.970411
139 193 9.762685
139 194 10.838361
139 195 10.300159
139 196 9.787499
139 197 10.999637
139 198 8.903512
139 199 8.451440
139 200 9.730187
140 0 9.364250
140 1 9.439439
140 2 8.438730
140 3 10.823397
140 4 10.143641
140 5 10.963547
140 6 8.360085
140 7 9.972838
140 8 9.723096
140 9 8.928474
140 10 10.682174
140 11 9.633715
140 12 9.697466
140 13 10.893642
140 14 10.053031
140 15 8.358429
140 16 9.221773
140 17 10.722748
140 18 10.027075
140 19 10.283130
140 20 9.134195
140 21 10.034857
140 22 10.075351
140 23 9.500639
140 24 10.628174
140 25 8.462538
140 26 8.496332
140 27 8.773145
140 28 8.612378
140 29 8.868340
140 30 10.844566
140 31 10.098748
140 32 10.774135
140 33 10.238529
140 34 10.556625
140 35 8.385860
140 36 9.520617
140 37 8.518059
140 38 8.459283
140 39 9.208344
140 40 8.791329
140 41 10.241559
140 42 9.223874
140 43 9.271318
140 44 10.431521
140 45 9.542584
140 46 8.627935
140 47 9.401260
140 48 10.106288
140 49 10.560216
140 50 9.419882
140 51 10.642036
140 52 10.886202
140 53 9.313265
140 54 10.224043
140 55 10.566254
140 56 9.699346
140 57 8.990060
140 58 9.988676
140 59 11.079948
140 60 8.601833
140 61 10.154275
140 62 10.453175
140 63 10.014852
140 64 9.405329
140 65 9.507924
140 66 9.634365
140 67 9.779079
140 68 10.467720
140 69 9.024057
140 70 9.771275
140 71 10.432966
140 72 8.605844
140 73 11.109567
140 74 8.971941
140 75 10.218592
140 76 9.164040
140 77 9.795912
140 78 10.604896
140 79 10.872918
140 80 9.646596
140 81 10.387289
140 82 9.278210
140 83 10.367831
140 84 9.954484
140 85 10.703202
140 86 8.502017
140 87 10.949289
140 88 9.768904
140 89 9.585883
140 90 8.783731
140 91 10.511106
140 92 11.060955
140 93 10.121251
140 94 9.328006
140 95 10.796768
140 96 10.196859
140 97 8.868794
140 98 10.079791
140 99 10.357048
140 100 10.018664
140 101 9.795388
140 102 10.585647
140 103 11.067179
140 104 10.618801
140 105 9.030518
140 106 9.158217
140 107 8.602155
140 108 8.818003
140 109 8.931427
140 110 8.607700
140 111 11.034716
140 112 9.995596
140 113 9.953320
140 114 9.808826
140 115 10.536296
140 116 8.901964
140 117 8.479250
140 118 10.740085
140 119 8.873224
140 120 10.750570
140 121 11.107393
140 122 9.623018
140 123 11.064172
140 124 9.488939
140 125 9.447852
140 126 9.840650
140 127 8.862026
140 128 8.489784
140 129 10.633906
140 130 9.868285
140 131 9.664941
140 132 8.567814
140 133 9.036054
140 134 9.853719
140 135 9.606687
140 136 10.282236
140 137 10.712223
140 138 9.220765
140 139 8.847671
140 140 0.000000
140 141 9.375230
140 142 10.012256
140 143 10.976887
140 144 10.089297
140 145 9.906188
140 146 10.682335
140 147 9.584223
140 148 10.134915
140 149 9.033947
140 150 10.685757
140 151 8.602299
140 152 10.310907
140 153 10.820628
140 154 9.625291
140 155 9.033884
140 156 8.696691
140 157 9.195841
140 158 9.174449
140 159 9.520902
140 160 8.978577
140 161 9.811177
140 162 8.567711
140 163 8.790894
140 164 10.319159
140 165 8.338006
140 166 10.746174
140 167 9.199653
140 168 9.748850
140 169 10.172208
140 170 10.387492
140 171 9.233563
140 172 10.631361
140 173 9.949776
140 174 9.046783
140 175 9.051988
140 176 9.632881
140 177 10.162194
140 178 8.408483
140 179 8.607667
140 180 10.249408
140 181 8.981854
140 182 8.746049
140 183 9.643322
140 184 10.623334
140 185 9.715809
140 186 10.105056
140 187 10.118140
140 188 10.873588
140 189 9.032243
140 190 8.356693
140 191 11.069500
140 192 10.871775
140 193 10.008361
140 194 10.182237
140 195 9.869128
140 196 10.472580
140 197 10.225347
140 198 9.533305
140 199 10.955878
140 200 9.698464
141 0 9.664968
141 1 10.902843
141 2 8.485176
141 3 8.706079
141 4 8.802552
141 5 8.556277
141 6 9.912789
141 7 9.721020
141 8 10.100788
141 9 9.275818
141 10 10.341951
141 11 9.048018
141 12 9.230658
141 13 10.483630
141 14 10.896068
141 15 10.070922
141 16 10.856967
141 17 9.150285
141 18 9.510770
141 19 9.099997
141 20 9.002783
141 21 8.781878
141 22 8.722912
141 23 9.166408
141 24 9.362584
141 25 10.911792
141 26 9.685989
141 27 9.381960
141 28 9.134918
141 29 10.812836
141 30 10.013292
141 31 8.405657
141 32 10.957127
141 33 10.664633
141 34 9.512874
141 35 10.801960
141 36 8.411808
141 37 9.959031
141 38 8.353106
141 39 9.801218
141 40 10.420339
141 41 9.313025
141 42 10.026573
141 43 9.718082
141 44 11.099597
141 45 10.339231
141 46 10.116633
141 47 9.120771
141 48 9.215110
141 49 10.642529
141 50 8.525202
141 51 10.577130
141 52 8.929020
141 53 9.685762
141 54 9.753127
141 55 10.140846
141 56 8.821645
141 57 10.399593
141 58 8.921352
141 59 9.729295
141 60 9.145917
141 61 11.094718
141 62 9.753826
141 63 8.614069
141 64 9.278783
141 65 9.644495
141 66 9.825245
141 67 8.392661
141 68 8.764895
141 69 10.533421
141 70 9.701983
141 71 8.786702
141 72 9.861880
141 73 10.735297
141 74 8.620891
141 75 9.683052
141 76 10.906393
141 77 9.343029
141 78 10.392549
141 79 9.734504
141 80 10.185774
141 81 9.816378
141 82 10.689556
141 83 8.610911
141 84 10.101833
141 85 8.408868
141 86 8.939196
141 87 10.827930
141 88 10.423928
141 89 11.085437
141 90 8.905026
141 91 8.572278
141 92 9.342421
141 93 8.493814
141 94 9.140830
141 95 8.844989
141 96 8.591764
141 97 11.024448
141 98 8.774620
141 99 8.909631
141 100 9.634076
141 101 8.523256
141 102 10.185828
141 103 8.579271
141 104 9.623460
141 105 10.596268
141 106 10.791629
141 107 8.785547
141 108 8.946197
141 109 11.096476
141 110 8.745621
141 111 8.689685
141 112 10.404040
141 113 10.220528
141 114 8.384783
141 115 10.005868
141 116 10.009937
141 117 9.437115
141 118 10.645446
141 119 8.441873
141 120 10.965167
141 121 10.289326
141 122 9.102175
141 123 8.424443
141 124 11.032035
141 125 9.573027
141 126 9.697495
141 127 8.660947
141 128 10.102368
141 129 9.519476
141 130 10.047442
141 131 9.849375
141 132 10.994470
141 133 8.478649
141 134 10.862437
141 135 9.236050
141 136 11.065634
141 137 9.097243
141 138 9.014930
141 139 8.530889
141 140 9.375230
141 141 0.000000
141 142 9.855473
141 143 10.122323
141 144 10.661258
141 145 9.462505
141 146 8.650735
141 147 10.501642
141 148 8.996915
141 149 10.769068
141 150 8.360490
141 151 8.849063
141 152 11.093756
141 153 10.127180
141 154 9.343587
141 155 10.647643
141 156 9.218484
141 157 8.740445
141 158 9.010554
141 159 8.973658
141 160 10.841485
141 161 10.316229
141 162 10.851137
141 163 10.381971
141 164 10.960379
141 165 8.677371
141 166 10.616986
141 167 10.211591
141 168 9.989031
141 169 9.034203
141 170 9.829517
141 171 8.952655
141 172 10.896278
141 173 10.733328
141 174 9.508391
141 175 9.645514
141 176 9.977203
141 177 10.820341
141 178 10.843032
141 179 10.755911
141 180 8.487353
141 181 10.598704
141 182 10.749581
141 183 10.338911
141 184 9.050159
141 185 8.564216
141 186 11.029404
141 187 10.844374
141 188 8.870375
141 189 9.066332
141 190 8.816544
141 191 11.049358
141 192 10.203990
141 193 9.863764
141 194 8.595220
141 195 11.061884
141 196 10.344522
141 197 9.362728
141 198 10.397550
141 199 8.653878
141 200 11.091828
142 0 8.830221
142 1 9.647751
142 2 10.348326
142 3 10.467535
142 4 11.078232
142 5 8.462503
142 6 10.815166
142 7 10.484622
142 8 9.765192
142 9 10.133434
142 10 10.848020
142 11 8.936124
142 12 8.978149
142 13 10.550132
142 14 10.834518
142 15 8.930526
142 16 8.711465
142 17 9.169585
142 18 9.551884
142 19 9.433244
142 20 8.335214
142 21 9.615921
142 22 10.055831
142 23 10.761792
142 24 8.659224
142 25 10.760537
142 26 8.779891
142 27 10.988873
142 28 11.029964
142 29 10.107785
142 30 9.358308
142 31 8.776750
142 32 9.346961
142 33 8.350930
142 34 9.370677
142 35 10.742474
142 36 9.419973
142 37 9.690979
142 38 8.813657
142 39 9.645177
142 40 11.083682
142 41 10.001456
142 42 10.341137
142 43 10.659553
142 44 9.233681
142 45 9.603771
142 46 9.258380
142 47 8.904356
142 48 10.272742
142 49 10.425695
142 50 10.139499
142 51 8.637645
142 52 9.630962
142 53 9.895578
142 54 9.316088
142 55 10.434711
142 56 10.243038
142 57 10.913119
142 58 8.981667
142 59 10.152809
142 60 9.185307
142 61 8.765701
142 62 9.148434
142 63 9.471801
142 64 9.888556
142 65 10.198145
142 66 10.380545
142 67 10.202842
142 68 8.836650
142 69 9.904686
142 70 9.599182
142 71 8.915878
142 72 9.657485
142 73 8.340568
142 74 10.543451
142 75 10.208600
142 76 10.075122
142 77 9.274517
142 78 10.539214
142 79 8.993107
142 80 10.108274
142 81 9.837598
142 82 10.395369
142 83 9.138730
142 84 10.696463
142 85 10.912459
142 86 10.189121
142 87 9.386172
142 88 9.571245
142 89 9.782238
142 90 8.997174
142 91 8.697077
142 92 9.870075
142 93 10.775494
142 94 10.927800
142 95 8.906092
142 96 10.628169
142 97 9.665178
142 98 9.429534
142 99 10.903766
142 100 10.738014
142 101 10.385779
142 102 9.946823
142 103 10.786862
142 104 9.583611
142 105 10.498489
142 106 9.718573
142 107 10.743175
142 108 9.327042
142 109 9.034840
142 110 8.900768
142 111 11.099902
142 112 9.668771
142 113 9.308171
142 114 10.667463
142 115 9.091297
142 116 10.486721
142 117 10.322818
142 118 10.152475
142 119 10.812504
142 120 9.603494
142 121 10.157702
142 122 9.544716
142 123 9.864425
142 124 8.427354
142 125 10.424517
142 126 10.450360
142 127 10.615813
142 128 10.929023
142 129 10.640225
142 130 9.448306
142 131 8.899198
142 132 8.656284
142 133 9.596630
142 134 10.229731
142 135 11.060880
142 136 8.562534
142 137 8.616531
142 138 9.188559
142 139 9.962032
142 140 10.012256
142 141 9.855473
142 142 0.000000
142 143 9.655442
142 144 10.846314
142 145 9.570028
142 146 10.083233
142 147 10.948878
142 148 8.737676
142 149 10.903795
142 150 9.151001
142 151 11.012609
142 152 10.608051
142 153 8.575360
142 154 8.531654
142 155 9.633155
142 156 10.087485
142 157 10.051887
142 158 10.722951
142 159 10.933235
142 160 10.468507
142 161 8.409462
142 162 10.308646
142 163 9.524580
142 164 10.375857
142 165 10.033394
142 166 8.685954
142 167 8.578385
142 168 9.805341
142 169 8.633596
142 170 9.766348
142 171 8.563017
142 172 11.072155
142 173 9.524055
142 174 10.957362
142 175 9.407307
142 176 10.757180
142 177 10.528613
142 178 10.157925
142 179 8.924868
142 180 10.749928
142 181 8.518356
142 182 8.622857
142 183 9.911940
142 184 9.755448
142 185 9.243576
142 186 8.732877
142 187 9.674020
142 188 11.058533
142 189 10.300956
142 190 10.622376
142 191 9.676656
142 192 9.344602
142 193 9.329538
142 194 8.585995
142 195 9.991862
142 196 10.311660
142 197 9.349422
142 198 9.244686
142 199 9.061084
142 200 8.521341
143 0 8.614248
143 1 10.883911
143 2 11.001980
143 3 8.663015
143 4 8.924841
143 5 9.977193
143 6 9.696086
143 7 10.614054
143 8 8.677885
143 9 9.999389
143 10 11.108903
143 11 10.783429
143 12 10.532255
143 13 8.716779
143 14 10.998473
143 15 8.355377
143 16 8.556607
143 17 10.443732
143 18 9.205107
143 19 8.385324
143 20 9.621175
143 21 10.289317
143 22 10.413404
143 23 10.407519
143 24 9.506078
143 25 9.539857
143 26 10.687886
143 27 10.727859
143 28 9.232290
143 29 8.787073
143 30 8.548510
143 31 10.595692
143 32 10.646827
143 33 10.351851
143 34 9.384504
143 35 9.638064
143 36 9.980605
143 37 9.349475
143 38 8.535966
143 39 9.381908
143 40 8.651495
143 41 9.518995
143 42 9.662284
143 43 10.570063
143 44 10.686230
143 45 8.866159
143 46 9.427744
143 47 9.837568
143 48 9.104338
143 49 8.927729
143 50 10.209414
143 51 9.631601
143 52 10.437349
143 53 9.147858
143 54 9.736061
143 55 9.033004
143 56 8.547831
143 57 10.235703
143 58 10.168326
143 59 10.105137
143 60 10.611683
143 61 9.488700
143 62 9.581529
143 63 10.432350
143 64 9.428872
143 65 9.655327
143 66 9.901844
143 67 9.354954
143 68 10.824734
143 69 10.736818
143 70 9.952917
143 71 10.492039
143 72 8.777282
143 73 10.638139
143 74 9.788720
143 75 9.978701
143 76 10.199695
143 77 10.057266
143 78 10.253782
143 79 8.852050
143 80 8.708198
143 81 10.776125
143 82 9.792410
143 83 9.199792
143 84 8.905153
143 85 10.176705
143 86 9.967976
143 87 10.242993
143 88 10.667321
143 89 10.521855
143 90 8.844501
143 91 8.394388
143 92 8.732807
143 93 8.517027
143 94 9.035671
143 95 10.709105
143 96 10.168097
143 97 10.386705
143 98 8.986527
143 99 11.042322
143 100 10.533569
143 101 10.031584
143 102 10.307891
143 103 10.296260
143 104 10.469330
143 105 10.988754
143 106 9.710085
143 107 10.430233
143 108 10.708034
143 109 8.810255
143 110 10.975806
143 111 9.681470
143 112 9.731921
143 113 8.511498
143 114 9.710929
143 115 10.482862
143 116 10.804550
143 117 8.690135
143 118 10.443633
143 119 9.732959
143 120 9.520062
143 121 8.788672
143 122 10.162415
143 123 10.460050
143 124 10.701362
143 125 8.476946
143 126 10.998265
143 127 8.722063
143 128 10.367728
143 129 8.367959
143 130 10.383897
143 131 10.065447
143 132 10.181624
143 133 9.417734
143 134 8.858817
143 135 9.297516
143 136 10.635656
143 137 8.397794
143 138 10.119299
143 139 9.332246
143 140 10.976887
143 141 10.122323
143 142 9.655442
143 143 0.000000
143 144 9.750470
143 145 8.807039
143 146 8.654895
143 147 9.775797
143 148 9.544372
143 149 8.708319
143 150 10.371057
143 151 9.916975
143 152 9.893298
143 153 10.728216
143 154 10.524888
143 155 9.897636
143 156 10.959953
143 157 8.941695
143 158 9.144650
143 159 10.922477
143 160 9.154859
143 161 9.199271
143 162 10.759897
143 163 9.658670
143 164 9.112178
143 165 10.981893
143 166 8.375048
143 167 10.459346
143 168 11.029192
143 169 10.125159
143 170 10.421869
143 171 8.494155
143 172 9.577199
143 173 8.523864
143 174 9.274796
143 175 9.675962
143 176 9.422980
143 177 9.383479
143 178 10.051214
143 179 9.093896
143 180 10.334984
143 181 9.432580
143 182 9.421452
143 183 8.903904
143 184 10.503455
143 185 10.632382
143 186 10.814773
143 187 10.900308
143 188 8.561126
143 189 10.951293
143 190 10.038793
143 191 9.884403
143 192 9.208294
143 193 10.296938
143 194 8.485203
143 195 8.697579
143 196 8.587886
143 197 9.062477
143 198 8.404706
143 199 8.707463
143 200 9.286539
144 0 10.779138
144 1 9.581459
144 2 9.379027
144 3 10.483901
144 4 9.190918
144 5 9.373331
144 6 11.080401
144 7 9.462957
144 8 11.087163
144 9 9.381737
144 10 9.021015
144 11 10.852787
144 12 9.833585
144 13 10.246558
144 14 9.464910
144 15 8.607483
144 16 9.089918
144 17 9.652798
144 18 9.508954
144 19 9.980525
144 20 10.715686
144 21 10.172256
144 22 9.237043
144 23 9.471614
144 24 9.657123
144 25 8.759126
144 26 8.659435
144 27 10.288577
144 28 11.084224
144 29 8.514652
144 30 10.258603
144 31 10.336994
144 32 9.025294
144 33 10.556416
144 34 10.264770
144 35 8.993923
144 36 11.065889
144 37 8.923107
144 38 10.969389
144 39 9.742011
144 40 10.297363
144 41 10.468502
144 42 9.837153
144 43 9.944196
144 44 10.560833
144 45 8.839476
144 46 10.612648
144 47 10.399000
144 48 10.021563
144 49 9.353903
144 50 10.425277
144 51 10.655267
144 52 8.698603
144 53 10.054417
144 54 9.232157
144 55 10.197010
144 56 10.479227
144 57 9.871292
144 58 9.498125
144 59 10.342832
144 60 8.527281
144 61 9.237804
144 62 8.841775
144 63 9.456654
144 64 8.424219
144 65 10.829474
144 66 8.361772
144 67 10.468077
144 68 10.555456
144 69 9.833402
144 70 10.627247
144 71 10.838125
144 72 10.107248
144 73 10.369105
144 74 9.028790
144 75 10.973784
144 76 8.647864
144 77 9.791597
144 78 9.647745
144 79 9.025372
144 80 8.698562
144 81 9.400181
144 82 10.613210
144 83 10.310229
144 84 10.206279
144 85 10.310430
144 86 10.594059
144 87 10.877851
144 88 10.324548
144 89 9.984983
144 90 10.850795
144 91 10.444276
144 92 10.714898
144 93 9.297365
144 94 11.080388
144 95 9.068750
144 96 10.749296
144 97 10.419463
144 98 10.044673
144 99 8.824272
144 100 10.569260
144 101 10.607862
144 102 8.537894
144 103 9.770771
144 104 10.939883
144 105 9.667050
144 106 10.949668
144 107 9.530067
144 108 10.209772
144 109 10.937541
144 110 10.044916
144 111 10.791067
144 112 8.845492
144 113 8.394510
144 114 10.100881
144 115 8.600335
144 116 10.863795
144 117 8.646808
144 118 10.765968
144 119 9.686875
144 120 10.745374
144 121 9.474982
144 122 8.546576
144 123 9.806033
144 124 9.076614
144 125 9.602023
144 126 10.465142
144 127 10.865610
144 128 10.262570
144 129 9.865843
144 130 9.220532
144 131 9.078707
144 132 9.393515
144 133 9.916142
144 134 9.412261
144 135 9.009421
144 136 8.470728
144 137 9.304399
144 138 8.660890
144 139 8.989773
144 140 10.089297
144 141 10.661258
144 142 10.846314
144 143 9.750470
144 144 0.000000
144 145 9.213745
144 146 8.378522
144 147 9.276446
144 148 8.958833
144 149 9.851467
144 150 9.975114
144 151 10.794354
144 152 9.033175
144 153 8.688153
144 154 8.876594
144 155 9.491972
144 156 9.577265
144 157 8.698051
144 158 10.933267
144 159 8.819726
144 160 9.629809
144 161 10.990267
144 162 8.375837
144 163 10.208870
144 164 9.321999
144 165 9.990977
144 166 9.456427
144 167 10.292334
144 168 10.689419
144 169 9.795609
144 170 10.662335
144 171 10.824177
144 172 10.093235
144 173 9.778832
144 174 9.991930
144 175 10.759192
144 176 10.293020
144 177 10.677118
144 178 10.662345
144 179 9.141067
144 180 10.936620
144 181 10.016499
144 182 10.721898
144 183 9.903613
144 184 10.242333
144 185 10.556825
144 186 11.048862
144 187 10.397149
144 188 9.822325
144 189 8.839601
144 190 10.442938
144 191 8.384481
144 192 11.041018
144 193 8.976429
144 194 9.356771
144 195 9.508322
144 196 9.880127
144 197 9.587937
144 198 9.785203
144 199 10.267793
144 200 9.565883
145 0 8.608912
145 1 10.341306
145 2 10.383428
145 3 8.840852
145 4 8.463213
145 5 8.932921
145 6 10.965321
145 7 10.216265
145 8 9.948567
145 9 10.680505
145 10 8.903913
145 11 8.710550
145 12 8.902126
145 13 10.429013
145 14 9.871055
145 15 8.584189
145 16 10.903095
145 17 8.526589
145 18 9.978983
145 19 9.401957
145 20 9.267550
145 21 8.798012
145 22 9.457360
145 23 9.074972
145 24 8.432275
145 25 8.568930
145 26 8.593594
145 27 10.455208
145 28 8.937138
145 29 9.008003
145 30 9.343861
145 31 9.796769
145 32 10.139185
145 33 9.361683
145 34 9.455713
145 35 10.551763
145 36 8.927865
145 37 9.076599
145 38 10.700399
145 39 9.461024
145 40 8.823490
145 41 9.978525
145 42 9.684647
145 43 10.471143
145 44 9.505092
145 45 8.355672
145 46 10.444361
145 47 10.704432
145 48 9.908707
145 49 9.710923
145 50 9.432247
145 51 10.715999
145 52 8.760089
145 53 9.729952
145 54 9.222064
145 55 10.154925
145 56 9.983584
145 57 9.988989
145 58 10.859387
145 59 9.905626
145 60 9.572619
145 61 10.577750
145 62 8.993257
145 63 9.181589
145 64 10.731324
145 65 8.515112
145 66 9.464538
145 67 9.456271
145 68 10.532519
145 69 9.467297
145 70 10.455135
145 71 10.312820
145 72 9.926621
145 73 10.451316
145 74 9.725661
145 75 8.940999
145 76 10.895419
145 77 10.671136
145 78 8.903568
145 79 9.818866
145 80 8.994595
145 81 9.746058
145 82 8.454656
145 83 8.857262
145 84 10.478184
145 85 9.228157
145 86 9.977891
145 87 10.647187
145 88 9.075525
145 89 9.203376
145 90 10.172916
145 91 9.835505
145 92 9.468188
145 93 10.450051
145 94 8.617179
145 95 10.823334
145 96 10.916657
145 97 10.153417
145 98 10.436340
145 99 10.533522
145 100 9.365398
145 101 9.677331
145 102 9.978087
145 103 9.135294
145 104 8.714806
145 105 11.051364
145 106 10.622285
145 107 9.586112
145 108 10.275167
145 109 9.853890
145 110 8.584743
145 111 9.350696
145 112 9.066829
145 113 9.382014
145 114 10.935342
145 115 9.267800
145 116 11.011376
145 117 8.474071
145 118 8.612374
145 119 11.083013
145 120 10.118070
145 121 10.984098
145 122 10.294586
145 123 9.134060
145 124 9.604984
145 125 9.860371
145 126 11.021628
145 127 10.348800
145 128 9.962281
145 129 10.534006
145 130 10.984750
145 131 9.565642
145 132 10.434308
145 133 9.184464
145 134 10.145369
145 135 10.868511
145 136 10.041913
145 137 9.281752
145 138 10.494929
145 139 10.144298
145 140 9.906188
145 141 9.462505
145 142 9.570028
145 143 8.807039
145 144 9.213745
145 145 0.000000
145 146 9.854253
145 147 10.160687
145 148 10.257097
145 149 9.559275
145 150 10.168433
145 151 8.453898
145 152 8.426111
145 153 10.635678
145 154 10.996807
145 155 9.296782
145 156 10.224674
145 157 8.787933
145 158 8.655496
145 159 9.417016
145 160 10.505081
145 161 10.303181
145 162 9.741349
145 163 10.619309
145 164 8.500011
145 165 10.439088
145 166 10.992215
145 167 8.785968
145 168 9.252505
145 169 8.995375
145 170 8.933370
145 171 10.894455
145 172 8.854950
145 173 10.228146
145 174 9.185535
145 175 9.019527
145 176 9.676121
145 177 10.194373
145 178 9.906296
145 179 9.657267
145 180 8.880687
145 181 9.024854
145 182 9.074672
145 183 9.760730
145 184 10.640498
145 185 10.283314
145 186 9.773153
145 187 9.432407
145 188 8.405141
145 189 9.080148
145 190 10.891343
145 191 10.054998
145 192 8.831572
145 193 8.629741
145 194 9.865793
145 195 9.128353
145 196 9.594466
145 197 10.282534
145 198 10.429941
145 199 8.759180
145 200 9.752229
146 0 8.425049
146 1 8.537955
146 2 10.743907
146 3 9.552821
146 4 10.288537
146 5 10.893490
146 6 10.264277
146 7 9.672462
146 8 10.888626
146 9 9.189209
146 10 9.316692
146 11 9.234225
146 12 10.445102
146 13 8.780384
146 14 9.352577
146 15 9.572017
146 16 8.591668
146 17 9.721782
146 18 10.074437
146 19 9.183077
146 20 10.348667
146 21 10.750260
146 22 10.043273
146 23 9.116619
146 24 9.784167
146 25 8.501582
146 26 9.233341
146 27 10.533967
146 28 11.016922
146 29 9.937364
146 30 8.772937
146 31 10.867403
146 32 10.787281
146 33 9.062668
146 34 10.808962
146 35 8.637806
146 36 10.708478
146 37 9.097166
146 38 9.569735
146 39 8.595196
146 40 10.658842
146 41 9.998425
146 42 10.037048
146 43 10.068967
146 44 9.674350
146 45 9.589424
146 46 9.505481
146 47 9.030831
146 48 10.842231
146 49 8.888881
146 50 10.204637
146 51 9.815680
146 52 10.397662
146 53 10.843079
146 54 9.546589
146 55 10.833895
146 56 9.033994
146 57 9.091736
146 58 10.769441
146 59 11.092949
146 60 9.643470
146 61 10.146302
146 62 9.254952
146 63 9.145224
146 64 8.705166
146 65 9.453626
146 66 8.627478
146 67 10.646002
146 68 10.231446
146 69 8.924048
146 70 10.622373
146 71 9.706399
146 72 10.528148
146 73 9.963055
146 74 8.831922
146 75 8.710407
146 76 9.991045
146 77 10.059670
146 78 11.089717
146 79 8.819443
146 80 8.471718
146 81 10.186134
146 82 11.036026
146 83 10.293941
146 84 9.349309
146 85 10.085218
146 86 8.637142
146 87 9.704530
146 88 9.249400
146 89 10.164279
146 90 9.804969
146 91 9.242853
146 92 8.878125
146 93 10.505140
146 94 9.430634
146 95 9.567818
146 96 9.592677
146 97 9.271945
146 98 8.806287
146 99 8.960048
146 100 10.184791
146 101 10.989094
146 102 10.295982
146 103 9.878689
146 104 8.410992
146 105 10.795277
146 106 10.336731
146 107 8.407491
146 108 9.576541
146 109 10.548510
146 110 8.909991
146 111 10.354748
146 112 10.875968
146 113 10.199775
146 114 9.410401
146 115 8.548890
146 116 10.727534
146 117 10.555362
146 118 9.330819
146 119 8.882861
146 120 9.464891
146 121 9.271875
146 122 8.805107
146 123 10.676078
146 124 9.037122
146 125 8.815208
146 126 8.451679
146 127 10.654316
146 128 9.574176
146 129 8.761774
146 130 9.237098
146 131 9.392948
146 132 8.801351
146 133 10.136265
146 134 9.587206
146 135 10.707801
146 136 9.654135
146 137 9.018930
146 138 8.657141
146 139 10.092709
146 140 10.682335
146 141 8.650735
146 142 10.083233
146 143 8.654895
146 144 8.378522
146 145 9.854253
146 146 0.000000
146 147 9.263089
146 148 10.408018
146 149 8.509508
146 150 9.323956
146 151 10.397932
146 152 10.434802
146 153 8.357720
146 154 9.234989
146 155 9.031274
146 156 11.046557
146 157 10.313799
146 158 10.389853
146 159 10.161334
146 160 9.308787
146 161 9.667034
146 162 10.121657
146 163 9.830511
146 164 9.798873
146 165 8.992515
146 166 8.589816
146 167 10.236765
146 168 8.514744
146 169 8.613447
146 170 9.763044
146 171 9.420913
146 172 10.748556
146 173 8.948018
146 174 10.083835
146 175 11.010105
146 176 8.959375
146 177 9.652392
146 178 8.876896
146 179 9.923262
146 180 10.998763
146 181 9.356975
146 182 8.812866
146 183 8.559025
146 184 10.018691
146 185 8.928020
146 186 10.000409
146 187 9.478096
146 188 10.497419
146 189 8.502399
146 190 11.091045
146 191 10.914540
146 192 10.921448
146 193 9.993369
146 194 10.430058
146 195 9.618385
146 196 10.841048
146 197 9.030913
146 198 10.001321
146 199 10.342914
146 200 9.663363
147 0 10.263175
147 1 9.932258
147 2 9.285947
147 3 9.985223
147 4 8.519968
147 5 10.429360
147 6 8.343960
147 7 10.392634
147 8 10.482090
147 9 9.225607
147 10 9.143720
147 11 8.555615
147 12 9.053989
147 13 10.971705
147 14 10.891661
147 15 8.506056
147 16 10.902117
147 17 9.857622
147 18 9.185760
147 19 10.672435
147 20 10.427279
147 21 9.630262
147 22 10.365604
147 23 9.487494
147 24 8.915149
147 25 10.520043
147 26 8.991215
147 27 10.321526
147 28 10.978922
147 29 10.691413
147 30 9.780800
147 31 8.702912
147 32 8.988661
147 33 8.962428
147 34 9.670627
147 35 9.708714
147 36 10.634724
147 37 8.851090
147 38 10.816685
147 39 9.719042
147 40 10.922188
147 41 8.810009
147 42 10.470800
147 43 8.907031
147 44 10.595158
147 45 10.517147
147 46 10.816126
147 47 8.500814
147 48 10.201549
147 49 10.649644
147 50 9.634043
147 51 8.466120
147 52 8.772897
147 53 10.443241
147 54 10.438848
147 55 8.954073
147 56 9.154869
147 57 10.605641
147 58 10.776840
147 59 8.510782
147 60 10.142217
147 61 10.004380
147 62 9.387783
147 63 8.907606
147 64 10.939747
147 65 10.875310
147 66 9.363346
147 67 8.363439
147 68 10.316343
147 69 10.712872
147 70 9.598553
147 71 9.545484
147 72 10.711981
147 73 9.774208
147 74 9.539424
147 75 9.477396
147 76 10.963801
147 77 10.325059
147 78 10.307372
147 79 10.903012
147 80 9.487393
147 81 9.240374
147 82 8.683551
147 83 8.355091
147 84 10.214444
147 85 9.071078
147 86 8.465802
147 87 10.263019
147 88 9.546756
147 89 8.465115
147 90 9.711028
147 91 8.592774
147 92 10.797085
147 93 9.116150
147 94 8.673221
147 95 10.790831
147 96 9.556329
147 97 10.572313
147 98 10.108122
147 99 9.937105
147 100 10.816642
147 101 8.506403
147 102 9.864647
147 103 9.935375
147 104 9.209140
147 105 11.053881
147 106 8.777962
147 107 10.081586
147 108 11.107651
147 109 8.589736
147 110 11.073001
147 111 10.158533
147 112 9.097770
147 113 10.194105
147 114 8.458641
147 115 11.007053
147 116 8.513354
147 117 10.739469
147 118 9.162710
147 119 9.302837
147 120 8.588792
147 121 10.185751
147 122 10.629002
147 123 9.090932
147 124 10.279894
147 125 9.367899
147 126 8.792962
147 127 11.075883
147 128 9.037046
147 129 9.365669
147 130 8.550845
147 131 8.713071
147 132 8.917020
147 133 9.027290
147 134 10.068388
147 135 8.527034
147 136 9.798490
147 137 9.494958
147 138 10.612102
147 139 9.529982
147 140 9.584223
147 141 10.501642
147 142 10.948878
147 143 9.775797
147 144 9.276446
147 145 10.160687
147 146 9.263089
147 147 0.000000
147 148 10.466698
147 149 9.841040
147 150 9.645056
147 151 10.635472
147 152 8.878937
147 153 8.484982
147 154 10.847487
147 155 10.015401
147 156 8.927844
147 157 9.715572
147 158 10.623292
147 159 10.092867
147 160 8.831725
147 161 11.090430
147 162 10.433734
147 163 9.259113
147 164 9.041262
147 165 10.892682
147 166 10.106344
147 167 10.931344
147 168 10.571250
147 169 10.147775
147 170 9.870001
147 171 8.534342
147 172 8.398191
147 173 9.618112
147 174 8.920491
147 175 8.630965
147 176 10.697684
147 177 8.539873
147 178 10.963355
147 179 9.011951
147 180 10.572389
147 181 9.425292
147 182 8.462965
147 183 8.653719
147 184 8.583437
147 185 9.530126
147 186 9.875961
147 187 10.403596
147 188 9.802537
147 189 8.608076
147 190 8.484055
147 191 10.024589
147 192 10.374197
147 193 8.946912
147 194 10.265239
147 195 9.546426
147 196 10.853378
147 197 9.358003
147 198 10.954163
147 199 8.391420
147 200 8.470513
148 0 9.568583
148 1 10.779727
148 2 10.491782
148 3 8.604820
148 4 8.401543
148 5 9.105564
148 6 9.357417
148 7 10.122353
148 8 10.909075
148 9 8.825099
148 10 10.756486
148 11 9.320640
148 12 10.067232
148 13 9.991712
148 14 10.294489
148 15 8.384856
148 16 8.468415
148 17 8.639968
148 18 9.316022
148 19 9.789800
148 20 9.308433
148 21 10.463226
148 22 8.434867
148 23 9.639852
148 24 9.998241
148 25 11.098889
148 26 10.564176
148 27 8.468937
148 28 10.211705
148 29 9.549442
148 30 9.216928
148 31 10.448961
148 32 10.120275
148 33 9.430677
148 34 8.470317
148 35 10.917679
148 36 9.081658
148 37 9.109861
148 38 9.462872
148 39 9.191886
148 40 8.436656
148 41 10.637619
148 42 8.935073
148 43 9.149909
148 44 10.022823
148 45 9.889635
148 46 8.958825
148 47 9.857661
148 48 10.586632
148 49 10.740229
148 50 10.515423
148 51 8.556485
148 52 9.001738
148 53 8.941197
148 54 8.687697
148 55 9.031418
148 56 8.449865
148 57 10.063648
148 58 10.441981
148 59 9.201864
148 60 9.621258
148 61 9.688045
148 62 9.966311
148 63 10.678449
148 64 10.618820
148 65 9.534926
148 66 9.059903
148 67 8.761607
148 68 9.687235
148 69 8.606235
148 70 10.823086
148 71 8.430122
148 72 10.887912
148 73 9.561329
148 74 9.331418
148 75 8.339066
148 76 10.534950
148 77 9.891453
148 78 9.755150
148 79 10.423573
148 80 10.528358
148 81 10.249209
148 82 8.919299
148 83 8.981505
148 84 9.320338
148 85 8.763856
148 86 9.995507
148 87 10.282812
148 88 10.636182
148 89 10.397042
148 90 11.062893
148 91 8.370891
148 92 10.114423
148 93 8.517190
148 94 10.791962
148 95 11.092593
148 96 9.846947
148 97 8.784967
148 98 8.422731
148 99 10.903658
148 100 10.283259
148 101 8.594971
148 102 10.995578
148 103 10.458571
148 104 8.758449
148 105 9.789950
148 106 10.864803
148 107 10.802244
148 108 9.310001
148 109 8.604647
148 110 9.446105
148 111 10.280701
148 112 8.409867
148 113 9.402711
148 114 10.984740
148 115 9.633097
148 116 8.381644
148 117 11.016801
148 118 9.974009
148 119 8.523472
148 120 9.674092
148 121 8.448077
148 122 8.456808
148 123 9.887139
148 124 9.157749
148 125 8.859324
148 126 11.042120
148 127 10.718174
148 128 10.218279
148 129 8.666154
148 130 9.402084
148 131 8.647760
148 132 9.871083
148 133 9.974116
148 134 9.717801
148 135 8.845379
148 136 10.137502
148 137 9.268206
148 138 9.291910
148 139 10.318064
148 140 10.134915
148 141 8.996915
148 142 8.737676
148 143 9.544372
148 144 8.958833
148 145 10.257097
148 146 10.408018
148 147 10.466698
148 148 0.000000
148 149 10.502109
148 150 9.318389
148 151 9.003286
148 152 9.484287
148 153 10.535484
148 154 10.927594
148 155 8.478406
148 156 9.808597
148 157 10.543724
148 158 10.845816
148 159 10.221814
148 160 11.033359
148 161 8.744748
148 162 9.509121
148 163 8.725692
148 164 10.556170
148 165 8.565063
148 166 10.060365
148 167 9.950102
148 168 8.604520
148 169 9.460992
148 170 10.490452
148 171 10.857842
148 172 11.008200
148 173 9.807505
148 174 8.864425
148 175 10.068422
148 176 8.613744
148 177 10.043989
148 178 8.784749
148 179 9.297950
148 180 9.312014
148 181 9.728246
148 182 8.701714
148 183 10.131248
148 184 9.337364
148 185 10.053313
148 186 10.037157
148 187 11.073752
148 188 9.528114
148 189 8.492935
148 190 9.734000
148 191 10.483250
148 192 10.227894
148 193 9.316244
148 194 9.211257
148 195 9.596536
148 196 11.093711
148 197 9.284881
148 198 10.684787
148 199 9.790572
148 200 10.970947
149 0 9.442854
149 1 10.553214
149 2 9.824550
149 3 9.046582
149 4 9.278771
149 5 9.039773
149 6 10.466481
149 7 10.930018
149 8 9.401500
149 9 9.087866
149 10 8.957123
149 11 9.308315
149 12 9.122231
149 13 10.536329
149 14 10.848176
149 15 10.420084
149 16 8.912807
149 17 10.543383
149 18 9.552193
149 19 9.688373
149 20 9.680807
149 21 9.102014
149 22 9.334957
149 23 10.267204
149 24 8.674899
149 25 9.936854
149 26 10.985625
149 27 10.112905
149 28 10.662759
149 29 9.469292
149 30 9.958219
149 31 9.788809
149 32 10.978711
149 33 10.308345
149 34 10.431099
149 35 8.905441
149 36 10.029192
149 37 8.345621
149 38 9.640716
149 39 8.446769
149 40 10.371749
149 41 10.331937
149 42 10.910710
149 43 9.369101
149 44 9.707243
149 45 8.940576
149 46 11.021360
149 47 10.827859
149 48 8.578003
149 49 10.664607
149 50 10.360958
149 51 8.707156
149 52 10.916357
149 53 8.882279
149 54 9.989418
149 55 8.376401
149 56 9.100558
149 57 8.371791
149 58 8.918074
149 59 10.491889
149 60 10.637941
149 61 8.769086
149 62 9.873516
149 63 8.968376
149 64 10.398269
149 65 9.860456
149 66 11.036751
149 67 9.053307
149 68 10.598724
149 69 9.736412
149 70 10.193180
149 71 9.933689
149 72 8.833922
149 73 10.337760
149 74 8.445524
149 75 10.247792
149 76 8.507502
149 77 10.102229
149 78 9.714086
149 79 10.644278
149 80 9.824866
149 81 10.786999
149 82 10.972058
149 83 10.011810
149 84 10.898711
149 85 9.189669
149 86 9.826205
149 87 10.341983
149 88 9.385502
149 89 10.812032
149 90 10.237292
149 91 9.596362
149 92 9.928628
149 93 9.357756
149 94 10.938837
149 95 9.458745
149 96 8.970654
149 97 11.095082
149 98 9.983347
149 99 10.299796
149 100 8.612541
149 101 8.975724
149 102 8.829979
149 103 9.123226
149 104 8.863691
149 105 9.728269
149 106 9.477203
149 107 8.610394
149 108 10.190161
149 109 9.528770
149 110 9.337480
149 111 8.982996
149 112 8.533801
149 113 9.380417
149 114 9.883041
149 115 9.810291
149 116 10.729516
149 117 11.095402
149 118 10.709462
149 119 10.163630
149 120 8.816836
149 121 8.393666
149 122 8.939616
149 123 10.445058
149 124 10.187014
149 125 10.719015
149 126 9.717195
149 127 10.170712
149 128 9.380492
149 129 9.077225
149 130 9.182832
149 131 10.964966
149 132 11.076410
149 133 9.288107
149 134 9.384300
149 135 10.718550
149 136 8.844853
149 137 8.741504
149 138 9.176736
149 139 10.666001
149 140 9.033947
149 141 10.769068
149 142 10.903795
149 143 8.708319
149 144 9.851467
149 145 9.559275
149 146 8.509508
149 147 9.841040
149 148 10.502109
149 149 0.000000
149 150 9.987343
149 151 9.012394
149 152 8.500139
149 153 10.933187
149 154 9.554784
149 155 8.677296
149 156 8.470704
149 157 10.969649
149 158 8.996037
149 159 9.193900
149 160 8.795642
149 161 8.881453
149 162 9.868052
149 163 8.512257
149 164 11.003858
149 165 8.366099
149 166 10.463005
149 167 10.486029
149 168 8.828981
149 169 8.975852
149 170 9.287755
149 171 9.169010
149 172 8.338347
149 173 9.869989
149 174 8.895787
149 175 8.752958
149 176 9.622013
149 177 10.027771
149 178 8.805983
149 179 9.509363
149 180 8.420084
149 181 9.042783
149 182 8.949256
149 183 9.726077
149 184 10.808823
149 185 11.019243
149 186 9.676491
149 187 10.419058
149 188 10.389184
149 189 8.504610
149 190 9.239489
149 191 10.817141
149 192 8.483292
149 193 9.879854
149 194 8.676394
149 195 9.361591
149 196 10.494649
149 197 10.233582
149 198 9.227681
149 199 9.938690
149 200 9.178056
150 0 8.740960
150 1 10.407752
150 2 9.340695
150 3 9.682039
150 4 9.158788
150 5 10.505927
150 6 9.497894
150 7 9.306583
150 8 8.639250
150 9 10.020356
150 10 8.918069
150 11 8.701653
150 12 10.238160
150 13 9.276046
150 14 8.762870
150 15 8.827878
150 16 9.949996
150 17 10.162447
150 18 10.915739
150 19 10.399218
150 20 10.367570
150 21 9.410111
150 22 8.588932
150 23 9.686880
150 24 11.017015
150 25 8.928696
150 26 10.774985
150 27 9.332364
150 28 8.676787
150 29 8.881259
150 30 10.766073
150 31 9.094430
150 32 10.765941
150 33 8.455131
150 34 11.069547
150 35 11.030968
150 36 9.038860
150 37 8.503207
150 38 10.977776
150 39 10.918401
150 40 10.870774
150 41 10.107208
150 42 10.555883
150 43 9.111358
150 44 10.067263
150 45 10.041453
150 46 8.945361
150 47 10.400805
150 48 9.104042
150 49 8.698259
150 50 10.890241
150 51 10.655644
150 52 10.254094
150 53 10.950908
150 54 9.620080
150 55 10.333522
150 56 10.506613
150 57 10.343134
150 58 10.544372
150 59 8.667743
150 60 8.860352
150 61 10.181820
150 62 9.988987
150 63 9.128591
150 64 9.733056
150 65 10.421533
150 66 10.720982
150 67 8.342285
150 68 10.421458
150 69 8.361857
150 70 8.446459
150 71 9.827668
150 72 9.988888
150 73 10.834993
150 74 9.059148
150 75 9.734006
150 76 9.960187
150 77 9.611367
150 78 10.274557
150 79 11.031512
150 80 10.564565
150 81 10.666769
150 82 9.815127
150 83 10.507466
150 84 10.271992
150 85 10.903551
150 86 9.695701
150 87 10.710004
150 88 8.528492
150 89 10.681778
150 90 10.050207
150 91 10.930457
150 92 11.071151
150 93 10.398438
150 94 8.817787
150 95 8.844065
150 96 9.552931
150 97 10.722414
150 98 9.710319
150 99 10.604672
150 100 11.014974
150 101 10.684337
150 102 9.498423
150 103 8.939060
150 104 10.450714
150 105 11.022707
150 106 10.660287
150 107 9.798474
150 108 8.877740
150 109 8.447691
150 110 8.633806
150 111 10.979106
150 112 11.063937
150 113 8.917622
150 114 10.806264
150 115 8.586260
150 116 9.852719
150 117 10.622999
150 118 10.097942
150 119 9.317043
150 120 8.878368
150 121 10.273860
150 122 10.030744
150 123 10.233416
150 124 8.914539
150 125 9.592640
150 126 9.879121
150 127 10.429073
150 128 10.389487
150 129 8.627058
150 130 8.455408
150 131 10.077661
150 132 10.241846
150 133 10.215559
150 134 10.895607
150 135 10.421650
150 136 9.588243
150 137 10.410729
150 138 8.533965
150 139 10.259821
150 140 10.685757
150 141 8.360490
150 142 9.151001
150 143 10.371057
150 144 9.975114
150 145 10.168433
150 146 9.323956
150 147 9.645056
150 148 9.318389
150 149 9.987343
150 150 0.000000
150 151 9.011477
150 152 9.819479
150 153 10.792091
150 154 10.922515
150 155 10.477945
150 156 8.972052
150 157 8.844220
150 158 10.738015
150 159 10.676041
150 160 10.511382
150 161 9.601364
150 162 9.464817
150 163 9.019387
150 164 10.724271
150 165 9.504186
150 166 10.235376
150 167 10.453977
150 168 9.573388
150 169 9.409327
150 170 9.922546
150 171 10.197980
150 172 10.346114
150 173 8.415142
150 174 10.674813
150 175 11.103762
150 176 8.469698
150 177 8.721206
150 178 9.219446
150 179 10.166053
150 180 8.454822
150 181 10.988541
150 182 8.840560
150 183 9.716369
150 184 10.798676
150 185 10.420291
150 186 8.602699
150 187 8.959371
150 188 9.651108
150 189 9.850948
150 190 10.280712
150 191 10.599993
150 192 10.175960
150 193 9.908506
150 194 10.898177
150 195 9.169326
150 196 10.945124
150 197 8.403757
150 198 10.366971
150 199 10.033481
150 200 10.599796
151 0 9.875839
151 1 10.219475
151 2 10.167468
151 3 10.881428
151 4 8.421875
151 5 11.090437
151 6 10.149286
151 7 9.850523
151 8 9.501625
151 9 10.094523
151 10 11.005395
151 11 8.834080
151 12 9.641587
151 13 9.285682
151 14 8.773370
151 15 10.143574
151 16 9.956732
151 17 9.076335
151 18 10.527375
151 19 10.373723
151 20 8.417686
151 21 8.944363
151 22 8.738695
151 23 9.850002
151 24 9.940265
151 25 10.421232
151 26 10.200231
151 27 9.315411
151 28 8.603477
151 29 8.765973
151 30 8.478361
151 31 9.548011
151 32 10.213670
151 33 8.969739
151 34 10.251454
151 35 9.246586
151 36 10.394651
151 37 9.028057
151 38 9.840169
151 39 9.122691
151 40 10.472704
151 41 9.230245
151 42 10.471119
151 43 10.082344
151 44 9.494772
151 45 9.648756
151 46 8.456807
151 47 9.701618
151 48 10.697550
151 49 9.886049
151 50 10.444061
151 51 9.909715
151 52 9.174606
151 53 10.395940
151 54 8.910582
151 55 8.418485
151 56 10.300703
151 57 10.628412
151 58 10.590934
151 59 9.793615
151 60 9.152370
151 61 9.577321
151 62 9.927490
151 63 9.496358
151 64 8.375251
151 65 8.991300
151 66 9.606156
151 67 8.583797
151 68 10.529764
151 69 10.059777
151 70 9.172832
151 71 9.499234
151 72 8.527577
151 73 9.757880
151 74 8.923368
151 75 10.470798
151 76 9.544379
151 77 10.908007
151 78 10.485706
151 79 9.768454
151 80 11.111056
151 81 8.724846
151 82 9.558217
151 83 8.652717
151 84 9.085893
151 85 9.939247
151 86 9.243204
151 87 8.843501
151 88 8.429138
151 89 10.105938
151 90 9.251805
151 91 10.330595
151 92 9.114343
151 93 8.587629
151 94 10.370408
151 95 9.833209
151 96 8.742140
151 97 10.751092
151 98 8.626138
151 99 9.543989
151 100 11.020035
151 101 8.651107
151 102 9.240277
151 103 10.194891
151 104 8.524522
151 105 10.356069
151 106 10.495186
151 107 10.487551
151 108 8.440929
151 109 10.669799
151 110 9.190798
151 111 8.794859
151 112 8.647318
151 113 8.744952
151 114 9.180752
151 115 10.461978
151 116 9.554407
151 117 8.402538
151 118 8.496595
151 119 10.763739
151 120 10.002603
151 121 10.909662
151 122 9.952512
151 123 8.848290
151 124 8.631164
151 125 10.746820
151 126 8.792427
151 127 9.473522
151 128 10.815402
151 129 10.817348
151 130 10.222199
151 131 10.455877
151 132 10.629662
151 133 10.146639
151 134 9.620087
151 135 10.283442
151 136 9.984832
151 137 10.880674
151 138 9.272314
151 139 8.578700
151 140 8.602299
151 141 8.849063
151 142 11.012609
151 143 9.916975
151 144 10.794354
151 145 8.453898
151 146 10.397932
151 147 10.635472
151 148 9.003286
151 149 9.012394
151 150 9.011477
151 151 0.000000
151 152 10.117683
151 153 10.367887
151 154 9.244180
151 155 8.929344
151 156 10.423198
151 157 9.313782
151 158 8.376387
151 159 10.774990
151 160 10.324652
151 161 9.819954
151 162 9.226963
151 163 10.701831
151 164 10.631983
151 165 8.946260
151 166 9.395875
151 167 9.362440
151 168 10.322594
151 169 8.911536
151 170 8.716943
151 171 10.807297
151 172 11.026389
151 173 11.011295
151 174 10.858825
151 175 9.540128
151 176 9.922582
151 177 10.663707
151 178 9.296228
151 179 10.272518
151 180 8.404166
151 181 9.862398
151 182 10.618134
151 183 8.694313
151 184 9.437743
151 185 10.074393
151 186 9.577738
151 187 9.004437
151 188 9.398145
151 189 9.740459
151 190 8.897884
151 191 10.865970
151 192 10.957703
151 193 10.209638
151 194 8.509023
151 195 8.421652
151 196 9.066985
151 197 9.643802
151 198 10.093363
151 199 10.481338
151 200 9.566783
152 0 9.430006
152 1 10.915215
152 2 10.683694
152 3 10.907113
152 4 8.701695
152 5 8.608964
152 6 10.610230
152 7 10.644985
152 8 8.848810
152 9 8.749757
152 10 10.340849
152 11 9.426059
152 12 10.825280
152 13 11.046280
152 14 10.918206
152 15 9.838897
152 16 10.823230
152 17 11.014849
152 18 10.641920
152 19 10.980556
152 20 9.020756
152 21 10.084610
152 22 9.702639
152 23 8.401572
152 24 9.615592
152 25 9.039367
152 26 9.551270
152 27 10.905769
152 28 10.333262
152 29 9.321066
152 30 10.324145
152 31 10.870260
152 32 10.348036
152 33 9.907762
152 34 9.679052
152 35 8.580253
152 36 9.022286
152 37 10.017997
152 38 10.510143
152 39 8.475790
152 40 10.895663
152 41 9.976813
152 42 10.019365
152 43 10.438039
152 44 9.805100
152 45 10.800487
152 46 10.545322
152 47 9.134604
152 48 9.658199
152 49 10.835373
152 50 10.628392
152 51 9.133346
152 52 9.010199
152 53 10.160652
152 54 10.498982
152 55 8.983899
152 56 10.972867
152 57 9.133986
152 58 9.618868
152 59 9.937482
152 60 10.833242
152 61 9.161389
152 62 9.082372
152 63 10.693423
152 64 9.265569
152 65 10.460336
152 66 10.007930
152 67 8.533232
152 68 9.950775
152 69 10.094508
152 70 8.987361
152 71 9.126420
152 72 8.985820
152 73 9.762877
152 74 9.350567
152 75 9.157683
152 76 9.970787
152 77 11.064886
152 78 8.764335
152 79 10.262550
152 80 11.005589
152 81 10.757215
152 82 9.993026
152 83 8.738407
152 84 8.816506
152 85 8.700757
152 86 10.490409
152 87 10.646719
152 88 8.457788
152 89 10.591177
152 90 9.444092
152 91 10.901058
152 92 10.726949
152 93 9.946855
152 94 8.909414
152 95 10.545403
152 96 8.749756
152 97 10.205526
152 98 10.900720
152 99 9.532285
152 100 10.093160
152 101 8.731662
152 102 9.538890
152 103 10.047531
152 104 9.548099
152 105 11.046092
152 106 10.980293
152 107 9.012400
152 108 10.758146
152 109 10.735770
152 110 10.385371
152 111 9.826915
152 112 10.520593
152 113 9.511123
152 114 11.086657
152 115 10.963254
152 116 10.618049
152 117 10.475507
152 118 8.890662
152 119 10.302162
152 120 10.204613
152 121 9.271300
152 122 8.801070
152 123 10.096592
152 124 8.497365
152 125 10.751799
152 126 9.180450
152 127 9.423578
152 128 10.057573
152 129 9.219699
152 130 10.760344
152 131 10.359505
152 132 9.867980
152 133 9.867107
152 134 8.932575
152 135 9.791117
152 136 8.462976
152 137 10.208954
152 138 10.869510
152 139 10.338736
152 140 10.310907
152 141 11.093756
152 142 10.608051
152 143 9.893298
152 144 9.033175
152 145 8.426111
152 146 10.434802
152 147 8.878937
152 148 9.484287
152 149 8.500139
152 150 9.819479
152 151 10.117683
152 152 0.000000
152 153 9.641850
152 154 8.742889
152 155 9.763747
152 156 10.132874
152 157 9.666967
152 158 10.358164
152 159 8.850991
152 160 9.361597
152 161 9.121295
152 162 8.724166
152 163 10.900340
152 164 9.142864
152 165 10.686665
152 166 8.563783
152 167 9.676337
152 168 9.747613
152 169 8.614464
152 170 9.782214
152 171 10.807593
152 172 9.792610
152 173 9.296496
152 174 8.918774
152 175 8.504864
152 176 8.731529
152 177 8.677663
152 178 11.055648
152 179 10.970736
152 180 9.284690
152 181 8.899429
152 182 8.370702
152 183 10.971912
152 184 9.713951
152 185 10.523939
152 186 11.008529
152 187 10.185824
152 188 10.638499
152 189 8.361114
152 190 9.045897
152 191 9.459736
152 192 10.178069
152 193 9.073991
152 194 8.907181
152 195 10.427646
152 196 10.323567
152 197 10.273394
152 198 9.951213
152 199 9.354917
152 200 8.444057
153 0 9.603004
153 1 10.768206
153 2 8.591437
153 3 10.255272
153 4 9.024980
153 5 9.192034
153 6 9.218318
153 7 10.825478
153 8 10.734363
153 9 8.951237
153 10 9.171279
153 11 9.723307
153 12 10.470322
153 13 9.894330
153 14 9.328527
153 15 9.967607
153 16 9.818696
153 17 10.517473
153 18 11.017326
153 19 11.104796
153 20 10.251584
153 21 8.917922
153 22 8.928640
153 23 9.887911
153 24 9.677952
153 25 9.710198
153 26 10.108173
153 27 9.519814
153 28 9.170411
153 29 9.866288
153 30 11.026389
153 31 10.101915
153 32 9.408467
153 33 10.455768
153 34 10.857625
153 35 9.850145
153 36 9.535898
153 37 9.504707
153 38 9.957962
153 39 9.639386
153 40 10.379555
153 41 9.702626
153 42 10.801196
153 43 8.612692
153 44 10.995036
153 45 10.486415
153 46 9.288998
153 47 10.878868
153 48 9.821405
153 49 10.605175
153 50 8.741373
153 51 9.183258
153 52 9.402708
153 53 9.896691
153 54 10.429164
153 55 9.170138
153 56 10.143982
153 57 10.761607
153 58 10.393586
153 59 10.233416
153 60 8.727032
153 61 10.598742
153 62 10.657333
153 63 10.679149
153 64 9.794494
153 65 9.017271
153 66 8.984039
153 67 8.782507
153 68 10.238131
153 69 9.725259
153 70 9.902587
153 71 10.091602
153 72 8.345647
153 73 8.650408
153 74 9.506705
153 75 10.324843
153 76 9.179966
153 77 8.334446
153 78 8.435532
153 79 8.929253
153 80 9.414306
153 81 9.378923
153 82 9.897689
153 83 10.253256
153 84 10.058677
153 85 9.365652
153 86 8.724749
153 87 10.945647
153 88 8.605117
153 89 9.919907
153 90 9.473452
153 91 10.318495
153 92 9.763607
153 93 10.257239
153 94 10.032545
153 95 9.599540
153 96 10.359430
153 97 10.255454
153 98 10.090045
153 99 10.999140
153 100 8.853682
153 101 8.384925
153 102 11.109999
153 103 8.679886
153 104 9.226164
153 105 9.655945
153 106 10.295363
153 107 10.442229
153 108 10.432617
153 109 8.337356
153 110 10.998306
153 111 10.993892
153 112 10.218740
153 113 10.828712
153 114 9.526059
153 115 8.714067
153 116 9.744065
153 117 10.144260
153 118 10.906134
153 119 10.630845
153 120 9.331332
153 121 9.709730
153 122 10.663394
153 123 10.428978
153 124 8.703194
153 125 8.824404
153 126 9.996710
153 127 10.897676
153 128 11.006980
153 129 9.596631
153 130 8.741994
153 131 8.506715
153 132 9.751368
153 133 9.473391
153 134 9.067502
153 135 11.036434
153 136 10.950307
153 137 10.547629
153 138 9.204073
153 139 10.847133
153 140 10.820628
153 141 10.127180
153 142 8.575360
153 143 10.728216
153 144 8.688153
153 145 10.635678
153 146 8.357720
153 147 8.484982
153 148 10.535484
153 149 10.933187
153 150 10.792091
153 151 10.367887
153 152 9.641850
153 153 0.000000
153 154 8.982646
153 155 8.756312
153 156 8.594834
153 157 8.637707
153 158 8.406896
153 159 9.856921
153 160 9.543357
153 161 8.337082
153 162 10.316288
153 163 8.816558
153 164 8.676096
153 165 10.283232
153 166 8.470170
153 167 10.288733
153 168 9.320028
153 169 8.705980
153 170 8.416477
153 171 9.644015
153 172 10.338939
153 173 8.417347
153 174 10.466191
153 175 8.683734
153 176 8.802619
153 177 9.025246
153 178 8.491248
153 179 9.170029
153 180 8.816451
153 181 9.583150
153 182 9.935940
153 183 10.609468
153 184 9.535277
153 185 10.036120
153 186 10.872303
153 187 10.806675
153 188 10.316946
153 189 9.780506
153 190 8.623830
153 191 9.310864
153 192 9.066405
153 193 9.719053
153 194 8.704448
153 195 9.906748
153 196 10.939267
153 197 10.889871
153 198 9.643708
153 199 9.184947
153 200 8.333561
154 0 10.275039
154 1 8.555060
154 2 9.821405
154 3 9.699660
154 4 9.778683
154 5 9.870584
154 6 10.884016
154 7 10.054489
154 8 10.210376
154 9 10.329751
154 10 8.521100
154 11 8.884580
154 12 9.177616
154 13 9.729149
154 14 8.796920
154 15 8.867793
154 16 10.724224
154 17 10.065760
154 18 11.000533
154 19 9.016014
154 20 8.734177
154 21 10.665485
154 22 10.238219
154 23 8.790300
154 24 9.668621
154 25 10.638787
154 26 10.647008
154 27 10.213401
154 28 10.966351
154 29 8.926344
154 30 9.636335
154 31 8.725183
154 32 10.652891
154 33 8.393942
154 34 10.739131
154 35 8.961593
154 36 10.694318
154 37 9.589104
154 38 9.761930
154 39 9.001015
154 40 10.633156
154 41 9.051336
154 42 10.139642
154 43 8.737424
154 44 9.319256
154 45 10.567266
154 46 11.110253
154 47 10.959751
154 48 9.356041
154 49 11.104472
154 50 9.279338
154 51 9.971623
154 52 10.765821
154 53 9.400985
154 54 9.015369
154 55 9.582197
154 56 8.696613
154 57 9.071995
154 58 9.022351
154 59 10.960414
154 60 8.567416
154 61 8.963711
154 62 9.186625
154 63 8.374849
154 64 9.415840
154 65 9.661238
154 66 9.107807
154 67 8.974569
154 68 10.507068
154 69 10.733215
154 70 10.458952
154 71 9.635669
154 72 10.198572
154 73 8.869914
154 74 9.027277
154 75 11.079013
154 76 10.842683
154 77 9.375580
154 78 10.346081
154 79 9.530008
154 80 8.626092
154 81 8.422743
154 82 9.467330
154 83 9.018560
154 84 8.719867
154 85 9.910218
154 86 8.859356
154 87 10.076528
154 88 9.236218
154 89 9.822528
154 90 9.070081
154 91 10.560186
154 92 8.970483
154 93 8.892685
154 94 8.487185
154 95 10.791547
154 96 9.775055
154 97 10.722084
154 98 10.309086
154 99 8.952699
154 100 10.433555
154 101 9.906307
154 102 8.557246
154 103 10.273025
154 104 8.632443
154 105 9.752034
154 106 9.947642
154 107 9.985657
154 108 9.361875
154 109 9.952922
154 110 9.867062
154 111 8.893049
154 112 9.781058
154 113 10.200751
154 114 10.958064
154 115 10.968285
154 116 9.313607
154 117 10.037010
154 118 10.964875
154 119 8.952906
154 120 8.905908
154 121 10.305904
154 122 10.362469
154 123 8.982998
154 124 9.349092
154 125 8.349471
154 126 10.154087
154 127 8.732109
154 128 8.900565
154 129 9.034701
154 130 9.029107
154 131 10.128903
154 132 9.716403
154 133 8.894966
154 134 10.198322
154 135 9.547549
154 136 10.838998
154 137 9.236899
154 138 9.524053
154 139 8.718258
154 140 9.625291
154 141 9.343587
154 142 8.531654
154 143 10.524888
154 144 8.876594
154 145 10.996807
154 146 9.234989
154 147 10.847487
154 148 10.927594
154 149 9.554784
154 150 10.922515
154 151 9.244180
154 152 8.742889
154 153 8.982646
154 154 0.000000
154 155 9.761524
154 156 9.579277
154 157 9.278045
154 158 10.345840
154 159 9.122627
154 160 9.439272
154 161 9.807266
154 162 9.612531
154 163 10.482759
154 164 8.444157
154 165 8.491258
154 166 9.223784
154 167 10.094488
154 168 10.067605
154 169 10.988147
154 170 9.324881
154 171 8.894157
154 172 9.213378
154 173 10.336283
154 174 8.404995
154 175 8.956102
154 176 8.366234
154 177 10.555717
154 178 10.322684
154 179 8.697705
154 180 10.880274
154 181 9.222369
154 182 9.764567
154 183 9.317961
154 184 8.636747
154 185 8.939818
154 186 9.103969
154 187 11.078714
154 188 8.425408
154 189 10.786389
154 190 10.761828
154 191 10.310810
154 192 9.770910
154 193 9.521887
154 194 11.034479
154 195 10.353327
154 196 8.643961
154 197 8.981507
154 198 9.705416
154 199 8.455730
154 200 10.589701
155 0 10.338482
155 1 9.128612
155 2 9.967277
155 3 8.443103
155 4 8.514240
155 5 10.112322
155 6 9.364225
155 7 10.720132
155 8 11.044149
155 9 10.924077
155 10 10.584561
155 11 10.338461
155 12 9.120244
155 13 9.341530
155 14 9.699523
155 15 9.906509
155 16 9.715889
155 17 9.031710
155 18 9.479433
155 19 9.068133
155 20 10.511565
155 21 10.932518
155 22 10.521264
155 23 9.970155
155 24 8.923773
155 25 8.846352
155 26 11.005639
155 27 9.294277
155 28 10.128551
155 29 10.520101
155 30 10.136818
155 31 9.323888
155 32 8.986017
155 33 10.729998
155 34 10.029121
155 35 9.661137
155 36 9.704702
155 37 8.553065
155 38 8.873252
155 39 10.756977
155 40 9.803927
155 41 9.759954
155 42 10.841974
155 43 8.435864
155 44 10.168984
155 45 10.915363
155 46 9.093035
155 47 9.828111
155 48 9.835813
155 49 10.724486
155 50 8.992746
155 51 10.412265
155 52 9.805680
155 53 10.452146
155 54 8.908923
155 55 10.498678
155 56 10.433787
155 57 10.013246
155 58 8.824198
155 59 10.720025
155 60 8.429421
155 61 10.112644
155 62 8.906086
155 63 11.076542
155 64 8.402348
155 65 9.671571
155 66 9.029040
155 67 9.655133
155 68 9.518232
155 69 8.791258
155 70 8.986835
155 71 10.719785
155 72 10.839662
155 73 10.579980
155 74 8.827218
155 75 9.621916
155 76 10.999159
155 77 9.236276
155 78 9.466305
155 79 10.824039
155 80 10.647813
155 81 8.544470
155 82 9.261798
155 83 10.254842
155 84 8.959352
155 85 9.522786
155 86 10.873641
155 87 10.144463
155 88 9.210783
155 89 9.575146
155 90 8.334297
155 91 10.361512
155 92 10.874929
155 93 9.268842
155 94 9.492645
155 95 10.817526
155 96 10.192013
155 97 8.882101
155 98 8.558042
155 99 10.431542
155 100 8.680707
155 101 10.667048
155 102 9.557522
155 103 10.845124
155 104 10.104389
155 105 8.985765
155 106 9.975370
155 107 10.222526
155 108 9.748948
155 109 8.478088
155 110 10.912073
155 111 10.942281
155 112 8.553265
155 113 9.434223
155 114 9.189565
155 115 8.420161
155 116 9.232739
155 117 10.288593
155 118 10.523108
155 119 10.255889
155 120 9.317083
155 121 11.046775
155 122 9.379626
155 123 9.699005
155 124 10.760374
155 125 11.088443
155 126 9.741924
155 127 10.147059
155 128 10.715305
155 129 9.916485
155 130 9.548464
155 131 9.915459
155 132 8.697160
155 133 9.182683
155 134 10.913209
155 135 8.696560
155 136 8.650725
155 137 9.729021
155 138 9.362705
155 139 8.435874
155 140 9.033884
155 141 10.647643
155 142 9.633155
155 143 9.897636
155 144 9.491972
155 145 9.296782
155 146 9.031274
155 147 10.015401
155 148 8.478406
155 149 8.677296
155 150 10.477945
155 151 8.929344
155 152 9.763747
155 153 8.756312
155 154 9.761524
155 155 0.000000
155 156 10.034881
155 157 8.566163
155 158 9.962942
155 159 9.586719
155 160 10.378364
155 161 8.882631
155 162 9.009533
155 163 9.402821
155 164 10.686187
155 165 9.515585
155 166 8.891271
155 167 10.577095
155 168 8.999999
155 169 10.731398
155 170 9.932168
155 171 10.781891
155 172 10.440544
155 173 9.203393
155 174 10.613556
155 175 9.188796
155 176 9.396180
155 177 9.064732
155 178 8.471487
155 179 9.583075
155 180 10.299630
155 181 9.602189
155 182 9.505150
155 183 9.096335
155 184 9.655676
155 185 10.642650
155 186 10.076561
155 187 8.404949
155 188 10.411623
155 189 8.525858
155 190 9.234850
155 191 9.718791
155 192 10.224842
155 193 10.517553
155 194 10.505448
155 195 10.377707
155 196 9.009127
155 197 9.746740
155 198 10.367106
155 199 9.101517
155 200 9.342490
156 0 8.751955
156 1 9.712222
156 2 10.562631
156 3 11.052100
156 4 8.378388
156 5 8.702203
156 6 9.741254
156 7 10.696727
156 8 9.422218
156 9 8.839111
156 10 9.332517
156 11 10.836311
156 12 9.324600
156 13 10.557183
156 14 9.535284
156 15 10.828512
156 16 9.394713
156 17 9.107432
156 18 10.795008
156 19 10.464211
156 20 9.694773
156 21 10.368954
156 22 8.931041
156 23 9.666136
156 24 9.826874
156 25 10.633027
156 26 10.974683
156 27 10.805422
156 28 9.956473
156 29 9.536253
156 30 10.940300
156 31 8.817377
156 32 10.715247
156 33 8.887408
156 34 9.597783
156 35 9.289788
156 36 10.324964
156 37 9.814075
156 38 9.291115
156 39 9.242763
156 40 9.313955
156 41 10.035927
156 42 10.191874
156 43 10.670187
156 44 9.791081
156 45 9.246501
156 46 9.343195
156 47 9.843622
156 48 9.632225
156 49 10.578192
156 50 9.280722
156 51 10.143842
156 52 9.879937
156 53 9.027317
156 54 9.204559
156 55 9.014635
156 56 10.997336
156 57 8.602023
156 58 8.831581
156 59 10.371028
156 60 9.727675
156 61 8.489267
156 62 10.470550
156 63 9.020612
156 64 8.807050
156 65 11.108428
156 66 10.371740
156 67 9.975474
156 68 9.769672
156 69 9.528323
156 70 9.366099
156 71 10.520546
156 72 8.585882
156 73 8.829638
156 74 8.571254
156 75 10.703539
156 76 9.413151
156 77 8.680291
156 78 9.673505
156 79 10.772364
156 80 9.101167
156 81 8.815381
156 82 11.072123
156 83 10.028207
156 84 8.544380
156 85 10.103697
156 86 8.978189
156 87 9.771400
156 88 10.644751
156 89 8.996452
156 90 8.486958
156 91 10.060467
156 92 11.088313
156 93 9.625907
156 94 9.009990
156 95 9.137301
156 96 8.851245
156 97 8.920572
156 98 10.934916
156 99 9.611561
156 100 10.965673
156 101 9.033838
156 102 10.656899
156 103 8.963871
156 104 8.490091
156 105 8.412679
156 106 10.060462
156 107 10.348956
156 108 8.770261
156 109 8.735955
156 110 9.020845
156 111 9.161501
156 112 9.548661
156 113 10.186922
156 114 9.385980
156 115 10.642730
156 116 9.349501
156 117 10.939548
156 118 9.742240
156 119 8.474857
156 120 10.539551
156 121 10.747687
156 122 10.003123
156 123 9.874365
156 124 9.149945
156 125 9.396237
156 126 9.563699
156 127 8.926982
156 128 9.857967
156 129 9.559874
156 130 8.968247
156 131 8.412916
156 132 8.535774
156 133 10.915594
156 134 10.162440
156 135 8.668142
156 136 9.215823
156 137 10.344706
156 138 10.141503
156 139 10.149650
156 140 8.696691
156 141 9.218484
156 142 10.087485
156 143 10.959953
156 144 9.577265
156 145 10.224674
156 146 11.046557
156 147 8.927844
156 148 9.808597
156 149 8.470704
156 150 8.972052
156 151 10.423198
156 152 10.132874
156 153 8.594834
156 154 9.579277
156 155 10.034881
156 156 0.000000
156 157 10.058218
156 158 9.572071
156 159 9.413476
156 160 9.042904
156 161 10.245443
156 162 9.083739
156 163 10.795561
156 164 8.951454
156 165 9.187728
156 166 8.767088
156 167 8.953931
156 168 10.433902
156 169 10.991992
156 170 9.973057
156 171 10.171085
156 172 10.227277
156 173 9.100834
156 174 9.002656
156 175 9.902245
156 176 10.734221
156 177 8.551788
156 178 8.699016
156 179 9.739508
156 180 9.454267
156 181 8.919399
156 182 8.740780
156 183 10.033703
156 184 9.251030
156 185 8.383939
156 186 10.567559
156 187 10.947818
156 188 9.757513
156 189 9.969759
156 190 9.095732
156 191 10.816562
156 192 10.530267
156 193 10.011956
156 194 9.120157
156 195 10.230929
156 196 9.583339
156 197 8.656138
156 198 10.972041
156 199 10.939352
156 200 9.278502
157 0 9.855988
157 1 10.947673
157 2 10.913427
157 3 11.109092
157 4 9.461769
157 5 8.955709
157 6 10.582734
157 7 9.386334
157 8 8.357215
157 9 10.329960
157 10 9.789704
157 11 10.504795
157 12 8.496541
157 13 8.659553
157 14 10.718143
157 15 10.239256
157 16 8.370457
157 17 10.136936
157 18 9.809545
157 19 10.544871
157 20 10.929148
157 21 10.242284
157 22 9.100124
157 23 8.875711
157 24 9.853948
157 25 9.566878
157 26 8.397860
157 27 8.378243
157 28 10.018190
157 29 9.588454
157 30 10.790927
157 31 8.625900
157 32 8.365274
157 33 10.228475
157 34 9.155038
157 35 10.838412
157 36 9.791972
157 37 9.809672
157 38 9.168957
157 39 8.346467
157 40 8.639271
157 41 8.912395
157 42 9.514104
157 43 9.170665
157 44 10.811901
157 45 9.466605
157 46 10.827823
157 47 10.553333
157 48 8.717488
157 49 11.079893
157 50 8.418663
157 51 10.823074
157 52 10.183299
157 53 8.863101
157 54 11.070012
157 55 10.465544
157 56 10.452742
157 57 11.021371
157 58 9.004502
157 59 9.174533
157 60 9.266028
157 61 10.932873
157 62 9.182591
157 63 8.942984
157 64 10.002033
157 65 10.247794
157 66 8.917474
157 67 9.639980
157 68 10.531024
157 69 8.480398
157 70 9.712182
157 71 8.801364
157 72 9.896397
157 73 9.919619
157 74 10.097081
157 75 10.043372
157 76 9.167551
157 77 10.063655
157 78 9.192031
157 79 8.877595
157 80 10.721677
157 81 10.452330
157 82 8.402839
157 83 10.759870
157 84 10.008951
157 85 9.089702
157 86 10.794206
157 87 10.072982
157 88 10.890725
157 89 10.238568
157 90 10.132529
157 91 8.870644
157 92 8.626962
157 93 9.355558
157 94 9.692409
157 95 8.791080
157 96 8.975889
157 97 10.980709
157 98 9.383178
157 99 9.198188
157 100 10.666367
157 101 9.376626
157 102 10.195124
157 103 10.699192
157 104 8.954370
157 105 9.537400
157 106 9.149474
157 107 9.601485
157 108 10.815941
157 109 10.925078
157 110 10.452789
157 111 10.363041
157 112 11.009231
157 113 9.990860
157 114 8.836920
157 115 8.951921
157 116 9.528590
157 117 8.806209
157 118 10.768674
157 119 9.202884
157 120 9.415157
157 121 8.919733
157 122 8.926621
157 123 10.691899
157 124 10.792089
157 125 9.233940
157 126 8.626134
157 127 8.775094
157 128 8.917664
157 129 9.625821
157 130 10.018084
157 131 9.737350
157 132 9.756424
157 133 8.909267
157 134 9.409153
157 135 9.585054
157 136 11.103205
157 137 9.533705
157 138 10.576234
157 139 10.481847
157 140 9.195841
157 141 8.740445
157 142 10.051887
157 143 8.941695
157 144 8.698051
157 145 8.787933
157 146 10.313799
157 147 9.715572
157 148 10.543724
157 149 10.969649
157 150 8.844220
157 151 9.313782
157 152 9.666967
157 153 8.637707
157 154 9.278045
157 155 8.566163
157 156 10.058218
157 157 0.000000
157 158 10.706327
157 159 10.627746
157 160 8.376788
157 161 8.843874
157 162 10.227223
157 163 10.319409
157 164 10.908660
157 165 10.236032
157 166 8.532054
157 167 10.145487
157 168 10.547160
157 169 10.862429
157 170 9.660674
157 171 8.363627
157 172 8.825403
157 173 9.155812
157 174 9.768997
157 175 9.426373
157 176 9.856998
157 177 10.773964
157 178 10.739119
157 179 8.603396
157 180 8.956067
157 181 8.612627
157 182 10.960533
157 183 10.080948
157 184 10.033247
157 185 9.311562
157 186 10.517652
157 187 10.279880
157 188 8.858669
157 189 9.643807
157 190 9.571318
157 191 8.916567
157 192 9.089599
157 193 8.853887
157 194 9.295943
157 195 10.541262
157 196 9.460998
157 197 8.336328
157 198 9.141374
157 199 9.344430
157 200 9.832314
158 0 10.502410
158 1 10.222545
158 2 9.142249
158 3 10.965388
158 4 9.097568
158 5 10.233801
158 6 9.183824
158 7 9.127722
158 8 10.629922
158 9 10.172963
158 10 8.544433
158 11 10.065731
158 12 10.154484
158 13 9.759068
158 14 10.405978
158 15 8.485651
158 16 8.513321
158 17 10.097205
158 18 10.573462
158 19 9.417536
158 20 8.823269
158 21 9.785339
158 22 10.347057
158 23 11.005540
158 24 10.474735
158 25 8.635394
158 26 8.432294
158 27 10.531915
158 28 8.946945
158 29 10.122366
158 30 9.396663
158 31 8.969364
158 32 10.842417
158 33 10.103091
158 34 9.977494
158 35 10.033920
158 36 8.729933
158 37 9.680866
158 38 8.353587
158 39 10.243585
158 40 9.834122
158 41 9.002083
158 42 8.720323
158 43 10.445790
158 44 10.279953
158 45 9.630729
158 46 9.203340
158 47 10.741965
158 48 10.022941
158 49 9.177857
158 50 10.434756
158 51 10.358031
158 52 8.561120
158 53 10.564403
158 54 10.813183
158 55 10.948214
158 56 10.845507
158 57 9.500207
158 58 9.708292
158 59 10.090854
158 60 10.423094
158 61 9.677961
158 62 10.639763
158 63 10.044290
158 64 10.150797
158 65 9.117183
158 66 9.342017
158 67 9.511294
158 68 9.842083
158 69 9.623314
158 70 8.456233
158 71 10.341715
158 72 10.942350
158 73 10.771348
158 74 8.962747
158 75 10.155213
158 76 10.043567
158 77 10.221212
158 78 8.666185
158 79 9.253636
158 80 9.116298
158 81 9.931564
158 82 10.444686
158 83 10.936040
158 84 9.157492
158 85 8.729727
158 86 9.651080
158 87 8.883899
158 88 8.506836
158 89 11.041989
158 90 9.212721
158 91 10.273644
158 92 10.110347
158 93 10.140530
158 94 10.667926
158 95 8.728309
158 96 9.325421
158 97 9.443379
158 98 8.936457
158 99 9.231869
158 100 8.847407
158 101 9.934846
158 102 9.002431
158 103 9.271357
158 104 9.302359
158 105 9.440688
158 106 9.334270
158 107 10.246414
158 108 8.660165
158 109 10.448388
158 110 9.840225
158 111 11.093047
158 112 10.323688
158 113 10.116309
158 114 8.339193
158 115 8.904525
158 116 9.521783
158 117 9.284012
158 118 9.548575
158 119 9.372871
158 120 9.062855
158 121 10.711566
158 122 8.722823
158 123 10.273222
158 124 10.339758
158 125 8.415785
158 126 11.097984
158 127 10.558398
158 128 10.354448
158 129 10.117648
158 130 10.227647
158 131 10.277036
158 132 9.556766
158 133 10.367422
158 134 8.348111
158 135 8.758419
158 136 10.422527
158 137 10.324652
158 138 10.897464
158 139 10.576531
158 140 9.174449
158 141 9.010554
158 142 10.722951
158 143 9.144650
158 144 10.933267
158 145 8.655496
158 146 10.389853
158 147 10.623292
158 148 10.845816
158 149 8.996037
158 150 10.738015
158 151 8.376387
158 152 10.358164
158 153 8.406896
158 154 10.345840
158 155 9.962942
158 156 9.572071
158 157 10.706327
158 158 0.000000
158 159 9.141341
158 160 10.431816
158 161 8.395071
158 162 10.082392
158 163 9.398550
158 164 8.926277
158 165 9.178061
158 166 10.740483
158 167 9.968981
158 168 10.038901
158 169 9.770681
158 170 8.453509
158 171 9.244041
158 172 10.690839
158 173 10.212575
158 174 8.498210
158 175 9.940693
158 176 8.629974
158 177 10.046400
158 178 9.588365
158 179 9.778599
158 180 8.722507
158 181 9.452102
158 182 10.609478
158 183 9.155145
158 184 10.686438
158 185 10.904233
158 186 9.499702
158 187 10.993288
158 188 8.766573
158 189 10.444238
158 190 8.405049
158 191 9.607829
158 192 10.765504
158 193 9.815632
158 194 11.012286
158 195 9.972438
158 196 9.008825
158 197 9.574436
158 198 11.082051
158 199 8.429695
158 200 10.729213
159 0 9.606772
159 1 8.501340
159 2 10.317294
159 3 9.535050
159 4 9.945550
159 5 8.837070
159 6 10.977544
159 7 9.006610
159 8 10.164776
159 9 8.548278
159 10 9.862684
159 11 9.364289
159 12 8.772581
159 13 9.599751
159 14 10.444793
159 15 9.943093
159 16 10.418856
159 17 8.722417
159 18 10.390484
159 19 10.779690
159 20 8.608086
159 21 9.580435
159 22 10.394115
159 23 10.332035
159 24 10.574179
159 25 9.513514
159 26 8.790422
159 27 9.836937
159 28 9.673767
159 29 10.063459
159 30 10.493575
159 31 9.341902
159 32 9.745167
159 33 8.346989
159 34 9.310889
159 35 9.375212
159 36 10.142056
159 37 9.838666
159 38 9.692386
159 39 9.129038
159 40 10.706976
159 41 8.956168
159 42 9.384052
159 43 9.218456
159 44 8.754842
159 45 10.256967
159 46 10.308007
159 47 9.895349
159 48 10.511927
159 49 9.193486
159 50 10.295407
159 51 9.353477
159 52 10.093428
159 53 10.104517
159 54 8.590848
159 55 10.732881
159 56 9.686657
159 57 9.300424
159 58 9.080726
159 59 9.431795
159 60 10.830781
159 61 11.022132
159 62 10.839907
159 63 9.594788
159 64 10.526155
159 65 10.347679
159 66 8.564733
159 67 9.612875
159 68 8.415901
159 69 8.895493
159 70 8.892682
159 71 9.393920
159 72 10.213073
159 73 8.786961
159 74 10.207043
159 75 10.212729
159 76 10.544500
159 77 9.710031
159 78 8.966434
159 79 10.984843
159 80 9.849001
159 81 9.291666
159 82 8.391164
159 83 8.533329
159 84 9.797295
159 85 8.928685
159 86 8.960456
159 87 10.658982
159 88 9.789750
159 89 9.029925
159 90 10.878421
159 91 10.574764
159 92 10.297384
159 93 9.228722
159 94 9.401258
159 95 8.474373
159 96 9.745155
159 97 10.552057
159 98 10.232637
159 99 8.703348
159 100 9.394190
159 101 8.403551
159 102 8.395069
159 103 8.721127
159 104 9.299243
159 105 9.874459
159 106 8.630433
159 107 8.416522
159 108 8.559134
159 109 9.068974
159 110 8.805119
159 111 10.475784
159 112 8.994332
159 113 10.089451
159 114 9.515547
159 115 8.727564
159 116 8.846945
159 117 11.091338
159 118 8.414129
159 119 8.888738
159 120 9.610173
159 121 9.112524
159 122 10.545005
159 123 8.552327
159 124 10.139878
159 125 10.570628
159 126 10.569585
159 127 10.286281
159 128 8.777482
159 129 9.920010
159 130 10.223107
159 131 9.980821
159 132 8.382286
159 133 9.557133
159 134 10.605135
159 135 10.605293
159 136 8.901328
159 137 8.372500
159 138 11.008568
159 139 8.681810
159 140 9.520902
159 141 8.973658
159 142 10.933235
159 143 10.922477
159 144 8.819726
159 145 9.417016
159 146 10.161334
159 147 10.092867
159 148 10.221814
159 149 9.193900
159 150 10.676041
159 151 10.774990
159 152 8.850991
159 153 9.856921
159 154 9.122627
159 155 9.586719
159 156 9.413476
159 157 10.627746
159 158 9.141341
159 159 0.000000
159 160 8.817086
159 161 9.801554
159 162 10.224879
159 163 8.882592
159 164 8.389930
159 165 8.509037
159 166 8.655718
159 167 10.050551
159 168 8.859809
159 169 8.835825
159 170 8.405475
159 171 10.300231
159 172 8.786960
159 173 9.075753
159 174 10.611032
159 175 9.759659
159 176 9.000516
159 177 8.770296
159 178 9.496440
159 179 9.042353
159 180 8.916929
159 181 9.547843
159 182 8.633982
159 183 10.231891
159 184 9.240660
159 185 9.674536
159 186 10.608902
159 187 10.634957
159 188 8.580406
159 189 10.221645
159 190 9.103747
159 191 8.444943
159 192 9.618462
159 193 9.949159
159 194 10.149706
159 195 9.344918
159 196 9.224693
159 197 9.619425
159 198 9.354817
159 199 9.679127
159 200 10.790093
160 0 10.863165
160 1 10.050225
160 2 10.507564
160 3 8.998977
160 4 10.192422
160 5 10.832260
160 6 8.901335
160 7 10.590159
160 8 10.513152
160 9 8.698360
160 10 9.862222
160 11 10.044740
160 12 10.459668
160 13 9.853227
160 14 10.384557
160 15 11.017783
160 16 10.006557
160 17 9.005726
160 18 10.478718
160 19 9.649004
160 20 9.383981
160 21 10.757326
160 22 10.423035
160 23 10.976304
160 24 10.781411
160 25 10.678944
160 26 10.410048
160 27 10.561821
160 28 8.493762
160 29 10.962637
160 30 8.995226
160 31 10.123968
160 32 8.890388
160 33 8.906583
160 34 10.683277
160 35 9.837674
160 36 8.748502
160 37 9.305857
160 38 9.646154
160 39 8.927850
160 40 11.067433
160 41 10.335157
160 42 10.646387
160 43 8.902560
160 44 9.569578
160 45 10.570056
160 46 10.457703
160 47 10.262966
160 48 10.486431
160 49 9.402697
160 50 10.351470
160 51 10.312198
160 52 9.724970
160 53 8.582071
160 54 9.491581
160 55 10.043465
160 56 8.971563
160 57 8.958361
160 58 10.115551
160 59 9.309059
160 60 10.873072
160 61 9.397466
160 62 10.279476
160 63 11.058892
160 64 10.796880
160 65 8.762430
160 66 8.821172
160 67 10.153405
160 68 11.024010
160 69 8.816408
160 70 9.000198
160 71 10.691735
160 72 8.524776
160 73 9.098570
160 74 9.869770
160 75 8.566013
160 76 9.186970
160 77 11.032075
160 78 8.489317
160 79 10.250180
160 80 10.293450
160 81 10.037271
160 82 10.167862
160 83 9.000734
160 84 10.422083
160 85 8.924040
160 86 10.935453
160 87 10.948617
160 88 8.468107
160 89 8.442233
160 90 8.624460
160 91 8.872638
160 92 8.386744
160 93 9.367831
160 94 10.170922
160 95 10.642410
160 96 10.703573
160 97 9.370097
160 98 9.644934
160 99 8.916480
160 100 8.547423
160 101 10.341763
160 102 10.274746
160 103 9.185894
160 104 11.044477
160 105 8.683519
160 106 8.483377
160 107 8.637896
160 108 8.577397
160 109 11.028220
160 110 9.883204
160 111 9.458079
160 112 9.426457
160 113 9.672543
160 114 10.438521
160 115 10.359710
160 116 9.101572
160 117 10.453425
160 118 8.459328
160 119 8.871428
160 120 9.399098
160 121 10.912142
160 122 9.208273
160 123 10.192772
160 124 8.589275
160 125 9.349907
160 126 9.148950
160 127 9.347238
160 128 10.751909
160 129 10.615232
160 130 8.646680
160 131 9.606232
160 132 8.710467
160 133 9.604840
160 134 8.779647
160 135 10.156039
160 136 9.267619
160 137 9.129418
160 138 10.636867
160 139 9.795291
160 140 8.978577
160 141 10.841485
160 142 10.468507
160 143 9.154859
160 144 9.629809
160 145 10.505081
160 146 9.308787
160 147 8.831725
160 148 11.033359
160 149 8.795642
160 150 10.511382
160 151 10.324652
160 152 9.361597
160 153 9.543357
160 154 9.439272
160 155 10.378364
160 156 9.042904
160 157 8.376788
160 158 10.431816
160 159 8.817086
160 160 0.000000
160 161 10.096437
160 162 9.754146
160 163 10.376912
160 164 8.710749
160 165 8.584107
160 166 11.022106
160 167 10.581803
160 168 10.541368
160 169 8.795204
160 170 10.458928
160 171 8.745462
160 172 9.318357
160 173 10.405920
160 174 9.584446
160 175 9.900136
160 176 8.911967
160 177 9.219703
160 178 9.967464
160 179 10.181396
160 180 8.406940
160 181 11.097800
160 182 8.582353
160 183 10.828678
160 184 8.516261
160 185 10.625550
160 186 8.979774
160 187 9.888176
160 188 10.476677
160 189 10.726179
160 190 10.745293
160 191 10.492480
160 192 9.573457
160 193 9.037006
160 194 9.309948
160 195 8.860802
160 196 10.268727
160 197 9.740606
160 198 11.058172
160 199 9.460940
160 200 9.893853
161 0 10.558416
161 1 10.202028
161 2 10.812446
161 3 10.070299
161 4 10.236719
161 5 9.875995
161 6 9.923467
161 7 10.895125
161 8 9.520094
161 9 10.731614
161 10 9.201645
161 11 9.033957
161 12 10.857672
161 13 10.469407
161 14 11.004624
161 15 10.651975
161 16 9.852617
161 17 10.656540
161 18 9.667615
161 19 8.766926
161 20 10.533399
161 21 9.510469
161 22 10.343029
161 23 10.491381
161 24 8.831757
161 25 9.433044
161 26 9.583376
161 27 9.040135
161 28 9.685904
161 29 10.536297
161 30 10.505170
161 31 8.670620
161 32 10.854316
161 33 10.361856
161 34 9.032925
161 35 8.503482
161 36 9.241361
161 37 10.390160
161 38 10.796940
161 39 9.092307
161 40 8.389402
161 41 9.156965
161 42 8.503099
161 43 8.667560
161 44 9.164855
161 45 11.046130
161 46 10.371427
161 47 10.588520
161 48 9.576221
161 49 10.460655
161 50 8.916184
161 51 9.696209
161 52 10.717117
161 53 10.499277
161 54 10.748106
161 55 10.214604
161 56 10.591696
161 57 9.067495
161 58 8.790397
161 59 10.851800
161 60 8.348192
161 61 9.688781
161 62 10.560439
161 63 9.855688
161 64 9.614477
161 65 8.483272
161 66 9.882593
161 67 11.031708
161 68 10.587825
161 69 8.830892
161 70 10.655713
161 71 10.464365
161 72 9.970501
161 73 8.874510
161 74 10.534915
161 75 10.595456
161 76 8.476003
161 77 8.529604
161 78 10.608536
161 79 10.513037
161 80 8.486384
161 81 8.738838
161 82 10.894335
161 83 9.129166
161 84 8.785020
161 85 10.453053
161 86 8.514127
161 87 10.054232
161 88 9.677676
161 89 8.554856
161 90 10.016813
161 91 9.232816
161 92 9.824738
161 93 9.161052
161 94 11.042693
161 95 10.218547
161 96 9.374003
161 97 11.016367
161 98 9.598291
161 99 10.645906
161 100 8.861475
161 101 9.285536
161 102 9.311164
161 103 8.651111
161 104 10.806887
161 105 8.517459
161 106 9.990265
161 107 10.303891
161 108 8.690591
161 109 10.350997
161 110 8.958192
161 111 8.356927
161 112 9.025416
161 113 10.261075
161 114 9.328432
161 115 10.562193
161 116 10.455546
161 117 11.098444
161 118 10.265672
161 119 9.947846
161 120 11.054415
161 121 9.620182
161 122 8.810623
161 123 10.400298
161 124 8.781700
161 125 10.216806
161 126 8.449688
161 127 8.497920
161 128 8.626503
161 129 9.421838
161 130 10.585044
161 131 10.668761
161 132 9.947554
161 133 8.820754
161 134 10.187827
161 135 8.805175
161 136 9.005959
161 137 9.541169
161 138 8.719884
161 139 10.039597
161 140 9.811177
161 141 10.316229
161 142 8.409462
161 143 9.199271
161 144 10.990267
161 145 10.303181
161 146 9.667034
161 147 11.090430
161 148 8.744748
161 149 8.881453
161 150 9.601364
161 151 9.819954
161 152 9.121295
161 153 8.337082
161 154 9.807266
161 155 8.882631
161 156 10.245443
161 157 8.843874
161 158 8.395071
161 159 9.801554
161 160 10.096437
161 161 0.000000
161 162 10.053322
161 163 10.005017
161 164 8.362019
161 165 10.755754
161 166 9.297533
161 167 9.296761
161 168 10.387241
161 169 9.906178
161 170 10.024156
161 171 9.085718
161 172 8.871300
161 173 8.619117
161 174 10.010373
161 175 9.002116
161 176 11.013909
161 177 10.223198
161 178 11.015329
161 179 10.385415
161 180 9.497059
161 181 10.253772
161 182 10.483207
161 183 9.844902
161 184 9.310118
161 185 8.439493
161 186 9.088835
161 187 9.157288
161 188 10.182648
161 189 10.542529
161 190 10.296647
161 191 9.553724
161 192 10.233314
161 193 11.046406
161 194 10.464747
161 195 10.376366
161 196 10.563834
161 197 10.566222
161 198 8.720344
161 199 11.097289
161 200 9.803442
162 0 10.713912
162 1 10.487379
162 2 8.451511
162 3 10.260867
162 4 9.128100
162 5 9.249247
162 6 10.881654
162 7 8.826146
162 8 11.085764
162 9 11.085848
162 10 8.592510
162 11 8.545224
162 12 11.079842
162 13 9.082797
162 14 10.727165
162 15 8.917373
162 16 9.907241
162 17 9.428342
162 18 8.597420
162 19 10.535338
162 20 9.859922
162 21 9.570645
162 22 10.827686
162 23 10.485222
162 24 9.548866
162 25 10.073464
162 26 9.543520
162 27 9.947147
162 28 8.448843
162 29 9.634296
162 30 10.060362
162 31 10.409205
162 32 9.204110
162 33 10.453525
162 34 10.579824
162 35 10.668302
162 36 9.480728
162 37 10.052164
162 38 9.146507
162 39 9.404694
162 40 10.112836
162 41 10.812991
162 42 9.708100
162 43 10.626362
162 44 9.394963
162 45 8.666972
162 46 10.988374
162 47 10.516959
162 48 9.199594
162 49 8.660368
162 50 8.605199
162 51 10.962353
162 52 10.815243
162 53 8.341916
162 54 9.557730
162 55 9.998038
162 56 10.766270
162 57 10.519685
162 58 9.070250
162 59 10.319073
162 60 9.585089
162 61 9.798675
162 62 8.709520
162 63 10.295857
162 64 11.105555
162 65 8.513980
162 66 11.053290
162 67 8.515955
162 68 8.444776
162 69 10.986839
162 70 8.646301
162 71 9.773466
162 72 9.633109
162 73 9.644831
162 74 9.009613
162 75 8.903752
162 76 9.763670
162 77 10.067826
162 78 10.694255
162 79 10.896088
162 80 8.426085
162 81 9.647432
162 82 9.632402
162 83 10.031492
162 84 10.643031
162 85 10.164404
162 86 9.104115
162 87 10.933987
162 88 9.231424
162 89 8.501138
162 90 9.620653
162 91 10.107264
162 92 9.583546
162 93 10.665400
162 94 10.547982
162 95 9.519060
162 96 10.013930
162 97 9.470652
162 98 8.635492
162 99 9.428668
162 100 9.625618
162 101 10.173065
162 102 10.348290
162 103 11.090462
162 104 9.836527
162 105 9.609966
162 106 9.392967
162 107 9.802428
162 108 9.846711
162 109 10.441162
162 110 10.480024
162 111 10.523785
162 112 10.244222
162 113 8.738027
162 114 8.788865
162 115 10.174379
162 116 9.574551
162 117 9.759761
162 118 9.894805
162 119 8.346763
162 120 9.097977
162 121 8.879567
162 122 9.199789
162 123 10.177419
162 124 9.722075
162 125 9.664835
162 126 8.793498
162 127 8.902331
162 128 8.333794
162 129 9.054539
162 130 8.653982
162 131 8.553268
162 132 8.439589
162 133 10.377565
162 134 9.102914
162 135 8.869030
162 136 10.364794
162 137 9.083432
162 138 8.367238
162 139 8.529924
162 140 8.567711
162 141 10.851137
162 142 10.308646
162 143 10.759897
162 144 8.375837
162 145 9.741349
162 146 10.121657
162 147 10.433734
162 148 9.509121
162 149 9.868052
162 150 9.464817
162 151 9.226963
162 152 8.724166
162 153 10.316288
162 154 9.612531
162 155 9.009533
162 156 9.083739
162 157 10.227223
162 158 10.082392
162 159 10.224879
162 160 9.754146
162 161 10.053322
162 162 0.000000
162 163 9.502566
162 164 9.524839
162 165 9.587835
162 166 8.787448
162 167 9.571825
162 168 9.031796
162 169 8.573691
162 170 9.985632
162 171 9.030038
162 172 8.855254
162 173 10.268256
162 174 9.781611
162 175 10.752291
162 176 10.158479
162 177 11.103441
162 178 8.977369
162 179 9.428855
162 180 9.509344
162 181 10.067012
162 182 10.455094
162 183 8.717180
162 184 8.824902
162 185 10.748144
162 186 9.409813
162 187 9.897119
162 188 10.976437
162 189 9.571275
162 190 11.021304
162 191 9.264654
162 192 8.893017
162 193 9.435371
162 194 10.473763
162 195 10.724108
162 196 9.527153
162 197 10.488821
162 198 11.002715
162 199 10.137647
162 200 11.082137
163 0 8.945986
163 1 9.386618
163 2 9.795725
163 3 8.840504
163 4 10.083394
163 5 10.949446
163 6 10.030927
163 7 8.351871
163 8 9.347738
163 9 9.630176
163 10 10.025308
163 11 9.809028
163 12 8.964754
163 13 10.649622
163 14 10.061779
163 15 8.464276
163 16 10.140790
163 17 8.713444
163 18 10.377269
163 19 10.148314
163 20 10.495317
163 21 8.335298
163 22 8.764178
163 23 9.929085
163 24 10.468034
163 25 9.379487
163 26 9.386975
163 27 9.021072
163 28 8.583635
163 29 10.957973
163 30 8.815974
163 31 9.396584
163 32 10.137007
163 33 9.204216
163 34 11.023064
163 35 8.423588
163 36 10.768149
163 37 9.610525
163 38 10.179756
163 39 8.775377
163 40 8.775263
163 41 10.996425
163 42 11.017201
163 43 8.514510
163 44 10.754761
163 45 10.356389
163 46 8.806597
163 47 9.086523
163 48 8.414714
163 49 10.185343
163 50 10.552219
163 51 10.242575
163 52 9.576738
163 53 9.016529
163 54 8.600021
163 55 10.832847
163 56 11.096518
163 57 9.945711
163 58 9.396753
163 59 9.899774
163 60 8.352161
163 61 8.854473
163 62 9.782483
163 63 10.574560
163 64 10.243642
163 65 10.871265
163 66 10.110765
163 67 10.778492
163 68 9.954418
163 69 9.371531
163 70 10.564413
163 71 9.171542
163 72 10.022555
163 73 9.723320
163 74 9.268302
163 75 9.117084
163 76 9.055164
163 77 9.467529
163 78 11.082341
163 79 10.069404
163 80 10.239577
163 81 10.792515
163 82 9.281878
163 83 9.920658
163 84 10.306416
163 85 8.984718
163 86 11.083308
163 87 10.717495
163 88 9.422100
163 89 8.763428
163 90 9.578706
163 91 9.322824
163 92 8.780202
163 93 8.620038
163 94 8.338787
163 95 10.431840
163 96 8.337602
163 97 8.854112
163 98 9.266230
163 99 9.841871
163 100 9.833911
163 101 9.378712
163 102 9.896945
163 103 10.851248
163 104 11.072776
163 105 8.805388
163 106 9.477228
163 107 10.465946
163 108 8.793069
163 109 10.078716
163 110 9.083747
163 111 9.680198
163 112 9.503688
163 113 8.473958
163 114 8.519333
163 115 8.334080
163 116 9.235796
163 117 8.409535
163 118 10.290346
163 119 10.169161
163 120 8.656357
163 121 8.737188
163 122 8.882230
163 123 8.816308
163 124 10.441253
163 125 9.706860
163 126 10.926819
163 127 9.411348
163 128 8.933697
163 129 9.534242
163 130 10.927194
163 131 9.383444
163 132 11.056675
163 133 11.084456
163 134 9.906016
163 135 10.964023
163 136 9.220869
163 137 9.454612
163 138 10.734356
163 139 9.368389
163 140 8.790894
163 141 10.381971
163 142 9.524580
163 143 9.658670
163 144 10.208870
163 145 10.619309
163 146 9.830511
163 147 9.259113
163 148 8.725692
163 149 8.512257
163 150 9.019387
163 151 10.701831
163 152 10.900340
163 153 8.816558
163 154 10.482759
163 155 9.402821
163 156 10.795561
163 157 10.319409
163 158 9.398550
163 159 8.882592
163 160 10.376912
163 161 10.005017
163 162 9.502566
163 163 0.000000
163 164 9.725428
163 165 9.117689
163 166 8.760457
163 167 9.065929
163 168 10.810031
163 169 9.584114
163 170 9.212661
163 171 9.574337
163 172 9.947247
163 173 10.360039
163 174 8.966599
163 175 8.734854
163 176 10.578387
163 177 10.976371
163 178 9.748514
163 179 10.679930
163 180 9.258453
163 181 9.503217
163 182 8.704069
163 183 9.661629
163 184 10.356765
163 185 9.438034
163 186 8.470234
163 187 8.808266
163 188 9.080131
163 189 10.593608
163 190 8.523041
163 191 10.785006
163 192 9.458584
163 193 9.206918
163 194 8.389608
163 195 9.930349
163 196 9.697637
163 197 10.981356
163 198 8.936490
163 199 10.061396
163 200 10.003406
164 0 8.778104
164 1 10.296635
164 2 10.407347
164 3 9.521848
164 4 9.256743
164 5 10.002695
164 6 10.231634
164 7 10.892376
164 8 9.026545
164 9 11.003639
164 10 10.012473
164 11 9.480115
164 12 8.597324
164 13 8.672827
164 14 9.421416
164 15 10.694125
164 16 10.551069
164 17 9.860348
164 18 9.760248
164 19 10.185874
164 20 9.444269
164 21 11.012437
164 22 8.760677
164 23 10.808975
164 24 9.199647
164 25 10.391115
164 26 8.803761
164 27 10.762546
164 28 8.816534
164 29 10.523326
164 30 9.909472
164 31 8.416325
164 32 8.730306
164 33 8.952530
164 34 9.949486
164 35 9.784638
164 36 10.314995
164 37 10.445900
164 38 10.688231
164 39 8.454476
164 40 10.969099
164 41 8.507720
164 42 10.109313
164 43 10.521574
164 44 10.942552
164 45 10.576885
164 46 9.911770
164 47 10.947092
164 48 10.569538
164 49 8.968644
164 50 9.737166
164 51 9.765546
164 52 9.535019
164 53 9.972057
164 54 9.486068
164 55 9.516110
164 56 8.512853
164 57 10.255649
164 58 8.525882
164 59 8.387352
164 60 10.924693
164 61 10.387639
164 62 10.833761
164 63 8.947542
164 64 9.735067
164 65 9.298099
164 66 10.171770
164 67 9.232528
164 68 9.985571
164 69 8.799005
164 70 9.800383
164 71 11.035880
164 72 10.319814
164 73 10.099789
164 74 9.894622
164 75 11.078266
164 76 9.796502
164 77 9.854220
164 78 9.428257
164 79 8.489978
164 80 10.886100
164 81 9.651053
164 82 9.867209
164 83 10.387681
164 84 10.026353
164 85 10.643103
164 86 10.939030
164 87 10.704601
164 88 10.424245
164 89 10.619976
164 90 10.496208
164 91 9.526483
164 92 8.867429
164 93 10.155324
164 94 9.361709
164 95 8.901979
164 96 10.497828
164 97 9.576311
164 98 8.736544
164 99 10.783067
164 100 10.165812
164 101 9.323539
164 102 8.439451
164 103 10.880150
164 104 10.281313
164 105 10.447918
164 106 8.623754
164 107 11.074508
164 108 9.261096
164 109 9.921151
164 110 10.973736
164 111 9.691952
164 112 10.934119
164 113 10.037775
164 114 9.304717
164 115 10.655912
164 116 10.114527
164 117 8.815365
164 118 10.251520
164 119 9.920142
164 120 9.695734
164 121 8.843417
164 122 10.940413
164 123 9.230527
164 124 9.717559
164 125 8.816355
164 126 11.110378
164 127 9.422230
164 128 8.930286
164 129 8.428399
164 130 10.052473
164 131 10.590110
164 132 10.501508
164 133 9.501379
164 134 8.435146
164 135 10.853074
164 136 9.915064
164 137 9.221495
164 138 8.608297
164 139 9.577857
164 140 10.319159
164 141 10.960379
164 142 10.375857
164 143 9.112178
164 144 9.321999
164 145 8.500011
164 146 9.798873
164 147 9.041262
164 148 10.556170
164 149 11.003858
164 150 10.724271
164 151 10.631983
164 152 9.142864
164 153 8.676096
164 154 8.444157
164 155 10.686187
164 156 8.951454
164 157 10.908660
164 158 8.926277
164 159 8.389930
164 160 8.710749
164 161 8.362019
164 162 9.524839
164 163 9.725428
164 164 0.000000
164 165 10.389548
164 166 10.055439
164 167 10.065813
164 168 11.101765
164 169 9.900243
164 170 8.422420
164 171 9.930752
164 172 9.859478
164 173 8.476330
164 174 10.094260
164 175 10.725766
164 176 9.735436
164 177 9.059827
164 178 8.664999
164 179 10.574459
164 180 10.336017
164 181 9.790350
164 182 10.185101
164 183 10.074574
164 184 10.755530
164 185 9.521091
164 186 8.348260
164 187 8.425575
164 188 8.889989
164 189 10.509711
164 190 9.836495
164 191 10.992346
164 192 8.612631
164 193 9.405394
164 194 10.246035
164 195 10.178995
164 196 8.523762
164 197 9.129463
164 198 8.608230
164 199 10.368210
164 200 8.464784
165 0 10.428798
165 1 10.652207
165 2 9.972134
165 3 10.826581
165 4 9.853520
165 5 9.501048
165 6 8.699149
165 7 9.497277
165 8 10.695793
165 9 8.593549
165 10 8.449632
165 11 9.678174
165 12 8.334210
165 13 9.183454
165 14 8.763348
165 15 10.214403
165 16 10.239717
165 17 8.347525
165 18 11.025473
165 19 10.255487
165 20 8.897942
165 21 10.946505
165 22 10.854263
165 23 10.296493
165 24 8.985223
165 25 10.896595
165 26 9.861690
165 27 9.239325
165 28 10.781928
165 29 10.280475
165 30 10.457205
165 31 8.980836
165 32 10.450058
165 33 8.400804
165 34 10.146657
165 35 10.392928
165 36 9.192515
165 37 10.915297
165 38 8.966057
165 39 10.451365
165 40 9.495254
165 41 9.044219
165 42 8.730169
165 43 11.011387
165 44 8.915041
165 45 10.138256
165 46 10.334726
165 47 9.515827
165 48 8.538131
165 49 10.883783
165 50 10.662569
165 51 8.730020
165 52 10.158095
165 53 10.448136
165 54 10.772472
165 55 9.909920
165 56 9.955576
165 57 8.679501
165 58 9.420918
165 59 8.486632
165 60 9.229087
165 61 8.361845
165 62 9.474551
165 63 10.891205
165 64 8.388397
165 65 10.833412
165 66 9.816974
165 67 10.697353
165 68 8.584029
165 69 10.683305
165 70 9.628110
165 71 10.362498
165 72 9.401036
165 73 9.512570
165 74 10.945149
165 75 8.704726
165 76 9.880533
165 77 9.791938
165 78 8.675241
165 79 9.519173
165 80 10.288335
165 81 10.431806
165 82 10.672325
165 83 9.698500
165 84 9.233265
165 85 9.330884
165 86 8.336284
165 87 8.555413
165 88 10.625925
165 89 10.170499
165 90 8.556072
165 91 9.262874
165 92 8.714707
165 93 8.929310
165 94 10.092632
165 95 10.915329
165 96 10.628051
165 97 9.439460
165 98 10.661716
165 99 10.522134
165 100 9.733657
165 101 11.042235
165 102 11.072638
165 103 10.841602
165 104 9.747286
165 105 9.417632
165 106 9.857058
165 107 8.832960
165 108 10.277336
165 109 10.246104
165 110 9.453192
165 111 10.543398
165 112 8.683619
165 113 9.666632
165 114 10.468245
165 115 9.543574
165 116 9.232891
165 117 9.158676
165 118 8.967330
165 119 10.550970
165 120 10.652711
165 121 10.245559
165 122 8.413839
165 123 8.620902
165 124 10.742244
165 125 9.684419
165 126 10.429245
165 127 8.950406
165 128 10.526388
165 129 9.166462
165 130 9.764331
165 131 8.732246
165 132 10.534406
165 133 9.068106
165 134 9.325329
165 135 10.476147
165 136 8.656462
165 137 10.651234
165 138 10.176130
165 139 9.139564
165 140 8.338006
165 141 8.677371
165 142 10.033394
165 143 10.981893
165 144 9.990977
165 145 10.439088
165 146 8.992515
165 147 10.892682
165 148 8.565063
165 149 8.366099
165 150 9.504186
165 151 8.946260
165 152 10.686665
165 153 10.283232
165 154 8.491258
165 155 9.515585
165 156 9.187728
165 157 10.236032
165 158 9.178061
165 159 8.509037
165 160 8.584107
165 161 10.755754
165 162 9.587835
165 163 9.117689
165 164 10.389548
165 165 0.000000
165 166 8.513382
165 167 9.628691
165 168 10.413115
165 169 8.964614
165 170 10.728517
165 171 10.564652
165 172 9.999866
165 173 9.033811
165 174 10.850595
165 175 8.973061
165 176 10.980764
165 177 10.439600
165 178 8.560655
165 179 9.905002
165 180 10.277090
165 181 8.932551
165 182 10.111343
165 183 9.001462
165 184 9.969174
165 185 10.711672
165 186 9.218045
165 187 10.312744
165 188 8.489132
165 189 8.494092
165 190 9.845371
165 191 10.474430
165 192 9.777468
165 193 9.652763
165 194 11.074830
165 195 8.977691
165 196 8.880385
165 197 9.259046
165 198 9.881809
165 199 9.611960
165 200 10.587422
166 0 9.278195
166 1 11.045900
166 2 9.006141
166 3 8.703059
166 4 9.006850
166 5 10.720915
166 6 10.943715
166 7 9.689492
166 8 9.595095
166 9 9.126842
166 10 10.943005
166 11 8.793410
166 12 8.893359
166 13 9.059391
166 14 9.191649
166 15 10.610401
166 16 10.329132
166 17 10.231028
166 18 10.949388
166 19 8.430229
166 20 8.716997
166 21 8.577186
166 22 9.935086
166 23 10.518645
166 24 10.175330
166 25 8.359980
166 26 8.680434
166 27 9.350459
166 28 9.901260
166 29 9.425484
166 30 10.878622
166 31 10.801977
166 32 9.030171
166 33 8.603544
166 34 9.314293
166 35 10.756363
166 36 10.850399
166 37 9.062570
166 38 10.987584
166 39 9.487424
166 40 11.088129
166 41 8.697152
166 42 9.013943
166 43 11.050667
166 44 8.449877
166 45 10.669058
166 46 8.375075
166 47 11.097036
166 48 10.878627
166 49 10.690473
166 50 9.461336
166 51 10.450178
166 52 9.103971
166 53 9.014484
166 54 9.586479
166 55 9.880701
166 56 10.713335
166 57 10.714517
166 58 9.385491
166 59 10.719033
166 60 10.395941
166 61 9.074415
166 62 9.708046
166 63 9.654980
166 64 10.706710
166 65 8.591715
166 66 8.487387
166 67 8.383315
166 68 10.102252
166 69 10.982610
166 70 9.618441
166 71 10.146131
166 72 9.669688
166 73 10.666188
166 74 8.390944
166 75 8.703337
166 76 9.399916
166 77 10.468606
166 78 8.537892
166 79 9.309700
166 80 9.276923
166 81 9.900222
166 82 9.615846
166 83 10.415709
166 84 8.780038
166 85 8.639884
166 86 9.365176
166 87 10.899832
166 88 9.809309
166 89 8.434444
166 90 10.375629
166 91 9.225190
166 92 9.599937
166 93 8.941058
166 94 10.845575
166 95 9.941551
166 96 10.890127
166 97 10.659820
166 98 10.984925
166 99 9.698776
166 100 10.816372
166 101 8.647041
166 102 8.906512
166 103 9.339692
166 104 9.049234
166 105 10.427720
166 106 8.527301
166 107 8.771474
166 108 9.506259
166 109 10.582448
166 110 9.762629
166 111 9.425614
166 112 10.972854
166 113 8.648138
166 114 8.432159
166 115 10.121810
166 116 8.361790
166 117 8.668470
166 118 10.729606
166 119 11.063500
166 120 8.716679
166 121 9.998191
166 122 10.493230
166 123 8.468928
166 124 8.996556
166 125 10.601072
166 126 10.705326
166 127 9.559289
166 128 8.579564
166 129 10.676145
166 130 9.288312
166 131 9.483257
166 132 9.490937
166 133 9.879088
166 134 9.504049
166 135 9.014014
166 136 9.595821
166 137 9.166306
166 138 10.585984
166 139 9.251448
166 140 10.746174
166 141 10.616986
166 142 8.685954
166 143 8.375048
166 144 9.456427
166 145 10.992215
166 146 8.589816
166 147 10.106344
166 148 10.060365
166 149 10.463005
166 150 10.235376
166 151 9.395875
166 152 8.563783
166 153 8.470170
166 154 9.223784
166 155 8.891271
166 156 8.767088
166 157 8.532054
166 158 10.740483
166 159 8.655718
166 160 11.022106
166 161 9.297533
166 162 8.787448
166 163 8.760457
166 164 10.055439
166 165 8.513382
166 166 0.000000
166 167 9.068316
166 168 10.771390
166 169 9.916032
166 170 9.616076
166 171 9.275891
166 172 10.721641
166 173 8.842989
166 174 8.519819
166 175 9.015414
166 176 10.368710
166 177 10.251138
166 178 11.101353
166 179 10.298563
166 180 9.267258
166 181 9.231099
166 182 10.067326
166 183 9.776439
166 184 10.186506
166 185 9.916178
166 186 9.070857
166 187 10.874748
166 188 10.469233
166 189 8.465252
166 190 11.043092
166 191 10.613973
166 192 9.610277
166 193 8.725671
166 194 10.807882
166 195 9.981697
166 196 9.691514
166 197 9.790191
166 198 10.191070
166 199 8.928447
166 200 10.073545
167 0 11.023919
167 1 10.039196
167 2 10.689835
167 3 10.390654
167 4 10.094766
167 5 9.484080
167 6 8.619959
167 7 9.462531
167 8 10.049348
167 9 9.389174
167 10 9.368097
167 11 11.085199
167 12 11.061837
167 13 9.296946
167 14 9.766737
167 15 9.602986
167 16 10.935246
167 17 8.408556
167 18 9.277097
167 19 9.553482
167 20 10.617876
167 21 8.453654
167 22 10.037093
167 23 9.335155
167 24 10.325836
167 25 9.447172
167 26 9.966276
167 27 11.041514
167 28 9.668267
167 29 8.849238
167 30 10.855564
167 31 9.560413
167 32 8.855374
167 33 9.995291
167 34 9.706756
167 35 8.842589
167 36 9.841271
167 37 10.099140
167 38 10.645624
167 39 8.518363
167 40 9.243632
167 41 10.767584
167 42 10.665892
167 43 11.020074
167 44 10.304388
167 45 10.729471
167 46 10.329117
167 47 9.292011
167 48 8.913269
167 49 8.778198
167 50 9.405633
167 51 9.474928
167 52 9.364290
167 53 10.918953
167 54 11.006463
167 55 9.290876
167 56 9.308888
167 57 8.596454
167 58 10.796667
167 59 8.673417
167 60 8.560910
167 61 9.052786
167 62 10.119803
167 63 9.681246
167 64 9.056074
167 65 10.914923
167 66 8.837893
167 67 8.828650
167 68 10.003962
167 69 9.194562
167 70 9.320276
167 71 9.478521
167 72 10.330856
167 73 9.836634
167 74 9.617121
167 75 8.662695
167 76 10.146429
167 77 10.867084
167 78 9.548040
167 79 9.144750
167 80 9.267565
167 81 9.246410
167 82 9.322456
167 83 10.552263
167 84 9.105422
167 85 9.899233
167 86 10.518739
167 87 9.396262
167 88 10.541967
167 89 9.996193
167 90 9.044415
167 91 10.748385
167 92 8.817967
167 93 10.042296
167 94 9.798667
167 95 8.437774
167 96 10.534051
167 97 8.652898
167 98 10.932710
167 99 10.454173
167 100 10.917636
167 101 10.240893
167 102 10.565886
167 103 9.048739
167 104 9.128063
167 105 8.425841
167 106 10.296374
167 107 9.622731
167 108 10.878180
167 109 8.630184
167 110 11.005583
167 111 10.281745
167 112 10.873183
167 113 10.936151
167 114 9.417193
167 115 9.895534
167 116 9.088673
167 117 8.443440
167 118 10.075249
167 119 8.373647
167 120 10.511302
167 121 8.625804
167 122 9.173287
167 123 9.661498
167 124 9.710972
167 125 9.556240
167 126 9.289535
167 127 9.402021
167 128 10.676656
167 129 10.836023
167 130 8.654960
167 131 9.760938
167 132 10.021845
167 133 10.291450
167 134 9.416863
167 135 8.756793
167 136 9.478653
167 137 10.444427
167 138 10.095662
167 139 10.841748
167 140 9.199653
167 141 10.211591
167 142 8.578385
167 143 10.459346
167 144 10.292334
167 145 8.785968
167 146 10.236765
167 147 10.931344
167 148 9.950102
167 149 10.486029
167 150 10.453977
167 151 9.362440
167 152 9.676337
167 153 10.288733
167 154 10.094488
167 155 10.577095
167 156 8.953931
167 157 10.145487
167 158 9.968981
167 159 10.050551
167 160 10.581803
167 161 9.296761
167 162 9.571825
167 163 9.065929
167 164 10.065813
167 165 9.628691
167 166 9.068316
167 167 0.000000
167 168 10.256306
167 169 8.381665
167 170 9.540231
167 171 9.432984
167 172 8.345686
167 173 9.966360
167 174 10.068374
167 175 8.744611
167 176 9.808453
167 177 9.200738
167 178 8.516737
167 179 8.471991
167 180 8.776853
167 181 10.438023
167 182 10.101577
167 183 9.037752
167 184 9.312632
167 185 8.708139
167 186 10.312317
167 187 8.378125
167 188 8.834815
167 189 10.608971
167 190 9.142419
167 191 8.941339
167 192 10.189793
167 193 8.989895
167 194 9.458884
167 195 10.743811
167 196 10.228369
167 197 10.604631
167 198 11.099937
167 199 8.809340
167 200 10.481095
168 0 8.809985
168 1 8.574039
168 2 9.650500
168 3 10.642768
168 4 10.299890
168 5 10.596288
168 6 9.513293
168 7 8.927142
168 8 8.358056
168 9 9.524110
168 10 10.939073
168 11 8.725631
168 12 9.982966
168 13 9.835128
168 14 9.695372
168 15 10.033440
168 16 8.521634
168 17 9.848032
168 18 10.225195
168 19 10.901867
168 20 8.500905
168 21 9.695803
168 22 8.609202
168 23 9.558626
168 24 10.714365
168 25 8.660041
168 26 10.145020
168 27 9.132890
168 28 9.849268
168 29 9.737950
168 30 8.347999
168 31 9.972737
168 32 10.806231
168 33 9.499988
168 34 9.878087
168 35 10.793666
168 36 10.871557
168 37 11.044536
168 38 8.709917
168 39 9.153383
168 40 10.770952
168 41 10.437813
168 42 9.424330
168 43 9.276029
168 44 10.493222
168 45 10.077142
168 46 10.960751
168 47 9.558321
168 48 9.112743
168 49 8.676291
168 50 10.955405
168 51 9.320027
168 52 8.430884
168 53 9.104710
168 54 8.965192
168 55 10.762390
168 56 9.799436
168 57 8.692750
168 58 9.053648
168 59 9.689160
168 60 11.040511
168 61 9.606027
168 62 10.594608
168 63 8.659831
168 64 9.057254
168 65 10.560052
168 66 10.486387
168 67 10.472587
168 68 9.690217
168 69 9.772551
168 70 10.196464
168 71 10.675050
168 72 8.916837
168 73 10.126042
168 74 9.562823
168 75 9.293857
168 76 9.633391
168 77 8.365297
168 78 9.482468
168 79 8.998905
168 80 8.476379
168 81 8.779057
168 82 11.032264
168 83 9.768695
168 84 9.423953
168 85 9.136775
168 86 10.789049
168 87 9.045439
168 88 10.190010
168 89 8.934991
168 90 10.291440
168 91 9.769824
168 92 8.434383
168 93 10.646771
168 94 9.420224
168 95 11.054875
168 96 9.661437
168 97 10.209815
168 98 8.486392
168 99 9.080761
168 100 10.722676
168 101 10.490845
168 102 9.823031
168 103 9.964157
168 104 10.791478
168 105 10.956785
168 106 8.856564
168 107 10.183169
168 108 10.119500
168 109 10.645399
168 110 9.377004
168 111 10.831484
168 112 9.257243
168 113 10.713674
168 114 9.470778
168 115 9.535210
168 116 9.507249
168 117 9.238674
168 118 10.344915
168 119 9.451031
168 120 10.199165
168 121 8.854227
168 122 11.032344
168 123 10.528601
168 124 8.799564
168 125 9.473417
168 126 8.385906
168 127 9.049217
168 128 10.002785
168 129 10.481936
168 130 9.049067
168 131 9.448897
168 132 9.249561
168 133 10.397363
168 134 8.497009
168 135 10.232651
168 136 8.708592
168 137 10.951008
168 138 9.235373
168 139 10.642418
168 140 9.748850
168 141 9.989031
168 142 9.805341
168 143 11.029192
168 144 10.689419
168 145 9.252505
168 146 8.514744
168 147 10.571250
168 148 8.604520
168 149 8.828981
168 150 9.573388
168 151 10.322594
168 152 9.747613
168 153 9.320028
168 154 10.067605
168 155 8.999999
168 156 10.433902
168 157 10.547160
168 158 10.038901
168 159 8.859809
168 160 10.541368
168 161 10.387241
168 162 9.031796
168 163 10.810031
168 164 11.101765
168 165 10.413115
168 166 10.771390
168 167 10.256306
168 168 0.000000
168 169 9.574881
168 170 9.433323
168 171 8.568535
168 172 8.358060
168 173 10.431131
168 174 10.395437
168 175 9.057001
168 176 9.335243
168 177 9.830540
168 178 9.231784
168 179 10.165671
168 180 11.089728
168 181 9.351412
168 182 8.907827
168 183 10.997502
168 184 9.860895
168 185 8.952161
168 186 10.968673
168 187 10.946792
168 188 8.816101
168 189 8.629309
168 190 8.725406
168 191 9.819398
168 192 9.377719
168 193 9.864044
168 194 8.407056
168 195 8.921931
168 196 9.718466
168 197 10.685865
168 198 10.443557
168 199 8.781480
168 200 10.110128
169 0 10.220174
169 1 10.087111
169 2 10.229288
169 3 10.793003
169 4 8.840415
169 5 10.234416
169 6 10.809152
169 7 10.096513
169 8 10.500177
169 9 9.034760
169 10 10.195582
169 11 10.776522
169 12 9.220616
169 13 10.769680
169 14 8.864664
169 15 10.458707
169 16 8.536289
169 17 9.690118
169 18 10.599937
169 19 8.612792
169 20 10.355036
169 21 10.937606
169 22 8.921677
169 23 9.528417
169 24 10.803787
169 25 9.241156
169 26 9.866159
169 27 8.895728
169 28 9.137757
169 29 10.881026
169 30 10.484565
169 31 8.338157
169 32 10.539941
169 33 10.022097
169 34 10.222861
169 35 10.955106
169 36 10.813606
169 37 10.950744
169 38 9.545887
169 39 8.441530
169 40 10.614129
169 41 9.520393
169 42 9.237453
169 43 10.338793
169 44 8.592085
169 45 10.571196
169 46 10.575111
169 47 10.816188
169 48 9.321929
169 49 11.074704
169 50 9.108706
169 51 9.067252
169 52 10.933664
169 53 9.388780
169 54 9.451218
169 55 9.344228
169 56 9.011124
169 57 9.431806
169 58 9.742708
169 59 8.562707
169 60 10.014586
169 61 10.321569
169 62 10.750492
169 63 10.511282
169 64 10.677435
169 65 10.644888
169 66 10.244960
169 67 8.737798
169 68 10.887923
169 69 10.766614
169 70 11.004533
169 71 10.801379
169 72 10.542817
169 73 9.638226
169 74 10.077523
169 75 10.193422
169 76 9.096564
169 77 8.598036
169 78 9.517488
169 79 9.018539
169 80 10.051680
169 81 10.936690
169 82 10.076139
169 83 9.918275
169 84 8.811188
169 85 8.955670
169 86 9.160750
169 87 8.832825
169 88 10.424562
169 89 8.604813
169 90 8.579371
169 91 10.813246
169 92 8.360410
169 93 8.403321
169 94 8.723965
169 95 10.680561
169 96 8.638532
169 97 10.610866
169 98 8.572147
169 99 10.163433
169 100 8.424124
169 101 8.677300
169 102 9.391123
169 103 8.546264
169 104 9.952685
169 105 9.247882
169 106 8.939612
169 107 10.495823
169 108 9.650810
169 109 8.804320
169 110 9.058185
169 111 9.127314
169 112 10.759676
169 113 11.058398
169 114 8.338188
169 115 8.479469
169 116 10.145478
169 117 10.660350
169 118 10.855678
169 119 9.411200
169 120 10.118504
169 121 9.593288
169 122 8.857813
169 123 9.453668
169 124 9.435161
169 125 9.447555
169 126 10.516548
169 127 10.985674
169 128 9.823185
169 129 10.609166
169 130 10.663993
169 131 10.487051
169 132 8.725286
169 133 11.078479
169 134 8.982210
169 135 9.934200
169 136 9.229952
169 137 8.997806
169 138 8.793780
169 139 10.361619
169 140 10.172208
169 141 9.034203
169 142 8.633596
169 143 10.125159
169 144 9.795609
169 145 8.995375
169 146 8.613447
169 147 10.147775
169 148 9.460992
169 149 8.975852
169 150 9.409327
169 151 8.911536
169 152 8.614464
169 153 8.705980
169 154 10.988147
169 155 10.731398
169 156 10.991992
169 157 10.862429
169 158 9.770681
169 159 8.835825
169 160 8.795204
169 161 9.906178
169 162 8.573691
169 163 9.584114
169 164 9.900243
169 165 8.964614
169 166 9.916032
169 167 8.381665
169 168 9.574881
169 169 0.000000
169 170 8.521127
169 171 10.568437
169 172 10.070462
169 173 9.670264
169 174 9.074293
169 175 9.994848
169 176 9.503991
169 177 10.507907
169 178 9.197193
169 179 11.055541
169 180 9.844103
169 181 9.511452
169 182 9.993751
169 183 10.523160
169 184 9.720494
169 185 9.829072
169 186 10.460133
169 187 10.200409
169 188 8.495645
169 189 9.240653
169 190 11.054631
169 191 10.277490
169 192 10.618171
169 193 9.963710
169 194 10.719749
169 195 10.370849
169 196 9.385671
169 197 10.865687
169 198 9.000604
169 199 8.961133
169 200 8.379907
170 0 9.214301
170 1 9.577775
170 2 10.151579
170 3 9.133789
170 4 11.060626
170 5 9.325337
170 6 9.904922
170 7 8.614012
170 8 9.947502
170 9 9.287624
170 10 9.411473
170 11 11.096287
170 12 10.429816
170 13 11.081949
170 14 10.510284
170 15 10.282051
170 16 8.804471
170 17 8.474044
170 18 10.777695
170 19 9.399380
170 20 9.416571
170 21 9.652879
170 22 8.917330
170 23 10.748101
170 24 10.211085
170 25 8.396885
170 26 10.233365
170 27 8.728736
170 28 9.998831
170 29 8.763114
170 30 8.887805
170 31 8.617566
170 32 10.083553
170 33 9.325491
170 34 9.388420
170 35 9.149621
170 36 9.068650
170 37 10.662977
170 38 10.601284
170 39 9.879288
170 40 9.203844
170 41 10.563038
170 42 9.823150
170 43 8.774036
170 44 9.383018
170 45 8.416203
170 46 8.864255
170 47 10.549733
170 48 11.084749
170 49 9.280836
170 50 10.843614
170 51 10.559835
170 52 9.007449
170 53 9.845463
170 54 10.151068
170 55 10.416761
170 56 11.010163
170 57 10.188642
170 58 8.993480
170 59 9.939937
170 60 9.310373
170 61 10.381898
170 62 10.194155
170 63 8.606718
170 64 8.436296
170 65 9.931160
170 66 9.381882
170 67 9.294411
170 68 9.257920
170 69 11.020020
170 70 8.999953
170 71 10.473229
170 72 9.795319
170 73 9.739662
170 74 9.079045
170 75 8.901193
170 76 10.368951
170 77 9.301070
170 78 8.355733
170 79 10.988644
170 80 8.575235
170 81 8.907986
170 82 8.905575
170 83 9.783023
170 84 10.444086
170 85 10.740023
170 86 10.319479
170 87 8.879186
170 88 10.215499
170 89 9.842145
170 90 9.017598
170 91 10.544689
170 92 11.073121
170 93 9.303938
170 94 8.405406
170 95 9.491552
170 96 9.695390
170 97 10.405401
170 98 10.176047
170 99 9.684744
170 100 8.367264
170 101 9.531954
170 102 8.345315
170 103 9.337999
170 104 9.346321
170 105 10.343576
170 106 9.343646
170 107 10.491363
170 108 9.900243
170 109 9.040622
170 110 9.146168
170 111 10.706003
170 112 10.396733
170 113 10.790075
170 114 9.819736
170 115 8.908194
170 116 11.057204
170 117 10.917980
170 118 10.901680
170 119 10.648707
170 120 11.010316
170 121 10.062746
170 122 10.484953
170 123 8.377055
170 124 10.628641
170 125 9.585428
170 126 9.278755
170 127 10.276576
170 128 10.260738
170 129 8.563458
170 130 10.462553
170 131 10.673742
170 132 10.480704
170 133 8.906419
170 134 9.487507
170 135 9.307893
170 136 8.790224
170 137 9.883648
170 138 10.202770
170 139 10.769608
170 140 10.387492
170 141 9.829517
170 142 9.766348
170 143 10.421869
170 144 10.662335
170 145 8.933370
170 146 9.763044
170 147 9.870001
170 148 10.490452
170 149 9.287755
170 150 9.922546
170 151 8.716943
170 152 9.782214
170 153 8.416477
170 154 9.324881
170 155 9.932168
170 156 9.973057
170 157 9.660674
170 158 8.453509
170 159 8.405475
170 160 10.458928
170 161 10.024156
170 162 9.985632
170 163 9.212661
170 164 8.422420
170 165 10.728517
170 166 9.616076
170 167 9.540231
170 168 9.433323
170 169 8.521127
170 170 0.000000
170 171 10.050363
170 172 10.206205
170 173 8.463577
170 174 10.566703
170 175 9.222260
170 176 9.890565
170 177 10.696117
170 178 11.059719
170 179 10.167954
170 180 8.625054
170 181 8.969218
170 182 9.596434
170 183 8.355463
170 184 8.602615
170 185 8.528400
170 186 9.400464
170 187 9.301808
170 188 9.577928
170 189 8.685238
170 190 10.738632
170 191 8.651477
170 192 10.308078
170 193 9.446703
170 194 10.833738
170 195 9.779213
170 196 8.339017
170 197 8.439368
170 198 9.430918
170 199 8.391181
170 200 9.617903
171 0 8.722332
171 1 9.883304
171 2 8.602899
171 3 9.799953
171 4 10.564190
171 5 8.663495
171 6 8.850683
171 7 10.694470
171 8 9.382372
171 9 9.974681
171 10 8.346210
171 11 9.079757
171 12 10.909406
171 13 10.148705
171 14 10.585262
171 15 10.613833
171 16 10.077081
171 17 10.335879
171 18 10.129437
171 19 10.747597
171 20 10.456650
171 21 10.200198
171 22 11.108023
171 23 10.422925
171 24 8.991437
171 25 9.849675
171 26 9.601481
171 27 10.739000
171 28 8.701640
171 29 11.096036
171 30 8.783738
171 31 9.958009
171 32 9.442291
171 33 10.202136
171 34 9.634188
171 35 8.659707
171 36 8.347335
171 37 8.572958
171 38 10.641126
171 39 8.891004
171 40 8.978117
171 41 11.021466
171 42 9.152897
171 43 9.356493
171 44 10.425903
171 45 11.103414
171 46 8.749175
171 47 9.149321
171 48 8.745342
171 49 10.300376
171 50 10.206998
171 51 9.533265
171 52 10.784123
171 53 8.670810
171 54 9.258240
171 55 8.430767
171 56 10.187956
171 57 9.274194
171 58 10.739967
171 59 10.105455
171 60 10.451907
171 61 9.298563
171 62 8.630607
171 63 9.239946
171 64 9.736531
171 65 10.281613
171 66 9.417046
171 67 8.660010
171 68 8.881852
171 69 10.716911
171 70 9.948097
171 71 9.974741
171 72 10.194762
171 73 8.366966
171 74 9.799418
171 75 9.707762
171 76 10.810663
171 77 10.346268
171 78 10.381453
171 79 10.385292
171 80 8.638935
171 81 8.966908
171 82 8.975798
171 83 10.811205
171 84 10.545769
171 85 9.016636
171 86 8.539993
171 87 10.076300
171 88 10.830061
171 89 9.421864
171 90 10.434316
171 91 10.413165
171 92 10.238094
171 93 10.782823
171 94 10.276330
171 95 9.540919
171 96 9.041024
171 97 8.603220
171 98 10.709335
171 99 8.699712
171 100 8.915405
171 101 9.665302
171 102 8.886642
171 103 9.626157
171 104 8.514797
171 105 9.680589
171 106 10.959713
171 107 9.706859
171 108 9.644122
171 109 8.532334
171 110 10.315579
171 111 8.859681
171 112 8.476390
171 113 8.380342
171 114 9.365874
171 115 8.372017
171 116 9.398854
171 117 10.573185
171 118 10.185900
171 119 10.004093
171 120 10.411814
171 121 9.066497
171 122 9.128119
171 123 9.189947
171 124 10.045058
171 125 10.474232
171 126 10.724909
171 127 9.372383
171 128 9.928874
171 129 9.439791
171 130 8.562018
171 131 9.044977
171 132 10.704399
171 133 9.595930
171 134 8.350400
171 135 8.882017
171 136 8.613240
171 137 8.437305
171 138 10.193679
171 139 10.908353
171 140 9.233563
171 141 8.952655
171 142 8.563017
171 143 8.494155
171 144 10.824177
171 145 10.894455
171 146 9.420913
171 147 8.534342
171 148 10.857842
171 149 9.169010
171 150 10.197980
171 151 10.807297
171 152 10.807593
171 153 9.644015
171 154 8.894157
171 155 10.781891
171 156 10.171085
171 157 8.363627
171 158 9.244041
171 159 10.300231
171 160 8.745462
171 161 9.085718
171 162 9.030038
171 163 9.574337
171 164 9.930752
171 165 10.564652
171 166 9.275891
171 167 9.432984
171 168 8.568535
171 169 10.568437
171 170 10.050363
171 171 0.000000
171 172 9.763857
171 173 8.435525
171 174 9.525158
171 175 8.523128
171 176 10.753003
171 177 8.546423
171 178 8.871981
171 179 9.243550
171 180 10.323915
171 181 8.717868
171 182 8.890768
171 183 10.794555
171 184 9.881158
171 185 10.593073
171 186 8.804004
171 187 8.730497
171 188 8.760582
171 189 10.175525
171 190 11.039667
171 191 10.334513
171 192 8.967507
171 193 9.622722
171 194 9.415698
171 195 10.542698
171 196 9.142822
171 197 9.666099
171 198 10.549183
171 199 10.345473
171 200 9.685019
172 0 9.673117
172 1 9.233278
172 2 9.708999
172 3 8.667402
172 4 10.112726
172 5 8.569008
172 6 9.506608
172 7 8.805480
172 8 10.977167
172 9 8.669285
172 10 8.922112
172 11 9.236664
172 12 8.843573
172 13 9.027669
172 14 11.071597
172 15 9.426829
172 16 8.508800
172 17 8.554106
172 18 8.553198
172 19 8.538402
172 20 10.414546
172 21 8.696951
172 22 9.572834
172 23 9.260101
172 24 10.212176
172 25 9.013463
172 26 9.747570
172 27 10.386963
172 28 8.390197
172 29 9.743284
172 30 10.843622
172 31 10.875116
172 32 9.724644
172 33 10.256138
172 34 8.819399
172 35 8.996054
172 36 10.347633
172 37 9.012491
172 38 10.903622
172 39 8.692666
172 40 10.393974
172 41 9.994396
172 42 9.097864
172 43 10.834195
172 44 8.401709
172 45 9.417012
172 46 10.664757
172 47 10.399639
172 48 9.348205
172 49 9.293682
172 50 10.267392
172 51 10.062708
172 52 9.193358
172 53 8.596826
172 54 8.801612
172 55 9.059765
172 56 9.045112
172 57 10.623390
172 58 10.795375
172 59 10.747782
172 60 9.448016
172 61 11.049282
172 62 10.788085
172 63 9.907112
172 64 9.774914
172 65 10.922077
172 66 10.575360
172 67 8.852697
172 68 9.249641
172 69 9.293663
172 70 8.889580
172 71 8.814400
172 72 11.083637
172 73 10.331617
172 74 9.479852
172 75 10.478619
172 76 9.241939
172 77 9.785194
172 78 9.701673
172 79 11.003704
172 80 8.743608
172 81 10.053411
172 82 9.315071
172 83 9.762565
172 84 10.107892
172 85 8.820366
172 86 8.866531
172 87 10.075939
172 88 9.870497
172 89 8.484019
172 90 10.151027
172 91 9.442684
172 92 9.356586
172 93 10.730088
172 94 8.896178
172 95 10.140033
172 96 10.636722
172 97 10.633502
172 98 10.893612
172 99 9.896645
172 100 10.074831
172 101 8.374964
172 102 9.532065
172 103 9.735550
172 104 10.194650
172 105 8.654288
172 106 9.869868
172 107 8.661741
172 108 10.656381
172 109 8.736609
172 110 8.857345
172 111 10.279408
172 112 9.350206
172 113 9.992875
172 114 8.857941
172 115 9.370800
172 116 8.690803
172 117 10.352273
172 118 10.334136
172 119 10.759453
172 120 9.824384
172 121 10.997147
172 122 10.752626
172 123 8.985266
172 124 9.689668
172 125 8.983858
172 126 9.122956
172 127 8.552136
172 128 8.447986
172 129 10.222567
172 130 8.925844
172 131 9.769333
172 132 8.845383
172 133 10.264970
172 134 8.727789
172 135 10.784970
172 136 8.834887
172 137 9.874832
172 138 9.923473
172 139 10.379599
172 140 10.631361
172 141 10.896278
172 142 11.072155
172 143 9.577199
172 144 10.093235
172 145 8.854950
172 146 10.748556
172 147 8.398191
172 148 11.008200
172 149 8.338347
172 150 10.346114
172 151 11.026389
172 152 9.792610
172 153 10.338939
172 154 9.213378
172 155 10.440544
172 156 10.227277
172 157 8.825403
172 158 10.690839
172 159 8.786960
172 160 9.318357
172 161 8.871300
172 162 8.855254
172 163 9.947247
172 164 9.859478
172 165 9.999866
172 166 10.721641
172 167 8.345686
172 168 8.358060
172 169 10.070462
172 170 10.206205
172 171 9.763857
172 172 0.000000
172 173 9.042636
172 174 10.815350
172 175 10.665774
172 176 9.755190
172 177 10.469719
172 178 8.764518
172 179 9.504415
172 180 9.500891
172 181 10.250096
172 182 8.506436
172 183 10.467456
172 184 9.653553
172 185 9.971616
172 186 9.360954
172 187 9.675976
172 188 8.540672
172 189 8.400929
172 190 9.877672
172 191 8.431689
172 192 9.556829
172 193 10.829982
172 194 9.603222
172 195 8.919348
172 196 10.390225
172 197 9.400720
172 198 9.175006
172 199 8.658751
172 200 9.460746
173 0 9.293746
173 1 10.488032
173 2 9.547424
173 3 9.185952
173 4 9.814043
173 5 10.205428
173 6 8.668511
173 7 9.085964
173 8 9.741087
173 9 9.452062
173 10 10.219164
173 11 10.930012
173 12 9.447220
173 13 10.166989
173 14 9.152174
173 15 8.393396
173 16 11.039569
173 17 9.860002
173 18 8.534114
173 19 11.068467
173 20 9.405188
173 21 10.684636
173 22 9.134312
173 23 8.669480
173 24 8.966053
173 25 10.910067
173 26 9.402852
173 27 9.498243
173 28 9.677950
173 29 9.411365
173 30 8.363697
173 31 9.144347
173 32 8.542035
173 33 9.814924
173 34 9.230077
173 35 9.479254
173 36 10.747658
173 37 8.844202
173 38 10.867876
173 39 9.286205
173 40 10.670131
173 41 9.619869
173 42 10.808204
173 43 11.049270
173 44 9.628218
173 45 8.420304
173 46 8.975452
173 47 10.035964
173 48 9.990717
173 49 8.991591
173 50 8.852678
173 51 9.096160
173 52 9.150031
173 53 10.390357
173 54 9.933039
173 55 9.844501
173 56 10.365523
173 57 10.193745
173 58 10.816899
173 59 10.204064
173 60 8.865986
173 61 10.749653
173 62 10.779405
173 63 8.448568
173 64 8.921206
173 65 8.786107
173 66 10.351034
173 67 10.917253
173 68 8.834245
173 69 10.808662
173 70 8.674890
173 71 9.270642
173 72 10.302338
173 73 10.213791
173 74 8.618034
173 75 10.787645
173 76 9.544676
173 77 10.307611
173 78 8.449949
173 79 10.227492
173 80 10.178609
173 81 9.543185
173 82 10.729078
173 83 9.643901
173 84 9.477418
173 85 9.300522
173 86 9.081740
173 87 9.744418
173 88 8.515145
173 89 9.490752
173 90 9.162588
173 91 10.806607
173 92 8.994950
173 93 9.249440
173 94 9.252988
173 95 10.638602
173 96 9.563703
173 97 10.041828
173 98 9.267896
173 99 9.737601
173 100 8.559392
173 101 10.820026
173 102 9.106160
173 103 9.518264
173 104 8.455898
173 105 8.522828
173 106 8.447204
173 107 10.480626
173 108 9.277323
173 109 11.035178
173 110 8.581941
173 111 10.657267
173 112 9.283291
173 113 8.886971
173 114 9.005833
173 115 11.034540
173 116 9.031022
173 117 10.712851
173 118 10.769726
173 119 9.135529
173 120 9.039568
173 121 9.279698
173 122 9.532049
173 123 10.310698
173 124 8.823023
173 125 10.924872
173 126 8.360005
173 127 10.516011
173 128 8.416557
173 129 8.443125
173 130 10.745862
173 131 9.966754
173 132 8.614347
173 133 9.237227
173 134 10.791082
173 135 9.660976
173 136 10.327679
173 137 8.834045
173 138 8.640766
173 139 10.740253
173 140 9.949776
173 141 10.733328
173 142 9.524055
173 143 8.523864
173 144 9.778832
173 145 10.228146
173 146 8.948018
173 147 9.618112
173 148 9.807505
173 149 9.869989
173 150 8.415142
173 151 11.011295
173 152 9.296496
173 153 8.417347
173 154 10.336283
173 155 9.203393
173 156 9.100834
173 157 9.155812
173 158 10.212575
173 159 9.075753
173 160 10.405920
173 161 8.619117
173 162 10.268256
173 163 10.360039
173 164 8.476330
173 165 9.033811
173 166 8.842989
173 167 9.966360
173 168 10.431131
173 169 9.670264
173 170 8.463577
173 171 8.435525
173 172 9.042636
173 173 0.000000
173 174 10.239121
173 175 10.610872
173 176 8.924389
173 177 10.200499
173 178 8.533268
173 179 10.774073
173 180 10.510801
173 181 8.799638
173 182 11.008043
173 183 10.381939
173 184 9.852065
173 185 8.506141
173 186 10.235983
173 187 8.698030
173 188 8.338353
173 189 9.118426
173 190 9.010018
173 191 11.015696
173 192 9.823574
173 193 10.989322
173 194 10.922505
173 195 8.666418
173 196 8.787828
173 197 9.832070
173 198 10.843245
173 199 9.685917
173 200 9.677058
174 0 9.782685
174 1 11.020205
174 2 8.439522
174 3 8.622142
174 4 8.871472
174 5 8.598815
174 6 10.913474
174 7 8.416601
174 8 11.074029
174 9 8.998113
174 10 9.658204
174 11 8.442728
174 12 9.439764
174 13 9.768152
174 14 9.152479
174 15 8.560568
174 16 9.114203
174 17 9.141328
174 18 9.010376
174 19 10.470261
174 20 8.465859
174 21 10.980171
174 22 10.890434
174 23 9.575742
174 24 10.276632
174 25 9.082337
174 26 10.868254
174 27 10.069475
174 28 10.461167
174 29 10.715668
174 30 10.369145
174 31 10.746918
174 32 9.868609
174 33 10.521675
174 34 9.471026
174 35 10.018854
174 36 10.172104
174 37 10.830619
174 38 9.154824
174 39 9.178685
174 40 9.960761
174 41 8.534836
174 42 9.408814
174 43 10.189621
174 44 9.395503
174 45 9.242081
174 46 10.160665
174 47 9.025522
174 48 10.277831
174 49 8.920137
174 50 10.026500
174 51 8.422511
174 52 8.740476
174 53 9.572359
174 54 9.233302
174 55 8.831260
174 56 9.958117
174 57 8.988010
174 58 9.233517
174 59 8.986588
174 60 10.954724
174 61 9.403068
174 62 9.004834
174 63 10.253385
174 64 10.977905
174 65 8.834461
174 66 10.172945
174 67 10.550838
174 68 8.534786
174 69 8.434432
174 70 9.504067
174 71 8.916090
174 72 9.979839
174 73 8.454829
174 74 9.657084
174 75 8.869300
174 76 9.331642
174 77 11.034099
174 78 10.908893
174 79 10.619070
174 80 8.368585
174 81 10.822757
174 82 9.339438
174 83 10.684778
174 84 8.809036
174 85 9.263226
174 86 9.754693
174 87 10.680407
174 88 8.650195
174 89 9.735316
174 90 8.466447
174 91 10.079436
174 92 8.420903
174 93 9.789719
174 94 10.960731
174 95 8.709881
174 96 10.665736
174 97 10.104221
174 98 9.421704
174 99 10.900991
174 100 10.396729
174 101 10.735164
174 102 10.796747
174 103 8.419585
174 104 9.353938
174 105 9.771827
174 106 8.556472
174 107 10.258642
174 108 9.000333
174 109 8.769878
174 110 9.864364
174 111 9.779225
174 112 8.747096
174 113 10.755159
174 114 9.939519
174 115 9.927834
174 116 10.615927
174 117 10.483169
174 118 9.206329
174 119 10.542402
174 120 9.912988
174 121 11.077262
174 122 10.173014
174 123 10.374180
174 124 10.780167
174 125 9.385144
174 126 8.421683
174 127 9.253160
174 128 10.264492
174 129 9.124523
174 130 8.530866
174 131 8.876394
174 132 10.385492
174 133 10.814043
174 134 9.781691
174 135 9.142148
174 136 9.212576
174 137 10.032944
174 138 9.595156
174 139 10.267005
174 140 9.046783
174 141 9.508391
174 142 10.957362
174 143 9.274796
174 144 9.991930
174 145 9.185535
174 146 10.083835
174 147 8.920491
174 148 8.864425
174 149 8.895787
174 150 10.674813
174 151 10.858825
174 152 8.918774
174 153 10.466191
174 154 8.404995
174 155 10.613556
174 156 9.002656
174 157 9.768997
174 158 8.498210
174 159 10.611032
174 160 9.584446
174 161 10.010373
174 162 9.781611
174 163 8.966599
174 164 10.094260
174 165 10.850595
174 166 8.519819
174 167 10.068374
174 168 10.395437
174 169 9.074293
174 170 10.566703
174 171 9.525158
174 172 10.815350
174 173 10.239121
174 174 0.000000
174 175 10.733197
174 176 8.583951
174 177 11.001163
174 178 9.682520
174 179 9.524676
174 180 10.890957
174 181 11.005384
174 182 10.087100
174 183 8.557596
174 184 10.132561
174 185 8.451570
174 186 10.946394
174 187 8.377339
174 188 9.352249
174 189 10.065696
174 190 8.404684
174 191 9.926451
174 192 9.183759
174 193 9.639811
174 194 8.390605
174 195 10.718034
174 196 10.573142
174 197 10.310321
174 198 10.350551
174 199 8.982564
174 200 9.818127
175 0 8.555436
175 1 9.964661
175 2 9.637997
175 3 9.878799
175 4 8.506903
175 5 10.838969
175 6 9.294650
175 7 10.589758
175 8 9.358480
175 9 10.748003
175 10 8.665127
175 11 9.858132
175 12 9.929579
175 13 9.497378
175 14 10.839062
175 15 9.996044
175 16 8.549874
175 17 11.106569
175 18 10.105805
175 19 8.974084
175 20 11.051197
175 21 10.002025
175 22 8.666076
175 23 9.851586
175 24 9.444179
175 25 10.032424
175 26 9.184715
175 27 9.804917
175 28 9.152438
175 29 10.146775
175 30 10.071834
175 31 10.726187
175 32 10.998728
175 33 10.484853
175 34 9.516205
175 35 10.522105
175 36 8.577266
175 37 10.830171
175 38 8.455319
175 39 8.356875
175 40 8.513191
175 41 9.150869
175 42 10.098184
175 43 8.937164
175 44 10.251513
175 45 8.976260
175 46 11.054056
175 47 9.851837
175 48 8.843676
175 49 10.709779
175 50 8.479191
175 51 10.808192
175 52 8.696093
175 53 8.560448
175 54 9.023433
175 55 9.656228
175 56 10.435958
175 57 8.687568
175 58 10.192152
175 59 10.215875
175 60 11.043463
175 61 8.622524
175 62 8.485175
175 63 10.080190
175 64 9.375632
175 65 8.929527
175 66 10.684399
175 67 10.296888
175 68 8.992755
175 69 10.860868
175 70 8.374171
175 71 10.824738
175 72 8.731756
175 73 10.772843
175 74 9.973605
175 75 10.544568
175 76 10.830691
175 77 8.743362
175 78 8.649021
175 79 8.813033
175 80 10.676519
175 81 10.393284
175 82 8.855113
175 83 9.752557
175 84 8.990407
175 85 10.144284
175 86 9.694968
175 87 8.871120
175 88 9.446778
175 89 9.710945
175 90 8.754592
175 91 9.166727
175 92 9.857381
175 93 9.787420
175 94 9.264560
175 95 9.343283
175 96 10.981281
175 97 10.865253
175 98 9.951062
175 99 8.744291
175 100 8.558146
175 101 11.085115
175 102 10.739250
175 103 8.490368
175 104 10.762693
175 105 8.482946
175 106 8.996079
175 107 9.746981
175 108 8.872577
175 109 9.733347
175 110 10.313659
175 111 8.374278
175 112 8.636297
175 113 9.110410
175 114 10.631166
175 115 8.637150
175 116 9.486379
175 117 10.391866
175 118 9.016282
175 119 9.942424
175 120 9.512685
175 121 9.658306
175 122 10.228463
175 123 9.015911
175 124 8.770747
175 125 9.879764
175 126 9.326236
175 127 9.184198
175 128 8.729726
175 129 8.394400
175 130 10.125112
175 131 10.620291
175 132 9.611744
175 133 10.572813
175 134 9.631935
175 135 10.550974
175 136 10.645881
175 137 9.601563
175 138 10.945249
175 139 10.012073
175 140 9.051988
175 141 9.645514
175 142 9.407307
175 143 9.675962
175 144 10.759192
175 145 9.019527
175 146 11.010105
175 147 8.630965
175 148 10.068422
175 149 8.752958
175 150 11.103762
175 151 9.540128
175 152 8.504864
175 153 8.683734
175 154 8.956102
175 155 9.188796
175 156 9.902245
175 157 9.426373
175 158 9.940693
175 159 9.759659
175 160 9.900136
175 161 9.002116
175 162 10.752291
175 163 8.734854
175 164 10.725766
175 165 8.973061
175 166 9.015414
175 167 8.744611
175 168 9.057001
175 169 9.994848
175 170 9.222260
175 171 8.523128
175 172 10.665774
175 173 10.610872
175 174 10.733197
175 175 0.000000
175 176 8.913994
175 177 9.469375
175 178 10.531589
175 179 10.591138
175 180 8.982067
175 181 11.009277
175 182 8.541845
175 183 9.502150
175 184 8.834880
175 185 8.497505
175 186 9.390493
175 187 9.074834
175 188 10.665955
175 189 10.337773
175 190 10.747271
175 191 10.094360
175 192 10.477322
175 193 10.789233
175 194 8.741602
175 195 8.830862
175 196 8.856646
175 197 9.738200
175 198 11.002230
175 199 9.630160
175 200 9.824007
176 0 8.552645
176 1 8.998516
176 2 9.100028
176 3 10.587109
176 4 9.298200
176 5 8.532475
176 6 9.878680
176 7 10.878759
176 8 8.688866
176 9 10.721401
176 10 9.395612
176 11 10.525438
176 12 8.994670
176 13 10.718397
176 14 10.907876
176 15 10.568762
176 16 9.435257
176 17 10.865170
176 18 10.579286
176 19 10.860614
176 20 10.910169
176 21 8.880026
176 22 8.467507
176 23 10.788168
176 24 10.603696
176 25 9.106110
176 26 10.972963
176 27 9.342541
176 28 8.551557
176 29 10.054260
176 30 10.589885
176 31 8.593917
176 32 8.548254
176 33 9.889042
176 34 8.902031
176 35 8.431416
176 36 10.824400
176 37 8.905287
176 38 8.724071
176 39 10.683618
176 40 9.830475
176 41 10.702263
176 42 10.552047
176 43 8.931692
176 44 10.400371
176 45 8.973609
176 46 10.356487
176 47 9.262505
176 48 10.960974
176 49 11.016573
176 50 8.356273
176 51 8.928190
176 52 10.707868
176 53 10.487648
176 54 9.217484
176 55 11.018694
176 56 9.115790
176 57 9.628835
176 58 10.509537
176 59 10.915664
176 60 10.409818
176 61 9.481378
176 62 8.975947
176 63 9.891310
176 64 9.621296
176 65 9.883169
176 66 10.391353
176 67 10.888110
176 68 10.990630
176 69 8.759995
176 70 8.920880
176 71 9.065815
176 72 10.540754
176 73 10.088533
176 74 8.848257
176 75 9.789866
176 76 9.782885
176 77 9.893035
176 78 9.535060
176 79 10.088363
176 80 10.504341
176 81 9.651229
176 82 10.791796
176 83 8.799869
176 84 9.972136
176 85 9.636205
176 86 9.412288
176 87 9.596624
176 88 10.945766
176 89 9.990018
176 90 8.713035
176 91 10.172597
176 92 9.023376
176 93 8.974925
176 94 9.503471
176 95 10.048568
176 96 8.617333
176 97 8.999995
176 98 9.319205
176 99 10.589009
176 100 8.663338
176 101 10.960222
176 102 9.167097
176 103 10.800232
176 104 9.667244
176 105 11.029785
176 106 10.162106
176 107 9.389491
176 108 10.442413
176 109 10.560464
176 110 10.352829
176 111 9.398382
176 112 8.684122
176 113 9.834948
176 114 9.506579
176 115 10.436530
176 116 10.291351
176 117 10.010207
176 118 10.068108
176 119 10.275990
176 120 9.108760
176 121 8.819421
176 122 10.251159
176 123 8.459565
176 124 8.728342
176 125 10.283694
176 126 9.682370
176 127 10.050272
176 128 10.034895
176 129 10.108214
176 130 9.097184
176 131 10.142308
176 132 9.907813
176 133 9.713447
176 134 10.478261
176 135 9.295486
176 136 10.000844
176 137 10.118621
176 138 9.181609
176 139 8.918433
176 140 9.632881
176 141 9.977203
176 142 10.757180
176 143 9.422980
176 144 10.293020
176 145 9.676121
176 146 8.959375
176 147 10.697684
176 148 8.613744
176 149 9.622013
176 150 8.469698
176 151 9.922582
176 152 8.731529
176 153 8.802619
176 154 8.366234
176 155 9.396180
176 156 10.734221
176 157 9.856998
176 158 8.629974
176 159 9.000516
176 160 8.911967
176 161 11.013909
176 162 10.158479
176 163 10.578387
176 164 9.735436
176 165 10.980764
176 166 10.368710
176 167 9.808453
176 168 9.335243
176 169 9.503991
176 170 9.890565
176 171 10.753003
176 172 9.755190
176 173 8.924389
176 174 8.583951
176 175 8.913994
176 176 0.000000
176 177 10.049227
176 178 9.109995
176 179 9.150181
176 180 8.605976
176 181 10.983771
176 182 10.353508
176 183 8.462275
176 184 9.568766
176 185 10.421106
176 186 10.142558
176 187 9.864056
176 188 8.418571
176 189 10.938068
176 190 8.897931
176 191 10.327700
176 192 9.650652
176 193 9.791345
176 194 9.214359
176 195 10.876866
176 196 8.656039
176 197 9.141282
176 198 8.744185
176 199 9.457051
176 200 10.428488
177 0 8.567524
177 1 10.416013
177 2 10.313263
177 3 9.840998
177 4 10.579235
177 5 9.891140
177 6 8.858138
177 7 9.964579
177 8 10.050496
177 9 10.875679
177 10 10.708650
177 11 10.192762
177 12 9.168817
177 13 9.933997
177 14 10.480812
177 15 8.859599
177 16 8.545879
177 17 10.339643
177 18 10.684703
177 19 8.911247
177 20 9.823642
177 21 10.441691
177 22 9.203867
177 23 10.376787
177 24 9.708454
177 25 10.319280
177 26 9.287668
177 27 8.754475
177 28 9.539800
177 29 8.518123
177 30 10.802293
177 31 10.299653
177 32 9.373390
177 33 10.772633
177 34 8.731668
177 35 10.080339
177 36 9.336277
177 37 9.438383
177 38 9.379676
177 39 9.724036
177 40 10.663252
177 41 10.548812
177 42 8.864643
177 43 8.549938
177 44 10.545039
177 45 11.039177
177 46 9.987916
177 47 9.955908
177 48 8.741164
177 49 10.313162
177 50 9.236639
177 51 9.240998
177 52 9.814387
177 53 9.292732
177 54 10.831828
177 55 9.043536
177 56 10.310153
177 57 10.198774
177 58 8.624391
177 59 9.835909
177 60 9.091270
177 61 11.043352
177 62 9.582728
177 63 11.066426
177 64 8.547789
177 65 10.661458
177 66 9.664099
177 67 8.873884
177 68 9.866051
177 69 8.748716
177 70 10.584759
177 71 9.991625
177 72 10.177793
177 73 8.426716
177 74 10.711040
177 75 10.861974
177 76 8.670437
177 77 10.830097
177 78 9.710270
177 79 10.105126
177 80 9.849635
177 81 10.540314
177 82 10.468091
177 83 10.470054
177 84 9.155964
177 85 9.530579
177 86 11.042008
177 87 9.591325
177 88 10.405904
177 89 10.841026
177 90 9.479706
177 91 8.719251
177 92 10.731487
177 93 9.151579
177 94 10.126753
177 95 10.808724
177 96 9.566142
177 97 8.500997
177 98 9.750154
177 99 9.866274
177 100 10.171898
177 101 10.935666
177 102 9.669817
177 103 9.095089
177 104 9.277134
177 105 8.538312
177 106 9.601439
177 107 10.803968
177 108 10.201932
177 109 8.879486
177 110 9.623905
177 111 9.109829
177 112 10.854835
177 113 10.764422
177 114 9.838237
177 115 10.453402
177 116 9.118260
177 117 9.267802
177 118 10.039879
177 119 10.764200
177 120 11.079720
177 121 10.388490
177 122 9.318141
177 123 9.069903
177 124 10.447653
177 125 10.556358
177 126 9.161408
177 127 9.356725
177 128 8.724906
177 129 9.868524
177 130 10.435912
177 131 9.405189
177 132 11.007631
177 133 9.701424
177 134 8.621173
177 135 9.957384
177 136 10.545827
177 137 8.490508
177 138 9.335796
177 139 9.338454
177 140 10.162194
177 141 10.820341
177 142 10.528613
177 143 9.383479
177 144 10.677118
177 145 10.194373
177 146 9.652392
177 147 8.539873
177 148 10.043989
177 149 10.027771
177 150 8.721206
177 151 10.663707
177 152 8.677663
177 153 9.025246
177 154 10.555717
177 155 9.064732
177 156 8.551788
177 157 10.773964
177 158 10.046400
177 159 8.770296
177 160 9.219703
177 161 10.223198
177 162 11.103441
177 163 10.976371
177 164 9.059827
177 165 10.439600
177 166 10.251138
177 167 9.200738
177 168 9.830540
177 169 10.507907
177 170 10.696117
177 171 8.546423
177 172 10.469719
177 173 10.200499
177 174 11.001163
177 175 9.469375
177 176 10.049227
177 177 0.000000
177 178 10.328647
177 179 9.059540
177 180 8.608950
177 181 9.824333
177 182 10.913461
177 183 10.419132
177 184 10.682029
177 185 10.111213
177 186 9.672666
177 187 10.394233
177 188 8.842082
177 189 8.802311
177 190 11.009853
177 191 9.553226
177 192 8.589751
177 193 10.098947
177 194 10.364101
177 195 10.753240
177 196 10.733177
177 197 8.981750
177 198 10.254760
177 199 9.394970
177 200 9.246571
178 0 10.419570
178 1 8.627493
178 2 9.811941
178 3 10.929252
178 4 10.155169
178 5 9.628293
178 6 8.958091
178 7 11.058735
178 8 11.045093
178 9 8.767050
178 10 9.573695
178 11 10.754360
178 12 9.302957
178 13 10.281781
178 14 8.912321
178 15 10.599521
178 16 9.655416
178 17 10.672037
178 18 9.737836
178 19 9.022638
178 20 10.754150
178 21 9.042372
178 22 8.473579
178 23 8.461492
178 24 8.552181
178 25 9.674548
178 26 10.544260
178 27 9.622136
178 28 10.166722
178 29 10.607038
178 30 9.694124
178 31 9.726001
178 32 9.952458
178 33 9.249227
178 34 9.661889
178 35 10.664955
178 36 11.071932
178 37 8.697105
178 38 9.774965
178 39 9.500467
178 40 8.363185
178 41 8.446849
178 42 9.018492
178 43 8.834201
178 44 10.588207
178 45 9.336584
178 46 9.783160
178 47 8.486600
178 48 8.483321
178 49 10.130831
178 50 8.592018
178 51 10.275159
178 52 9.985880
178 53 9.988849
178 54 10.408776
178 55 8.999949
178 56 8.713303
178 57 8.680329
178 58 9.043901
178 59 8.697771
178 60 8.666654
178 61 10.665617
178 62 9.533132
178 63 9.360626
178 64 10.980659
178 65 10.737312
178 66 8.916452
178 67 10.401917
178 68 9.551406
178 69 10.475525
178 70 10.218211
178 71 10.391727
178 72 9.751144
178 73 10.288345
178 74 9.419677
178 75 9.790178
178 76 9.760405
178 77 8.695881
178 78 10.008048
178 79 9.570433
178 80 10.744224
178 81 9.692188
178 82 9.576262
178 83 8.699662
178 84 9.931640
178 85 10.753233
178 86 9.873408
178 87 8.572559
178 88 11.059966
178 89 8.715576
178 90 8.607303
178 91 10.761954
178 92 10.698664
178 93 9.769649
178 94 10.939510
178 95 8.731728
178 96 10.454518
178 97 8.580250
178 98 9.281337
178 99 9.911266
178 100 9.199092
178 101 10.336866
178 102 11.060443
178 103 8.506497
178 104 8.420211
178 105 9.754909
178 106 9.937758
178 107 8.386893
178 108 9.035395
178 109 9.589131
178 110 10.185238
178 111 10.674646
178 112 10.188406
178 113 9.182670
178 114 9.144275
178 115 9.292770
178 116 9.556135
178 117 8.986109
178 118 9.805502
178 119 9.846425
178 120 8.389779
178 121 10.679167
178 122 8.789126
178 123 9.447295
178 124 8.379421
178 125 10.216306
178 126 11.009860
178 127 9.507176
178 128 10.786076
178 129 9.512085
178 130 9.518745
178 131 10.999504
178 132 8.980452
178 133 10.952934
178 134 10.155643
178 135 9.700786
178 136 10.760047
178 137 9.154393
178 138 9.430036
178 139 8.873532
178 140 8.408483
178 141 10.843032
178 142 10.157925
178 143 10.051214
178 144 10.662345
178 145 9.906296
178 146 8.876896
178 147 10.963355
178 148 8.784749
178 149 8.805983
178 150 9.219446
178 151 9.296228
178 152 11.055648
178 153 8.491248
178 154 10.322684
178 155 8.471487
178 156 8.699016
178 157 10.739119
178 158 9.588365
178 159 9.496440
178 160 9.967464
178 161 11.015329
178 162 8.977369
178 163 9.748514
178 164 8.664999
178 165 8.560655
178 166 11.101353
178 167 8.516737
178 168 9.231784
178 169 9.197193
178 170 11.059719
178 171 8.871981
178 172 8.764518
178 173 8.533268
178 174 9.682520
178 175 10.531589
178 176 9.109995
178 177 10.328647
178 178 0.000000
178 179 9.410031
178 180 10.149624
178 181 10.645459
178 182 8.735788
178 183 9.640402
178 184 9.581014
178 185 10.517480
178 186 9.242791
178 187 11.053979
178 188 10.529066
178 189 9.556558
178 190 9.975489
178 191 9.326240
178 192 10.159024
178 193 10.020915
178 194 8.450524
178 195 10.022460
178 196 10.366942
178 197 10.038366
178 198 11.070407
178 199 8.508332
178 200 8.647489
179 0 10.939340
179 1 10.995657
179 2 10.137837
179 3 10.389567
179 4 9.229583
179 5 10.164075
179 6 8.459476
179 7 10.063695
179 8 8.691053
179 9 9.043889
179 10 9.407425
179 11 9.124464
179 12 10.712204
179 13 8.984080
179 14 9.139223
179 15 11.101257
179 16 9.607702
179 17 10.115172
179 18 10.602127
179 19 10.602049
179 20 10.247781
179 21 11.051835
179 22 10.552022
179 23 10.236965
179 24 10.091966
179 25 11.095001
179 26 9.261819
179 27 9.271855
179 28 9.582450
179 29 8.704747
179 30 9.608668
179 31 9.794731
179 32 9.772549
179 33 10.676900
179 34 10.400426
179 35 10.688037
179 36 10.235745
179 37 10.175887
179 38 9.279533
179 39 10.389535
179 40 8.443894
179 41 9.960472
179 42 9.560474
179 43 9.169754
179 44 8.369993
179 45 10.909017
179 46 10.826852
179 47 8.804497
179 48 9.478459
179 49 9.269940
179 50 8.837445
179 51 10.685591
179 52 10.939494
179 53 10.014544
179 54 8.408658
179 55 11.067599
179 56 10.562304
179 57 9.624031
179 58 8.701799
179 59 9.917201
179 60 10.929284
179 61 10.118359
179 62 10.262055
179 63 10.854965
179 64 10.487921
179 65 10.493087
179 66 9.007407
179 67 8.849888
179 68 8.988074
179 69 10.632784
179 70 8.702741
179 71 10.851361
179 72 9.094416
179 73 10.074920
179 74 9.346850
179 75 9.768306
179 76 10.525190
179 77 10.127164
179 78 8.648847
179 79 8.399956
179 80 9.985266
179 81 9.161697
179 82 10.580308
179 83 9.677110
179 84 10.997901
179 85 10.870921
179 86 8.549202
179 87 9.308982
179 88 10.031331
179 89 8.346430
179 90 9.042062
179 91 10.578305
179 92 10.436129
179 93 10.843997
179 94 9.917811
179 95 9.923169
179 96 10.761370
179 97 9.048323
179 98 8.709789
179 99 9.272036
179 100 9.205250
179 101 9.022719
179 102 10.972642
179 103 9.609104
179 104 8.472602
179 105 8.564830
179 106 8.377155
179 107 9.065118
179 108 8.813949
179 109 8.842423
179 110 10.376669
179 111 9.335260
179 112 8.492688
179 113 10.792296
179 114 9.741002
179 115 10.145906
179 116 10.905320
179 117 8.787459
179 118 11.048212
179 119 9.237067
179 120 9.550083
179 121 9.625993
179 122 8.650528
179 123 9.902521
179 124 10.390984
179 125 10.739112
179 126 8.622369
179 127 9.200310
179 128 9.146387
179 129 9.968104
179 130 10.801325
179 131 9.530402
179 132 9.143549
179 133 9.153497
179 134 9.509405
179 135 10.512158
179 136 10.701224
179 137 9.746876
179 138 10.488539
179 139 8.963905
179 140 8.607667
179 141 10.755911
179 142 8.924868
179 143 9.093896
179 144 9.141067
179 145 9.657267
179 146 9.923262
179 147 9.011951
179 148 9.297950
179 149 9.509363
179 150 10.166053
179 151 10.272518
179 152 10.970736
179 153 9.170029
179 154 8.697705
179 155 9.583075
179 156 9.739508
179 157 8.603396
179 158 9.778599
179 159 9.042353
179 160 10.181396
179 161 10.385415
179 162 9.428855
179 163 10.679930
179 164 10.574459
179 165 9.905002
179 166 10.298563
179 167 8.471991
179 168 10.165671
179 169 11.055541
179 170 10.167954
179 171 9.243550
179 172 9.504415
179 173 10.774073
179 174 9.524676
179 175 10.591138
179 176 9.150181
179 177 9.059540
179 178 9.410031
179 179 0.000000
179 180 9.392547
179 181 9.789765
179 182 10.939597
179 183 9.901053
179 184 9.267069
179 185 9.838446
179 186 10.805879
179 187 9.849736
179 188 10.492599
179 189 9.493936
179 190 10.647464
179 191 10.501443
179 192 8.699712
179 193 9.259507
179 194 9.586216
179 195 8.594767
179 196 10.206380
179 197 11.098301
179 198 8.667143
179 199 9.423266
179 200 10.212240
180 0 10.944525
180 1 8.712296
180 2 11.045506
180 3 8.794752
180 4 10.852180
180 5 9.360536
180 6 10.874161
180 7 9.648627
180 8 10.865451
180 9 8.967032
180 10 8.528278
180 11 9.814651
180 12 10.096662
180 13 10.371858
180 14 9.096727
180 15 9.863767
180 16 8.662459
180 17 8.818272
180 18 9.477620
180 19 9.514767
180 20 9.198959
180 21 10.392228
180 22 11.043958
180 23 9.532605
180 24 9.382436
180 25 10.936698
180 26 10.084504
180 27 8.351535
180 28 9.900298
180 29 9.073134
180 30 8.619772
180 31 10.974393
180 32 8.991517
180 33 9.133895
180 34 9.840360
180 35 10.272687
180 36 8.514906
180 37 9.757541
180 38 10.428949
180 39 9.138831
180 40 8.528174
180 41 10.542416
180 42 10.129873
180 43 9.966416
180 44 11.029180
180 45 9.271695
180 46 8.460277
180 47 9.662804
180 48 9.000533
180 49 9.570177
180 50 9.602806
180 51 9.773395
180 52 10.854925
180 53 9.233741
180 54 9.310609
180 55 10.277094
180 56 8.732909
180 57 9.966266
180 58 10.077789
180 59 10.813781
180 60 11.053025
180 61 10.464435
180 62 9.724816
180 63 8.651357
180 64 9.334136
180 65 9.899541
180 66 11.046388
180 67 9.970838
180 68 10.298530
180 69 9.566389
180 70 10.381813
180 71 10.263537
180 72 8.704701
180 73 10.715733
180 74 8.729462
180 75 8.385561
180 76 8.881077
180 77 8.802459
180 78 8.970706
180 79 10.988050
180 80 9.073271
180 81 11.065225
180 82 10.425398
180 83 11.022829
180 84 10.120308
180 85 10.080973
180 86 8.750519
180 87 10.825159
180 88 9.492407
180 89 10.211750
180 90 8.547012
180 91 11.110222
180 92 10.413691
180 93 8.915696
180 94 9.187171
180 95 9.085735
180 96 9.551856
180 97 9.850932
180 98 10.674072
180 99 9.144807
180 100 10.238412
180 101 10.787903
180 102 10.601128
180 103 9.797885
180 104 11.032642
180 105 8.587142
180 106 9.756321
180 107 9.100931
180 108 10.875896
180 109 9.201295
180 110 8.571445
180 111 10.775189
180 112 9.980767
180 113 9.847376
180 114 9.295609
180 115 10.653029
180 116 9.865681
180 117 10.200165
180 118 9.389384
180 119 8.703489
180 120 10.324489
180 121 10.806432
180 122 9.974307
180 123 9.207730
180 124 10.970774
180 125 10.392642
180 126 10.182145
180 127 10.135965
180 128 9.289492
180 129 10.937942
180 130 9.224336
180 131 9.841554
180 132 9.648261
180 133 8.432463
180 134 9.616892
180 135 8.594825
180 136 8.799193
180 137 9.936613
180 138 8.993770
180 139 10.333524
180 140 10.249408
180 141 8.487353
180 142 10.749928
180 143 10.334984
180 144 10.936620
180 145 8.880687
180 146 10.998763
180 147 10.572389
180 148 9.312014
180 149 8.420084
180 150 8.454822
180 151 8.404166
180 152 9.284690
180 153 8.816451
180 154 10.880274
180 155 10.299630
180 156 9.454267
180 157 8.956067
180 158 8.722507
180 159 8.916929
180 160 8.406940
180 161 9.497059
180 162 9.509344
180 163 9.258453
180 164 10.336017
180 165 10.277090
180 166 9.267258
180 167 8.776853
180 168 11.089728
180 169 9.844103
180 170 8.625054
180 171 10.323915
180 172 9.500891
180 173 10.510801
180 174 10.890957
180 175 8.982067
180 176 8.605976
180 177 8.608950
180 178 10.149624
180 179 9.392547
180 180 0.000000
180 181 9.276544
180 182 10.459827
180 183 9.173422
180 184 8.562890
180 185 8.349755
180 186 10.567063
180 187 8.933685
180 188 8.935156
180 189 9.706664
180 190 8.474579
180 191 9.153830
180 192 9.185803
180 193 9.510901
180 194 9.520307
180 195 9.036698
180 196 10.889079
180 197 9.806822
180 198 10.508316
180 199 9.385422
180 200 9.797517
181 0 8.976104
181 1 9.202442
181 2 10.574348
181 3 10.203840
181 4 9.632660
181 5 10.920082
181 6 8.530992
181 7 9.999370
181 8 8.538294
181 9 10.614823
181 10 9.436536
181 11 8.997972
181 12 9.163696
181 13 9.488864
181 14 10.924906
181 15 9.257390
181 16 10.901167
181 17 9.333646
181 18 10.421672
181 19 9.378297
181 20 10.286949
181 21 9.785797
181 22 8.403020
181 23 9.139640
181 24 9.038561
181 25 11.047572
181 26 10.225198
181 27 9.351283
181 28 9.568718
181 29 8.907753
181 30 8.523344
181 31 9.780163
181 32 10.234974
181 33 10.292323
181 34 8.616133
181 35 8.557676
181 36 8.548840
181 37 10.159730
181 38 8.974205
181 39 10.629106
181 40 8.535730
181 41 10.782732
181 42 9.238081
181 43 8.802608
181 44 10.853653
181 45 9.668014
181 46 9.169717
181 47 10.653737
181 48 8.943434
181 49 10.312574
181 50 9.696256
181 51 10.830385
181 52 10.271407
181 53 9.573952
181 54 10.781572
181 55 9.825841
181 56 10.976109
181 57 9.172418
181 58 9.770429
181 59 8.538238
181 60 9.395394
181 61 10.427358
181 62 8.944468
181 63 8.603052
181 64 10.684392
181 65 9.517296
181 66 9.134843
181 67 10.093300
181 68 8.521709
181 69 11.082925
181 70 10.484970
181 71 8.724188
181 72 10.372307
181 73 8.733759
181 74 10.585721
181 75 9.512627
181 76 8.505334
181 77 10.163470
181 78 8.879357
181 79 10.136942
181 80 11.013401
181 81 10.335331
181 82 8.673900
181 83 8.711787
181 84 9.445125
181 85 9.396820
181 86 9.109286
181 87 10.249158
181 88 10.805288
181 89 9.314284
181 90 9.890444
181 91 10.028439
181 92 9.650295
181 93 10.565969
181 94 9.805645
181 95 8.844637
181 96 9.017677
181 97 10.125386
181 98 9.326201
181 99 10.003484
181 100 10.199052
181 101 8.567428
181 102 10.728808
181 103 10.860591
181 104 8.931805
181 105 10.583114
181 106 10.245400
181 107 8.896407
181 108 8.881887
181 109 8.780102
181 110 10.530902
181 111 9.430147
181 112 10.940819
181 113 8.643362
181 114 11.108210
181 115 9.969432
181 116 9.672215
181 117 9.562191
181 118 9.847707
181 119 11.053984
181 120 9.527980
181 121 9.593655
181 122 10.877583
181 123 9.635322
181 124 10.897020
181 125 9.326612
181 126 10.737070
181 127 8.758869
181 128 9.719585
181 129 9.331479
181 130 9.151588
181 131 9.008877
181 132 8.999289
181 133 10.290998
181 134 9.531455
181 135 11.013430
181 136 10.662198
181 137 10.569290
181 138 9.075230
181 139 9.282278
181 140 8.981854
181 141 10.598704
181 142 8.518356
181 143 9.432580
181 144 10.016499
181 145 9.024854
181 146 9.356975
181 147 9.425292
181 148 9.728246
181 149 9.042783
181 150 10.988541
181 151 9.862398
181 152 8.899429
181 153 9.583150
181 154 9.222369
181 155 9.602189
181 156 8.919399
181 157 8.612627
181 158 9.452102
181 159 9.547843
181 160 11.097800
181 161 10.253772
181 162 10.067012
181 163 9.503217
181 164 9.790350
181 165 8.932551
181 166 9.231099
181 167 10.438023
181 168 9.351412
181 169 9.511452
181 170 8.969218
181 171 8.717868
181 172 10.250096
181 173 8.799638
181 174 11.005384
181 175 11.009277
181 176 10.983771
181 177 9.824333
181 178 10.645459
181 179 9.789765
181 180 9.276544
181 181 0.000000
181 182 8.641680
181 183 10.186801
181 184 10.528254
181 185 10.491778
181 186 9.946055
181 187 10.792665
181 188 10.834663
181 189 9.415491
181 190 8.517672
181 191 10.728014
181 192 10.540901
181 193 8.739676
181 194 10.581350
181 195 9.647839
181 196 10.362326
181 197 8.870926
181 198 9.048654
181 199 8.731637
181 200 10.910979
182 0 10.255514
182 1 9.594529
182 2 10.958666
182 3 10.996652
182 4 8.819946
182 5 9.196114
182 6 10.061817
182 7 10.385167
182 8 8.770123
182 9 9.133618
182 10 8.871994
182 11 9.429386
182 12 8.721781
182 13 10.569033
182 14 8.348962
182 15 10.494688
182 16 8.803111
182 17 9.637515
182 18 10.878090
182 19 9.354856
182 20 8.983897
182 21 10.305551
182 22 9.629494
182 23 10.934425
182 24 10.687791
182 25 9.918563
182 26 10.222572
182 27 8.412581
182 28 10.324505
182 29 9.555572
182 30 10.375410
182 31 10.566449
182 32 9.527650
182 33 8.687400
182 34 8.770102
182 35 9.369052
182 36 10.309531
182 37 9.451316
182 38 10.019759
182 39 10.272603
182 40 10.244213
182 41 9.807261
182 42 8.388795
182 43 10.065923
182 44 10.783403
182 45 9.659636
182 46 9.418178
182 47 8.638323
182 48 10.438317
182 49 10.366222
182 50 8.848109
182 51 9.385732
182 52 8.448607
182 53 9.043000
182 54 8.451401
182 55 8.702878
182 56 9.502260
182 57 8.601400
182 58 10.357574
182 59 10.598429
182 60 9.416099
182 61 10.673651
182 62 10.217678
182 63 8.337643
182 64 8.537859
182 65 9.716390
182 66 9.742476
182 67 9.567937
182 68 9.612563
182 69 8.447094
182 70 10.868917
182 71 9.880542
182 72 9.058107
182 73 9.505294
182 74 9.508769
182 75 8.890571
182 76 10.107272
182 77 10.058038
182 78 9.343601
182 79 9.865809
182 80 8.833235
182 81 10.987441
182 82 8.646150
182 83 10.005572
182 84 9.159462
182 85 8.659603
182 86 9.698661
182 87 9.234949
182 88 10.114890
182 89 9.819731
182 90 11.107596
182 91 9.789886
182 92 10.880996
182 93 9.355298
182 94 8.741135
182 95 9.457967
182 96 10.888822
182 97 11.053278
182 98 8.475138
182 99 8.890934
182 100 10.270147
182 101 8.480375
182 102 9.685489
182 103 10.325168
182 104 8.489960
182 105 9.654457
182 106 10.601886
182 107 8.546261
182 108 8.750938
182 109 10.060996
182 110 9.610380
182 111 9.053672
182 112 8.594667
182 113 11.052093
182 114 10.506266
182 115 10.398901
182 116 8.854406
182 117 10.802276
182 118 10.564139
182 119 9.669374
182 120 9.000341
182 121 10.280596
182 122 9.978291
182 123 8.343183
182 124 10.885872
182 125 10.020795
182 126 8.992134
182 127 8.450286
182 128 10.679907
182 129 9.612883
182 130 9.243840
182 131 9.491702
182 132 9.008701
182 133 8.448396
182 134 9.320453
182 135 9.229014
182 136 9.267493
182 137 10.032417
182 138 8.821819
182 139 9.817286
182 140 8.746049
182 141 10.749581
182 142 8.622857
182 143 9.421452
182 144 10.721898
182 145 9.074672
182 146 8.812866
182 147 8.462965
182 148 8.701714
182 149 8.949256
182 150 8.840560
182 151 10.618134
182 152 8.370702
182 153 9.935940
182 154 9.764567
182 155 9.505150
182 156 8.740780
182 157 10.960533
182 158 10.609478
182 159 8.633982
182 160 8.582353
182 161 10.483207
182 162 10.455094
182 163 8.704069
182 164 10.185101
182 165 10.111343
182 166 10.067326
182 167 10.101577
182 168 8.907827
182 169 9.993751
182 170 9.596434
182 171 8.890768
182 172 8.506436
182 173 11.008043
182 174 10.087100
182 175 8.541845
182 176 10.353508
182 177 10.913461
182 178 8.735788
182 179 10.939597
182 180 10.459827
182 181 8.641680
182 182 0.000000
182 183 10.706970
182 184 10.005373
182 185 11.094044
182 186 9.864466
182 187 10.843226
182 188 10.385997
182 189 9.861915
182 190 10.004542
182 191 10.656717
182 192 9.083734
182 193 10.436930
182 194 9.624240
182 195 9.384274
182 196 8.587339
182 197 9.870111
182 198 9.294269
182 199 10.629636
182 200 9.605149
183 0 8.733679
183 1 8.571022
183 2 10.301287
183 3 10.913732
183 4 9.385667
183 5 8.581479
183 6 9.401862
183 7 10.417822
183 8 11.037507
183 9 9.882431
183 10 10.063160
183 11 9.945344
183 12 9.184059
183 13 10.340655
183 14 10.586954
183 15 8.926657
183 16 10.701410
183 17 9.994489
183 18 9.615188
183 19 10.390541
183 20 9.452632
183 21 9.136617
183 22 10.891713
183 23 8.744699
183 24 10.026042
183 25 11.012270
183 26 8.612967
183 27 10.998301
183 28 10.469713
183 29 10.913165
183 30 8.562733
183 31 9.847306
183 32 9.562549
183 33 8.335145
183 34 10.797561
183 35 10.395926
183 36 8.501518
183 37 8.810576
183 38 10.076743
183 39 10.394762
183 40 8.569518
183 41 10.434245
183 42 9.837571
183 43 9.190318
183 44 10.935694
183 45 9.410317
183 46 10.691977
183 47 8.707801
183 48 10.128506
183 49 10.860766
183 50 10.992504
183 51 8.529522
183 52 9.494329
183 53 8.778938
183 54 10.608211
183 55 9.449485
183 56 9.247301
183 57 9.551529
183 58 9.689672
183 59 9.148079
183 60 8.958694
183 61 9.125126
183 62 11.040707
183 63 9.081719
183 64 8.845882
183 65 10.360993
183 66 10.272841
183 67 8.358473
183 68 9.929472
183 69 10.826840
183 70 10.695074
183 71 8.972744
183 72 10.283531
183 73 9.997861
183 74 9.922071
183 75 10.048924
183 76 9.818001
183 77 9.383827
183 78 10.664203
183 79 10.649940
183 80 9.332232
183 81 8.348229
183 82 8.499573
183 83 10.032468
183 84 8.918308
183 85 9.360782
183 86 10.641953
183 87 10.214535
183 88 8.612993
183 89 9.290098
183 90 10.654135
183 91 10.750010
183 92 10.655084
183 93 9.233510
183 94 10.297802
183 95 9.925424
183 96 9.242247
183 97 10.074044
183 98 10.832827
183 99 9.978261
183 100 10.152560
183 101 9.010029
183 102 10.644065
183 103 9.020829
183 104 11.018985
183 105 8.556317
183 106 10.178068
183 107 9.310756
183 108 8.550805
183 109 11.014092
183 110 10.249959
183 111 9.262236
183 112 8.350984
183 113 8.726232
183 114 9.448924
183 115 9.698191
183 116 10.814593
183 117 11.005882
183 118 9.560694
183 119 10.327572
183 120 8.523411
183 121 9.731353
183 122 10.873901
183 123 8.914835
183 124 8.821121
183 125 9.476960
183 126 9.978932
183 127 9.652400
183 128 9.907458
183 129 10.024215
183 130 9.815721
183 131 9.302984
183 132 9.477763
183 133 10.651240
183 134 8.699866
183 135 10.507512
183 136 9.433042
183 137 8.455846
183 138 8.566647
183 139 10.143156
183 140 9.643322
183 141 10.338911
183 142 9.911940
183 143 8.903904
183 144 9.903613
183 145 9.760730
183 146 8.559025
183 147 8.653719
183 148 10.131248
183 149 9.726077
183 150 9.716369
183 151 8.694313
183 152 10.971912
183 153 10.609468
183 154 9.317961
183 155 9.096335
183 156 10.033703
183 157 10.080948
183 158 9.155145
183 159 10.231891
183 160 10.828678
183 161 9.844902
183 162 8.717180
183 163 9.661629
183 164 10.074574
183 165 9.001462
183 166 9.776439
183 167 9.037752
183 168 10.997502
183 169 10.523160
183 170 8.355463
183 171 10.794555
183 172 10.467456
183 173 10.381939
183 174 8.557596
183 175 9.502150
183 176 8.462275
183 177 10.419132
183 178 9.640402
183 179 9.901053
183 180 9.173422
183 181 10.186801
183 182 10.706970
183 183 0.000000
183 184 10.258967
183 185 8.602834
183 186 9.395499
183 187 10.288870
183 188 9.981146
183 189 10.850455
183 190 10.446679
183 191 9.110954
183 192 10.488421
183 193 10.265090
183 194 9.976016
183 195 10.302687
183 196 9.201372
183 197 10.788352
183 198 10.009562
183 199 8.442626
183 200 9.004701
184 0 8.373038
184 1 9.265847
184 2 11.013051
184 3 9.966473
184 4 9.056658
184 5 10.899638
184 6 9.058826
184 7 10.484038
184 8 8.663879
184 9 10.291759
184 10 9.395504
184 11 10.755660
184 12 8.600900
184 13 10.878796
184 14 8.916207
184 15 9.254175
184 16 10.833036
184 17 10.363484
184 18 9.726148
184 19 10.333486
184 20 10.405958
184 21 9.562174
184 22 8.607981
184 23 8.610142
184 24 10.671542
184 25 9.758449
184 26 10.570350
184 27 8.805253
184 28 9.727109
184 29 10.442944
184 30 8.562209
184 31 8.390489
184 32 10.058708
184 33 8.945933
184 34 10.667404
184 35 9.878189
184 36 9.846185
184 37 8.544452
184 38 8.967797
184 39 9.718832
184 40 10.093441
184 41 10.733323
184 42 9.006881
184 43 9.031525
184 44 10.594196
184 45 8.354001
184 46 10.104652
184 47 10.101834
184 48 8.865069
184 49 9.406698
184 50 11.027935
184 51 10.939847
184 52 10.918341
184 53 10.683275
184 54 10.061381
184 55 9.066908
184 56 10.921762
184 57 9.964973
184 58 11.021970
184 59 9.458383
184 60 8.715577
184 61 9.486675
184 62 10.484513
184 63 10.211236
184 64 8.348966
184 65 8.757117
184 66 10.627472
184 67 9.076665
184 68 9.375885
184 69 9.751120
184 70 10.584841
184 71 9.062739
184 72 8.911333
184 73 8.634332
184 74 9.770695
184 75 10.453951
184 76 9.668991
184 77 9.644358
184 78 10.150047
184 79 9.648799
184 80 10.359220
184 81 9.666255
184 82 8.643159
184 83 8.726205
184 84 10.249572
184 85 11.088030
184 86 8.844585
184 87 8.937998
184 88 8.771675
184 89 10.531988
184 90 10.361758
184 91 9.698011
184 92 8.487459
184 93 8.634762
184 94 9.884630
184 95 10.018802
184 96 10.675702
184 97 9.486439
184 98 11.069468
184 99 10.964222
184 100 9.024541
184 101 9.138323
184 102 10.632637
184 103 10.027391
184 104 8.566698
184 105 8.377416
184 106 10.044801
184 107 9.730651
184 108 10.541907
184 109 10.903007
184 110 8.511116
184 111 9.377689
184 112 9.967025
184 113 10.827865
184 114 9.834341
184 115 10.422777
184 116 8.981364
184 117 8.454851
184 118 9.936336
184 119 9.617237
184 120 9.260697
184 121 9.153610
184 122 8.590346
184 123 10.327291
184 124 11.062073
184 125 9.485512
184 126 8.592607
184 127 9.290243
184 128 8.540852
184 129 9.242236
184 130 10.006174
184 131 10.137338
184 132 11.048755
184 133 9.149786
184 134 9.868845
184 135 9.495939
184 136 10.128463
184 137 9.845481
184 138 10.621753
184 139 9.002242
184 140 10.623334
184 141 9.050159
184 142 9.755448
184 143 10.503455
184 144 10.242333
184 145 10.640498
184 146 10.018691
184 147 8.583437
184 148 9.337364
184 149 10.808823
184 150 10.798676
184 151 9.437743
184 152 9.713951
184 153 9.535277
184 154 8.636747
184 155 9.655676
184 156 9.251030
184 157 10.033247
184 158 10.686438
184 159 9.240660
184 160 8.516261
184 161 9.310118
184 162 8.824902
184 163 10.356765
184 164 10.755530
184 165 9.969174
184 166 10.186506
184 167 9.312632
184 168 9.860895
184 169 9.720494
184 170 8.602615
184 171 9.881158
184 172 9.653553
184 173 9.852065
184 174 10.132561
184 175 8.834880
184 176 9.568766
184 177 10.682029
184 178 9.581014
184 179 9.267069
184 180 8.562890
184 181 10.528254
184 182 10.005373
184 183 10.258967
184 184 0.000000
184 185 9.300117
184 186 8.973807
184 187 10.954716
184 188 10.669792
184 189 9.420973
184 190 8.428734
184 191 8.968008
184 192 8.738122
184 193 9.735700
184 194 8.940552
184 195 9.667942
184 196 8.534917
184 197 10.021498
184 198 10.694870
184 199 8.371007
184 200 9.150454
185 0 9.038976
185 1 10.187848
185 2 10.670172
185 3 9.171197
185 4 9.308468
185 5 10.488166
185 6 9.981709
185 7 9.519324
185 8 9.813968
185 9 9.920470
185 10 8.907374
185 11 8.715303
185 12 9.358660
185 13 8.748085
185 14 8.370904
185 15 11.044503
185 16 8.984779
185 17 9.193242
185 18 10.222444
185 19 9.483733
185 20 9.452154
185 21 10.734728
185 22 9.248854
185 23 10.415483
185 24 8.480459
185 25 9.022405
185 26 9.613739
185 27 8.991436
185 28 10.688888
185 29 8.631807
185 30 10.621157
185 31 9.755383
185 32 9.497370
185 33 8.595179
185 34 9.272495
185 35 10.246268
185 36 10.175417
185 37 8.978302
185 38 10.383332
185 39 9.817767
185 40 9.185114
185 41 8.747891
185 42 9.344277
185 43 8.936797
185 44 9.877955
185 45 10.373512
185 46 9.752283
185 47 10.703147
185 48 10.610550
185 49 10.084932
185 50 10.629329
185 51 10.531879
185 52 8.522582
185 53 10.330899
185 54 8.392290
185 55 10.360167
185 56 9.587413
185 57 10.751216
185 58 8.433853
185 59 10.147499
185 60 10.755119
185 61 10.091852
185 62 10.347733
185 63 8.781955
185 64 11.072900
185 65 9.134266
185 66 8.879008
185 67 9.411083
185 68 9.802988
185 69 9.887267
185 70 8.895374
185 71 10.393245
185 72 10.908773
185 73 10.895711
185 74 10.612884
185 75 8.866627
185 76 9.242861
185 77 10.317809
185 78 9.960154
185 79 10.144136
185 80 10.772439
185 81 8.817764
185 82 9.457465
185 83 10.960725
185 84 10.169976
185 85 9.713332
185 86 9.922568
185 87 9.248187
185 88 10.178233
185 89 8.955684
185 90 9.116253
185 91 9.070107
185 92 10.956455
185 93 10.221614
185 94 10.792984
185 95 10.163978
185 96 10.221165
185 97 9.675240
185 98 8.733808
185 99 10.752504
185 100 10.853613
185 101 10.015309
185 102 8.749512
185 103 11.085729
185 104 10.401230
185 105 9.871780
185 106 9.961106
185 107 9.545769
185 108 8.794885
185 109 11.068173
185 110 8.839739
185 111 9.222996
185 112 8.689685
185 113 10.236080
185 114 8.554416
185 115 8.387082
185 116 10.398859
185 117 11.106390
185 118 9.934207
185 119 9.654183
185 120 8.711223
185 121 10.008563
185 122 8.544509
185 123 8.950469
185 124 10.945695
185 125 10.349433
185 126 10.869824
185 127 10.566016
185 128 10.032496
185 129 9.115777
185 130 9.783523
185 131 10.625332
185 132 9.468960
185 133 9.269703
185 134 8.907687
185 135 10.626908
185 136 9.788392
185 137 9.396260
185 138 9.049966
185 139 10.147708
185 140 9.715809
185 141 8.564216
185 142 9.243576
185 143 10.632382
185 144 10.556825
185 145 10.283314
185 146 8.928020
185 147 9.530126
185 148 10.053313
185 149 11.019243
185 150 10.420291
185 151 10.074393
185 152 10.523939
185 153 10.036120
185 154 8.939818
185 155 10.642650
185 156 8.383939
185 157 9.311562
185 158 10.904233
185 159 9.674536
185 160 10.625550
185 161 8.439493
185 162 10.748144
185 163 9.438034
185 164 9.521091
185 165 10.711672
185 166 9.916178
185 167 8.708139
185 168 8.952161
185 169 9.829072
185 170 8.528400
185 171 10.593073
185 172 9.971616
185 173 8.506141
185 174 8.451570
185 175 8.497505
185 176 10.421106
185 177 10.111213
185 178 10.517480
185 179 9.838446
185 180 8.349755
185 181 10.491778
185 182 11.094044
185 183 8.602834
185 184 9.300117
185 185 0.000000
185 186 8.431452
185 187 8.890444
185 188 10.032727
185 189 11.058493
185 190 10.911680
185 191 8.979855
185 192 8.557024
185 193 9.300984
185 194 8.809449
185 195 8.653234
185 196 10.161368
185 197 9.903493
185 198 11.088783
185 199 9.536295
185 200 10.009527
186 0 9.576728
186 1 10.857494
186 2 10.162437
186 3 9.135536
186 4 8.374436
186 5 10.794704
186 6 8.454323
186 7 10.865481
186 8 10.750362
186 9 9.308988
186 10 10.215757
186 11 9.295109
186 12 9.534716
186 13 10.999809
186 14 8.335694
186 15 10.843739
186 16 10.809080
186 17 10.190478
186 18 9.513090
186 19 9.968205
186 20 10.176349
186 21 10.294239
186 22 10.208424
186 23 8.712228
186 24 9.550952
186 25 9.746703
186 26 9.190489
186 27 8.433709
186 28 10.637712
186 29 9.115849
186 30 8.656296
186 31 8.547529
186 32 9.130996
186 33 10.700882
186 34 9.136401
186 35 8.776228
186 36 10.217832
186 37 10.066980
186 38 10.080515
186 39 8.400443
186 40 8.611455
186 41 10.672979
186 42 9.603824
186 43 8.521934
186 44 10.075471
186 45 8.334694
186 46 10.056751
186 47 9.289009
186 48 10.801884
186 49 9.520433
186 50 8.800913
186 51 10.615237
186 52 8.924171
186 53 9.445151
186 54 10.294657
186 55 9.515364
186 56 9.109449
186 57 8.702369
186 58 8.387474
186 59 10.965238
186 60 10.976530
186 61 10.758349
186 62 9.851903
186 63 10.343675
186 64 10.691382
186 65 8.981859
186 66 8.943926
186 67 8.758590
186 68 8.480792
186 69 8.658266
186 70 10.920281
186 71 9.815998
186 72 10.732649
186 73 9.239470
186 74 10.312355
186 75 8.598597
186 76 9.498261
186 77 10.695823
186 78 8.928541
186 79 9.085349
186 80 10.676775
186 81 9.693486
186 82 10.790035
186 83 9.875208
186 84 11.065368
186 85 9.595733
186 86 11.071555
186 87 10.262492
186 88 9.208538
186 89 10.848880
186 90 9.421067
186 91 9.217243
186 92 9.279677
186 93 8.762889
186 94 9.229444
186 95 9.597881
186 96 9.256553
186 97 9.423754
186 98 10.340903
186 99 9.912596
186 100 8.580569
186 101 9.598061
186 102 9.126270
186 103 8.820298
186 104 10.513663
186 105 10.774371
186 106 8.465687
186 107 8.402357
186 108 10.749780
186 109 8.359046
186 110 10.101138
186 111 8.927253
186 112 9.065264
186 113 11.070671
186 114 8.831898
186 115 9.700430
186 116 9.638517
186 117 9.163577
186 118 9.269882
186 119 10.766204
186 120 10.444158
186 121 9.325832
186 122 9.960009
186 123 10.330744
186 124 10.112691
186 125 10.717228
186 126 10.227219
186 127 9.864139
186 128 8.510926
186 129 10.607276
186 130 8.513103
186 131 10.367534
186 132 9.847274
186 133 10.202845
186 134 8.762819
186 135 8.922051
186 136 10.144454
186 137 8.909048
186 138 10.481635
186 139 10.281152
186 140 10.105056
186 141 11.029404
186 142 8.732877
186 143 10.814773
186 144 11.048862
186 145 9.773153
186 146 10.000409
186 147 9.875961
186 148 10.037157
186 149 9.676491
186 150 8.602699
186 151 9.577738
186 152 11.008529
186 153 10.872303
186 154 9.103969
186 155 10.076561
186 156 10.567559
186 157 10.517652
186 158 9.499702
186 159 10.608902
186 160 8.979774
186 161 9.088835
186 162 9.409813
186 163 8.470234
186 164 8.348260
186 165 9.218045
186 166 9.070857
186 167 10.312317
186 168 10.968673
186 169 10.460133
186 170 9.400464
186 171 8.804004
186 172 9.360954
186 173 10.235983
186 174 10.946394
186 175 9.390493
186 176 10.142558
186 177 9.672666
186 178 9.242791
186 179 10.805879
186 180 10.567063
186 181 9.946055
186 182 9.864466
186 183 9.395499
186 184 8.973807
186 185 8.431452
186 186 0.000000
186 187 10.297331
186 188 9.116752
186 189 10.284887
186 190 10.315343
186 191 10.965828
186 192 9.686110
186 193 10.780190
186 194 10.866332
186 195 10.362858
186 196 8.971500
186 197 10.172488
186 198 9.940532
186 199 9.102620
186 200 8.556456
187 0 10.560060
187 1 8.865299
187 2 10.629364
187 3 8.651565
187 4 10.592357
187 5 11.080760
187 6 8.501541
187 7 9.434367
187 8 9.414910
187 9 9.292100
187 10 11.071717
187 11 10.274677
187 12 10.207168
187 13 10.375586
187 14 10.489819
187 15 8.972177
187 16 8.856127
187 17 9.049774
187 18 8.483916
187 19 8.456975
187 20 9.932336
187 21 10.651536
187 22 10.611259
187 23 9.521437
187 24 8.913390
187 25 10.080902
187 26 8.378875
187 27 10.264876
187 28 9.446760
187 29 9.924618
187 30 9.765304
187 31 10.647039
187 32 8.376096
187 33 8.481925
187 34 10.611711
187 35 10.257673
187 36 9.799424
187 37 9.147122
187 38 8.757825
187 39 8.515408
187 40 8.769352
187 41 9.462999
187 42 8.729548
187 43 8.638838
187 44 10.202324
187 45 9.288499
187 46 8.550164
187 47 10.200253
187 48 10.920324
187 49 10.278822
187 50 9.503828
187 51 9.332751
187 52 9.901886
187 53 10.347667
187 54 9.813056
187 55 10.089853
187 56 9.721087
187 57 10.182305
187 58 8.932279
187 59 8.950125
187 60 9.998603
187 61 8.375963
187 62 9.174180
187 63 9.579843
187 64 9.510844
187 65 10.321611
187 66 10.655794
187 67 10.558113
187 68 8.379634
187 69 9.776479
187 70 10.293467
187 71 10.365312
187 72 10.632719
187 73 10.470617
187 74 8.719003
187 75 9.453337
187 76 10.881946
187 77 8.604239
187 78 9.019212
187 79 10.485990
187 80 10.697969
187 81 10.918635
187 82 9.492691
187 83 9.505192
187 84 9.774492
187 85 9.424015
187 86 9.419682
187 87 8.767068
187 88 10.183104
187 89 10.858342
187 90 9.697330
187 91 10.899101
187 92 10.320032
187 93 10.242061
187 94 10.751720
187 95 9.995621
187 96 10.972532
187 97 9.637708
187 98 10.824768
187 99 8.746713
187 100 8.794418
187 101 9.982697
187 102 9.796190
187 103 9.848025
187 104 9.083007
187 105 9.275226
187 106 11.053710
187 107 11.063527
187 108 10.043110
187 109 10.835821
187 110 8.709775
187 111 9.998688
187 112 9.918649
187 113 9.749974
187 114 8.859698
187 115 9.087184
187 116 8.641771
187 117 11.010056
187 118 8.729810
187 119 9.459713
187 120 9.471073
187 121 8.987419
187 122 9.893826
187 123 8.703134
187 124 9.415771
187 125 8.716231
187 126 8.554305
187 127 8.882985
187 128 9.321589
187 129 8.384421
187 130 10.065423
187 131 9.568018
187 132 9.203140
187 133 9.657618
187 134 8.393092
187 135 8.751813
187 136 8.802213
187 137 10.598217
187 138 8.479750
187 139 10.192613
187 140 10.118140
187 141 10.844374
187 142 9.674020
187 143 10.900308
187 144 10.397149
187 145 9.432407
187 146 9.478096
187 147 10.403596
187 148 11.073752
187 149 10.419058
187 150 8.959371
187 151 9.004437
187 152 10.185824
187 153 10.806675
187 154 11.078714
187 155 8.404949
187 156 10.947818
187 157 10.279880
187 158 10.993288
187 159 10.634957
187 160 9.888176
187 161 9.157288
187 162 9.897119
187 163 8.808266
187 164 8.425575
187 165 10.312744
187 166 10.874748
187 167 8.378125
187 168 10.946792
187 169 10.200409
187 170 9.301808
187 171 8.730497
187 172 9.675976
187 173 8.698030
187 174 8.377339
187 175 9.074834
187 176 9.864056
187 177 10.394233
187 178 11.053979
187 179 9.849736
187 180 8.933685
187 181 10.792665
187 182 10.843226
187 183 10.288870
187 184 10.954716
187 185 8.890444
187 186 10.297331
187 187 0.000000
187 188 9.319206
187 189 10.488314
187 190 10.209075
187 191 9.300901
187 192 8.886273
187 193 10.116580
187 194 8.821213
187 195 9.237905
187 196 8.959910
187 197 8.621286
187 198 10.643232
187 199 9.472353
187 200 8.909302
188 0 9.485287
188 1 10.547591
188 2 10.868291
188 3 9.562183
188 4 9.939045
188 5 10.194084
188 6 10.369989
188 7 8.908956
188 8 10.103254
188 9 8.485458
188 10 10.313993
188 11 11.008616
188 12 9.100280
188 13 10.825823
188 14 10.167786
188 15 8.851432
188 16 8.666942
188 17 10.056408
188 18 9.403630
188 19 10.609640
188 20 10.612715
188 21 8.601948
188 22 9.451422
188 23 10.956636
188 24 8.653780
188 25 10.619913
188 26 10.954153
188 27 10.997720
188 28 10.309380
188 29 9.648147
188 30 9.168645
188 31 9.789851
188 32 10.703859
188 33 10.129988
188 34 10.207373
188 35 8.480293
188 36 10.993765
188 37 10.816738
188 38 8.485326
188 39 9.134534
188 40 8.433913
188 41 10.190233
188 42 9.124769
188 43 8.792457
188 44 9.705738
188 45 8.657439
188 46 9.991900
188 47 9.311536
188 48 9.102752
188 49 10.915849
188 50 10.595444
188 51 8.624590
188 52 10.532685
188 53 8.578743
188 54 9.403747
188 55 11.035459
188 56 8.366912
188 57 9.894166
188 58 8.797100
188 59 10.329325
188 60 8.847584
188 61 10.633383
188 62 9.479042
188 63 8.854581
188 64 8.480954
188 65 8.804991
188 66 10.305560
188 67 10.396206
188 68 10.687605
188 69 10.496629
188 70 10.382111
188 71 10.100921
188 72 9.362719
188 73 10.435470
188 74 10.307705
188 75 10.291238
188 76 8.359412
188 77 10.218032
188 78 10.644885
188 79 8.648964
188 80 9.890857
188 81 8.476766
188 82 9.179406
188 83 9.784317
188 84 9.377138
188 85 10.106772
188 86 9.938010
188 87 8.944638
188 88 9.561262
188 89 10.538468
188 90 9.434806
188 91 10.954885
188 92 9.221077
188 93 10.769377
188 94 9.003491
188 95 10.174882
188 96 10.633238
188 97 8.756613
188 98 10.506066
188 99 10.851028
188 100 10.105633
188 101 8.633591
188 102 10.840224
188 103 9.050817
188 104 10.422482
188 105 10.638593
188 106 9.584890
188 107 9.700072
188 108 8.851683
188 109 10.584707
188 110 10.180426
188 111 10.906027
188 112 8.841198
188 113 9.557936
188 114 8.574037
188 115 9.112708
188 116 9.240732
188 117 8.938657
188 118 8.634005
188 119 9.031434
188 120 9.615128
188 121 10.586481
188 122 10.948125
188 123 8.775732
188 124 9.908815
188 125 10.154208
188 126 8.422226
188 127 10.075107
188 128 11.007568
188 129 10.534946
188 130 10.531045
188 131 8.768693
188 132 8.712033
188 133 9.872700
188 134 8.476262
188 135 10.427412
188 136 8.365897
188 137 9.076321
188 138 8.866767
188 139 8.505547
188 140 10.873588
188 141 8.870375
188 142 11.058533
188 143 8.561126
188 144 9.822325
188 145 8.405141
188 146 10.497419
188 147 9.802537
188 148 9.528114
188 149 10.389184
188 150 9.651108
188 151 9.398145
188 152 10.638499
188 153 10.316946
188 154 8.425408
188 155 10.411623
188 156 9.757513
188 157 8.858669
188 158 8.766573
188 159 8.580406
188 160 10.476677
188 161 10.182648
188 162 10.976437
188 163 9.080131
188 164 8.889989
188 165 8.489132
188 166 10.469233
188 167 8.834815
188 168 8.816101
188 169 8.495645
188 170 9.577928
188 171 8.760582
188 172 8.540672
188 173 8.338353
188 174 9.352249
188 175 10.665955
188 176 8.418571
188 177 8.842082
188 178 10.529066
188 179 10.492599
188 180 8.935156
188 181 10.834663
188 182 10.385997
188 183 9.981146
188 184 10.669792
188 185 10.032727
188 186 9.116752
188 187 9.319206
188 188 0.000000
188 189 9.616228
188 190 9.010545
188 191 10.672757
188 192 10.052028
188 193 10.697688
188 194 10.605449
188 195 10.843226
188 196 10.305453
188 197 9.154985
188 198 9.222632
188 199 10.797689
188 200 8.512301
189 0 10.658236
189 1 10.140538
189 2 9.527886
189 3 8.906545
189 4 10.681819
189 5 9.419123
189 6 10.668672
189 7 8.733727
189 8 8.449962
189 9 8.673971
189 10 8.702263
189 11 10.767031
189 12 8.354953
189 13 9.537402
189 14 9.050253
189 15 8.700233
189 16 8.489568
189 17 8.512962
189 18 8.340062
189 19 9.345375
189 20 10.676293
189 21 9.983397
189 22 10.441462
189 23 8.600799
189 24 9.484636
189 25 11.070420
189 26 10.597004
189 27 9.571531
189 28 10.693791
189 29 9.349812
189 30 9.734840
189 31 10.254602
189 32 10.492116
189 33 10.161032
189 34 8.494109
189 35 10.895317
189 36 10.556772
189 37 9.833435
189 38 8.671647
189 39 8.924752
189 40 10.272044
189 41 9.896349
189 42 9.822895
189 43 10.617801
189 44 9.901620
189 45 9.327320
189 46 10.793060
189 47 10.892607
189 48 10.455127
189 49 9.278350
189 50 10.536997
189 51 10.774576
189 52 9.060662
189 53 9.603261
189 54 10.608245
189 55 10.818798
189 56 9.223689
189 57 9.910785
189 58 9.978075
189 59 9.211629
189 60 11.035725
189 61 9.030240
189 62 8.605343
189 63 10.265645
189 64 10.804499
189 65 10.535367
189 66 10.547375
189 67 10.579998
189 68 10.176251
189 69 10.529261
189 70 8.422008
189 71 8.982644
189 72 10.046851
189 73 9.779484
189 74 11.043207
189 75 9.179417
189 76 10.246500
189 77 8.810455
189 78 10.117926
189 79 10.700022
189 80 8.393972
189 81 9.930131
189 82 9.141351
189 83 10.702889
189 84 9.903597
189 85 10.536790
189 86 10.373967
189 87 9.830337
189 88 8.921363
189 89 10.482900
189 90 10.433545
189 91 9.549963
189 92 8.436948
189 93 10.799262
189 94 9.414623
189 95 10.782793
189 96 8.723763
189 97 9.670773
189 98 10.564942
189 99 9.095423
189 100 9.870870
189 101 10.286740
189 102 10.821548
189 103 9.338095
189 104 10.361742
189 105 10.300129
189 106 9.576729
189 107 9.686232
189 108 10.506874
189 109 9.773996
189 110 10.515922
189 111 10.045417
189 112 8.973296
189 113 10.511594
189 114 9.995221
189 115 9.151705
189 116 10.338762
189 117 9.685766
189 118 9.853103
189 119 10.200999
189 120 10.620839
189 121 8.400441
189 122 9.799005
189 123 9.201561
189 124 9.471301
189 125 9.305633
189 126 8.735002
189 127 10.520406
189 128 8.776444
189 129 10.753003
189 130 11.082714
189 131 10.514826
189 132 9.031087
189 133 8.601147
189 134 10.420058
189 135 10.541348
189 136 10.545817
189 137 8.631731
189 138 8.693786
189 139 9.170145
189 140 9.032243
189 141 9.066332
189 142 10.300956
189 143 10.951293
189 144 8.839601
189 145 9.080148
189 146 8.502399
189 147 8.608076
189 148 8.492935
189 149 8.504610
189 150 9.850948
189 151 9.740459
189 152 8.361114
189 153 9.780506
189 154 10.786389
189 155 8.525858
189 156 9.969759
189 157 9.643807
189 158 10.444238
189 159 10.221645
189 160 10.726179
189 161 10.542529
189 162 9.571275
189 163 10.593608
189 164 10.509711
189 165 8.494092
189 166 8.465252
189 167 10.608971
189 168 8.629309
189 169 9.240653
189 170 8.685238
189 171 10.175525
189 172 8.400929
189 173 9.118426
189 174 10.065696
189 175 10.337773
189 176 10.938068
189 177 8.802311
189 178 9.556558
189 179 9.493936
189 180 9.706664
189 181 9.415491
189 182 9.861915
189 183 10.850455
189 184 9.420973
189 185 11.058493
189 186 10.284887
189 187 10.488314
189 188 9.616228
189 189 0.000000
189 190 8.988177
189 191 8.786079
189 192 9.957777
189 193 10.747023
189 194 10.296930
189 195 9.117471
189 196 10.569342
189 197 9.914757
189 198 9.317163
189 199 9.040046
189 200 9.940521
190 0 10.304351
190 1 10.378150
190 2 9.232406
190 3 8.933008
190 4 11.104124
190 5 10.484448
190 6 8.535406
190 7 10.859214
190 8 9.997816
190 9 8.795814
190 10 9.384659
190 11 10.664497
190 12 10.861556
190 13 10.567852
190 14 9.079359
190 15 9.038661
190 16 9.828479
190 17 9.223970
190 18 8.543603
190 19 8.971432
190 20 9.415688
190 21 8.554982
190 22 9.157585
190 23 10.196443
190 24 10.547019
190 25 9.719948
190 26 9.938552
190 27 8.884349
190 28 10.273642
190 29 10.070199
190 30 10.636768
190 31 9.969638
190 32 10.747957
190 33 9.569662
190 34 8.374272
190 35 10.764139
190 36 8.943669
190 37 10.487212
190 38 9.249603
190 39 8.914841
190 40 10.064676
190 41 9.227541
190 42 8.570556
190 43 10.657005
190 44 8.656454
190 45 9.680140
190 46 8.351439
190 47 10.717957
190 48 10.954069
190 49 10.457315
190 50 10.872324
190 51 8.715561
190 52 10.881328
190 53 8.523164
190 54 10.337470
190 55 10.687145
190 56 9.511265
190 57 9.296029
190 58 9.602838
190 59 9.724819
190 60 10.723402
190 61 9.583011
190 62 10.532019
190 63 8.975597
190 64 10.339989
190 65 9.865855
190 66 8.490970
190 67 9.206175
190 68 9.513732
190 69 8.358687
190 70 11.102019
190 71 10.683735
190 72 8.489562
190 73 8.945310
190 74 9.276840
190 75 8.825043
190 76 9.626818
190 77 10.574079
190 78 10.852759
190 79 10.203815
190 80 10.917533
190 81 8.667076
190 82 10.051567
190 83 9.006567
190 84 9.335874
190 85 8.984802
190 86 10.466462
190 87 8.940397
190 88 10.437480
190 89 10.953497
190 90 9.231197
190 91 9.507426
190 92 10.906474
190 93 10.894953
190 94 9.731425
190 95 10.704542
190 96 9.462433
190 97 8.465950
190 98 10.165836
190 99 10.711776
190 100 9.484738
190 101 9.071540
190 102 10.938195
190 103 10.528564
190 104 10.740073
190 105 9.752289
190 106 10.381478
190 107 9.713086
190 108 8.363305
190 109 10.551577
190 110 9.809182
190 111 10.127517
190 112 9.818634
190 113 10.337586
190 114 10.255959
190 115 9.821969
190 116 9.508744
190 117 8.516457
190 118 8.961130
190 119 10.670433
190 120 9.964307
190 121 10.692781
190 122 10.867384
190 123 10.999598
190 124 8.409642
190 125 9.504197
190 126 9.804449
190 127 9.028918
190 128 10.910888
190 129 9.967673
190 130 9.940032
190 131 10.267299
190 132 8.589657
190 133 9.564591
190 134 10.028901
190 135 9.707748
190 136 10.570829
190 137 9.998234
190 138 10.814725
190 139 10.738974
190 140 8.356693
190 141 8.816544
190 142 10.622376
190 143 10.038793
190 144 10.442938
190 145 10.891343
190 146 11.091045
190 147 8.484055
190 148 9.734000
190 149 9.239489
190 150 10.280712
190 151 8.897884
190 152 9.045897
190 153 8.623830
190 154 10.761828
190 155 9.234850
190 156 9.095732
190 157 9.571318
190 158 8.405049
190 159 9.103747
190 160 10.745293
190 161 10.296647
190 162 11.021304
190 163 8.523041
190 164 9.836495
190 165 9.845371
190 166 11.043092
190 167 9.142419
190 168 8.725406
190 169 11.054631
190 170 10.738632
190 171 11.039667
190 172 9.877672
190 173 9.010018
190 174 8.404684
190 175 10.747271
190 176 8.897931
190 177 11.009853
190 178 9.975489
190 179 10.647464
190 180 8.474579
190 181 8.517672
190 182 10.004542
190 183 10.446679
190 184 8.428734
190 185 10.911680
190 186 10.315343
190 187 10.209075
190 188 9.010545
190 189 8.988177
190 190 0.000000
190 191 9.322742
190 192 11.016204
190 193 9.697698
190 194 9.118767
190 195 8.488540
190 196 8.629268
190 197 8.474134
190 198 10.939798
190 199 10.972806
190 200 9.883522
191 0 9.992795
191 1 9.000691
191 2 10.104221
191 3 10.267455
191 4 9.942636
191 5 10.542683
191 6 10.070783
191 7 11.056956
191 8 10.223965
191 9 9.049675
191 10 10.453829
191 11 10.387720
191 12 11.034174
191 13 9.797331
191 14 8.342565
191 15 9.923019
191 16 10.079610
191 17 8.603610
191 18 10.982579
191 19 9.215985
191 20 9.478427
191 21 10.656740
191 22 10.321545
191 23 9.079540
191 24 11.005615
191 25 9.968193
191 26 10.919367
191 27 10.396588
191 28 8.489821
191 29 9.054727
191 30 10.716602
191 31 10.510816
191 32 10.743893
191 33 10.292194
191 34 9.329205
191 35 8.514918
191 36 8.498338
191 37 9.750309
191 38 10.879092
191 39 8.923771
191 40 9.408022
191 41 8.860056
191 42 9.593718
191 43 9.028721
191 44 8.822808
191 45 9.957389
191 46 10.333253
191 47 10.600661
191 48 10.903695
191 49 8.979791
191 50 10.149622
191 51 9.141870
191 52 10.142109
191 53 9.072987
191 54 8.915963
191 55 10.726807
191 56 10.659138
191 57 8.556352
191 58 9.433579
191 59 8.674347
191 60 10.793135
191 61 11.007058
191 62 8.531322
191 63 9.519282
191 64 9.405921
191 65 9.331480
191 66 9.694756
191 67 9.015854
191 68 10.692229
191 69 10.087080
191 70 11.044642
191 71 8.655043
191 72 10.200327
191 73 9.621114
191 74 9.934947
191 75 8.617397
191 76 9.496158
191 77 10.368428
191 78 9.413989
191 79 9.366575
191 80 10.007160
191 81 10.607879
191 82 9.258714
191 83 9.091636
191 84 9.632380
191 85 9.375767
191 86 8.340728
191 87 10.027618
191 88 9.614813
191 89 9.093560
191 90 8.879419
191 91 10.473880
191 92 8.941709
191 93 8.920823
191 94 8.777163
191 95 9.457214
191 96 8.775932
191 97 9.546470
191 98 10.152557
191 99 9.919617
191 100 8.380024
191 101 9.066332
191 102 10.122659
191 103 9.643297
191 104 8.846646
191 105 10.176274
191 106 8.551368
191 107 9.651174
191 108 10.005433
191 109 10.940721
191 110 10.907089
191 111 9.949366
191 112 10.666225
191 113 9.795500
191 114 9.835254
191 115 9.812705
191 116 10.399977
191 117 8.566821
191 118 10.257432
191 119 10.105390
191 120 8.634288
191 121 10.051417
191 122 9.959564
191 123 9.114869
191 124 10.243320
191 125 11.078642
191 126 8.493354
191 127 9.066652
191 128 9.212977
191 129 9.172769
191 130 9.802495
191 131 9.920794
191 132 8.790523
191 133 10.155277
191 134 10.116271
191 135 9.676281
191 136 10.499958
191 137 8.753416
191 138 10.539231
191 139 9.130376
191 140 11.069500
191 141 11.049358
191 142 9.676656
191 143 9.884403
191 144 8.384481
191 145 10.054998
191 146 10.914540
191 147 10.024589
191 148 10.483250
191 149 10.817141
191 150 10.599993
191 151 10.865970
191 152 9.459736
191 153 9.310864
191 154 10.310810
191 155 9.718791
191 156 10.816562
191 157 8.916567
191 158 9.607829
191 159 8.444943
191 160 10.492480
191 161 9.553724
191 162 9.264654
191 163 10.785006
191 164 10.992346
191 165 10.474430
191 166 10.613973
191 167 8.941339
191 168 9.819398
191 169 10.277490
191 170 8.651477
191 171 10.334513
191 172 8.431689
191 173 11.015696
191 174 9.926451
191 175 10.094360
191 176 10.327700
191 177 9.553226
191 178 9.326240
191 179 10.501443
191 180 9.153830
191 181 10.728014
191 182 10.656717
191 183 9.110954
191 184 8.968008
191 185 8.979855
191 186 10.965828
191 187 9.300901
191 188 10.672757
191 189 8.786079
191 190 9.322742
191 191 0.000000
191 192 9.143779
191 193 9.879695
191 194 10.824681
191 195 9.077115
191 196 9.808978
191 197 10.919594
191 198 8.657653
191 199 10.455149
191 200 9.918538
192 0 9.754575
192 1 10.290615
192 2 10.981775
192 3 8.826987
192 4 10.411340
192 5 10.966125
192 6 10.069750
192 7 10.267304
192 8 11.032598
192 9 10.300971
192 10 9.943442
192 11 9.476520
192 12 10.769358
192 13 9.000725
192 14 10.894092
192 15 10.217013
192 16 9.314866
192 17 8.904541
192 18 10.548591
192 19 8.643935
192 20 8.654395
192 21 9.247822
192 22 9.757214
192 23 9.849503
192 24 8.808338
192 25 10.573343
192 26 10.533471
192 27 8.467323
192 28 9.342989
192 29 8.671617
192 30 8.810557
192 31 9.147356
192 32 11.036319
192 33 9.681345
192 34 10.054870
192 35 10.450110
192 36 11.027928
192 37 10.076851
192 38 9.648153
192 39 11.025476
192 40 9.385746
192 41 10.716015
192 42 9.417860
192 43 10.411841
192 44 10.298250
192 45 11.099879
192 46 10.666910
192 47 9.654282
192 48 10.722470
192 49 9.670637
192 50 9.529183
192 51 10.751350
192 52 8.663788
192 53 10.081425
192 54 10.739667
192 55 9.424189
192 56 8.751224
192 57 9.982635
192 58 9.919321
192 59 9.023199
192 60 8.694578
192 61 8.637023
192 62 10.956132
192 63 10.390137
192 64 10.129049
192 65 9.694674
192 66 9.234867
192 67 9.078814
192 68 9.308264
192 69 10.315403
192 70 9.591730
192 71 10.971173
192 72 10.534053
192 73 10.010799
192 74 11.059197
192 75 9.541738
192 76 10.643200
192 77 9.275385
192 78 9.807626
192 79 9.095740
192 80 10.276356
192 81 9.467381
192 82 10.091758
192 83 9.456800
192 84 10.397541
192 85 8.950456
192 86 8.780088
192 87 9.496534
192 88 9.512911
192 89 10.990847
192 90 10.241071
192 91 10.491385
192 92 9.037455
192 93 10.921425
192 94 8.478305
192 95 9.247837
192 96 10.164619
192 97 9.838383
192 98 8.399575
192 99 10.411320
192 100 8.601733
192 101 10.408387
192 102 10.738054
192 103 9.451898
192 104 8.722228
192 105 8.868878
192 106 8.658101
192 107 8.686915
192 108 9.797023
192 109 8.712078
192 110 8.538821
192 111 8.590712
192 112 8.420455
192 113 10.635773
192 114 8.580579
192 115 9.327318
192 116 9.117730
192 117 9.601047
192 118 10.286061
192 119 11.013988
192 120 11.095579
192 121 9.107375
192 122 9.644772
192 123 10.273722
192 124 8.908552
192 125 10.440261
192 126 8.571492
192 127 10.882689
192 128 10.588442
192 129 8.439769
192 130 10.099804
192 131 9.711508
192 132 9.301070
192 133 10.388734
192 134 8.840078
192 135 9.314788
192 136 9.160349
192 137 8.945673
192 138 9.824887
192 139 8.970411
192 140 10.871775
192 141 10.203990
192 142 9.344602
192 143 9.208294
192 144 11.041018
192 145 8.831572
192 146 10.921448
192 147 10.374197
192 148 10.227894
192 149 8.483292
192 150 10.175960
192 151 10.957703
192 152 10.178069
192 153 9.066405
192 154 9.770910
192 155 10.224842
192 156 10.530267
192 157 9.089599
192 158 10.765504
192 159 9.618462
192 160 9.573457
192 161 10.233314
192 162 8.893017
192 163 9.458584
192 164 8.612631
192 165 9.777468
192 166 9.610277
192 167 10.189793
192 168 9.377719
192 169 10.618171
192 170 10.308078
192 171 8.967507
192 172 9.556829
192 173 9.823574
192 174 9.183759
192 175 10.477322
192 176 9.650652
192 177 8.589751
192 178 10.159024
192 179 8.699712
192 180 9.185803
192 181 10.540901
192 182 9.083734
192 183 10.488421
192 184 8.738122
192 185 8.557024
192 186 9.686110
192 187 8.886273
192 188 10.052028
192 189 9.957777
192 190 11.016204
192 191 9.143779
192 192 0.000000
192 193 9.099158
192 194 9.228005
192 195 8.595722
192 196 9.551283
192 197 8.476696
192 198 9.910926
192 199 10.692515
192 200 10.028890
193 0 10.981204
193 1 10.151793
193 2 9.403926
193 3 9.879241
193 4 8.497221
193 5 10.590786
193 6 11.106765
193 7 9.186726
193 8 8.937804
193 9 11.087091
193 10 8.937850
193 11 9.466641
193 12 10.308719
193 13 9.889266
193 14 10.281015
193 15 9.093339
193 16 9.243529
193 17 10.535340
193 18 9.049214
193 19 10.047383
193 20 10.290843
193 21 9.307701
193 22 8.518132
193 23 9.747651
193 24 10.715744
193 25 10.639665
193 26 8.598169
193 27 9.326229
193 28 9.497621
193 29 9.897033
193 30 10.214281
193 31 10.177322
193 32 10.993850
193 33 9.929849
193 34 9.465374
193 35 9.766926
193 36 9.386368
193 37 9.507126
193 38 10.794405
193 39 10.529151
193 40 8.571427
193 41 10.511266
193 42 9.107063
193 43 10.026862
193 44 10.540313
193 45 9.114955
193 46 9.309068
193 47 10.090099
193 48 9.977823
193 49 10.430188
193 50 8.724690
193 51 10.948951
193 52 8.680243
193 53 8.417408
193 54 9.032373
193 55 9.436942
193 56 10.372933
193 57 10.010335
193 58 10.782031
193 59 10.020196
193 60 10.191148
193 61 10.852305
193 62 9.229144
193 63 10.030014
193 64 10.065432
193 65 11.094087
193 66 9.057497
193 67 9.467172
193 68 9.880130
193 69 10.914543
193 70 10.808953
193 71 9.452966
193 72 10.361524
193 73 8.931385
193 74 9.963399
193 75 9.595326
193 76 8.334060
193 77 8.383261
193 78 10.945184
193 79 10.457158
193 80 10.022291
193 81 9.811353
193 82 8.776043
193 83 10.890221
193 84 8.658404
193 85 10.058881
193 86 10.160690
193 87 9.864345
193 88 10.928470
193 89 9.338943
193 90 10.588655
193 91 9.058370
193 92 9.193383
193 93 10.313217
193 94 9.539581
193 95 11.035977
193 96 9.792393
193 97 10.153054
193 98 8.486154
193 99 10.266553
193 100 9.624316
193 101 9.958835
193 102 9.339765
193 103 10.831525
193 104 8.481481
193 105 10.334390
193 106 9.999096
193 107 9.611498
193 108 8.706535
193 109 9.910724
193 110 9.269493
193 111 9.939109
193 112 9.054646
193 113 9.874542
193 114 9.421842
193 115 9.174082
193 116 10.740590
193 117 9.305344
193 118 9.498284
193 119 9.984670
193 120 8.443187
193 121 9.431207
193 122 10.944409
193 123 8.363584
193 124 9.330687
193 125 8.938634
193 126 10.958303
193 127 10.160131
193 128 10.358148
193 129 10.550491
193 130 8.635487
193 131 9.689076
193 132 9.693189
193 133 9.347570
193 134 10.582656
193 135 10.650859
193 136 10.676660
193 137 8.355257
193 138 10.935476
193 139 9.762685
193 140 10.008361
193 141 9.863764
193 142 9.329538
193 143 10.296938
193 144 8.976429
193 145 8.629741
193 146 9.993369
193 147 8.946912
193 148 9.316244
193 149 9.879854
193 150 9.908506
193 151 10.209638
193 152 9.073991
193 153 9.719053
193 154 9.521887
193 155 10.517553
193 156 10.011956
193 157 8.853887
193 158 9.815632
193 159 9.949159
193 160 9.037006
193 161 11.046406
193 162 9.435371
193 163 9.206918
193 164 9.405394
193 165 9.652763
193 166 8.725671
193 167 8.989895
193 168 9.864044
193 169 9.963710
193 170 9.446703
193 171 9.622722
193 172 10.829982
193 173 10.989322
193 174 9.639811
193 175 10.789233
193 176 9.791345
193 177 10.098947
193 178 10.020915
193 179 9.259507
193 180 9.510901
193 181 8.739676
193 182 10.436930
193 183 10.265090
193 184 9.735700
193 185 9.300984
193 186 10.780190
193 187 10.116580
193 188 10.697688
193 189 10.747023
193 190 9.697698
193 191 9.879695
193 192 9.099158
193 193 0.000000
193 194 10.461139
193 195 9.032993
193 196 9.151003
193 197 8.808389
193 198 8.608140
193 199 9.488991
193 200 10.782892
194 0 11.053591
194 1 9.705133
194 2 10.384539
194 3 10.058928
194 4 9.455077
194 5 8.747753
194 6 9.029048
194 7 10.646608
194 8 10.916170
194 9 10.296364
194 10 9.216929
194 11 9.527707
194 12 9.223546
194 13 8.883131
194 14 10.281690
194 15 10.764181
194 16 10.188310
194 17 11.107084
194 18 10.872402
194 19 8.612267
194 20 10.770537
194 21 9.882364
194 22 10.739307
194 23 9.313214
194 24 9.296613
194 25 9.706956
194 26 10.831451
194 27 10.687597
194 28 10.444858
194 29 9.515725
194 30 9.255031
194 31 8.677241
194 32 8.493495
194 33 8.733060
194 34 8.625314
194 35 8.532436
194 36 9.602752
194 37 8.936419
194 38 8.591107
194 39 8.840992
194 40 10.128981
194 41 8.964553
194 42 10.235077
194 43 10.022323
194 44 11.087462
194 45 9.478388
194 46 10.430132
194 47 10.935620
194 48 11.010288
194 49 9.932598
194 50 9.915015
194 51 10.525858
194 52 8.900886
194 53 11.045794
194 54 9.510526
194 55 10.205925
194 56 10.327279
194 57 8.465411
194 58 9.799975
194 59 8.585375
194 60 9.906161
194 61 11.032649
194 62 10.929199
194 63 9.098904
194 64 9.769015
194 65 10.993393
194 66 8.626992
194 67 8.566713
194 68 8.744774
194 69 8.838419
194 70 10.335438
194 71 9.210709
194 72 9.552373
194 73 9.994729
194 74 9.733258
194 75 10.233619
194 76 10.087085
194 77 10.538987
194 78 10.509134
194 79 11.072229
194 80 10.247185
194 81 10.775190
194 82 9.635617
194 83 10.486447
194 84 8.717370
194 85 10.946581
194 86 10.810383
194 87 9.600503
194 88 10.247437
194 89 8.975733
194 90 9.000920
194 91 8.734041
194 92 10.969588
194 93 9.211555
194 94 10.336541
194 95 9.108942
194 96 10.231227
194 97 10.249326
194 98 10.154120
194 99 10.463753
194 100 9.661025
194 101 10.145719
194 102 8.518065
194 103 8.766641
194 104 8.656971
194 105 9.600068
194 106 9.036590
194 107 10.116765
194 108 11.059910
194 109 8.440030
194 110 10.180598
194 111 8.644793
194 112 10.765893
194 113 10.529723
194 114 10.441753
194 115 9.419558
194 116 8.563544
194 117 10.406190
194 118 9.526012
194 119 8.443066
194 120 9.793640
194 121 9.533019
194 122 9.131122
194 123 9.016409
194 124 8.686627
194 125 8.943053
194 126 9.485217
194 127 9.952997
194 128 9.256471
194 129 8.887626
194 130 8.931869
194 131 8.793993
194 132 9.040655
194 133 8.472627
194 134 8.858412
194 135 9.444786
194 136 9.502873
194 137 8.600141
194 138 9.242695
194 139 10.838361
194 140 10.182237
194 141 8.595220
194 142 8.585995
194 143 8.485203
194 144 9.356771
194 145 9.865793
194 146 10.430058
194 147 10.265239
194 148 9.211257
194 149 8.676394
194 150 10.898177
194 151 8.509023
194 152 8.907181
194 153 8.704448
194 154 11.034479
194 155 10.505448
194 156 9.120157
194 157 9.295943
194 158 11.012286
194 159 10.149706
194 160 9.309948
194 161 10.464747
194 162 10.473763
194 163 8.389608
194 164 10.246035
194 165 11.074830
194 166 10.807882
194 167 9.458884
194 168 8.407056
194 169 10.719749
194 170 10.833738
194 171 9.415698
194 172 9.603222
194 173 10.922505
194 174 8.390605
194 175 8.741602
194 176 9.214359
194 177 10.364101
194 178 8.450524
194 179 9.586216
194 180 9.520307
194 181 10.581350
194 182 9.624240
194 183 9.976016
194 184 8.940552
194 185 8.809449
194 186 10.866332
194 187 8.821213
194 188 10.605449
194 189 10.296930
194 190 9.118767
194 191 10.824681
194 192 9.228005
194 193 10.461139
194 194 0.000000
194 195 10.059906
194 196 11.109897
194 197 9.075189
194 198 9.154978
194 199 10.529263
194 200 10.196873
195 0 9.347811
195 1 8.475862
195 2 9.608951
195 3 10.998443
195 4 8.688678
195 5 9.928606
195 6 11.091620
195 7 10.805705
195 8 10.953369
195 9 8.350736
195 10 9.278840
195 11 10.837997
195 12 10.472201
195 13 10.190291
195 14 10.950946
195 15 8.483134
195 16 9.315429
195 17 9.028935
195 18 8.479214
195 19 10.872457
195 20 11.066876
195 21 10.762166
195 22 9.974497
195 23 11.039443
195 24 9.378303
195 25 8.381504
195 26 9.091771
195 27 8.416758
195 28 9.886682
195 29 8.925805
195 30 10.111014
195 31 9.127894
195 32 9.057373
195 33 10.303263
195 34 9.290532
195 35 9.781316
195 36 10.220308
195 37 9.508398
195 38 8.695058
195 39 10.462820
195 40 10.480201
195 41 10.440841
195 42 9.462447
195 43 9.232181
195 44 9.100112
195 45 9.622013
195 46 8.939702
195 47 10.405972
195 48 8.964281
195 49 10.784327
195 50 9.808429
195 51 10.462409
195 52 8.550899
195 53 9.561963
195 54 8.469050
195 55 9.698782
195 56 8.879138
195 57 8.892488
195 58 10.762282
195 59 10.479260
195 60 9.113623
195 61 8.974213
195 62 9.063899
195 63 10.827602
195 64 9.231845
195 65 9.157114
195 66 10.477604
195 67 10.239611
195 68 10.480646
195 69 9.694998
195 70 10.877569
195 71 9.788282
195 72 10.046848
195 73 10.321661
195 74 8.369585
195 75 9.846691
195 76 10.321260
195 77 9.182060
195 78 8.396812
195 79 10.721537
195 80 10.155853
195 81 9.041516
195 82 8.483420
195 83 9.975637
195 84 9.458094
195 85 9.635645
195 86 9.143974
195 87 8.996320
195 88 8.341690
195 89 8.651039
195 90 10.744155
195 91 9.973449
195 92 9.218475
195 93 10.428368
195 94 8.888819
195 95 9.215425
195 96 9.559678
195 97 8.653083
195 98 8.887393
195 99 8.746839
195 100 9.443044
195 101 9.139651
195 102 8.932476
195 103 10.779128
195 104 10.748757
195 105 8.909806
195 106 10.435715
195 107 8.604945
195 108 9.561683
195 109 9.495462
195 110 8.639988
195 111 10.020003
195 112 9.744209
195 113 10.306768
195 114 9.123969
195 115 8.458382
195 116 9.530279
195 117 9.728131
195 118 10.984264
195 119 10.287685
195 120 8.937770
195 121 10.625229
195 122 9.289524
195 123 9.503653
195 124 10.699653
195 125 9.905619
195 126 10.041339
195 127 10.911627
195 128 9.405868
195 129 8.397895
195 130 8.345730
195 131 8.367541
195 132 9.267269
195 133 11.065148
195 134 9.395241
195 135 10.823693
195 136 10.020059
195 137 9.120228
195 138 9.689696
195 139 10.300159
195 140 9.869128
195 141 11.061884
195 142 9.991862
195 143 8.697579
195 144 9.508322
195 145 9.128353
195 146 9.618385
195 147 9.546426
195 148 9.596536
195 149 9.361591
195 150 9.169326
195 151 8.421652
195 152 10.427646
195 153 9.906748
195 154 10.353327
195 155 10.377707
195 156 10.230929
195 157 10.541262
195 158 9.972438
195 159 9.344918
195 160 8.860802
195 161 10.376366
195 162 10.724108
195 163 9.930349
195 164 10.178995
195 165 8.977691
195 166 9.981697
195 167 10.743811
195 168 8.921931
195 169 10.370849
195 170 9.779213
195 171 10.542698
195 172 8.919348
195 173 8.666418
195 174 10.718034
195 175 8.830862
195 176 10.876866
195 177 10.753240
195 178 10.022460
195 179 8.594767
195 180 9.036698
195 181 9.647839
195 182 9.384274
195 183 10.302687
195 184 9.667942
195 185 8.653234
195 186 10.362858
195 187 9.237905
195 188 10.843226
195 189 9.117471
195 190 8.488540
195 191 9.077115
195 192 8.595722
195 193 9.032993
195 194 10.059906
195 195 0.000000
195 196 8.572137
195 197 8.752906
195 198 10.398095
195 199 10.300625
195 200 11.110694
196 0 8.813490
196 1 9.286084
196 2 10.092766
196 3 9.113172
196 4 8.723214
196 5 10.180435
196 6 10.766271
196 7 11.073836
196 8 10.116519
196 9 9.157625
196 10 8.442234
196 11 8.963325
196 12 10.117079
196 13 8.700805
196 14 9.562244
196 15 9.720727
196 16 10.663462
196 17 8.933890
196 18 8.564033
196 19 8.916842
196 20 9.431888
196 21 9.197169
196 22 9.684291
196 23 10.086346
196 24 9.522369
196 25 9.143454
196 26 8.454816
196 27 10.123952
196 28 10.992959
196 29 8.447618
196 30 8.944200
196 31 10.311971
196 32 10.606914
196 33 9.976227
196 34 8.983769
196 35 10.652372
196 36 10.190329
196 37 8.871496
196 38 9.486123
196 39 10.553482
196 40 8.451013
196 41 8.714746
196 42 8.992131
196 43 10.133737
196 44 9.710348
196 45 10.163555
196 46 8.517252
196 47 9.279803
196 48 9.574004
196 49 10.757333
196 50 11.048582
196 51 9.595480
196 52 9.420476
196 53 8.970745
196 54 10.735251
196 55 10.024756
196 56 10.179130
196 57 10.552620
196 58 8.772026
196 59 10.950045
196 60 11.101617
196 61 9.391018
196 62 9.232300
196 63 9.453808
196 64 11.000232
196 65 8.962594
196 66 10.007203
196 67 9.736658
196 68 9.337134
196 69 8.972334
196 70 8.970563
196 71 10.729789
196 72 9.078675
196 73 8.354251
196 74 9.877045
196 75 9.569729
196 76 10.967200
196 77 9.419320
196 78 8.358695
196 79 9.166504
196 80 10.511026
196 81 10.646250
196 82 10.842059
196 83 10.256029
196 84 9.847927
196 85 10.102998
196 86 11.062209
196 87 10.225723
196 88 8.601528
196 89 10.271803
196 90 11.048571
196 91 10.279356
196 92 9.329857
196 93 9.357917
196 94 8.919372
196 95 9.411933
196 96 9.783556
196 97 8.690007
196 98 9.448374
196 99 9.136670
196 100 10.096358
196 101 9.152322
196 102 10.568173
196 103 11.029971
196 104 9.936301
196 105 9.267257
196 106 9.172101
196 107 9.878784
196 108 8.966539
196 109 9.780868
196 110 9.145107
196 111 9.477470
196 112 9.152576
196 113 10.513121
196 114 9.433097
196 115 10.935928
196 116 9.561926
196 117 9.234770
196 118 10.733080
196 119 10.226811
196 120 8.444841
196 121 11.045243
196 122 10.985299
196 123 10.113998
196 124 8.456394
196 125 9.615344
196 126 10.489535
196 127 9.122263
196 128 8.567547
196 129 9.858040
196 130 8.564673
196 131 8.885929
196 132 10.231013
196 133 10.902781
196 134 8.405284
196 135 9.222737
196 136 10.000448
196 137 8.994869
196 138 9.659210
196 139 9.787499
196 140 10.472580
196 141 10.344522
196 142 10.311660
196 143 8.587886
196 144 9.880127
196 145 9.594466
196 146 10.841048
196 147 10.853378
196 148 11.093711
196 149 10.494649
196 150 10.945124
196 151 9.066985
196 152 10.323567
196 153 10.939267
196 154 8.643961
196 155 9.009127
196 156 9.583339
196 157 9.460998
196 158 9.008825
196 159 9.224693
196 160 10.268727
196 161 10.563834
196 162 9.527153
196 163 9.697637
196 164 8.523762
196 165 8.880385
196 166 9.691514
196 167 10.228369
196 168 9.718466
196 169 9.385671
196 170 8.339017
196 171 9.142822
196 172 10.390225
196 173 8.787828
196 174 10.573142
196 175 8.856646
196 176 8.656039
196 177 10.733177
196 178 10.366942
196 179 10.206380
196 180 10.889079
196 181 10.362326
196 182 8.587339
196 183 9.201372
196 184 8.534917
196 185 10.161368
196 186 8.971500
196 187 8.959910
196 188 10.305453
196 189 10.569342
196 190 8.629268
196 191 9.808978
196 192 9.551283
196 193 9.151003
196 194 11.109897
196 195 8.572137
196 196 0.000000
196 197 9.192108
196 198 10.285150
196 199 10.896972
196 200 10.776100
197 0 8.923690
197 1 9.981335
197 2 10.348699
197 3 10.612480
197 4 8.878882
197 5 9.177415
197 6 10.181067
197 7 10.444201
197 8 10.546577
197 9 10.940784
197 10 8.707041
197 11 8.493146
197 12 10.521068
197 13 10.914745
197 14 11.001655
197 15 9.811252
197 16 9.193661
197 17 10.439904
197 18 8.670636
197 19 9.695445
197 20 10.644150
197 21 8.341395
197 22 9.966430
197 23 8.687499
197 24 9.296721
197 25 10.306931
197 26 10.179462
197 27 10.969292
197 28 10.175190
197 29 8.883814
197 30 11.051062
197 31 10.611877
197 32 10.955025
197 33 9.021872
197 34 9.637315
197 35 9.990582
197 36 9.373863
197 37 10.806103
197 38 9.238530
197 39 10.243253
197 40 8.401663
197 41 10.384126
197 42 10.122881
197 43 8.891659
197 44 10.347811
197 45 9.249845
197 46 10.202922
197 47 10.792905
197 48 10.065351
197 49 10.871012
197 50 10.388939
197 51 10.441880
197 52 8.540280
197 53 10.574569
197 54 9.219133
197 55 9.793217
197 56 9.120660
197 57 9.045540
197 58 8.782638
197 59 10.653328
197 60 8.438888
197 61 10.740762
197 62 8.663229
197 63 11.109359
197 64 9.627198
197 65 10.298684
197 66 10.587160
197 67 9.214980
197 68 9.410310
197 69 9.507394
197 70 10.095197
197 71 10.427239
197 72 9.687957
197 73 10.682627
197 74 8.400258
197 75 10.005466
197 76 8.365160
197 77 10.957575
197 78 10.750559
197 79 9.506154
197 80 9.146374
197 81 10.716057
197 82 9.084445
197 83 9.623813
197 84 9.484162
197 85 9.976319
197 86 8.674438
197 87 10.460460
197 88 9.170310
197 89 9.702369
197 90 10.759817
197 91 8.696980
197 92 10.585493
197 93 9.822993
197 94 9.625566
197 95 8.444280
197 96 10.936635
197 97 9.615586
197 98 9.774421
197 99 9.325968
197 100 8.790833
197 101 9.664440
197 102 9.436065
197 103 8.426745
197 104 10.471109
197 105 9.665533
197 106 8.733569
197 107 9.723130
197 108 10.099929
197 109 11.099972
197 110 11.086312
197 111 11.051572
197 112 11.033292
197 113 9.902167
197 114 8.963591
197 115 10.498488
197 116 9.554584
197 117 9.328543
197 118 10.285894
197 119 10.967580
197 120 8.833216
197 121 9.814544
197 122 9.044807
197 123 10.774917
197 124 9.304169
197 125 10.509860
197 126 9.958852
197 127 10.335439
197 128 10.849756
197 129 8.953833
197 130 10.546268
197 131 9.779625
197 132 9.401219
197 133 8.823009
197 134 10.523248
197 135 8.827555
197 136 9.783748
197 137 8.541643
197 138 10.273968
197 139 10.999637
197 140 10.225347
197 141 9.362728
197 142 9.349422
197 143 9.062477
197 144 9.587937
197 145 10.282534
197 146 9.030913
197 147 9.358003
197 148 9.284881
197 149 10.233582
197 150 8.403757
197 151 9.643802
197 152 10.273394
197 153 10.889871
197 154 8.981507
197 155 9.746740
197 156 8.656138
197 157 8.336328
197 158 9.574436
197 159 9.619425
197 160 9.740606
197 161 10.566222
197 162 10.488821
197 163 10.981356
197 164 9.129463
197 165 9.259046
197 166 9.790191
197 167 10.604631
197 168 10.685865
197 169 10.865687
197 170 8.439368
197 171 9.666099
197 172 9.400720
197 173 9.832070
197 174 10.310321
197 175 9.738200
197 176 9.141282
197 177 8.981750
197 178 10.038366
197 179 11.098301
197 180 9.806822
197 181 8.870926
197 182 9.870111
197 183 10.788352
197 184 10.021498
197 185 9.903493
197 186 10.172488
197 187 8.621286
197 188 9.154985
197 189 9.914757
197 190 8.474134
197 191 10.919594
197 192 8.476696
197 193 8.808389
197 194 9.075189
197 195 8.752906
197 196 9.192108
197 197 0.000000
197 198 10.434193
197 199 8.380183
197 200 9.986542
198 0 9.393334
198 1 9.226489
198 2 10.796885
198 3 11.103293
198 4 9.180658
198 5 9.401925
198 6 8.384627
198 7 9.085697
198 8 9.131424
198 9 9.189452
198 10 9.377927
198 11 9.161247
198 12 8.982611
198 13 10.863107
198 14 8.614756
198 15 10.427772
198 16 10.625799
198 17 8.532912
198 18 8.715668
198 19 10.154372
198 20 10.703442
198 21 9.005914
198 22 8.561618
198 23 8.896400
198 24 10.520958
198 25 8.939240
198 26 9.632517
198 27 9.362004
198 28 9.306918
198 29 9.856736
198 30 8.377472
198 31 10.686908
198 32 9.862607
198 33 9.739235
198 34 10.746151
198 35 8.927956
198 36 10.178289
198 37 8.973678
198 38 9.325474
198 39 9.107507
198 40 9.414276
198 41 9.307870
198 42 9.539359
198 43 8.998376
198 44 10.223130
198 45 8.864740
198 46 8.898980
198 47 10.951215
198 48 9.486986
198 49 10.151314
198 50 9.351812
198 51 11.078842
198 52 8.752015
198 53 10.255305
198 54 9.292229
198 55 9.090138
198 56 9.260445
198 57 9.536262
198 58 8.467834
198 59 10.298709
198 60 9.733972
198 61 9.272013
198 62 9.183764
198 63 9.369392
198 64 9.243151
198 65 10.070199
198 66 10.032500
198 67 10.372700
198 68 9.966923
198 69 10.260479
198 70 9.792667
198 71 10.990484
198 72 8.593765
198 73 11.072131
198 74 10.352883
198 75 8.528200
198 76 9.419895
198 77 10.759483
198 78 9.064862
198 79 10.764586
198 80 8.933869
198 81 8.639245
198 82 8.927661
198 83 9.965684
198 84 8.651450
198 85 9.505517
198 86 8.542701
198 87 10.689035
198 88 11.011163
198 89 10.027685
198 90 10.662579
198 91 10.214309
198 92 10.109522
198 93 9.547301
198 94 8.425149
198 95 9.671509
198 96 10.197667
198 97 9.806829
198 98 10.505695
198 99 10.308067
198 100 10.479743
198 101 9.970892
198 102 10.691377
198 103 9.611343
198 104 10.148488
198 105 11.011824
198 106 10.034649
198 107 10.034875
198 108 9.275813
198 109 8.990851
198 110 10.397046
198 111 8.428810
198 112 9.067887
198 113 10.037622
198 114 8.507257
198 115 9.218009
198 116 10.038613
198 117 8.764589
198 118 9.576887
198 119 9.738340
198 120 8.557897
198 121 8.635690
198 122 10.998169
198 123 8.439729
198 124 8.373842
198 125 10.820291
198 126 9.990824
198 127 9.370589
198 128 9.935636
198 129 10.851347
198 130 10.429714
198 131 10.999037
198 132 8.422165
198 133 11.069982
198 134 9.332810
198 135 8.904727
198 136 10.751860
198 137 10.159048
198 138 10.610891
198 139 8.903512
198 140 9.533305
198 141 10.397550
198 142 9.244686
198 143 8.404706
198 144 9.785203
198 145 10.429941
198 146 10.001321
198 147 10.954163
198 148 10.684787
198 149 9.227681
198 150 10.366971
198 151 10.093363
198 152 9.951213
198 153 9.643708
198 154 9.705416
198 155 10.367106
198 156 10.972041
198 157 9.141374
198 158 11.082051
198 159 9.354817
198 160 11.058172
198 161 8.720344
198 162 11.002715
198 163 8.936490
198 164 8.608230
198 165 9.881809
198 166 10.191070
198 167 11.099937
198 168 10.443557
198 169 9.000604
198 170 9.430918
198 171 10.549183
198 172 9.175006
198 173 10.843245
198 174 10.350551
198 175 11.002230
198 176 8.744185
198 177 10.254760
198 178 11.070407
198 179 8.667143
198 180 10.508316
198 181 9.048654
198 182 9.294269
198 183 10.009562
198 184 10.694870
198 185 11.088783
198 186 9.940532
198 187 10.643232
198 188 9.222632
198 189 9.317163
198 190 10.939798
198 191 8.657653
198 192 9.910926
198 193 8.608140
198 194 9.154978
198 195 10.398095
198 196 10.285150
198 197 10.434193
198 198 0.000000
198 199 8.918005
198 200 8.651473
199 0 9.379349
199 1 10.135287
199 2 9.915930
199 3 8.411730
199 4 10.314666
199 5 10.596014
199 6 9.084763
199 7 9.861751
199 8 9.616722
199 9 10.852363
199 10 10.917776
199 11 10.147417
199 12 8.915546
199 13 8.561007
199 14 9.111470
199 15 9.758148
199 16 8.374277
199 17 11.042454
199 18 10.317012
199 19 10.271667
199 20 10.598559
199 21 10.090256
199 22 8.854377
199 23 9.050690
199 24 10.719429
199 25 10.285777
199 26 10.032369
199 27 8.695390
199 28 11.012582
199 29 10.290392
199 30 11.096864
199 31 9.217871
199 32 10.056018
199 33 9.115477
199 34 9.949300
199 35 8.698931
199 36 8.624813
199 37 9.257054
199 38 11.074532
199 39 8.864301
199 40 9.760662
199 41 8.387716
199 42 10.282081
199 43 10.499852
199 44 8.351327
199 45 10.161302
199 46 10.808175
199 47 10.156732
199 48 9.424316
199 49 8.949309
199 50 8.505021
199 51 9.448173
199 52 9.001559
199 53 9.893938
199 54 10.257192
199 55 10.761251
199 56 10.218290
199 57 10.408140
199 58 9.341437
199 59 8.847645
199 60 8.648002
199 61 9.573701
199 62 8.482969
199 63 10.286197
199 64 8.518350
199 65 9.620221
199 66 9.843619
199 67 8.391335
199 68 9.255443
199 69 8.830636
199 70 9.191678
199 71 10.141860
199 72 9.748016
199 73 9.240572
199 74 10.253364
199 75 10.393808
199 76 10.132484
199 77 9.231078
199 78 10.443859
199 79 10.304916
199 80 9.306419
199 81 9.915163
199 82 8.818480
199 83 9.245798
199 84 9.311644
199 85 9.218136
199 86 10.238193
199 87 9.932082
199 88 9.469673
199 89 10.226727
199 90 10.207747
199 91 8.391927
199 92 8.989226
199 93 8.569482
199 94 8.436706
199 95 8.800079
199 96 11.033660
199 97 9.759982
199 98 10.823317
199 99 8.573098
199 100 10.871576
199 101 8.913454
199 102 10.056661
199 103 8.616002
199 104 10.014801
199 105 9.914771
199 106 9.632219
199 107 10.624367
199 108 9.846340
199 109 8.404802
199 110 9.997098
199 111 10.967012
199 112 8.409980
199 113 8.489801
199 114 11.017275
199 115 10.911790
199 116 10.359752
199 117 9.401583
199 118 10.679202
199 119 10.475634
199 120 8.394003
199 121 10.497548
199 122 8.406577
199 123 10.259064
199 124 9.214888
199 125 8.681013
199 126 8.493155
199 127 9.503372
199 128 10.071047
199 129 9.728488
199 130 10.140633
199 131 9.040264
199 132 10.509877
199 133 8.412820
199 134 9.326198
199 135 9.190895
199 136 10.593232
199 137 10.448132
199 138 8.914561
199 139 8.451440
199 140 10.955878
199 141 8.653878
199 142 9.061084
199 143 8.707463
199 144 10.267793
199 145 8.759180
199 146 10.342914
199 147 8.391420
199 148 9.790572
199 149 9.938690
199 150 10.033481
199 151 10.481338
199 152 9.354917
199 153 9.184947
199 154 8.455730
199 155 9.101517
199 156 10.939352
199 157 9.344430
199 158 8.429695
199 159 9.679127
199 160 9.460940
199 161 11.097289
199 162 10.137647
199 163 10.061396
199 164 10.368210
199 165 9.611960
199 166 8.928447
199 167 8.809340
199 168 8.781480
199 169 8.961133
199 170 8.391181
199 171 10.345473
199 172 8.658751
199 173 9.685917
199 174 8.982564
199 175 9.630160
199 176 9.457051
199 177 9.394970
199 178 8.508332
199 179 9.423266
199 180 9.385422
199 181 8.731637
199 182 10.629636
199 183 8.442626
199 184 8.371007
199 185 9.536295
199 186 9.102620
199 187 9.472353
199 188 10.797689
199 189 9.040046
199 190 10.972806
199 191 10.455149
199 192 10.692515
199 193 9.488991
199 194 10.529263
199 195 10.300625
199 196 10.896972
199 197 8.380183
199 198 8.918005
199 199 0.000000
199 200 9.869029
200 0 8.787283
200 1 9.781832
200 2 11.053488
200 3 8.842966
200 4 9.302748
200 5 9.460759
200 6 10.762308
200 7 8.461438
200 8 9.919035
200 9 10.174911
200 10 10.713684
200 11 9.056931
200 12 9.077939
200 13 10.526905
200 14 9.845502
200 15 10.691641
200 16 10.139432
200 17 10.736696
200 18 11.047956
200 19 10.666940
200 20 8.549478
200 21 10.864935
200 22 8.805762
200 23 10.780378
200 24 9.271117
200 25 8.582952
200 26 9.157928
200 27 10.737374
200 28 9.197441
200 29 11.011663
200 30 10.696301
200 31 10.683976
200 32 8.837070
200 33 8.637116
200 34 8.834192
200 35 11.013782
200 36 10.178626
200 37 8.564802
200 38 10.639309
200 39 9.836763
200 40 9.661581
200 41 10.219537
200 42 8.974710
200 43 9.501702
200 44 10.482354
200 45 9.133890
200 46 9.017353
200 47 8.455603
200 48 8.875366
200 49 8.879090
200 50 11.027906
200 51 10.962705
200 52 10.560083
200 53 10.765349
200 54 10.697153
200 55 10.582458
200 56 10.892501
200 57 9.971276
200 58 10.834016
200 59 8.439441
200 60 9.733329
200 61 8.814154
200 62 8.509402
200 63 9.142109
200 64 8.361081
200 65 9.175378
200 66 10.707399
200 67 10.540367
200 68 9.267587
200 69 10.663065
200 70 9.778110
200 71 9.869347
200 72 8.612694
200 73 8.551567
200 74 10.569315
200 75 9.455666
200 76 10.565043
200 77 9.975474
200 78 8.475427
200 79 8.825047
200 80 10.941568
200 81 10.156224
200 82 10.642836
200 83 10.314327
200 84 10.895576
200 85 9.929680
200 86 8.847425
200 87 8.850523
200 88 8.913832
200 89 9.707635
200 90 9.140740
200 91 11.098706
200 92 10.135917
200 93 9.802557
200 94 9.342386
200 95 10.743013
200 96 10.587762
200 97 10.340886
200 98 10.313241
200 99 8.940259
200 100 9.407036
200 101 9.778669
200 102 9.734861
200 103 10.076258
200 104 10.344019
200 105 10.315805
200 106 9.379316
200 107 10.406036
200 108 10.937218
200 109 11.030110
200 110 11.044295
200 111 8.502951
200 112 9.159514
200 113 10.259519
200 114 8.769584
200 115 9.957881
200 116 9.384457
200 117 9.319128
200 118 9.118392
200 119 10.261553
200 120 10.716695
200 121 8.581874
200 122 9.622920
200 123 9.938590
200 124 9.059603
200 125 10.072080
200 126 8.351376
200 127 10.999956
200 128 8.442281
200 129 10.408235
200 130 8.517104
200 131 10.764860
200 132 9.856331
200 133 8.617847
200 134 10.609196
200 135 10.379621
200 136 8.599283
200 137 8.954264
200 138 8.968183
200 139 9.730187
200 140 9.698464
200 141 11.091828
200 142 8.521341
200 143 9.286539
200 144 9.565883
200 145 9.752229
200 146 9.663363
200 147 8.470513
200 148 10.970947
200 149 9.178056
200 150 10.599796
200 151 9.566783
200 152 8.444057
200 153 8.333561
200 154 10.589701
200 155 9.342490
200 156 9.278502
200 157 9.832314
200 158 10.729213
200 159 10.790093
200 160 9.893853
200 161 9.803442
200 162 11.082137
200 163 10.003406
200 164 8.464784
200 165 10.587422
200 166 10.073545
200 167 10.481095
200 168 10.110128
200 169 8.379907
200 170 9.617903
200 171 9.685019
200 172 9.460746
200 173 9.677058
200 174 9.818127
200 175 9.824007
200 176 10.428488
200 177 9.246571
200 178 8.647489
200 179 10.212240
200 180 9.797517
200 181 10.910979
200 182 9.605149
200 183 9.004701
200 184 9.150454
200 185 10.009527
200 186 8.556456
200 187 8.909302
200 188 8.512301
200 189 9.940521
200 190 9.883522
200 191 9.918538
200 192 10.028890
200 193 10.782892
200 194 10.196873
200 195 11.110694
200 196 10.776100
200 197 9.986542
200 198 8.651473
200 199 9.869029
200 200 0.000000
