# i j distance_m; 200.30new.1 keeps 150 points from 200.30.1 and adds 50 OSM points in 20-30 mile ring
0 0 0.000
0 1 41631.560
0 2 24075.300
0 3 8722.100
0 4 23352.500
0 5 27832.500
0 6 19316.000
0 7 32587.363
0 8 44774.597
0 9 19154.800
0 10 21377.200
0 11 21330.000
0 12 24432.800
0 13 19775.400
0 14 24593.100
0 15 43340.279
0 16 19529.700
0 17 13675.000
0 18 27063.891
0 19 28145.700
0 20 44709.016
0 21 43342.860
0 22 43065.387
0 23 19118.400
0 24 26929.400
0 25 1886.400
0 26 45418.105
0 27 24929.700
0 28 27255.000
0 29 5603.600
0 30 44418.618
0 31 28353.600
0 32 26349.800
0 33 25266.720
0 34 12589.400
0 35 18150.000
0 36 45277.688
0 37 24659.325
0 38 19264.600
0 39 17378.500
0 40 12602.100
0 41 23106.400
0 42 24395.100
0 43 20429.600
0 44 12253.100
0 45 24618.794
0 46 24439.600
0 47 28565.200
0 48 18060.800
0 49 26171.300
0 50 14639.200
0 51 23545.900
0 52 19169.900
0 53 22885.100
0 54 16141.900
0 55 20817.600
0 56 19362.700
0 57 30902.068
0 58 15520.300
0 59 23541.700
0 60 30871.677
0 61 33889.646
0 62 17544.300
0 63 29838.977
0 64 19979.800
0 65 21220.800
0 66 24295.400
0 67 26673.057
0 68 18778.000
0 69 17585.100
0 70 25501.300
0 71 21417.900
0 72 31685.961
0 73 28661.273
0 74 7306.000
0 75 6280.000
0 76 3647.400
0 77 25031.500
0 78 18442.100
0 79 17689.100
0 80 13503.200
0 81 16088.400
0 82 21478.200
0 83 26698.207
0 84 15937.600
0 85 22282.500
0 86 20579.300
0 87 30205.445
0 88 28839.858
0 89 21269.200
0 90 20490.000
0 91 29952.800
0 92 24043.800
0 93 19786.300
0 94 22894.500
0 95 24683.112
0 96 14048.400
0 97 5134.800
0 98 24515.700
0 99 22328.100
0 100 43400.629
0 101 22785.600
0 102 19091.300
0 103 10844.100
0 104 29458.400
0 105 21695.100
0 106 16942.300
0 107 25821.175
0 108 21590.900
0 109 24790.412
0 110 21141.300
0 111 23470.400
0 112 25926.078
0 113 25293.700
0 114 31320.278
0 115 43628.297
0 116 43037.387
0 117 19073.300
0 118 19390.600
0 119 9964.200
0 120 22972.700
0 121 26015.500
0 122 16027.600
0 123 25852.646
0 124 26741.200
0 125 16531.100
0 126 43413.524
0 127 31326.660
0 128 19727.300
0 129 28542.774
0 130 25640.900
0 131 23696.500
0 132 14535.100
0 133 20629.100
0 134 22593.400
0 135 40540.286
0 136 21416.400
0 137 18400.500
0 138 19441.500
0 139 22756.100
0 140 18956.700
0 141 31573.718
0 142 21158.200
0 143 26248.200
0 144 10803.900
0 145 12885.600
0 146 16707.000
0 147 6447.100
0 148 13535.500
0 149 16209.300
0 150 27575.188
0 151 17599.600
0 152 20787.300
0 153 16751.700
0 154 26705.800
0 155 20130.500
0 156 28648.374
0 157 43339.390
0 158 23394.600
0 159 33111.420
0 160 22977.700
0 161 29832.064
0 162 36684.515
0 163 12141.900
0 164 19845.100
0 165 10532.500
0 166 24486.900
0 167 27301.515
0 168 18801.500
0 169 17698.600
0 170 19694.100
0 171 38275.366
0 172 26306.500
0 173 16316.300
0 174 24867.300
0 175 17098.700
0 176 36651.582
0 177 12539.000
0 178 19362.300
0 179 14673.200
0 180 6447.700
0 181 19936.000
0 182 44673.402
0 183 24510.000
0 184 19730.700
0 185 16975.600
0 186 17930.100
0 187 15302.500
0 188 44107.464
0 189 12775.600
0 190 4415.900
0 191 24231.600
0 192 12192.700
0 193 23941.200
0 194 22569.600
0 195 14570.000
0 196 30205.007
0 197 21837.300
0 198 20692.900
0 199 6838.900
0 200 26054.300
1 0 41631.560
1 1 0.000
1 2 45944.111
1 3 45739.917
1 4 36123.052
1 5 50108.161
1 6 21070.110
1 7 68902.130
1 8 3919.998
1 9 29296.642
1 10 56828.749
1 11 21919.765
1 12 49786.621
1 13 57710.977
1 14 33650.332
1 15 3583.626
1 16 42001.582
1 17 34338.667
1 18 56458.106
1 19 67397.225
1 20 3443.063
1 21 3577.478
1 22 1698.873
1 23 30126.262
1 24 46352.056
1 25 40193.221
1 26 3789.016
1 27 43953.488
1 28 69462.447
1 29 39499.934
1 30 2814.072
1 31 44670.577
1 32 68308.498
1 33 39852.667
1 34 56073.393
1 35 60825.575
1 36 3646.131
1 37 39605.119
1 38 54270.172
1 39 49664.342
1 40 52945.229
1 41 16358.796
1 42 66203.901
1 43 21048.992
1 44 54999.311
1 45 34426.037
1 46 32489.000
1 47 50592.717
1 48 56573.250
1 49 54057.985
1 50 51474.126
1 51 54186.348
1 52 55941.223
1 53 50894.239
1 54 38057.793
1 55 49233.114
1 56 53187.914
1 57 72149.513
1 58 30702.313
1 59 31951.281
1 60 72353.292
1 61 66751.409
1 62 50938.363
1 63 29215.303
1 64 37132.458
1 65 32990.462
1 66 32738.576
1 67 67993.971
1 68 35295.020
1 69 48027.189
1 70 14620.073
1 71 28581.305
1 72 41806.632
1 73 54630.047
1 74 39851.939
1 75 41124.709
1 76 40791.086
1 77 67464.747
1 78 19793.340
1 79 27769.723
1 80 51958.542
1 81 28400.924
1 82 32789.488
1 83 32993.397
1 84 53003.646
1 85 19411.151
1 86 19251.459
1 87 55918.534
1 88 48533.513
1 89 55807.159
1 90 43295.445
1 91 69729.295
1 92 46240.869
1 93 43379.501
1 94 65586.766
1 95 39230.263
1 96 34956.777
1 97 38085.573
1 98 46144.227
1 99 30967.015
1 100 3592.717
1 101 63439.807
1 102 48530.198
1 103 48117.430
1 104 51671.546
1 105 17645.259
1 106 46648.166
1 107 66712.389
1 108 57859.646
1 109 38950.537
1 110 29055.238
1 111 48495.812
1 112 67047.144
1 113 49686.996
1 114 35819.783
1 115 2016.623
1 116 1686.138
1 117 55937.090
1 118 58720.504
1 119 49697.472
1 120 59505.229
1 121 48587.507
1 122 50484.071
1 123 56415.632
1 124 69117.407
1 125 26456.542
1 126 3596.058
1 127 65428.068
1 128 47693.116
1 129 38726.511
1 130 44431.299
1 131 32099.360
1 132 34418.770
1 133 37470.081
1 134 17623.887
1 135 1100.671
1 136 32422.507
1 137 57405.668
1 138 56993.490
1 139 20617.773
1 140 58202.298
1 141 60817.920
1 142 29965.346
1 143 46840.994
1 144 54046.292
1 145 30576.792
1 146 37759.014
1 147 36600.574
1 148 33149.247
1 149 57078.687
1 150 38848.403
1 151 38076.710
1 152 57474.447
1 153 52768.193
1 154 68972.916
1 155 30977.380
1 156 68013.072
1 157 3596.554
1 158 50292.353
1 159 53718.866
1 160 20525.840
1 161 62206.083
1 162 47584.310
1 163 30624.996
1 164 20946.706
1 165 32771.803
1 166 63927.325
1 167 35329.337
1 168 57090.948
1 169 53239.265
1 170 60732.470
1 171 79848.626
1 172 66887.535
1 173 54154.936
1 174 64433.477
1 175 28198.221
1 176 49868.574
1 177 55679.469
1 178 20274.488
1 179 33644.600
1 180 36236.146
1 181 32441.727
1 182 3068.485
1 183 15384.532
1 184 48496.938
1 185 33661.274
1 186 23388.715
1 187 54360.426
1 188 2716.537
1 189 30126.184
1 190 44423.979
1 191 32653.969
1 192 53943.384
1 193 65728.091
1 194 19398.542
1 195 30949.614
1 196 56896.113
1 197 57641.425
1 198 31943.606
1 199 47205.561
1 200 66786.348
2 0 25679.200
2 1 45944.111
2 2 0.000
2 3 30155.200
2 4 33852.400
2 5 45141.500
2 6 23875.100
2 7 45637.984
2 8 48016.021
2 9 27690.500
2 10 43008.400
2 11 20999.800
2 12 44582.300
2 13 13392.600
2 14 31746.700
2 15 48674.072
2 16 35454.800
2 17 11690.000
2 18 43428.730
2 19 31787.000
2 20 48249.053
2 21 48673.464
2 22 46941.026
2 23 27654.000
2 24 4198.300
2 25 22349.600
2 26 49428.931
2 27 3330.700
2 28 49863.500
2 29 26477.000
2 30 48399.924
2 31 5277.200
2 32 31209.800
2 33 41875.740
2 34 18888.500
2 35 26321.900
2 36 49344.710
2 37 41259.521
2 38 40895.800
2 39 4377.700
2 40 15995.600
2 41 27665.500
2 42 29255.100
2 43 24988.700
2 44 17672.800
2 45 15216.971
2 46 18125.700
2 47 46417.400
2 48 14508.000
2 49 46320.700
2 50 36065.900
2 51 43695.400
2 52 40596.600
2 53 43034.500
2 54 31955.000
2 55 40967.000
2 56 7676.600
2 57 31131.412
2 58 18261.200
2 59 30695.200
2 60 32374.067
2 61 48648.355
2 62 5858.300
2 63 44085.298
2 64 9468.600
2 65 12966.500
2 66 31448.900
2 67 27840.612
2 68 10523.700
2 69 37734.600
2 70 30060.400
2 71 29953.600
2 72 17792.182
2 73 45492.536
2 74 28189.700
2 75 27153.400
2 76 25261.100
2 77 47639.900
2 78 23001.200
2 79 26224.700
2 80 9987.200
2 81 16265.100
2 82 12310.100
2 83 17774.096
2 84 37129.100
2 85 26033.500
2 86 25138.400
2 87 46999.952
2 88 12142.426
2 89 42900.400
2 90 37633.100
2 91 52561.200
2 92 2237.500
2 93 38661.700
2 94 45502.900
2 95 41229.855
2 96 11437.100
2 97 26008.100
2 98 772.900
2 99 30863.800
2 100 48721.641
2 101 27645.600
2 102 39240.800
2 103 32277.100
2 104 49607.800
2 105 26254.300
2 106 37091.700
2 107 25404.442
2 108 42782.500
2 109 41292.137
2 110 29676.900
2 111 42011.700
2 112 26330.001
2 113 45443.200
2 114 20332.046
2 115 47699.362
2 116 46907.511
2 117 40264.900
2 118 15837.800
2 119 32572.600
2 120 16666.600
2 121 43324.500
2 122 6989.500
2 123 42042.487
2 124 31601.300
2 125 25213.200
2 126 48732.321
2 127 45764.676
2 128 39876.700
2 129 44837.806
2 130 2658.800
2 131 30850.000
2 132 12005.100
2 133 9284.000
2 134 29828.000
2 135 44879.203
2 136 31153.500
2 137 14847.700
2 138 13844.200
2 139 22425.800
2 140 15403.900
2 141 47661.582
2 142 29693.900
2 143 1951.100
2 144 17481.200
2 145 15520.000
2 146 30922.300
2 147 19139.800
2 148 26631.100
2 149 38817.700
2 150 43937.138
2 151 31576.800
2 152 41978.800
2 153 37943.300
2 154 49314.200
2 155 13431.900
2 156 39371.939
2 157 48678.660
2 158 43544.000
2 159 50215.508
2 160 31513.300
2 161 45128.124
2 162 21198.543
2 163 21438.000
2 164 24404.200
2 165 20902.600
2 166 29592.500
2 167 16833.041
2 168 15248.700
2 169 14145.800
2 170 22318.100
2 171 42212.643
2 172 31166.500
2 173 12763.500
2 174 29973.000
2 175 25634.300
2 176 20513.491
2 177 17347.600
2 178 23921.400
2 179 27768.900
2 180 18323.600
2 181 12392.300
2 182 48633.445
2 183 29069.100
2 184 39880.200
2 185 12624.600
2 186 22489.200
2 187 10278.200
2 188 47840.721
2 189 22677.500
2 190 14498.600
2 191 31385.100
2 192 18870.000
2 193 28801.300
2 194 31105.300
2 195 15033.500
2 196 46865.574
2 197 43468.500
2 198 14755.400
2 199 29160.800
2 200 30914.400
3 0 8430.900
3 1 45739.917
3 2 30197.900
3 3 0.000
3 4 18868.500
3 5 22823.600
3 6 25438.600
3 7 25700.827
3 8 49158.009
3 9 23373.700
3 10 13146.000
3 11 26153.400
3 12 19424.000
3 13 22689.300
3 14 21683.200
3 15 47002.529
3 16 14460.100
3 17 19797.600
3 18 20068.033
3 19 20873.400
3 20 48991.425
3 21 47006.277
3 22 47281.780
3 23 23337.200
3 24 35664.200
3 25 8324.800
3 26 49512.074
3 27 31052.200
3 28 19982.700
3 29 5779.100
3 30 48553.918
3 31 33798.800
3 32 21114.300
3 33 21658.445
3 34 16787.800
3 35 13376.500
3 36 49355.591
3 37 21102.118
3 38 11433.800
3 39 22540.900
3 40 17227.300
3 41 29228.900
3 42 19159.600
3 43 26552.200
3 44 18836.200
3 45 31819.876
3 46 29263.000
3 47 23556.300
3 48 21595.600
3 49 21162.400
3 50 6224.500
3 51 18537.100
3 52 10755.100
3 53 17876.200
3 54 13231.900
3 55 15808.700
3 56 24525.100
3 57 29380.545
3 58 20343.700
3 59 20631.700
3 60 28792.755
3 61 26691.975
3 62 22706.700
3 63 28974.711
3 64 25425.100
3 65 26666.100
3 66 21385.400
3 67 25195.387
3 68 24223.200
3 69 12576.300
3 70 31623.900
3 71 22857.100
3 72 38829.663
3 73 22043.866
3 74 5143.400
3 75 4117.400
3 76 5636.000
3 77 17759.100
3 78 24564.700
3 79 19120.900
3 80 18665.600
3 81 20911.800
3 82 25514.400
3 83 33868.772
3 84 7522.800
3 85 23714.200
3 86 26701.800
3 87 23542.265
3 88 35474.454
3 89 12660.000
3 90 14245.800
3 91 22680.400
3 92 30166.400
3 93 14777.400
3 94 15622.100
3 95 21231.461
3 96 20171.000
3 97 7051.100
3 98 30638.300
3 99 21583.500
3 100 47065.844
3 101 17550.100
3 102 14082.500
3 103 2369.100
3 104 24449.500
3 105 27817.700
3 106 11933.400
3 107 25166.003
3 108 13176.200
3 109 21419.373
3 110 23899.000
3 111 18461.600
3 112 24890.705
3 113 20284.900
3 114 38526.143
3 115 47756.479
3 116 47256.655
3 117 10658.600
3 118 23554.200
3 119 3289.200
3 120 25886.600
3 121 21006.700
3 122 21189.900
3 123 18776.658
3 124 21505.800
3 125 17962.800
3 126 47079.170
3 127 24169.106
3 128 14718.400
3 129 25336.773
3 130 31763.500
3 131 20786.600
3 132 20657.700
3 133 26074.300
3 134 24025.100
3 135 44678.584
3 136 18506.500
3 137 22228.200
3 138 22355.400
3 139 27579.500
3 140 22491.400
3 141 24479.963
3 142 20877.600
3 143 32370.800
3 144 15429.100
3 145 18333.300
3 146 13797.100
3 147 13112.300
3 148 11793.300
3 149 8937.000
3 150 24305.211
3 151 14758.900
3 152 12372.500
3 153 8337.000
3 154 19433.400
3 155 24953.900
3 156 22655.794
3 157 46999.516
3 158 18385.700
3 159 27074.411
3 160 24409.500
3 161 22621.001
3 162 43682.743
3 163 13573.600
3 164 25967.700
3 165 11964.300
3 166 17214.500
3 167 34509.570
3 168 19452.700
3 169 21400.500
3 170 16122.700
3 171 34632.162
3 172 21071.000
3 173 20828.800
3 174 17595.000
3 175 18530.500
3 176 43512.578
3 177 17901.100
3 178 25484.900
3 179 12931.000
3 180 13055.300
3 181 24759.400
3 182 48808.402
3 183 30632.600
3 184 14721.900
3 185 23098.100
3 186 24052.600
3 187 20464.900
3 188 48340.740
3 189 14207.400
3 190 9560.000
3 191 21321.600
3 192 15236.300
3 193 18705.800
3 194 24001.400
3 195 20017.700
3 196 23410.171
3 197 15526.700
3 198 25516.300
3 199 7729.600
3 200 20818.900
4 0 22705.200
4 1 36123.052
4 2 34000.200
4 3 18866.300
4 4 0.000
4 5 19057.700
4 6 21301.200
4 7 34361.799
4 8 40014.790
4 9 7556.600
4 10 25769.300
4 11 27126.700
4 12 18459.400
4 13 39798.000
4 14 6147.900
4 15 36006.816
4 16 9371.100
4 17 23810.300
4 18 20581.154
4 19 40846.400
4 20 39560.754
4 21 36013.344
4 22 37820.913
4 23 7520.200
4 24 39251.700
4 25 22599.100
4 26 39483.508
4 27 35111.400
4 28 39955.700
4 29 18930.600
4 30 38732.150
4 31 37386.400
4 32 42218.200
4 33 4991.234
4 34 34708.700
4 35 34234.600
4 36 39294.933
4 37 4448.997
4 38 23656.700
4 39 39839.500
4 40 34335.900
4 41 24239.600
4 42 40017.700
4 43 22414.900
4 44 33986.900
4 45 39098.616
4 46 30236.300
4 47 20333.700
4 48 38083.500
4 49 26129.000
4 50 20581.400
4 51 23503.700
4 52 24694.200
4 53 22842.800
4 54 9269.100
4 55 20775.300
4 56 41823.700
4 57 47952.896
4 58 21317.000
4 59 5096.400
4 60 47083.696
4 61 31072.765
4 62 40005.300
4 63 10829.673
4 64 29012.600
4 65 30253.600
4 66 5850.100
4 67 43865.739
4 68 27810.800
4 69 17542.900
4 70 27486.600
4 71 8358.600
4 72 48011.609
4 73 18507.015
4 74 18270.100
4 75 17698.800
4 76 19910.300
4 77 37732.200
4 78 20536.100
4 79 10464.500
4 80 35964.200
4 81 21885.100
4 82 26487.700
4 83 40161.453
4 84 25269.700
4 85 18522.400
4 86 22564.500
4 87 19810.525
4 88 48051.605
4 89 25661.300
4 90 10899.600
4 91 42653.500
4 92 33968.700
4 93 12516.800
4 94 35595.200
4 95 4223.305
4 96 23973.300
4 97 18444.900
4 98 34440.600
4 99 6048.200
4 100 36072.022
4 101 38408.200
4 102 19049.100
4 103 22412.700
4 104 29416.100
4 105 23680.400
4 106 16900.000
4 107 44074.412
4 108 30923.100
4 109 4131.980
4 110 8082.000
4 111 15928.000
4 112 43713.034
4 113 18121.800
4 114 45276.251
4 115 37990.287
4 116 37806.810
4 117 28405.500
4 118 39413.200
4 119 23643.900
4 120 42995.300
4 121 17240.800
4 122 38488.500
4 123 20792.718
4 124 42363.900
4 125 13767.600
4 126 36085.229
4 127 30182.512
4 128 19685.000
4 129 7249.775
4 130 35822.600
4 131 5251.300
4 132 24670.400
4 133 29661.800
4 134 18833.300
4 135 35267.416
4 136 2971.200
4 137 38423.200
4 138 39464.100
4 139 28552.800
4 140 38979.300
4 141 24759.006
4 142 6140.700
4 143 36173.100
4 144 32537.700
4 145 21738.700
4 146 9053.700
4 147 23074.500
4 148 14964.900
4 149 28910.000
4 150 6392.288
4 151 9669.900
4 152 30119.500
4 153 22150.800
4 154 39406.500
4 155 25927.200
4 156 35836.759
4 157 35998.374
4 158 23352.300
4 159 18401.578
4 160 15671.200
4 161 26635.436
4 162 53986.087
4 163 14132.400
4 164 20193.200
4 165 14721.800
4 166 37187.600
4 167 41781.137
4 168 37373.500
4 169 37721.300
4 170 36980.700
4 171 51303.534
4 172 41232.500
4 173 36339.000
4 174 37568.000
4 175 11678.800
4 176 54702.360
4 177 35821.900
4 178 20709.700
4 179 16102.600
4 180 23667.000
4 181 25732.700
4 182 38962.060
4 183 25234.200
4 184 19688.500
4 185 26502.700
4 186 19915.300
4 187 37763.500
4 188 38825.848
4 189 13110.000
4 190 26668.700
4 191 5786.300
4 192 33157.100
4 193 39563.900
4 194 15729.300
4 195 24005.500
4 196 20773.074
4 197 26229.400
4 198 26489.600
4 199 25314.900
4 200 41677.000
5 0 27348.700
5 1 50108.161
5 2 45247.100
5 3 22328.700
5 4 18936.200
5 5 0.000
5 6 39662.500
5 7 25158.936
5 8 54023.997
5 9 27263.300
5 10 16065.100
5 11 42451.500
5 12 3588.400
5 13 45330.700
5 14 25572.800
5 15 49660.868
5 16 10004.800
5 17 35301.500
5 18 10145.838
5 19 39104.600
5 20 53521.011
5 21 49668.026
5 22 51805.495
5 23 27226.800
5 24 51123.100
5 25 27242.600
5 26 53313.013
5 27 46101.500
5 28 38213.900
5 29 23573.900
5 30 52623.974
5 31 49257.800
5 32 40476.300
5 33 10263.065
5 34 35912.800
5 35 31989.400
5 36 53120.462
5 37 10505.797
5 38 17120.700
5 39 42933.900
5 40 37446.300
5 41 42600.900
5 42 37772.500
5 43 40776.100
5 44 37961.200
5 45 51152.059
5 46 45561.100
5 47 804.100
5 48 40720.500
5 49 6574.200
5 50 20765.700
5 51 10066.300
5 52 21834.000
5 53 5797.800
5 54 14390.400
5 55 9037.800
5 56 44918.100
5 57 47201.153
5 58 36641.800
5 59 24521.300
5 60 45693.479
5 61 19787.384
5 62 43099.700
5 63 21981.801
5 64 40884.000
5 65 42125.000
5 66 25275.000
5 67 43672.865
5 68 39682.100
5 69 11254.200
5 70 45847.800
5 71 26746.700
5 72 59529.093
5 73 6091.248
5 74 22913.300
5 75 21933.700
5 76 24553.800
5 77 35990.400
5 78 40061.600
5 79 30171.100
5 80 39058.600
5 81 37209.800
5 82 41812.400
5 83 52587.763
5 84 22039.400
5 85 36883.600
5 86 40925.800
5 87 6658.797
5 88 57879.457
5 89 15957.100
5 90 11243.200
5 91 40911.600
5 92 45215.600
5 93 11256.000
5 94 33853.300
5 95 10878.523
5 96 35220.200
5 97 24225.400
5 98 45687.500
5 99 25473.100
5 100 49724.919
5 101 36163.000
5 102 8429.400
5 103 21834.700
5 104 8039.100
5 105 42041.600
5 106 10540.500
5 107 44832.153
5 108 29181.200
5 109 11157.883
5 110 27788.600
5 111 6247.100
5 112 44071.186
5 113 3250.800
5 114 57669.074
5 115 51908.503
5 116 51793.820
5 117 22913.200
5 118 42679.100
5 119 21902.100
5 120 48528.100
5 121 1817.000
5 122 41582.900
5 123 11410.796
5 124 40118.600
5 125 31132.200
5 126 49737.748
5 127 20086.714
5 128 8919.900
5 129 12244.183
5 130 46812.700
5 131 24676.200
5 132 36161.600
5 133 41533.200
5 134 37194.500
5 135 49307.987
5 136 22396.100
5 137 41353.200
5 138 44996.900
5 139 43877.500
5 140 41616.400
5 141 12494.208
5 142 24767.200
5 143 47420.000
5 144 35250.400
5 145 33792.300
5 146 14046.600
5 147 32030.100
5 148 23487.700
5 149 27168.200
5 150 11746.653
5 151 14095.800
5 152 28377.600
5 153 20624.400
5 154 37664.600
5 155 41251.900
5 156 29756.756
5 157 49651.081
5 158 4877.800
5 159 4263.589
5 160 35377.900
5 161 16172.476
5 162 65096.350
5 163 26743.000
5 164 38554.400
5 165 25133.600
5 166 35445.800
5 167 53910.386
5 168 38577.700
5 169 40525.500
5 170 34735.500
5 171 47001.798
5 172 39490.700
5 173 39953.800
5 174 35826.200
5 175 29911.200
5 176 65383.585
5 177 37026.100
5 178 39071.000
5 179 24625.500
5 180 31011.100
5 181 41057.400
5 182 52843.987
5 183 43595.500
5 184 8006.300
5 185 38602.000
5 186 38276.600
5 187 40857.900
5 188 52781.670
5 189 27376.800
5 190 29958.600
5 191 25211.200
5 192 34361.200
5 193 37318.600
5 194 37170.700
5 195 35476.700
5 196 7966.578
5 197 16808.600
5 198 41814.300
5 199 26854.500
5 200 39431.700
6 0 21215.800
6 1 21070.110
6 2 24277.200
6 3 24412.500
6 4 24724.600
6 5 40353.000
6 6 0.000
6 7 51950.605
6 8 23781.923
6 9 17018.200
6 10 37067.600
6 11 17257.700
6 12 39793.800
6 13 36863.300
6 14 22618.800
6 15 23447.661
6 16 30666.300
6 17 13899.000
6 18 42123.776
6 19 46290.800
6 20 23832.143
6 21 23448.014
6 22 22308.906
6 23 16981.800
6 24 29414.000
6 25 17886.200
6 26 24765.663
6 27 25131.600
6 28 45400.100
6 29 20230.100
6 30 23735.623
6 31 27548.600
6 32 44494.800
6 33 30041.573
6 34 30447.900
6 35 36295.000
6 36 24650.801
6 37 29536.374
6 38 34955.000
6 39 30782.100
6 40 30460.600
6 41 5394.200
6 42 42540.100
6 43 1578.800
6 44 30111.600
6 45 17592.293
6 46 20367.300
6 47 41628.900
6 48 35148.800
6 49 41532.300
6 50 30329.600
6 51 38906.900
6 52 34860.300
6 53 38246.000
6 54 27166.600
6 55 36178.500
6 56 36450.600
6 57 51276.397
6 58 11448.000
6 59 21567.400
6 60 51609.347
6 61 51395.749
6 62 34632.300
6 63 25206.917
6 64 19174.900
6 65 20415.900
6 66 22321.100
6 67 47171.335
6 68 17973.000
6 69 32946.100
6 70 7662.700
6 71 15825.500
6 72 26710.685
6 73 41688.183
6 74 21420.600
6 75 21970.400
6 76 20564.400
6 77 43176.500
6 78 4439.600
6 79 15429.700
6 80 30591.200
6 81 12016.100
6 82 16618.700
6 83 17517.452
6 84 31628.000
6 85 6456.700
6 86 2867.000
6 87 43211.233
6 88 30660.810
6 89 36959.600
6 90 32844.700
6 91 48097.800
6 92 24245.800
6 93 33873.300
6 94 41039.500
6 95 29274.316
6 96 14250.300
6 97 19752.200
6 98 24717.600
6 99 19071.500
6 100 23499.766
6 101 40930.600
6 102 34452.300
6 103 26534.500
6 104 44819.400
6 105 3982.900
6 106 32303.300
6 107 45759.505
6 108 37281.300
6 109 29126.967
6 110 15548.800
6 111 37223.200
6 112 46152.251
6 113 40654.700
6 114 22245.507
6 115 22976.276
6 116 22277.832
6 117 34763.700
6 118 36478.600
6 119 28109.200
6 120 40060.600
6 121 38536.000
6 122 33115.500
6 123 41557.476
6 124 44886.200
6 125 10438.400
6 126 23511.267
6 127 49438.858
6 128 35088.200
6 129 31043.907
6 130 25842.800
6 131 21722.200
6 132 14759.100
6 133 19824.100
6 134 8693.300
6 135 19972.691
6 136 22025.700
6 137 35488.500
6 138 36529.400
6 139 10393.800
6 140 36044.600
6 141 46851.443
6 142 16788.300
6 143 26450.100
6 144 28662.400
6 145 12080.700
6 146 26133.800
6 147 14676.400
6 148 21842.700
6 149 34354.400
6 150 30587.067
6 151 26788.300
6 152 36477.700
6 153 32442.100
6 154 44850.800
6 155 16058.200
6 156 49456.721
6 157 23450.652
6 158 38755.500
6 159 43200.312
6 160 11245.200
6 161 46881.928
6 162 33049.893
6 163 14957.500
6 164 4827.300
6 165 16212.000
6 166 42631.900
6 167 19698.425
6 168 35889.400
6 169 34786.600
6 170 37839.200
6 171 59596.727
6 172 44451.500
6 173 33404.300
6 174 43012.400
6 175 13145.500
6 176 34615.194
6 177 30397.500
6 178 2583.100
6 179 22980.400
6 180 13860.200
6 181 15863.700
6 182 23984.308
6 183 6797.800
6 184 35091.700
6 185 16633.700
6 186 3262.500
6 187 32390.400
6 188 23303.812
6 189 13935.100
6 190 22274.300
6 191 22257.300
6 192 30051.200
6 193 42086.200
6 194 11598.900
6 195 14136.500
6 196 43821.797
6 197 37527.700
6 198 16620.600
6 199 24697.400
6 200 44199.400
7 0 32587.363
7 1 68902.130
7 2 45637.984
7 3 25700.827
7 4 34361.799
7 5 25158.936
7 6 51950.605
7 7 0.000
7 8 72617.506
7 9 39621.098
7 10 12287.869
7 11 53293.177
7 12 23367.442
7 13 43834.816
7 14 35559.745
7 15 69439.722
7 16 27817.481
7 17 44337.832
7 18 15081.460
7 19 21087.734
7 20 72309.052
7 21 69445.176
7 22 70552.544
7 23 38817.895
7 24 50096.465
7 25 33686.270
7 26 72533.825
7 27 48674.560
7 28 19414.776
7 29 31660.918
7 30 71666.825
7 31 51545.852
7 32 23539.046
7 33 32866.784
7 34 30977.866
7 35 21352.108
7 36 72357.660
7 37 32729.302
7 38 14795.054
7 39 44948.096
7 40 33893.506
7 41 54776.156
7 42 23912.322
7 43 52862.258
7 44 31266.473
7 45 56911.434
7 46 55865.154
7 47 25337.034
7 48 37940.841
7 49 20339.224
7 50 19459.626
7 51 19144.823
7 52 13783.556
7 53 21551.786
7 54 31059.154
7 55 21332.165
7 56 46532.970
7 57 29800.875
7 58 45061.783
7 59 37508.110
7 60 27580.982
7 61 7131.816
7 62 45688.586
7 63 44738.394
7 64 48955.868
7 65 47368.065
7 66 36592.332
7 67 27945.730
7 68 50034.901
7 69 21418.661
7 70 59221.570
7 71 40802.430
7 72 62869.976
7 73 19113.902
7 74 30630.135
7 75 29568.648
7 76 31543.111
7 77 17762.629
7 78 51282.777
7 79 41132.410
7 80 39749.293
7 81 48476.666
7 82 49583.861
7 83 59128.588
7 84 18172.263
7 85 50520.852
7 86 51986.830
7 87 19010.074
7 88 57549.460
7 89 13279.212
7 90 26411.195
7 91 18514.434
7 92 43707.228
7 93 26031.640
7 94 16327.511
7 95 33097.724
7 96 42378.786
7 97 32804.722
7 98 44901.340
7 99 38107.408
7 100 69505.273
7 101 27929.783
7 102 21677.311
7 103 23520.376
7 104 24073.779
7 105 53971.203
7 106 22604.577
7 107 30410.608
7 108 12819.654
7 109 33424.075
7 110 40218.893
7 111 23245.091
7 112 29166.071
7 113 24080.461
7 114 63513.548
7 115 70883.210
7 116 70532.350
7 117 15624.869
7 118 36554.916
7 119 22892.316
7 120 40878.286
7 121 25584.931
7 122 43572.621
7 123 14141.884
7 124 25924.990
7 125 42728.826
7 126 69518.764
7 127 5230.525
7 128 22419.316
7 129 36160.121
7 130 48114.725
7 131 37155.474
7 132 45194.002
7 133 50694.013
7 134 51549.205
7 135 67919.457
7 136 37369.046
7 137 38491.284
7 138 43461.061
7 139 55747.754
7 140 37760.015
7 141 13592.269
7 142 39662.282
7 143 46884.226
7 144 31844.673
7 145 44599.786
7 146 31593.324
7 147 38560.916
7 148 36088.843
7 149 17918.842
7 150 35344.602
7 151 31506.157
7 152 14544.707
7 153 17667.341
7 154 17549.250
7 155 50121.814
7 156 8554.277
7 157 69433.452
7 158 22414.557
7 159 25067.185
7 160 48398.702
7 161 9052.911
7 162 66833.607
7 163 39613.459
7 164 50490.031
7 165 37179.212
7 166 19516.442
7 167 59492.211
7 168 35344.773
7 169 35878.076
7 170 26812.142
7 171 24593.790
7 172 21775.329
7 173 36710.768
7 174 20249.641
7 175 40860.484
7 176 66067.918
7 177 31777.301
7 178 51269.369
7 179 36090.477
7 180 39258.481
7 181 48202.936
7 182 71913.190
7 183 56518.258
7 184 22075.603
7 185 47500.236
7 186 48945.606
7 187 41975.034
7 188 71604.906
7 189 39857.175
7 190 34178.544
7 191 36900.095
7 192 30434.130
7 193 25172.822
7 194 49504.594
7 195 46071.084
7 196 17673.176
7 197 11260.889
7 198 51419.902
7 199 29384.659
7 200 26787.205
8 0 44774.597
8 1 3919.998
8 2 48016.021
8 3 49158.009
8 4 40014.790
8 5 54023.997
8 6 23781.923
8 7 72617.506
8 8 0.000
8 9 33052.771
8 10 60500.060
8 11 24284.851
8 12 53687.167
8 13 59859.295
8 14 37472.499
8 15 5833.190
8 16 45848.825
8 17 36867.557
8 18 60307.332
8 19 70572.692
8 20 829.195
8 21 5824.191
8 22 2233.538
8 23 33897.259
8 24 48095.842
8 25 43334.357
8 26 2393.075
8 27 45822.852
8 28 72699.542
8 29 42873.540
8 30 2047.627
8 31 46311.319
8 32 71403.408
8 33 43769.946
8 34 58895.420
8 35 64012.612
8 36 2488.811
8 37 43520.059
8 38 57943.150
8 39 51750.502
8 40 55655.581
8 41 19298.876
8 42 69279.017
8 43 23596.520
8 44 57819.018
8 45 35673.583
8 46 33886.983
8 47 54510.390
8 48 59041.204
8 49 57957.789
8 50 54982.691
8 51 58074.186
8 52 59558.226
8 53 54781.987
8 54 41856.097
8 55 53086.640
8 56 55164.701
8 57 75047.816
8 58 33394.443
8 59 35804.304
8 60 75335.992
8 61 70571.135
8 62 52970.706
8 63 33105.689
8 64 39108.073
8 65 35283.851
8 66 36577.272
8 67 70926.755
8 68 37223.828
8 69 51834.310
8 70 16772.283
8 71 32437.557
8 72 42468.521
8 73 58521.098
8 74 43299.310
8 75 44561.621
8 76 44073.362
8 77 70747.539
8 78 22850.186
8 79 31499.526
8 80 54351.038
8 81 30860.524
8 82 34859.514
8 83 34016.467
8 84 56510.926
8 85 22731.719
8 86 22257.748
8 87 59816.664
8 88 49719.799
8 89 59480.059
8 90 47132.633
8 91 72995.800
8 92 48444.916
8 93 47196.558
8 94 68915.719
8 95 43145.719
8 96 37641.767
8 97 41471.549
8 98 48265.966
8 99 34774.224
8 100 5797.074
8 101 66359.819
8 102 52373.993
8 103 51546.999
8 104 55586.848
8 105 20513.173
8 106 50443.182
8 107 69541.420
8 108 61434.192
8 109 42866.744
8 110 32898.229
8 111 52380.003
8 112 69927.500
8 113 53593.939
8 114 36355.010
8 115 2397.075
8 116 2241.537
8 117 59451.732
8 118 61255.712
8 119 53085.037
8 120 61820.612
8 121 52500.111
8 122 52653.880
8 123 60241.574
8 124 72132.057
8 125 30036.851
8 126 5790.871
8 127 69208.720
8 128 51535.998
8 129 42641.191
8 130 46338.239
8 131 35931.330
8 132 36858.801
8 133 39276.560
8 134 21170.682
8 135 4754.735
8 136 36296.798
8 137 59843.163
8 138 59160.349
8 139 22696.059
8 140 60677.013
8 141 64688.193
8 142 33837.024
8 143 48815.121
8 144 56848.959
8 145 33332.838
8 146 41586.002
8 147 39544.246
8 148 36739.354
8 149 60458.021
8 150 42767.003
8 151 41921.333
8 152 60984.149
8 153 56319.030
8 154 72265.740
8 155 33075.552
8 156 71550.320
8 157 5848.624
8 158 54185.822
8 159 57638.832
8 160 24303.894
8 161 66019.960
8 162 47999.021
8 163 34017.439
8 164 23958.902
8 165 36229.080
8 166 67158.965
8 167 36294.575
8 168 59690.819
8 169 55838.987
8 170 63705.054
8 171 83044.875
8 172 70038.740
8 173 56701.109
8 174 67638.187
8 175 31825.335
8 176 50400.461
8 177 58466.567
8 178 23245.546
8 179 37142.864
8 180 39138.513
8 181 34675.256
8 182 2010.893
8 183 18086.201
8 184 52353.244
8 185 35907.777
8 186 26305.880
8 187 56610.911
8 188 1418.856
8 189 33555.824
8 190 47321.948
8 191 36512.400
8 192 56818.693
8 193 68756.369
8 194 23147.355
8 195 33507.649
8 196 60787.042
8 197 61357.648
8 198 33851.702
8 199 50307.728
8 200 69757.136
9 0 18886.000
9 1 29296.642
9 2 26739.600
9 3 19767.700
9 4 10490.700
9 5 30537.700
9 6 16107.400
9 7 39621.098
9 8 33052.771
9 9 0.000
9 10 31109.100
9 11 19866.100
9 12 29939.400
9 13 35978.800
9 14 8384.900
9 15 29868.593
9 16 20851.100
9 17 16549.700
9 18 27540.116
9 19 41602.800
9 20 32716.103
9 21 29873.727
9 22 30957.634
9 23 1726.400
9 24 31991.100
9 25 16475.700
9 26 32913.125
9 27 27850.800
9 28 40712.100
9 29 16095.600
9 30 32050.926
9 31 30125.700
9 32 42974.600
9 33 13994.212
9 34 30504.000
9 35 32897.000
9 36 32736.708
9 37 13475.282
9 38 28996.500
9 39 33907.800
9 40 30516.800
9 41 19045.800
9 42 38680.100
9 43 17221.100
9 44 30167.800
9 45 30651.788
9 46 22975.700
9 47 31813.700
9 48 34264.300
9 49 36975.000
9 50 24727.800
9 51 34349.600
9 52 29258.500
9 53 33688.700
9 54 16336.900
9 55 31621.200
9 56 37079.300
9 57 47472.663
9 58 14056.400
9 59 7333.400
9 60 47046.292
9 61 37603.428
9 62 35261.000
9 63 12760.632
9 64 21752.000
9 65 22993.000
9 66 8087.200
9 67 43240.043
9 68 20550.100
9 69 28388.800
9 70 22292.800
9 71 6591.800
9 72 39745.447
9 73 26365.579
9 74 15315.500
9 75 16593.400
9 76 17487.800
9 77 38488.600
9 78 15342.300
9 79 3203.900
9 80 31219.900
9 81 14624.400
9 82 19227.100
9 83 31516.472
9 84 26026.100
9 85 13328.600
9 86 17370.700
9 87 27814.712
9 88 40747.277
9 89 31001.100
9 90 22379.600
9 91 43409.900
9 92 26708.100
9 93 23996.800
9 94 36351.600
9 95 13224.987
9 96 16712.700
9 97 13456.800
9 98 27179.900
9 99 8049.700
9 100 29933.950
9 101 37070.600
9 102 29895.000
9 103 21889.600
9 104 40262.000
9 105 18486.600
9 106 27746.000
9 107 42829.679
9 108 31679.500
9 109 13093.217
9 110 6315.200
9 111 27408.000
9 112 42744.548
9 113 29601.800
9 114 36608.492
9 115 31269.595
9 116 30938.325
9 117 29161.900
9 118 35594.100
9 119 22809.700
9 120 39176.100
9 121 28720.800
9 122 33744.200
9 123 27321.957
9 124 41026.300
9 125 6507.000
9 126 29947.460
9 127 36161.166
9 128 30530.900
9 129 15398.253
9 130 28562.000
9 131 7488.300
9 132 17409.800
9 133 22401.200
9 134 13639.500
9 135 28329.377
9 136 7791.800
9 137 34604.000
9 138 35644.900
9 139 21292.100
9 140 35160.100
9 141 32102.943
9 142 6332.100
9 143 28912.500
9 144 28718.500
9 145 14478.100
9 146 16121.600
9 147 17413.700
9 148 13757.000
9 149 29666.400
9 150 14801.546
9 151 16690.000
9 152 30875.900
9 153 26840.300
9 154 40162.900
9 155 18666.500
9 156 39283.398
9 157 29862.953
9 158 34198.200
9 159 27227.162
9 160 10477.400
9 161 33038.457
9 162 45873.265
9 163 6871.800
9 164 14999.400
9 165 7461.200
9 166 37944.000
9 167 33265.482
9 168 35004.900
9 169 33902.100
9 170 35643.100
9 171 52887.651
9 172 41988.900
9 173 32519.800
9 174 38324.400
9 175 2943.900
9 176 46810.296
9 177 30453.600
9 178 15515.900
9 179 14894.700
9 180 16985.900
9 181 18472.000
9 182 32296.422
9 183 20040.400
9 184 30534.400
9 185 19242.100
9 186 14721.500
9 187 33019.200
9 188 32005.637
9 189 5849.400
9 190 22849.500
9 191 8023.300
9 192 30107.300
9 193 38226.300
9 194 11473.100
9 195 16744.900
9 196 28587.542
9 197 31569.200
9 198 19229.000
9 199 24753.600
9 200 40339.400
10 0 20495.900
10 1 56828.749
10 2 42784.200
10 3 14218.600
10 4 25588.000
10 5 16076.300
10 6 36702.500
10 7 12287.869
10 8 60500.060
10 9 31861.500
10 10 0.000
10 11 38218.500
10 12 12676.600
10 13 34285.300
10 14 30171.000
10 15 57513.680
10 16 19774.400
10 17 31385.700
10 18 9808.015
10 19 25396.100
10 20 60216.321
10 21 57518.789
10 22 58463.865
10 23 31825.100
10 24 47729.300
10 25 20389.800
10 26 60497.909
10 27 43638.500
10 28 24505.500
10 29 17563.000
10 30 59610.732
10 31 45863.900
10 32 26767.900
10 33 23109.093
10 34 23509.200
10 35 18784.300
10 36 60325.113
10 37 22816.648
10 38 4618.300
10 39 34823.000
10 40 28706.600
10 41 40492.900
10 42 24567.400
10 43 37816.100
10 44 25557.600
10 45 45571.602
10 46 41328.100
10 47 16809.000
10 48 28316.900
10 49 14415.100
10 50 8650.900
10 51 11789.700
10 52 3223.100
10 53 11128.900
10 54 21719.800
10 55 10708.800
10 56 36807.100
10 57 28990.737
10 58 32408.800
10 59 29119.500
10 60 27376.615
10 61 13014.592
10 62 34988.800
10 63 34213.413
10 64 37490.200
10 65 38731.200
10 66 29873.300
10 67 25691.831
10 68 36288.300
10 69 11193.400
10 70 42887.800
10 71 31344.900
10 72 52209.609
10 73 13746.103
10 74 16902.400
10 75 15489.500
10 76 17701.100
10 77 22281.900
10 78 35828.600
10 79 29827.300
10 80 30947.700
10 81 32976.800
10 82 37579.400
10 83 47666.058
10 84 7967.400
10 85 34420.700
10 86 37965.700
10 87 14682.960
10 88 47899.261
10 89 1592.600
10 90 17209.300
10 91 27203.200
10 92 42752.700
10 93 16233.500
10 94 20144.900
10 95 23138.650
10 96 32757.300
10 97 18810.200
10 98 43224.600
10 99 30071.300
10 100 57579.017
10 101 22957.900
10 102 12699.600
10 103 11396.600
10 104 17702.200
10 105 39081.600
10 106 13389.500
10 107 27208.147
10 108 10131.500
10 109 23447.747
10 110 32386.800
10 111 11714.200
10 112 26293.931
10 113 13537.500
10 114 52258.360
10 115 58822.256
10 116 58442.719
10 117 7635.600
10 118 30275.500
10 119 11463.900
10 120 33175.700
10 121 14259.300
10 122 33472.000
10 123 8104.613
10 124 26913.600
10 125 28669.300
10 126 57592.527
10 127 10359.659
10 128 13335.500
10 129 26808.176
10 130 44349.800
10 131 29274.400
10 132 32245.800
10 133 38139.400
10 134 34731.600
10 135 55828.831
10 136 26994.300
10 137 28949.600
10 138 33951.400
10 139 39644.500
10 140 29212.700
10 141 12704.244
10 142 29365.400
10 143 44957.100
10 144 23346.400
10 145 30398.400
10 146 22284.900
10 147 25177.400
10 148 22223.600
10 149 13459.700
10 150 25854.785
10 151 23177.500
10 152 9327.900
10 153 6552.400
10 154 23956.200
10 155 37018.900
10 156 12445.342
10 157 57508.084
10 158 11638.400
10 159 20341.307
10 160 35115.900
10 161 9393.171
10 162 56692.514
10 163 24280.100
10 164 36091.500
10 165 22670.700
10 166 21737.300
10 167 48233.451
10 168 26174.000
10 169 28121.900
10 170 21530.500
10 171 28955.390
10 172 25782.300
10 173 27550.100
10 174 22117.800
10 175 29236.900
10 176 56242.672
10 177 24622.400
10 178 36608.000
10 179 23361.400
10 180 24158.400
10 181 36824.400
10 182 59859.348
10 183 41132.600
10 184 13339.000
10 185 34059.700
10 186 35316.600
10 187 32747.000
10 188 59520.206
10 189 24913.800
10 190 20365.300
10 191 29809.400
10 192 21957.600
10 193 24113.600
10 194 34707.800
10 195 32082.800
10 196 13842.351
10 197 4625.700
10 198 37581.300
10 199 16416.400
10 200 26226.700
11 0 23621.800
11 1 21919.765
11 2 22195.800
11 3 26347.200
11 4 27044.800
11 5 42287.700
11 6 15978.400
11 7 53293.177
11 8 24284.851
11 9 20882.800
11 10 39002.200
11 11 0.000
11 12 41728.500
11 13 39269.300
11 14 24939.000
11 15 24581.750
11 16 32601.000
11 17 11628.200
11 18 44003.242
11 19 48696.800
11 20 24426.428
11 21 24581.168
11 22 23012.410
11 23 20846.300
11 24 22612.800
11 25 20292.200
11 26 25498.255
11 27 20613.100
11 28 47806.100
11 29 22164.700
11 30 24464.439
11 31 26155.300
11 32 46900.800
11 33 32520.539
11 34 32853.900
11 35 38701.000
11 36 25400.649
11 37 32002.569
11 38 36889.600
11 39 33188.100
11 40 32866.600
11 41 19768.700
11 42 44946.100
11 43 17092.000
11 44 32517.600
11 45 15077.354
11 46 15281.300
11 47 43563.600
11 48 37554.800
11 49 43467.000
11 50 32264.300
11 51 40841.600
11 52 36795.000
11 53 40180.700
11 54 29101.300
11 55 38113.200
11 56 38856.600
11 57 51094.084
11 58 9656.100
11 59 23887.500
11 60 51553.209
11 61 53047.597
11 62 37038.300
11 63 27931.519
11 64 15034.800
11 65 16170.700
11 66 24641.200
11 67 47055.143
11 68 13885.200
11 69 34880.800
11 70 9181.100
11 71 23145.900
11 72 24115.797
11 73 43757.148
11 74 23355.300
11 75 23905.100
11 76 22499.000
11 77 45582.500
11 78 15104.500
11 79 19417.100
11 80 32997.200
11 81 6930.000
11 82 11532.700
11 83 14867.827
11 84 33562.700
11 85 18136.800
11 86 17241.600
11 87 45296.132
11 88 28443.658
11 89 38894.300
11 90 34779.400
11 91 50503.800
11 92 23073.100
11 93 35807.900
11 94 43445.500
11 95 31751.579
11 96 12112.900
11 97 21686.900
11 98 23544.900
11 99 24056.100
11 100 24629.465
11 101 43336.600
11 102 36387.000
11 103 28469.200
11 104 46754.000
11 105 18357.500
11 106 34237.900
11 107 45490.660
11 108 39216.000
11 109 31615.162
11 110 22869.300
11 111 39157.900
11 112 45959.463
11 113 42589.400
11 114 19541.118
11 115 23736.624
11 116 22979.767
11 117 36698.400
11 118 38884.600
11 119 29389.300
11 120 42466.600
11 121 40470.700
11 122 35521.500
11 123 43362.044
11 124 47292.300
11 125 18405.500
11 126 24640.175
11 127 50990.133
11 128 37022.900
11 129 33638.054
11 130 21324.300
11 131 24042.400
11 132 12488.300
11 133 15768.800
11 134 21931.300
11 135 20841.157
11 136 24345.800
11 137 37894.500
11 138 38935.400
11 139 4626.600
11 140 38450.600
11 141 48747.486
11 142 22886.200
11 143 23425.400
11 144 31068.400
11 145 10077.900
11 146 28068.500
11 147 17082.400
11 148 23777.400
11 149 36760.400
11 150 33155.813
11 151 28723.000
11 152 38412.400
11 153 34376.800
11 154 47256.800
11 155 10972.200
11 156 50407.638
11 157 24586.299
11 158 40690.200
11 159 45509.064
11 160 24705.700
11 161 48568.568
11 162 30450.474
11 163 16892.200
11 164 16507.500
11 165 18146.700
11 166 45037.900
11 167 17085.299
11 168 38295.400
11 169 37192.600
11 170 40245.200
11 171 59846.223
11 172 46857.500
11 173 35810.300
11 174 45418.400
11 175 18826.700
11 176 32079.339
11 177 32803.500
11 178 16024.700
11 179 24915.100
11 180 16266.200
11 181 10777.700
11 182 24705.470
11 183 11287.200
11 184 37026.400
11 185 11547.700
11 186 14592.400
11 187 34796.500
11 188 23958.866
11 189 15869.800
11 190 24680.300
11 191 24577.400
11 192 32457.200
11 193 44492.200
11 194 24297.600
11 195 9050.500
11 196 45857.655
11 197 39462.400
11 198 11534.600
11 199 27103.400
11 200 46605.400
12 0 23949.000
12 1 49786.621
12 2 43749.200
12 3 18929.100
12 4 18337.900
12 5 3588.400
12 6 38164.600
12 7 23367.442
12 8 53687.167
12 9 26665.000
12 10 12665.400
12 11 40953.600
12 12 0.000
12 13 41931.100
12 14 24974.500
12 15 49539.179
12 16 9406.400
12 17 33803.600
12 18 8302.973
12 19 35704.900
12 20 53219.022
12 21 49546.013
12 22 51485.369
12 23 26628.500
12 24 49625.300
12 25 23842.900
12 26 53095.945
12 27 44603.600
12 28 34814.200
12 29 20174.200
12 30 52367.212
12 31 47759.900
12 32 37076.700
12 33 10340.559
12 34 32513.200
12 35 28589.700
12 36 52905.649
12 37 10423.088
12 38 13721.100
12 39 39534.300
12 40 34046.700
12 41 41103.000
12 42 34372.800
12 43 39278.200
12 44 34561.500
12 45 49111.209
12 46 44063.200
12 47 4321.100
12 48 37320.900
12 49 3174.600
12 50 17366.000
12 51 6666.600
12 52 18434.300
12 53 2398.100
12 54 13792.100
12 55 5638.100
12 56 41518.400
12 57 44489.897
12 58 35143.900
12 59 23923.000
12 60 43013.642
12 61 18536.603
12 62 39700.000
12 63 22422.736
12 64 39386.200
12 65 40627.100
12 66 24676.700
12 67 40928.835
12 68 38184.300
12 69 7854.600
12 70 44350.000
12 71 26148.400
12 72 57351.006
12 73 4981.995
12 74 19513.700
12 75 18534.000
12 76 21154.200
12 77 32590.700
12 78 38563.700
12 79 29572.800
12 80 35658.900
12 81 35712.000
12 82 40314.600
12 83 50627.722
12 84 18639.700
12 85 35385.700
12 86 39427.900
12 87 6139.562
12 88 55448.859
12 89 12557.400
12 90 10644.900
12 91 37511.900
12 92 43717.800
12 93 10657.700
12 94 30453.700
12 95 10813.229
12 96 33722.400
12 97 20825.700
12 98 44189.600
12 99 24874.800
12 100 49603.931
12 101 32763.300
12 102 7831.100
12 103 18435.000
12 104 8491.100
12 105 40543.800
12 106 10087.400
12 107 42058.614
12 108 25781.600
12 109 11126.587
12 110 27190.300
12 111 2847.400
12 112 41308.162
12 113 1049.700
12 114 55683.390
12 115 51633.954
12 116 51471.956
12 117 19513.600
12 118 39279.500
12 119 18502.400
12 120 45128.400
12 121 1771.500
12 122 38183.300
12 123 9310.533
12 124 36719.000
12 125 29634.300
12 126 49616.978
12 127 18452.316
12 128 8321.600
12 129 13056.088
12 130 45314.900
12 131 24077.900
12 132 34663.800
12 133 40035.400
12 134 35696.700
12 135 48945.356
12 136 21797.800
12 137 37953.500
12 138 41597.200
12 139 42379.700
12 140 38216.700
12 141 11530.213
12 142 24168.900
12 143 45922.100
12 144 31850.700
12 145 32294.400
12 146 13448.300
12 147 28630.500
12 148 23188.700
12 149 23768.500
12 150 12371.527
12 151 13497.500
12 152 24977.900
12 153 17224.700
12 154 34265.000
12 155 39754.100
12 156 27439.549
12 157 49530.089
12 158 1478.100
12 159 6468.522
12 160 36081.000
12 161 14566.491
12 162 62831.796
12 163 25245.200
12 164 37056.600
12 165 23635.800
12 166 32046.100
12 167 51875.686
12 168 35178.000
12 169 37125.900
12 170 31335.800
12 171 44569.850
12 172 36091.000
12 173 36554.100
12 174 32426.500
12 175 30202.000
12 176 63050.440
12 177 33626.400
12 178 37573.100
12 179 24326.400
12 180 27611.400
12 181 39559.600
12 182 52593.759
12 183 42097.600
12 184 7408.000
12 185 37104.200
12 186 36778.700
12 187 37458.200
12 188 52482.305
12 189 25878.900
12 190 26558.900
12 191 24612.900
12 192 30961.600
12 193 33918.900
12 194 35672.900
12 195 33978.800
12 196 7209.385
12 197 13409.000
12 198 40316.500
12 199 23454.900
12 200 36032.100
13 0 18163.400
13 1 57710.977
13 2 13392.600
13 3 23191.800
13 4 40029.700
13 5 44509.800
13 6 37930.800
13 7 43834.816
13 8 59859.295
13 9 36478.200
13 10 34401.000
13 11 39944.800
13 12 41110.100
13 13 0.000
13 14 41270.400
13 15 60358.009
13 16 36207.000
13 17 32289.800
13 18 45636.443
13 19 26166.300
13 20 60078.499
13 21 60357.753
13 22 58745.385
13 23 36441.800
13 24 12633.300
13 25 19209.800
13 26 61234.409
13 27 17538.200
13 28 33379.600
13 29 22280.900
13 30 60203.306
13 31 15864.200
13 32 25589.100
13 33 48540.180
13 34 13267.800
13 35 20701.200
13 36 61146.066
13 37 47944.514
13 38 32688.800
13 39 11314.600
13 40 10374.900
13 41 41721.100
13 42 23634.400
13 43 39044.400
13 44 12052.100
13 45 26430.827
13 46 28712.800
13 47 45242.500
13 48 6202.900
13 49 42848.500
13 50 27709.700
13 51 40223.200
13 52 32010.100
13 53 39562.300
13 54 32819.100
13 55 37494.800
13 56 5533.100
13 57 22203.017
13 58 34135.100
13 59 40218.900
13 60 24003.538
13 61 48376.458
13 62 11480.400
13 63 52974.642
13 64 22262.700
13 65 39835.600
13 66 40972.600
13 67 19988.546
13 68 37392.700
13 69 34262.400
13 70 44116.100
13 71 38741.400
13 72 26243.314
13 73 48592.151
13 74 23983.300
13 75 22957.300
13 76 20970.800
13 77 27690.600
13 78 37056.900
13 79 35012.500
13 80 7476.100
13 81 34703.100
13 82 26899.600
13 83 28897.186
13 84 27334.300
13 85 40089.200
13 86 39194.000
13 87 49942.305
13 88 17509.204
13 89 33915.000
13 90 37167.200
13 91 36077.300
13 92 14526.100
13 93 36463.500
13 94 26272.900
13 95 48000.670
13 96 32663.200
13 97 21812.000
13 98 13764.200
13 99 41170.700
13 100 60407.299
13 101 22024.900
13 102 35768.600
13 103 22402.300
13 104 46135.600
13 105 40309.900
13 106 33619.500
13 107 17068.141
13 108 32987.600
13 109 48131.247
13 110 38464.700
13 111 40147.700
13 112 18308.152
13 113 41971.000
13 114 30422.510
13 115 59493.530
13 116 58712.094
13 117 30470.100
13 118 7222.000
13 119 21984.800
13 120 4039.200
13 121 42692.800
13 122 9963.600
13 123 44037.637
13 124 24523.500
13 125 33854.500
13 126 60418.291
13 127 45314.760
13 128 36404.500
13 129 51945.181
13 130 15210.300
13 131 40373.800
13 132 33149.900
13 133 24830.300
13 134 39916.800
13 135 56637.779
13 136 38093.700
13 137 4859.400
13 138 1015.100
13 139 41370.800
13 140 5923.700
13 141 49193.021
13 142 38481.600
13 143 12181.400
13 144 11860.500
13 145 31500.400
13 146 33384.300
13 147 23770.500
13 148 30858.900
13 149 29022.900
13 150 50958.902
13 151 34276.800
13 152 32184.000
13 153 28148.500
13 154 34494.500
13 155 38745.200
13 156 36190.191
13 157 60362.014
13 158 40071.800
13 159 54255.748
13 160 40301.100
13 161 45699.672
13 162 27211.283
13 163 29465.300
13 164 38459.900
13 165 27856.000
13 166 23971.800
13 167 27519.868
13 168 7387.500
13 169 8525.100
13 170 16697.400
13 171 34251.311
13 172 25545.800
13 173 7142.800
13 174 24352.300
13 175 34422.100
13 176 25418.829
13 177 11726.900
13 178 37977.100
13 179 31996.600
13 180 23771.100
13 181 38550.700
13 182 60439.186
13 183 43124.800
13 184 36408.000
13 185 35590.300
13 186 36544.800
13 187 3761.400
13 188 59657.748
13 189 30099.100
13 190 14864.900
13 191 40908.800
13 192 13249.300
13 193 23180.600
13 194 39893.000
13 195 33184.800
13 196 49491.613
13 197 35276.600
13 198 39307.600
13 199 16519.900
13 200 23180.900
14 0 24231.800
14 1 33650.332
14 2 31994.900
14 3 21550.600
14 4 6147.900
14 5 25443.500
14 6 19296.000
14 7 35559.745
14 8 37472.499
14 9 5551.400
14 10 30596.700
14 11 25121.400
14 12 24845.100
14 13 41324.600
14 14 0.000
14 15 33939.880
14 16 15756.800
14 17 21805.000
14 18 22873.306
14 19 42373.000
14 20 37089.243
14 21 33945.636
14 22 35332.158
14 23 5514.900
14 24 37246.400
14 25 24125.700
14 26 37177.592
14 27 33106.100
14 28 41482.300
14 29 20457.200
14 30 36356.999
14 31 35381.100
14 32 43744.700
14 33 9516.907
14 34 37393.100
14 35 35761.200
14 36 36995.606
14 37 8948.099
14 38 28484.100
14 39 41366.100
14 40 35862.500
14 41 22234.300
14 42 41544.300
14 43 20409.600
14 44 35513.500
14 45 34537.719
14 46 28231.000
14 47 26719.400
14 48 39610.100
14 49 31433.700
14 50 24778.400
14 51 28808.400
14 52 28891.200
14 53 28147.500
14 54 10795.600
14 55 26080.000
14 56 43350.300
14 57 46095.412
14 58 19311.700
14 59 1750.800
14 60 45432.736
14 61 33101.444
14 62 41531.900
14 63 12284.467
14 64 27007.300
14 65 28248.300
14 66 834.900
14 67 41920.059
14 68 25805.500
14 69 22847.600
14 70 25481.300
14 71 6353.300
14 72 43459.830
14 73 21508.298
14 74 19796.600
14 75 19225.400
14 76 21436.900
14 77 39258.800
14 78 18530.800
14 79 8459.200
14 80 37490.800
14 81 19879.800
14 82 24482.400
14 83 35608.331
14 84 26796.300
14 85 16517.100
14 86 20559.200
14 87 22940.246
14 88 43654.706
14 89 30488.700
14 90 16188.100
14 91 44180.000
14 92 31963.400
14 93 17537.400
14 94 37121.800
14 95 8755.854
14 96 21968.000
14 97 19971.500
14 98 32435.300
14 99 3942.400
14 100 34005.501
14 101 39934.800
14 102 24353.800
14 103 23939.200
14 104 34720.800
14 105 21675.100
14 106 22204.700
14 107 41845.554
14 108 32449.600
14 109 8684.957
14 110 6076.700
14 111 22313.700
14 112 41607.960
14 113 24507.500
14 114 40724.104
14 115 35588.638
14 116 35314.828
14 117 29932.100
14 118 40939.800
14 119 25170.500
14 120 44521.900
14 121 23626.500
14 122 40015.100
14 123 22769.081
14 124 43890.400
14 125 11762.300
14 126 34018.949
14 127 31829.764
14 128 24989.700
14 129 11637.932
14 130 33817.400
14 131 896.600
14 132 22665.100
14 133 27656.600
14 134 16828.000
14 135 32723.422
14 136 3449.000
14 137 39949.700
14 138 40990.700
14 139 26547.500
14 140 40505.900
14 141 27361.953
14 142 4135.500
14 143 34167.800
14 144 34064.300
14 145 19733.500
14 146 10580.300
14 147 22669.100
14 148 16491.400
14 149 30436.600
14 150 10859.759
14 151 11148.800
14 152 31646.000
14 153 27610.500
14 154 40933.100
14 155 23921.900
14 156 35951.446
14 157 33933.012
14 158 28657.000
14 159 22357.729
14 160 13665.900
14 161 28556.315
14 162 49451.008
14 163 12127.100
14 164 18187.900
14 165 12716.500
14 166 38714.200
14 167 37220.626
14 168 40057.900
14 169 39247.900
14 170 38507.300
14 171 50479.310
14 172 42759.100
14 173 37865.500
14 174 39094.600
14 175 9573.000
14 176 50198.143
14 177 38506.300
14 178 18704.500
14 179 17629.200
14 180 22241.300
14 181 23727.400
14 182 36597.118
14 183 23229.000
14 184 24993.200
14 185 24497.400
14 186 17910.100
14 187 39290.100
14 188 36366.829
14 189 11104.800
14 190 28195.300
14 191 1754.100
14 192 35841.500
14 193 41090.400
14 194 13724.000
14 195 22000.300
14 196 23742.687
14 197 31056.800
14 198 24484.300
14 199 27999.300
14 200 43203.600
15 0 43340.279
15 1 3583.626
15 2 48674.072
15 3 47002.529
15 4 36006.816
15 5 49660.868
15 6 23447.661
15 7 69439.722
15 8 5833.190
15 9 29868.593
15 10 57513.680
15 11 24581.750
15 12 49539.179
15 13 60358.009
15 14 33939.880
15 15 0.000
15 16 42129.731
15 17 36759.615
15 18 56529.518
15 19 68983.423
15 20 5028.028
15 21 9.049
15 22 4141.844
15 23 30640.259
15 24 49288.915
15 25 41911.611
15 26 4010.002
15 27 46821.865
15 28 70955.351
15 29 40869.301
15 30 3806.286
15 31 47669.488
15 32 70003.252
15 33 39406.673
15 34 58121.981
15 35 62409.109
15 36 3818.553
15 37 39210.953
15 38 54957.711
15 39 52374.138
15 40 55119.221
15 41 18593.070
15 42 67928.645
15 43 23575.157
15 44 57053.205
15 45 37642.706
15 46 35647.614
15 47 50101.029
15 48 58966.228
15 49 53806.271
15 50 52545.009
15 51 54033.116
15 52 56763.630
15 53 50750.382
15 54 38417.134
15 55 49302.634
15 56 55964.170
15 57 74080.347
15 58 32996.346
15 59 32107.160
15 60 74183.771
15 61 66935.538
15 62 53682.293
15 63 28224.792
15 64 39957.750
15 65 35613.049
15 66 32959.948
15 67 69891.697
15 68 38157.970
15 69 48308.856
15 70 17549.283
15 71 28747.968
15 72 45209.458
15 73 54451.319
15 74 41088.769
15 75 42374.189
15 76 42301.664
15 77 68891.777
15 78 21818.583
15 79 28440.542
15 80 54427.410
15 81 30922.471
15 82 35573.384
15 83 36300.718
15 84 54072.275
15 85 21076.967
15 86 21347.732
15 87 55677.745
15 88 51742.141
15 89 56490.628
15 90 43466.379
15 91 71177.273
15 92 48874.875
15 93 43638.486
15 94 66944.118
15 95 38827.736
15 96 37229.113
15 97 39441.695
15 98 48838.568
15 99 31338.852
15 100 65.621
15 101 65361.237
15 102 48650.564
15 103 49350.164
15 104 51230.832
15 105 19927.650
15 106 46981.453
15 107 68730.374
15 108 58773.762
15 109 38533.640
15 110 29285.603
15 111 48384.757
15 112 69007.210
15 113 49372.811
15 114 39265.740
15 115 3524.499
15 116 4162.844
15 117 56982.424
15 118 61048.542
15 119 50998.795
15 120 62020.203
15 121 48201.363
15 122 53131.584
15 123 56595.024
15 124 70913.910
15 125 27529.407
15 126 79.075
15 127 65764.101
15 128 47820.670
15 129 37952.116
15 130 47274.831
15 131 32356.650
15 132 36915.694
15 133 40398.016
15 134 18919.068
15 135 4293.441
15 136 32453.024
15 137 59823.253
15 138 59628.294
15 139 23495.391
15 140 60585.708
15 141 60765.567
15 142 30031.018
15 143 49634.433
15 144 56121.128
15 145 32808.336
15 146 38002.382
15 147 38587.374
15 148 34137.392
15 149 58371.745
15 150 38167.785
15 151 38236.620
15 152 58525.580
15 153 53747.880
15 154 70381.456
15 155 33752.708
15 156 68984.651
15 157 15.557
15 158 50105.738
15 159 53107.465
15 160 21136.527
15 161 62422.959
15 162 51043.759
15 163 32023.068
15 164 23006.062
15 165 34035.616
15 166 65439.131
15 167 38650.245
15 168 59362.517
15 169 55520.562
15 170 62597.346
15 171 81385.121
15 172 68508.663
15 173 56483.662
15 174 65983.698
15 175 29143.172
15 176 53296.840
15 177 57766.624
15 178 22393.319
15 179 34823.073
15 180 38272.532
15 181 35112.507
15 182 3908.802
15 183 17881.814
15 184 48554.285
15 185 36315.447
15 186 25521.776
15 187 56937.619
15 188 4448.443
15 189 31462.940
15 190 46425.428
15 191 32775.863
15 192 55938.664
15 193 67513.800
15 194 20131.497
15 195 33366.739
15 196 56713.049
15 197 58200.244
15 198 34835.715
15 199 48945.789
15 200 68640.960
16 0 19050.400
16 1 42001.582
16 2 35560.500
16 3 13576.900
16 4 9249.600
16 5 10004.800
16 6 29975.800
16 7 27817.481
16 8 45848.825
16 9 17576.600
16 10 21254.400
16 11 32764.800
16 12 9406.400
16 13 36578.900
16 14 15886.200
16 15 42129.731
16 16 0.000
16 17 25614.900
16 18 14458.534
16 19 33630.100
16 20 45444.195
16 21 42135.864
16 22 43690.484
16 23 17540.200
16 24 41436.500
16 25 18944.200
16 26 45475.033
16 27 36414.800
16 28 32739.400
16 29 14773.800
16 30 44678.942
16 31 39571.100
16 32 35001.800
16 33 6987.134
16 34 29419.400
16 35 26514.900
16 36 45290.290
16 37 6506.962
16 38 18520.600
16 39 34182.100
16 40 30681.100
16 41 32914.200
16 42 32298.000
16 43 31089.500
16 44 30332.100
16 45 40425.416
16 46 35874.400
16 47 11280.700
16 48 34864.400
16 49 12392.200
16 50 15291.200
16 51 14731.700
16 52 20481.400
16 53 8843.800
16 54 4703.800
16 55 12003.300
16 56 36166.300
16 57 42647.734
16 58 26955.100
16 59 14834.700
16 60 41593.573
16 61 24805.809
16 62 34347.900
16 63 17264.235
16 64 31197.400
16 65 32438.400
16 66 15588.400
16 67 38682.517
16 68 29995.500
16 69 8563.300
16 70 36161.200
16 71 17060.100
16 72 48881.828
16 73 13140.355
16 74 14113.200
16 75 14044.000
16 76 16255.500
16 77 30515.900
16 78 30374.900
16 79 20484.500
16 80 30306.800
16 81 27523.200
16 82 32125.800
16 83 41844.044
16 84 18053.400
16 85 27197.000
16 86 31239.100
16 87 14619.247
16 88 47644.312
16 89 21146.400
16 90 1556.500
16 91 35437.100
16 92 35529.000
16 93 3373.700
16 94 28378.900
16 95 6730.106
16 96 25533.600
16 97 14790.100
16 98 36000.900
16 99 15786.500
16 100 42195.264
16 101 30688.500
16 102 7265.700
16 103 15789.600
16 104 16790.300
16 105 32355.000
16 106 6417.500
16 107 39194.568
16 108 23706.800
16 109 6987.728
16 110 18102.000
16 111 6875.000
16 112 38699.045
16 113 9068.800
16 114 46927.599
16 115 43918.887
16 116 43674.124
16 117 21189.200
16 118 36185.700
16 119 16427.600
16 120 39776.300
16 121 8187.800
16 122 32831.100
16 123 14466.254
16 124 34644.200
16 125 21445.500
16 126 42208.620
16 127 23741.260
16 128 7756.100
16 129 10819.432
16 130 37126.100
16 131 14989.500
16 132 26475.000
16 133 31846.600
16 134 27507.900
16 135 41094.970
16 136 12709.400
16 137 35204.100
16 138 36245.100
16 139 34190.900
16 140 35760.300
16 141 18910.188
16 142 15080.500
16 143 37733.400
16 144 28882.900
16 145 24105.600
16 146 4360.000
16 147 21910.800
16 148 13801.100
16 149 21693.700
16 150 9781.847
16 151 4409.100
16 152 22903.100
16 153 19271.800
16 154 32190.200
16 155 31565.300
16 156 29376.461
16 157 42122.101
16 158 8223.100
16 159 15002.603
16 160 25691.200
16 161 20300.954
16 162 54538.396
16 163 17056.400
16 164 28867.800
16 165 15447.000
16 166 29971.300
16 167 43180.793
16 168 32084.200
16 169 34502.200
16 170 29261.000
16 171 45192.985
16 172 34016.200
16 173 33119.900
16 174 30351.700
16 175 20224.600
16 176 54928.450
16 177 30532.600
16 178 29384.300
16 179 14938.800
16 180 22503.200
16 181 31370.800
16 182 44915.715
16 183 33908.800
16 184 6842.500
16 185 28915.400
16 186 28589.900
16 187 32106.100
16 188 44717.039
16 189 17690.100
16 190 23013.900
16 191 15524.600
16 192 27867.800
16 193 31844.100
16 194 27484.100
16 195 25790.000
16 196 15347.630
16 197 21714.500
16 198 32127.700
16 199 20025.600
16 200 33957.300
17 0 15377.700
17 1 34338.667
17 2 11578.900
17 3 19853.700
17 4 24089.200
17 5 35378.200
17 6 13554.900
17 7 44337.832
17 8 36867.557
17 9 17927.200
17 10 32706.900
17 11 11696.200
17 12 35004.800
17 13 31025.200
17 14 21983.400
17 15 36759.615
17 16 25691.600
17 17 0.000
17 18 37955.630
17 19 40452.600
17 20 36980.897
17 21 36760.020
17 22 35517.832
17 23 17890.800
17 24 11995.900
17 25 12048.100
17 26 37992.594
17 27 9996.200
17 28 39562.000
17 29 16175.500
17 30 36959.295
17 31 11788.300
17 32 38656.700
17 33 31775.423
17 34 24609.800
17 35 30456.900
17 36 37885.539
17 37 31168.194
17 38 30594.300
17 39 15624.700
17 40 24622.500
17 41 17345.300
17 42 36702.000
17 43 14668.500
17 44 24273.500
17 45 13256.115
17 46 15456.900
17 47 36654.100
17 48 29310.700
17 49 36743.200
17 50 25764.400
17 51 34117.900
17 52 30295.100
17 53 33457.000
17 54 22191.800
17 55 31389.500
17 56 30612.500
17 57 38595.098
17 58 6812.700
17 59 20932.000
17 60 39160.585
17 61 45477.448
17 62 28794.200
17 63 31983.078
17 64 6331.800
17 65 10348.000
17 66 21685.700
17 67 34618.484
17 68 8062.500
17 69 28157.100
17 70 19740.300
17 71 20190.400
17 72 21367.064
17 73 38907.180
17 74 17878.000
17 75 16851.900
17 76 14959.600
17 77 37338.400
17 78 12681.000
17 79 16461.500
17 80 24753.100
17 81 5445.200
17 82 8679.400
17 83 15119.588
17 84 26827.600
17 85 15713.400
17 86 14818.200
17 87 40486.100
17 88 21230.164
17 89 32598.900
17 90 27869.900
17 91 42259.700
17 92 11833.600
17 93 28898.500
17 94 35201.400
17 95 31054.402
17 96 1917.200
17 97 15706.600
17 98 12305.500
17 99 21100.500
17 100 36811.941
17 101 35092.500
17 102 29663.300
17 103 21975.600
17 104 40030.300
17 105 15934.100
17 106 27514.200
17 107 32945.567
17 108 32481.000
17 109 31046.036
17 110 19913.700
17 111 32248.500
17 112 33462.961
17 113 35865.700
17 114 19957.979
17 115 36213.257
17 116 35485.906
17 117 29963.400
17 118 30640.400
17 119 22271.100
17 120 34222.500
17 121 33561.300
17 122 27277.400
17 123 36914.322
17 124 39048.100
17 125 15450.000
17 126 36823.479
17 127 42992.760
17 128 30299.200
17 129 34192.034
17 130 10707.400
17 131 21086.800
17 132 860.100
17 133 8497.500
17 134 19507.900
17 135 33245.545
17 136 21390.300
17 137 29650.400
17 138 30691.300
17 139 13122.200
17 140 30206.500
17 141 42615.416
17 142 19930.600
17 143 12808.500
17 144 22824.300
17 145 5089.200
17 146 21159.100
17 147 8838.300
17 148 16867.900
17 149 28516.200
17 150 33403.876
17 151 21813.600
17 152 31677.300
17 153 27641.800
17 154 39012.700
17 155 9801.200
17 156 40104.753
17 157 36762.514
17 158 33966.500
17 159 42375.315
17 160 21750.100
17 161 41299.366
17 162 27088.878
17 163 11674.700
17 164 14084.000
17 165 11139.400
17 166 36793.800
17 167 16012.740
17 168 30051.300
17 169 28948.500
17 170 32001.100
17 171 47813.979
17 172 38613.400
17 173 27566.200
17 174 37174.300
17 175 15871.100
17 176 27681.541
17 177 24559.400
17 178 13601.300
17 179 18005.600
17 180 8022.100
17 181 4997.700
17 182 37204.657
17 183 18748.900
17 184 30302.700
17 185 4788.000
17 186 12169.000
17 187 26552.300
17 188 36488.336
17 189 12914.200
17 190 16436.200
17 191 21621.900
17 192 24213.100
17 193 36248.100
17 194 21342.000
17 195 4602.600
17 196 40697.786
17 197 33167.000
17 198 11124.700
17 199 18859.300
17 200 38361.300
18 0 27063.891
18 1 56458.106
18 2 43428.730
18 3 20068.033
18 4 20581.154
18 5 10145.838
18 6 42123.776
18 7 15081.460
18 8 60307.332
18 9 27540.116
18 10 9808.015
18 11 44003.242
18 12 8302.973
18 13 45636.443
18 14 22873.306
18 15 56529.518
18 16 14458.534
18 17 37955.630
18 18 0.000
18 19 29429.998
18 20 59900.940
18 21 56535.826
18 22 58147.789
18 23 26634.231
18 24 47895.131
18 25 27626.185
18 26 59917.589
18 27 45780.512
18 28 29067.585
18 29 24023.554
18 30 59129.025
18 31 48788.837
18 32 31892.415
18 33 18209.967
18 34 32952.420
18 35 26129.394
18 36 59731.987
18 37 18165.807
18 38 9786.704
18 39 43997.761
18 40 34420.640
18 41 43961.988
18 42 31237.924
18 43 43221.075
18 44 32736.793
18 45 51206.701
18 46 49660.588
18 47 10406.582
18 48 39799.632
18 49 5599.650
18 50 15960.968
18 51 4207.565
18 52 11919.021
18 53 6524.058
18 54 18648.947
18 55 7230.161
18 56 46648.503
18 57 38609.338
18 58 37371.196
18 59 24506.841
18 60 36879.304
18 61 10533.145
18 62 45126.776
18 63 30294.482
18 64 43932.180
18 65 40879.753
18 66 23733.662
18 67 35440.206
18 68 44483.730
18 69 8876.389
18 70 48751.118
18 71 27877.324
18 72 58725.033
18 73 4339.852
18 74 22526.754
18 75 21949.419
18 76 24950.088
18 77 26720.532
18 78 40764.148
18 79 29196.334
18 80 39784.932
18 81 40548.321
18 82 43229.001
18 83 53028.590
18 84 15784.506
18 85 39479.555
18 86 41471.332
18 87 4941.906
18 88 55506.226
18 89 9679.527
18 90 13193.395
18 91 28479.397
18 92 41612.025
18 93 13250.424
18 94 24459.265
18 95 18550.170
18 96 35920.625
18 97 24662.886
18 98 42767.074
18 99 25607.490
18 100 56594.938
18 101 33470.643
18 102 7940.398
18 103 18962.788
18 104 9218.252
18 105 43411.726
18 106 10390.598
18 107 37012.514
18 108 13750.042
18 109 18876.334
18 110 27409.305
18 111 8487.066
18 112 36084.875
18 113 8999.149
18 114 57913.547
18 115 58371.175
18 116 58131.540
18 117 15542.041
18 118 39331.376
18 119 19646.941
18 120 43561.185
18 121 10503.939
18 122 42951.656
18 123 1703.485
18 124 34221.200
18 125 31532.726
18 126 56608.235
18 127 10158.471
18 128 8779.937
18 129 21258.050
18 130 45379.672
18 131 24388.018
18 132 38959.652
18 133 45820.365
18 134 39877.910
18 135 55553.405
18 136 24082.101
18 137 40623.563
18 138 45055.826
18 139 46416.378
18 140 40244.827
18 141 4752.459
18 142 26520.841
18 143 44944.341
18 144 32868.508
18 145 36755.026
18 146 18759.107
18 147 31998.588
18 148 25498.897
18 149 19879.434
18 150 20505.173
18 151 18386.624
18 152 15919.990
18 153 14424.706
18 154 27336.739
18 155 43241.419
18 156 19843.607
18 157 56521.528
18 158 7373.930
18 159 10939.813
18 160 36085.276
18 161 6302.480
18 162 63723.890
18 163 29801.615
18 164 40209.239
18 165 27398.149
18 166 26251.557
18 167 53955.220
18 168 37567.178
18 169 36511.492
18 170 31198.514
18 171 37226.080
18 172 29755.559
18 173 37693.049
18 174 27181.242
18 175 29560.980
18 176 63580.606
18 177 33552.446
18 178 40953.732
18 179 26206.514
18 180 32698.410
18 181 41615.824
18 182 59364.850
18 183 45805.661
18 184 7975.517
18 185 41253.785
18 186 39226.608
18 187 42777.010
18 188 59173.140
18 189 29790.507
18 190 30681.162
18 191 23807.272
18 192 31395.258
18 193 32097.002
18 194 37300.858
18 195 38670.614
18 196 4035.182
18 197 7939.914
18 198 44927.071
18 199 26508.956
18 200 33949.333
19 0 28135.900
19 1 67397.225
19 2 31766.000
19 3 22434.500
19 4 38312.400
19 5 39141.100
19 6 45909.800
19 7 21087.734
19 8 70572.692
19 9 44002.600
19 10 25548.400
19 11 46578.700
19 12 35741.500
19 13 26144.600
19 14 42312.100
19 15 68983.423
19 16 33898.500
19 17 40268.900
19 18 29429.998
19 19 0.000
19 20 70501.171
19 21 68986.449
19 22 68849.342
19 23 43966.200
19 24 32286.900
19 25 28750.100
19 26 71185.939
19 27 35039.800
19 28 3776.200
19 29 26204.400
19 30 70192.343
19 31 33365.900
19 32 2275.400
19 33 41354.747
19 34 15368.600
19 35 7573.700
19 36 71042.425
19 37 40930.592
19 38 23836.300
19 39 26857.400
19 40 20566.000
19 41 49700.200
19 42 2806.000
19 43 47023.400
19 44 17417.000
19 45 45312.695
19 46 49688.300
19 47 39873.800
19 48 20176.300
19 49 37479.900
19 50 18857.200
19 51 34854.600
19 52 23157.600
19 53 34193.700
19 54 33860.900
19 55 32126.200
19 56 28841.500
19 57 9222.207
19 58 40769.000
19 59 41260.700
19 60 7473.451
19 61 27329.239
19 62 27023.100
19 63 50800.557
19 64 45850.400
19 65 47091.400
19 66 42014.400
19 67 6863.954
19 68 44648.500
19 69 28893.800
19 70 52095.200
19 71 43486.000
19 72 48779.061
19 73 33574.494
19 74 25568.700
19 75 26011.100
19 76 26061.300
19 77 4267.900
19 78 45035.900
19 79 40677.900
19 80 23018.900
19 81 41337.100
19 82 45939.700
19 83 47836.455
19 84 18481.800
19 85 45271.300
19 86 47173.100
19 87 34371.842
19 88 41504.854
19 89 25062.500
19 90 32595.000
19 91 6473.900
19 92 32047.500
19 93 33933.800
19 94 5336.500
19 95 41181.467
19 96 40642.300
19 97 27476.400
19 98 31285.600
19 99 42212.500
19 100 69045.023
19 101 7103.500
19 102 30399.900
19 103 19516.500
19 104 40767.000
19 105 48289.000
19 106 31089.900
19 107 9491.352
19 108 16274.800
19 109 41450.080
19 110 44528.000
19 111 34779.100
19 112 8182.330
19 113 36602.300
19 114 51174.816
19 115 69399.962
19 116 68821.673
19 117 16450.200
19 118 22134.900
19 119 18135.400
19 120 27792.400
19 121 37324.200
19 122 25506.400
19 123 27758.229
19 124 4437.300
19 125 39519.900
19 126 69058.108
19 127 24388.657
19 128 31035.900
19 129 45199.640
19 130 32712.000
19 131 41415.500
19 132 41129.000
19 133 46499.600
19 134 45582.200
19 135 66309.756
19 136 39135.400
19 137 20809.000
19 138 25810.800
19 139 48004.800
19 140 21072.100
19 141 31072.913
19 142 41506.500
19 143 29683.000
19 144 19296.100
19 145 39479.500
19 146 34426.000
19 147 33537.600
19 148 34239.600
19 149 12934.900
19 150 44177.287
19 151 34197.300
19 152 15603.600
19 153 19295.900
19 154 4891.200
19 155 45379.200
19 156 12558.831
19 157 68981.731
19 158 34703.200
19 159 40209.589
19 160 45966.500
19 161 26432.284
19 162 51313.310
19 163 35130.700
19 164 46438.900
19 165 33521.300
19 166 4291.800
19 167 47417.356
19 168 18033.400
19 169 19981.300
19 170 8612.400
19 171 12481.880
19 172 761.700
19 173 19409.500
19 174 3453.200
19 175 40087.500
19 176 49935.003
19 177 16481.800
19 178 45956.200
19 179 35377.400
19 180 33526.600
19 181 45184.700
19 182 70447.356
19 183 51103.800
19 184 31039.400
19 185 43569.400
19 186 44523.900
19 187 24395.300
19 188 69894.323
19 189 35764.500
19 190 28073.700
19 191 41950.600
19 192 14867.900
19 193 4148.500
19 194 45558.400
19 195 41163.900
19 196 33378.834
19 197 21792.600
19 198 45941.600
19 199 24124.800
19 200 8601.900
20 0 44709.016
20 1 3443.063
20 2 48249.053
20 3 48991.425
20 4 39560.754
20 5 53521.011
20 6 23832.143
20 7 72309.052
20 8 829.195
20 9 32716.103
20 10 60216.321
20 11 24426.428
20 12 53219.022
20 13 60078.499
20 14 37089.243
20 15 5028.028
20 16 45444.195
20 17 36980.897
20 18 59900.940
20 19 70501.171
20 20 0.000
20 21 5019.000
20 22 1758.852
20 23 33551.000
20 24 48402.391
20 25 43268.930
20 26 1632.897
20 27 46100.894
20 28 72606.219
20 29 42723.303
20 30 1226.658
20 31 46638.866
20 32 71359.703
20 33 43262.063
20 34 58935.626
20 35 63936.104
20 36 1702.407
20 37 43020.766
20 38 57658.311
20 39 51981.752
20 40 55727.411
20 41 19275.585
20 42 69241.650
20 43 23690.481
20 44 57859.655
20 45 36072.740
20 46 34255.229
20 47 53999.981
20 48 59180.150
20 49 57490.762
20 50 54778.472
20 51 57625.006
20 52 59303.087
20 53 54332.994
20 54 41491.412
20 55 52676.105
20 56 55422.501
20 57 75067.852
20 58 33460.947
20 59 35394.150
20 60 75329.597
20 61 70190.657
20 62 53214.957
20 63 32505.634
20 64 39358.301
20 65 35456.091
20 66 36180.151
20 67 70935.509
20 68 37483.237
20 69 51463.425
20 70 16945.323
20 71 32024.279
20 72 42977.481
20 73 58067.471
20 74 43119.342
20 75 44386.302
20 76 43958.234
20 77 70637.104
20 78 22797.676
20 79 31178.862
20 80 54508.161
20 81 30986.909
20 82 35084.786
20 83 34456.015
20 84 56307.478
20 85 22590.127
20 86 22220.059
20 87 59352.336
20 88 50139.307
20 89 59195.374
20 90 46737.066
20 91 72891.690
20 92 48646.728
20 93 46817.767
20 94 68787.508
20 95 42644.767
20 96 37713.250
20 97 41316.030
20 98 48487.397
20 99 34402.445
20 100 4989.964
20 101 66371.807
20 102 51972.594
20 103 51376.141
20 104 55085.613
20 105 20513.516
20 106 50081.324
20 107 69581.639
20 108 61200.172
20 109 42363.183
20 110 32497.217
20 111 51935.723
20 112 69952.280
20 113 53113.937
20 114 36880.721
20 115 1681.242
20 116 1777.793
20 117 59245.340
20 118 61377.374
20 119 52931.541
20 120 61999.434
20 121 52007.042
20 122 52865.615
20 123 59855.828
20 124 72114.956
20 125 29794.114
20 126 4983.342
20 127 68857.791
20 128 51135.420
20 129 42079.179
20 130 46608.176
20 131 35539.944
20 132 36995.316
20 133 39564.505
20 134 20937.732
20 135 4389.618
20 136 35864.740
20 137 59990.282
20 138 59374.908
20 139 22903.065
20 140 60814.609
20 141 64260.304
20 142 33407.920
20 143 49071.053
20 144 56894.392
20 145 33381.318
20 146 41198.975
20 147 39541.062
20 148 36494.109
20 149 60308.966
20 150 42219.987
20 151 41519.055
20 152 60780.141
20 153 56095.711
20 154 72151.696
20 155 33292.650
20 156 71334.712
20 157 5043.379
20 158 53728.808
20 159 57109.195
20 160 23951.262
20 161 65644.124
20 162 48550.909
20 163 33856.670
20 164 23921.865
20 165 36042.909
20 166 67066.950
20 167 36746.607
20 168 59794.555
20 169 55941.728
20 170 63700.092
20 171 82967.319
20 172 69975.620
20 173 56818.625
20 174 67555.925
20 175 31560.601
20 176 50934.678
20 177 58516.974
20 178 23220.110
20 179 36939.560
20 180 39147.747
20 181 34861.615
20 182 1181.870
20 183 18127.007
20 184 51939.989
20 185 36091.992
20 186 26300.683
20 187 56804.381
20 188 739.975
20 189 33379.984
20 190 47336.004
20 191 36097.020
20 192 56842.416
20 193 68734.355
20 194 22812.997
20 195 33610.714
20 196 60333.542
20 197 61048.185
20 198 34112.868
20 199 50257.600
20 200 69753.753
21 0 43342.860
21 1 3577.478
21 2 48673.464
21 3 47006.277
21 4 36013.344
21 5 49668.026
21 6 23448.014
21 7 69445.176
21 8 5824.191
21 9 29873.727
21 10 57518.789
21 11 24581.168
21 12 49546.013
21 13 60357.753
21 14 33945.636
21 15 9.049
21 16 42135.864
21 17 36760.020
21 18 56535.826
21 19 68986.449
21 20 5019.000
21 21 0.000
21 22 4133.523
21 23 30645.524
21 24 49287.485
21 25 41914.155
21 26 4001.164
21 27 46820.707
21 28 70958.625
21 29 40872.742
21 30 3797.246
21 31 47667.784
21 32 70005.993
21 33 39413.777
21 34 58123.681
21 35 62412.121
21 36 3809.694
21 37 39217.973
21 38 54962.805
21 39 52373.622
21 40 55120.529
21 41 18593.722
21 42 67931.298
21 43 23575.025
21 44 57054.884
21 45 37639.922
21 46 35645.113
21 47 50108.257
21 48 58966.851
21 49 53813.129
21 50 52549.242
21 51 54039.809
21 52 56768.441
21 53 50757.046
21 54 38422.797
21 55 49308.915
21 56 55963.413
21 57 74082.440
21 58 32997.122
21 59 32113.151
21 60 74186.149
21 61 66941.672
21 62 53681.652
21 63 28232.608
21 64 39956.728
21 65 35612.751
21 66 32965.825
21 67 69893.875
21 68 38156.786
21 69 48314.736
21 70 17547.528
21 71 28753.895
21 72 45205.592
21 73 54458.057
21 74 41092.536
21 75 42377.936
21 76 42304.759
21 77 68895.213
21 78 21819.962
21 79 28445.443
21 80 54427.761
21 81 30922.476
21 82 35572.490
21 83 36297.428
21 84 54076.521
21 85 21079.317
21 86 21348.891
21 87 55684.592
21 88 51739.450
21 89 56495.737
21 90 43472.441
21 91 71180.662
21 92 48874.623
21 93 43644.382
21 94 66947.722
21 95 38834.767
21 96 37230.002
21 97 39445.157
21 98 48838.094
21 99 31344.415
21 100 60.243
21 101 65363.333
21 102 48656.749
21 103 49353.998
21 104 51237.986
21 105 19928.203
21 106 46987.226
21 107 68732.199
21 108 58778.379
21 109 38540.692
21 110 29291.416
21 111 48391.355
21 112 69009.206
21 113 49379.755
21 114 39261.541
21 115 3515.727
21 116 4154.546
21 117 56986.736
21 118 61049.385
21 119 51002.471
21 120 62020.422
21 121 48208.418
21 122 53131.301
21 123 56601.134
21 124 70916.375
21 125 27533.394
21 126 73.753
21 127 65769.944
21 128 47826.838
21 129 37959.706
21 130 47273.775
21 131 32362.450
21 132 36915.845
21 133 40396.580
21 134 18922.284
21 135 4288.849
21 136 32459.253
21 137 59823.797
21 138 59628.080
21 139 23493.983
21 140 60586.369
21 141 60772.109
21 142 30037.153
21 143 49633.585
21 144 56122.741
21 145 32809.306
21 146 38008.266
21 147 38589.138
21 148 34141.674
21 149 58375.477
21 150 38175.241
21 151 38242.665
21 152 58529.885
21 153 53752.329
21 154 70384.942
21 155 33751.830
21 156 68989.174
21 157 24.453
21 158 50112.473
21 159 53114.885
21 160 21141.392
21 161 62429.019
21 162 51039.475
21 163 32026.342
21 164 23007.375
21 165 34039.246
21 166 65442.340
21 167 38646.886
21 168 59363.536
21 169 55521.535
21 170 62599.594
21 171 81388.308
21 172 68511.597
21 173 56484.487
21 174 65986.809
21 175 29147.481
21 176 53292.804
21 177 57768.207
21 178 22394.441
21 179 34826.919
21 180 38274.148
21 181 35112.031
21 182 3899.754
21 183 17881.610
21 184 48560.585
21 185 36315.042
21 186 25522.930
21 187 56937.604
21 188 4439.519
21 189 31466.358
21 190 46427.208
21 191 32781.926
21 192 55940.511
21 193 67516.285
21 194 20136.064
21 195 33367.122
21 196 56719.803
21 197 58205.619
21 198 34834.389
21 199 48948.321
21 200 68643.256
22 0 43065.387
22 1 1698.873
22 2 46941.026
22 3 47281.780
22 4 37820.913
22 5 51805.495
22 6 22308.906
22 7 70552.544
22 8 2233.538
22 9 30957.634
22 10 58463.865
22 11 23012.410
22 12 51485.369
22 13 58745.385
22 14 35332.158
22 15 4141.844
22 16 43690.484
22 17 35517.832
22 18 58147.789
22 19 68849.342
22 20 1758.852
22 21 4133.523
22 22 0.000
22 23 31792.197
22 24 47211.421
22 25 41625.768
22 26 2489.088
22 27 44864.082
22 28 70938.656
22 29 41023.348
22 30 1459.081
22 31 45485.243
22 32 69729.308
22 33 41549.328
22 34 57383.264
22 35 62281.238
22 36 2405.603
22 37 41302.823
22 38 55905.693
22 39 50669.310
22 40 54208.976
22 41 17684.333
22 42 67616.634
22 43 22217.749
22 44 56307.951
22 45 35062.951
22 46 33187.505
22 47 52289.068
22 48 57739.200
22 49 55756.697
22 50 53050.726
22 51 55883.798
22 52 57557.424
22 53 52591.660
22 54 39732.912
22 55 50923.712
22 56 54148.964
22 57 73493.214
22 58 31946.065
22 59 33641.281
22 60 73730.506
22 61 68433.600
22 62 51921.519
22 63 30874.708
22 64 38082.149
22 65 34069.798
22 66 34424.915
22 67 69350.721
22 68 36223.057
22 69 49705.376
22 70 15594.417
22 71 30271.947
22 72 42201.359
22 73 56327.928
22 74 41403.641
22 75 42672.740
22 76 42279.455
22 77 68958.273
22 78 21175.477
22 79 29421.653
22 80 53091.720
22 81 29544.797
22 82 33774.417
22 83 33531.966
22 84 54579.959
22 85 20901.942
22 86 20611.434
22 87 57617.136
22 88 49158.223
22 89 57442.754
22 90 44981.802
22 91 71216.834
22 92 47293.124
22 93 45060.355
22 94 67097.696
22 95 40927.790
22 96 36201.191
22 97 39613.347
22 98 47162.090
22 99 32644.286
22 100 4123.583
22 101 64790.647
22 102 50218.394
22 103 49664.064
22 104 53369.079
22 105 18943.119
22 106 48322.745
22 107 68027.487
22 108 59460.904
22 109 40647.761
22 110 30742.513
22 111 50192.679
22 112 68382.837
22 113 51385.836
22 114 36152.786
22 115 856.462
22 116 34.644
22 117 57516.437
22 118 59914.681
22 119 51228.472
22 120 60609.390
22 121 50285.769
22 122 51524.308
22 123 58099.323
22 124 70506.770
22 125 28054.342
22 126 4121.260
22 127 67098.959
22 128 49381.062
22 129 40408.109
22 130 45358.039
22 131 33783.836
22 132 35560.952
22 133 38348.616
22 134 19203.703
22 135 2635.052
22 136 34117.353
22 137 58559.390
22 138 58035.318
22 139 21583.645
22 140 59371.552
22 141 62512.351
22 142 31659.584
22 143 47797.510
22 144 55347.782
22 145 31846.951
22 146 39442.409
22 147 37952.080
22 148 34752.672
22 149 58607.693
22 150 40535.730
22 151 39764.827
22 152 59052.141
22 153 54360.412
22 154 70470.445
22 155 31971.964
22 156 69601.668
22 157 4157.174
22 158 51990.502
22 159 55411.510
22 160 22192.420
22 161 63886.573
22 162 47878.126
22 163 32152.596
22 164 22311.976
22 165 34325.266
22 166 65400.738
22 167 35846.518
22 168 58311.033
22 169 54458.030
22 170 62103.705
22 171 81310.160
22 172 68330.144
22 173 55352.119
22 174 65896.539
22 175 29813.902
22 176 50214.512
22 177 56975.140
22 178 21621.427
22 179 35213.925
22 180 37570.641
22 181 33495.273
22 182 1694.223
22 183 16603.908
22 184 50188.178
22 185 34721.602
22 186 24717.802
22 187 55435.882
22 188 1060.904
22 189 31668.010
22 190 45760.668
22 191 34345.311
22 192 55274.115
22 193 67122.301
22 194 21054.911
22 195 32137.732
22 196 58593.987
22 197 59291.657
22 198 32858.845
22 199 48624.962
22 200 68157.986
23 0 19878.100
23 1 30126.262
23 2 27731.600
23 3 24108.300
23 4 7507.100
23 5 27554.200
23 6 17099.500
23 7 38817.895
23 8 33897.259
23 9 1288.100
23 10 33154.400
23 11 20858.200
23 12 26955.900
23 13 36970.900
23 14 5401.400
23 15 30640.259
23 16 17867.600
23 17 17541.800
23 18 26634.231
23 19 44930.700
23 20 33551.000
23 21 30645.524
23 22 31792.197
23 23 0.000
23 24 32983.200
23 25 17467.800
23 26 33725.929
23 27 28842.900
23 28 44040.000
23 29 17087.700
23 30 32871.892
23 31 31117.800
23 32 46302.400
23 33 13120.002
23 34 31496.100
23 35 38318.900
23 36 33548.305
23 37 12592.830
23 38 31041.800
23 39 34899.900
23 40 31508.900
23 41 20037.900
23 42 44102.000
23 43 18213.100
23 44 31159.900
23 45 31361.415
23 46 23967.800
23 47 28830.100
23 48 35256.400
23 49 33991.400
23 50 27336.100
23 51 31366.100
23 52 31448.900
23 53 30705.200
23 54 13353.300
23 55 28637.700
23 56 38071.400
23 57 47154.249
23 58 15048.500
23 59 4349.900
23 60 46683.762
23 61 36726.024
23 62 36253.100
23 63 12541.553
23 64 22744.100
23 65 23985.100
23 66 5103.600
23 67 42928.682
23 68 21542.200
23 69 25405.300
23 70 23284.900
23 71 5566.400
23 72 40423.965
23 73 25431.438
23 74 16307.600
23 75 17585.500
23 76 18479.900
23 77 41816.500
23 78 16334.400
23 79 4196.000
23 80 32212.000
23 81 15616.500
23 82 20219.200
23 83 32271.247
23 84 29354.000
23 85 14320.600
23 86 18362.800
23 87 26878.312
23 88 41258.772
23 89 33046.400
23 90 19396.100
23 91 46737.700
23 92 27700.200
23 93 21013.200
23 94 39679.400
23 95 12350.389
23 96 17704.800
23 97 14448.900
23 98 28172.000
23 99 5066.800
23 100 30705.710
23 101 42492.500
23 102 26911.400
23 103 26496.900
23 104 37278.500
23 105 19478.700
23 106 24762.400
23 107 42580.529
23 108 35007.300
23 109 12227.038
23 110 5289.800
23 111 24424.400
23 112 42466.836
23 113 26618.300
23 114 37370.818
23 115 32092.908
23 116 31773.286
23 117 32489.700
23 118 36586.200
23 119 27728.200
23 120 40168.200
23 121 25737.200
23 122 34736.300
23 123 26433.599
23 124 46448.100
23 125 7499.100
23 126 30719.215
23 127 35311.469
23 128 27547.400
23 129 14636.932
23 130 29554.100
23 131 4504.700
23 132 18401.900
23 133 23393.300
23 134 14631.600
23 135 29166.917
23 136 4808.200
23 137 35596.100
23 138 36637.000
23 139 22284.200
23 140 36152.200
23 141 31186.450
23 142 3348.600
23 143 29904.600
23 144 29710.600
23 145 15470.200
23 146 13138.000
23 147 18405.800
23 148 14749.100
23 149 32994.300
23 150 14009.911
23 151 13706.500
23 152 34203.700
23 153 30168.200
23 154 43490.800
23 155 19658.600
23 156 38605.668
23 157 30634.362
23 158 31214.700
23 159 26296.005
23 160 11469.500
23 161 32163.154
23 162 46525.996
23 163 7863.900
23 164 15991.500
23 165 8453.300
23 166 41271.900
23 167 33991.708
23 168 35997.000
23 169 34894.200
23 170 41065.000
23 171 52382.988
23 172 45316.800
23 173 33511.900
23 174 41652.300
23 175 3936.000
23 176 47424.121
23 177 31445.700
23 178 16508.000
23 179 15886.800
23 180 17978.000
23 181 19464.100
23 182 33116.384
23 183 21032.500
23 184 27550.900
23 185 20234.200
23 186 15713.600
23 187 34011.300
23 188 32837.852
23 189 6841.500
23 190 23841.600
23 191 5039.800
23 192 31099.400
23 193 43648.100
23 194 12465.200
23 195 17737.000
23 196 27655.255
23 197 33614.500
23 198 20221.100
23 199 25745.700
23 200 45761.200
24 0 28533.300
24 1 46352.056
24 2 4198.300
24 3 33009.300
24 4 39198.300
24 5 47995.500
24 6 26729.200
24 7 50096.465
24 8 48095.842
24 9 33036.300
24 10 45862.500
24 11 21429.600
24 12 47436.400
24 13 12633.300
24 14 37092.500
24 15 49288.915
24 16 38308.900
24 17 12119.800
24 18 47895.131
24 19 32308.000
24 20 48402.391
24 21 49287.485
24 22 47211.421
24 23 32999.900
24 24 0.000
24 25 25203.700
24 26 49681.304
24 27 3539.300
24 28 35246.300
24 29 32500.400
24 30 48665.992
24 31 1865.400
24 32 31730.800
24 33 45697.816
24 34 19409.400
24 35 26842.900
24 36 49613.571
24 37 45081.086
24 38 43749.900
24 39 5777.400
24 40 16516.600
24 41 30519.600
24 42 29776.100
24 43 27842.800
24 44 18193.800
24 45 13400.056
24 46 14713.900
24 47 49271.500
24 48 15029.000
24 49 49174.800
24 50 38920.000
24 51 46549.500
24 52 43450.700
24 53 45888.600
24 54 34809.100
24 55 43821.100
24 56 8197.600
24 57 34192.705
24 58 18691.100
24 59 36041.100
24 60 35630.089
24 61 53166.148
24 62 6379.200
24 63 47128.407
24 64 8263.900
24 65 15142.800
24 66 36794.800
24 67 31193.996
24 68 12699.900
24 69 40588.700
24 70 32914.500
24 71 35299.500
24 72 13913.699
24 73 49886.423
24 74 31043.800
24 75 30007.500
24 76 28115.200
24 77 50494.000
24 78 25855.300
24 79 31570.600
24 80 10508.200
24 81 16694.900
24 82 12739.900
24 83 15804.030
24 84 39983.200
24 85 28887.600
24 86 27992.400
24 87 51403.732
24 88 7629.404
24 89 45754.500
24 90 40487.200
24 91 37944.100
24 92 5676.500
24 93 41515.800
24 94 48357.000
24 95 45029.513
24 96 14291.200
24 97 32022.600
24 98 4914.500
24 99 36209.600
24 100 49332.159
24 101 28166.600
24 102 42094.900
24 103 35131.200
24 104 52461.900
24 105 29108.300
24 106 39945.800
24 107 28579.299
24 108 45636.500
24 109 45073.343
24 110 35022.800
24 111 44865.800
24 112 29612.439
24 113 48297.300
24 114 17367.023
24 115 48004.126
24 116 47177.220
24 117 43119.000
24 118 16358.800
24 119 35426.700
24 120 15907.400
24 121 46178.600
24 122 7510.500
24 123 46523.315
24 124 32122.300
24 125 30559.100
24 126 49342.038
24 127 50277.974
24 128 42730.800
24 129 48518.251
24 130 3978.700
24 131 36195.900
24 132 12434.900
24 133 10831.400
24 134 32682.100
24 135 45319.752
24 136 36499.400
24 137 15368.700
24 138 13084.900
24 139 22855.600
24 140 15924.900
24 141 52154.727
24 142 35039.700
24 143 2726.100
24 144 18002.200
24 145 18374.100
24 146 33776.400
24 147 21993.900
24 148 29485.200
24 149 41671.800
24 150 47648.371
24 151 34430.900
24 152 44832.900
24 153 40797.400
24 154 52168.300
24 155 13861.700
24 156 43697.048
24 157 49294.841
24 158 46398.100
24 159 54488.636
24 160 36859.200
24 161 49647.340
24 162 16785.416
24 163 26783.800
24 164 27258.300
24 165 23756.700
24 166 30113.500
24 167 14364.594
24 168 15769.700
24 169 14666.800
24 170 22839.100
24 171 45663.639
24 172 31687.500
24 173 13284.500
24 174 30494.000
24 175 30980.200
24 176 16005.254
24 177 17868.600
24 178 26775.500
24 179 30622.900
24 180 21177.700
24 181 12822.100
24 182 48888.977
24 183 31923.200
24 184 42734.300
24 185 13054.400
24 186 25343.300
24 187 10799.200
24 188 48053.699
24 189 28023.300
24 190 29591.800
24 191 36731.000
24 192 19391.000
24 193 29322.200
24 194 36451.100
24 195 15178.000
24 196 51295.773
24 197 46322.600
24 198 15185.200
24 199 32014.900
24 200 31435.400
25 0 2875.600
25 1 40193.221
25 2 22188.900
25 3 8482.800
25 4 23113.100
25 5 27593.200
25 6 17429.600
25 7 33686.270
25 8 43334.357
25 9 17738.600
25 10 21137.800
25 11 19443.700
25 12 24193.500
25 13 19968.400
25 14 24353.800
25 15 41911.611
25 16 19290.400
25 17 11788.700
25 18 27626.185
25 19 29109.000
25 20 43268.930
25 21 41914.155
25 22 41625.768
25 23 17702.100
25 24 25043.000
25 25 0.000
25 26 43979.530
25 27 23043.300
25 28 28218.300
25 29 5364.300
25 30 42979.653
25 31 26467.200
25 32 27451.300
25 33 24836.124
25 34 14493.600
25 35 19251.500
25 36 43839.333
25 37 24223.717
25 38 19025.200
25 39 20009.900
25 40 14506.400
25 41 21220.000
25 42 25496.600
25 43 18543.200
25 44 14157.400
25 45 23776.429
25 46 22553.200
25 47 28325.900
25 48 18253.900
25 49 25932.000
25 50 14399.900
25 51 23306.600
25 52 18930.600
25 53 22645.800
25 54 15902.600
25 55 20578.200
25 56 21994.100
25 57 32296.447
25 58 13633.900
25 59 23302.300
25 60 32289.513
25 61 34771.630
25 62 20175.700
25 63 28884.852
25 64 18093.500
25 65 19334.500
25 66 24056.100
25 67 28072.074
25 68 16891.600
25 69 17345.800
25 70 23615.000
25 71 20001.700
25 72 31106.423
25 73 29025.865
25 74 7066.700
25 75 6040.700
25 76 3408.100
25 77 25994.800
25 78 16555.800
25 79 16272.900
25 80 16134.600
25 81 14202.000
25 82 19591.800
25 83 25785.414
25 84 15698.300
25 85 19588.100
25 86 18692.900
25 87 30584.210
25 88 28677.330
25 89 21029.900
25 90 20250.700
25 91 30916.000
25 92 22157.500
25 93 19546.900
25 94 23857.800
25 95 24225.647
25 96 12162.100
25 97 4895.500
25 98 22629.300
25 99 20911.900
25 100 41971.851
25 101 23887.100
25 102 18852.000
25 103 10604.800
25 104 29219.100
25 105 19808.800
25 106 16703.000
25 107 27175.865
25 108 21351.600
25 109 24315.591
25 110 19725.100
25 111 23231.100
25 112 27303.854
25 113 25054.400
25 114 30492.183
25 115 42189.488
25 116 41597.747
25 117 18834.000
25 118 19583.700
25 119 11524.900
25 120 23165.700
25 121 25776.200
25 122 18658.900
25 123 26475.170
25 124 27842.700
25 125 15261.400
25 126 41984.728
25 127 32267.645
25 128 19487.900
25 129 28005.061
25 130 23754.600
25 131 23457.200
25 132 12648.800
25 133 18742.700
25 134 21177.200
25 135 39101.693
25 136 21177.100
25 137 18593.600
25 138 19634.500
25 139 20869.700
25 140 19149.700
25 141 32198.167
25 142 19742.000
25 143 24361.900
25 144 12708.100
25 145 10999.300
25 146 16467.700
25 147 4560.700
25 148 12472.000
25 149 17172.600
25 150 27057.061
25 151 17360.300
25 152 20548.000
25 153 16512.400
25 154 27669.100
25 155 18244.100
25 156 29940.894
25 157 41910.789
25 158 23155.300
25 159 33244.627
25 160 21561.500
25 161 30640.706
25 162 36256.420
25 163 11078.400
25 164 17958.700
25 165 9469.100
25 166 25450.200
25 167 26487.551
25 168 18994.500
25 169 17891.700
25 170 20795.600
25 171 39715.152
25 172 27408.000
25 173 16509.400
25 174 25830.600
25 175 15682.500
25 176 36329.042
25 177 14443.200
25 178 17476.000
25 179 13609.700
25 180 4561.400
25 181 18049.600
25 182 43234.418
25 183 22623.600
25 184 19491.400
25 185 15089.200
25 186 16043.700
25 187 17933.900
25 188 42667.662
25 189 11712.200
25 190 6839.100
25 191 23992.200
25 192 14096.900
25 193 25042.700
25 194 21153.400
25 195 12683.700
25 196 30645.335
25 197 21598.000
25 198 18806.500
25 199 8743.200
25 200 27155.800
26 0 45418.105
26 1 3789.016
26 2 49428.931
26 3 49512.074
26 4 39483.508
26 5 53313.013
26 6 24765.663
26 7 72533.825
26 8 2393.075
26 9 32913.125
26 10 60497.909
26 11 25498.255
26 12 53095.945
26 13 61234.409
26 14 37177.592
26 15 4010.002
26 16 45475.033
26 17 37992.594
26 18 59917.589
26 19 71185.939
26 20 1632.897
26 21 4001.164
26 22 2489.088
26 23 33725.929
26 24 49681.304
26 25 43979.530
26 26 0.000
26 27 47343.255
26 28 73251.034
26 29 43280.160
26 30 1034.006
26 31 47945.335
26 32 72093.415
26 33 43050.097
26 34 59816.663
26 35 64614.426
26 36 196.241
26 37 42830.338
26 38 57939.035
26 39 53157.539
26 40 56661.331
26 41 20104.273
26 42 69987.155
26 43 24692.477
26 44 58741.875
26 45 37469.827
26 46 35617.507
26 47 53773.250
26 48 60217.825
26 49 57367.726
26 50 55222.744
26 51 57544.179
26 52 59643.600
26 53 54254.601
26 54 41615.283
26 55 52687.742
26 56 56633.882
26 57 75909.809
26 58 34403.313
26 59 35424.426
26 60 76126.710
26 61 70260.702
26 62 54408.418
26 63 32064.890
26 64 40566.795
26 65 36557.517
26 66 36238.760
26 67 71759.670
26 68 38705.454
26 69 51564.678
26 70 18083.183
26 71 32053.124
26 72 44486.305
26 73 57975.919
26 74 43619.525
26 75 44894.164
26 76 44578.913
26 77 71251.372
26 78 23564.554
26 79 31412.842
26 80 55575.199
26 81 32025.267
26 82 36262.132
26 83 35898.229
26 84 56752.335
26 85 23199.624
26 86 23013.994
26 87 59234.710
26 88 51554.434
26 89 59475.554
26 90 46787.181
26 91 73516.772
26 92 49782.123
26 93 46905.258
26 94 69369.648
26 95 42450.618
26 96 38658.784
26 97 41864.398
26 98 49650.854
26 99 34520.265
26 100 3958.423
26 101 67202.936
26 102 52005.429
26 103 51886.943
26 104 54880.959
26 105 21376.491
26 106 50203.427
26 107 70458.805
26 108 61582.100
26 109 42162.864
26 110 32553.060
26 111 51870.003
26 112 70803.680
26 113 52962.409
26 114 38406.174
26 115 1796.505
26 116 2522.329
26 117 59682.813
26 118 62387.665
26 119 53474.195
26 120 63096.088
26 121 51824.456
26 122 54013.393
26 123 59918.898
26 124 72894.648
26 125 30190.881
26 126 3948.750
26 127 68993.198
26 128 51170.714
26 129 41729.571
26 130 47839.443
26 131 35612.394
26 132 38042.283
26 133 40823.337
26 134 21380.019
26 135 4877.842
26 136 35843.955
26 137 61040.105
26 138 60524.403
26 139 24071.287
26 140 61849.633
26 141 64225.634
26 142 33397.896
26 143 50282.244
26 144 57784.925
26 145 34294.936
26 146 41273.750
26 147 40362.531
26 148 36874.373
26 149 60855.822
26 150 41909.543
26 151 41559.207
26 152 61221.482
26 153 56501.671
26 154 72758.816
26 155 34460.250
26 156 71748.771
26 157 4024.028
26 158 53631.883
26 159 56832.257
26 160 24135.250
26 161 65726.357
26 162 50096.744
26 163 34404.694
26 164 24711.887
26 165 36539.489
26 166 67716.101
26 167 38200.973
26 168 60777.460
26 169 56924.647
26 170 64503.499
26 171 83637.640
26 172 70675.532
26 173 57824.230
26 174 68222.492
26 175 31909.656
26 176 52465.077
26 177 59414.929
26 178 24031.703
26 179 37401.866
26 180 39990.427
26 181 35984.082
26 182 795.489
26 183 19064.141
26 184 51945.947
26 185 37210.234
26 186 27138.379
26 187 57924.289
26 188 1664.888
26 189 33900.279
26 190 48179.962
26 191 36114.316
26 192 57697.093
26 193 69506.677
26 194 23040.271
26 195 34610.179
26 196 60241.065
26 197 61275.741
26 198 35340.040
26 199 50989.775
26 200 70557.691
27 0 26533.600
27 1 43953.488
27 2 3330.700
27 3 31009.500
27 4 34706.800
27 5 45995.800
27 6 24729.400
27 7 48674.560
27 8 45822.852
27 9 28544.800
27 10 43862.700
27 11 19429.800
27 12 45436.600
27 13 17538.200
27 14 32601.000
27 15 46821.865
27 16 36309.200
27 17 10120.100
27 18 45780.512
27 19 35060.900
27 20 46100.894
27 21 46820.707
27 22 44864.082
27 23 28508.300
27 24 3539.300
27 25 23204.000
27 26 47343.255
27 27 0.000
27 28 50717.800
27 29 27331.300
27 30 46321.792
27 31 3331.700
27 32 34483.700
27 33 42997.052
27 34 22162.300
27 35 29595.800
27 36 47269.267
27 37 42380.645
27 38 41750.100
27 39 8530.300
27 40 19269.500
27 41 28519.800
27 42 32529.000
27 43 25843.100
27 44 20946.700
27 45 12002.496
27 46 16180.200
27 47 47271.700
27 48 17781.900
27 49 47175.100
27 50 36920.300
27 51 44549.700
27 52 41450.900
27 53 43888.900
27 54 32809.400
27 55 41821.400
27 56 10950.500
27 57 34526.154
27 58 16691.300
27 59 31549.500
27 60 35800.862
27 61 51437.595
27 62 9132.100
27 63 44268.505
27 64 6264.100
27 65 10979.700
27 66 32303.300
27 67 31276.841
27 68 8536.800
27 69 38588.900
27 70 30914.800
27 71 30807.900
27 72 14440.441
27 73 47621.052
27 74 29044.100
27 75 28007.800
27 76 26115.400
27 77 48494.300
27 78 23855.600
27 79 27079.100
27 80 13261.100
27 81 14695.200
27 82 10740.200
27 83 14531.005
27 84 37983.500
27 85 26887.900
27 86 25992.700
27 87 49153.224
27 88 9851.501
27 89 43754.800
27 90 38487.500
27 91 53415.500
27 92 8429.400
27 93 39516.100
27 94 46357.300
27 95 42320.635
27 96 12291.400
27 97 26862.400
27 98 3952.400
27 99 31718.100
27 100 46866.592
27 101 30919.500
27 102 40095.100
27 103 33131.500
27 104 50462.200
27 105 27108.600
27 106 37946.100
27 107 28814.206
27 108 43636.800
27 109 42357.536
27 110 30531.300
27 111 42866.000
27 112 29756.726
27 113 46297.500
27 114 16893.827
27 115 45644.842
27 116 44830.101
27 117 41119.200
27 118 19111.700
27 119 33426.900
27 120 20812.200
27 121 44178.800
27 122 10263.400
27 123 44452.843
27 124 34875.100
27 125 26067.600
27 126 46876.747
27 127 48600.746
27 128 40731.100
27 129 45766.194
27 130 948.500
27 131 31704.400
27 132 10435.200
27 133 6879.900
27 134 30682.400
27 135 42908.447
27 136 32007.900
27 137 18121.600
27 138 17989.800
27 139 20855.900
27 140 18677.800
27 141 50121.910
27 142 30548.200
27 143 5479.000
27 144 20755.100
27 145 16374.400
27 146 31776.700
27 147 19994.100
27 148 27485.500
27 149 39672.100
27 150 44906.529
27 151 32431.100
27 152 42833.200
27 153 38797.600
27 154 50168.600
27 155 11862.000
27 156 42601.752
27 157 46827.351
27 158 44398.400
27 159 52065.460
27 160 32367.700
27 161 47792.990
27 162 18231.435
27 163 22292.300
27 164 25258.500
27 165 21757.000
27 166 32866.400
27 167 13458.130
27 168 18522.500
27 169 17419.700
27 170 25592.000
27 171 45660.635
27 172 34440.400
27 173 16037.400
27 174 33246.800
27 175 26488.700
27 176 17821.855
27 177 20621.500
27 178 24775.800
27 179 28623.200
27 180 19177.900
27 181 10822.400
27 182 46548.956
27 183 29923.400
27 184 40734.500
27 185 11054.700
27 186 23343.500
27 187 13552.100
27 188 45728.919
27 189 23531.800
27 190 27592.100
27 191 32239.400
27 192 22143.800
27 193 32075.100
27 194 31959.600
27 195 13178.200
27 196 49093.989
27 197 44322.800
27 198 13185.500
27 199 30015.200
27 200 34188.300
28 0 27245.300
28 1 69462.447
28 2 34691.800
28 3 21543.800
28 4 37421.700
28 5 38250.400
28 6 45019.100
28 7 19414.776
28 8 72699.542
28 9 43111.900
28 10 24657.800
28 11 45688.000
28 12 34850.800
28 13 33318.800
28 14 41421.500
28 15 70955.351
28 16 33007.800
28 17 39378.200
28 18 29067.585
28 19 3776.200
28 20 72606.219
28 21 70958.625
28 22 70938.656
28 23 43075.500
28 24 35212.800
28 25 27859.400
28 26 73251.034
28 27 50632.800
28 28 0.000
28 29 25313.700
28 30 72265.556
28 31 53333.400
28 32 4303.400
28 33 42068.320
28 34 18294.400
28 35 8990.600
28 36 73103.956
28 37 41674.670
28 38 22945.600
28 39 29783.200
28 40 23491.900
28 41 48809.500
28 42 5478.800
28 43 46132.800
28 44 20342.800
28 45 48041.031
28 46 48797.600
28 47 38983.100
28 48 23102.200
28 49 36589.200
28 50 17966.500
28 51 33963.900
28 52 22266.900
28 53 33303.000
28 54 32970.200
28 55 31235.500
28 56 31767.400
28 57 10387.557
28 58 39878.300
28 59 40370.000
28 60 8219.006
28 61 25979.125
28 62 29949.000
28 63 51937.492
28 64 44959.700
28 65 46200.700
28 66 41123.700
28 67 9014.674
28 68 43757.800
28 69 28003.100
28 70 51204.500
28 71 42595.400
28 72 51602.469
28 73 33311.227
28 74 24678.000
28 75 25120.400
28 76 25170.600
28 77 3377.200
28 78 44145.300
28 79 39787.200
28 80 25944.700
28 81 40446.400
28 82 45049.000
28 83 50556.519
28 84 17591.100
28 85 44380.600
28 86 46282.400
28 87 33992.061
28 88 44342.146
28 89 24171.800
28 90 31704.400
28 91 2697.700
28 92 49747.000
28 93 33043.100
28 94 4445.800
28 95 41944.747
28 96 39751.600
28 97 26585.700
28 98 34211.400
28 99 41321.800
28 100 71017.585
28 101 10072.800
28 102 29509.300
28 103 18625.800
28 104 39876.300
28 105 47398.300
28 106 30199.200
28 107 11864.866
28 108 15384.100
28 109 42225.029
28 110 43637.300
28 111 33888.400
28 112 10517.651
28 113 35711.700
28 114 53948.481
28 115 71471.014
28 116 70911.570
28 117 15559.500
28 118 26996.300
28 119 17244.700
28 120 32121.100
28 121 36433.500
28 122 28432.300
28 123 27436.446
28 124 6710.500
28 125 38629.200
28 126 71030.762
28 127 23144.638
28 128 30145.200
28 129 45895.480
28 130 35637.800
28 131 40524.800
28 132 40238.300
28 133 45608.900
28 134 44691.500
28 135 68380.291
28 136 38244.700
28 137 23734.800
28 138 28736.600
28 139 47114.100
28 140 27156.200
28 141 30290.081
28 142 40615.800
28 143 32608.900
28 144 22222.000
28 145 38588.800
28 146 33535.300
28 147 32646.900
28 148 33348.900
28 149 12044.200
28 150 44886.882
28 151 33306.600
28 152 14712.900
28 153 18405.300
28 154 2089.700
28 155 44488.500
28 156 10882.729
28 157 70953.208
28 158 33812.500
28 159 39964.178
28 160 45075.800
28 161 25529.326
28 162 54151.394
28 163 34240.000
28 164 45548.300
28 165 32630.700
28 166 5708.700
28 167 50172.971
28 168 20959.300
28 169 22907.200
28 170 11581.600
28 171 10459.251
28 172 3851.700
28 173 22335.400
28 174 4870.100
28 175 39196.800
28 176 52768.664
28 177 19407.700
28 178 45065.500
28 179 34486.700
28 180 32635.900
28 181 44294.000
28 182 72520.709
28 183 50213.100
28 184 30148.700
28 185 42678.700
28 186 43633.200
28 187 27321.200
28 188 71988.238
28 189 34873.800
28 190 27183.000
28 191 41059.900
28 192 17793.700
28 193 7117.800
28 194 44667.700
28 195 40273.200
28 196 32925.538
28 197 20901.900
28 198 45050.900
28 199 23234.100
28 200 11571.100
29 0 4663.200
29 1 39499.934
29 2 26399.200
29 3 5295.900
29 4 18862.300
29 5 23341.100
29 6 20624.000
29 7 31660.918
29 8 42873.540
29 9 17332.500
29 10 17667.600
29 11 22140.000
29 12 19941.500
29 13 21756.000
29 14 20102.900
29 15 40869.301
29 16 15039.500
29 17 16209.300
29 18 24023.554
29 19 25922.100
29 20 42723.303
29 21 40872.742
29 22 41023.348
29 23 17296.100
29 24 31650.700
29 25 4557.100
29 26 43280.160
29 27 27510.400
29 28 25031.400
29 29 0.000
29 30 42312.468
29 31 29785.400
29 32 26163.100
29 33 20404.418
29 34 16281.200
29 35 18425.300
29 36 43126.788
29 37 19794.161
29 38 15555.000
29 39 21797.600
29 40 16294.000
29 41 24414.300
29 42 24208.400
29 43 21737.600
29 44 15945.000
29 45 27193.805
29 46 25249.500
29 47 24073.800
29 48 20041.500
29 49 21679.900
29 50 11126.400
29 51 19054.500
29 52 15657.100
29 53 18393.700
29 54 11651.700
29 55 16326.200
29 56 23781.700
29 57 34307.867
29 58 16330.200
29 59 19051.500
29 60 34006.501
29 61 31940.856
29 62 21963.300
29 63 25175.433
29 64 21411.600
29 65 22652.600
29 66 19805.200
29 67 30065.359
29 68 20209.800
29 69 13093.800
29 70 26809.300
29 71 21276.800
29 72 34991.442
29 73 25051.457
29 74 1730.300
29 75 2142.400
29 76 2616.700
29 77 22807.900
29 78 19750.100
29 79 15866.800
29 80 17922.200
29 81 16898.300
29 82 21500.900
29 83 29008.768
29 84 12424.800
29 85 20460.200
29 86 21887.200
29 87 26625.168
29 88 33029.345
29 89 17559.600
29 90 14763.300
29 91 27729.200
29 92 26367.700
29 93 15294.900
29 94 20670.900
29 95 19807.392
29 96 16372.300
29 97 2026.600
29 98 26839.600
29 99 20003.300
29 100 40931.936
29 101 22598.900
29 102 14599.900
29 103 7417.900
29 104 24967.000
29 105 23003.100
29 106 12450.900
29 107 29564.680
29 108 18078.100
29 109 19907.393
29 110 19319.000
29 111 18979.100
29 112 29509.806
29 113 20802.300
29 114 33894.293
29 115 41515.392
29 116 40997.670
29 117 15560.600
29 118 21371.300
29 119 8338.000
29 120 24953.300
29 121 21524.200
29 122 20446.600
29 123 23015.472
29 124 26554.500
29 125 14708.800
29 126 40945.171
29 127 29649.369
29 128 15235.900
29 129 23641.922
29 130 28221.700
29 131 19206.300
29 132 17069.400
29 133 22060.900
29 134 20771.100
29 135 38431.187
29 136 16926.200
29 137 20381.200
29 138 21422.100
29 139 23566.000
29 140 20937.300
29 141 28699.681
29 142 19297.300
29 143 28572.100
29 144 14495.800
29 145 14319.900
29 146 12216.800
29 147 8828.900
29 148 8253.100
29 149 13985.700
29 150 22678.717
29 151 13109.400
29 152 17274.500
29 153 13239.000
29 154 24482.200
29 155 20940.400
29 156 28991.481
29 157 40866.854
29 158 18903.200
29 159 28965.564
29 160 21155.400
29 161 27622.719
29 162 40342.536
29 163 10319.600
29 164 21153.100
29 165 8710.200
29 166 22263.300
29 167 29948.333
29 168 20782.100
29 169 19679.300
29 170 21171.400
29 171 40553.090
29 172 26119.800
29 173 18297.000
29 174 22643.700
29 175 15276.400
29 176 40535.160
29 177 16230.800
29 178 20670.300
29 179 9390.800
29 180 8324.600
29 181 20745.900
29 182 42567.336
29 183 25817.900
29 184 15239.300
29 185 17981.200
29 186 19238.000
29 187 19721.500
29 188 42080.540
29 189 10953.300
29 190 8626.800
29 191 19741.400
29 192 15884.600
29 193 23754.500
29 194 20747.300
29 195 16004.300
29 196 26788.705
29 197 18127.700
29 198 21502.800
29 199 10530.800
29 200 25867.700
30 0 44418.618
30 1 2814.072
30 2 48399.924
30 3 48553.918
30 4 38732.150
30 5 52623.974
30 6 23735.623
30 7 71666.825
30 8 2047.627
30 9 32050.926
30 10 59610.732
30 11 24464.439
30 12 52367.212
30 13 60203.306
30 14 36356.999
30 15 3806.286
30 16 44678.942
30 17 36959.295
30 18 59129.025
30 19 70192.343
30 20 1226.658
30 21 3797.246
30 22 1459.081
30 23 32871.892
30 24 48665.992
30 25 42979.653
30 26 1034.006
30 27 46321.792
30 28 72265.556
30 29 42312.468
30 30 0.000
30 31 46935.899
30 32 71090.855
30 33 42361.509
30 34 58792.981
30 35 63621.835
30 36 947.673
30 37 42131.411
30 38 57051.934
30 39 52128.085
30 40 55632.682
30 41 19083.164
30 42 68982.511
30 43 23659.117
30 44 57718.041
30 45 36488.574
30 46 34624.340
30 47 53093.311
30 48 59184.086
30 49 56639.434
30 50 54285.390
30 51 56797.002
30 52 58737.345
30 53 53506.005
30 54 40781.934
30 55 51900.508
30 56 55607.950
30 57 74891.033
30 58 33373.333
30 59 34626.554
30 60 75114.075
30 61 69451.332
30 62 53380.583
30 63 31492.371
30 64 39541.092
30 65 35524.174
30 66 35429.671
30 67 70743.130
30 68 37681.582
30 69 50741.449
30 70 17052.884
30 71 31254.878
30 72 43564.028
30 73 57233.537
30 74 42665.966
30 75 43938.780
30 76 43596.875
30 77 70272.384
30 78 22552.508
30 79 30537.274
30 80 54541.195
30 81 30991.347
30 82 35233.374
30 83 34936.898
30 84 55814.939
30 85 22215.919
30 86 21997.984
30 87 58504.146
30 88 50578.956
30 89 58588.762
30 90 45983.485
30 91 72535.505
30 92 48749.959
30 93 46086.768
30 94 68397.856
30 95 41753.392
30 96 37628.774
30 97 40898.572
30 98 48620.485
30 99 33687.666
30 100 3766.978
30 101 66185.363
30 102 51209.413
30 103 50931.502
30 104 54190.492
30 105 20351.944
30 106 49372.037
30 107 69435.773
30 108 60663.287
30 109 41468.529
30 110 31744.075
30 111 51115.569
30 112 69783.630
30 113 52246.706
30 114 37498.005
30 115 797.450
30 116 1492.755
30 117 58747.706
30 118 61354.687
30 119 52510.903
30 120 62062.393
30 121 51123.140
30 122 52981.870
30 123 59111.516
30 124 71884.561
30 125 29263.218
30 126 3760.105
30 127 68158.466
30 128 50373.597
30 129 41110.005
30 130 46816.348
30 131 34797.660
30 132 37008.321
30 133 39804.886
30 134 20436.041
30 135 3885.482
30 136 35067.389
30 137 60006.189
30 138 59492.895
30 139 23042.633
30 140 60815.952
30 141 63458.989
30 142 32616.133
30 143 49256.471
30 144 56760.207
30 145 33267.140
30 146 40459.325
30 147 39345.088
30 148 35953.158
30 149 59892.003
30 150 41269.690
30 151 40758.666
30 152 60285.393
30 153 55575.360
30 154 71781.472
30 155 33430.728
30 156 70821.078
30 157 3821.570
30 158 52891.436
30 159 56177.426
30 160 23274.345
30 161 64911.864
30 162 49205.473
30 163 33437.815
30 164 23696.785
30 165 35585.819
30 166 66729.511
30 167 37245.469
30 168 59745.672
30 169 55892.811
30 170 63489.650
30 171 82647.255
30 172 69679.033
30 173 56791.388
30 174 67232.374
30 175 30996.745
30 176 51559.236
30 177 58389.513
30 178 23013.587
30 179 36457.417
30 180 38970.285
30 181 34951.564
30 182 255.159
30 183 18033.197
30 184 51160.979
30 185 36177.496
30 186 26117.579
30 187 56891.321
30 188 815.903
30 189 32940.089
30 190 47160.118
30 191 35321.932
30 192 56676.316
30 193 68497.646
30 194 22163.568
30 195 33577.213
30 196 59499.307
30 197 60407.013
30 198 34317.073
30 199 49986.595
30 200 69543.933
31 0 28325.700
31 1 44670.577
31 2 5277.200
31 3 32801.600
31 4 37333.000
31 5 49267.100
31 6 26843.900
31 7 51545.852
31 8 46311.319
31 9 31171.000
31 10 47472.500
31 11 25055.300
31 12 48707.900
31 13 15864.200
31 14 35227.200
31 15 47669.488
31 16 39580.500
31 17 11912.200
31 18 48788.837
31 19 33386.900
31 20 46638.866
31 21 47667.784
31 22 45485.243
31 23 31134.500
31 24 1865.400
31 25 24996.100
31 26 47945.335
31 27 3331.700
31 28 36325.200
31 29 30635.000
31 30 46935.899
31 31 0.000
31 32 32809.700
31 33 45770.409
31 34 20488.400
31 35 27921.800
31 36 47882.732
31 37 45154.785
31 38 45359.900
31 39 6856.300
31 40 17595.500
31 41 30634.200
31 42 30855.000
31 43 27957.500
31 44 19272.700
31 45 11305.199
31 46 12848.500
31 47 50543.000
31 48 16107.900
31 49 50446.400
31 50 40734.600
31 51 47821.000
31 52 45265.300
31 53 47160.100
31 54 36080.700
31 55 45092.600
31 56 9276.500
31 57 36327.344
31 58 19809.200
31 59 34175.700
31 60 37733.167
31 61 54399.689
31 62 7458.200
31 63 46631.284
31 64 8056.200
31 65 13277.400
31 66 34929.400
31 67 33274.039
31 68 10834.500
31 69 41860.200
31 70 33029.200
31 71 33434.100
31 72 11927.518
31 73 50618.696
31 74 31825.600
31 75 32375.400
31 76 30969.300
31 77 50286.400
31 78 25970.000
31 79 29705.300
31 80 11587.100
31 81 20987.900
31 82 13858.000
31 83 13667.149
31 84 39775.600
31 85 29002.300
31 86 28107.100
31 87 52152.736
31 88 6912.049
31 89 47364.600
31 90 41758.800
31 91 39023.000
31 92 6755.400
31 93 42787.400
31 94 48149.400
31 95 45084.420
31 96 14083.500
31 97 30157.200
31 98 5993.400
31 99 34344.300
31 100 47711.200
31 101 29245.500
31 102 43366.400
31 103 34923.600
31 104 53733.500
31 105 29223.000
31 106 41217.400
31 107 30691.278
31 108 45428.900
31 109 45112.389
31 110 33157.500
31 111 46137.300
31 112 31705.598
31 113 49568.800
31 114 15176.106
31 115 46287.090
31 116 45450.895
31 117 42911.300
31 118 17437.700
31 119 35219.000
31 120 19138.300
31 121 47450.100
31 122 8589.400
31 123 47460.563
31 124 33201.200
31 125 28693.700
31 126 47720.793
31 127 51550.012
31 128 44002.300
31 129 48465.610
31 130 3771.100
31 131 34330.600
31 132 12227.300
31 133 8966.000
31 134 32796.800
31 135 43650.869
31 136 34634.000
31 137 16447.600
31 138 16315.800
31 139 26481.300
31 140 17003.800
31 141 53128.239
31 142 33174.400
31 143 3805.000
31 144 19081.100
31 145 18025.500
31 146 35047.900
31 147 21786.200
31 148 30756.800
31 149 41464.200
31 150 47622.749
31 151 35702.400
31 152 44625.300
31 153 40589.700
31 154 51960.700
31 155 14979.900
31 156 45336.227
31 157 47675.852
31 158 47669.600
31 159 55024.498
31 160 34993.900
31 161 50779.235
31 162 15300.258
31 163 24918.500
31 164 27373.000
31 165 25028.300
31 166 31192.400
31 167 12178.102
31 168 16848.600
31 169 15745.700
31 170 23918.000
31 171 47730.175
31 172 32766.400
31 173 14363.400
31 174 31572.900
31 175 29114.900
31 176 14819.089
31 177 18947.500
31 178 26890.200
31 179 31894.500
31 180 20970.000
31 181 13940.300
31 182 47155.292
31 183 32037.800
31 184 44005.800
31 185 14172.500
31 186 25457.900
31 187 11878.100
31 188 46308.566
31 189 26158.000
31 190 29384.200
31 191 34865.600
31 192 20469.900
31 193 30401.200
31 194 34585.800
31 195 16295.500
31 196 52098.590
31 197 47932.600
31 198 18439.300
31 199 31807.300
31 200 32514.300
32 0 27633.600
32 1 68308.498
32 2 31173.200
32 3 22663.500
32 4 39684.100
32 5 40512.900
32 6 45407.500
32 7 23539.046
32 8 71403.408
32 9 45374.400
32 10 26920.200
32 11 46807.700
32 12 37113.200
32 13 25551.900
32 14 43683.900
32 15 70003.252
32 16 35270.300
32 17 39766.500
32 18 31892.415
32 19 2275.400
32 20 71359.703
32 21 70005.993
32 22 69729.308
32 23 45337.900
32 24 31694.200
32 25 28679.900
32 26 72093.415
32 27 34447.100
32 28 4303.400
32 29 26433.400
32 30 71090.855
32 31 32773.100
32 32 0.000
32 33 43410.619
32 34 14775.800
32 35 9554.800
32 36 71954.397
32 37 42970.932
32 38 25208.000
32 39 26264.600
32 40 19973.200
32 41 49197.900
32 42 2141.500
32 43 46521.100
32 44 16824.200
32 45 45050.182
32 46 49917.300
32 47 41245.600
32 48 19583.500
32 49 38851.700
32 50 20228.900
32 51 36226.300
32 52 24529.400
32 53 35565.400
32 54 35232.600
32 55 33497.900
32 56 28248.800
32 57 6721.699
32 58 40998.000
32 59 42632.400
32 60 5148.746
32 61 29843.041
32 62 26430.400
32 63 52584.642
32 64 46071.300
32 65 47312.300
32 66 43386.100
32 67 4525.072
32 68 44869.500
32 69 30265.500
32 70 51592.800
32 71 44857.800
32 72 48057.112
32 73 36011.038
32 74 25797.700
32 75 24771.700
32 76 26290.300
32 77 5639.600
32 78 44533.600
32 79 42049.700
32 80 22426.100
32 81 41566.100
32 82 46168.700
32 83 47596.072
32 84 19853.500
32 85 46643.000
32 86 46670.800
32 87 36833.032
32 88 40476.884
32 89 26434.200
32 90 33966.800
32 91 7001.100
32 92 31454.700
32 93 35305.600
32 94 6708.200
32 95 43210.941
32 96 40139.900
32 97 27705.400
32 98 30692.800
32 99 43584.200
32 100 70064.065
32 101 6510.800
32 102 31771.700
32 103 19745.400
32 104 42138.700
32 105 47786.600
32 106 32461.600
32 107 7360.520
32 108 17646.600
32 109 43472.676
32 110 45899.700
32 111 36150.800
32 112 6011.527
32 113 37974.100
32 114 50732.902
32 115 70301.947
32 116 69700.942
32 117 17821.900
32 118 21542.100
32 119 18364.400
32 120 27199.700
32 121 38695.900
32 122 24913.600
32 123 30214.406
32 124 2359.000
32 125 40891.600
32 126 70077.031
32 127 26911.115
32 128 32407.600
32 129 47258.706
32 130 32119.200
32 131 42787.300
32 132 40626.600
32 133 46720.500
32 134 46953.900
32 135 67215.734
32 136 40507.200
32 137 20216.200
32 138 25218.000
32 139 48233.800
32 140 20479.300
32 141 33593.371
32 142 42878.300
32 143 29090.300
32 144 18703.400
32 145 38977.100
32 146 35797.800
32 147 33766.600
32 148 35611.400
32 149 14306.700
32 150 46230.617
32 151 35569.100
32 152 16975.300
32 153 20667.700
32 154 5418.400
32 155 45608.200
32 156 14991.266
32 157 70002.076
32 158 36074.900
32 159 42635.953
32 160 47338.300
32 161 28961.209
32 162 50309.794
32 163 36502.400
32 164 45936.600
32 165 34893.100
32 166 6272.900
32 167 47054.118
32 168 17440.600
32 169 19388.500
32 170 8019.600
32 171 12044.166
32 172 1774.100
32 173 18816.700
32 174 5434.300
32 175 41459.300
32 176 48822.691
32 177 15889.000
32 178 45453.800
32 179 36749.100
32 180 33024.300
32 181 45413.700
32 182 71345.436
32 183 50601.500
32 184 32411.100
32 185 43067.000
32 186 44021.600
32 187 23802.500
32 188 70767.456
32 189 37136.200
32 190 27571.400
32 191 43322.300
32 192 14275.100
32 193 3225.500
32 194 46930.200
32 195 40661.500
32 196 35854.852
32 197 23164.400
32 198 46170.600
32 199 23622.400
32 200 8009.100
33 0 25266.720
33 1 39852.667
33 2 41875.740
33 3 21658.445
33 4 4991.234
33 5 10263.065
33 6 30041.573
33 7 32866.784
33 8 43769.946
33 9 13994.212
33 10 23109.093
33 11 32520.539
33 12 10340.559
33 13 48540.180
33 14 9516.907
33 15 39406.673
33 16 6987.134
33 17 31775.423
33 18 18209.967
33 19 41354.747
33 20 43262.063
33 21 39413.777
33 22 41549.328
33 23 13120.002
33 24 45697.816
33 25 24836.124
33 26 43050.097
33 27 42997.052
33 28 42068.320
33 29 20404.418
33 30 42361.509
33 31 45770.409
33 32 43410.619
33 33 0.000
33 34 38321.946
33 35 35906.756
33 36 42857.594
33 37 616.781
33 38 21015.468
33 39 43911.080
33 40 37886.612
33 41 30174.210
33 42 42003.235
33 43 31295.600
33 44 37627.055
33 45 44021.443
33 46 41963.554
33 47 10741.062
33 48 43665.075
33 49 14532.951
33 50 22928.791
33 51 14979.849
33 52 23677.141
33 53 11827.409
33 54 8858.956
33 55 11556.923
33 56 47454.826
33 57 49617.011
33 58 29354.433
33 59 9683.746
33 60 48531.227
33 61 28696.552
33 62 45339.250
33 63 12112.886
33 64 38610.184
33 65 34001.188
33 66 9553.956
33 67 45664.952
33 68 38354.610
33 69 12319.490
33 70 35089.055
33 71 12402.496
33 72 52881.184
33 73 15322.539
33 74 18946.820
33 75 19489.463
33 76 22504.693
33 77 39612.427
33 78 27758.423
33 79 15539.362
33 80 41584.997
33 81 31600.726
33 82 36162.247
33 83 45122.348
33 84 23994.554
33 85 25784.671
33 86 28390.387
33 87 16404.676
33 88 52633.077
33 89 22238.528
33 90 8069.895
33 91 41805.572
33 92 40507.157
33 93 9047.121
33 94 37241.652
33 95 769.628
33 96 30065.904
33 97 19900.407
33 98 41416.525
33 99 11676.703
33 100 39470.859
33 101 42237.257
33 102 11341.227
33 103 22633.741
33 104 11830.885
33 105 30062.019
33 106 11809.576
33 107 46177.855
33 108 26154.366
33 109 944.527
33 110 12284.700
33 111 9727.646
33 112 45686.139
33 113 10042.855
33 114 50238.706
33 115 41647.166
33 116 41537.920
33 117 25961.083
33 118 44274.794
33 119 24427.395
33 120 47741.726
33 121 8802.863
33 122 43428.769
33 123 18801.177
33 124 45336.617
33 125 18810.836
33 126 39483.729
33 127 28264.837
33 128 10711.586
33 129 3848.219
33 130 42858.502
33 131 10205.138
33 132 32795.630
33 133 40424.355
33 134 25131.037
33 135 39060.769
33 136 8640.446
33 137 44650.960
33 138 47804.722
33 139 34613.164
33 140 44720.299
33 141 21854.887
33 142 10831.364
33 143 43493.029
33 144 37248.656
33 145 28624.926
33 146 7659.023
33 147 26996.303
33 148 15834.309
33 149 29575.504
33 150 2822.675
33 151 6743.186
33 152 27241.313
33 153 22846.989
33 154 40717.168
33 155 35421.306
33 156 35517.977
33 157 39397.004
33 158 11063.192
33 159 13959.823
33 160 20653.011
33 161 24491.754
33 162 58806.615
33 163 20104.107
33 164 27648.868
33 165 18558.195
33 166 37579.345
33 167 46715.954
33 168 42231.285
33 169 39637.308
33 170 39356.507
33 171 51810.938
33 172 41332.030
33 173 40971.825
33 174 38445.579
33 175 17101.494
33 176 59456.224
33 177 38573.414
33 178 28246.872
33 179 17636.658
33 180 27501.390
33 181 34471.588
33 182 42581.257
33 183 32014.672
33 184 10831.391
33 185 34658.472
33 186 27698.651
33 187 44956.941
33 188 42522.551
33 189 19629.391
33 190 30345.499
33 191 8975.274
33 192 36081.841
33 193 42362.039
33 194 21933.897
33 195 30844.438
33 196 17538.737
33 197 22705.315
33 198 37418.362
33 199 28407.985
33 200 44107.190
34 0 12721.700
34 1 56073.393
34 2 18855.000
34 3 18270.400
34 4 34354.400
34 5 35935.000
34 6 31180.500
34 7 30977.866
34 8 58895.420
34 9 31036.500
34 10 23590.800
34 11 33194.500
34 12 32535.400
34 13 13233.600
34 14 37169.100
34 15 58121.981
34 16 29946.000
34 17 25539.500
34 18 32952.420
34 19 15356.100
34 20 58935.626
34 21 58123.681
34 22 57383.264
34 23 31000.100
34 24 19375.900
34 25 13768.100
34 26 59816.663
34 27 22128.800
34 28 18294.400
34 29 21265.000
34 30 58792.981
34 31 20454.900
34 32 14778.900
34 33 38321.946
34 34 0.000
34 35 9891.000
34 36 59693.017
34 37 37767.172
34 38 21878.600
34 39 13946.400
34 40 4475.100
34 41 34970.800
34 42 12824.200
34 43 32294.100
34 44 2425.500
34 45 30962.195
34 46 36304.100
34 47 36667.700
34 48 7265.300
34 49 34273.800
34 50 16899.500
34 51 31648.400
34 52 21199.900
34 53 30987.600
34 54 28717.800
34 55 28920.100
34 56 15930.500
34 57 16223.573
34 58 27384.800
34 59 36117.600
34 60 16839.275
34 61 35344.122
34 62 14112.100
34 63 44924.715
34 64 31844.300
34 65 33085.300
34 66 36871.400
34 67 12263.716
34 68 30642.400
34 69 25687.700
34 70 37365.800
34 71 38343.000
34 72 34306.330
34 73 36171.483
34 74 20629.300
34 75 19603.300
34 76 15529.100
34 77 16880.400
34 78 30306.600
34 79 29570.800
34 80 10107.800
34 81 27952.800
34 82 33342.600
34 83 33509.116
34 84 16524.100
34 85 33338.900
34 86 32443.700
34 87 37442.343
34 88 27402.138
34 89 23104.800
34 90 29731.700
34 91 20992.200
34 92 19136.500
34 93 30727.700
34 94 15462.700
34 95 37896.235
34 96 25912.900
34 97 16370.300
34 98 18374.600
34 99 37069.400
34 100 58179.447
34 101 11214.700
34 102 27193.800
34 103 15368.800
34 104 37560.900
34 105 33559.600
34 106 27883.800
34 107 10646.230
34 108 22177.400
34 109 38082.177
34 110 39384.900
34 111 31573.000
34 112 11089.182
34 113 33396.200
34 114 36694.719
34 115 58021.066
34 116 57352.930
34 117 19659.900
34 118 7221.200
34 119 13729.800
34 120 12124.100
34 121 34118.100
34 122 12595.400
34 123 31313.141
34 124 15170.400
34 125 28412.800
34 126 58191.873
34 127 32285.412
34 128 27829.800
34 129 41997.874
34 130 19801.000
34 131 36272.500
34 132 26399.600
34 133 32493.500
34 134 34475.100
34 135 54972.742
34 136 33992.400
34 137 7898.000
34 138 12899.800
34 139 34620.500
34 140 8161.100
34 141 36308.085
34 142 36363.500
34 143 16772.000
34 144 1785.500
34 145 24750.100
34 146 29283.000
34 147 18328.800
34 148 27279.300
34 149 18212.700
34 150 40967.805
34 151 30244.800
34 152 21373.800
34 153 17338.300
34 154 19409.400
34 155 31994.900
34 156 23710.479
34 157 58122.651
34 158 31497.100
34 159 42150.313
34 160 34859.400
34 161 32695.696
34 162 37115.458
34 163 24023.600
34 164 31709.600
34 165 22414.300
34 166 13161.600
34 167 32980.561
34 168 5122.400
34 169 7070.300
34 170 5887.200
34 171 26058.832
34 172 14735.600
34 173 6498.500
34 174 13542.100
34 175 28980.400
34 176 35931.112
34 177 1253.600
34 178 31226.800
34 179 28417.000
34 180 18329.400
34 181 31800.400
34 182 59044.314
34 183 36374.400
34 184 27833.300
34 185 28840.000
34 186 29794.500
34 187 11484.300
34 188 58392.444
34 189 24657.400
34 190 10144.200
34 191 36807.500
34 192 1982.300
34 193 12370.400
34 194 34451.300
34 195 26434.500
34 196 36888.635
34 197 28243.200
34 198 32557.300
34 199 15728.900
34 200 14483.500
35 0 18414.400
35 1 60825.575
35 2 26288.400
35 3 14929.100
35 4 31212.800
35 5 32041.500
35 6 36188.300
35 7 21352.108
35 8 64012.612
35 9 37314.600
35 10 18860.400
35 11 39073.300
35 12 28641.900
35 13 20667.100
35 14 35624.100
35 15 62409.109
35 16 26798.900
35 17 30547.300
35 18 26129.394
35 19 7573.700
35 20 63936.104
35 21 62412.121
35 22 62281.238
35 23 37278.100
35 24 26809.400
35 25 19460.800
35 26 64614.426
35 27 29562.300
35 28 8990.600
35 29 18699.000
35 30 63621.835
35 31 27888.300
35 32 9554.800
35 33 35906.756
35 34 9891.000
35 35 0.000
35 36 64470.490
35 37 35441.902
35 38 17148.200
35 39 21379.800
35 40 15088.400
35 41 39978.700
35 42 7647.700
35 43 37301.900
35 44 11939.400
35 45 39718.369
35 46 42182.900
35 47 32774.300
35 48 14698.700
35 49 30380.300
35 50 12169.100
35 51 27755.000
35 52 16469.600
35 53 27094.100
35 54 27172.800
35 55 25026.600
35 56 23363.900
35 57 13711.944
35 58 33263.600
35 59 34572.600
35 60 12789.136
35 61 26417.447
35 62 21545.600
35 63 44767.909
35 64 36852.100
35 65 38093.100
35 66 35326.300
35 67 9821.206
35 68 35650.300
35 69 21794.200
35 70 42373.600
35 71 36798.000
35 72 43937.475
35 73 29958.555
35 74 18063.300
35 75 17037.300
35 76 18555.900
35 77 7576.600
35 78 35314.400
35 79 33989.900
35 80 17541.300
35 81 33831.600
35 82 38434.300
35 83 42197.111
35 84 11793.700
35 85 38583.200
35 86 37451.600
35 87 30979.125
35 88 37374.949
35 89 18374.400
35 90 25495.500
35 91 11688.300
35 92 26569.900
35 93 26834.300
35 94 6158.800
35 95 35663.520
35 96 30920.700
35 97 19971.000
35 98 25808.000
35 99 35524.400
35 100 62470.671
35 101 7560.000
35 102 23300.400
35 103 12011.000
35 104 33667.400
35 105 38567.500
35 106 23990.300
35 107 10929.211
35 108 12625.100
35 109 35913.679
35 110 37839.900
35 111 27679.500
35 112 10120.141
35 113 29502.800
35 114 45825.010
35 115 62829.129
35 116 62253.667
35 117 10107.600
35 118 16657.300
35 119 10630.000
35 120 19557.500
35 121 30224.600
35 122 20028.800
35 123 24426.198
35 124 9863.700
35 125 32831.800
35 126 62483.751
35 127 23341.799
35 128 23936.300
35 129 39750.257
35 130 27234.400
35 131 34727.500
35 132 31407.400
35 133 37501.400
35 134 38894.200
35 135 59738.716
35 136 32447.400
35 137 15331.400
35 138 20333.200
35 139 40499.400
35 140 15594.500
35 141 28649.828
35 142 34818.500
35 143 24205.500
35 144 13818.600
35 145 29757.900
35 146 27738.000
35 147 26032.200
35 148 27551.600
35 149 5746.100
35 150 38714.832
35 151 27097.700
35 152 11821.500
35 153 12607.900
35 154 10105.600
35 155 37873.800
35 156 13731.106
35 157 62407.442
35 158 27603.600
35 159 36436.888
35 160 39278.500
35 161 24456.522
35 162 47034.794
35 163 28442.700
35 164 36717.400
35 165 26833.300
35 166 3857.800
35 167 41962.995
35 168 12555.800
35 169 14503.700
35 170 6132.500
35 171 19032.270
35 172 7902.700
35 173 13931.900
35 174 4238.200
35 175 33399.500
35 176 45916.358
35 177 11004.200
35 178 36234.600
35 179 28689.300
35 180 23805.100
35 181 37679.300
35 182 63876.878
35 183 41382.300
35 184 23939.800
35 185 33847.900
35 186 34802.400
35 187 18917.700
35 188 63327.080
35 189 29076.400
35 190 18352.200
35 191 35262.500
35 192 9390.300
35 193 7063.700
35 194 38870.400
35 195 31442.300
35 196 30164.158
35 197 22603.700
35 198 38436.200
35 199 14403.200
35 200 10828.800
36 0 45277.688
36 1 3646.131
36 2 49344.710
36 3 49355.591
36 4 39294.933
36 5 53120.462
36 6 24650.801
36 7 72357.660
36 8 2488.811
36 9 32736.708
36 10 60325.113
36 11 25400.649
36 12 52905.649
36 13 61146.066
36 14 36995.606
36 15 3818.553
36 16 45290.290
36 17 37885.539
36 18 59731.987
36 19 71042.425
36 20 1702.407
36 21 3809.694
36 22 2405.603
36 23 33548.305
36 24 49613.571
36 25 43839.333
36 26 196.241
36 27 47269.267
36 28 73103.956
36 29 43126.788
36 30 947.673
36 31 47882.732
36 32 71954.397
36 33 42857.594
36 34 59693.017
36 35 64470.490
36 36 0.000
36 37 42638.365
36 38 57766.247
36 39 53072.518
36 40 56543.785
36 41 19978.911
36 42 69849.304
36 43 24585.921
36 44 58618.396
36 45 37426.287
36 46 35566.654
36 47 53580.268
36 48 60112.947
36 49 57177.374
36 50 55060.474
36 51 57355.129
36 52 59474.356
36 53 54065.676
36 54 41434.753
36 55 52502.068
36 56 56554.361
36 57 75781.535
36 58 34288.120
36 59 35240.014
36 60 75993.801
36 61 70077.141
36 62 54326.110
36 63 31868.977
36 64 40487.618
36 65 36462.561
36 66 36055.505
36 67 71629.620
36 68 38628.648
36 69 51382.803
36 70 17996.838
36 71 31868.823
36 72 44471.282
36 73 57786.520
36 74 43461.766
36 75 44736.917
36 76 44430.706
36 77 71101.740
36 78 23432.006
36 79 31238.545
36 80 55474.385
36 81 31922.237
36 82 36178.383
36 83 35865.377
36 84 56590.060
36 85 23052.691
36 86 22884.282
36 87 59044.496
36 88 51514.270
36 89 59302.700
36 90 46603.198
36 91 73368.003
36 92 49691.174
36 93 46722.885
36 94 69217.412
36 95 42258.559
36 96 38543.580
36 97 41710.434
36 98 49564.100
36 99 34339.774
36 100 3767.437
36 101 67073.721
36 102 51820.611
36 103 51729.622
36 104 54688.471
36 105 21254.448
36 106 50022.545
36 107 70334.438
36 108 61415.446
36 109 41970.657
36 110 32369.873
36 111 51681.536
36 112 70676.518
36 113 52771.303
36 114 38396.731
36 115 1674.536
36 116 2439.461
36 117 59519.944
36 118 62279.198
36 119 53319.258
36 120 62999.088
36 121 51632.544
36 122 53924.089
36 123 59735.186
36 124 72760.063
36 125 30026.731
36 126 3757.876
36 127 68812.587
36 128 50986.013
36 129 41534.516
36 130 47763.567
36 131 35429.772
36 132 37939.785
36 133 40752.557
36 134 21220.343
36 135 4739.601
36 136 35657.512
36 137 60936.797
36 138 60435.120
36 139 23987.800
36 140 61744.357
36 141 64038.063
36 142 33211.971
36 143 50202.950
36 144 57662.400
36 145 34176.420
36 146 41090.994
36 147 40233.457
36 148 36708.576
36 149 60700.985
36 150 41715.076
36 151 41374.964
36 152 61058.843
36 153 56336.736
36 154 72608.557
36 155 34375.176
36 156 71584.041
36 157 3832.652
36 158 53442.375
36 159 56638.232
36 160 23958.959
36 161 65543.379
36 162 50093.931
36 163 34251.232
36 164 24581.426
36 165 36381.898
36 166 67569.518
36 167 38171.025
36 168 60665.630
36 169 56812.951
36 170 64371.498
36 171 83492.611
36 172 70533.402
36 173 57715.322
36 174 68077.422
36 175 31742.205
36 176 52456.753
36 177 59293.176
36 178 23903.584
36 179 37241.695
36 180 39863.607
36 181 35892.172
36 182 733.183
36 183 18951.182
36 184 51760.068
36 185 37117.607
36 186 27012.428
36 187 57830.756
36 188 1647.859
36 189 33744.699
36 190 48052.780
36 191 35929.345
36 192 57570.655
36 193 69371.440
36 194 22866.501
36 195 34501.894
36 196 60051.609
36 197 61099.913
36 198 35264.335
36 199 50851.251
36 200 70425.592
37 0 24659.325
37 1 39605.119
37 2 41259.521
37 3 21102.118
37 4 4448.997
37 5 10505.797
37 6 29536.374
37 7 32729.302
37 8 43520.059
37 9 13475.282
37 10 22816.648
37 11 32002.569
37 12 10423.088
37 13 47944.514
37 14 8948.099
37 15 39210.953
37 16 6506.962
37 17 31168.194
37 18 18165.807
37 19 40930.592
37 20 43020.766
37 21 39217.973
37 22 41302.823
37 23 12592.830
37 24 45081.086
37 25 24223.717
37 26 42830.338
37 27 42380.645
37 28 41674.670
37 29 19794.161
37 30 42131.411
37 31 45154.785
37 32 42970.932
37 33 616.781
37 34 37767.172
37 35 35441.902
37 36 42638.365
37 37 0.000
37 38 20687.803
37 39 43298.462
37 40 37307.190
37 41 29733.668
37 42 41546.897
37 43 30788.233
37 44 37066.549
37 45 43434.531
37 46 41381.667
37 47 11015.498
37 48 43083.144
37 49 14650.988
37 50 22467.754
37 51 15038.568
37 52 23332.203
37 53 11845.670
37 54 8245.877
37 55 11399.493
37 56 46845.010
37 57 49153.598
37 58 28762.161
37 59 9184.426
37 60 48086.255
37 61 28675.252
37 62 44727.388
37 63 12128.723
37 64 38001.937
37 65 33402.002
37 66 9018.761
37 67 45188.620
37 68 37752.256
37 69 12016.418
37 70 34652.825
37 71 11976.699
37 72 52284.707
37 73 15399.833
37 74 18340.341
37 75 18891.069
37 76 21897.881
37 77 39221.087
37 78 27279.676
37 79 15036.075
37 80 40985.070
37 81 31025.326
37 82 35567.144
37 83 44546.163
37 84 23553.199
37 85 25328.562
37 86 27916.151
37 87 16525.277
37 88 52018.177
37 89 21933.457
37 90 7639.656
37 91 41422.986
37 92 39892.157
37 93 8592.219
37 94 36853.346
37 95 390.439
37 96 29455.158
37 97 19285.506
37 98 40800.739
37 99 11154.175
37 100 39275.335
37 101 41735.045
37 102 11135.003
37 103 22106.810
37 104 12066.948
37 105 29602.496
37 106 11444.699
37 107 45677.178
37 108 25806.676
37 109 711.781
37 110 11833.493
37 111 9679.442
37 112 45195.613
37 113 10178.466
37 114 49662.926
37 115 41412.300
37 116 41290.969
37 117 25559.301
37 118 43705.347
37 119 23909.409
37 120 47159.494
37 121 8994.421
37 122 42818.955
37 123 18703.697
37 124 44882.726
37 125 18289.944
37 126 39288.264
37 127 28177.824
37 128 10476.925
37 129 4314.884
37 130 42241.829
37 131 9678.229
37 132 32189.158
37 133 39817.642
37 134 24725.186
37 135 38802.368
37 136 8167.308
37 137 44069.862
37 138 47208.181
37 139 34108.424
37 140 44144.425
37 141 21903.265
37 142 10406.277
37 143 42876.751
37 144 36681.757
37 145 28032.953
37 146 7043.060
37 147 26380.356
37 148 15231.159
37 149 29133.310
37 150 3275.758
37 151 6128.112
37 152 26854.835
37 153 22421.364
37 154 40338.833
37 155 34834.465
37 156 35241.521
37 157 39201.466
37 158 11104.652
37 159 14294.303
37 160 20273.908
37 161 24430.063
37 162 58204.235
37 163 19515.383
37 164 27153.679
37 165 17954.030
37 166 37148.348
37 167 46131.718
37 168 41660.701
37 169 39051.744
37 170 38847.871
37 171 51456.870
37 172 40898.298
37 173 40386.347
37 174 38010.521
37 175 16563.232
37 176 58848.412
37 177 38013.109
37 178 27758.377
37 179 17027.767
37 180 26886.147
37 181 33875.622
37 182 42352.892
37 183 31578.264
37 184 10662.689
37 185 34057.223
37 186 27171.417
37 187 44357.559
37 188 42281.666
37 189 19046.828
37 190 29740.868
37 191 8466.577
37 192 35521.348
37 193 41892.754
37 194 21555.273
37 195 30251.952
37 196 17632.070
37 197 22465.534
37 198 36829.677
37 199 27828.611
37 200 43632.021
38 0 17942.700
38 1 54270.172
38 2 40230.900
38 3 11665.300
38 4 23034.400
38 5 17154.300
38 6 34149.200
38 7 14795.054
38 8 57943.150
38 9 29308.200
38 10 3133.700
38 11 35665.200
38 12 13754.600
38 13 32586.100
38 14 27617.700
38 15 54957.711
38 16 17379.500
38 17 28832.400
38 18 9786.704
38 19 23697.000
38 20 57658.311
38 21 54962.805
38 22 55905.693
38 23 29271.800
38 24 45176.000
38 25 17836.500
38 26 57939.035
38 27 41085.200
38 28 22806.300
38 29 15009.700
38 30 57051.934
38 31 43310.600
38 32 25068.700
38 33 21015.468
38 34 21810.000
38 35 17085.200
38 36 57766.247
38 37 20687.803
38 38 0.000
38 39 32269.700
38 40 27007.400
38 41 37939.600
38 42 22868.300
38 43 35262.800
38 44 23858.400
38 45 43587.660
38 46 38774.800
38 47 17887.000
38 48 26617.700
38 49 15493.000
38 50 6951.700
38 51 12867.700
38 52 3969.100
38 53 12206.800
38 54 19166.500
38 55 12030.800
38 56 34253.900
38 57 30003.633
38 58 29855.500
38 59 26566.300
38 60 28539.283
38 61 14926.971
38 62 32435.500
38 63 31880.373
38 64 34936.900
38 65 36177.900
38 66 27320.000
38 67 26486.746
38 68 33735.000
38 69 8798.400
38 70 40334.500
38 71 28791.600
38 72 50455.616
38 73 13226.982
38 74 14349.200
38 75 12936.300
38 76 15147.800
38 77 20582.800
38 78 33275.300
38 79 27274.000
38 80 28394.400
38 81 30423.500
38 82 35026.100
38 83 45629.254
38 84 6268.200
38 85 31867.400
38 86 35412.400
38 87 14377.363
38 88 46488.887
38 89 1509.900
38 90 14814.400
38 91 25504.000
38 92 40199.400
38 93 13838.500
38 94 18445.700
38 95 20994.933
38 96 30204.000
38 97 16256.900
38 98 40671.300
38 99 27518.100
38 100 55023.035
38 101 21258.800
38 102 10304.600
38 103 9697.400
38 104 18780.100
38 105 36528.300
38 106 10994.500
38 107 27758.429
38 108 8738.000
38 109 21296.676
38 110 29833.600
38 111 12792.200
38 112 26939.821
38 113 14615.500
38 114 50292.711
38 115 56263.506
38 116 55884.576
38 117 6242.000
38 118 28576.300
38 119 9764.800
38 120 31476.500
38 121 15337.300
38 122 30918.700
38 123 8158.071
38 124 25214.400
38 125 26116.000
38 126 55036.546
38 127 12485.943
38 128 10940.500
38 129 24774.396
38 130 41796.500
38 131 26721.100
38 132 29692.500
38 133 35586.100
38 134 32178.300
38 135 53270.671
38 136 24441.000
38 137 27250.400
38 138 32252.200
38 139 37091.200
38 140 27513.600
38 141 13448.424
38 142 26812.100
38 143 42403.800
38 144 21647.200
38 145 27845.100
38 146 19731.600
38 147 22624.100
38 148 19670.300
38 149 11760.600
38 150 23797.422
38 151 18919.400
38 152 7934.400
38 153 4853.200
38 154 22257.100
38 155 34465.600
38 156 14757.406
38 157 54952.147
38 158 12716.300
38 159 19614.796
38 160 32562.600
38 161 10909.221
38 162 55097.407
38 163 21726.800
38 164 33538.200
38 165 20117.400
38 166 20038.200
38 167 46274.660
38 168 24474.900
38 169 26422.700
38 170 19831.300
38 171 30829.330
38 172 24083.100
38 173 25851.000
38 174 20418.600
38 175 26683.600
38 176 54747.930
38 177 22923.300
38 178 34054.800
38 179 20808.100
38 180 21605.100
38 181 34271.100
38 182 57300.532
38 183 38579.300
38 184 10944.000
38 185 31506.400
38 186 32763.300
38 187 30193.700
38 188 56961.935
38 189 22360.500
38 190 18666.200
38 191 27256.200
38 192 20258.400
38 193 22414.400
38 194 32154.500
38 195 29529.500
38 196 13741.390
38 197 5382.900
38 198 35028.100
38 199 14717.200
38 200 24527.500
39 0 17323.000
39 1 49664.342
39 2 4377.700
39 3 23137.500
39 4 40055.600
39 5 43747.800
39 6 30267.200
39 7 44948.096
39 8 51750.502
39 9 34562.800
39 10 35990.700
39 11 32281.300
39 12 40348.200
39 13 11314.000
39 14 41296.300
39 15 52374.138
39 16 36232.800
39 17 24626.300
39 18 43997.761
39 19 26878.400
39 20 51981.752
39 21 52373.622
39 22 50669.310
39 23 34526.400
39 24 5777.400
39 25 19235.700
39 26 53157.539
39 27 8530.300
39 28 29816.800
39 29 22306.800
39 30 52128.085
39 31 6856.300
39 32 26301.200
39 33 43911.080
39 34 13979.900
39 35 21413.300
39 36 53072.518
39 37 43298.462
39 38 31055.200
39 39 0.000
39 40 11087.000
39 41 34057.600
39 42 24346.500
39 43 31380.900
39 44 12764.200
39 45 18578.340
39 46 19704.800
39 47 44480.500
39 48 9599.500
39 49 42086.600
39 50 27169.600
39 51 39461.300
39 52 30376.500
39 53 38800.400
39 54 32845.000
39 55 36732.900
39 56 3517.900
39 57 28222.379
39 58 26471.500
39 59 40244.800
39 60 29627.329
39 61 48460.056
39 62 1699.500
39 63 46879.392
39 64 13379.500
39 65 16877.300
39 66 40998.500
39 67 25182.287
39 68 14434.500
39 69 33500.500
39 70 36452.600
39 71 36826.000
39 72 19920.797
39 73 46366.671
39 74 24009.200
39 75 22983.100
39 76 20996.700
39 77 28402.700
39 78 29393.400
39 79 33097.100
39 80 5078.600
39 81 27039.600
39 82 17032.700
39 83 21102.526
39 84 26794.200
39 85 32425.700
39 86 31530.500
39 87 47832.460
39 88 12727.051
39 89 32281.300
39 90 35170.000
39 91 32514.500
39 92 4659.200
39 93 35701.600
39 94 26985.000
39 95 43297.604
39 96 15196.700
39 97 21837.900
39 98 3897.300
39 99 41196.600
39 100 52422.163
39 101 22737.000
39 102 35006.600
39 103 22655.200
39 104 45373.700
39 105 32646.400
39 106 32857.600
39 107 22582.688
39 108 32447.600
39 109 43383.281
39 110 36549.300
39 111 39385.800
39 112 23604.380
39 113 41209.000
39 114 23204.235
39 115 51425.650
39 116 50635.837
39 117 29930.000
39 118 10929.200
39 119 22237.700
39 120 14511.300
39 121 41930.900
39 122 2080.900
39 123 42531.573
39 124 26692.700
39 125 32085.600
39 126 52432.925
39 127 45500.123
39 128 35642.600
39 129 47036.267
39 130 6202.400
39 131 40399.600
39 132 16129.900
39 133 15822.300
39 134 36220.200
39 135 48597.419
39 136 38119.500
39 137 9939.100
39 138 7673.700
39 139 33707.300
39 140 10495.300
39 141 48041.820
39 142 36566.200
39 143 3173.500
39 144 12572.600
39 145 23836.900
39 146 33410.200
39 147 18101.700
39 148 29957.200
39 149 28482.900
39 150 46102.861
39 151 34302.700
39 152 31644.000
39 153 27608.400
39 154 30931.700
39 155 18154.500
39 156 38203.233
39 157 52378.575
39 158 39309.900
39 159 51424.291
39 160 38385.700
39 161 45183.164
39 162 22403.868
39 163 28563.700
39 164 30796.300
39 165 26954.300
39 166 24683.900
39 167 19949.282
39 168 10340.100
39 169 9237.300
39 170 17409.500
39 171 39651.004
39 172 26257.900
39 173 7854.900
39 174 25064.400
39 175 32506.700
39 176 21277.107
39 177 12439.000
39 178 30313.600
39 179 31094.900
39 180 17879.500
39 181 17114.900
39 182 52362.070
39 183 35461.200
39 184 35646.100
39 185 17347.200
39 186 28881.300
39 187 5369.600
39 188 51571.385
39 189 29197.400
39 190 15117.800
39 191 40934.700
39 192 13961.400
39 193 23892.700
39 194 37977.600
39 195 25521.300
39 196 47594.386
39 197 36450.800
39 198 19478.000
39 199 16772.800
39 200 26005.800
40 0 12953.500
40 1 52945.229
40 2 15988.000
40 3 17981.800
40 4 34819.800
40 5 39299.800
40 6 31412.200
40 7 33893.506
40 8 55655.581
40 9 31268.300
40 10 28814.100
40 11 33426.200
40 12 35900.100
40 13 10366.700
40 14 36060.400
40 15 55119.221
40 16 30997.000
40 17 25771.200
40 18 34420.640
40 19 20579.400
40 20 55727.411
40 21 55120.529
40 22 54208.976
40 23 31231.800
40 24 16509.000
40 25 13999.800
40 26 56661.331
40 27 19261.900
40 28 23517.800
40 29 17070.900
40 30 55632.682
40 31 17587.900
40 32 20002.200
40 33 37886.612
40 34 4475.100
40 35 15114.300
40 36 56543.785
40 37 37307.190
40 38 27101.900
40 39 11079.400
40 40 0.000
40 41 35202.600
40 42 18047.500
40 43 32525.800
40 44 4138.800
40 45 27069.403
40 46 36535.800
40 47 40032.500
40 48 6056.700
40 49 37638.600
40 50 22122.800
40 51 35013.200
40 52 26423.200
40 53 34352.400
40 54 27609.200
40 55 32284.800
40 56 13063.600
40 57 19784.579
40 58 27616.500
40 59 35009.000
40 60 20571.636
40 61 37782.818
40 62 11245.200
40 63 43525.648
40 64 32076.100
40 65 33317.000
40 66 35762.700
40 67 15974.013
40 68 30874.200
40 69 29052.400
40 70 37597.500
40 71 33531.400
40 72 30514.863
40 73 37318.841
40 74 18773.300
40 75 17747.300
40 76 15760.900
40 77 22103.700
40 78 30538.300
40 79 29802.600
40 80 7240.900
40 81 28184.600
40 82 33574.400
40 83 29618.550
40 84 21747.400
40 85 33570.600
40 86 32675.500
40 87 38676.616
40 88 23911.129
40 89 28328.100
40 90 31957.300
40 91 26215.500
40 92 16269.600
40 93 31253.600
40 94 20686.000
40 95 37397.706
40 96 26144.600
40 97 16602.100
40 98 15507.600
40 99 35960.800
40 100 55175.243
40 101 16438.000
40 102 30558.600
40 103 17192.300
40 104 40925.700
40 105 33791.400
40 106 28409.600
40 107 14072.742
40 108 27400.800
40 109 37555.130
40 110 33254.800
40 111 34937.700
40 112 14683.619
40 113 36761.000
40 114 32804.968
40 115 54869.450
40 116 54177.989
40 117 24883.200
40 118 7386.500
40 119 16774.800
40 120 13564.000
40 121 37482.800
40 122 9728.500
40 123 32841.824
40 124 20393.700
40 125 28644.500
40 126 55187.424
40 127 34765.600
40 128 31194.600
40 129 41435.012
40 130 16934.000
40 131 35163.800
40 132 26631.400
40 133 32725.300
40 134 34706.900
40 135 51845.311
40 136 32883.700
40 137 6689.400
40 138 10032.800
40 139 34852.300
40 140 6952.600
40 141 38095.736
40 142 33271.700
40 143 13905.100
40 144 2689.600
40 145 24981.900
40 146 28174.300
40 147 18560.600
40 148 25648.900
40 149 23436.000
40 150 40423.284
40 151 29066.900
40 152 26597.100
40 153 22561.600
40 154 24632.700
40 155 32226.700
40 156 27017.411
40 157 55120.573
40 158 34861.900
40 159 42992.812
40 160 35091.200
40 161 34810.272
40 162 33526.533
40 163 24255.400
40 164 31941.300
40 165 22646.000
40 166 18384.900
40 167 29083.686
40 168 4918.800
40 169 2275.800
40 170 11110.500
40 171 29935.857
40 172 19958.900
40 173 3631.600
40 174 18765.400
40 175 29212.200
40 176 32462.449
40 177 4424.700
40 178 31458.600
40 179 26786.700
40 180 18561.200
40 181 32032.200
40 182 55882.066
40 183 36606.200
40 184 31198.000
40 185 29071.800
40 186 30026.300
40 187 8617.400
40 188 55204.260
40 189 24889.100
40 190 9655.000
40 191 35698.900
40 192 4078.400
40 193 17593.700
40 194 34683.100
40 195 26666.300
40 196 38245.740
40 197 30066.700
40 198 32789.100
40 199 11310.000
40 200 19706.800
41 0 25263.900
41 1 16358.796
41 2 28325.300
41 3 28460.700
41 4 28017.600
41 5 44401.100
41 6 5651.900
41 7 54776.156
41 8 19298.876
41 9 20311.200
41 10 41115.700
41 11 21305.800
41 12 43841.900
41 13 40911.400
41 14 25911.800
41 15 18593.070
41 16 34714.500
41 17 17947.100
41 18 43961.988
41 19 50338.900
41 20 19275.585
41 21 18593.722
41 22 17684.333
41 23 20274.800
41 24 33462.100
41 25 21934.300
41 26 20104.273
41 27 29179.700
41 28 49448.200
41 29 24278.200
41 30 19083.164
41 31 31596.800
41 32 48542.900
41 33 30174.210
41 34 34496.000
41 35 40343.100
41 36 19978.911
41 37 29733.668
41 38 39003.100
41 39 34830.200
41 40 34508.700
41 41 0.000
41 42 46588.200
41 43 6765.500
41 44 34159.700
41 45 21568.948
41 46 24415.400
41 47 45677.000
41 48 39196.900
41 49 45580.400
41 50 34377.700
41 51 42955.000
41 52 38908.400
41 53 42294.200
41 54 31214.700
41 55 40226.600
41 56 40498.800
41 57 55809.336
41 58 15496.100
41 59 24860.300
41 60 56054.262
41 61 53660.901
41 62 38680.400
41 63 23441.020
41 64 23223.000
41 65 24464.000
41 66 25614.100
41 67 51666.923
41 68 22021.100
41 69 36994.200
41 70 5151.300
41 71 19118.500
41 72 30417.356
41 73 43061.180
41 74 25468.700
41 75 26018.500
41 76 24612.500
41 77 47224.600
41 78 8487.700
41 79 18722.700
41 80 34639.300
41 81 16064.200
41 82 20666.800
41 83 21081.736
41 84 35676.100
41 85 5580.700
41 86 4028.500
41 87 44528.911
41 88 35096.904
41 89 41007.700
41 90 36892.800
41 91 52145.900
41 92 28293.900
41 93 37921.400
41 94 45087.600
41 95 29427.302
41 96 18298.500
41 97 23800.300
41 98 28765.700
41 99 22364.500
41 100 18646.474
41 101 44978.700
41 102 38500.400
41 103 30582.600
41 104 48867.500
41 105 1753.200
41 106 36351.400
41 107 50355.736
41 108 41329.400
41 109 29233.239
41 110 18841.800
41 111 41271.300
41 112 50700.615
41 113 44702.800
41 114 25419.615
41 115 18308.071
41 116 17654.623
41 117 38811.900
41 118 40526.700
41 119 32157.300
41 120 44108.700
41 121 42584.100
41 122 37163.600
41 123 43567.934
41 124 48934.400
41 125 13613.600
41 126 18658.207
41 127 51908.464
41 128 39136.300
41 129 30567.639
41 130 29891.000
41 131 25015.200
41 132 18807.300
41 133 23872.200
41 134 6139.800
41 135 15258.126
41 136 25318.700
41 137 39536.600
41 138 40577.500
41 139 8946.600
41 140 40092.700
41 141 48616.992
41 142 20081.300
41 143 30498.200
41 144 32710.500
41 145 16128.800
41 146 30181.900
41 147 18724.500
41 148 25890.800
41 149 38402.500
41 150 30265.407
41 151 30836.400
41 152 40525.800
41 153 36490.300
41 154 48898.900
41 155 20106.300
41 156 52879.263
41 157 18595.554
41 158 42803.700
41 159 43840.993
41 160 10153.500
41 161 49102.651
41 162 36716.840
41 163 19005.600
41 164 6579.600
41 165 20260.100
41 166 46680.000
41 167 23384.220
41 168 39937.500
41 169 38834.700
41 170 41887.300
41 171 63776.249
41 172 48499.600
41 173 37452.400
41 174 47060.500
41 175 16438.400
41 176 38477.100
41 177 34445.600
41 178 4514.000
41 179 27028.500
41 180 17908.300
41 181 19911.800
41 182 19335.338
41 183 1726.500
41 184 39139.800
41 185 20681.800
41 186 7310.600
41 187 36438.600
41 188 18706.045
41 189 17983.200
41 190 26322.400
41 191 25550.200
41 192 34099.300
41 193 46134.300
41 194 9045.400
41 195 18184.700
41 196 45264.747
41 197 41575.800
41 198 20668.700
41 199 28745.500
41 200 48247.500
42 0 25678.900
42 1 66203.901
42 2 29218.500
42 3 20708.800
42 4 36992.500
42 5 37821.200
42 6 43452.800
42 7 23912.322
42 8 69279.017
42 9 43094.300
42 10 24640.100
42 11 44853.000
42 12 34421.600
42 13 23597.200
42 14 41403.800
42 15 67928.645
42 16 32578.600
42 17 37811.800
42 18 31237.924
42 19 2806.000
42 20 69241.650
42 21 67931.298
42 22 67616.634
42 23 43057.800
42 24 29739.500
42 25 26725.200
42 26 69987.155
42 27 32492.400
42 28 5478.800
42 29 24478.700
42 30 68982.511
42 31 30818.400
42 32 2141.500
42 33 42003.235
42 34 12821.100
42 35 7647.700
42 36 69849.304
42 37 41546.897
42 38 22927.900
42 39 24309.900
42 40 18018.500
42 41 47243.200
42 42 0.000
42 43 44566.400
42 44 14869.500
42 45 42902.405
42 46 47962.600
42 47 38553.900
42 48 17628.800
42 49 36160.000
42 50 17948.800
42 51 33534.700
42 52 22249.300
42 53 32873.800
42 54 32952.500
42 55 30806.300
42 56 26294.100
42 57 7650.375
42 58 39043.300
42 59 40352.300
42 60 6645.328
42 61 29922.853
42 62 24475.700
42 63 50911.653
42 64 44116.600
42 65 45357.600
42 66 41106.000
42 67 4241.966
42 68 42914.800
42 69 27573.900
42 70 49638.100
42 71 42577.700
42 72 46028.946
42 73 35264.157
42 74 23843.000
42 75 22817.000
42 76 24335.600
42 77 6202.900
42 78 42578.900
42 79 39769.600
42 80 20471.400
42 81 39611.400
42 82 44214.000
42 83 45445.104
42 84 17573.400
42 85 44362.900
42 86 44716.000
42 87 36162.280
42 88 38573.013
42 89 24154.100
42 90 31275.200
42 91 8176.500
42 92 29500.000
42 93 32614.000
42 94 7271.500
42 95 41774.685
42 96 38185.200
42 97 25750.700
42 98 28738.100
42 99 41304.100
42 100 67989.205
42 101 4556.100
42 102 29080.100
42 103 17790.700
42 104 39447.100
42 105 45831.900
42 106 29770.000
42 107 6501.615
42 108 15488.800
42 109 42028.627
42 110 43619.600
42 111 33459.200
42 112 5260.601
42 113 35282.500
42 114 48623.242
42 115 68194.615
42 116 67588.103
42 117 16571.900
42 118 19587.400
42 119 16409.700
42 120 25245.000
42 121 36004.300
42 122 22958.900
42 123 29543.862
42 124 3027.900
42 125 38611.500
42 126 68002.132
42 127 26927.303
42 128 29716.000
42 129 45849.800
42 130 30164.500
42 131 40507.200
42 132 38671.900
42 133 44765.800
42 134 44673.900
42 135 65109.999
42 136 38227.100
42 137 18261.500
42 138 23263.300
42 139 46279.000
42 140 18524.600
42 141 33225.828
42 142 40598.200
42 143 27135.600
42 144 16748.700
42 145 37022.400
42 146 33517.700
42 147 31811.900
42 148 33331.300
42 149 13056.600
42 150 44816.540
42 151 32877.400
42 152 14817.600
42 153 18387.600
42 154 6593.800
42 155 43653.500
42 156 15456.763
42 157 67927.626
42 158 33383.300
42 159 41847.584
42 160 45058.200
42 161 28709.732
42 162 48397.406
42 163 34222.400
42 164 43981.900
42 165 32613.000
42 166 4365.700
42 167 44925.970
42 168 15485.900
42 169 17433.800
42 170 6064.900
42 171 14231.025
42 172 2056.700
42 173 16862.000
42 174 3527.100
42 175 39179.200
42 176 46964.037
42 177 13934.300
42 178 43499.100
42 179 34469.000
42 180 31069.600
42 181 43459.000
42 182 69236.940
42 183 48646.800
42 184 29719.500
42 185 41112.300
42 186 42066.900
42 187 21847.800
42 188 68652.954
42 189 34856.100
42 190 25616.700
42 191 41042.200
42 192 12320.400
42 193 1601.000
42 194 44650.100
42 195 38706.800
42 196 35240.284
42 197 23017.700
42 198 44215.900
42 199 21667.700
42 200 6054.400
43 0 22329.400
43 1 21048.992
43 2 25390.800
43 3 25526.200
43 4 25838.200
43 5 41466.600
43 6 1578.800
43 7 52862.258
43 8 23596.520
43 9 18131.900
43 10 38181.200
43 11 18371.300
43 12 40907.400
43 13 37976.900
43 14 23732.400
43 15 23575.157
43 16 31780.000
43 17 15012.600
43 18 43221.075
43 19 47404.400
43 20 23690.481
43 21 23575.025
43 22 22217.749
43 23 18095.400
43 24 30527.600
43 25 18999.800
43 26 24692.477
43 27 26245.200
43 28 46513.700
43 29 21343.700
43 30 23659.117
43 31 28662.300
43 32 45608.400
43 33 31295.600
43 34 31561.500
43 35 37408.600
43 36 24585.921
43 37 30788.233
43 38 36068.600
43 39 31895.700
43 40 31574.200
43 41 6507.800
43 42 43653.700
43 43 0.000
43 44 31225.200
43 45 16616.554
43 46 21480.900
43 47 42742.500
43 48 36262.400
43 49 42645.900
43 50 31443.200
43 51 40020.500
43 52 35973.900
43 53 39359.700
43 54 28280.200
43 55 37292.100
43 56 37564.300
43 57 51554.438
43 58 12561.600
43 59 22681.000
43 60 51944.219
43 61 52418.637
43 62 35745.900
43 63 26432.910
43 64 20288.500
43 65 21529.500
43 66 23434.700
43 67 47477.625
43 68 19086.600
43 69 34059.700
43 70 6718.800
43 71 16939.100
43 72 25674.232
43 73 42844.141
43 74 22534.200
43 75 23084.000
43 76 21678.000
43 77 44290.100
43 78 5553.200
43 79 16543.400
43 80 31704.800
43 81 13129.700
43 82 17732.300
43 83 16431.433
43 84 32741.600
43 85 7570.300
43 86 3980.700
43 87 44372.126
43 88 29887.402
43 89 38073.200
43 90 33958.300
43 91 49211.400
43 92 25359.400
43 93 34986.900
43 94 42153.100
43 95 30527.996
43 96 15364.000
43 97 20865.800
43 98 25831.200
43 99 20185.100
43 100 23625.052
43 101 42044.200
43 102 35565.900
43 103 27648.100
43 104 45933.000
43 105 5096.500
43 106 33416.900
43 107 45996.066
43 108 38394.900
43 109 30382.376
43 110 16662.400
43 111 38336.800
43 112 46423.557
43 113 41768.300
43 114 21096.584
43 115 22914.095
43 116 22185.855
43 117 35877.400
43 118 37592.200
43 119 29222.800
43 120 41174.200
43 121 39649.600
43 122 34229.100
43 123 42630.059
43 124 45999.900
43 125 11552.000
43 126 23636.158
43 127 50425.982
43 128 36201.800
43 129 32310.428
43 130 26956.500
43 131 22835.800
43 132 15872.800
43 133 20937.700
43 134 9807.000
43 135 19958.887
43 136 23139.300
43 137 36602.100
43 138 37643.000
43 139 9449.900
43 140 37158.200
43 141 47955.048
43 142 17901.900
43 143 27563.700
43 144 29776.000
43 145 13194.300
43 146 27247.400
43 147 15790.000
43 148 22956.300
43 149 35468.000
43 150 31852.153
43 151 27901.900
43 152 37591.300
43 153 33555.800
43 154 45964.400
43 155 17171.800
43 156 50216.755
43 157 23578.962
43 158 39869.200
43 159 44420.936
43 160 12358.800
43 161 47915.880
43 162 32009.936
43 163 16071.100
43 164 5941.000
43 165 17325.600
43 166 43745.500
43 167 18645.781
43 168 37003.000
43 169 35900.200
43 170 38952.800
43 171 60068.300
43 172 45565.100
43 173 34517.900
43 174 44126.000
43 175 14259.100
43 176 33626.846
43 177 31511.100
43 178 3696.700
43 179 24094.000
43 180 14973.800
43 181 16977.300
43 182 23904.422
43 183 7911.400
43 184 36205.300
43 185 17747.300
43 186 4376.100
43 187 33504.100
43 188 23190.685
43 189 15048.700
43 190 23387.900
43 191 23370.900
43 192 31164.800
43 193 43199.800
43 194 12712.500
43 195 15250.200
43 196 44968.278
43 197 38641.300
43 198 17734.200
43 199 25811.000
43 200 45313.000
44 0 12385.500
44 1 54999.311
44 2 17655.200
44 3 20318.800
44 4 34251.800
44 5 37983.400
44 6 30844.200
44 7 31266.473
44 8 57819.018
44 9 30700.300
44 10 25639.100
44 11 32858.200
44 12 34583.700
44 13 12033.900
44 14 35492.400
44 15 57053.205
44 16 30429.000
44 17 25203.200
44 18 32736.793
44 19 17404.500
44 20 57859.655
44 21 57054.884
44 22 56307.951
44 23 30663.800
44 24 18176.200
44 25 13431.800
44 26 58741.875
44 27 20929.100
44 28 20342.800
44 29 16502.900
44 30 57718.041
44 31 19255.100
44 32 16827.300
44 33 37627.055
44 34 2425.500
44 35 11939.400
44 36 58618.396
44 37 37066.549
44 38 23927.000
44 39 12746.600
44 40 4138.800
44 41 34634.600
44 42 14872.600
44 43 31957.800
44 44 0.000
44 45 30024.280
44 46 35967.800
44 47 38716.100
44 48 6065.500
44 49 36322.200
44 50 18947.900
44 51 33696.800
44 52 23248.300
44 53 33036.000
44 54 27041.200
44 55 30968.400
44 56 14730.800
44 57 17296.585
44 58 27048.500
44 59 34441.000
44 60 17890.146
44 61 35450.745
44 62 12912.400
44 63 44048.506
44 64 31508.000
44 65 32749.000
44 66 35194.700
44 67 13321.924
44 68 30306.200
44 69 27736.000
44 70 37029.500
44 71 32963.400
44 72 33541.608
44 73 35865.984
44 74 18205.300
44 75 17179.300
44 76 15192.900
44 77 18928.800
44 78 29970.300
44 79 29234.600
44 80 8908.100
44 81 27616.600
44 82 33006.400
44 83 32565.392
44 84 18572.500
44 85 33002.600
44 86 32107.500
44 87 37162.905
44 88 26815.249
44 89 25153.200
44 90 31389.300
44 91 23040.600
44 92 17936.800
44 93 32776.100
44 94 17511.100
44 95 37187.579
44 96 25576.600
44 97 16034.100
44 98 17174.800
44 99 35392.800
44 100 57110.599
44 101 13263.100
44 102 29242.200
44 103 17417.200
44 104 39609.300
44 105 33223.400
44 106 29932.100
44 107 11722.487
44 108 24225.800
44 109 37367.696
44 110 32686.800
44 111 33621.300
44 112 12161.881
44 113 35444.600
44 114 35816.709
44 115 56946.342
44 116 56277.602
44 117 21708.200
44 118 6455.900
44 119 15778.100
44 120 10924.400
44 121 36166.400
44 122 11395.700
44 123 31113.689
44 124 17218.800
44 125 28076.500
44 126 57123.013
44 127 32404.589
44 128 29878.200
44 129 41278.967
44 130 18601.200
44 131 34595.800
44 132 26063.400
44 133 32157.300
44 134 34138.900
44 135 53898.652
44 136 32315.700
44 137 6698.200
44 138 11700.000
44 139 34284.300
44 140 6961.400
44 141 36194.617
44 142 32703.700
44 143 15572.300
44 144 1449.200
44 145 24413.900
44 146 27606.300
44 147 17992.600
44 148 25080.900
44 149 20261.100
44 150 40251.980
44 151 28498.900
44 152 23422.200
44 153 19386.700
44 154 21457.800
44 155 31658.700
44 156 24170.808
44 157 57053.910
44 158 33545.500
44 159 41766.205
44 160 34523.200
44 161 32685.939
44 162 36481.332
44 163 23687.400
44 164 31373.300
44 165 22078.000
44 166 15210.000
44 167 32075.763
44 168 4357.100
44 169 5787.900
44 170 7935.600
44 171 27036.696
44 172 16784.000
44 173 5298.800
44 174 15590.500
44 175 28644.200
44 176 35358.974
44 177 965.000
44 178 30890.600
44 179 26218.700
44 180 17993.200
44 181 31464.200
44 182 57969.328
44 183 36038.200
44 184 29881.600
44 185 28503.800
44 186 29458.300
44 187 10284.600
44 188 57316.843
44 189 24321.100
44 190 9807.900
44 191 35130.900
44 192 2028.900
44 193 14418.700
44 194 34115.100
44 195 26098.300
44 196 36644.324
44 197 30291.600
44 198 32221.100
44 199 10289.900
44 200 16531.900
45 0 24618.794
45 1 34426.037
45 2 15216.971
45 3 31819.876
45 4 39098.616
45 5 51152.059
45 6 17592.293
45 7 56911.434
45 8 35673.583
45 9 30651.788
45 10 45571.602
45 11 15077.354
45 12 49111.209
45 13 26430.827
45 14 34537.719
45 15 37642.706
45 16 40425.416
45 17 13256.115
45 18 51206.701
45 19 45312.695
45 20 36072.740
45 21 37639.922
45 22 35062.951
45 23 31361.415
45 24 13400.056
45 25 23776.429
45 26 37469.827
45 27 12002.496
45 28 48041.031
45 29 27193.805
45 30 36488.574
45 31 11305.199
45 32 45050.182
45 33 44021.443
45 34 30962.195
45 35 39718.369
45 36 37426.287
45 37 43434.531
45 38 43587.660
45 39 18578.340
45 40 27069.403
45 41 21568.948
45 42 42902.405
45 43 16616.554
45 44 30024.280
45 45 0.000
45 46 2325.780
45 47 51913.538
45 48 27824.298
45 49 52367.315
45 50 37691.591
45 51 51554.207
45 52 43524.858
45 53 48982.480
45 54 36096.353
45 55 45806.548
45 56 21110.800
45 57 46252.079
45 58 14707.704
45 59 34881.041
45 60 47379.127
45 61 58508.159
45 62 19363.129
45 63 41942.653
45 64 8062.695
45 65 10411.063
45 66 34694.689
45 67 42801.289
45 68 6888.353
45 69 42980.981
45 70 20318.259
45 71 33516.106
45 72 9241.844
45 73 52133.073
45 74 28728.255
45 75 29257.435
45 76 26346.720
45 77 46941.788
45 78 20623.382
45 79 29497.744
45 80 23073.841
45 81 12586.109
45 82 8076.664
45 83 2568.365
45 84 38832.536
45 85 23020.342
45 86 20477.092
45 87 53713.156
45 88 14107.559
45 89 44796.836
45 90 40853.381
45 91 48715.257
45 92 16566.434
45 93 40106.873
45 94 46015.207
45 95 43270.222
45 96 15287.506
45 97 26674.778
45 98 15788.026
45 99 32780.879
45 100 37677.879
45 101 38537.538
45 102 44836.170
45 103 33684.190
45 104 52269.548
45 105 20430.849
45 106 41554.475
45 107 40495.540
45 108 44103.547
45 109 43215.608
45 110 33201.993
45 111 46936.492
45 112 41352.571
45 113 49641.901
45 114 6718.399
45 115 35892.869
45 116 35028.314
45 117 41286.760
45 118 30359.049
45 119 34055.592
45 120 29273.951
45 121 49482.341
45 122 19932.769
45 123 50147.848
45 124 44782.748
45 125 26180.328
45 126 37686.233
45 127 55930.830
45 128 44183.106
45 129 45980.418
45 130 12680.612
45 131 34136.081
45 132 12247.109
45 133 6582.462
45 134 25763.959
45 135 33466.050
45 136 36074.476
45 137 28312.634
45 138 25878.798
45 139 14891.756
45 140 29354.797
45 141 55856.091
45 142 34770.878
45 143 15264.486
45 144 29027.369
45 145 15430.370
45 146 36951.114
45 147 19211.011
45 148 28319.942
45 149 39654.925
45 150 45303.990
45 151 37845.718
45 152 42425.271
45 153 39558.975
45 154 48438.050
45 155 8600.139
45 156 51906.931
45 157 37650.769
45 158 48929.527
45 159 55391.628
45 160 29157.548
45 161 54415.556
45 162 15553.553
45 163 23920.066
45 164 19823.053
45 165 25660.259
45 166 43056.538
45 167 2766.815
45 168 29503.881
45 169 26149.606
45 170 36771.593
45 171 56991.700
45 172 44522.695
45 173 26407.718
45 174 43103.782
45 175 27423.266
45 176 17023.186
45 177 30230.059
45 178 19772.259
45 179 26726.362
45 180 18509.092
45 181 9763.085
45 182 36693.296
45 183 21136.360
45 184 45395.101
45 185 9965.865
45 186 18175.815
45 187 24041.243
45 188 35810.582
45 189 24398.538
45 190 22875.443
45 191 35455.172
45 192 29800.281
45 193 41884.003
45 194 28505.845
45 195 13228.056
45 196 53944.531
45 197 47443.064
45 198 6615.039
45 199 27638.878
45 200 42142.112
46 0 26792.700
46 1 32489.000
46 2 19437.600
46 3 29518.100
46 4 30215.700
46 5 45458.600
46 6 19149.200
46 7 55865.154
46 8 33886.983
46 9 24053.700
46 10 42173.100
46 11 14168.300
46 12 44899.400
46 13 42440.200
46 14 28109.900
46 15 35647.614
46 16 35771.900
46 17 14799.100
46 18 49660.588
46 19 51867.700
46 20 34255.229
46 21 35645.113
46 22 33187.505
46 23 24017.200
46 24 16025.800
46 25 23463.100
46 26 35617.507
46 27 17492.100
46 28 50977.000
46 29 25335.600
46 30 34624.340
46 31 14160.500
46 32 50071.700
46 33 41963.554
46 34 36024.800
46 35 41871.900
46 36 35566.654
46 37 41381.667
46 38 40060.500
46 39 21016.700
46 40 36037.500
46 41 22939.600
46 42 48117.000
46 43 20262.900
46 44 35688.500
46 45 2325.780
46 46 0.000
46 47 46734.500
46 48 40725.700
46 49 46637.800
46 50 35435.200
46 51 44012.500
46 52 39965.900
46 53 43351.600
46 54 32272.100
46 55 41284.100
46 56 23437.000
46 57 46459.664
46 58 13645.600
46 59 27058.400
46 60 47479.784
46 61 57216.405
46 62 21618.600
46 63 39662.860
46 64 7563.300
46 65 9372.200
46 66 27812.100
46 67 42884.868
46 68 6004.800
46 69 38051.700
46 70 25334.600
46 71 26316.800
46 72 11545.276
46 73 50447.139
46 74 26526.200
46 75 27076.000
46 76 25669.900
46 77 48753.400
46 78 18275.400
46 79 22588.000
46 80 36168.100
46 81 10100.900
46 82 9154.800
46 83 3368.034
46 84 36733.500
46 85 21307.700
46 86 20412.500
46 87 52027.857
46 88 16121.700
46 89 42065.200
46 90 37950.300
46 91 53674.700
46 92 20915.800
46 93 38978.800
46 94 46616.400
46 95 41208.333
46 96 15283.800
46 97 24857.800
46 98 20153.900
46 99 27227.000
46 100 35684.577
46 101 46507.500
46 102 39557.900
46 103 31640.100
46 104 49924.900
46 105 21528.400
46 106 37408.800
46 107 40689.313
46 108 42386.900
46 109 41145.568
46 110 26040.100
46 111 42328.800
46 112 41485.711
46 113 45760.300
46 114 8381.099
46 115 34008.380
46 116 33152.926
46 117 39869.300
46 118 42055.500
46 119 32560.200
46 120 45637.500
46 121 43641.600
46 122 22749.800
46 123 48649.398
46 124 50463.100
46 125 21576.400
46 126 35693.274
46 127 54698.744
46 128 40193.800
46 129 43846.261
46 130 17931.600
46 131 27213.300
46 132 14452.500
46 133 6956.200
46 134 25102.200
46 135 31508.950
46 136 27516.700
46 137 41065.400
46 138 42106.300
46 139 15594.400
46 140 41621.500
46 141 54340.106
46 142 26057.100
46 143 17965.400
46 144 34239.300
46 145 14067.300
46 146 31239.400
46 147 20253.300
46 148 26948.200
46 149 39931.300
46 150 43186.726
46 151 31893.900
46 152 41583.300
46 153 37547.700
46 154 50427.700
46 155 7763.300
46 156 51140.125
46 157 35655.239
46 158 43861.100
46 159 53539.042
46 160 27876.600
46 161 53056.590
46 162 17868.037
46 163 20063.100
46 164 19678.300
46 165 21317.600
46 166 48208.800
46 167 4778.928
46 168 41466.300
46 169 40363.500
46 170 43416.100
46 171 56923.612
46 172 50028.400
46 173 38981.200
46 174 48589.300
46 175 21997.600
46 176 19347.435
46 177 35974.400
46 178 19195.600
46 179 28086.000
46 180 19437.100
46 181 11139.800
46 182 34834.863
46 183 24343.200
46 184 40197.300
46 185 9830.100
46 186 17763.300
46 187 37967.400
46 188 33964.971
46 189 19040.700
46 190 27851.200
46 191 27748.300
46 192 35628.100
46 193 47663.100
46 194 27468.500
46 195 12221.400
46 196 52300.069
46 197 42633.200
46 198 7552.400
46 199 30274.300
46 200 49776.300
47 0 26412.200
47 1 50592.717
47 2 46523.000
47 3 21392.200
47 4 20212.100
47 5 804.100
47 6 40938.400
47 7 25337.034
47 8 54510.390
47 9 28539.200
47 10 15128.600
47 11 43727.400
47 12 4321.100
47 13 44394.200
47 14 26848.700
47 15 50101.029
47 16 11280.700
47 17 36577.400
47 18 10406.582
47 19 38168.100
47 20 53999.981
47 21 50108.257
47 22 52289.068
47 23 28502.700
47 24 52399.000
47 25 26306.100
47 26 53773.250
47 27 47377.400
47 28 37277.400
47 29 22637.400
47 30 53093.311
47 31 50533.700
47 32 39539.800
47 33 10741.062
47 34 34976.300
47 35 31052.900
47 36 53580.268
47 37 11015.498
47 38 16184.200
47 39 41997.400
47 40 36509.800
47 41 43876.800
47 42 36836.000
47 43 42052.000
47 44 37024.700
47 45 51913.538
47 46 46837.000
47 47 0.000
47 48 39784.000
47 49 5637.700
47 50 19829.200
47 51 9129.800
47 52 20897.500
47 53 4861.300
47 54 15666.300
47 55 8101.300
47 56 43981.600
47 57 47766.120
47 58 37917.700
47 59 25797.200
47 60 46236.496
47 61 19806.663
47 62 42163.200
47 63 22315.512
47 64 42159.900
47 65 43400.900
47 66 26551.000
47 67 44264.957
47 68 40958.100
47 69 10317.700
47 70 47123.700
47 71 28022.600
47 72 60300.070
47 73 6223.797
47 74 21976.800
47 75 20997.200
47 76 23617.300
47 77 35053.900
47 78 41337.500
47 79 31447.000
47 80 38122.100
47 81 38485.800
47 82 43088.400
47 83 53341.983
47 84 21102.900
47 85 38159.500
47 86 42201.700
47 87 6607.996
47 88 58657.941
47 89 15020.600
47 90 12519.100
47 91 39975.100
47 92 46491.600
47 93 12531.900
47 94 32916.800
47 95 11381.397
47 96 36496.100
47 97 23288.800
47 98 46963.400
47 99 26749.000
47 100 50164.891
47 101 35226.500
47 102 9705.300
47 103 20898.200
47 104 8104.600
47 105 43317.600
47 106 11816.500
47 107 45454.398
47 108 28244.700
47 109 11651.306
47 110 29064.500
47 111 5310.600
47 112 44681.576
47 113 3983.500
47 114 58425.333
47 115 52382.046
47 116 52277.776
47 117 21976.700
47 118 41742.600
47 119 20965.600
47 120 47591.600
47 121 2549.700
47 122 40646.400
47 123 11744.022
47 124 39182.100
47 125 32408.100
47 126 50177.664
47 127 20224.555
47 128 10195.800
47 129 12522.520
47 130 48088.700
47 131 25952.100
47 132 37437.500
47 133 42809.200
47 134 38470.400
47 135 49801.767
47 136 23672.000
47 137 40416.700
47 138 44060.400
47 139 45153.400
47 140 40679.900
47 141 12469.031
47 142 26043.100
47 143 48695.900
47 144 34313.900
47 145 35068.200
47 146 15322.500
47 147 31093.600
47 148 24763.700
47 149 26231.700
47 150 12079.711
47 151 15371.700
47 152 27441.100
47 153 19687.900
47 154 36728.100
47 155 42527.900
47 156 30124.320
47 157 50091.087
47 158 3941.300
47 159 3533.664
47 160 36653.800
47 161 16315.754
47 162 65871.676
47 163 28018.900
47 164 39830.400
47 165 26409.600
47 166 34509.300
47 167 54671.180
47 168 37641.200
47 169 39589.000
47 170 33799.000
47 171 47410.719
47 172 38554.200
47 173 39017.200
47 174 34889.700
47 175 31187.100
47 176 66161.218
47 177 36089.600
47 178 40346.900
47 179 25901.400
47 180 30074.600
47 181 42333.400
47 182 53311.792
47 183 44871.400
47 184 9282.200
47 185 39878.000
47 186 39552.500
47 187 39921.400
47 188 53260.336
47 189 28652.700
47 190 29022.100
47 191 26487.100
47 192 33424.700
47 193 36382.100
47 194 38446.700
47 195 36752.600
47 196 7946.670
47 197 15872.100
47 198 43090.300
47 199 25918.000
47 200 38495.200
48 0 16440.700
48 1 56573.250
48 2 14500.400
48 3 23094.000
48 4 38307.000
48 5 40758.700
48 6 36208.000
48 7 37940.841
48 8 59041.204
48 9 34755.500
48 10 28414.400
48 11 38222.000
48 12 37359.000
48 13 5841.000
48 14 39547.600
48 15 58966.228
48 16 34484.200
48 17 30567.000
48 18 39799.632
48 19 20179.800
48 20 59180.150
48 21 58966.851
48 22 57739.200
48 23 34719.000
48 24 15021.400
48 25 17487.000
48 26 60217.825
48 27 17774.300
48 28 23118.100
48 29 20558.200
48 30 59184.086
48 31 16100.300
48 32 19602.600
48 33 43665.075
48 34 7281.200
48 35 14714.600
48 36 60112.947
48 37 43083.144
48 38 26702.200
48 39 9591.800
48 40 6056.700
48 41 39998.400
48 42 17647.800
48 43 37321.600
48 44 6065.500
48 45 27824.298
48 46 28948.900
48 47 41491.400
48 48 0.000
48 49 39097.400
48 50 21723.100
48 51 36472.100
48 52 26023.600
48 53 35811.200
48 54 31096.400
48 55 33743.700
48 56 11576.000
48 57 18612.164
48 58 32412.300
48 59 38496.200
48 60 20021.546
48 61 42413.929
48 62 9757.600
48 63 49008.092
48 64 22498.800
48 65 38112.800
48 66 39249.900
48 67 15618.040
48 68 35670.000
48 69 30511.300
48 70 42393.400
48 71 37018.600
48 72 29476.033
48 73 42857.055
48 74 22260.500
48 75 21234.500
48 76 19248.100
48 77 21704.000
48 78 35334.100
48 79 33289.800
48 80 5753.300
48 81 32980.400
48 82 38370.200
48 83 30384.804
48 84 21347.700
48 85 38366.500
48 86 37471.300
48 87 44178.269
48 88 21610.996
48 89 27928.400
48 90 35444.500
48 91 25815.800
48 92 14782.000
48 93 34740.800
48 94 20286.300
48 95 43168.643
48 96 30940.400
48 97 20089.300
48 98 14020.100
48 99 39448.000
48 100 59019.490
48 101 16038.400
48 102 32017.500
48 103 20192.500
48 104 42384.500
48 105 38587.200
48 106 31896.800
48 107 12969.406
48 108 27001.100
48 109 43321.936
48 110 36742.000
48 111 36396.600
48 112 14015.061
48 113 38219.900
48 114 32781.536
48 115 58441.841
48 116 57707.044
48 117 24483.500
48 118 2904.900
48 119 18553.400
48 120 5207.700
48 121 38941.700
48 122 8240.900
48 123 38184.769
48 124 19994.000
48 125 32131.700
48 126 59031.192
48 127 39353.521
48 128 32653.400
48 129 47192.947
48 130 15446.400
48 131 38651.000
48 132 31427.200
48 133 25066.400
48 134 38194.100
48 135 55480.552
48 136 36370.900
48 137 1343.400
48 138 5507.100
48 139 39648.100
48 140 1606.600
48 141 43283.043
48 142 36758.900
48 143 12417.500
48 144 7542.300
48 145 29777.700
48 146 31661.500
48 147 22047.800
48 148 29136.100
48 149 23036.400
48 150 46185.021
48 151 32554.100
48 152 26197.500
48 153 22161.900
48 154 24233.100
48 155 37022.500
48 156 30428.856
48 157 58968.754
48 158 36320.700
48 159 48649.010
48 160 38578.400
48 161 39745.707
48 162 31445.657
48 163 27742.600
48 164 36737.100
48 165 26133.200
48 166 17985.300
48 167 29412.324
48 168 3111.900
48 169 4206.900
48 170 10710.900
48 171 30099.354
48 172 19559.300
48 173 2824.600
48 174 18365.700
48 175 32699.400
48 176 29969.981
48 177 5740.400
48 178 36254.400
48 179 30273.900
48 180 22048.400
48 181 36828.000
48 182 59428.376
48 183 41402.000
48 184 32656.900
48 185 33867.600
48 186 34822.100
48 187 5037.900
48 188 58701.167
48 189 28376.300
48 190 13142.200
48 191 39186.100
48 192 6866.700
48 193 17194.000
48 194 38170.300
48 195 31462.100
48 196 43687.993
48 197 33066.900
48 198 37584.900
48 199 14797.200
48 200 19307.100
49 0 25691.800
49 1 54057.985
49 2 45492.000
49 3 20671.800
49 4 25932.200
49 5 6574.200
49 6 39907.400
49 7 20339.224
49 8 57957.789
49 9 33136.400
49 10 14408.100
49 11 42696.400
49 12 3174.600
49 13 43673.800
49 14 31445.900
49 15 53806.271
49 16 12392.200
49 17 35546.400
49 18 5599.650
49 19 37447.700
49 20 57490.762
49 21 53813.129
49 22 55756.697
49 23 33099.900
49 24 51368.000
49 25 25585.700
49 26 57367.726
49 27 46346.400
49 28 36557.000
49 29 21917.000
49 30 56639.434
49 31 49502.600
49 32 38819.400
49 33 14532.951
49 34 34255.900
49 35 30332.500
49 36 57177.374
49 37 14650.988
49 38 15463.800
49 39 41277.000
49 40 35789.400
49 41 42845.700
49 42 36115.500
49 43 41021.000
49 44 36304.300
49 45 52367.315
49 46 45806.000
49 47 7306.900
49 48 39063.600
49 49 0.000
49 50 19108.800
49 51 3012.500
49 52 20177.100
49 53 4404.100
49 54 16777.900
49 55 7380.900
49 56 43261.200
49 57 43882.099
49 58 36886.600
49 59 30394.400
49 60 42227.670
49 61 14838.449
49 62 41442.800
49 63 26548.163
49 64 41128.900
49 65 42369.900
49 66 31148.100
49 67 40569.627
49 68 39927.000
49 69 9597.300
49 70 46092.700
49 71 32619.800
49 72 60373.832
49 73 1263.032
49 74 21256.400
49 75 20276.800
49 76 22896.900
49 77 34333.400
49 78 40306.500
49 79 32535.100
49 80 37401.700
49 81 37454.700
49 82 42057.300
49 83 53990.435
49 84 20382.500
49 85 37128.500
49 86 41170.600
49 87 1874.514
49 88 57957.701
49 89 14300.200
49 90 13630.700
49 91 39254.700
49 92 45460.500
49 93 14674.100
49 94 32196.400
49 95 15039.906
49 96 35465.100
49 97 22568.400
49 98 45932.400
49 99 31346.200
49 100 53870.979
49 101 34506.100
49 102 11103.500
49 103 20177.800
49 104 5524.200
49 105 42286.500
49 106 11830.200
49 107 41979.339
49 108 27206.100
49 109 15348.204
49 110 33661.700
49 111 4853.400
49 112 41117.388
49 113 4035.500
49 114 59001.606
49 115 55906.130
49 116 55743.231
49 117 21256.300
49 118 41022.200
49 119 20245.200
49 120 46871.100
49 121 4757.300
49 122 39926.000
49 123 7122.842
49 124 38461.700
49 125 31377.100
49 126 53884.012
49 127 15210.045
49 128 11739.400
49 129 16982.778
49 130 47057.600
49 131 30549.200
49 132 36406.500
49 133 41778.100
49 134 37439.400
49 135 53215.133
49 136 28269.100
49 137 39696.300
49 138 43339.900
49 139 44122.400
49 140 39959.400
49 141 7567.391
49 142 30640.200
49 143 47664.900
49 144 33593.500
49 145 34037.200
49 146 16434.100
49 147 30373.200
49 148 24931.500
49 149 25511.300
49 150 16386.697
49 151 16483.300
49 152 26720.700
49 153 18967.500
49 154 36007.700
49 155 41496.800
49 156 25443.233
49 157 53797.130
49 158 3484.100
49 159 5451.364
49 160 37823.700
49 161 11304.617
49 162 65687.095
49 163 26987.900
49 164 38799.300
49 165 25378.500
49 166 33788.800
49 167 55133.931
49 168 36920.800
49 169 38868.600
49 170 33078.600
49 171 42820.783
49 172 37833.800
49 173 38296.800
49 174 34169.300
49 175 31944.700
49 176 65766.491
49 177 35369.200
49 178 39315.900
49 179 26069.200
49 180 29354.200
49 181 41302.300
49 182 56865.961
49 183 43840.400
49 184 11742.900
49 185 38846.900
49 186 38521.500
49 187 39201.000
49 188 56754.123
49 189 27621.700
49 190 28301.700
49 191 31084.300
49 192 32704.300
49 193 35661.700
49 194 37415.600
49 195 35721.600
49 196 3063.986
49 197 15151.700
49 198 42059.200
49 199 25197.600
49 200 37774.800
50 0 14093.300
50 1 51474.126
50 2 35897.700
50 3 6338.300
50 4 19670.600
50 5 20499.300
50 6 30299.800
50 7 19459.626
50 8 54982.691
50 9 25948.000
50 10 8285.400
50 11 31815.900
50 12 17099.600
50 13 25469.200
50 14 24257.500
50 15 52545.009
50 16 15256.700
50 17 25497.500
50 18 15960.968
50 19 18542.400
50 20 54778.472
50 21 52549.242
50 22 53050.726
50 23 25911.500
50 24 41326.600
50 25 13987.200
50 26 55222.744
50 27 36752.100
50 28 17651.700
50 29 11351.800
50 30 54285.390
50 31 39461.300
50 32 19914.100
50 33 22928.791
50 34 16655.400
50 35 11930.600
50 36 55060.474
50 37 22467.754
50 38 6573.300
50 39 25722.800
50 40 21852.800
50 41 34090.200
50 42 17713.700
50 43 31413.500
50 44 18703.800
50 45 37691.591
50 46 34925.400
50 47 21232.000
50 48 21463.100
50 49 18838.100
50 50 0.000
50 51 16212.700
50 52 5894.600
50 53 15551.900
50 54 15806.200
50 55 13484.300
50 56 27706.900
50 57 26688.240
50 58 26006.100
50 59 23206.000
50 60 25642.505
50 61 20974.771
50 62 25888.500
50 63 32214.734
50 64 31087.500
50 65 32328.500
50 66 23959.700
50 67 22761.954
50 68 29885.700
50 69 10251.900
50 70 36485.200
50 71 25431.400
50 72 44249.406
50 73 18892.412
50 74 10691.300
50 75 9086.900
50 76 11298.400
50 77 15428.200
50 78 29426.000
50 79 23913.800
50 80 21884.200
50 81 26574.200
50 82 31176.800
50 83 39829.267
50 84 2070.400
50 85 28507.100
50 86 31563.100
50 87 20214.355
50 88 40076.063
50 89 7799.400
50 90 13953.200
50 91 20349.400
50 92 35866.300
50 93 15292.000
50 94 13291.100
50 95 22694.254
50 96 25870.900
50 97 12599.000
50 98 36338.100
50 99 24157.800
50 100 52609.240
50 101 16104.200
50 102 11758.100
50 103 4395.600
50 104 22125.200
50 105 32679.000
50 106 12448.000
50 107 23465.737
50 108 8619.000
50 109 22948.451
50 110 26473.300
50 111 16137.200
50 112 22870.935
50 113 17960.500
50 114 44360.962
50 115 53488.763
50 116 53026.824
50 117 6101.400
50 118 23421.700
50 119 4462.900
50 120 26321.900
50 121 18682.300
50 122 24371.800
50 123 14418.745
50 124 20059.800
50 125 22755.700
50 126 52622.675
50 127 18276.277
50 128 12394.000
50 129 26773.515
50 130 37463.400
50 131 23360.900
50 132 26357.600
50 133 31736.800
50 134 28818.100
50 135 50429.878
50 136 21080.800
50 137 22095.800
50 138 25135.300
50 139 33241.900
50 140 22359.000
50 141 19859.030
50 142 23451.900
50 143 26710.900
50 144 16492.600
50 145 23995.800
50 146 16371.400
50 147 18774.700
50 148 16310.100
50 149 6606.000
50 150 25739.003
50 151 15555.500
50 152 7815.400
50 153 2032.900
50 154 17102.400
50 155 30616.300
50 156 16586.118
50 157 52541.088
50 158 16061.400
50 159 24836.090
50 160 29202.400
50 161 17221.396
50 162 48765.853
50 163 18366.600
50 164 30178.000
50 165 16757.200
50 166 14883.600
50 167 40334.011
50 168 19320.300
50 169 21268.100
50 170 14676.700
50 171 30009.127
50 172 18928.500
50 173 20696.300
50 174 15264.000
50 175 23323.400
50 176 48364.990
50 177 17768.700
50 178 30346.200
50 179 17447.800
50 180 17755.700
50 181 30421.800
50 182 54538.618
50 183 35493.800
50 184 12397.500
50 185 28798.000
50 186 28913.900
50 187 23646.700
50 188 54111.564
50 189 19000.300
50 190 13364.300
50 191 23895.900
50 192 15103.800
50 193 17259.800
50 194 28794.300
50 195 25680.200
50 196 19762.493
50 197 12807.500
50 198 31178.700
50 199 9415.400
50 200 19372.900
51 0 23049.600
51 1 54186.348
51 2 42849.800
51 3 18029.600
51 4 23290.100
51 5 10106.200
51 6 37265.200
51 7 19144.823
51 8 58074.186
51 9 30494.200
51 10 11766.000
51 11 40054.200
51 12 6706.500
51 13 41031.700
51 14 28803.700
51 15 54033.116
51 16 15536.200
51 17 32904.200
51 18 4207.565
51 19 34805.500
51 20 57625.006
51 21 54039.809
51 22 55883.798
51 23 30457.700
51 24 48725.800
51 25 22943.500
51 26 57544.179
51 27 43704.200
51 28 33914.800
51 29 19274.800
51 30 56797.002
51 31 46860.500
51 32 36177.200
51 33 14979.849
51 34 31613.700
51 35 27690.300
51 36 57355.129
51 37 15038.568
51 38 12821.600
51 39 38634.800
51 40 33147.300
51 41 40203.600
51 42 33473.400
51 43 38378.800
51 44 33662.100
51 45 51554.207
51 46 43163.800
51 47 10838.900
51 48 36421.400
51 49 2995.700
51 50 16466.600
51 51 0.000
51 52 17534.900
51 53 5158.700
51 54 18260.500
51 55 4738.700
51 56 40619.000
51 57 42384.607
51 58 34244.500
51 59 27752.200
51 60 40731.687
51 61 13940.818
51 62 38800.600
51 63 27073.849
51 64 38486.700
51 65 39727.700
51 66 28505.900
51 67 39074.876
51 68 37284.900
51 69 6955.100
51 70 43450.500
51 71 29977.600
51 72 59457.702
51 73 579.332
51 74 18614.200
51 75 17634.600
51 76 20254.700
51 77 31691.300
51 78 37664.300
51 79 29892.900
51 80 34759.500
51 81 34812.500
51 82 39415.200
51 83 53224.845
51 84 17740.300
51 85 34486.300
51 86 38528.500
51 87 2159.051
51 88 56870.232
51 89 11658.000
51 90 13007.800
51 91 36612.500
51 92 42818.400
51 93 12032.000
51 94 29554.200
51 95 15428.995
51 96 32822.900
51 97 19926.300
51 98 43290.200
51 99 28704.000
51 100 54098.099
51 101 31863.900
51 102 8461.300
51 103 17535.600
51 104 6282.800
51 105 39644.400
51 106 9188.000
51 107 40493.685
51 108 24882.100
51 109 15746.241
51 110 31019.500
51 111 5744.100
51 112 39627.417
51 113 7567.400
51 114 58211.043
51 115 56055.671
51 116 55869.484
51 117 18614.100
51 118 38380.100
51 119 17603.000
51 120 44229.000
51 121 8289.200
51 122 37283.900
51 123 5664.442
51 124 35819.500
51 125 28734.900
51 126 54111.224
51 127 14080.437
51 128 9097.300
51 129 17677.070
51 130 44415.400
51 131 27907.100
51 132 33764.300
51 133 39136.000
51 134 34797.200
51 135 53324.144
51 136 25627.000
51 137 37054.100
51 138 40697.800
51 139 41480.200
51 140 37317.300
51 141 6877.619
51 142 27998.100
51 143 45022.700
51 144 30951.300
51 145 31395.000
51 146 18429.000
51 147 27731.000
51 148 22289.300
51 149 22869.100
51 150 17015.535
51 151 19175.000
51 152 24078.500
51 153 16325.300
51 154 33365.600
51 155 38854.700
51 156 24027.386
51 157 54024.324
51 158 5668.200
51 159 6947.894
51 160 35181.500
51 161 10166.128
51 162 64705.958
51 163 24345.700
51 164 36157.200
51 165 22736.400
51 166 31146.700
51 167 54319.274
51 168 34278.600
51 169 36226.400
51 170 30436.400
51 171 41386.021
51 172 35191.600
51 173 35654.700
51 174 31527.100
51 175 29302.500
51 176 64738.221
51 177 32727.000
51 178 36673.700
51 179 23427.000
51 180 26712.000
51 181 38660.200
51 182 57026.528
51 183 41198.200
51 184 9100.800
51 185 36204.700
51 186 35879.300
51 187 36558.800
51 188 56890.448
51 189 24979.500
51 190 25659.500
51 191 28442.100
51 192 30062.200
51 193 33019.500
51 194 34773.500
51 195 33079.400
51 196 2735.554
51 197 12509.500
51 198 39417.100
51 199 22555.400
51 200 35132.600
52 0 18703.500
52 1 55941.223
52 2 40508.000
52 3 10948.500
52 4 23987.800
52 5 21849.900
52 6 34910.100
52 7 13783.556
52 8 59558.226
52 9 30265.300
52 10 3223.100
52 11 36426.100
52 12 18450.200
52 13 31894.500
52 14 28574.800
52 15 56763.630
52 16 20183.600
52 17 30107.700
52 18 11919.021
52 19 23005.300
52 20 59303.087
52 21 56768.441
52 22 57557.424
52 23 30228.800
52 24 45936.800
52 25 18597.400
52 26 59643.600
52 27 41362.300
52 28 22114.600
52 29 15962.000
52 30 58737.345
52 31 44071.500
52 32 24377.100
52 33 23677.141
52 34 21118.400
52 35 16393.500
52 36 59474.356
52 37 23332.203
52 38 3957.800
52 39 30333.000
52 40 26315.800
52 41 38700.400
52 42 22176.600
52 43 36023.700
52 44 23166.800
52 45 43524.858
52 46 39535.600
52 47 22582.600
52 48 25926.100
52 49 20188.700
52 50 6260.100
52 51 17563.300
52 52 0.000
52 53 16902.500
52 54 20123.500
52 55 14834.900
52 56 32317.100
52 57 27310.244
52 58 30616.300
52 59 27523.300
52 60 25812.814
52 61 15233.821
52 62 30498.700
52 63 34342.544
52 64 35697.800
52 65 36938.700
52 66 28277.000
52 67 23856.334
52 68 34495.900
52 69 11602.500
52 70 41095.400
52 71 29748.700
52 72 50018.533
52 73 15657.026
52 74 15301.500
52 75 13697.100
52 76 15908.600
52 77 19891.100
52 78 34036.200
52 79 28231.100
52 80 26494.400
52 81 31184.400
52 82 35787.000
52 83 45658.774
52 84 5576.600
52 85 32824.400
52 86 36173.300
52 87 16701.761
52 88 45585.424
52 89 3017.700
52 90 17618.500
52 91 24812.400
52 92 40476.500
52 93 16642.600
52 94 17754.100
52 95 23630.583
52 96 30481.100
52 97 17209.200
52 98 40948.300
52 99 28475.100
52 100 56828.676
52 101 20567.100
52 102 13108.700
52 103 9005.800
52 104 23475.800
52 105 37289.200
52 106 13798.600
52 107 25227.462
52 108 7740.700
52 109 23927.563
52 110 30790.600
52 111 17487.800
52 112 24366.662
52 113 19311.100
52 114 50193.394
52 115 57944.949
52 116 57535.255
52 117 5244.800
52 118 27884.700
52 119 9073.100
52 120 30784.900
52 121 20032.900
52 122 28982.000
52 123 10227.380
52 124 24522.800
52 125 27073.000
52 126 56842.180
52 127 12467.613
52 128 13744.600
52 129 27457.389
52 130 42073.600
52 131 27678.200
52 132 30967.800
52 133 36347.000
52 134 33135.300
52 135 54923.990
52 136 25398.100
52 137 26558.800
52 138 31560.600
52 139 37852.100
52 140 26821.900
52 141 15042.136
52 142 27769.200
52 143 31321.100
52 144 20955.600
52 145 28606.000
52 146 20688.700
52 147 23384.900
52 148 20627.400
52 149 11068.900
52 150 26471.742
52 151 19872.800
52 152 6937.100
52 153 4161.600
52 154 21565.400
52 155 35226.500
52 156 12441.314
52 157 56758.610
52 158 17412.000
52 159 22156.647
52 160 33519.700
52 161 11747.603
52 162 54432.108
52 163 22683.800
52 164 34495.300
52 165 21074.500
52 166 19346.500
52 167 46166.336
52 168 23783.200
52 169 25731.100
52 170 19139.700
52 171 28136.942
52 172 23391.400
52 173 25159.300
52 174 19726.900
52 175 27640.700
52 176 53949.365
52 177 22231.600
52 178 34956.400
52 179 21765.100
52 180 22365.900
52 181 35032.000
52 182 58987.926
52 183 40104.100
52 184 13748.100
52 185 33408.200
52 186 33524.100
52 187 30145.100
52 188 58616.706
52 189 23317.600
52 190 17974.500
52 191 28213.200
52 192 19566.800
52 193 21722.800
52 194 33111.600
52 195 30290.400
52 196 15945.503
52 197 7635.200
52 198 35788.900
52 199 14025.600
52 200 23835.900
53 0 22401.300
53 1 50894.239
53 2 42201.500
53 3 17381.300
53 4 22641.700
53 5 5797.800
53 6 36616.800
53 7 21551.786
53 8 54781.987
53 9 29845.800
53 10 11117.600
53 11 39405.800
53 12 2398.100
53 13 40383.300
53 14 28155.300
53 15 50750.382
53 16 8843.800
53 17 32255.900
53 18 6524.058
53 19 34157.100
53 20 54332.994
53 21 50757.046
53 22 52591.660
53 23 29809.400
53 24 48077.500
53 25 22295.200
53 26 54254.601
53 27 43055.800
53 28 33266.400
53 29 18626.500
53 30 53506.005
53 31 46212.100
53 32 35528.900
53 33 11827.409
53 34 30965.400
53 35 27041.900
53 36 54065.676
53 37 11845.670
53 38 12173.300
53 39 37986.500
53 40 32498.900
53 41 39555.200
53 42 32825.000
53 43 37730.500
53 44 33013.800
53 45 48982.480
53 46 42515.400
53 47 6530.500
53 48 35773.100
53 49 4404.100
53 50 15818.200
53 51 5118.800
53 52 16886.600
53 53 0.000
53 54 17612.200
53 55 4090.300
53 56 39970.600
53 57 42825.106
53 58 33596.100
53 59 27103.900
53 60 41313.809
53 61 16893.114
53 62 38152.300
53 63 23940.252
53 64 37838.400
53 65 39079.400
53 66 27857.600
53 67 39313.218
53 68 36636.500
53 69 6306.800
53 70 42802.200
53 71 29329.200
53 72 57071.177
53 73 3755.701
53 74 17965.900
53 75 16986.300
53 76 19606.400
53 77 31042.900
53 78 37016.000
53 79 29244.600
53 80 34111.200
53 81 34164.200
53 82 38766.800
53 83 50575.240
53 84 17092.000
53 85 33838.000
53 86 37880.100
53 87 5183.393
53 88 54873.752
53 89 11009.600
53 90 12359.500
53 91 35964.200
53 92 42170.000
53 93 11383.600
53 94 28905.900
53 95 12235.231
53 96 32174.600
53 97 19277.900
53 98 42641.900
53 99 28055.700
53 100 50815.408
53 101 31215.500
53 102 7813.000
53 103 16887.300
53 104 11031.300
53 105 38996.000
53 106 8539.600
53 107 40509.321
53 108 24233.800
53 109 12556.616
53 110 30371.200
53 111 2429.900
53 112 39731.311
53 113 3259.000
53 114 55600.063
53 115 52764.244
53 116 52577.334
53 117 17965.800
53 118 37731.700
53 119 16954.600
53 120 43580.600
53 121 3980.800
53 122 36635.500
53 123 7463.156
53 124 35171.200
53 125 28086.500
53 126 50828.548
53 127 16682.298
53 128 8448.900
53 129 14744.867
53 130 43767.100
53 131 27258.700
53 132 33116.000
53 133 38487.600
53 134 34148.900
53 135 50031.991
53 136 24978.600
53 137 36405.800
53 138 40049.400
53 139 40831.900
53 140 36668.900
53 141 10075.156
53 142 27349.700
53 143 44374.400
53 144 30303.000
53 145 30746.600
53 146 12885.700
53 147 27082.700
53 148 21640.900
53 149 22220.700
53 150 14013.615
53 151 12934.800
53 152 23430.200
53 153 15676.900
53 154 32717.200
53 155 38206.300
53 156 25586.764
53 157 50741.651
53 158 1359.800
53 159 7310.752
53 160 34533.200
53 161 12817.878
53 162 62451.976
53 163 23697.400
53 164 35508.800
53 165 22088.000
53 166 30498.300
53 167 51749.270
53 168 33630.200
53 169 35578.100
53 170 29788.100
53 171 42740.034
53 172 34543.200
53 173 35006.300
53 174 30878.700
53 175 28654.200
53 176 62590.771
53 177 32078.600
53 178 36025.300
53 179 22778.600
53 180 26063.700
53 181 38011.800
53 182 53735.717
53 183 40549.800
53 184 3919.000
53 185 35556.400
53 186 35230.900
53 187 35910.400
53 188 53598.496
53 189 24331.100
53 190 25011.100
53 191 27793.800
53 192 29413.800
53 193 32371.200
53 194 34125.100
53 195 32431.000
53 196 6014.449
53 197 11861.200
53 198 38768.700
53 199 21907.100
53 200 34484.300
54 0 16096.800
54 1 38057.793
54 2 31826.400
54 3 13415.700
54 4 8840.800
54 5 14085.000
54 6 26241.800
54 7 31059.154
54 8 41856.097
54 9 13842.600
54 10 22461.800
54 11 29030.800
54 12 13486.700
54 13 33189.600
54 14 12152.100
54 15 38417.134
54 16 4398.400
54 17 21880.800
54 18 18648.947
54 19 34238.100
54 20 41491.412
54 21 38422.797
54 22 39732.912
54 23 13806.200
54 24 37702.500
54 25 15990.700
54 26 41615.283
54 27 32680.800
54 28 33347.400
54 29 12322.300
54 30 40781.934
54 31 35837.100
54 32 35609.800
54 33 8858.956
54 34 29258.100
54 35 27626.300
54 36 41434.753
54 37 8245.877
54 38 20349.200
54 39 33231.200
54 40 27727.600
54 41 29180.200
54 42 33409.300
54 43 27355.400
54 44 27378.600
54 45 36096.353
54 46 32140.400
54 47 15361.000
54 48 31475.100
54 49 21167.200
54 50 16643.500
54 51 18541.900
54 52 20756.300
54 53 17881.000
54 54 0.000
54 55 15813.500
54 56 35215.300
54 57 42663.698
54 58 23221.100
54 59 11100.700
54 60 41853.435
54 61 28731.023
54 62 33396.900
54 63 15745.064
54 64 27463.400
54 65 28704.300
54 66 11854.400
54 67 38551.894
54 68 26261.500
54 69 12581.100
54 70 32427.200
54 71 13326.000
54 72 44704.974
54 73 17698.809
54 74 11661.700
54 75 11090.400
54 76 13301.900
54 77 31123.800
54 78 26640.900
54 79 16750.500
54 80 29355.900
54 81 23789.200
54 82 28391.800
54 83 37430.643
54 84 18661.400
54 85 23462.900
54 86 27505.100
54 87 19201.305
54 88 43952.418
54 89 22353.800
54 90 5661.100
54 91 36045.100
54 92 31795.000
54 93 7544.100
54 94 28986.800
54 95 8251.163
54 96 21799.600
54 97 11836.600
54 98 32266.800
54 99 12052.500
54 100 38482.746
54 101 31799.900
54 102 14087.300
54 103 15804.300
54 104 24454.300
54 105 28621.000
54 106 11938.200
54 107 38709.320
54 108 24314.700
54 109 8352.535
54 110 14368.000
54 111 10955.300
54 112 38366.903
54 113 13149.100
54 114 42531.076
54 115 40009.021
54 116 39714.823
54 117 21797.100
54 118 32804.900
54 119 17035.600
54 120 36387.000
54 121 12268.100
54 122 31880.200
54 123 18430.608
54 124 35755.500
54 125 17711.500
54 126 38496.210
54 127 27377.940
54 128 10721.600
54 129 12134.389
54 130 33392.100
54 131 11255.500
54 132 22741.000
54 133 28112.600
54 134 23773.900
54 135 37115.106
54 136 8975.400
54 137 31814.800
54 138 32855.800
54 139 30456.900
54 140 32371.000
54 141 23240.714
54 142 11346.500
54 143 33999.300
54 144 25929.400
54 145 20371.600
54 146 1126.900
54 147 18176.700
54 148 10067.100
54 149 22301.700
54 150 11150.326
54 151 2019.400
54 152 23511.100
54 153 19475.500
54 154 32798.100
54 155 27831.300
54 156 31559.869
54 157 38410.453
54 158 12303.300
54 159 19511.816
54 160 21957.200
54 161 24171.714
54 162 50478.102
54 163 13322.400
54 164 25133.800
54 165 11713.000
54 166 30579.200
54 167 38839.155
54 168 31923.000
54 169 31112.900
54 170 30372.400
54 171 46433.945
54 172 34624.200
54 173 29730.600
54 174 30959.700
54 175 16490.500
54 176 50988.647
54 177 30371.400
54 178 25650.300
54 179 11204.800
54 180 18769.200
54 181 27636.800
54 182 41023.853
54 183 30174.800
54 184 10922.800
54 185 25181.400
54 186 24855.900
54 187 31155.100
54 188 40773.078
54 189 13956.100
54 190 20060.400
54 191 11790.600
54 192 27706.500
54 193 32955.500
54 194 23750.100
54 195 22056.000
54 196 19875.479
54 197 22921.900
54 198 28393.700
54 199 19864.300
54 200 35068.600
55 0 20341.100
55 1 49233.114
55 2 40141.300
55 3 15321.100
55 4 20581.500
55 5 9001.700
55 6 34556.700
55 7 21332.165
55 8 53086.640
55 9 27785.600
55 10 10687.300
55 11 37345.700
55 12 5602.000
55 13 38323.100
55 14 26095.200
55 15 49302.634
55 16 12827.700
55 17 30195.700
55 18 7230.161
55 19 32096.900
55 20 52676.105
55 21 49308.915
55 22 50923.712
55 23 27749.200
55 24 46017.300
55 25 20235.000
55 26 52687.742
55 27 40995.600
55 28 31206.300
55 29 16566.300
55 30 51900.508
55 31 44151.900
55 32 33468.700
55 33 11556.923
55 34 28905.200
55 35 24981.800
55 36 52502.068
55 37 11399.493
55 38 10113.100
55 39 35926.300
55 40 30438.700
55 41 37495.000
55 42 30764.800
55 43 35670.300
55 44 30953.600
55 45 45806.548
55 46 40455.200
55 47 9734.400
55 48 33712.900
55 49 7340.500
55 50 13758.000
55 51 4715.100
55 52 14826.400
55 53 4054.200
55 54 15552.000
55 55 0.000
55 56 37910.500
55 57 40373.445
55 58 31535.900
55 59 25043.700
55 60 38973.109
55 61 17679.799
55 62 36092.100
55 63 23432.107
55 64 35778.200
55 65 37019.200
55 66 25797.400
55 67 36733.518
55 68 34576.300
55 69 4246.600
55 70 40742.000
55 71 27269.000
55 72 53810.208
55 73 6382.279
55 74 15905.700
55 75 14926.100
55 76 17546.200
55 77 28982.700
55 78 34955.800
55 79 27184.400
55 80 32051.000
55 81 32104.000
55 82 36706.600
55 83 47447.606
55 84 15031.800
55 85 31777.800
55 86 35819.900
55 87 7957.275
55 88 51522.450
55 89 10579.300
55 90 10299.300
55 91 33904.000
55 92 40109.800
55 93 9323.400
55 94 26845.700
55 95 11766.263
55 96 30114.400
55 97 17217.700
55 98 40581.700
55 99 25995.500
55 100 49368.074
55 101 29155.400
55 102 5752.800
55 103 14827.100
55 104 10627.500
55 105 36935.800
55 106 6479.500
55 107 37781.081
55 108 22173.600
55 109 12092.404
55 110 28311.000
55 111 4639.600
55 112 37061.348
55 113 6462.900
55 114 52448.471
55 115 51143.430
55 116 50907.631
55 117 15905.600
55 118 35671.500
55 119 14894.500
55 120 41520.400
55 121 7184.700
55 122 34575.300
55 123 7420.319
55 124 33111.000
55 125 26026.400
55 126 49381.381
55 127 16876.207
55 128 6388.700
55 129 15013.970
55 130 41706.900
55 131 25198.500
55 132 31055.800
55 133 36427.400
55 134 32088.700
55 135 48332.230
55 136 22918.400
55 137 34345.600
55 138 37989.200
55 139 38771.700
55 140 34608.700
55 141 11679.300
55 142 25289.500
55 143 42314.200
55 144 28242.800
55 145 28686.400
55 146 15720.500
55 147 25022.500
55 148 19580.700
55 149 20160.500
55 150 14131.845
55 151 16466.500
55 152 21370.000
55 153 13616.800
55 154 30657.000
55 155 36146.100
55 156 24262.802
55 157 49294.700
55 158 4563.700
55 159 10618.971
55 160 32473.000
55 161 13251.115
55 162 59149.061
55 163 21637.200
55 164 33448.600
55 165 20027.800
55 166 28438.100
55 167 48572.901
55 168 31570.000
55 169 33517.900
55 170 27727.900
55 171 41059.891
55 172 32483.100
55 173 32946.100
55 174 28818.600
55 175 26594.000
55 176 59262.948
55 177 30018.500
55 178 33965.200
55 179 20718.500
55 180 24003.500
55 181 35951.600
55 182 52136.072
55 183 38489.700
55 184 6392.200
55 185 33496.200
55 186 33170.800
55 187 33850.300
55 188 51947.669
55 189 22270.900
55 190 22951.000
55 191 25733.600
55 192 27353.600
55 193 30311.000
55 194 32064.900
55 195 30370.800
55 196 8412.716
55 197 11430.900
55 198 36708.500
55 199 19846.900
55 200 32424.100
56 0 19307.200
56 1 53187.914
56 2 7676.600
56 3 25121.700
56 4 42039.800
56 5 45732.000
56 6 33566.200
56 7 46532.970
56 8 55164.701
56 9 38488.300
56 10 37974.900
56 11 35580.200
56 12 42332.300
56 13 5533.100
56 14 43280.400
56 15 55964.170
56 16 38217.000
56 17 27925.200
56 18 46648.503
56 19 28862.600
56 20 55422.501
56 21 55963.413
56 22 54148.964
56 23 38451.800
56 24 8197.600
56 25 21219.800
56 26 56633.882
56 27 10950.500
56 28 31800.900
56 29 24290.900
56 30 55607.950
56 31 9276.500
56 32 28285.400
56 33 47454.826
56 34 15964.000
56 35 23397.400
56 36 56554.361
56 37 46845.010
56 38 33039.300
56 39 3517.900
56 40 13071.200
56 41 37356.600
56 42 26330.700
56 43 34679.800
56 44 14748.400
56 45 21110.800
56 46 22125.100
56 47 46464.700
56 48 11583.600
56 49 44070.800
56 50 29153.800
56 51 41445.400
56 52 32360.700
56 53 40784.500
56 54 34829.200
56 55 38717.000
56 56 0.000
56 57 27238.662
56 58 29770.500
56 59 42229.000
56 60 28890.483
56 61 50482.026
56 62 1925.600
56 63 50696.345
56 64 15675.000
56 65 20176.300
56 66 42982.700
56 67 24656.728
56 68 17733.400
56 69 35484.600
56 70 39751.500
56 71 40751.400
56 72 20880.002
56 73 49225.462
56 74 25993.300
56 75 24967.300
56 76 22980.900
56 77 30386.800
56 78 32692.300
56 79 37022.600
56 80 7062.800
56 81 30338.600
56 82 20331.600
56 83 23543.127
56 84 28778.400
56 85 35724.600
56 86 34829.500
56 87 50657.078
56 88 12453.310
56 89 34265.500
56 90 37154.200
56 91 34498.600
56 92 7958.200
56 93 37685.700
56 94 28969.100
56 95 46857.420
56 96 18495.600
56 97 23822.100
56 98 7196.200
56 99 43180.800
56 100 56010.986
56 101 24721.200
56 102 36990.800
56 103 24639.300
56 104 47357.900
56 105 35945.400
56 106 34841.800
56 107 21849.882
56 108 34431.700
56 109 46953.578
56 110 40474.800
56 111 41369.900
56 112 23005.467
56 113 43193.200
56 114 24973.544
56 115 54917.703
56 116 54115.220
56 117 31914.200
56 118 12913.400
56 119 24221.900
56 120 12434.900
56 121 43915.000
56 122 4065.100
56 123 45129.994
56 124 28676.800
56 125 35864.500
56 126 56021.526
56 127 47470.715
56 128 37626.700
56 129 50648.403
56 130 8622.600
56 131 42383.800
56 132 19428.800
56 133 18242.600
56 134 39519.100
56 135 52129.954
56 136 40103.700
56 137 11923.300
56 138 4385.100
56 139 37006.300
56 140 12479.400
56 141 50532.340
56 142 40491.700
56 143 5593.700
56 144 14556.700
56 145 27135.800
56 146 35394.300
56 147 21400.700
56 148 32868.900
56 149 30467.000
56 150 49702.042
56 151 36286.900
56 152 33628.100
56 153 29592.600
56 154 32915.900
56 155 21453.500
56 156 39361.530
56 157 55969.002
56 158 41294.000
56 159 54490.458
56 160 42311.200
56 161 47427.195
56 162 22276.120
56 163 31475.400
56 164 34095.300
56 165 29866.000
56 166 26668.100
56 167 22104.858
56 168 12324.200
56 169 11221.400
56 170 19393.700
56 171 39090.983
56 172 28242.100
56 173 9839.100
56 174 27048.500
56 175 36432.200
56 176 20718.822
56 177 14423.200
56 178 33612.500
56 179 34006.700
56 180 21178.400
56 181 20413.800
56 182 55838.624
56 183 38760.200
56 184 37630.200
56 185 20646.100
56 186 32180.300
56 187 5348.500
56 188 55032.491
56 189 32109.100
56 190 17102.000
56 191 42918.900
56 192 15945.500
56 193 25876.800
56 194 41903.100
56 195 28820.200
56 196 50346.444
56 197 38435.000
56 198 22776.900
56 199 18757.000
56 200 27989.900
57 0 30902.068
57 1 72149.513
57 2 31131.412
57 3 29380.545
57 4 47952.896
57 5 47201.153
57 6 51276.397
57 7 29800.875
57 8 75047.816
57 9 47472.663
57 10 28990.737
57 11 51094.084
57 12 44489.897
57 13 22203.017
57 14 46095.412
57 15 74080.347
57 16 42647.734
57 17 38595.098
57 18 38609.338
57 19 9222.207
57 20 75067.852
57 21 74082.440
57 22 73493.214
57 23 47154.249
57 24 34192.705
57 25 32296.447
57 26 75909.809
57 27 34526.154
57 28 10387.557
57 29 34307.867
57 30 74891.033
57 31 36327.344
57 32 6721.699
57 33 49617.011
57 34 16223.573
57 35 13711.944
57 36 75781.535
57 37 49153.598
57 38 30003.633
57 39 28222.379
57 40 19784.579
57 41 55809.336
57 42 7650.375
57 43 51554.438
57 44 17296.585
57 45 46252.079
57 46 46459.664
57 47 47766.120
57 48 18612.164
57 49 43882.099
57 50 26688.240
57 51 42384.607
57 52 27310.244
57 53 42825.106
57 54 42663.698
57 55 40373.445
57 56 27238.662
57 57 0.000
57 58 41726.346
57 59 48185.457
57 60 2412.673
57 61 36326.981
57 62 27957.011
57 63 58294.813
57 64 38945.324
57 65 40815.478
57 66 47199.363
57 67 4244.551
57 68 40771.656
57 69 38113.326
57 70 58576.942
57 71 50373.919
57 72 47981.260
57 73 42713.769
57 74 34711.145
57 75 33501.749
57 76 32430.418
57 77 12280.824
57 78 52361.929
57 79 48194.309
57 80 23205.657
57 81 44569.547
57 82 42088.333
57 83 48820.347
57 84 25675.322
57 85 53015.906
57 86 52898.172
57 87 43549.034
57 88 39644.831
57 89 29409.285
57 90 41561.404
57 91 11292.223
57 92 29686.003
57 93 40569.902
57 94 14297.355
57 95 49375.446
57 96 37527.229
57 97 35686.730
57 98 30509.436
57 99 47398.621
57 100 74139.164
57 101 8719.136
57 102 39951.980
57 103 27627.061
57 104 46921.948
57 105 54555.495
57 106 38115.005
57 107 5771.297
57 108 25066.888
57 109 49625.317
57 110 49651.569
57 111 42970.211
57 112 5134.802
57 113 45424.629
57 114 51387.763
57 115 74113.305
57 116 73463.387
57 117 24151.354
57 118 16077.032
57 119 25721.697
57 120 18595.143
57 121 46605.504
57 122 26704.974
57 123 36928.973
57 124 4412.411
57 125 47620.674
57 126 74151.812
57 127 33448.938
57 128 40169.424
57 129 53461.285
57 130 33825.759
57 131 47371.576
57 132 38848.827
57 133 39878.668
57 134 55374.381
57 135 71049.752
57 136 48807.770
57 137 18329.949
57 138 22343.467
57 139 53102.576
57 140 17243.225
57 141 40290.232
57 142 50097.353
57 143 31432.127
57 144 18296.454
57 145 41737.552
57 146 43857.231
57 147 35548.961
57 148 42006.424
57 149 20123.945
57 150 52426.190
57 151 44416.900
57 152 23212.133
57 153 26914.691
57 154 12259.101
57 155 43556.652
57 156 21269.041
57 157 74080.324
57 158 43547.597
57 159 49330.104
57 160 54553.913
57 161 35627.678
57 162 49402.821
57 163 42579.679
57 164 51203.099
57 165 41042.272
57 166 12461.255
57 167 47964.400
57 168 16748.415
57 169 20232.918
57 170 11545.240
57 171 12230.414
57 172 8853.948
57 173 19852.368
57 174 11532.403
57 175 46557.993
57 176 47613.749
57 177 16743.518
57 178 51878.127
57 179 40615.117
57 180 35922.697
57 181 41593.325
57 182 75143.581
57 183 56962.323
57 184 40775.528
57 185 40412.830
57 186 48775.420
57 187 22937.361
57 188 74511.368
57 189 43258.308
57 190 27732.861
57 191 47982.810
57 192 18229.961
57 193 7288.251
57 194 55133.903
57 195 41804.907
57 196 42575.537
57 197 30677.779
57 198 43698.218
57 199 25315.379
57 200 5682.714
58 0 17878.900
58 1 30702.313
58 2 16383.800
58 3 20604.300
58 4 21301.800
58 5 36544.700
58 6 10235.400
58 7 45061.783
58 8 33394.443
58 9 15139.800
58 10 33259.300
58 11 10459.400
58 12 35985.500
58 13 33526.300
58 14 19196.000
58 15 32996.346
58 16 26858.100
58 17 5872.200
58 18 37371.196
58 19 42953.800
58 20 33460.947
58 21 32997.122
58 22 31946.065
58 23 15103.400
58 24 18739.700
58 25 14549.300
58 26 34403.313
58 27 16739.900
58 28 42063.100
58 29 16421.800
58 30 33373.333
58 31 19782.600
58 32 41157.800
58 33 29354.433
58 34 27110.900
58 35 32958.000
58 36 34288.120
58 37 28762.161
58 38 31146.700
58 39 27445.100
58 40 27123.700
58 41 14025.800
58 42 39203.100
58 43 11349.000
58 44 26774.700
58 45 14707.704
58 46 13568.900
58 47 37820.600
58 48 31811.800
58 49 37724.000
58 50 26521.300
58 51 35098.600
58 52 31052.000
58 53 34437.800
58 54 23358.300
58 55 32370.200
58 56 33113.700
58 57 41726.346
58 58 0.000
58 59 18144.500
58 60 42138.416
58 61 45572.407
58 62 31295.300
58 63 28497.380
58 64 11161.700
58 65 12297.500
58 66 18898.300
58 67 37658.127
58 68 10012.000
58 69 29137.800
58 70 16420.700
58 71 17402.900
58 72 23545.904
58 73 37878.960
58 74 17612.300
58 75 18162.100
58 76 16756.100
58 77 39839.600
58 78 9361.500
58 79 13674.100
58 80 27254.200
58 81 3432.100
58 82 7659.500
58 83 16050.988
58 84 27819.700
58 85 12393.800
58 86 11498.700
58 87 39457.572
58 88 24594.311
58 89 33151.300
58 90 29036.400
58 91 44760.800
58 92 16352.300
58 93 30065.000
58 94 37702.500
58 95 28608.908
58 96 6356.900
58 97 15943.900
58 98 16824.200
58 99 18313.100
58 100 33050.256
58 101 37593.600
58 102 30644.000
58 103 22726.200
58 104 41011.100
58 105 12614.500
58 106 28495.000
58 107 36167.615
58 108 33473.000
58 109 28565.658
58 110 17126.300
58 111 33414.900
58 112 36594.749
58 113 36846.400
58 114 21135.091
58 115 32613.584
58 116 31914.930
58 117 30955.500
58 118 33141.600
58 119 23646.300
58 120 36723.700
58 121 34727.700
58 122 29778.500
58 123 36480.530
58 124 41549.300
58 125 12662.600
58 126 33062.074
58 127 43262.775
58 128 31279.900
58 129 31467.043
58 130 17451.200
58 131 18299.400
58 132 6732.300
58 133 11895.700
58 134 16188.300
58 135 29603.839
58 136 18602.900
58 137 32151.500
58 138 33192.500
58 139 11885.400
58 140 32707.700
58 141 42100.899
58 142 17143.200
58 143 18556.700
58 144 25325.400
58 145 2478.900
58 146 22325.500
58 147 11339.400
58 148 18034.400
58 149 31017.400
58 150 30744.928
58 151 22980.000
58 152 32669.400
58 153 28633.900
58 154 41513.900
58 155 7099.000
58 156 41520.878
58 157 32998.614
58 158 34947.300
58 159 40790.873
58 160 18962.700
58 161 41240.758
58 162 29573.863
58 163 11149.200
58 164 10764.500
58 165 12403.700
58 166 39295.000
58 167 17438.746
58 168 32552.400
58 169 31449.600
58 170 34502.200
58 171 50417.500
58 172 41114.500
58 173 30067.300
58 174 39675.400
58 175 13083.700
58 176 30450.511
58 177 27060.500
58 178 10281.700
58 179 19172.100
58 180 10523.200
58 181 6904.500
58 182 33622.007
58 183 15429.400
58 184 31283.400
58 185 7263.200
58 186 8849.500
58 187 29053.500
58 188 32938.663
58 189 10126.800
58 190 18937.400
58 191 18834.400
58 192 26714.200
58 193 38749.300
58 194 18554.600
58 195 3973.300
58 196 39798.668
58 197 33719.400
58 198 9822.200
58 199 21360.500
58 200 40862.400
59 0 23180.300
59 1 31951.281
59 2 30943.400
59 3 20499.200
59 4 5096.400
59 5 24392.000
59 6 18244.500
59 7 37508.110
59 8 35804.304
59 9 4499.900
59 10 29545.200
59 11 24070.000
59 12 23793.700
59 13 40273.100
59 14 1750.800
59 15 32107.160
59 16 14705.300
59 17 20753.500
59 18 24506.841
59 19 41321.500
59 20 35394.150
59 21 32113.151
59 22 33641.281
59 23 4463.400
59 24 36195.000
59 25 23074.200
59 26 35424.426
59 27 32054.600
59 28 40430.800
59 29 19405.700
59 30 34626.554
59 31 34329.600
59 32 42693.300
59 33 9683.746
59 34 36341.600
59 35 34709.700
59 36 35240.014
59 37 9184.426
59 38 27432.600
59 39 40314.600
59 40 34811.000
59 41 21182.900
59 42 40492.800
59 43 19358.100
59 44 34462.000
59 45 34881.041
59 46 27179.500
59 47 25667.900
59 48 38558.600
59 49 30382.300
59 50 23726.900
59 51 27756.900
59 52 27839.700
59 53 27096.000
59 54 9744.200
59 55 25028.500
59 56 42298.800
59 57 48185.457
59 58 18260.200
59 59 0.000
59 60 47546.044
59 61 34842.246
59 62 40480.400
59 63 10317.304
59 64 25955.900
59 65 27196.900
59 66 1453.100
59 67 44001.278
59 68 24754.000
59 69 21796.100
59 70 24429.800
59 71 5301.900
59 72 43920.883
59 73 22867.597
59 74 18745.200
59 75 18173.900
59 76 20385.400
59 77 38207.300
59 78 17479.400
59 79 7407.700
59 80 36439.300
59 81 18828.300
59 82 23430.900
59 83 35808.052
59 84 25744.800
59 85 15465.600
59 86 19507.800
59 87 24246.127
59 88 44552.289
59 89 29437.300
59 90 15136.700
59 91 43128.600
59 92 30912.000
59 93 16486.000
59 94 36070.300
59 95 8916.852
59 96 20916.500
59 97 18920.000
59 98 31383.800
59 99 2891.000
59 100 32172.750
59 101 38883.300
59 102 23302.300
59 103 22887.800
59 104 33669.300
59 105 20623.600
59 106 21153.200
59 107 43882.962
59 108 31398.200
59 109 8770.425
59 110 5025.200
59 111 21262.200
59 112 43666.193
59 113 23456.100
59 114 40908.696
59 115 33866.543
59 116 33625.126
59 117 28880.600
59 118 39888.300
59 119 24119.000
59 120 43470.400
59 121 22575.000
59 122 38963.600
59 123 24499.396
59 124 42839.000
59 125 10710.900
59 126 32186.146
59 127 33671.721
59 128 23938.200
59 129 11103.998
59 130 32765.900
59 131 854.200
59 132 21613.700
59 133 26605.100
59 134 15776.500
59 135 31049.762
59 136 2397.500
59 137 38898.300
59 138 39939.200
59 139 25496.000
59 140 39454.400
59 141 28900.231
59 142 3084.000
59 143 33116.300
59 144 33012.800
59 145 18682.000
59 146 9528.800
59 147 21617.600
59 148 15440.000
59 149 29385.100
59 150 10471.452
59 151 10097.300
59 152 30594.600
59 153 26559.000
59 154 39881.600
59 155 22870.400
59 156 38059.157
59 157 32099.817
59 158 27605.500
59 159 23170.368
59 160 12614.500
59 161 30319.189
59 162 49999.099
59 163 11075.600
59 164 17136.500
59 165 11665.000
59 166 37662.700
59 167 37519.283
59 168 39006.400
59 169 38196.400
59 170 37455.800
59 171 52633.076
59 172 41707.600
59 173 36814.100
59 174 38043.100
59 175 8521.600
59 176 50855.593
59 177 37454.800
59 178 17653.000
59 179 16577.700
59 180 21189.800
59 181 22675.900
59 182 34863.415
59 183 22177.500
59 184 23941.700
59 185 23446.000
59 186 16858.600
59 187 38238.600
59 188 34666.309
59 189 10053.300
59 190 27143.800
59 191 918.500
59 192 34790.000
59 193 40039.000
59 194 12672.500
59 195 20948.800
59 196 25123.239
59 197 30005.300
59 198 23432.800
59 199 26947.800
59 200 42152.100
60 0 30871.677
60 1 72353.292
60 2 32374.067
60 3 28792.755
60 4 47083.696
60 5 45693.479
60 6 51609.347
60 7 27580.982
60 8 75335.992
60 9 47046.292
60 10 27376.615
60 11 51553.209
60 12 43013.642
60 13 24003.538
60 14 45432.736
60 15 74183.771
60 16 41593.573
60 17 39160.585
60 18 36879.304
60 19 7473.451
60 20 75329.597
60 21 74186.149
60 22 73730.506
60 23 46683.762
60 24 35630.089
60 25 32289.513
60 26 76126.710
60 27 35800.862
60 28 8219.006
60 29 34006.501
60 30 75114.075
60 31 37733.167
60 32 5148.746
60 33 48531.227
60 34 16839.275
60 35 12789.136
60 36 75993.801
60 37 48086.255
60 38 28539.283
60 39 29627.329
60 40 20571.636
60 41 56054.262
60 42 6645.328
60 43 51944.219
60 44 17890.146
60 45 47379.127
60 46 47479.784
60 47 46236.496
60 48 20021.546
60 49 42227.670
60 50 25642.505
60 51 40731.687
60 52 25812.814
60 53 41313.809
60 54 41853.435
60 55 38973.109
60 56 28890.483
60 57 2412.673
60 58 42138.416
60 59 47546.044
60 60 0.000
60 61 34197.750
60 62 29460.962
60 63 57555.182
60 64 39909.288
60 65 41497.644
60 66 46549.679
60 67 4599.847
60 68 41698.201
60 69 36825.502
60 70 58989.372
60 71 49854.625
60 72 49490.080
60 73 41040.586
60 74 34299.369
60 75 33061.613
60 76 32220.025
60 77 10285.600
60 78 52562.158
60 79 47843.193
60 80 24449.064
60 81 45081.716
60 82 42877.151
60 83 49945.854
60 84 24537.020
60 85 53106.970
60 86 53119.093
60 87 41820.852
60 88 41335.989
60 89 27854.080
60 90 40461.872
60 91 9075.248
60 92 30845.588
60 93 39494.122
60 94 12437.684
60 95 48322.168
60 96 37987.914
60 97 35408.389
60 98 31726.588
60 99 46856.073
60 100 74243.502
60 101 9103.109
60 102 38596.025
60 103 26910.004
60 104 45352.466
60 105 54823.430
60 106 36910.818
60 107 7062.302
60 108 23498.046
60 109 48581.171
60 110 49132.813
60 111 41569.220
60 112 6044.240
60 113 43945.366
60 114 52693.011
60 115 74331.075
60 116 73701.269
60 117 22803.952
60 118 17526.217
60 119 25005.332
60 120 20382.599
60 121 45164.792
60 122 28088.612
60 123 35213.505
60 124 3347.515
60 125 47437.161
60 126 74256.299
60 127 31359.280
60 128 38854.545
60 129 52379.429
60 130 35101.228
60 131 46755.447
60 132 39474.510
60 133 40932.100
60 134 55384.484
60 135 71255.650
60 136 48118.248
60 137 19836.947
60 138 24089.296
60 139 53623.565
60 140 18752.525
60 141 38376.694
60 142 49505.696
60 143 32775.692
60 144 18909.605
60 145 42108.115
60 146 43019.877
60 147 35791.798
60 148 41634.283
60 149 18956.212
60 150 51349.622
60 151 43540.560
60 152 21763.368
60 153 25716.852
60 154 10095.950
60 155 44286.250
60 156 19081.548
60 157 74183.243
60 158 42056.971
60 159 47679.003
60 160 54364.268
60 161 33663.037
60 162 51133.546
60 163 42464.695
60 164 51418.830
60 165 40819.286
60 166 11030.123
60 167 49185.805
60 168 17964.643
60 169 21241.653
60 170 11631.046
60 171 10249.569
60 172 7286.159
60 173 20997.249
60 174 10128.901
60 175 46290.834
60 176 49415.800
60 177 17444.842
60 178 52111.383
60 179 40327.213
60 180 36205.190
60 181 42294.407
60 182 75367.658
60 183 57268.412
60 184 39406.709
60 185 41135.983
60 186 49031.682
60 187 24461.147
60 188 74757.780
60 189 43120.416
60 190 28043.190
60 191 47308.426
60 192 18654.624
60 193 6725.614
60 194 54993.909
60 195 42300.802
60 196 40810.858
60 197 28976.296
60 198 44532.474
60 199 25260.373
60 200 5583.651
61 0 33889.646
61 1 66751.409
61 2 48648.355
61 3 26691.975
61 4 31072.765
61 5 19787.384
61 6 51395.749
61 7 7131.816
61 8 70571.135
61 9 37603.428
61 10 13014.592
61 11 53047.597
61 12 18536.603
61 13 48376.458
61 14 33101.444
61 15 66935.538
61 16 24805.809
61 17 45477.448
61 18 10533.145
61 19 27329.239
61 20 70190.657
61 21 66941.672
61 22 68433.600
61 23 36726.024
61 24 53166.148
61 25 34771.630
61 26 70260.702
61 27 51437.595
61 28 25979.125
61 29 31940.856
61 30 69451.332
61 31 54399.689
61 32 29843.041
61 33 28696.552
61 34 35344.122
61 35 26417.447
61 36 70077.141
61 37 28675.252
61 38 14926.971
61 39 48460.056
61 40 37782.818
61 41 53660.901
61 42 29922.853
61 43 52418.637
61 44 35450.745
61 45 58508.159
61 46 57216.405
61 47 19806.663
61 48 42413.929
61 49 14838.449
61 50 20974.771
61 51 13940.818
61 52 15233.821
61 53 16893.114
61 54 28731.023
61 55 17679.799
61 56 50482.026
61 57 36326.981
61 58 45572.407
61 59 34842.246
61 60 34197.750
61 61 0.000
61 62 49364.149
61 63 40800.796
61 64 50787.556
61 65 48496.677
61 66 34022.512
61 67 34092.411
61 68 51636.593
61 69 18748.716
61 70 58336.943
61 71 38211.394
61 72 65223.890
61 73 13742.964
61 74 30651.531
61 75 29791.619
61 76 32318.686
61 77 24086.065
61 78 50323.292
61 79 39221.575
61 80 43567.314
61 81 48906.909
61 82 50802.039
61 83 60556.221
61 84 20054.249
61 85 49241.515
61 86 51033.940
61 87 13211.556
61 88 60757.836
61 89 13726.905
61 90 23476.369
61 91 25138.433
61 92 46736.834
61 93 23374.584
61 94 22333.590
61 95 29061.504
61 96 43453.231
61 97 32868.263
61 98 47932.377
61 99 35798.277
61 100 67001.071
61 101 33473.055
61 102 18290.286
61 103 24875.229
61 104 18488.740
61 105 53004.730
61 106 20174.403
61 107 36338.335
61 108 15441.482
61 109 29386.730
61 110 37708.330
61 111 18999.579
61 112 35166.430
61 113 19081.042
61 114 65208.961
61 115 68685.657
61 116 68416.260
61 117 18236.464
61 118 41333.840
61 119 24788.785
61 120 45693.196
61 121 20559.319
61 122 47195.274
61 123 10342.851
61 124 32260.278
61 125 41295.345
61 126 67014.427
61 127 3078.487
61 128 19117.027
61 129 31592.679
61 130 50938.005
61 131 34654.203
61 132 46415.684
61 133 52613.695
61 134 49877.686
61 135 65823.824
61 136 34489.037
61 137 43073.172
61 138 47922.695
61 139 55496.902
61 140 42456.169
61 141 7372.483
61 142 36904.520
61 143 50022.443
61 144 35874.068
61 145 45026.981
61 146 28993.068
61 147 39519.970
61 148 34930.088
61 149 21667.959
61 150 30894.815
61 151 28706.875
61 152 17670.456
61 153 19104.437
61 154 24101.875
61 155 51091.931
61 156 15158.904
61 157 66927.905
61 158 17697.881
61 159 18897.405
61 160 46280.925
61 161 4569.035
61 162 69664.124
61 163 38940.582
61 164 49664.234
61 165 36485.990
61 166 25193.491
61 167 61188.187
61 168 39902.048
61 169 39852.556
61 170 31934.557
61 171 31718.881
61 172 27928.032
61 173 40835.010
61 174 26021.705
61 175 39346.143
61 176 69155.931
61 177 36089.663
61 178 50428.953
61 179 35322.919
61 180 40231.686
61 181 49294.006
61 182 69690.202
61 183 55474.080
61 184 18437.473
61 185 48745.880
61 186 48427.204
61 187 46121.875
61 188 69467.939
61 189 39046.991
61 190 36425.602
61 191 34163.268
61 192 34400.422
61 193 31091.040
61 194 47467.558
61 195 46739.036
61 196 11862.926
61 197 11066.339
61 198 52591.353
61 199 31752.422
61 200 32814.044
62 0 17488.800
62 1 50938.363
62 2 5858.300
62 3 23303.300
62 4 40221.400
62 5 43913.600
62 6 31747.800
62 7 45688.586
62 8 52970.706
62 9 36669.900
62 10 36156.500
62 11 33761.800
62 12 40513.900
62 13 11479.800
62 14 41462.100
62 15 53682.293
62 16 36398.600
62 17 26106.800
62 18 45126.776
62 19 27044.200
62 20 53214.957
62 21 53681.652
62 22 51921.519
62 23 36633.500
62 24 6379.200
62 25 19401.500
62 26 54408.418
62 27 9132.100
62 28 29982.500
62 29 22472.600
62 30 53380.583
62 31 7458.200
62 32 26467.000
62 33 45339.250
62 34 14145.600
62 35 21579.100
62 36 54326.110
62 37 44727.388
62 38 31221.000
62 39 1699.500
62 40 11252.800
62 41 35538.200
62 42 24512.300
62 43 32861.400
62 44 12930.000
62 45 19363.129
62 46 20306.700
62 47 44646.300
62 48 9765.200
62 49 42252.400
62 50 27335.400
62 51 39627.000
62 52 30542.300
62 53 38966.200
62 54 33010.800
62 55 36898.600
62 56 1925.600
62 57 27957.011
62 58 27952.100
62 59 40410.600
62 60 29460.962
62 61 49364.149
62 62 0.000
62 63 48375.005
62 64 13856.700
62 65 18357.900
62 66 41164.300
62 67 25087.335
62 68 15915.100
62 69 33666.200
62 70 37933.100
62 71 38933.100
62 72 20033.278
62 73 47569.780
62 74 24174.900
62 75 23148.900
62 76 21162.500
62 77 28568.500
62 78 30873.900
62 79 35204.200
62 80 5244.400
62 81 28520.200
62 82 18513.200
62 83 21851.979
62 84 26960.000
62 85 33906.300
62 86 33011.100
62 87 49024.150
62 88 12303.714
62 89 32447.100
62 90 35335.800
62 91 32680.300
62 92 6139.800
62 93 35867.400
62 94 27150.800
62 95 44730.449
62 96 16677.200
62 97 22003.700
62 98 5377.900
62 99 41362.400
62 100 53729.698
62 101 22902.800
62 102 35172.400
62 103 22821.000
62 104 45539.500
62 105 34127.000
62 106 33023.400
62 107 22399.259
62 108 32613.400
62 109 44819.206
62 110 38656.400
62 111 39551.500
62 112 23476.260
62 113 41374.800
62 114 23665.332
62 115 52684.113
62 116 51887.907
62 117 30095.800
62 118 11095.000
62 119 22403.500
62 120 14677.100
62 121 42096.600
62 122 2246.700
62 123 43641.278
62 124 26858.500
62 125 34046.200
62 126 53740.347
62 127 46383.724
62 128 35808.400
62 129 48484.533
62 130 6804.200
62 131 40565.400
62 132 17610.400
62 133 16424.200
62 134 37700.800
62 135 49875.831
62 136 38285.300
62 137 10104.900
62 138 6081.500
62 139 35187.900
62 140 10661.100
62 141 49115.457
62 142 38673.300
62 143 3775.300
62 144 12738.400
62 145 25317.500
62 146 33575.900
62 147 19582.300
62 148 31050.600
62 149 28648.700
62 150 47547.385
62 151 34468.500
62 152 31809.800
62 153 27774.200
62 154 31097.500
62 155 19635.100
62 156 38777.823
62 157 53686.934
62 158 39475.700
62 159 52699.990
62 160 40492.800
62 161 46166.541
62 162 22096.953
62 163 29657.000
62 164 32276.900
62 165 28047.600
62 166 24849.700
62 167 20568.968
62 168 10505.900
62 169 9403.000
62 170 17575.300
62 171 39568.432
62 172 26423.700
62 173 8020.700
62 174 25230.200
62 175 34613.800
62 176 20803.764
62 177 12604.800
62 178 31794.200
62 179 32188.300
62 180 19360.000
62 181 18595.500
62 182 53612.957
62 183 36941.800
62 184 35811.800
62 185 18827.700
62 186 30361.900
62 187 5535.400
62 188 52814.541
62 189 30290.700
62 190 15283.600
62 191 41100.500
62 192 14127.200
62 193 24058.400
62 194 40084.700
62 195 27001.900
62 196 48760.602
62 197 36616.600
62 198 20958.600
62 199 16938.600
62 200 26171.600
63 0 29838.977
63 1 29215.303
63 2 44085.298
63 3 28974.711
63 4 10829.673
63 5 21981.801
63 6 25206.917
63 7 44738.394
63 8 33105.689
63 9 12760.632
63 10 34213.413
63 11 27931.519
63 12 22422.736
63 13 52974.642
63 14 12284.467
63 15 28224.792
63 16 17264.235
63 17 31983.078
63 18 30294.482
63 19 50800.557
63 20 32505.634
63 21 28232.608
63 22 30874.708
63 23 12541.553
63 24 47128.407
63 25 28884.852
63 26 32064.890
63 27 44268.505
63 28 51937.492
63 29 25175.433
63 30 31492.371
63 31 46631.284
63 32 52584.642
63 33 12112.886
63 34 44924.715
63 35 44767.909
63 36 31868.977
63 37 12128.723
63 38 31880.373
63 39 46879.392
63 40 43525.648
63 41 23441.020
63 42 50911.653
63 43 26432.910
63 44 44048.506
63 45 41942.653
63 46 39662.860
63 47 22315.512
63 48 49008.092
63 49 26548.163
63 50 32214.734
63 51 27073.849
63 52 34342.544
63 53 23940.252
63 54 15745.064
63 55 23432.107
63 56 50696.345
63 57 58294.813
63 58 28497.380
63 59 10317.304
63 60 57555.182
63 61 40800.796
63 62 48375.005
63 63 0.000
63 64 38520.734
63 65 33307.325
63 66 11237.797
63 67 54141.603
63 68 37680.102
63 69 23562.279
63 70 27944.917
63 71 9328.362
63 72 51178.899
63 73 27397.473
63 74 24248.820
63 75 25284.870
63 76 27378.969
63 77 49538.491
63 78 22295.195
63 79 13199.198
63 80 45918.121
63 81 29535.291
63 82 35018.722
63 83 42372.847
63 84 33538.600
63 85 19873.071
63 86 22733.353
63 87 28406.472
63 88 53088.042
63 89 33261.245
63 90 18657.977
63 91 51819.941
63 92 43147.958
63 93 19308.286
63 94 47234.358
63 95 11744.436
63 96 30826.055
63 97 24081.001
63 98 43804.719
63 99 11672.542
63 100 28286.456
63 101 50213.148
63 102 23061.983
63 103 30671.791
63 104 23537.408
63 105 23843.949
63 106 22654.997
63 107 54121.015
63 108 36751.643
63 109 11418.165
63 110 9928.497
63 111 21808.108
63 112 53865.408
63 113 22054.562
63 114 47297.814
63 115 30838.836
63 116 30868.663
63 117 35975.680
63 118 50165.981
63 119 32578.462
63 120 52967.634
63 121 20712.105
63 122 46793.254
63 123 30801.732
63 124 54242.378
63 125 16125.736
63 126 28298.630
63 127 40279.681
63 128 22332.418
63 129 9851.235
63 130 44322.920
63 131 11215.424
63 132 32850.332
63 133 40077.205
63 134 17991.075
63 135 28569.219
63 136 9534.091
63 137 50008.889
63 138 52198.479
63 139 29437.401
63 140 50322.353
63 141 33951.467
63 142 8818.590
63 143 45616.442
63 144 43441.556
63 145 27813.526
63 146 14648.786
63 147 29018.100
63 148 17857.133
63 149 38952.316
63 150 10237.887
63 151 14276.187
63 152 37410.486
63 153 32643.647
63 154 50795.119
63 155 33759.000
63 156 46631.458
63 157 28213.520
63 158 23171.518
63 159 25080.529
63 160 13503.440
63 161 36553.379
63 162 57452.362
63 163 20197.125
63 164 22706.539
63 165 20056.177
63 166 46973.962
63 167 44371.831
63 168 48127.730
63 169 44915.853
63 170 47240.140
63 171 62092.500
63 172 50629.708
63 173 46212.438
63 174 47763.768
63 175 15498.345
63 176 58639.658
63 177 44973.493
63 178 23034.731
63 179 19772.069
63 180 29269.543
63 181 33495.457
63 182 31690.995
63 183 25049.614
63 184 22680.020
63 185 34095.663
63 186 23857.737
63 187 49226.432
63 188 31770.540
63 189 19449.626
63 190 34806.422
63 191 10388.675
63 192 42553.307
63 193 51026.371
63 194 14563.456
63 195 29876.731
63 196 29586.574
63 197 34152.122
63 198 35759.114
63 199 34460.023
63 200 52630.070
64 0 22321.800
64 1 37132.458
64 2 9468.600
64 3 26429.100
64 4 28944.500
64 5 40878.600
64 6 18455.400
64 7 48955.868
64 8 39108.073
64 9 22782.500
64 10 39084.100
64 11 13905.900
64 12 40319.500
64 13 22270.800
64 14 26838.700
64 15 39957.750
64 16 31192.000
64 17 6427.100
64 18 43932.180
64 19 47396.800
64 20 39358.301
64 21 39956.728
64 22 38082.149
64 23 22746.100
64 24 8271.900
64 25 18992.200
64 26 40566.795
64 27 6272.200
64 28 46506.100
64 29 22246.600
64 30 39541.092
64 31 8064.300
64 32 45600.800
64 33 38610.184
64 34 31553.900
64 35 37401.000
64 36 40487.618
64 37 38001.937
64 38 36971.500
64 39 13379.500
64 40 31566.600
64 41 22245.800
64 42 43646.100
64 43 19569.000
64 44 31217.600
64 45 8062.695
64 46 8901.400
64 47 42154.600
64 48 36254.800
64 49 42057.900
64 50 32346.200
64 51 39432.600
64 52 36876.800
64 53 38771.700
64 54 27692.200
64 55 36704.200
64 56 15683.100
64 57 38945.324
64 58 11167.400
64 59 25787.300
64 60 39909.288
64 61 50787.556
64 62 13864.700
64 63 38520.734
64 64 0.000
64 65 4889.000
64 66 26541.000
64 67 35310.841
64 68 2446.100
64 69 33471.800
64 70 24640.700
64 71 25045.700
64 72 14846.079
64 73 45190.468
64 74 23437.100
64 75 23986.900
64 76 22580.900
64 77 44282.500
64 78 17581.500
64 79 21316.800
64 80 31697.200
64 81 9171.200
64 82 5216.300
64 83 10484.418
64 84 33644.500
64 85 20613.900
64 86 19718.700
64 87 46761.391
64 88 14567.503
64 89 38976.100
64 90 33370.300
64 91 49203.800
64 92 9588.400
64 93 34398.900
64 94 42145.500
64 95 37891.511
64 96 8143.100
64 97 21768.800
64 98 10060.300
64 99 25955.800
64 100 40003.196
64 101 42036.600
64 102 34978.000
64 103 28551.000
64 104 45345.000
64 105 20834.600
64 106 32828.900
64 107 33174.637
64 108 39297.900
64 109 37885.427
64 110 24769.000
64 111 37748.900
64 112 33935.937
64 113 41180.400
64 114 14559.490
64 115 38852.350
64 116 38048.386
64 117 36780.300
64 118 37584.600
64 119 29215.200
64 120 25544.800
64 121 39061.700
64 122 14995.900
64 123 42780.021
64 124 45992.300
64 125 20305.300
64 126 40013.486
64 127 48142.655
64 128 35613.900
64 129 41030.347
64 130 6983.400
64 131 25942.100
64 132 6742.300
64 133 2544.600
64 134 24408.400
64 135 36079.265
64 136 26245.600
64 137 36594.500
64 138 22722.400
64 139 15332.000
64 140 37150.600
64 141 48503.548
64 142 24785.900
64 143 10211.500
64 144 29768.400
64 145 9384.300
64 146 26659.500
64 147 15782.400
64 148 22368.300
64 149 35460.400
64 150 40245.442
64 151 27314.000
64 152 38494.300
64 153 34458.700
64 154 45956.800
64 155 6338.100
64 156 43846.877
64 157 39963.018
64 158 39281.200
64 159 48952.802
64 160 26605.400
64 161 46795.549
64 162 20337.428
64 163 16530.000
64 164 18984.500
64 165 16639.800
64 166 43737.900
64 167 10544.485
64 168 36995.400
64 169 35892.600
64 170 38945.200
64 171 49303.782
64 172 45557.500
64 173 34510.300
64 174 44118.400
64 175 20726.400
64 176 20847.227
64 177 31503.500
64 178 18501.800
64 179 23506.100
64 180 14966.200
64 181 5298.500
64 182 39771.564
64 183 23649.400
64 184 35617.400
64 185 5530.800
64 186 17069.500
64 187 18284.700
64 188 38965.560
64 189 17769.500
64 190 23380.300
64 191 26477.200
64 192 31157.200
64 193 43192.200
64 194 26197.300
64 195 7654.300
64 196 46885.897
64 197 39544.200
64 198 7661.600
64 199 25803.400
64 200 45305.400
65 0 17432.900
65 1 32990.462
65 2 15492.000
65 3 21540.100
65 4 24055.600
65 5 35989.700
65 6 13566.400
65 7 47368.065
65 8 35283.851
65 9 17893.600
65 10 34195.100
65 11 10848.800
65 12 35430.500
65 13 33080.300
65 14 21949.800
65 15 35613.049
65 16 26303.000
65 17 4957.000
65 18 40879.753
65 19 42507.800
65 20 35456.091
65 21 35612.751
65 22 34069.798
65 23 17857.100
65 24 17653.500
65 25 14103.300
65 26 36557.517
65 27 13513.200
65 28 41617.100
65 29 17357.600
65 30 35524.174
65 31 15788.100
65 32 40711.800
65 33 34001.188
65 34 26664.900
65 35 32512.000
65 36 36462.561
65 37 33402.002
65 38 32082.500
65 39 26999.100
65 40 26677.700
65 41 17356.800
65 42 38757.100
65 43 14680.100
65 44 26328.700
65 45 10411.063
65 46 13100.000
65 47 37265.600
65 48 31365.800
65 49 37169.000
65 50 27457.200
65 51 34543.600
65 52 31987.900
65 53 33882.700
65 54 22803.300
65 55 31815.200
65 56 32667.700
65 57 40815.478
65 58 5990.300
65 59 20898.300
65 60 41497.644
65 61 48496.677
65 62 30849.300
65 63 33307.325
65 64 7414.400
65 65 0.000
65 66 21652.000
65 67 36924.175
65 68 6212.500
65 69 28582.800
65 70 19751.800
65 71 20156.700
65 72 18896.355
65 73 41728.462
65 74 18548.200
65 75 19098.000
65 76 17691.900
65 77 39393.600
65 78 12692.600
65 79 16427.900
65 80 26808.200
65 81 4597.900
65 82 5116.600
65 83 12151.915
65 84 28755.500
65 85 15724.900
65 86 14829.700
65 87 43308.848
65 88 19815.209
65 89 34087.100
65 90 28481.400
65 91 44314.800
65 92 15611.800
65 93 29510.000
65 94 37256.500
65 95 33264.491
65 96 5674.900
65 97 16879.800
65 98 16083.600
65 99 21066.900
65 100 35662.148
65 101 37147.600
65 102 30089.000
65 103 23662.100
65 104 40456.000
65 105 15945.600
65 106 27940.000
65 107 35107.830
65 108 34408.900
65 109 33234.867
65 110 19880.000
65 111 32859.900
65 112 35700.463
65 113 36291.400
65 114 17066.294
65 115 34801.251
65 116 34036.936
65 117 31891.300
65 118 32695.600
65 119 24326.200
65 120 36277.700
65 121 34172.700
65 122 29332.500
65 123 39864.972
65 124 41103.300
65 125 15416.300
65 126 35673.107
65 127 46021.655
65 128 30724.900
65 129 36222.765
65 130 14224.400
65 131 21053.200
65 132 5817.200
65 133 8063.600
65 134 19519.400
65 135 31911.604
65 136 21356.600
65 137 31705.500
65 138 32746.500
65 139 12274.900
65 140 32261.700
65 141 45556.189
65 142 19897.000
65 143 19593.100
65 144 24879.400
65 145 4748.100
65 146 21770.500
65 147 10893.400
65 148 17479.400
65 149 30571.400
65 150 35479.818
65 151 22425.000
65 152 33605.300
65 153 29569.700
65 154 41067.900
65 155 4556.100
65 156 43064.537
65 157 35617.125
65 158 34392.200
65 159 45018.039
65 160 21716.500
65 161 44303.710
65 162 24824.705
65 163 11641.100
65 164 14095.500
65 165 11750.900
65 166 38849.000
65 167 13177.855
65 168 32106.400
65 169 31003.600
65 170 34056.200
65 171 50365.298
65 172 40668.500
65 173 29621.300
65 174 39229.400
65 175 15837.500
65 176 25634.776
65 177 26614.500
65 178 13612.800
65 179 18617.100
65 180 10077.200
65 181 3478.500
65 182 35763.730
65 183 18760.400
65 184 30728.400
65 185 3268.800
65 186 12180.500
65 187 28607.500
65 188 35005.279
65 189 12880.600
65 190 18491.400
65 191 21588.200
65 192 26268.200
65 193 38303.300
65 194 21308.400
65 195 3018.100
65 196 43554.541
65 197 34655.200
65 198 6028.500
65 199 20914.500
65 200 40416.400
66 0 23934.000
66 1 32738.576
66 2 31697.100
66 3 21252.900
66 4 5850.100
66 5 25145.700
66 6 18998.200
66 7 36592.332
66 8 36577.272
66 9 5253.600
66 10 30299.000
66 11 24823.700
66 12 24547.400
66 13 41026.800
66 14 834.900
66 15 32959.948
66 16 15459.100
66 17 21507.300
66 18 23733.662
66 19 42075.200
66 20 36180.151
66 21 32965.825
66 22 34424.915
66 23 5217.100
66 24 36948.700
66 25 23827.900
66 26 36238.760
66 27 32808.300
66 28 41184.600
66 29 20159.500
66 30 35429.671
66 31 35083.300
66 32 43447.000
66 33 9553.956
66 34 37095.300
66 35 35463.400
66 36 36055.505
66 37 9018.761
66 38 28186.400
66 39 41068.300
66 40 35564.800
66 41 21936.600
66 42 41246.500
66 43 20111.800
66 44 35215.800
66 45 34694.689
66 46 27933.300
66 47 26421.600
66 48 39312.300
66 49 31136.000
66 50 24480.600
66 51 28510.600
66 52 28593.400
66 53 27849.800
66 54 10497.900
66 55 25782.200
66 56 43052.500
66 57 47199.363
66 58 19014.000
66 59 1453.100
66 60 46549.679
66 61 34022.512
66 62 41234.100
66 63 11237.797
66 64 26709.600
66 65 27950.600
66 66 0.000
66 67 43019.022
66 68 25507.700
66 69 22549.800
66 70 25183.500
66 71 6055.600
66 72 43682.841
66 73 22219.208
66 74 19498.900
66 75 18927.600
66 76 21139.100
66 77 38961.000
66 78 18233.100
66 79 8161.400
66 80 37193.000
66 81 19582.000
66 82 24184.600
66 83 35689.363
66 84 26498.500
66 85 16219.300
66 86 20261.500
66 87 23623.221
66 88 44111.269
66 89 30191.000
66 90 15890.400
66 91 43882.300
66 92 31665.700
66 93 17239.700
66 94 36824.000
66 95 8784.562
66 96 21670.300
66 97 19673.700
66 98 32137.500
66 99 3644.700
66 100 33025.563
66 101 39637.000
66 102 24056.000
66 103 23641.500
66 104 34423.100
66 105 21377.400
66 106 21907.000
66 107 42920.209
66 108 32151.900
66 109 8672.586
66 110 5778.900
66 111 22015.900
66 112 42694.143
66 113 24209.800
66 114 40799.109
66 115 34665.455
66 116 34408.183
66 117 29634.300
66 118 40642.100
66 119 24872.800
66 120 44224.100
66 121 23328.700
66 122 39717.400
66 123 23681.885
66 124 43592.700
66 125 11464.600
66 126 33038.986
66 127 32804.940
66 128 24691.900
66 129 11315.784
66 130 33519.600
66 131 598.900
66 132 22367.400
66 133 27358.800
66 134 16530.200
66 135 31824.456
66 136 3151.200
66 137 39652.000
66 138 40692.900
66 139 26249.700
66 140 40208.100
66 141 28172.582
66 142 3837.700
66 143 33870.000
66 144 33766.600
66 145 19435.700
66 146 10282.600
66 147 22371.300
66 148 16193.700
66 149 30138.800
66 150 10610.112
66 151 10851.000
66 152 31348.300
66 153 27312.700
66 154 40635.300
66 155 23624.100
66 156 37068.704
66 157 32952.838
66 158 28359.300
66 159 22774.365
66 160 13368.200
66 161 29488.366
66 162 49721.947
66 163 11829.400
66 164 17890.200
66 165 12418.800
66 166 38416.400
66 167 37354.975
66 168 39760.200
66 169 38950.100
66 170 38209.600
66 171 51619.717
66 172 42461.300
66 173 37567.800
66 174 38796.900
66 175 9275.300
66 176 50527.620
66 177 38208.600
66 178 18406.700
66 179 17331.400
66 180 21943.500
66 181 23429.600
66 182 35668.160
66 183 22931.200
66 184 24695.400
66 185 24199.700
66 186 17612.300
66 187 38992.300
66 188 35454.831
66 189 10807.000
66 190 27897.500
66 191 1076.800
66 192 35543.700
66 193 40792.700
66 194 13426.200
66 195 21702.500
66 196 24466.516
66 197 30759.100
66 198 24186.500
66 199 27701.500
66 200 42905.800
67 0 26673.057
67 1 67993.971
67 2 27840.612
67 3 25195.387
67 4 43865.739
67 5 43672.865
67 6 47171.335
67 7 27945.730
67 8 70926.755
67 9 43240.043
67 10 25691.831
67 11 47055.143
67 12 40928.835
67 13 19988.546
67 14 41920.059
67 15 69891.697
67 16 38682.517
67 17 34618.484
67 18 35440.206
67 19 6863.954
67 20 70935.509
67 21 69893.875
67 22 69350.721
67 23 42928.682
67 24 31193.996
67 25 28072.074
67 26 71759.670
67 27 31276.841
67 28 9014.674
67 29 30065.359
67 30 70743.130
67 31 33274.039
67 32 4525.072
67 33 45664.952
67 34 12263.716
67 35 9821.206
67 36 71629.620
67 37 45188.620
67 38 26486.746
67 39 25182.287
67 40 15974.013
67 41 51666.923
67 42 4241.966
67 43 47477.625
67 44 13321.924
67 45 42801.289
67 46 42884.868
67 47 44264.957
67 48 15618.040
67 49 40569.627
67 50 22761.954
67 51 39074.876
67 52 23856.334
67 53 39313.218
67 54 38551.894
67 55 36733.518
67 56 24656.728
67 57 4244.551
67 58 37658.127
67 59 44001.278
67 60 4599.847
67 61 34092.411
67 62 25087.335
67 63 54141.603
67 64 35310.841
67 65 36924.175
67 66 43019.022
67 67 0.000
67 68 37098.427
67 69 34359.394
67 70 54513.720
67 71 46156.981
67 72 45086.012
67 73 39434.535
67 74 30480.080
67 75 29275.925
67 76 28185.978
67 77 10200.552
67 78 48201.569
67 79 43953.426
67 80 19929.376
67 81 40560.534
67 82 38285.356
67 83 45367.018
67 84 21832.563
67 85 48820.540
67 86 48745.676
67 87 40356.781
67 88 37107.446
67 89 26019.797
67 90 37632.105
67 91 10011.322
67 92 26284.780
67 93 36624.348
67 94 11758.827
67 95 45400.145
67 96 33484.402
67 97 31442.970
67 98 27184.105
67 99 43187.879
67 100 69950.789
67 101 4573.239
67 102 36263.817
67 103 23495.133
67 104 43476.605
67 105 50422.250
67 106 34281.266
67 107 2997.876
67 108 21735.378
67 109 45643.311
67 110 45434.725
67 111 39323.732
67 112 1684.241
67 113 41864.882
67 114 48170.338
67 115 69963.280
67 116 69321.124
67 117 20535.740
67 118 13175.320
67 119 21594.322
67 120 16386.911
67 121 42996.164
67 122 23634.036
67 123 33743.170
67 124 2528.959
67 125 43378.184
67 126 69963.483
67 127 31114.744
67 128 36437.151
67 129 49501.949
67 130 30578.274
67 131 43180.590
67 132 34914.446
67 133 36342.478
67 134 51159.430
67 135 66894.853
67 136 44640.311
67 137 15515.261
67 138 19996.953
67 139 49101.406
67 140 14442.883
67 141 37467.533
67 142 45898.162
67 143 28288.553
67 144 14338.008
67 145 37647.698
67 146 39757.583
67 147 31398.697
67 148 37768.291
67 149 16355.951
67 150 48464.109
67 151 40337.065
67 152 19732.347
67 153 23119.690
67 154 10696.568
67 155 39703.821
67 156 19422.660
67 157 69891.526
67 158 40007.110
67 159 45996.914
67 160 50311.490
67 161 32947.579
67 162 46932.696
67 163 38342.298
67 164 47048.208
67 165 36797.926
67 166 9222.831
67 167 44633.073
67 168 13455.389
67 169 16655.327
67 170 7313.705
67 171 14481.328
67 172 6180.814
67 173 16447.053
67 174 8306.446
67 175 42313.515
67 176 45305.248
67 177 12854.053
67 178 47730.151
67 179 36371.334
67 180 31789.000
67 181 37717.075
67 182 70996.109
67 183 52846.236
67 184 37099.053
67 185 36554.040
67 186 44635.821
67 187 20124.003
67 188 70372.660
67 189 39018.758
67 190 23605.668
67 191 43810.427
67 192 14147.399
67 193 3389.971
67 194 50895.388
67 195 37784.887
67 196 39450.100
67 197 27506.722
67 198 39936.155
67 199 21080.210
67 200 1562.796
68 0 20921.300
68 1 35295.020
68 2 10523.700
68 3 25028.600
68 4 27544.000
68 5 39478.100
68 6 17054.900
68 7 50034.901
68 8 37223.828
68 9 21382.000
68 10 37683.600
68 11 12758.800
68 12 38919.000
68 13 36568.800
68 14 25438.200
68 15 38157.970
68 16 29791.500
68 17 8101.900
68 18 44483.730
68 19 45996.300
68 20 37483.237
68 21 38156.786
68 22 36223.057
68 23 21345.600
68 24 12676.900
68 25 17591.700
68 26 38705.454
68 27 8544.900
68 28 45105.600
68 29 20846.100
68 30 37681.582
68 31 10811.600
68 32 44200.300
68 33 38354.610
68 34 30153.400
68 35 36000.500
68 36 38628.648
68 37 37752.256
68 38 35571.000
68 39 14434.500
68 40 30166.100
68 41 20845.300
68 42 42245.600
68 43 18168.500
68 44 29817.100
68 45 6888.353
68 46 8321.200
68 47 40754.100
68 48 34854.300
68 49 40657.400
68 50 30945.700
68 51 38032.100
68 52 35476.300
68 53 37371.200
68 54 26291.700
68 55 35303.700
68 56 17733.400
68 57 40771.656
68 58 10020.200
68 59 24386.800
68 60 41698.201
68 61 51636.593
68 62 15915.100
68 63 37680.102
68 64 2446.100
68 65 3488.500
68 66 25140.500
68 67 37098.427
68 68 0.000
68 69 32071.300
68 70 23240.200
68 71 23645.200
68 72 14642.460
68 73 45567.068
68 74 22036.600
68 75 22586.400
68 76 21180.400
68 77 42882.000
68 78 16181.000
68 79 19916.300
68 80 30296.700
68 81 8024.100
68 82 4069.100
68 83 9129.199
68 84 32244.000
68 85 19213.300
68 86 18318.200
68 87 47143.877
68 88 15552.628
68 89 37575.600
68 90 31969.800
68 91 47803.300
68 92 10643.500
68 93 32998.400
68 94 40745.000
68 95 37623.020
68 96 7723.900
68 97 20368.300
68 98 11115.300
68 99 24555.300
68 100 38202.559
68 101 40636.100
68 102 33577.500
68 103 27150.500
68 104 43944.500
68 105 19434.100
68 106 31428.400
68 107 35003.227
68 108 37897.400
68 109 37600.376
68 110 23368.500
68 111 36348.400
68 112 35743.181
68 113 39779.900
68 114 13572.463
68 115 36998.511
68 116 36189.187
68 117 35379.800
68 118 36184.100
68 119 27814.700
68 120 39766.100
68 121 37661.200
68 122 17046.300
68 123 43385.580
68 124 44591.800
68 125 18904.800
68 126 38212.691
68 127 49047.613
68 128 34213.400
68 129 40628.340
68 130 9256.100
68 131 24541.600
68 132 8417.000
68 133 2929.300
68 134 23007.900
68 135 34247.401
68 136 24845.100
68 137 35194.000
68 138 36234.900
68 139 14184.800
68 140 35750.100
68 141 49103.073
68 142 23385.400
68 143 11753.300
68 144 28367.900
68 145 8236.500
68 146 25259.000
68 147 14381.900
68 148 20967.800
68 149 34059.900
68 150 39876.265
68 151 25913.500
68 152 37093.700
68 153 33058.200
68 154 44556.300
68 155 5190.900
68 156 45150.520
68 157 38163.499
68 158 37880.700
68 159 49103.737
68 160 25204.900
68 161 47567.855
68 162 20452.014
68 163 15129.500
68 164 17584.000
68 165 15239.300
68 166 42337.400
68 167 9552.842
68 168 35594.900
68 169 34492.100
68 170 37544.700
68 171 51017.695
68 172 44157.000
68 173 33109.800
68 174 42717.900
68 175 19325.900
68 176 21211.327
68 177 30103.000
68 178 17101.300
68 179 22105.600
68 180 13565.700
68 181 4151.300
68 182 37910.559
68 183 22248.900
68 184 34216.900
68 185 4383.600
68 186 15669.000
68 187 32096.000
68 188 37098.408
68 189 16369.000
68 190 21979.800
68 191 25076.700
68 192 29756.700
68 193 41791.700
68 194 24796.800
68 195 6506.500
68 196 47322.485
68 197 38143.700
68 198 6514.400
68 199 24402.900
68 200 43904.900
69 0 18125.100
69 1 48027.189
69 2 37925.300
69 3 13105.100
69 4 18365.500
69 5 11147.200
69 6 32340.600
69 7 21418.661
69 8 51834.310
69 9 25569.600
69 10 13383.300
69 11 35129.600
69 12 7747.500
69 13 36107.100
69 14 23879.100
69 15 48308.856
69 16 9480.900
69 17 27979.700
69 18 8876.389
69 19 29880.900
69 20 51463.425
69 21 48314.736
69 22 49705.376
69 23 25533.200
69 24 43801.300
69 25 18019.000
69 26 51564.678
69 27 38779.600
69 28 28990.200
69 29 14350.200
69 30 50741.449
69 31 41935.900
69 32 31252.700
69 33 12319.490
69 34 26689.200
69 35 22765.700
69 36 51382.803
69 37 12016.418
69 38 10649.500
69 39 33710.300
69 40 28222.700
69 41 35279.000
69 42 28548.800
69 43 33454.300
69 44 28737.600
69 45 42980.981
69 46 38239.200
69 47 11879.900
69 48 31496.900
69 49 9486.000
69 50 11542.000
69 51 6860.600
69 52 12610.300
69 53 6199.800
69 54 13336.000
69 55 4132.200
69 56 35694.400
69 57 38113.326
69 58 29319.900
69 59 22827.600
69 60 36825.502
69 61 18748.716
69 62 33876.100
69 63 23562.279
69 64 33562.200
69 65 34803.200
69 66 23581.400
69 67 34359.394
69 68 32360.300
69 69 0.000
69 70 38526.000
69 71 25053.000
69 72 50875.973
69 73 9166.789
69 74 13689.700
69 75 12710.100
69 76 15330.200
69 77 26766.700
69 78 32739.700
69 79 24968.400
69 80 29835.000
69 81 29888.000
69 82 34490.600
69 83 44678.665
69 84 12815.700
69 85 29561.800
69 86 33603.900
69 87 10743.169
69 88 48463.055
69 89 13275.300
69 90 8083.300
69 91 31688.000
69 92 37893.800
69 93 7107.400
69 94 24629.700
69 95 12337.322
69 96 27898.400
69 97 15001.700
69 98 38365.600
69 99 23779.400
69 100 48374.470
69 101 26939.300
69 102 2406.000
69 103 12611.100
69 104 12773.100
69 105 34719.800
69 106 4263.400
69 107 35258.710
69 108 19957.600
69 109 12646.562
69 110 26094.900
69 111 6785.100
69 112 34597.759
69 113 8608.400
69 114 49647.655
69 115 49971.496
69 116 49687.589
69 117 13689.600
69 118 33455.500
69 119 12678.400
69 120 39304.400
69 121 9330.200
69 122 32359.300
69 123 8474.580
69 124 30895.000
69 125 23810.300
69 126 48387.893
69 127 17457.853
69 128 3041.900
69 129 16059.871
69 130 39490.900
69 131 22982.500
69 132 28839.800
69 133 34211.400
69 134 29872.700
69 135 47090.633
69 136 20702.400
69 137 32129.600
69 138 35773.200
69 139 36555.700
69 140 32392.700
69 141 13601.394
69 142 23073.500
69 143 40098.200
69 144 26026.800
69 145 26470.400
69 146 13504.400
69 147 22806.500
69 148 17364.700
69 149 17944.500
69 150 15087.702
69 151 14250.400
69 152 19154.000
69 153 11400.700
69 154 28441.000
69 155 33930.100
69 156 23235.942
69 157 48301.738
69 158 6709.300
69 159 13699.346
69 160 30257.000
69 161 14188.819
69 162 56159.635
69 163 19421.200
69 164 31232.600
69 165 17811.800
69 166 26222.100
69 167 45744.925
69 168 29354.000
69 169 31301.900
69 170 25511.900
69 171 39544.046
69 172 30267.000
69 173 30730.100
69 174 26602.500
69 175 24378.000
69 176 56239.456
69 177 27802.400
69 178 31749.100
69 179 18502.400
69 180 21787.500
69 181 33735.600
69 182 50982.108
69 183 36273.600
69 184 3045.400
69 185 31280.200
69 186 30954.700
69 187 31634.200
69 188 50743.249
69 189 20054.900
69 190 20734.900
69 191 23517.500
69 192 25137.600
69 193 28095.000
69 194 29848.900
69 195 28154.800
69 196 10986.414
69 197 13843.400
69 198 34492.500
69 199 17630.900
69 200 30208.100
70 0 27401.200
70 1 14620.073
70 2 30462.600
70 3 30597.900
70 4 30909.900
70 5 46538.300
70 6 7662.700
70 7 59221.570
70 8 16772.283
70 9 23203.600
70 10 43252.900
70 11 9181.100
70 12 45979.200
70 13 43048.600
70 14 28804.200
70 15 17549.283
70 16 36851.700
70 17 20084.300
70 18 48751.118
70 19 52476.100
70 20 16945.323
70 21 17547.528
70 22 15594.417
70 23 23167.100
70 24 35599.300
70 25 24071.600
70 26 18083.183
70 27 31316.900
70 28 51585.400
70 29 26415.400
70 30 17052.884
70 31 33734.000
70 32 50680.100
70 33 35089.055
70 34 36633.200
70 35 42480.300
70 36 17996.838
70 37 34652.825
70 38 41140.300
70 39 36967.400
70 40 36645.900
70 41 5916.100
70 42 48725.400
70 43 6718.800
70 44 36296.900
70 45 20318.259
70 46 22284.600
70 47 47814.200
70 48 41334.100
70 49 47717.600
70 50 36515.000
70 51 45092.200
70 52 41045.600
70 53 44431.400
70 54 33351.900
70 55 42363.900
70 56 42636.000
70 57 58576.942
70 58 17633.300
70 59 27752.700
70 60 58989.372
70 61 58336.943
70 62 40817.600
70 63 27944.917
70 64 25360.200
70 65 26601.200
70 66 28506.400
70 67 54513.720
70 68 24158.400
70 69 39131.400
70 70 0.000
70 71 22010.800
70 72 28511.051
70 73 47937.187
70 74 27605.900
70 75 28155.800
70 76 26749.700
70 77 49361.900
70 78 10624.900
70 79 21615.100
70 80 36776.500
70 81 18201.400
70 82 22804.000
70 83 19272.562
70 84 37813.300
70 85 11480.700
70 86 7891.100
70 87 49413.411
70 88 34342.985
70 89 43144.900
70 90 39030.000
70 91 54283.100
70 92 30431.100
70 93 40058.600
70 94 47224.800
70 95 34344.149
70 96 20435.700
70 97 25937.600
70 98 30902.900
70 99 25256.800
70 100 17590.736
70 101 47115.900
70 102 40637.600
70 103 32719.800
70 104 51004.700
70 105 9007.000
70 106 38488.600
70 107 52995.979
70 108 43466.700
70 109 34147.223
70 110 21734.200
70 111 43408.600
70 112 53443.867
70 113 46840.000
70 114 22978.763
70 115 16350.438
70 116 15561.033
70 117 40949.100
70 118 42663.900
70 119 34294.500
70 120 46245.900
70 121 44721.300
70 122 39300.800
70 123 48312.420
70 124 51071.600
70 125 16623.700
70 126 17600.291
70 127 56508.975
70 128 41273.600
70 129 35407.363
70 130 32028.200
70 131 27907.500
70 132 20944.500
70 133 26009.500
70 134 9782.200
70 135 13572.754
70 136 28211.000
70 137 41673.800
70 138 42714.800
70 139 5459.500
70 140 42229.900
70 141 53426.878
70 142 22973.600
70 143 32635.500
70 144 34847.700
70 145 18266.000
70 146 32319.200
70 147 20861.700
70 148 28028.000
70 149 40539.700
70 150 35131.148
70 151 32973.700
70 152 42663.000
70 153 38627.500
70 154 51036.200
70 155 22243.500
70 156 56961.070
70 157 17555.737
70 158 44940.900
70 159 48768.585
70 160 15375.500
70 161 53789.563
70 162 34650.828
70 163 21142.800
70 164 9851.400
70 165 22397.300
70 166 48817.300
70 167 21642.034
70 168 42074.700
70 169 40971.900
70 170 44024.500
70 171 67113.597
70 172 50636.800
70 173 39589.600
70 174 49197.700
70 175 19330.800
70 176 36661.674
70 177 36582.800
70 178 7607.100
70 179 29165.700
70 180 20045.500
70 181 22049.000
70 182 17287.825
70 183 3770.300
70 184 41277.000
70 185 22819.100
70 186 9447.800
70 187 38575.800
70 188 16508.099
70 189 20120.400
70 190 28459.700
70 191 28442.600
70 192 36236.500
70 193 48271.600
70 194 14267.500
70 195 20321.900
70 196 50132.070
70 197 43713.000
70 198 22805.900
70 199 30882.800
70 200 50384.700
71 0 26239.300
71 1 28581.305
71 2 30491.200
71 3 23558.200
71 4 8270.200
71 5 27004.100
71 6 15975.200
71 7 40802.430
71 8 32437.557
71 9 5615.700
71 10 32604.300
71 11 23617.700
71 12 26405.700
71 13 43332.100
71 14 6164.400
71 15 28747.968
71 16 17317.400
71 17 20301.300
71 18 27877.324
71 19 44380.500
71 20 32024.279
71 21 28753.895
71 22 30271.947
71 23 5579.300
71 24 35742.700
71 25 20227.300
71 26 32053.124
71 27 31602.400
71 28 43489.900
71 29 22464.800
71 30 31254.878
71 31 33877.400
71 32 45752.300
71 33 12402.496
71 34 39400.600
71 35 37768.700
71 36 31868.823
71 37 11976.699
71 38 30491.700
71 39 37659.500
71 40 37870.100
71 41 18913.600
71 42 43551.800
71 43 17088.800
71 44 37521.100
71 45 33516.106
71 46 26727.300
71 47 28280.000
71 48 41617.600
71 49 33441.300
71 50 26785.900
71 51 30815.900
71 52 30898.700
71 53 30155.100
71 54 12803.200
71 55 28087.500
71 56 40831.000
71 57 50373.919
71 58 17808.000
71 59 5112.900
71 60 49854.625
71 61 38211.394
71 62 39012.600
71 63 9328.362
71 64 25503.600
71 65 26744.600
71 66 5866.600
71 67 46156.981
71 68 24301.800
71 69 24855.100
71 70 22160.500
71 71 0.000
71 72 42681.623
71 73 26181.434
71 74 21804.200
71 75 21232.900
71 76 23444.400
71 77 41266.300
71 78 15210.100
71 79 4412.000
71 80 34971.500
71 81 18376.100
71 82 22978.700
71 83 34229.772
71 84 28803.800
71 85 13196.300
71 86 17238.500
71 87 27538.733
71 88 44006.181
71 89 32496.300
71 90 18845.900
71 91 46187.600
71 92 30459.700
71 93 20463.100
71 94 39129.300
71 95 11661.073
71 96 20464.300
71 97 17208.400
71 98 30931.600
71 99 5829.800
71 100 28813.575
71 101 41942.300
71 102 26361.300
71 103 25946.800
71 104 36728.400
71 105 18354.400
71 106 24212.300
71 107 45861.551
71 108 34457.200
71 109 11459.984
71 110 876.500
71 111 23874.300
71 112 45725.722
71 113 26068.100
71 114 39281.772
71 115 30495.067
71 116 30255.915
71 117 31939.600
71 118 42947.400
71 119 27178.100
71 120 46529.400
71 121 25187.100
71 122 37495.800
71 123 27868.635
71 124 45898.000
71 125 9232.900
71 126 28826.986
71 127 37019.906
71 128 26997.200
71 129 13046.377
71 130 32313.600
71 131 5267.800
71 132 21161.400
71 133 26152.800
71 134 13507.200
71 135 27682.848
71 136 5571.200
71 137 41957.300
71 138 42998.200
71 139 25043.800
71 140 42513.400
71 141 32257.787
71 142 3941.100
71 143 32664.100
71 144 36071.900
71 145 18229.700
71 146 12587.900
71 147 21165.300
71 148 18499.000
71 149 32444.100
71 150 12617.318
71 151 13156.300
71 152 33653.600
71 153 29618.000
71 154 42940.600
71 155 22418.200
71 156 41120.742
71 157 28740.758
71 158 30664.600
71 159 26195.655
71 160 10345.200
71 161 33685.308
71 162 48868.526
71 163 10623.400
71 164 14867.200
71 165 11212.800
71 166 40721.700
71 167 36072.534
71 168 42065.500
71 169 41255.400
71 170 40514.900
71 171 55327.350
71 172 44766.600
71 173 39873.100
71 174 41102.200
71 175 5847.500
71 176 49892.327
71 177 40513.900
71 178 15383.700
71 179 19636.700
71 180 20737.500
71 181 22223.700
71 182 31491.711
71 183 19908.200
71 184 27000.700
71 185 22993.700
71 186 14589.300
71 187 36770.800
71 188 31296.022
71 189 9601.000
71 190 30202.800
71 191 5802.800
71 192 37849.000
71 193 43098.000
71 194 9216.800
71 195 20496.500
71 196 28441.611
71 197 33064.400
71 198 22980.600
71 199 30006.800
71 200 45211.100
72 0 31685.961
72 1 41806.632
72 2 17792.182
72 3 38829.663
72 4 48011.609
72 5 59529.093
72 6 26710.685
72 7 62869.976
72 8 42468.521
72 9 39745.447
72 10 52209.609
72 11 24115.797
72 12 57351.006
72 13 26243.314
72 14 43459.830
72 15 45209.458
72 16 48881.828
72 17 21367.064
72 18 58725.033
72 19 48779.061
72 20 42977.481
72 21 45205.592
72 22 42201.359
72 23 40423.965
72 24 13913.699
72 25 31106.423
72 26 44486.305
72 27 14440.441
72 28 51602.469
72 29 34991.442
72 30 43564.028
72 31 11927.518
72 32 48057.112
72 33 52881.184
72 34 34306.330
72 35 43937.475
72 36 44471.282
72 37 52284.707
72 38 50455.616
72 39 19920.797
72 40 30514.863
72 41 30417.356
72 42 46028.946
72 43 25674.232
72 44 33541.608
72 45 9241.844
72 46 11545.276
72 47 60300.070
72 48 29476.033
72 49 60373.832
72 50 44249.406
72 51 59457.702
72 52 50018.533
72 53 57071.177
72 54 44704.974
72 55 53810.208
72 56 20880.002
72 57 47981.260
72 58 23545.904
72 59 43920.883
72 60 49490.080
72 61 65223.890
72 62 20033.278
72 63 51178.899
72 64 14846.079
72 65 18896.355
72 66 43682.841
72 67 45086.012
72 68 14642.460
72 69 50875.973
72 70 28511.051
72 71 42681.623
72 72 0.000
72 73 60036.423
72 74 36590.762
72 75 36934.076
72 76 33804.832
72 77 50895.110
72 78 29757.498
72 79 38645.543
72 80 25333.982
72 81 21741.896
72 82 16722.464
72 83 9342.469
72 84 45213.830
72 85 32180.653
72 86 29568.286
72 87 61607.059
72 88 9389.611
72 89 51529.451
72 90 49192.051
72 91 52391.140
72 92 19647.487
72 93 48377.893
72 94 50354.185
72 95 52140.210
72 96 23288.787
72 97 34686.422
72 98 18525.873
72 99 41826.092
72 100 45237.225
72 101 41268.007
72 102 52842.637
72 103 40407.505
72 104 60564.773
72 105 29358.485
72 106 49510.641
72 107 42429.781
72 108 50245.216
72 109 52103.103
72 110 42345.859
72 111 55142.040
72 112 43490.984
72 113 57939.718
72 114 6190.367
72 115 43053.638
72 116 42167.016
72 117 47379.668
72 118 31964.319
72 119 40445.320
72 120 29663.620
72 121 57890.962
72 122 21477.356
72 123 57537.399
72 124 47338.621
72 125 35354.102
72 126 45244.145
72 127 62482.166
72 128 52242.305
72 129 54994.925
72 130 15079.819
72 131 43148.211
72 132 20323.231
72 133 12945.958
72 134 34867.889
72 135 40935.840
72 136 45118.901
72 137 29666.397
72 138 25918.739
72 139 23607.753
72 140 30753.348
72 141 63259.289
72 142 43903.692
72 143 16972.704
72 144 32643.923
72 145 24276.916
72 146 45634.185
72 147 27008.297
72 148 37074.317
72 149 45097.782
72 150 54285.738
72 151 46545.123
72 152 48340.946
72 153 46119.505
72 154 52302.926
72 155 17617.635
72 156 57009.767
72 157 45219.162
72 158 57090.496
72 159 63727.452
72 160 38373.514
72 161 61364.741
72 162 6339.512
72 163 32806.175
72 164 29003.449
72 165 34368.706
72 166 47125.192
72 167 7039.470
72 168 31687.495
72 169 29063.469
72 170 40077.598
72 171 59563.072
72 172 47927.604
72 173 28894.354
72 174 46999.930
72 175 36529.176
72 176 8151.281
72 177 33492.074
72 178 28913.258
72 179 35372.548
72 180 26349.226
72 181 18409.885
72 182 43743.825
72 183 29774.882
72 184 53459.591
72 185 18277.084
72 186 27413.483
72 187 25047.436
72 188 42825.293
72 189 33336.318
72 190 28827.452
72 191 44469.892
72 192 33729.623
72 193 44846.955
72 194 37693.923
72 195 22056.324
72 196 61724.099
72 197 54210.652
72 198 15590.234
72 199 33575.904
72 200 44728.318
73 0 28661.273
73 1 54630.047
73 2 45492.536
73 3 22043.866
73 4 18507.015
73 5 6091.248
73 6 41688.183
73 7 19113.902
73 8 58521.098
73 9 26365.579
73 10 13746.103
73 11 43757.148
73 12 4981.995
73 13 48592.151
73 14 21508.298
73 15 54451.319
73 16 13140.355
73 17 38907.180
73 18 4339.852
73 19 33574.494
73 20 58067.471
73 21 54458.057
73 22 56327.928
73 23 25431.438
73 24 49886.423
73 25 29025.865
73 26 57975.919
73 27 47621.052
73 28 33311.227
73 29 25051.457
73 30 57233.537
73 31 50618.696
73 32 36011.038
73 33 15322.539
73 34 36171.483
73 35 29958.555
73 36 57786.520
73 37 15399.833
73 38 13226.982
73 39 46366.671
73 40 37318.841
73 41 43061.180
73 42 35264.157
73 43 42844.141
73 44 35865.984
73 45 52133.073
73 46 50447.139
73 47 6223.797
73 48 42857.055
73 49 1263.032
73 50 18892.412
73 51 579.332
73 52 15657.026
73 53 3755.701
73 54 17698.809
73 55 6382.279
73 56 49225.462
73 57 42713.769
73 58 37878.960
73 59 22867.597
73 60 41040.586
73 61 13742.964
73 62 47569.780
73 63 27397.473
73 64 45190.468
73 65 41728.462
73 66 22219.208
73 67 39434.535
73 68 45567.068
73 69 9166.789
73 70 47937.187
73 71 26181.434
73 72 60036.423
73 73 0.000
73 74 23465.653
73 75 23110.644
73 76 26300.661
73 77 30941.475
73 78 40050.881
73 79 28050.616
73 80 42459.695
73 81 40895.593
73 82 44074.646
73 83 53802.451
73 84 18986.492
73 85 38548.136
73 86 40746.815
73 87 1580.722
73 88 57437.956
73 89 13444.429
73 90 12134.031
73 91 32745.537
73 92 43739.748
73 93 12540.709
73 94 28653.088
73 95 15790.181
73 96 36899.454
73 97 25463.191
73 98 44862.548
73 99 24251.790
73 100 54516.233
73 101 37249.876
73 102 7342.390
73 103 21344.216
73 104 4966.528
73 105 42634.880
73 106 10578.781
73 107 40882.469
73 108 17699.824
73 109 16104.979
73 110 25800.812
73 111 6180.919
73 112 40005.024
73 113 5386.606
73 114 58789.446
73 115 56494.192
73 116 56313.822
73 117 19194.969
73 118 42571.606
73 119 22322.859
73 120 46719.624
73 121 6835.155
73 122 45417.179
73 123 5885.625
73 124 38311.447
73 125 30707.652
73 126 54529.334
73 127 14006.624
73 128 8068.699
73 129 17935.912
73 130 47269.993
73 131 22908.232
73 132 39936.307
73 133 47090.471
73 134 38631.154
73 135 53772.549
73 136 22258.940
73 137 43720.589
73 138 47977.156
73 139 46114.476
73 140 43415.665
73 141 6575.805
73 142 24721.023
73 143 47050.943
73 144 35906.981
73 145 37221.506
73 146 17511.444
73 147 33061.295
73 148 25190.468
73 149 23557.296
73 150 17298.196
73 151 16953.857
73 152 19756.719
73 153 17581.485
73 154 31601.663
73 155 43908.711
73 156 24183.060
73 157 54442.432
73 158 4345.708
73 159 6653.000
73 160 34566.405
73 161 10094.976
73 162 65282.218
73 163 29682.903
73 164 39612.528
73 165 27384.942
73 166 30297.418
73 167 54898.181
73 168 40735.143
73 169 39383.608
73 170 34856.753
73 171 41564.541
73 172 33864.611
73 173 40613.045
73 174 31229.460
73 175 28742.768
73 176 65311.420
73 177 36720.002
73 178 40327.674
73 179 26198.361
73 180 33738.699
73 181 42415.675
73 182 57462.314
73 183 44923.849
73 184 6907.517
73 185 42175.335
73 186 38892.802
73 187 45566.085
73 188 57332.346
73 189 29558.088
73 190 32726.578
73 191 22130.939
73 192 34460.589
73 193 36068.122
73 194 35820.046
73 195 39252.111
73 196 2266.072
73 197 12067.668
73 198 45694.970
73 199 28884.838
73 200 37923.297
74 0 6313.200
74 1 39851.939
74 2 27603.200
74 3 4642.900
74 4 18162.700
74 5 22641.500
74 6 22529.100
74 7 30630.135
74 8 43299.310
74 9 16081.500
74 10 16968.000
74 11 24045.100
74 12 19241.900
74 13 23406.000
74 14 19403.300
74 15 41088.769
74 16 14339.900
74 17 17202.900
74 18 22526.754
74 19 25269.100
74 20 43119.342
74 21 41092.536
74 22 41403.641
74 23 16045.000
74 24 33555.900
74 25 6207.100
74 26 43619.525
74 27 29415.600
74 28 24378.400
74 29 2367.100
74 30 42665.966
74 31 31690.600
74 32 25510.100
74 33 18946.820
74 34 20470.500
74 35 17772.300
74 36 43461.766
74 37 18340.341
74 38 14855.400
74 39 23447.600
74 40 17944.000
74 41 26319.500
74 42 23555.400
74 43 23642.700
74 44 17595.000
74 45 28728.255
74 46 27154.700
74 47 23374.200
74 48 21691.500
74 49 20980.300
74 50 10539.500
74 51 18354.900
74 52 15070.200
74 53 17694.100
74 54 10952.100
74 55 15626.600
74 56 25431.700
74 57 34711.145
74 58 18235.400
74 59 18351.900
74 60 34299.369
74 61 30651.531
74 62 23613.300
74 63 24248.820
74 64 23316.800
74 65 24557.800
74 66 19105.600
74 67 30480.080
74 68 22114.900
74 69 12394.100
74 70 28714.500
74 71 20577.200
74 72 36590.762
74 73 23465.653
74 74 0.000
74 75 1468.700
74 76 3518.300
74 77 22154.900
74 78 21655.200
74 79 14615.800
74 80 19572.200
74 81 18803.500
74 82 23406.100
74 83 30505.838
74 84 11837.800
74 85 19209.100
74 86 23792.400
74 87 25041.364
74 88 34650.043
74 89 16860.000
74 90 14063.700
74 91 27076.100
74 92 27571.800
74 93 14595.300
74 94 20017.900
74 95 18368.778
74 96 17576.300
74 97 2546.000
74 98 28043.600
74 99 19303.700
74 100 41152.125
74 101 21945.900
74 102 13900.300
74 103 6764.900
74 104 24267.400
74 105 24908.300
74 106 11751.300
74 107 30132.438
74 108 17491.200
74 109 18481.240
74 110 21619.200
74 111 18279.400
74 112 30007.934
74 113 20102.700
74 114 35418.990
74 115 41868.536
74 116 41378.873
74 117 14973.600
74 118 23021.300
74 119 7685.000
74 120 26603.300
74 121 20824.600
74 122 22096.600
74 123 21560.206
74 124 25901.500
74 125 13457.700
74 126 41165.456
74 127 28431.999
74 128 14536.300
74 129 22259.415
74 130 30126.800
74 131 18506.700
74 132 18063.100
74 133 23966.000
74 134 19520.000
74 135 38794.733
74 136 16226.600
74 137 22031.200
74 138 23072.100
74 139 25471.200
74 140 22587.300
74 141 27223.237
74 142 18597.700
74 143 29776.100
74 144 16145.800
74 145 16225.100
74 146 11517.200
74 147 9753.100
74 148 7288.200
74 149 13332.700
74 150 21282.074
74 151 12409.800
74 152 16687.600
74 153 12652.000
74 154 23829.200
74 155 22845.600
74 156 28340.816
74 157 41085.720
74 158 18203.600
74 159 27339.550
74 160 19904.400
74 161 26286.427
74 162 41961.597
74 163 9068.500
74 164 20880.000
74 165 7459.200
74 166 21610.300
74 167 31487.062
74 168 23135.300
74 169 21329.300
74 170 20518.400
74 171 40495.995
74 172 25466.800
74 173 19947.000
74 174 21990.700
74 175 14025.400
74 176 42160.806
74 177 21583.700
74 178 22575.500
74 179 8426.000
74 180 9975.600
74 181 22651.100
74 182 42920.204
74 183 27723.100
74 184 14539.700
74 185 19886.300
74 186 21143.200
74 187 21371.500
74 188 42463.432
74 189 9702.300
74 190 10276.800
74 191 19041.800
74 192 18918.900
74 193 23101.500
74 194 19496.300
74 195 17909.500
74 196 25226.188
74 197 17428.100
74 198 23408.000
74 199 12180.800
74 200 25214.600
75 0 6423.000
75 1 41124.709
75 2 27713.000
75 3 3881.800
75 4 17883.400
75 5 22030.300
75 6 22629.500
75 7 29568.648
75 8 44561.621
75 9 20814.600
75 10 15908.200
75 11 24145.500
75 12 18630.600
75 13 23515.800
75 14 19124.100
75 15 42374.189
75 16 14060.700
75 17 17312.700
75 18 21949.419
75 19 24508.000
75 20 44386.302
75 21 42377.936
75 22 42672.740
75 23 20778.200
75 24 33656.300
75 25 6316.900
75 26 44894.164
75 27 29515.900
75 28 23617.300
75 29 2450.600
75 30 43938.780
75 31 31790.900
75 32 24749.000
75 33 19489.463
75 34 19709.400
75 35 17011.200
75 36 44736.917
75 37 18891.069
75 38 13795.500
75 39 23557.300
75 40 18053.700
75 41 26419.900
75 42 22794.300
75 43 23743.100
75 44 17704.700
75 45 29257.435
75 46 27255.100
75 47 22763.000
75 48 21801.300
75 49 20369.100
75 50 9170.200
75 51 17743.700
75 52 13700.900
75 53 17082.900
75 54 10672.900
75 55 15015.300
75 56 25541.500
75 57 33501.749
75 58 18335.800
75 59 18072.700
75 60 33061.613
75 61 29791.619
75 62 23723.100
75 63 25284.870
75 64 23417.200
75 65 24658.200
75 66 18826.400
75 67 29275.925
75 68 22215.300
75 69 11782.900
75 70 28814.800
75 71 20298.000
75 72 36934.076
75 73 23110.644
75 74 1814.900
75 75 0.000
75 76 3628.100
75 77 21393.800
75 78 21755.600
75 79 15792.300
75 80 19682.000
75 81 18903.900
75 82 23506.500
75 83 31105.579
75 84 10468.600
75 85 20385.700
75 86 23892.800
75 87 24677.797
75 88 34666.065
75 89 15800.200
75 90 15021.000
75 91 26315.100
75 92 27681.500
75 93 13984.000
75 94 19256.800
75 95 18943.684
75 96 17686.100
75 97 3722.600
75 98 28153.400
75 99 19024.500
75 100 42437.503
75 101 21184.800
75 102 13289.100
75 103 6003.800
75 104 23656.200
75 105 25008.700
75 106 11140.100
75 107 28980.558
75 108 16121.900
75 109 19074.805
75 110 21340.000
75 111 17668.200
75 112 28830.788
75 113 19491.500
75 114 35965.914
75 115 43141.332
75 116 42647.841
75 117 13604.300
75 118 23131.000
75 119 6923.900
75 120 26713.100
75 121 20213.300
75 122 22206.300
75 123 20910.998
75 124 25140.400
75 125 14634.300
75 126 42450.828
75 127 27505.039
75 128 13925.000
75 129 22904.602
75 130 30227.200
75 131 18227.500
75 132 18172.800
75 133 24066.400
75 134 20696.600
75 135 40065.895
75 136 15947.400
75 137 22140.900
75 138 23181.900
75 139 25571.600
75 140 22697.100
75 141 26606.807
75 142 18318.500
75 143 29885.900
75 144 16255.500
75 145 16325.400
75 146 11238.000
75 147 11104.400
75 148 8464.800
75 149 12571.600
75 150 21910.381
75 151 12130.600
75 152 15318.300
75 153 11282.700
75 154 23068.100
75 155 22946.000
75 156 27116.095
75 157 42371.178
75 158 17592.400
75 159 27252.024
75 160 21081.000
75 161 25476.626
75 162 42194.557
75 163 10245.100
75 164 23158.600
75 165 8635.800
75 166 20849.200
75 167 32005.993
75 168 22374.200
75 169 21439.000
75 170 19757.300
75 171 39208.864
75 172 24705.700
75 173 20056.700
75 174 21229.600
75 175 15202.000
75 176 42310.124
75 177 20822.600
75 178 22675.800
75 179 9602.500
75 180 10085.400
75 181 22751.500
75 182 44193.118
75 183 27823.500
75 184 13928.500
75 185 19986.700
75 186 21243.600
75 187 21481.300
75 188 43732.255
75 189 10878.900
75 190 10386.500
75 191 18762.600
75 192 18157.800
75 193 22340.400
75 194 20672.900
75 195 18009.800
75 196 24796.309
75 197 16368.300
75 198 23508.400
75 199 12290.500
75 200 24453.600
76 0 4095.100
76 1 40791.086
76 2 25385.100
76 3 5856.800
76 4 20487.100
76 5 24967.100
76 6 20311.000
76 7 31543.111
76 8 44073.362
76 9 18657.700
76 10 18511.800
76 11 21827.000
76 12 21567.500
76 13 20354.400
76 14 21727.800
76 15 42301.664
76 16 16664.300
76 17 14984.800
76 18 24950.088
76 19 26482.900
76 20 43958.234
76 21 42304.759
76 22 42279.455
76 23 18621.300
76 24 31337.700
76 25 3257.400
76 26 44578.913
76 27 27197.400
76 28 25592.200
76 29 3248.800
76 30 43596.875
76 31 29472.400
76 32 26723.900
76 33 22504.693
76 34 14879.600
76 35 18986.100
76 36 44430.706
76 37 21897.881
76 38 16399.200
76 39 20395.900
76 40 14892.400
76 41 24101.300
76 42 24769.200
76 43 21424.600
76 44 14543.400
76 45 26346.720
76 46 24936.600
76 47 25699.800
76 48 18639.900
76 49 23305.900
76 50 11773.800
76 51 20680.600
76 52 16304.500
76 53 20019.700
76 54 13276.500
76 55 17952.200
76 56 22380.100
76 57 32430.418
76 58 16017.300
76 59 20676.300
76 60 32220.025
76 61 32318.686
76 62 20561.700
76 63 27378.969
76 64 21098.700
76 65 22339.600
76 66 21430.000
76 67 28185.978
76 68 19896.800
76 69 14719.800
76 70 26496.300
76 71 22901.700
76 72 33804.832
76 73 26300.661
76 74 4440.600
76 75 3414.600
76 76 0.000
76 77 23368.700
76 78 19437.100
76 79 17192.000
76 80 16520.600
76 81 16585.300
76 82 21187.900
76 83 28293.119
76 84 13072.200
76 85 21785.400
76 86 21574.200
76 87 27860.166
76 88 31376.066
76 89 18403.800
76 90 17624.600
76 91 28290.000
76 92 25353.600
76 93 16920.900
76 94 21231.700
76 95 21924.274
76 96 15358.200
76 97 3134.100
76 98 25825.500
76 99 21628.100
76 100 42363.446
76 101 23159.700
76 102 16226.000
76 103 7978.700
76 104 26593.000
76 105 22690.100
76 106 14076.900
76 107 27573.679
76 108 18725.500
76 109 22034.181
76 110 20644.200
76 111 20605.100
76 112 27568.074
76 113 22428.300
76 114 33065.060
76 115 42801.566
76 116 42252.776
76 117 16208.000
76 118 19969.700
76 119 8898.800
76 120 23551.700
76 121 23150.200
76 122 19045.000
76 123 23828.393
76 124 27115.400
76 125 15800.200
76 126 42376.559
76 127 29886.661
76 128 16861.900
76 129 25798.738
76 130 27908.700
76 131 20831.100
76 132 15844.900
76 133 21747.900
76 134 22096.300
76 135 39711.401
76 136 18551.000
76 137 18979.600
76 138 20020.500
76 139 23253.000
76 140 19535.700
76 141 29547.813
76 142 20922.100
76 143 27558.000
76 144 13094.200
76 145 14006.900
76 146 13841.700
76 147 8776.500
76 148 12804.500
76 149 14546.500
76 150 24826.660
76 151 14734.200
76 152 17921.900
76 153 13886.400
76 154 25043.000
76 155 20627.400
76 156 28290.641
76 157 42299.848
76 158 20529.200
76 159 30540.690
76 160 22480.600
76 161 28120.771
76 162 38981.696
76 163 11411.000
76 164 20840.100
76 165 9801.600
76 166 22824.100
76 167 29074.912
76 168 19380.500
76 169 18277.700
76 170 21732.200
76 171 39088.588
76 172 26680.600
76 173 16895.400
76 174 23204.500
76 175 16601.600
76 176 39055.152
76 177 14829.200
76 178 20357.300
76 179 13942.300
76 180 7757.500
76 181 20432.900
76 182 43852.030
76 183 25505.000
76 184 16865.400
76 185 17668.200
76 186 18925.100
76 187 18319.900
76 188 43331.780
76 189 12044.700
76 190 7225.100
76 191 21366.200
76 192 14482.900
76 193 24315.300
76 194 22072.500
76 195 15691.300
76 196 27930.635
76 197 18971.900
76 198 21189.800
76 199 9129.200
76 200 26428.500
77 0 25021.700
77 1 67464.747
77 2 37912.600
77 3 19320.300
77 4 35198.200
77 5 36026.900
77 6 42795.600
77 7 17762.629
77 8 70747.539
77 9 40888.400
77 10 22434.200
77 11 43464.500
77 12 32627.200
77 13 27656.500
77 14 39197.900
77 15 68891.777
77 16 30784.300
77 17 37154.600
77 18 26720.532
77 19 4267.900
77 20 70637.104
77 21 68895.213
77 22 68958.273
77 23 40852.000
77 24 33798.800
77 25 25635.900
77 26 71251.372
77 27 48409.300
77 28 3377.200
77 29 23090.200
77 30 70272.384
77 31 51109.900
77 32 5639.600
77 33 39612.427
77 34 16880.400
77 35 7576.600
77 36 71101.740
77 37 39221.087
77 38 20722.100
77 39 28369.200
77 40 22077.800
77 41 46586.000
77 42 6202.900
77 43 43909.200
77 44 18928.800
77 45 46941.788
77 46 46574.100
77 47 36759.600
77 48 21688.100
77 49 34365.700
77 50 15743.000
77 51 31740.300
77 52 20043.400
77 53 31079.500
77 54 30746.700
77 55 29012.000
77 56 30353.300
77 57 12280.824
77 58 37654.800
77 59 38146.400
77 60 10285.600
77 61 24086.065
77 62 28535.000
77 63 49538.491
77 64 42736.200
77 65 43977.200
77 66 38900.200
77 67 10200.552
77 68 41534.300
77 69 25779.500
77 70 48981.000
77 71 40371.800
77 72 50895.110
77 73 30941.475
77 74 22454.500
77 75 22896.900
77 76 22947.100
77 77 0.000
77 78 41921.700
77 79 37563.700
77 80 24530.700
77 81 38222.900
77 82 42825.500
77 83 49431.344
77 84 15367.600
77 85 42157.100
77 86 44058.900
77 87 31653.870
77 88 43944.333
77 89 21948.200
77 90 29480.800
77 91 6074.900
77 92 47523.500
77 93 30819.600
77 94 2222.300
77 95 39492.689
77 96 37528.100
77 97 24362.200
77 98 37432.200
77 99 39098.200
77 100 68954.399
77 101 10178.800
77 102 27285.700
77 103 16402.200
77 104 37652.800
77 105 45174.800
77 106 27975.600
77 107 12802.357
77 108 13160.600
77 109 39773.934
77 110 41413.700
77 111 31664.800
77 112 11506.227
77 113 33488.100
77 114 52985.393
77 115 69476.620
77 116 68931.646
77 117 13336.000
77 118 23646.700
77 119 15021.200
77 120 33457.300
77 121 34209.900
77 122 27018.200
77 123 25076.803
77 124 8046.700
77 125 36405.700
77 126 68967.632
77 127 21179.512
77 128 27921.700
77 129 43437.944
77 130 49120.600
77 131 38301.300
77 132 38014.800
77 133 43385.400
77 134 42468.000
77 135 66387.107
77 136 36021.200
77 137 22320.800
77 138 27322.600
77 139 44890.500
77 140 22583.900
77 141 28092.403
77 142 38392.300
77 143 31194.900
77 144 20808.000
77 145 36365.300
77 146 31311.800
77 147 30423.400
77 148 31125.400
77 149 9820.700
77 150 42430.320
77 151 31083.100
77 152 12489.400
77 153 16181.700
77 154 2195.800
77 155 42265.000
77 156 9224.620
77 157 68889.339
77 158 31589.000
77 159 37593.715
77 160 42852.300
77 161 23380.508
77 162 53705.658
77 163 32016.500
77 164 43324.700
77 165 30407.100
77 166 4294.600
77 167 49152.197
77 168 19545.200
77 169 21493.100
77 170 11687.600
77 171 12687.771
77 172 4343.400
77 173 20921.300
77 174 3456.000
77 175 36973.300
77 176 52433.894
77 177 17993.600
77 178 42842.000
77 179 32263.100
77 180 30412.400
77 181 42070.500
77 182 70527.520
77 183 47989.600
77 184 27925.100
77 185 40455.200
77 186 41409.700
77 187 25907.100
77 188 70010.844
77 189 32650.200
77 190 24959.500
77 191 38836.300
77 192 16379.700
77 193 7223.800
77 194 42444.200
77 195 38049.700
77 196 30608.545
77 197 18678.400
77 198 42827.400
77 199 21010.600
77 200 11677.100
78 0 25162.900
78 1 19793.340
78 2 28224.300
78 3 28359.600
78 4 28704.600
78 5 44300.000
78 6 7323.600
78 7 51282.777
78 8 22850.186
78 9 20998.200
78 10 41014.600
78 11 21204.700
78 12 43740.900
78 13 40810.300
78 14 26598.800
78 15 21818.583
78 16 34613.400
78 17 17846.000
78 18 40764.148
78 19 50237.800
78 20 22797.676
78 21 21819.962
78 22 21175.477
78 23 20961.800
78 24 33361.000
78 25 21833.300
78 26 23564.554
78 27 29078.600
78 28 49347.100
78 29 24177.100
78 30 22552.508
78 31 31495.700
78 32 48441.800
78 33 27758.423
78 34 34394.900
78 35 40242.000
78 36 23432.006
78 37 27279.676
78 38 38902.000
78 39 34729.100
78 40 34407.600
78 41 5456.500
78 42 46487.100
78 43 8437.300
78 44 34058.600
78 45 20623.382
78 46 24314.300
78 47 45575.900
78 48 39095.800
78 49 45479.300
78 50 34276.700
78 51 42853.900
78 52 38807.300
78 53 42193.100
78 54 31113.600
78 55 40125.600
78 56 40397.700
78 57 52361.929
78 58 15395.000
78 59 25547.400
78 60 52562.158
78 61 50323.292
78 62 38579.300
78 63 22295.195
78 64 23121.900
78 65 24362.900
78 66 26301.100
78 67 48201.569
78 68 21920.100
78 69 36893.100
78 70 9333.600
78 71 19805.500
78 72 29757.498
78 73 40050.881
78 74 25367.600
78 75 25917.400
78 76 24511.400
78 77 47123.600
78 78 0.000
78 79 19409.700
78 80 34538.200
78 81 15963.100
78 82 20565.700
78 83 20567.472
78 84 35575.000
78 85 4995.800
78 86 5700.300
78 87 41544.970
78 88 33540.720
78 89 40906.600
78 90 36791.700
78 91 52044.800
78 92 28192.800
78 93 37820.300
78 94 44986.500
78 95 26997.398
78 96 18197.400
78 97 23699.300
78 98 28664.600
78 99 23051.500
78 100 21874.887
78 101 44877.600
78 102 38399.300
78 103 30481.500
78 104 48766.400
78 105 5006.300
78 106 36250.300
78 107 46952.053
78 108 41228.400
78 109 26829.399
78 110 19528.800
78 111 41170.300
78 112 47265.473
78 113 44601.700
78 114 25276.088
78 115 21768.946
78 116 21146.661
78 117 38710.800
78 118 40425.600
78 119 32056.200
78 120 44007.600
78 121 42483.000
78 122 37062.500
78 123 40306.625
78 124 48833.300
78 125 14300.700
78 126 21887.120
78 127 48506.814
78 128 39035.300
78 129 28521.381
78 130 29789.900
78 131 25702.200
78 132 18706.200
78 133 23771.200
78 134 6826.800
78 135 18694.831
78 136 26005.700
78 137 39435.500
78 138 40476.400
78 139 15078.700
78 140 39991.600
78 141 45452.510
78 142 20768.300
78 143 30397.200
78 144 32609.400
78 145 16027.700
78 146 30080.900
78 147 18623.400
78 148 25789.700
78 149 38301.400
78 150 28120.901
78 151 30735.400
78 152 40424.700
78 153 36389.200
78 154 48797.900
78 155 20005.200
78 156 49282.895
78 157 21819.816
78 158 42702.600
78 159 41180.146
78 160 10840.500
78 161 45775.693
78 162 36096.934
78 163 18904.500
78 164 5994.700
78 165 20159.000
78 166 46579.000
78 167 22748.226
78 168 39836.400
78 169 38733.600
78 170 41786.200
78 171 60199.327
78 172 48398.500
78 173 37351.300
78 174 46959.400
78 175 17125.500
78 176 37646.100
78 177 34344.500
78 178 6185.700
78 179 26927.400
78 180 17807.200
78 181 19810.700
78 182 22806.269
78 183 6451.200
78 184 39038.700
78 185 20580.700
78 186 8569.300
78 187 36337.500
78 188 22209.218
78 189 17882.100
78 190 26221.400
78 191 26237.300
78 192 33998.200
78 193 46033.300
78 194 9732.400
78 195 18083.600
78 196 42227.526
78 197 41474.700
78 198 20567.600
78 199 28644.400
78 200 48146.400
79 0 19174.000
79 1 27769.723
79 2 27027.600
79 3 20055.700
79 4 8838.500
79 5 28885.500
79 6 15547.400
79 7 41132.410
79 8 31499.526
79 9 2676.500
79 10 34485.700
79 11 20154.100
79 12 28287.200
79 13 36266.800
79 14 6732.700
79 15 28440.542
79 16 19198.900
79 17 16837.700
79 18 29196.334
79 19 46262.000
79 20 31178.862
79 21 28445.443
79 22 29421.653
79 23 2640.000
79 24 32279.100
79 25 16763.800
79 26 31412.842
79 27 28138.800
79 28 45371.300
79 29 16383.600
79 30 30537.274
79 31 30413.800
79 32 47633.800
79 33 15539.362
79 34 30792.000
79 35 33185.000
79 36 31238.545
79 37 15036.075
79 38 32373.100
79 39 34195.900
79 40 30804.800
79 41 18485.800
79 42 38968.100
79 43 16661.100
79 44 30455.800
79 45 29497.744
79 46 23263.700
79 47 30161.400
79 48 34552.300
79 49 35322.800
79 50 28667.400
79 51 32697.400
79 52 32780.200
79 53 32036.500
79 54 14684.700
79 55 29969.000
79 56 37367.400
79 57 48194.309
79 58 14344.400
79 59 5681.200
79 60 47843.193
79 61 39221.575
79 62 35549.000
79 63 13199.198
79 64 22040.000
79 65 23281.000
79 66 6434.900
79 67 43953.426
79 68 20838.200
79 69 26736.600
79 70 21732.800
79 71 4380.000
79 72 38645.543
79 73 28050.616
79 74 15603.600
79 75 16881.400
79 76 17775.900
79 77 43147.800
79 78 14782.300
79 79 0.000
79 80 31507.900
79 81 14912.500
79 82 19515.100
79 83 30267.958
79 84 30685.300
79 85 12768.600
79 86 16810.700
79 87 29500.780
79 88 39974.924
79 89 34377.800
79 90 20727.400
79 91 48069.100
79 92 26996.100
79 93 22344.600
79 94 41010.800
79 95 14772.148
79 96 17000.700
79 97 13744.800
79 98 27468.000
79 99 7613.400
79 100 28505.686
79 101 37358.600
79 102 28242.800
79 103 22177.700
79 104 38609.800
79 105 17926.600
79 106 26093.700
79 107 43437.095
79 108 36338.700
79 109 14625.741
79 110 4103.400
79 111 25755.800
79 112 43401.014
79 113 27949.600
79 114 35339.983
79 115 29752.348
79 116 29401.687
79 117 33821.100
79 118 35882.100
79 119 23097.700
79 120 39464.200
79 121 27068.600
79 122 34032.200
79 123 28956.279
79 124 41314.300
79 125 6795.000
79 126 28519.194
79 127 37741.017
79 128 28878.700
79 129 16742.849
79 130 28850.100
79 131 5836.100
79 132 17697.800
79 133 22689.300
79 134 13079.500
79 135 26789.617
79 136 6139.600
79 137 34892.000
79 138 35933.000
79 139 21580.200
79 140 35448.200
79 141 33771.209
79 142 4679.900
79 143 29200.500
79 144 29006.600
79 145 14766.100
79 146 14469.300
79 147 17701.700
79 148 14045.000
79 149 34325.600
79 150 16200.262
79 151 15037.800
79 152 35535.100
79 153 31499.500
79 154 44822.100
79 155 18954.600
79 156 40602.258
79 157 28435.350
79 158 32546.000
79 159 28879.430
79 160 9917.400
79 161 34654.449
79 162 44820.470
79 163 7159.800
79 164 14439.400
79 165 7749.200
79 166 42603.200
79 167 32074.396
79 168 35292.900
79 169 34190.100
79 170 35931.200
79 171 53918.981
79 172 46648.100
79 173 32807.800
79 174 42983.600
79 175 2383.900
79 176 45833.660
79 177 30741.600
79 178 14955.900
79 179 15182.700
79 180 17274.000
79 181 18760.100
79 182 30784.351
79 183 19480.400
79 184 28882.200
79 185 19530.100
79 186 14161.500
79 187 33307.200
79 188 30473.143
79 189 6137.400
79 190 23137.600
79 191 6371.100
79 192 30395.400
79 193 38514.300
79 194 10913.100
79 195 17033.000
79 196 30271.343
79 197 34945.800
79 198 19517.000
79 199 25041.600
79 200 40627.400
80 0 14571.200
80 1 51958.542
80 2 9987.200
80 3 20385.700
80 4 37303.700
80 5 40996.000
80 6 31694.800
80 7 39749.293
80 8 54351.038
80 9 33752.300
80 10 28928.800
80 11 33708.800
80 12 37596.300
80 13 7475.500
80 14 38544.400
80 15 54427.410
80 16 33481.000
80 17 26053.800
80 18 39784.932
80 19 23039.900
80 20 54508.161
80 21 54427.761
80 22 53091.720
80 23 33715.800
80 24 10508.200
80 25 16483.800
80 26 55575.199
80 27 13261.100
80 28 25978.200
80 29 19554.900
80 30 54541.195
80 31 11587.100
80 32 22462.700
80 33 41584.997
80 34 10141.400
80 35 17574.800
80 36 55474.385
80 37 40985.070
80 38 27216.700
80 39 5078.600
80 40 7248.500
80 41 35485.200
80 42 20508.000
80 43 32808.400
80 44 8925.700
80 45 23073.841
80 46 24435.700
80 47 41728.700
80 48 5760.900
80 49 39334.700
80 50 23331.100
80 51 36709.400
80 52 26538.000
80 53 36048.500
80 54 30093.100
80 55 33981.000
80 56 7062.800
80 57 23205.657
80 58 27899.100
80 59 37492.900
80 60 24449.064
80 61 43567.314
80 62 5244.400
80 63 45918.121
80 64 17985.600
80 65 33599.600
80 66 38246.600
80 67 19929.376
80 68 31156.800
80 69 30748.600
80 70 37880.100
80 71 36015.400
80 72 25333.982
80 73 42459.695
80 74 21257.300
80 75 20231.300
80 76 18244.900
80 77 24564.200
80 78 30820.900
80 79 32286.500
80 80 0.000
80 81 28467.200
80 82 33857.000
80 83 25640.026
80 84 22955.700
80 85 33853.200
80 86 32958.100
80 87 43869.370
80 88 18194.779
80 89 28442.800
80 90 32418.100
80 91 28676.000
80 92 10268.800
80 93 32949.700
80 94 23146.500
80 95 41030.650
80 96 26427.200
80 97 19086.000
80 98 9506.800
80 99 38444.700
80 100 54479.496
80 101 18898.500
80 102 32254.800
80 103 18816.700
80 104 42621.800
80 105 34074.000
80 106 30105.700
80 107 17473.656
80 108 28609.100
80 109 41153.365
80 110 35738.700
80 111 36633.900
80 112 18404.893
80 113 38457.200
80 114 28244.975
80 115 53806.465
80 116 53059.253
80 117 26091.500
80 118 7090.700
80 119 18399.200
80 120 10672.800
80 121 39179.000
80 122 3727.700
80 123 38249.847
80 124 22854.200
80 125 31128.500
80 126 54490.990
80 127 40564.347
80 128 32890.700
80 129 44945.569
80 130 10933.200
80 131 37647.800
80 132 26914.000
80 133 20553.200
80 134 37190.800
80 135 50869.950
80 136 35367.700
80 137 6100.600
80 138 7141.600
80 139 35134.900
80 140 6656.800
80 141 43620.821
80 142 35755.700
80 143 7904.300
80 144 8734.100
80 145 25264.500
80 146 30658.300
80 147 19503.400
80 148 28132.900
80 149 24644.400
80 150 43966.564
80 151 31550.900
80 152 27805.500
80 153 23769.900
80 154 27093.200
80 155 32509.300
80 156 32805.551
80 157 54430.397
80 158 36558.000
80 159 47872.300
80 160 37575.200
80 161 40492.622
80 162 27914.383
80 163 26739.300
80 164 32223.900
80 165 25130.000
80 166 20845.400
80 167 24761.883
80 168 6501.600
80 169 5398.700
80 170 13571.000
80 171 34342.263
80 172 22419.400
80 173 4016.400
80 174 21225.900
80 175 31696.200
80 176 26729.448
80 177 8600.500
80 178 31741.200
80 179 29270.600
80 180 19311.600
80 181 32314.800
80 182 54783.607
80 183 36888.800
80 184 32894.200
80 185 29354.400
80 186 30308.900
80 187 3002.600
80 188 54042.479
80 189 27373.100
80 190 11279.300
80 191 38182.800
80 192 10122.900
80 193 20054.100
80 194 37167.100
80 195 26948.900
80 196 43521.643
80 197 33699.000
80 198 33071.700
80 199 12934.300
80 200 22167.300
81 0 17772.500
81 1 28400.924
81 2 16275.000
81 3 20497.900
81 4 21195.500
81 5 36438.400
81 6 10129.100
81 7 48476.666
81 8 30860.524
81 9 15033.500
81 10 33152.900
81 11 6250.900
81 12 35879.200
81 13 33420.000
81 14 19089.700
81 15 30922.471
81 16 26751.700
81 17 5463.200
81 18 40548.321
81 19 42847.500
81 20 30986.909
81 21 30922.476
81 22 29544.797
81 23 14997.000
81 24 16692.000
81 25 14443.000
81 26 32025.267
81 27 14692.300
81 28 41956.800
81 29 16315.500
81 30 30991.347
81 31 20234.500
81 32 41051.500
81 33 31600.726
81 34 27004.600
81 35 32851.700
81 36 31922.237
81 37 31025.326
81 38 31040.300
81 39 27338.800
81 40 27017.300
81 41 13919.400
81 42 39096.800
81 43 11242.700
81 44 26668.300
81 45 12586.109
81 46 9360.500
81 47 37714.300
81 48 31705.500
81 49 37617.700
81 50 26415.000
81 51 34992.300
81 52 30945.700
81 53 34331.400
81 54 23252.000
81 55 32263.900
81 56 33007.400
81 57 44569.547
81 58 3491.100
81 59 18038.200
81 60 45081.716
81 61 48906.909
81 62 31189.000
81 63 29535.291
81 64 9114.100
81 65 10249.900
81 66 18791.900
81 67 40560.534
81 68 7964.400
81 69 29031.500
81 70 16314.400
81 71 17296.600
81 72 21741.896
81 73 40895.593
81 74 17506.000
81 75 18055.800
81 76 16649.700
81 77 39733.300
81 78 9255.200
81 79 13567.800
81 80 27147.900
81 81 0.000
81 82 5611.900
81 83 13521.941
81 84 27713.400
81 85 12287.500
81 86 11392.300
81 87 42469.597
81 88 24054.324
81 89 33045.000
81 90 28930.100
81 91 44654.500
81 92 17152.300
81 93 29958.700
81 94 37596.200
81 95 30841.515
81 96 5947.900
81 97 15837.600
81 98 17624.200
81 99 18206.800
81 100 30972.999
81 101 37487.300
81 102 30537.700
81 103 22619.900
81 104 40904.700
81 105 12508.200
81 106 28388.600
81 107 38941.803
81 108 33366.700
81 109 30769.922
81 110 17020.000
81 111 33308.600
81 112 39435.111
81 113 36740.100
81 114 18637.985
81 115 30252.728
81 116 29512.553
81 117 30849.100
81 118 33035.300
81 119 23540.000
81 120 36617.300
81 121 34621.400
81 122 29672.200
81 123 39704.144
81 124 41443.000
81 125 12556.200
81 126 30984.217
81 127 46628.973
81 128 31173.600
81 129 33429.376
81 130 15403.600
81 131 18193.100
81 132 6323.300
81 133 9848.100
81 134 16082.000
81 135 27312.769
81 136 18496.500
81 137 32045.200
81 138 33086.100
81 139 7677.000
81 140 32601.300
81 141 45290.057
81 142 17036.900
81 143 17504.700
81 144 25219.100
81 145 3912.900
81 146 22219.200
81 147 11233.100
81 148 17928.100
81 149 30911.100
81 150 32774.930
81 151 22873.700
81 152 32563.100
81 153 28527.500
81 154 41407.500
81 155 5051.400
81 156 44931.565
81 157 30926.044
81 158 34840.900
81 159 43533.897
81 160 18856.400
81 161 44548.944
81 162 27957.057
81 163 11042.900
81 164 10658.200
81 165 12297.400
81 166 39188.700
81 167 15195.799
81 168 32446.100
81 169 31343.300
81 170 34395.900
81 171 53555.237
81 172 41008.200
81 173 29961.000
81 174 39569.100
81 175 12977.400
81 176 29105.753
81 177 26954.200
81 178 10175.400
81 179 19065.800
81 180 10416.900
81 181 4856.900
81 182 31234.946
81 183 15323.100
81 184 31177.100
81 185 5382.700
81 186 8743.200
81 187 28947.200
81 188 30505.282
81 189 10020.500
81 190 18831.100
81 191 18728.100
81 192 26607.900
81 193 38642.900
81 194 18448.300
81 195 2885.500
81 196 42860.995
81 197 33613.100
81 198 5613.800
81 199 21254.100
81 200 40756.100
82 0 23787.400
82 1 32789.488
82 2 12379.700
82 3 25966.500
82 4 26664.000
82 5 41906.900
82 6 15597.600
82 7 49583.861
82 8 34859.514
82 9 20502.000
82 10 38621.500
82 11 10406.200
82 12 41347.700
82 13 39434.900
82 14 24558.200
82 15 35573.384
82 16 32220.300
82 17 8718.700
82 18 43229.001
82 19 48862.400
82 20 35084.786
82 21 35572.490
82 22 33774.417
82 23 20465.600
82 24 12796.700
82 25 20457.800
82 26 36262.132
82 27 10797.000
82 28 47971.700
82 29 21784.000
82 30 35233.374
82 31 13835.000
82 32 47066.400
82 33 36162.247
82 34 33019.500
82 35 38866.600
82 36 36178.383
82 37 35567.144
82 38 36508.900
82 39 17048.000
82 40 33032.200
82 41 19388.000
82 42 45111.700
82 43 16711.200
82 44 32683.200
82 45 8076.664
82 46 11382.300
82 47 43182.800
82 48 37720.400
82 49 43086.200
82 50 31883.600
82 51 40460.800
82 52 36414.200
82 53 39800.000
82 54 28720.500
82 55 37732.400
82 56 20346.900
82 57 42088.333
82 58 7667.700
82 59 23506.800
82 60 42877.151
82 61 50802.039
82 62 18528.600
82 63 35018.722
82 64 5218.700
82 65 6354.600
82 66 24260.500
82 67 38285.356
82 68 4069.100
82 69 34500.000
82 70 21782.900
82 71 22765.200
82 72 16722.464
82 73 44074.646
82 74 22974.500
82 75 23524.300
82 76 22118.300
82 77 45748.100
82 78 14723.700
82 79 19036.300
82 80 33162.800
82 81 5671.600
82 82 0.000
82 83 9806.980
82 84 33181.900
82 85 17756.000
82 86 16860.900
82 87 45655.133
82 88 18356.194
82 89 38513.500
82 90 34398.600
82 91 50669.400
82 92 13257.000
82 93 35427.200
82 94 43611.100
82 95 35419.832
82 96 7239.500
82 97 21306.200
82 98 13728.800
82 99 23675.300
82 100 35619.504
82 101 43502.200
82 102 36006.200
82 103 28088.400
82 104 46373.300
82 105 17976.800
82 106 33857.200
82 107 36344.154
82 108 38835.300
82 109 35381.206
82 110 22488.500
82 111 38777.100
82 112 37002.701
82 113 42208.600
82 114 14717.122
82 115 34534.481
82 116 33740.878
82 117 36317.700
82 118 39050.200
82 119 29008.500
82 120 42632.200
82 121 40089.900
82 122 19659.800
82 123 42210.075
82 124 47457.800
82 125 18024.800
82 126 35629.919
82 127 48308.096
82 128 36642.100
82 129 38294.312
82 130 11508.200
82 131 23661.600
82 132 9033.900
82 133 5952.700
82 134 21550.600
82 135 31729.242
82 136 23965.100
82 137 38060.100
82 138 39101.000
82 139 11832.300
82 140 38616.200
82 141 47903.323
82 142 22505.400
82 143 13609.300
82 144 31234.000
82 145 7169.000
82 146 27687.800
82 147 17248.000
82 148 23396.600
82 149 36926.000
82 150 37573.237
82 151 28342.200
82 152 38031.600
82 153 33996.100
82 154 47422.400
82 155 2838.400
82 156 45127.876
82 157 35578.442
82 158 40309.500
82 159 47325.051
82 160 24324.900
82 161 46625.121
82 162 22753.483
82 163 16511.400
82 164 16126.700
82 165 18105.400
82 166 45203.500
82 167 10842.796
82 168 38461.000
82 169 37358.200
82 170 40410.800
82 171 51940.091
82 172 47023.100
82 173 35975.900
82 174 45584.000
82 175 18445.900
82 176 23696.283
82 177 32969.100
82 178 15643.900
82 179 24534.300
82 180 16431.800
82 181 1798.800
82 182 35466.644
82 183 20791.600
82 184 36645.600
82 185 3036.900
82 186 14211.700
82 187 34962.100
82 188 34673.855
82 189 15489.000
82 190 24845.900
82 191 24196.600
82 192 32622.800
82 193 44657.800
82 194 23916.800
82 195 5439.000
82 196 45904.165
82 197 39081.600
82 198 4310.900
82 199 27269.000
82 200 46771.000
83 0 26698.207
83 1 32993.397
83 2 17774.096
83 3 33868.772
83 4 40161.453
83 5 52587.763
83 6 17517.452
83 7 59128.588
83 8 34016.467
83 9 31516.472
83 10 47666.058
83 11 14867.827
83 12 50627.722
83 13 28897.186
83 14 35608.331
83 15 36300.718
83 16 41844.044
83 17 15119.588
83 18 53028.590
83 19 47836.455
83 20 34456.015
83 21 36297.428
83 22 33531.966
83 23 32271.247
83 24 15804.030
83 25 25785.414
83 26 35898.229
83 27 14531.005
83 28 50556.519
83 29 29008.768
83 30 34936.898
83 31 13667.149
83 32 47596.072
83 33 45122.348
83 34 33509.116
83 35 42197.111
83 36 35865.377
83 37 44546.163
83 38 45629.254
83 39 21102.526
83 40 29618.550
83 41 21081.736
83 42 45445.104
83 43 16431.433
83 44 32565.392
83 45 2568.365
83 46 3368.034
83 47 53341.983
83 48 30384.804
83 49 53990.435
83 50 39829.267
83 51 53224.845
83 52 45658.774
83 53 50575.240
83 54 37430.643
83 55 47447.606
83 56 23543.127
83 57 48820.347
83 58 16050.988
83 59 35808.052
83 60 49945.854
83 61 60556.221
83 62 21851.979
83 63 42372.847
83 64 10484.418
83 65 12151.915
83 66 35689.363
83 67 45367.018
83 68 9129.199
83 69 44678.665
83 70 19272.562
83 71 34229.772
83 72 9342.469
83 73 53802.451
83 74 30505.838
83 75 31105.579
83 76 28293.119
83 77 49431.344
83 78 20567.472
83 79 30267.958
83 80 25640.026
83 81 13521.941
83 82 9806.980
83 83 0.000
83 84 41005.667
83 85 23015.794
83 86 20335.438
83 87 55383.124
83 88 15737.306
83 89 46869.996
83 90 42340.324
83 91 51222.752
83 92 19134.575
83 93 41633.919
83 94 48473.200
83 95 44363.374
83 96 17157.550
83 97 28401.761
83 98 18350.906
83 99 33709.212
83 100 36332.552
83 101 41096.717
83 102 46478.790
83 103 35798.642
83 104 53748.837
83 105 20040.626
83 106 43230.245
83 107 43063.904
83 108 46310.867
83 109 44291.683
83 110 33963.914
83 111 48476.556
83 112 43920.104
83 113 51125.891
83 114 5117.313
83 115 34373.005
83 116 33497.349
83 117 43511.237
83 118 32920.994
83 119 36244.753
83 120 31787.709
83 121 50903.424
83 122 22472.783
83 123 52016.570
83 124 47342.841
83 125 26909.054
83 126 36340.264
83 127 58023.696
83 128 45803.256
83 129 46906.959
83 130 15214.408
83 131 35103.056
83 132 14152.981
83 133 9103.999
83 134 25630.649
83 135 32070.129
83 136 36990.558
83 137 30865.990
83 138 28359.326
83 139 14266.176
83 140 31910.834
83 141 57707.931
83 142 35548.665
83 143 17785.638
83 144 31565.700
83 145 16751.216
83 146 38226.685
83 147 21104.403
83 148 29582.334
83 149 41994.202
83 150 46272.363
83 151 39105.075
83 152 44679.779
83 153 41689.552
83 154 50932.554
83 155 9923.138
83 156 54269.473
83 157 36309.555
83 158 50487.014
83 159 56841.840
83 160 29305.820
83 161 56409.121
83 162 15636.374
83 163 25092.866
83 164 19886.766
83 165 26979.577
83 166 45542.227
83 167 2370.108
83 168 32072.097
83 169 28714.165
83 170 39312.620
83 171 59546.494
83 172 47050.611
83 173 28976.021
83 174 45602.498
83 175 28284.568
83 176 17452.926
83 177 32781.050
83 178 19735.553
83 179 28085.872
83 180 20394.773
83 181 11415.001
83 182 35132.600
83 183 20437.136
83 184 47009.129
83 185 11826.830
83 186 18515.305
83 187 26571.728
83 188 34233.892
83 189 25511.790
83 190 25208.870
83 191 36413.470
83 192 32320.050
83 193 44433.859
83 194 28558.745
83 195 14614.224
83 196 55661.543
83 197 49500.466
83 198 8112.437
83 199 29945.163
83 200 44702.731
84 0 15435.300
84 1 53003.646
84 2 37239.700
84 3 7680.300
84 4 21044.300
84 5 21783.900
84 6 31641.800
84 7 18172.263
84 8 56510.926
84 9 27321.700
84 10 7730.100
84 11 33157.800
84 12 18384.200
84 13 27069.300
84 14 25631.200
84 15 54072.275
84 16 16630.400
84 17 26839.400
84 18 15784.506
84 19 18180.200
84 20 56307.478
84 21 54076.521
84 22 54579.959
84 23 27285.300
84 24 42668.600
84 25 15329.200
84 26 56752.335
84 27 38094.100
84 28 17289.500
84 29 12693.800
84 30 55814.939
84 31 40803.200
84 32 19551.900
84 33 23994.554
84 34 16293.200
84 35 11568.400
84 36 56590.060
84 37 23553.199
84 38 6017.900
84 39 26692.600
84 40 21490.600
84 41 35432.200
84 42 17351.500
84 43 32755.400
84 44 18341.600
84 45 38832.536
84 46 36267.400
84 47 22516.600
84 48 21100.900
84 49 20122.700
84 50 1434.900
84 51 17497.300
84 52 5339.300
84 53 16836.500
84 54 17180.000
84 55 14768.900
84 56 28676.700
84 57 25675.322
84 58 27348.100
84 59 24579.700
84 60 24537.020
84 61 20054.249
84 62 26858.300
84 63 33538.600
84 64 32429.500
84 65 33670.500
84 66 25333.500
84 67 21832.563
84 68 31227.600
84 69 11536.500
84 70 37827.100
84 71 26805.100
84 72 45213.830
84 73 18986.492
84 74 12033.200
84 75 10428.900
84 76 12640.400
84 77 15066.000
84 78 30767.900
84 79 25287.500
84 80 22854.000
84 81 27916.200
84 82 32518.800
84 83 41005.667
84 84 0.000
84 85 29880.900
84 86 32905.100
84 87 20236.770
84 88 40789.983
84 89 7244.100
84 90 15326.900
84 91 19987.200
84 92 37208.300
84 93 16576.600
84 94 12929.000
84 95 23794.175
84 96 27212.800
84 97 13941.000
84 98 26806.800
84 99 25531.500
84 100 54136.528
84 101 15742.000
84 102 13042.700
84 103 5737.500
84 104 23409.800
84 105 34021.000
84 106 13732.600
84 107 22698.551
84 108 8256.900
84 109 24057.446
84 110 27847.000
84 111 17421.800
84 112 22035.163
84 113 19245.100
84 114 45479.697
84 115 55018.305
84 116 54556.041
84 117 5739.300
84 118 23059.600
84 119 4636.700
84 120 25959.800
84 121 19966.900
84 122 25341.600
84 123 14177.407
84 124 19697.600
84 125 24129.400
84 126 54149.965
84 127 17268.876
84 128 13678.600
84 129 27842.772
84 130 38805.300
84 131 24734.600
84 132 27699.500
84 133 33078.700
84 134 30191.800
84 135 51959.264
84 136 22454.500
84 137 21733.600
84 138 26735.400
84 139 34583.900
84 140 21996.800
84 141 19437.802
84 142 24825.600
84 143 27680.600
84 144 16130.500
84 145 25337.700
84 146 17745.100
84 147 20116.700
84 148 17683.800
84 149 6243.800
84 150 26813.705
84 151 16929.200
84 152 7453.200
84 153 1477.600
84 154 16740.300
84 155 31958.300
84 156 15064.375
84 157 54068.331
84 158 17345.900
84 159 25124.133
84 160 30576.100
84 161 16489.971
84 162 49611.860
84 163 19740.300
84 164 32170.900
84 165 18130.900
84 166 14521.400
84 167 41452.677
84 168 18958.100
84 169 20905.900
84 170 14314.500
84 171 28610.481
84 172 18566.300
84 173 20334.200
84 174 14901.800
84 175 24697.100
84 176 49138.536
84 177 17406.500
84 178 31688.200
84 179 18821.600
84 180 19097.700
84 181 31763.800
84 182 56068.175
84 183 36835.800
84 184 13682.100
84 185 30140.000
84 186 30255.900
84 187 25320.000
84 188 55640.790
84 189 20374.000
84 190 14334.100
84 191 25269.600
84 192 14741.700
84 193 16897.600
84 194 30168.000
84 195 27022.100
84 196 19688.397
84 197 11473.400
84 198 32520.700
84 199 10385.200
84 200 19010.800
85 0 21942.400
85 1 19411.151
85 2 25003.700
85 3 24373.800
85 4 22048.600
85 5 36873.400
85 6 6456.700
85 7 50520.852
85 8 22731.719
85 9 14342.200
85 10 35715.200
85 11 17984.200
85 12 36314.300
85 13 37589.800
85 14 19942.800
85 15 21076.967
85 16 27186.800
85 17 14625.500
85 18 39479.555
85 19 46209.000
85 20 22590.127
85 21 21079.317
85 22 20901.942
85 23 14305.800
85 24 30140.500
85 25 18612.800
85 26 23199.624
85 27 25858.100
85 28 45318.300
85 29 20701.700
85 30 22215.919
85 31 28275.200
85 32 45221.300
85 33 25784.671
85 34 31174.400
85 35 37021.500
85 36 23052.691
85 37 25328.562
85 38 33602.600
85 39 31508.600
85 40 31187.100
85 41 5386.200
85 42 43266.600
85 43 7570.300
85 44 30838.100
85 45 23020.342
85 46 21093.800
85 47 38149.300
85 48 35875.300
85 49 38052.700
85 50 29333.900
85 51 35427.400
85 52 33864.600
85 53 34766.500
85 54 23687.000
85 55 32699.000
85 56 37177.200
85 57 53015.906
85 58 12174.500
85 59 18891.300
85 60 53106.970
85 61 49241.515
85 62 35358.800
85 63 19873.071
85 64 19901.400
85 65 21142.400
85 66 19645.100
85 67 48820.540
85 68 18699.600
85 69 29466.600
85 70 11480.700
85 71 13149.500
85 72 32180.653
85 73 38548.136
85 74 19921.700
85 75 21199.500
85 76 22094.000
85 77 43094.700
85 78 5969.600
85 79 12753.700
85 80 31317.700
85 81 12742.600
85 82 17345.200
85 83 23015.794
85 84 30632.300
85 85 0.000
85 86 6558.600
85 87 40015.398
85 88 35760.360
85 89 35607.300
85 90 29365.100
85 91 48016.000
85 92 24972.300
85 93 30393.700
85 94 40957.700
85 95 25031.300
85 96 14976.900
85 97 18062.900
85 98 25444.100
85 99 16395.500
85 100 21136.620
85 101 41657.100
85 102 30972.700
85 103 26495.800
85 104 41339.800
85 105 5306.500
85 106 28823.700
85 107 47707.175
85 108 36285.600
85 109 24847.562
85 110 12872.800
85 111 33743.700
85 112 47954.828
85 113 37175.100
85 114 27740.130
85 115 21420.758
85 116 20875.560
85 117 33768.000
85 118 37205.100
85 119 27415.900
85 120 40787.100
85 121 35056.500
85 122 33842.000
85 123 39110.257
85 124 45612.800
85 125 7644.600
85 126 21149.406
85 127 47540.933
85 128 31608.700
85 129 26360.703
85 130 26569.400
85 131 19046.200
85 132 15485.700
85 133 20550.600
85 134 2329.700
85 135 18330.437
85 136 19349.700
85 137 36215.000
85 138 37255.900
85 139 19410.300
85 140 36771.100
85 141 44123.851
85 142 14112.300
85 143 27176.700
85 144 29388.900
85 145 12807.200
85 146 22654.300
85 147 15402.900
85 148 18363.100
85 149 34272.600
85 150 26003.864
85 151 23308.800
85 152 35482.000
85 153 31446.400
85 154 44769.000
85 155 16784.700
85 156 48922.515
85 157 21076.495
85 158 35276.000
85 159 39375.685
85 160 6614.800
85 161 44678.255
85 162 38519.936
85 163 11477.900
85 164 2774.200
85 165 12732.400
85 166 42550.100
85 167 25182.384
85 168 36615.900
85 169 35513.100
85 170 38565.700
85 171 60442.407
85 172 45178.000
85 173 34130.800
85 174 42930.600
85 175 10469.400
85 176 40036.993
85 177 31124.000
85 178 5353.300
85 179 19500.800
85 180 14586.700
85 181 16590.200
85 182 22471.076
85 183 6380.800
85 184 31612.200
85 185 17360.200
85 186 5348.800
85 187 33117.000
85 188 21956.083
85 189 10455.600
85 190 23000.900
85 191 19581.200
85 192 30777.700
85 193 42812.800
85 194 5768.800
85 195 14863.100
85 196 40752.877
85 197 36175.300
85 198 17347.100
85 199 25423.900
85 200 44925.900
86 0 22479.100
86 1 19251.459
86 2 25540.500
86 3 25675.800
86 4 25987.900
86 5 41616.300
86 6 2867.000
86 7 51986.830
86 8 22257.748
86 9 18281.500
86 10 38330.800
86 11 18521.000
86 12 41057.100
86 13 38126.600
86 14 23882.100
86 15 21347.732
86 16 31929.600
86 17 15162.300
86 18 41471.332
86 19 47554.000
86 20 22220.059
86 21 21348.891
86 22 20611.434
86 23 18245.100
86 24 30677.300
86 25 19149.500
86 26 23013.994
86 27 26394.800
86 28 46663.300
86 29 21493.300
86 30 21997.984
86 31 28811.900
86 32 45758.100
86 33 28390.387
86 34 31711.100
86 35 37558.300
86 36 22884.282
86 37 27916.151
86 38 36218.200
86 39 32045.400
86 40 31723.900
86 41 3770.800
86 42 43803.300
86 43 3980.700
86 44 31374.900
86 45 20477.092
86 46 21630.600
86 47 42892.200
86 48 36412.100
86 49 42795.500
86 50 31592.900
86 51 40170.200
86 52 36123.600
86 53 39509.300
86 54 28429.800
86 55 37441.800
86 56 37713.900
86 57 52898.172
86 58 12711.300
86 59 22830.600
86 60 53119.093
86 61 51033.940
86 62 35895.500
86 63 22733.353
86 64 20438.200
86 65 21679.200
86 66 23584.300
86 67 48745.676
86 68 19236.300
86 69 34209.400
86 70 7891.100
86 71 17088.800
86 72 29568.286
86 73 40746.815
86 74 22683.900
86 75 23233.700
86 76 21827.600
86 77 44439.800
86 78 5702.800
86 79 16693.000
86 80 31854.400
86 81 13279.300
86 82 17881.900
86 83 20335.438
86 84 32891.200
86 85 6558.600
86 86 0.000
86 87 42239.034
86 88 33542.445
86 89 38222.900
86 90 34107.900
86 91 49361.100
86 92 25509.000
86 93 35136.500
86 94 42302.800
86 95 27630.756
86 96 15513.600
86 97 21015.500
86 98 25980.900
86 99 20334.800
86 100 21403.190
86 101 42193.900
86 102 35715.600
86 103 27797.800
86 104 46082.600
86 105 2359.600
86 106 33566.500
86 107 47469.310
86 108 38544.600
86 109 27459.410
86 110 16812.100
86 111 38486.500
86 112 47796.060
86 113 41918.000
86 114 24983.686
86 115 21217.609
86 116 20582.227
86 117 36027.000
86 118 37741.800
86 119 29372.400
86 120 41323.900
86 121 39799.300
86 122 34378.800
86 123 41016.052
86 124 46149.500
86 125 11701.600
86 126 21415.279
86 127 49216.643
86 128 36351.500
86 129 29104.706
86 130 27106.100
86 131 22985.500
86 132 16022.400
86 133 21087.400
86 134 7070.000
86 135 18151.603
86 136 23289.000
86 137 36751.700
86 138 37792.700
86 139 10622.100
86 140 37307.900
86 141 46158.316
86 142 18051.600
86 143 27713.400
86 144 29925.700
86 145 13344.000
86 146 27397.100
86 147 15939.700
86 148 23105.900
86 149 35617.600
86 150 28717.558
86 151 28051.600
86 152 37741.000
86 153 33705.400
86 154 46114.100
86 155 17321.400
86 156 49961.637
86 157 21349.347
86 158 40018.800
86 159 41844.183
86 160 11083.600
86 161 46486.298
86 162 35905.679
86 163 16220.800
86 164 4929.300
86 165 17475.300
86 166 43895.200
86 167 22544.287
86 168 37152.700
86 169 36049.900
86 170 39102.400
86 171 60805.279
86 172 45714.800
86 173 34667.500
86 174 44275.600
86 175 14408.700
86 176 37497.643
86 177 31660.700
86 178 1361.400
86 179 24243.700
86 180 15123.400
86 181 17126.900
86 182 22251.166
86 183 5174.400
86 184 36355.000
86 185 17897.000
86 186 4525.800
86 187 33653.700
86 188 21640.186
86 189 15198.400
86 190 23537.600
86 191 23520.500
86 192 31314.500
86 193 43349.500
86 194 9975.500
86 195 15399.800
86 196 42925.554
86 197 38790.900
86 198 17883.800
86 199 25960.700
86 200 45462.600
87 0 30205.445
87 1 55918.534
87 2 46999.952
87 3 23542.265
87 4 19810.525
87 5 6658.797
87 6 43211.233
87 7 19010.074
87 8 59816.664
87 9 27814.712
87 10 14682.960
87 11 45296.132
87 12 6139.562
87 13 49942.305
87 14 22940.246
87 15 55677.745
87 16 14619.247
87 17 40486.100
87 18 4941.906
87 19 34371.842
87 20 59352.336
87 21 55684.592
87 22 57617.136
87 23 26878.312
87 24 51403.732
87 25 30584.210
87 26 59234.710
87 27 49153.224
87 28 33992.061
87 29 26625.168
87 30 58504.146
87 31 52152.736
87 32 36833.032
87 33 16404.676
87 34 37442.343
87 35 30979.125
87 36 59044.496
87 37 16525.277
87 38 14377.363
87 39 47832.460
87 40 38676.616
87 41 44528.911
87 42 36162.280
87 43 44372.126
87 44 37162.905
87 45 53713.156
87 46 52027.857
87 47 6607.996
87 48 44178.269
87 49 1874.514
87 50 20214.355
87 51 2159.051
87 52 16701.761
87 53 5183.393
87 54 19201.305
87 55 7957.275
87 56 50657.078
87 57 43549.034
87 58 39457.572
87 59 24246.127
87 60 41820.852
87 61 13211.556
87 62 49024.150
87 63 28406.472
87 64 46761.391
87 65 43308.848
87 66 23623.221
87 67 40356.781
87 68 47143.877
87 69 10743.169
87 70 49413.411
87 71 27538.733
87 72 61607.059
87 73 1580.722
87 74 25041.364
87 75 24677.797
87 76 27860.166
87 77 31653.870
87 78 41544.970
87 79 29500.780
87 80 43869.370
87 81 42469.597
87 82 45655.133
87 83 55383.124
87 84 20236.770
87 85 40015.398
87 86 42239.034
87 87 0.000
87 88 58963.610
87 89 14468.451
87 90 13650.843
87 91 33391.579
87 92 45238.535
87 93 14086.860
87 94 29398.673
87 95 16914.125
87 96 38477.619
87 97 27042.545
87 98 46365.858
87 99 25677.204
87 100 55742.475
87 101 38300.921
87 102 8919.513
87 103 22783.475
87 104 5285.227
87 105 44119.274
87 106 12159.120
87 107 41885.009
87 108 18638.478
87 109 17222.152
87 110 27176.569
87 111 7599.548
87 112 40976.879
87 113 6364.153
87 114 60370.049
87 115 57769.769
87 116 57603.540
87 117 20286.853
87 118 43840.027
87 119 23710.350
87 120 48014.596
87 121 7704.306
87 122 46866.839
87 123 6621.818
87 124 39158.835
87 125 32197.394
87 126 55755.514
87 127 13817.680
87 128 9638.407
87 129 18805.926
87 130 48797.168
87 131 24316.216
87 132 41514.880
87 133 48661.219
87 134 40050.237
87 135 55072.571
87 136 23602.067
87 137 45031.497
87 138 49335.438
87 139 47647.714
87 140 44705.426
87 141 5861.244
87 142 26060.748
87 143 48553.724
87 144 37228.664
87 145 38799.384
87 146 18976.332
87 147 34636.638
87 148 26737.717
87 149 24646.044
87 150 18228.973
87 151 18393.260
87 152 20762.631
87 153 18840.183
87 154 32250.176
87 155 45489.003
87 156 24568.618
87 157 55668.628
87 158 5659.338
87 159 6166.664
87 160 35941.854
87 161 9960.565
87 162 66840.330
87 163 31238.987
87 164 41120.278
87 165 28948.686
87 166 31179.450
87 167 56478.180
87 168 42024.253
87 169 40748.927
87 170 35964.850
87 171 41985.220
87 172 34695.104
87 173 41967.835
87 174 32109.925
87 175 30236.034
87 176 66856.998
87 177 38006.572
87 178 41831.671
87 179 27763.199
87 180 35314.839
87 181 43996.338
87 182 58731.058
87 183 46392.857
87 184 8467.872
87 185 43754.989
87 186 40426.808
87 187 46953.548
87 188 58615.967
87 189 31106.615
87 190 34229.181
87 191 23504.758
87 192 35773.942
87 193 37005.611
87 194 37200.926
87 195 40831.752
87 196 1356.181
87 197 12873.781
87 198 47275.688
87 199 30337.189
87 200 38859.358
88 0 28839.858
88 1 48533.513
88 2 12142.426
88 3 35474.454
88 4 48051.605
88 5 57879.457
88 6 30660.810
88 7 57549.460
88 8 49719.799
88 9 40747.277
88 10 47899.261
88 11 28443.658
88 12 55448.859
88 13 17509.204
88 14 43654.706
88 15 51742.141
88 16 47644.312
88 17 21230.164
88 18 55506.226
88 19 41504.854
88 20 50139.307
88 21 51739.450
88 22 49158.223
88 23 41258.772
88 24 7629.404
88 25 28677.330
88 26 51554.434
88 27 9851.501
88 28 44342.146
88 29 33029.345
88 30 50578.956
88 31 6912.049
88 32 40476.884
88 33 52633.077
88 34 27402.138
88 35 37374.949
88 36 51514.270
88 37 52018.177
88 38 46488.887
88 39 12727.051
88 40 23911.129
88 41 35096.904
88 42 38573.013
88 43 29887.402
88 44 26815.249
88 45 14107.559
88 46 16121.700
88 47 58657.941
88 48 21610.996
88 49 57957.701
88 50 40076.063
88 51 56870.232
88 52 45585.424
88 53 54873.752
88 54 43952.418
88 55 51522.450
88 56 12453.310
88 57 39644.831
88 58 24594.311
88 59 44552.289
88 60 41335.989
88 61 60757.836
88 62 12303.714
88 63 53088.042
88 64 14567.503
88 65 19815.209
88 66 44111.269
88 67 37107.446
88 68 15552.628
88 69 48463.055
88 70 34342.985
88 71 44006.181
88 72 9389.611
88 73 57437.956
88 74 34650.043
88 75 34666.065
88 76 31376.066
88 77 43944.333
88 78 33540.720
88 79 39974.924
88 80 18194.779
88 81 24054.324
88 82 18356.194
88 83 15737.306
88 84 40789.983
88 85 35760.360
88 86 33542.445
88 87 58963.610
88 88 0.000
88 89 47357.116
88 90 47685.388
88 91 45200.428
88 92 14032.678
88 93 46750.999
88 94 43727.045
88 95 51941.114
88 96 22696.825
88 97 33111.881
88 98 12842.652
88 99 42541.152
88 100 51777.902
88 101 33660.163
88 102 50582.746
88 103 36597.497
88 104 58719.028
88 105 33860.098
88 106 47243.921
88 107 34301.552
88 108 45388.442
88 109 51963.041
88 110 43541.075
88 111 53215.347
88 112 35458.279
88 113 56147.556
88 114 14891.800
88 115 49990.863
88 116 49123.579
88 117 42548.139
88 118 23952.935
88 119 36215.312
88 120 21073.024
88 121 56342.254
88 122 14214.240
88 123 54143.441
88 124 39481.529
88 125 36965.345
88 126 51786.366
88 127 57854.027
88 128 50095.644
88 129 55272.515
88 130 10169.162
88 131 43686.399
88 132 20299.663
88 133 13081.434
88 134 38661.079
88 135 47572.922
88 136 45737.972
88 137 21605.055
88 138 17308.930
88 139 28698.861
88 140 22668.884
88 141 59780.630
88 142 44992.408
88 143 10735.524
88 144 26049.183
88 145 25274.601
88 146 45046.241
88 147 25655.819
88 148 36986.063
88 149 39636.027
88 150 54443.658
88 151 45975.043
88 152 43282.535
88 153 41885.544
88 154 45256.175
88 155 19914.340
88 156 50925.327
88 157 51750.059
88 158 55033.993
88 159 61916.735
88 160 41383.457
88 161 57268.601
88 162 9835.638
88 163 33307.402
88 164 32559.595
88 165 34285.817
88 166 40351.063
88 167 13553.192
88 168 24061.661
88 169 22129.971
88 170 32912.503
88 171 51543.550
88 172 40626.902
88 173 21644.930
88 174 40091.006
88 175 37703.843
88 176 8552.202
88 177 26564.265
88 178 32688.955
88 179 35080.427
88 180 25133.444
88 181 19718.907
88 182 50781.099
88 183 34902.828
88 184 51294.032
88 185 19013.198
88 186 30456.296
88 187 17043.852
88 188 49892.874
88 189 33976.541
88 190 24825.330
88 191 44981.329
88 192 27337.862
88 193 37305.721
88 194 40962.267
88 195 23242.524
88 196 58878.636
88 197 50018.374
88 198 18135.850
88 199 29182.714
88 200 36942.466
89 0 20388.000
89 1 55807.159
89 2 42676.200
89 3 14110.600
89 4 25480.100
89 5 15968.300
89 6 36594.500
89 7 13279.212
89 8 59480.059
89 9 31753.500
89 10 1704.000
89 11 38110.500
89 12 12568.700
89 13 34079.900
89 14 30063.100
89 15 56490.628
89 16 19666.500
89 17 31277.700
89 18 9679.527
89 19 25190.800
89 20 59195.374
89 21 56495.737
89 22 57442.754
89 23 31717.100
89 24 47621.300
89 25 20281.900
89 26 59475.554
89 27 43530.600
89 28 24300.100
89 29 17455.000
89 30 58588.762
89 31 45755.900
89 32 26562.500
89 33 22238.528
89 34 23303.800
89 35 18579.000
89 36 59302.700
89 37 21933.457
89 38 2431.400
89 39 34715.000
89 40 28501.200
89 41 40384.900
89 42 24362.000
89 43 37708.100
89 44 25352.200
89 45 44796.836
89 46 41220.100
89 47 16701.000
89 48 28111.500
89 49 14307.100
89 50 8445.500
89 51 11681.800
89 52 3017.700
89 53 11020.900
89 54 21611.800
89 55 10600.900
89 56 36699.200
89 57 29409.285
89 58 32300.800
89 59 29011.600
89 60 27854.080
89 61 13726.905
89 62 34880.800
89 63 33261.245
89 64 37382.200
89 65 38623.200
89 66 29765.300
89 67 26019.797
89 68 36180.300
89 69 11085.400
89 70 42779.800
89 71 31236.900
89 72 51529.451
89 73 13444.429
89 74 16794.500
89 75 15381.600
89 76 17593.100
89 77 22076.600
89 78 35720.600
89 79 29719.300
89 80 30839.700
89 81 32868.900
89 82 37471.500
89 83 46869.996
89 84 7762.000
89 85 34312.700
89 86 37857.800
89 87 14468.451
89 88 47357.116
89 89 0.000
89 90 17101.400
89 91 26997.800
89 92 42644.700
89 93 16125.500
89 94 19939.500
89 95 22250.359
89 96 32649.300
89 97 18702.200
89 98 43116.600
89 99 29963.400
89 100 56555.964
89 101 22752.600
89 102 12591.600
89 103 11191.200
89 104 17594.200
89 105 38973.700
89 106 13281.500
89 107 27439.344
89 108 9926.200
89 109 22556.999
89 110 32278.900
89 111 11606.300
89 112 26562.601
89 113 13429.500
89 114 51492.001
89 115 57800.386
89 116 57421.638
89 117 7430.200
89 118 30070.100
89 119 11258.600
89 120 32970.300
89 121 14151.400
89 122 33364.000
89 123 7989.254
89 124 26708.200
89 125 28561.300
89 126 56569.475
89 127 11165.179
89 128 13227.500
89 129 25960.752
89 130 44241.800
89 131 29166.400
89 132 32137.800
89 133 38031.400
89 134 34623.600
89 135 54807.732
89 136 26886.300
89 137 28744.200
89 138 33746.000
89 139 39536.600
89 140 29007.300
89 141 12908.132
89 142 29257.400
89 143 44849.100
89 144 23141.000
89 145 30290.400
89 146 22176.900
89 147 25069.400
89 148 22115.700
89 149 13254.400
89 150 24998.466
89 151 23069.500
89 152 9122.500
89 153 6347.000
89 154 23750.800
89 155 36911.000
89 156 13375.480
89 157 56485.034
89 158 11530.400
89 159 19977.260
89 160 35007.900
89 161 9915.548
89 162 56077.488
89 163 24172.100
89 164 35983.500
89 165 22562.700
89 166 21532.000
89 167 47469.352
89 168 25968.700
89 169 27916.500
89 170 21325.100
89 171 29718.887
89 172 25576.900
89 173 27344.700
89 174 21912.400
89 175 29128.900
89 176 55668.188
89 177 24417.100
89 178 36500.100
89 179 23253.400
89 180 24050.400
89 181 36716.500
89 182 58837.333
89 183 41024.600
89 184 13231.000
89 185 33951.700
89 186 35208.600
89 187 32639.000
89 188 58498.989
89 189 24805.900
89 190 20159.900
89 191 29701.500
89 192 21752.200
89 193 23908.200
89 194 34599.800
89 195 31974.800
89 196 13705.624
89 197 4517.700
89 198 37473.400
89 199 16211.000
89 200 26021.300
90 0 19893.200
90 1 43295.445
90 2 36064.900
90 3 13125.800
90 4 10591.000
90 5 11243.200
90 6 30480.300
90 7 26411.195
90 8 47132.633
90 9 17710.200
90 10 18453.100
90 11 33269.300
90 12 10644.900
90 13 36127.900
90 14 16019.700
90 15 43466.379
90 16 1556.500
90 17 26119.300
90 18 13193.395
90 19 34950.700
90 20 46737.066
90 21 43472.441
90 22 44981.802
90 23 17673.700
90 24 41940.900
90 25 19787.100
90 26 46787.181
90 27 36919.200
90 28 34060.100
90 29 14322.700
90 30 45983.485
90 31 40075.500
90 32 36322.500
90 33 8069.895
90 34 28968.300
90 35 27835.500
90 36 46603.198
90 37 7639.656
90 38 15719.300
90 39 33731.000
90 40 28422.900
90 41 33418.600
90 42 33618.600
90 43 31593.900
90 44 28073.900
90 45 40853.381
90 46 36378.800
90 47 12519.100
90 48 34413.300
90 49 15587.100
90 50 15755.700
90 51 12961.700
90 52 17680.200
90 53 12300.800
90 54 5546.700
90 55 10233.300
90 56 35715.200
90 57 41561.404
90 58 27459.500
90 59 14968.200
90 60 40461.872
90 61 23476.369
90 62 33896.800
90 63 18657.977
90 64 31701.800
90 65 32942.800
90 66 15721.900
90 67 37632.105
90 68 30499.900
90 69 7000.900
90 70 36665.600
90 71 17193.600
90 72 49192.051
90 73 12134.031
90 74 13662.100
90 75 12682.500
90 76 17098.300
90 77 31836.500
90 78 30879.400
90 79 20618.000
90 80 29855.700
90 81 28027.600
90 82 32630.200
90 83 42340.324
90 84 17885.600
90 85 27701.400
90 86 31743.500
90 87 13650.843
90 88 47685.388
90 89 18345.200
90 90 0.000
90 91 36757.800
90 92 36033.400
90 93 2056.200
90 94 29699.500
90 95 7897.861
90 96 26038.000
90 97 15632.900
90 98 36505.300
90 99 15920.000
90 100 43531.945
90 101 32009.200
90 102 7221.100
90 103 15338.500
90 104 18874.100
90 105 32859.400
90 106 4855.100
90 107 38219.548
90 108 25027.400
90 109 8175.216
90 110 18235.500
90 111 8113.400
90 112 37691.263
90 113 10307.300
90 114 47404.174
90 115 45220.567
90 116 44965.049
90 117 18759.400
90 118 35734.600
90 119 17748.200
90 120 39325.200
90 121 9426.200
90 122 32380.100
90 123 13133.520
90 124 35964.800
90 125 21950.000
90 126 43545.321
90 127 22363.775
90 128 5438.900
90 129 11918.041
90 130 37630.500
90 131 15123.000
90 132 26979.400
90 133 32351.000
90 134 28012.300
90 135 42380.416
90 136 12842.900
90 137 34753.000
90 138 35794.000
90 139 34695.300
90 140 35309.200
90 141 17712.907
90 142 15214.000
90 143 38237.800
90 144 26624.700
90 145 24610.000
90 146 5701.400
90 147 22415.200
90 148 14305.500
90 149 23014.300
90 150 10890.347
90 151 6587.500
90 152 24223.800
90 153 16470.600
90 154 33510.800
90 155 32069.700
90 156 27996.574
90 157 43458.893
90 158 9461.500
90 159 14547.730
90 160 25824.700
90 161 18956.586
90 162 54769.988
90 163 17560.800
90 164 29372.200
90 165 15951.400
90 166 31291.900
90 167 43615.390
90 168 31633.100
90 169 34051.100
90 170 30581.700
90 171 43901.067
90 172 35336.800
90 173 32668.800
90 174 31672.400
90 175 20358.100
90 176 55090.004
90 177 30081.500
90 178 29888.800
90 179 15443.200
90 180 23555.600
90 181 31875.200
90 182 46221.369
90 183 34413.300
90 184 6798.000
90 185 29419.800
90 186 29094.300
90 187 31655.000
90 188 46011.661
90 189 18194.500
90 190 20755.700
90 191 15658.100
90 192 27416.700
90 193 33164.800
90 194 27988.500
90 195 26294.400
90 196 14299.483
90 197 18913.300
90 198 32632.100
90 199 19574.500
90 200 35277.900
91 0 29943.000
91 1 69729.295
91 2 37389.600
91 3 24241.500
91 4 40119.400
91 5 40948.200
91 6 47716.900
91 7 18514.434
91 8 72995.800
91 9 45809.700
91 10 27355.500
91 11 48385.800
91 12 37548.500
91 13 36016.500
91 14 44119.200
91 15 71177.273
91 16 35705.500
91 17 42075.900
91 18 28479.397
91 19 6473.900
91 20 72891.690
91 21 71180.662
91 22 71216.834
91 23 45773.200
91 24 37910.600
91 25 30557.100
91 26 73516.772
91 27 53330.500
91 28 2697.700
91 29 28011.400
91 30 72535.505
91 31 56031.200
91 32 7001.100
91 33 41805.572
91 34 20992.200
91 35 11688.400
91 36 73368.003
91 37 41422.986
91 38 25643.300
91 39 32481.000
91 40 26189.600
91 41 51507.300
91 42 8176.500
91 43 48830.500
91 44 23040.600
91 45 48715.257
91 46 51495.300
91 47 41680.900
91 48 25799.900
91 49 39287.000
91 50 20664.200
91 51 36661.600
91 52 24964.700
91 53 36000.700
91 54 35667.900
91 55 33933.200
91 56 34465.100
91 57 11292.223
91 58 42576.000
91 59 43067.700
91 60 9075.248
91 61 25138.433
91 62 32646.800
91 63 51819.941
91 64 47657.400
91 65 48898.400
91 66 43821.400
91 67 10011.322
91 68 46455.600
91 69 30700.800
91 70 53902.200
91 71 45293.100
91 72 52391.140
91 73 32745.537
91 74 27375.700
91 75 27818.200
91 76 27868.300
91 77 5156.300
91 78 46843.000
91 79 42485.000
91 80 28642.500
91 81 43144.100
91 82 47746.700
91 83 51222.752
91 84 20288.800
91 85 47078.300
91 86 48980.100
91 87 33391.579
91 88 45200.428
91 89 26869.500
91 90 34402.100
91 91 0.000
91 92 52444.700
91 93 35740.900
91 94 7143.500
91 95 41699.522
91 96 42449.300
91 97 29283.500
91 98 36909.200
91 99 44019.500
91 100 71239.785
91 101 12770.500
91 102 32207.000
91 103 21323.500
91 104 42574.000
91 105 50096.000
91 106 32896.900
91 107 12860.755
91 108 18081.900
91 109 41983.625
91 110 46335.000
91 111 36586.100
91 112 11514.070
91 113 38409.400
91 114 54666.686
91 115 71740.126
91 116 71190.042
91 117 18257.200
91 118 29694.000
91 119 19942.400
91 120 34818.800
91 121 39131.200
91 122 31130.000
91 123 26863.190
91 124 9408.200
91 125 41326.900
91 126 71253.002
91 127 22332.495
91 128 32842.900
91 129 45622.995
91 130 38335.600
91 131 43222.600
91 132 42936.000
91 133 48306.700
91 134 47389.200
91 135 68650.040
91 136 40942.500
91 137 26432.600
91 138 31434.400
91 139 49811.800
91 140 29853.900
91 141 29583.092
91 142 43313.600
91 143 35306.600
91 144 24919.700
91 145 41286.500
91 146 36233.100
91 147 35344.600
91 148 36046.700
91 149 14741.900
91 150 44620.059
91 151 36004.400
91 152 17410.600
91 153 21103.000
91 154 3094.400
91 155 47186.200
91 156 10006.641
91 157 71174.919
91 158 36510.200
91 159 39396.200
91 160 47773.600
91 161 24798.075
91 162 55001.653
91 163 36937.700
91 164 48246.000
91 165 35328.400
91 166 8406.400
91 167 50872.751
91 168 23657.000
91 169 25604.900
91 170 14279.300
91 171 10370.088
91 172 6549.500
91 173 25033.100
91 174 7567.800
91 175 41894.600
91 176 53641.336
91 177 22105.400
91 178 47763.200
91 179 37184.400
91 180 35333.700
91 181 46991.700
91 182 72790.658
91 183 52910.900
91 184 32846.400
91 185 45376.400
91 186 46331.000
91 187 30018.900
91 188 72268.389
91 189 37571.500
91 190 29880.800
91 191 43757.600
91 192 20491.500
91 193 9815.500
91 194 47365.500
91 195 42970.900
91 196 32305.430
91 197 23599.600
91 198 47748.600
91 199 25931.800
91 200 14268.800
92 0 25647.800
92 1 46240.869
92 2 2237.500
92 3 30123.700
92 4 33821.000
92 5 45110.000
92 6 23843.600
92 7 43707.228
92 8 48444.916
92 9 27659.000
92 10 42976.900
92 11 21931.300
92 12 44550.800
92 13 14526.100
92 14 31715.200
92 15 48874.875
92 16 35423.400
92 17 11803.500
92 18 41612.025
92 19 32068.600
92 20 48646.728
92 21 48874.623
92 22 47293.124
92 23 27622.500
92 24 5676.500
92 25 22318.200
92 26 49782.123
92 27 8429.400
92 28 49832.000
92 29 26445.500
92 30 48749.959
92 31 6755.400
92 32 31491.400
92 33 40507.157
92 34 19170.000
92 35 26603.400
92 36 49691.174
92 37 39892.157
92 38 40864.300
92 39 4659.200
92 40 16277.200
92 41 27634.000
92 42 29536.700
92 43 24957.200
92 44 17954.400
92 45 16566.434
92 46 19603.900
92 47 46385.900
92 48 14789.600
92 49 46289.300
92 50 36034.400
92 51 43663.900
92 52 40565.100
92 53 43003.100
92 54 31923.600
92 55 40935.500
92 56 7958.200
92 57 29686.003
92 58 17212.100
92 59 30663.700
92 60 30845.588
92 61 46736.834
92 62 6139.800
92 63 43147.958
92 64 9588.400
92 65 13086.300
92 66 31417.500
92 67 26284.780
92 68 10643.500
92 69 37703.100
92 70 30029.000
92 71 29922.100
92 72 19647.487
92 73 43739.748
92 74 28158.300
92 75 27122.000
92 76 25229.600
92 77 47608.500
92 78 22969.800
92 79 26193.300
92 80 10268.800
92 81 15844.600
92 82 13241.600
92 83 19134.575
92 84 37097.600
92 85 26002.100
92 86 25106.900
92 87 45238.535
92 88 14032.678
92 89 42868.900
92 90 37601.700
92 91 52529.700
92 92 0.000
92 93 38630.300
92 94 45471.400
92 95 39875.654
92 96 11405.600
92 97 25976.600
92 98 1340.100
92 99 30832.300
92 100 48924.187
92 101 27927.200
92 102 39209.300
92 103 32245.700
92 104 49576.400
92 105 26222.800
92 106 37060.300
92 107 23932.175
92 108 42751.000
92 109 39948.837
92 110 29645.500
92 111 41980.200
92 112 24808.681
92 113 45411.700
92 114 21959.638
92 115 48034.931
92 116 47259.989
92 117 40233.400
92 118 16119.400
92 119 32541.100
92 120 17800.200
92 121 43293.000
92 122 7271.000
92 123 40210.964
92 124 31882.800
92 125 25181.800
92 126 48935.183
92 127 43847.374
92 128 39845.200
92 129 43548.235
92 130 4547.900
92 131 30818.600
92 132 12338.800
92 133 11754.100
92 134 29796.600
92 135 45165.239
92 136 31122.100
92 137 15129.300
92 138 14977.800
92 139 23357.400
92 140 15685.400
92 141 45814.961
92 142 29662.400
92 143 3072.600
92 144 17762.700
92 145 15488.500
92 146 30890.800
92 147 19108.300
92 148 26599.700
92 149 38786.300
92 150 42631.012
92 151 31545.300
92 152 41947.400
92 153 37911.800
92 154 49282.800
92 155 14363.500
92 156 37460.023
92 157 48878.875
92 158 43512.600
92 159 48551.246
92 160 31481.900
92 161 43237.807
92 162 23128.982
92 163 21406.500
92 164 24372.700
92 165 20871.200
92 166 29874.100
92 167 18350.957
92 168 15530.200
92 169 14427.400
92 170 22599.700
92 171 40590.943
92 172 31448.100
92 173 13045.100
92 174 30254.500
92 175 25602.900
92 176 22433.615
92 177 17629.200
92 178 23890.000
92 179 27737.400
92 180 18292.100
92 181 13323.900
92 182 48987.310
92 183 29037.600
92 184 39848.700
92 185 13556.100
92 186 22457.700
92 187 10559.800
92 188 48214.512
92 189 22646.000
92 190 26706.300
92 191 31353.600
92 192 19151.500
92 193 29082.800
92 194 31073.800
92 195 15002.000
92 196 45081.755
92 197 43437.000
92 198 15687.000
92 199 29129.400
92 200 31195.900
93 0 19355.200
93 1 43379.501
93 2 37093.500
93 3 14335.200
93 4 11619.600
93 5 11216.000
93 6 31508.800
93 7 26031.640
93 8 47196.558
93 9 18738.800
93 10 17477.300
93 11 34297.800
93 12 10617.700
93 13 37337.200
93 14 17048.300
93 15 43638.486
93 16 3373.700
93 17 27147.900
93 18 13250.424
93 19 33974.900
93 20 46817.767
93 21 43644.382
93 22 45060.355
93 23 18702.300
93 24 42969.500
93 25 19249.100
93 26 46905.258
93 27 37947.800
93 28 33084.200
93 29 15580.400
93 30 46086.768
93 31 41104.100
93 32 35346.600
93 33 9047.121
93 34 30783.100
93 35 26859.700
93 36 46722.885
93 37 8592.219
93 38 14743.400
93 39 34940.400
93 40 29632.300
93 41 34447.200
93 42 32642.800
93 43 32622.500
93 44 32831.500
93 45 40106.873
93 46 37407.400
93 47 12491.900
93 48 35622.700
93 49 14611.200
93 50 14779.900
93 51 11985.800
93 52 16704.300
93 53 11325.000
93 54 6575.200
93 55 9257.400
93 56 36924.500
93 57 40569.902
93 58 28488.100
93 59 15996.800
93 60 39494.122
93 61 23374.584
93 62 35106.200
93 63 19308.286
93 64 32730.400
93 65 33971.400
93 66 16750.500
93 67 36624.348
93 68 31528.500
93 69 6025.000
93 70 37694.200
93 71 18222.200
93 72 48377.893
93 73 12540.709
93 74 14919.800
93 75 13940.200
93 76 16560.300
93 77 30860.700
93 78 31908.000
93 79 21646.600
93 80 31065.100
93 81 29056.200
93 82 33658.800
93 83 41633.919
93 84 16909.700
93 85 28730.000
93 86 32772.100
93 87 14086.860
93 88 46750.999
93 89 17369.300
93 90 2056.200
93 91 35781.900
93 92 37062.000
93 93 0.000
93 94 28723.600
93 95 8831.405
93 96 27066.600
93 97 16231.800
93 98 37533.900
93 99 16948.600
93 100 43704.098
93 101 31033.300
93 102 6245.300
93 103 16705.000
93 104 17898.300
93 105 33888.000
93 106 3879.300
93 107 37185.039
93 108 24051.500
93 109 9096.986
93 110 19264.100
93 111 7295.700
93 112 36667.322
93 113 10280.100
93 114 46683.543
93 115 45318.608
93 116 45042.883
93 117 17783.500
93 118 37549.400
93 119 16772.400
93 120 40534.500
93 121 9399.000
93 122 33589.400
93 123 13051.515
93 124 34988.900
93 125 22978.500
93 126 43717.517
93 127 22129.474
93 128 4463.000
93 129 12892.540
93 130 38659.100
93 131 16151.600
93 132 28008.000
93 133 33379.600
93 134 29040.900
93 135 42449.432
93 136 13871.500
93 137 35962.400
93 138 37003.300
93 139 35723.900
93 140 36518.500
93 141 17861.573
93 142 16242.600
93 143 39266.400
93 144 27834.100
93 145 25638.600
93 146 6730.000
93 147 24036.600
93 148 15334.100
93 149 22038.500
93 150 11859.234
93 151 7616.100
93 152 23247.900
93 153 15494.700
93 154 32534.900
93 155 33098.300
93 156 27323.909
93 157 43631.336
93 158 11834.500
93 159 15350.977
93 160 26853.300
93 161 18826.611
93 162 53915.516
93 163 18589.400
93 164 30400.800
93 165 16980.000
93 166 30316.100
93 167 42871.434
93 168 33448.000
93 169 35260.500
93 170 29605.800
93 171 43067.611
93 172 34361.000
93 173 33878.200
93 174 30696.500
93 175 21386.700
93 176 54203.511
93 177 31896.400
93 178 30917.300
93 179 16471.800
93 180 23017.600
93 181 32903.800
93 182 46326.731
93 183 35441.800
93 184 5822.100
93 185 30448.400
93 186 30122.900
93 187 32864.400
93 188 46095.937
93 189 19223.100
93 190 21965.000
93 191 16686.700
93 192 29231.600
93 193 32188.900
93 194 29017.100
93 195 27323.000
93 196 14649.641
93 197 17937.400
93 198 33660.700
93 199 21724.800
93 200 34302.000
94 0 22884.700
94 1 65586.766
94 2 35775.500
94 3 17183.200
94 4 33061.100
94 5 33889.900
94 6 40658.600
94 7 16327.511
94 8 68915.719
94 9 38751.400
94 10 20297.200
94 11 41327.500
94 12 30490.200
94 13 26238.800
94 14 37060.900
94 15 66944.118
94 16 28647.300
94 17 35017.600
94 18 24459.265
94 19 5336.500
94 20 68787.508
94 21 66947.722
94 22 67097.696
94 23 38714.900
94 24 50838.200
94 25 23498.800
94 26 69369.648
94 27 46272.300
94 28 4445.800
94 29 20953.200
94 30 68397.856
94 31 48972.900
94 32 6708.200
94 33 37241.652
94 34 15462.700
94 35 6158.800
94 36 69217.412
94 37 36853.346
94 38 18585.000
94 39 26951.500
94 40 20660.100
94 41 44449.000
94 42 7271.500
94 43 41772.200
94 44 17511.100
94 45 46015.207
94 46 44437.100
94 47 34622.600
94 48 20270.400
94 49 32228.700
94 50 13605.900
94 51 29603.300
94 52 17906.400
94 53 28942.400
94 54 28609.600
94 55 26874.900
94 56 28935.600
94 57 14297.355
94 58 35517.800
94 59 36009.400
94 60 12437.684
94 61 22333.590
94 62 27117.300
94 63 47234.358
94 64 40599.200
94 65 41840.100
94 66 36763.100
94 67 11758.827
94 68 39397.300
94 69 23642.500
94 70 46843.900
94 71 38234.800
94 72 50354.185
94 73 28653.088
94 74 20317.500
94 75 20759.900
94 76 20810.000
94 77 2222.300
94 78 39784.700
94 79 35426.700
94 80 23113.000
94 81 36085.800
94 82 40688.400
94 83 48473.200
94 84 13230.500
94 85 40020.000
94 86 41921.900
94 87 29398.673
94 88 43727.045
94 89 19811.200
94 90 27343.800
94 91 7143.500
94 92 45386.400
94 93 28682.600
94 94 0.000
94 95 37126.898
94 96 35391.000
94 97 22225.200
94 98 35295.100
94 99 36961.200
94 100 67007.123
94 101 11247.400
94 102 25148.700
94 103 14265.200
94 104 35515.800
94 105 43037.800
94 106 25838.600
94 107 14095.340
94 108 11023.600
94 109 37409.355
94 110 39276.700
94 111 29527.800
94 112 12874.799
94 113 31351.100
94 114 52184.436
94 115 67601.168
94 116 67071.560
94 117 11198.900
94 118 22229.000
94 119 12884.100
94 120 25129.200
94 121 32072.900
94 122 25600.500
94 123 22803.075
94 124 9115.300
94 125 34268.600
94 126 67020.408
94 127 19361.010
94 128 25784.600
94 129 41064.885
94 130 46983.500
94 131 36164.300
94 132 35877.700
94 133 41248.400
94 134 40331.000
94 135 64514.377
94 136 33884.200
94 137 20903.100
94 138 25904.900
94 139 42753.500
94 140 21166.200
94 141 25992.898
94 142 36255.300
94 143 29777.100
94 144 24618.800
94 145 34228.200
94 146 29174.800
94 147 28286.300
94 148 28988.400
94 149 7683.700
94 150 40058.582
94 151 28946.100
94 152 10352.300
94 153 14044.700
94 154 3896.500
94 155 40127.900
94 156 7988.716
94 157 66941.370
94 158 29451.900
94 159 35302.017
94 160 40715.300
94 161 21345.548
94 162 53417.748
94 163 29879.500
94 164 41187.700
94 165 28270.100
94 166 3370.700
94 167 48300.478
94 168 18127.500
94 169 20075.400
94 170 11704.200
94 171 14900.249
94 172 5412.000
94 173 19503.600
94 174 4524.600
94 175 34836.300
94 176 52257.364
94 177 16575.900
94 178 40704.900
94 179 30126.100
94 180 28275.400
94 181 39933.400
94 182 68652.862
94 183 45852.600
94 184 25788.100
94 185 38318.200
94 186 39272.700
94 187 24489.400
94 188 68152.900
94 189 30513.200
94 190 22822.500
94 191 36699.300
94 192 23230.000
94 193 8292.400
94 194 40307.200
94 195 35912.600
94 196 28376.735
94 197 16541.400
94 198 40690.300
94 199 18873.500
94 200 12745.700
95 0 24683.112
95 1 39230.263
95 2 41229.855
95 3 21231.461
95 4 4223.305
95 5 10878.523
95 6 29274.316
95 7 33097.724
95 8 43145.719
95 9 13224.987
95 10 23138.650
95 11 31751.579
95 12 10813.229
95 13 48000.670
95 14 8755.854
95 15 38827.736
95 16 6730.106
95 17 31054.402
95 18 18550.170
95 19 41181.467
95 20 42644.767
95 21 38834.767
95 22 40927.790
95 23 12350.389
95 24 45029.513
95 25 24225.647
95 26 42450.618
95 27 42320.635
95 28 41944.747
95 29 19807.392
95 30 41753.392
95 31 45084.420
95 32 43210.941
95 33 769.628
95 34 37896.235
95 35 35663.520
95 36 42258.559
95 37 390.439
95 38 20994.933
95 39 43297.604
95 40 37397.706
95 41 29427.302
95 42 41774.685
95 43 30527.996
95 44 37187.579
95 45 43270.222
95 46 41208.333
95 47 11381.397
95 48 43168.643
95 49 15039.906
95 50 22694.254
95 51 15428.995
95 52 23630.583
95 53 12235.231
95 54 8251.163
95 55 11766.263
95 56 46857.420
95 57 49375.446
95 58 28608.908
95 59 8916.852
95 60 48322.168
95 61 29061.504
95 62 44730.449
95 63 11744.436
95 64 37891.511
95 65 33264.491
95 66 8784.562
95 67 45400.145
95 68 37623.020
95 69 12337.322
95 70 34344.149
95 71 11661.073
95 72 52140.210
95 73 15790.181
95 74 18368.778
95 75 18943.684
95 76 21924.274
95 77 39492.689
95 78 26997.398
95 79 14772.148
95 80 41030.650
95 81 30841.515
95 82 35419.832
95 83 44363.374
95 84 23794.175
95 85 25031.300
95 86 27630.756
95 87 16914.125
95 88 51941.114
95 89 22250.359
95 90 7897.861
95 91 41699.522
95 92 39875.654
95 93 8831.405
95 94 37126.898
95 95 0.000
95 96 29355.226
95 97 19272.112
95 98 40776.647
95 99 10907.215
95 100 38892.093
95 101 41923.584
95 102 11489.664
95 103 22272.391
95 104 12441.291
95 105 29307.476
95 106 11737.196
95 107 45866.937
95 108 26103.299
95 109 327.301
95 110 11532.313
95 111 10064.451
95 112 45394.791
95 113 10565.849
95 114 49479.448
95 115 41035.106
95 116 40916.023
95 117 25826.080
95 118 43812.324
95 119 24084.251
95 120 47244.203
95 121 9375.440
95 122 42831.566
95 123 19080.657
95 124 45112.174
95 125 18041.539
95 126 38905.015
95 127 28555.856
95 128 10823.513
95 129 4127.470
95 130 42188.097
95 131 9435.514
95 132 32072.724
95 133 39701.732
95 134 24400.634
95 135 38429.693
95 136 7879.764
95 137 44156.854
95 138 47262.223
95 139 33846.027
95 140 44240.738
95 141 22293.517
95 142 10089.972
95 143 42846.110
95 144 36793.239
95 145 27879.102
95 146 7026.529
95 147 26314.639
95 148 15105.957
95 149 29372.771
95 150 3087.673
95 151 6122.707
95 152 27130.497
95 153 22673.476
95 154 40617.842
95 155 34670.191
95 156 35568.593
95 157 38818.225
95 158 11494.935
95 159 14643.882
95 160 19937.254
95 161 24811.943
95 162 58074.664
95 163 19355.429
95 164 26883.557
95 165 17831.406
95 166 37394.857
95 167 45962.452
95 168 41765.981
95 169 39130.497
95 170 39030.354
95 171 51748.383
95 172 41142.637
95 173 40465.180
95 174 38254.143
95 175 16332.146
95 176 58735.929
95 177 38134.352
95 178 27483.168
95 179 16921.473
95 180 26813.140
95 181 33730.329
95 182 41974.580
95 183 31269.622
95 184 11027.182
95 185 33925.071
95 186 26929.082
95 187 44404.420
95 188 41905.580
95 189 18875.423
95 190 29773.477
95 191 8206.861
95 192 35642.532
95 193 42110.303
95 194 21218.504
95 195 30099.095
95 196 18022.114
95 197 22806.999
95 198 36668.893
95 199 27920.236
95 200 43844.613
96 0 15652.300
96 1 34956.777
96 2 11437.100
96 3 20128.300
96 4 23825.600
96 5 35114.600
96 6 13848.200
96 7 42378.786
96 8 37641.767
96 9 17663.600
96 10 32981.500
96 11 12100.100
96 12 34555.400
96 13 31299.800
96 14 21719.800
96 15 37229.113
96 16 25427.900
96 17 1808.000
96 18 35920.625
96 19 40727.300
96 20 37713.250
96 21 37230.002
96 22 36201.191
96 23 17627.100
96 24 14291.200
96 25 12322.700
96 26 38658.784
96 27 12291.400
96 28 39836.600
96 29 16450.100
96 30 37628.774
96 31 14083.500
96 32 38931.300
96 33 30065.904
96 34 24884.400
96 35 30731.500
96 36 38543.580
96 37 29455.158
96 38 30868.900
96 39 15196.700
96 40 24897.100
96 41 17638.600
96 42 36976.600
96 43 14961.800
96 44 24548.100
96 45 15287.506
96 46 15209.700
96 47 36390.500
96 48 29585.300
96 49 36293.900
96 50 26039.000
96 51 33668.500
96 52 30569.700
96 53 33007.600
96 54 21928.200
96 55 30940.100
96 56 18495.600
96 57 37527.229
96 58 7216.700
96 59 20668.300
96 60 37987.914
96 61 43453.231
96 62 16677.200
96 63 30826.055
96 64 8106.600
96 65 10009.400
96 66 21422.000
96 67 33484.402
96 68 7723.900
96 69 27707.700
96 70 20033.500
96 71 19926.700
96 72 23288.787
96 73 36899.454
96 74 18162.800
96 75 17126.600
96 76 15234.200
96 77 37613.000
96 78 12974.300
96 79 16197.900
96 80 25027.700
96 81 5849.200
96 82 7239.500
96 83 17157.550
96 84 27102.200
96 85 16006.600
96 86 15111.500
96 87 38477.619
96 88 22696.825
96 89 32873.500
96 90 27606.300
96 91 42534.300
96 92 11405.600
96 93 28634.900
96 94 35476.000
96 95 29355.226
96 96 0.000
96 97 15981.200
96 98 11877.500
96 99 20836.900
96 100 37283.485
96 101 35367.100
96 102 29213.900
96 103 22250.300
96 104 39580.900
96 105 16227.400
96 106 27064.800
96 107 31943.698
96 108 32755.600
96 109 29359.176
96 110 19650.000
96 111 31984.800
96 112 32393.155
96 113 35416.300
96 114 21993.185
96 115 36869.044
96 116 36170.032
96 117 30238.000
96 118 30915.100
96 119 22545.700
96 120 34497.100
96 121 33297.600
96 122 27552.000
96 123 34876.039
96 124 39322.800
96 125 15186.300
96 126 37295.383
96 127 40980.678
96 128 29849.800
96 129 32591.649
96 130 13002.700
96 131 20823.200
96 132 2668.200
96 133 10272.300
96 134 19801.200
96 135 33858.098
96 136 21126.600
96 137 29925.000
96 138 30965.900
96 139 13526.200
96 140 30481.100
96 141 40577.968
96 142 19667.000
96 143 13610.000
96 144 23098.900
96 145 5493.100
96 146 20895.400
96 147 9112.900
96 148 16604.300
96 149 28790.900
96 150 31778.365
96 151 21549.900
96 152 31952.000
96 153 27916.400
96 154 39287.300
96 155 7655.000
96 156 38279.921
96 157 37231.188
96 158 33517.100
96 159 40438.665
96 160 21486.500
96 161 39266.440
96 162 28921.617
96 163 11411.100
96 164 14377.300
96 165 10875.700
96 166 37068.400
96 167 18041.000
96 168 30325.900
96 169 29223.100
96 170 32275.700
96 171 46430.923
96 172 38888.000
96 173 27840.800
96 174 37448.900
96 175 15607.500
96 176 29420.088
96 177 24834.000
96 178 13894.600
96 179 17742.000
96 180 8296.700
96 181 5671.700
96 182 37877.413
96 183 19042.200
96 184 29853.300
96 185 5462.000
96 186 12462.300
96 187 26827.000
96 188 37192.942
96 189 12650.600
96 190 16710.800
96 191 21358.200
96 192 24487.700
96 193 36522.700
96 194 21078.400
96 195 5006.600
96 196 38678.570
96 197 33441.600
96 198 11463.000
96 199 19133.900
96 200 38635.900
97 0 4723.900
97 1 38085.573
97 2 25935.300
97 3 7171.700
97 4 20417.500
97 5 24896.400
97 6 20160.100
97 7 32804.722
97 8 41471.549
97 9 14375.100
97 10 19826.700
97 11 21676.100
97 12 21496.700
97 13 21816.700
97 14 21658.200
97 15 39441.695
97 16 16594.800
97 17 15745.400
97 18 24662.886
97 19 27797.900
97 20 41316.030
97 21 39445.157
97 22 39613.347
97 23 14338.600
97 24 31186.800
97 25 4617.800
97 26 41864.398
97 27 27046.500
97 28 26907.200
97 29 1882.500
97 30 40898.572
97 31 29321.500
97 32 28038.900
97 33 19900.407
97 34 16341.900
97 35 20301.100
97 36 41710.434
97 37 19285.506
97 38 17714.100
97 39 21858.200
97 40 16354.600
97 41 23950.400
97 42 26084.200
97 43 21273.700
97 44 16005.600
97 45 26674.778
97 46 24785.600
97 47 25629.100
97 48 20102.200
97 49 23235.200
97 50 13088.800
97 51 20609.800
97 52 17619.500
97 53 19949.000
97 54 13206.900
97 55 17881.400
97 56 23842.400
97 57 35686.730
97 58 15866.300
97 59 20606.700
97 60 35408.389
97 61 32868.263
97 62 22024.000
97 63 24081.001
97 64 20947.800
97 65 22188.700
97 66 21360.500
97 67 31442.970
97 68 19745.900
97 69 14649.000
97 70 26345.400
97 71 16638.200
97 72 34686.422
97 73 25463.191
97 74 3073.000
97 75 3697.700
97 76 3325.700
97 77 24683.700
97 78 19286.200
97 79 12909.400
97 80 17982.900
97 81 16434.400
97 82 21037.000
97 83 28401.761
97 84 14387.100
97 85 17502.800
97 86 21423.300
97 87 27042.545
97 88 33111.881
97 89 19718.800
97 90 16318.600
97 91 29604.900
97 92 25903.800
97 93 16850.100
97 94 22546.600
97 95 19272.112
97 96 15908.400
97 97 0.000
97 98 26375.700
97 99 17548.400
97 100 39504.378
97 101 24474.700
97 102 16155.200
97 103 9293.700
97 104 26522.300
97 105 22539.200
97 106 14006.200
97 107 30898.393
97 108 20040.500
97 109 19350.846
97 110 16361.600
97 111 20534.300
97 112 30865.402
97 113 22357.600
97 114 33347.112
97 115 40101.377
97 116 39587.810
97 117 17522.900
97 118 21431.900
97 119 10213.800
97 120 25014.000
97 121 23079.400
97 122 20507.200
97 123 23728.783
97 124 28430.300
97 125 11751.300
97 126 39517.620
97 127 30647.678
97 128 16791.100
97 129 23006.114
97 130 27757.800
97 131 20761.600
97 132 16605.500
97 133 21597.000
97 134 17813.700
97 135 37018.372
97 136 18481.500
97 137 20441.900
97 138 21482.800
97 139 23102.100
97 140 20998.000
97 141 29374.221
97 142 16378.500
97 143 28108.200
97 144 14556.400
97 145 13856.000
97 146 13772.100
97 147 8365.000
97 148 8383.800
97 149 15861.500
97 150 22066.637
97 151 13329.400
97 152 19236.900
97 153 15201.300
97 154 26358.000
97 155 20476.500
97 156 30320.376
97 157 39439.211
97 158 20458.500
97 159 29092.960
97 160 18198.000
97 161 28498.036
97 162 40161.705
97 163 7362.200
97 164 19173.600
97 165 5752.800
97 166 24139.100
97 167 29438.531
97 168 20842.800
97 169 19740.000
97 170 23047.200
97 171 41984.013
97 172 27995.600
97 173 18357.700
97 174 24519.500
97 175 12319.000
97 176 40451.699
97 177 16291.500
97 178 20206.400
97 179 9521.500
97 180 8385.300
97 181 20282.000
97 182 41153.372
97 183 25354.100
97 184 16794.600
97 185 17517.300
97 186 18774.100
97 187 19782.200
97 188 40671.053
97 189 7995.900
97 190 8687.400
97 191 21296.600
97 192 15945.200
97 193 25630.300
97 194 17789.900
97 195 15540.400
97 196 27273.733
97 197 20286.800
97 198 21038.900
97 199 10591.400
97 200 27743.400
98 0 26119.600
98 1 46144.227
98 2 772.900
98 3 30595.600
98 4 34292.800
98 5 45581.800
98 6 24315.500
98 7 44901.340
98 8 48265.966
98 9 28130.800
98 10 43448.800
98 11 22403.200
98 12 45022.700
98 13 13764.200
98 14 32187.000
98 15 48838.568
98 16 35895.200
98 17 12275.300
98 18 42767.074
98 19 31306.600
98 20 48487.397
98 21 48838.094
98 22 47162.090
98 23 28094.400
98 24 4914.500
98 25 22790.000
98 26 49650.854
98 27 3952.400
98 28 50303.800
98 29 26917.400
98 30 48620.485
98 31 5993.400
98 32 30729.400
98 33 41416.525
98 34 18408.100
98 35 25841.500
98 36 49564.100
98 37 40800.739
98 38 41336.200
98 39 3897.300
98 40 15515.300
98 41 28105.900
98 42 28774.700
98 43 25429.100
98 44 17192.400
98 45 15788.026
98 46 18842.000
98 47 46857.800
98 48 14027.700
98 49 46761.100
98 50 36506.300
98 51 44135.800
98 52 41037.000
98 53 43474.900
98 54 32395.400
98 55 41407.400
98 56 7196.200
98 57 30509.436
98 58 17684.000
98 59 31135.600
98 60 31726.588
98 61 47932.377
98 62 5377.900
98 63 43804.719
98 64 10060.300
98 65 13558.200
98 66 31889.300
98 67 27184.105
98 68 11115.300
98 69 38175.000
98 70 30500.800
98 71 30394.000
98 72 18525.873
98 73 44862.548
98 74 28630.100
98 75 27593.800
98 76 25701.500
98 77 48080.300
98 78 23441.600
98 79 26665.100
98 80 9506.800
98 81 16316.500
98 82 13713.500
98 83 18350.906
98 84 37569.500
98 85 26473.900
98 86 25578.700
98 87 46365.858
98 88 12842.652
98 89 43340.800
98 90 38073.500
98 91 53001.600
98 92 1340.100
98 93 39102.100
98 94 45943.300
98 95 40776.647
98 96 11877.500
98 97 26448.500
98 98 0.000
98 99 31304.100
98 100 48886.804
98 101 27165.200
98 102 39681.200
98 103 32717.500
98 104 50048.200
98 105 26694.600
98 106 37532.100
98 107 24772.804
98 108 43222.900
98 109 40843.550
98 110 30117.300
98 111 42452.100
98 112 25683.590
98 113 45883.600
98 114 21000.055
98 115 47914.378
98 116 47128.711
98 117 40705.300
98 118 15357.400
98 119 33013.000
98 120 17038.200
98 121 43764.900
98 122 6509.100
98 123 41373.147
98 124 31120.900
98 125 25653.600
98 126 48897.605
98 127 45044.319
98 128 40317.100
98 129 44412.335
98 130 3280.400
98 131 31290.400
98 132 12810.700
98 133 12226.000
98 134 30268.400
98 135 45075.070
98 136 31593.900
98 137 14367.300
98 138 14215.800
98 139 23829.200
98 140 14923.500
98 141 46984.386
98 142 30134.200
98 143 2310.600
98 144 17000.800
98 145 15960.400
98 146 31362.700
98 147 19580.200
98 148 27071.500
98 149 39258.100
98 150 43504.590
98 151 32017.200
98 152 42419.200
98 153 38383.700
98 154 49754.600
98 155 14835.300
98 156 38628.694
98 157 48842.934
98 158 43984.400
98 159 49627.250
98 160 31953.700
98 161 44426.086
98 162 21937.274
98 163 21878.300
98 164 24844.600
98 165 21343.000
98 166 29112.100
98 167 17463.533
98 168 14768.300
98 169 13665.500
98 170 21837.700
98 171 41538.164
98 172 30686.100
98 173 12283.100
98 174 29492.600
98 175 26074.700
98 176 21235.996
98 177 16867.200
98 178 24361.800
98 179 28209.300
98 180 18764.000
98 181 13795.700
98 182 48855.481
98 183 29509.500
98 184 40320.600
98 185 14028.000
98 186 22929.600
98 187 9797.800
98 188 48070.069
98 189 23117.900
98 190 14018.200
98 191 31825.500
98 192 18389.600
98 193 28320.900
98 194 31545.600
98 195 15473.900
98 196 46220.524
98 197 43908.900
98 198 16158.800
98 199 29601.200
98 200 30434.000
99 0 24132.100
99 1 30967.015
99 2 30881.600
99 3 21451.000
99 4 6048.200
99 5 25343.800
99 6 19189.200
99 7 38107.408
99 8 34774.224
99 9 5268.500
99 10 30497.000
99 11 24008.100
99 12 24745.500
99 13 41224.900
99 14 3942.400
99 15 31338.852
99 16 15657.100
99 17 20691.700
99 18 25607.490
99 19 42273.300
99 20 34402.445
99 21 31344.415
99 22 32644.286
99 23 5232.000
99 24 36133.100
99 25 20617.800
99 26 34520.265
99 27 31992.800
99 28 41382.600
99 29 20357.500
99 30 33687.666
99 31 34267.800
99 32 43645.100
99 33 11676.703
99 34 37293.400
99 35 35661.500
99 36 34339.774
99 37 11154.175
99 38 28384.400
99 39 38049.900
99 40 35762.800
99 41 22127.600
99 42 41444.600
99 43 20302.800
99 44 35413.800
99 45 32780.879
99 46 27117.700
99 47 26619.700
99 48 39510.400
99 49 31334.100
99 50 24678.700
99 51 28708.700
99 52 28791.500
99 53 28047.800
99 54 10696.000
99 55 25980.300
99 56 43250.600
99 57 47398.621
99 58 18198.400
99 59 2891.000
99 60 46856.073
99 61 35798.277
99 62 41432.200
99 63 11672.542
99 64 25894.000
99 65 27135.000
99 66 3644.700
99 67 43187.879
99 68 24692.200
99 69 22747.900
99 70 25374.500
99 71 6070.400
99 72 41826.092
99 73 24251.790
99 74 19697.000
99 75 19125.700
99 76 21337.200
99 77 39159.100
99 78 18424.100
99 79 7613.400
99 80 37391.100
99 81 18766.500
99 82 23369.100
99 83 33709.212
99 84 26696.600
99 85 16410.300
99 86 20452.500
99 87 25677.204
99 88 42541.152
99 89 30389.100
99 90 16088.500
99 91 44080.400
99 92 30850.100
99 93 17437.800
99 94 37022.100
99 95 10907.215
99 96 20854.700
99 97 17598.800
99 98 31322.000
99 99 0.000
99 100 31404.441
99 101 39835.100
99 102 24254.100
99 103 23839.600
99 104 34621.100
99 105 21568.400
99 106 22105.000
99 107 42938.327
99 108 32350.000
99 109 10780.285
99 110 5793.800
99 111 22214.000
99 112 42780.082
99 113 24407.900
99 114 38810.987
99 115 32915.416
99 116 32626.446
99 117 29832.400
99 118 40840.100
99 119 25070.800
99 120 44422.200
99 121 23526.800
99 122 39915.400
99 123 25475.819
99 124 43790.800
99 125 10649.000
99 126 31417.920
99 127 34472.969
99 128 24890.000
99 129 13204.810
99 130 32704.100
99 131 3045.800
99 132 21551.800
99 133 26543.300
99 134 16721.200
99 135 30029.493
99 136 3349.300
99 137 39850.100
99 138 40891.000
99 139 25434.200
99 140 40406.200
99 141 30108.649
99 142 3852.600
99 143 33054.500
99 144 33964.600
99 145 18620.100
99 146 10480.600
99 147 21555.700
99 148 16391.800
99 149 30336.900
99 150 12566.057
99 151 11049.100
99 152 31546.400
99 153 27510.800
99 154 40833.400
99 155 22808.600
99 156 38192.774
99 157 31332.369
99 158 28557.300
99 159 24937.144
99 160 13559.200
99 161 31245.741
99 162 47912.138
99 163 11013.800
99 164 18081.200
99 165 11603.200
99 166 38614.500
99 167 35418.419
99 168 39958.200
99 169 39148.200
99 170 38407.600
99 171 52303.084
99 172 42659.400
99 173 37765.900
99 174 38994.900
99 175 6025.700
99 176 48784.451
99 177 38406.600
99 178 18597.700
99 179 17529.500
99 180 21128.000
99 181 22614.100
99 182 33929.375
99 183 23122.200
99 184 24893.500
99 185 23384.100
99 186 17803.300
99 187 39190.400
99 188 33682.816
99 189 9991.400
99 190 28095.600
99 191 3580.900
99 192 35741.800
99 193 40990.800
99 194 14554.900
99 195 20887.000
99 196 26488.758
99 197 30957.100
99 198 23371.000
99 199 27899.600
99 200 43103.900
100 0 43400.629
100 1 3592.717
100 2 48721.641
100 3 47065.844
100 4 36072.022
100 5 49724.919
100 6 23499.766
100 7 69505.273
100 8 5797.074
100 9 29933.950
100 10 57579.017
100 11 24629.465
100 12 49603.931
100 13 60407.299
100 14 34005.501
100 15 65.621
100 16 42195.264
100 17 36811.941
100 18 56594.938
100 19 69045.023
100 20 4989.964
100 21 60.243
100 22 4123.583
100 23 30705.710
100 24 49332.159
100 25 41971.851
100 26 3958.423
100 27 46866.592
100 28 71017.585
100 29 40931.936
100 30 3766.978
100 31 47711.200
100 32 70064.065
100 33 39470.859
100 34 58179.447
100 35 62470.671
100 36 3767.437
100 37 39275.335
100 38 55023.035
100 39 52422.163
100 40 55175.243
100 41 18646.474
100 42 67989.205
100 43 23625.052
100 44 57110.599
100 45 37677.879
100 46 35684.577
100 47 50164.891
100 48 59019.490
100 49 53870.979
100 50 52609.240
100 51 54098.099
100 52 56828.676
100 53 50815.408
100 54 38482.746
100 55 49368.074
100 56 56010.986
100 57 74139.164
100 58 33050.256
100 59 32172.750
100 60 74243.502
100 61 67001.071
100 62 53729.698
100 63 28286.456
100 64 40003.196
100 65 35662.148
100 66 33025.563
100 67 69950.789
100 68 38202.559
100 69 48374.470
100 70 17590.736
100 71 28813.575
100 72 45237.225
100 73 54516.233
100 74 41152.125
100 75 42437.503
100 76 42363.446
100 77 68954.399
100 78 21874.887
100 79 28505.686
100 80 54479.496
100 81 30972.999
100 82 35619.504
100 83 36332.552
100 84 54136.528
100 85 21136.620
100 86 21403.190
100 87 55742.475
100 88 51777.902
100 89 56555.964
100 90 43531.945
100 91 71239.785
100 92 48924.187
100 93 43704.098
100 94 67007.123
100 95 38892.093
100 96 37283.485
100 97 39504.378
100 98 48886.804
100 99 31404.441
100 100 0.000
100 101 65420.064
100 102 48716.069
100 103 49413.656
100 104 51294.894
100 105 19980.632
100 106 47047.074
100 107 68788.282
100 108 58838.570
100 109 38597.949
100 110 29351.224
100 111 48449.876
100 112 69065.701
100 113 49437.354
100 114 39291.050
100 115 3496.744
100 116 4145.000
100 117 57046.786
100 118 61102.723
100 119 51061.959
100 120 62071.700
100 121 48265.664
100 122 53180.747
100 123 56660.569
100 124 70973.908
100 125 27593.199
100 126 13.511
100 127 65829.720
100 128 47886.185
100 129 38014.775
100 130 47320.099
100 131 32422.270
100 132 36966.891
100 133 40441.237
100 134 18981.163
100 135 4316.062
100 136 32518.502
100 137 59876.177
100 138 59677.786
100 139 23538.784
100 140 60639.128
100 141 60830.754
100 142 30096.551
100 143 49680.786
100 144 56178.284
100 145 32863.037
100 146 38067.996
100 147 38645.071
100 148 34201.704
100 149 58435.026
100 150 38230.943
100 151 38302.193
100 152 58589.930
100 153 53812.452
100 154 70444.196
100 155 33798.916
100 156 69049.330
100 157 73.869
100 158 50170.659
100 159 53170.743
100 160 21201.633
100 161 62488.526
100 162 51068.416
100 163 32085.303
100 164 23062.114
100 165 34098.681
100 166 65501.202
100 167 38681.598
100 168 59417.410
100 169 55575.272
100 170 62656.666
100 171 81447.136
100 172 68570.013
100 173 56537.766
100 174 66045.521
100 175 29207.529
100 176 53323.361
100 177 57823.670
100 178 22448.632
100 179 34886.589
100 180 38329.702
100 181 35160.740
100 182 3866.359
100 183 17931.384
100 184 48619.712
100 185 36364.026
100 186 25577.212
100 187 56988.044
100 188 4415.815
100 189 31525.523
100 190 46483.181
100 191 32841.428
100 192 55996.650
100 193 67573.859
100 194 20196.239
100 195 33418.972
100 196 56777.939
100 197 58265.758
100 198 34879.537
100 199 49005.993
100 200 68700.433
101 0 24077.500
101 1 63439.807
101 2 27617.100
101 3 19107.300
101 4 35391.100
101 5 36219.800
101 6 41851.400
101 7 27929.783
101 8 66359.819
101 9 41492.900
101 10 23038.700
101 11 43251.600
101 12 32820.200
101 13 21995.800
101 14 39802.400
101 15 65361.237
101 16 30977.200
101 17 36210.400
101 18 33470.643
101 19 7088.000
101 20 66371.807
101 21 65363.333
101 22 64790.647
101 23 41456.400
101 24 28138.100
101 25 25123.800
101 26 67202.936
101 27 30890.900
101 28 10057.200
101 29 22877.300
101 30 66185.363
101 31 29217.000
101 32 6510.800
101 33 42237.257
101 34 11219.700
101 35 7564.900
101 36 67073.721
101 37 41735.045
101 38 21326.500
101 39 22708.500
101 40 16417.100
101 41 45641.700
101 42 4556.100
101 43 42965.000
101 44 13268.100
101 45 38537.538
101 46 46361.200
101 47 36952.500
101 48 16027.400
101 49 34558.600
101 50 16347.400
101 51 31933.300
101 52 20647.900
101 53 31272.400
101 54 31351.100
101 55 29204.900
101 56 24692.600
101 57 8719.136
101 58 37441.900
101 59 38750.900
101 60 9103.109
101 61 33473.055
101 62 22874.300
101 63 50213.148
101 64 42515.200
101 65 43756.200
101 66 39504.600
101 67 4573.239
101 68 41313.300
101 69 25972.500
101 70 48036.700
101 71 40976.300
101 72 41268.007
101 73 37249.876
101 74 22241.600
101 75 21215.600
101 76 22734.200
101 77 10163.200
101 78 40977.500
101 79 38168.100
101 80 18870.000
101 81 38009.900
101 82 42612.500
101 83 41096.717
101 84 15972.000
101 85 42761.500
101 86 43114.600
101 87 38300.921
101 88 33660.163
101 89 22552.700
101 90 29673.800
101 91 12754.900
101 92 27898.600
101 93 31012.500
101 94 11231.800
101 95 41923.584
101 96 36583.800
101 97 24149.300
101 98 27136.700
101 99 39702.700
101 100 65420.064
101 101 0.000
101 102 27478.600
101 103 16189.300
101 104 37845.700
101 105 44230.500
101 106 28168.600
101 107 3945.867
101 108 19244.700
101 109 42151.366
101 110 42018.200
101 111 31857.800
101 112 3725.569
101 113 33681.000
101 114 44073.945
101 115 65406.460
101 116 64760.959
101 117 16727.100
101 118 10346.100
101 119 14808.200
101 120 20688.900
101 121 34402.900
101 122 21357.500
101 123 31768.256
101 124 6902.200
101 125 37010.100
101 126 65432.714
101 127 30415.306
101 128 28114.600
101 129 46046.651
101 130 28563.100
101 131 38905.800
101 132 37070.500
101 133 43164.400
101 134 43072.400
101 135 62340.339
101 136 36625.700
101 137 16660.100
101 138 21661.900
101 139 44677.600
101 140 10506.000
101 141 35994.618
101 142 38996.800
101 143 25534.200
101 144 15147.200
101 145 35421.000
101 146 31916.300
101 147 30210.500
101 148 31729.900
101 149 15612.600
101 150 45006.077
101 151 31276.000
101 152 18441.100
101 153 16786.200
101 154 11172.200
101 155 42052.000
101 156 19711.725
101 157 65361.210
101 158 31781.900
101 159 43677.036
101 160 43456.800
101 161 31740.481
101 162 43491.566
101 163 32620.900
101 164 42380.500
101 165 31011.600
101 166 8326.000
101 167 40455.397
101 168 13884.500
101 169 15832.400
101 170 4463.500
101 171 18472.926
101 172 6467.500
101 173 15260.600
101 174 7487.400
101 175 37577.800
101 176 42024.456
101 177 12332.900
101 178 41897.700
101 179 32867.600
101 180 29468.100
101 181 41857.500
101 182 66438.156
101 183 47045.400
101 184 28118.100
101 185 39510.900
101 186 40465.500
101 187 20246.400
101 188 65811.152
101 189 33254.700
101 190 24015.200
101 191 39440.800
101 192 10719.000
101 193 4102.200
101 194 43048.700
101 195 37105.400
101 196 37505.820
101 197 26781.900
101 198 42614.400
101 199 20066.300
101 200 3268.800
102 0 18921.300
102 1 48530.198
102 2 38721.500
102 3 13901.300
102 4 19161.700
102 5 8429.400
102 6 33136.900
102 7 21677.311
102 8 52373.993
102 9 26365.800
102 10 14179.600
102 11 35925.900
102 12 8543.800
102 13 36903.300
102 14 24675.400
102 15 48650.564
102 16 7265.700
102 17 28775.900
102 18 7940.398
102 19 30677.200
102 20 51972.594
102 21 48656.749
102 22 50218.394
102 23 26329.400
102 24 44597.500
102 25 18815.200
102 26 52005.429
102 27 39575.800
102 28 29786.500
102 29 15146.500
102 30 51209.413
102 31 42732.100
102 32 32048.900
102 33 11341.227
102 34 27485.400
102 35 23562.000
102 36 51820.611
102 37 11135.003
102 38 11445.700
102 39 34506.500
102 40 29018.900
102 41 36075.200
102 42 29345.000
102 43 34250.500
102 44 29533.800
102 45 44836.170
102 46 39035.500
102 47 9705.300
102 48 32293.100
102 49 10282.200
102 50 12338.200
102 51 7656.900
102 52 13406.600
102 53 6996.000
102 54 11651.300
102 55 4928.500
102 56 36490.700
102 57 39951.980
102 58 30116.100
102 59 23623.900
102 60 38596.025
102 61 18290.286
102 62 34672.300
102 63 23061.983
102 64 34358.400
102 65 35599.400
102 66 24377.600
102 67 36263.817
102 68 33156.500
102 69 2826.800
102 70 39322.200
102 71 25849.300
102 72 52842.637
102 73 7342.390
102 74 14485.900
102 75 13506.300
102 76 16126.400
102 77 27562.900
102 78 33536.000
102 79 25764.600
102 80 30631.200
102 81 30684.200
102 82 35286.800
102 83 46478.790
102 84 13612.000
102 85 30358.000
102 86 34400.100
102 87 8919.513
102 88 50582.746
102 89 14071.600
102 90 7211.300
102 91 32484.200
102 92 38690.000
102 93 6235.500
102 94 25425.900
102 95 11489.664
102 96 28694.600
102 97 15797.900
102 98 39161.900
102 99 24575.700
102 100 48716.069
102 101 27735.600
102 102 0.000
102 103 13407.300
102 104 13569.300
102 105 35516.000
102 106 5059.700
102 107 37248.056
102 108 20753.800
102 109 11812.621
102 110 26891.200
102 111 4509.200
102 112 36553.771
102 113 7493.500
102 114 51478.630
102 115 50449.075
102 116 50201.910
102 117 14485.800
102 118 34251.700
102 119 13474.700
102 120 40100.600
102 121 6612.400
102 122 33155.500
102 123 7966.540
102 124 31691.200
102 125 24606.600
102 126 48729.409
102 127 17351.512
102 128 826.800
102 129 14912.598
102 130 40287.100
102 131 23778.700
102 132 29636.000
102 133 35007.600
102 134 30668.900
102 135 47620.721
102 136 21498.600
102 137 32925.800
102 138 36569.400
102 139 37351.900
102 140 33188.900
102 141 12485.887
102 142 23869.700
102 143 40894.400
102 144 26823.000
102 145 27266.700
102 146 11307.500
102 147 23602.700
102 148 18161.000
102 149 18740.800
102 150 13995.783
102 151 11356.700
102 152 19950.200
102 153 12197.000
102 154 29237.200
102 155 34726.300
102 156 24269.887
102 157 48642.827
102 158 7505.500
102 159 11490.016
102 160 31053.200
102 161 13811.313
102 162 58187.893
102 163 20217.400
102 164 32028.800
102 165 18608.000
102 166 27018.300
102 167 47602.506
102 168 30150.300
102 169 32098.100
102 170 26308.100
102 171 40917.419
102 172 31063.300
102 173 31526.300
102 174 27398.800
102 175 25174.200
102 176 58309.172
102 177 28598.700
102 178 32545.400
102 179 19298.700
102 180 22583.700
102 181 34531.800
102 182 51446.251
102 183 37069.900
102 184 830.200
102 185 32076.400
102 186 31751.000
102 187 32430.500
102 188 51245.896
102 189 20851.200
102 190 21531.200
102 191 24313.800
102 192 25933.800
102 193 28891.200
102 194 30645.100
102 195 28951.100
102 196 9345.653
102 197 14639.700
102 198 35288.700
102 199 18427.100
102 200 31004.300
103 0 11833.100
103 1 48117.430
103 2 32545.200
103 3 4078.100
103 4 20057.600
103 5 22012.500
103 6 28039.600
103 7 23520.376
103 8 51546.999
103 9 24818.200
103 10 11558.400
103 11 29555.600
103 12 18612.800
103 13 22380.200
103 14 23127.700
103 15 49350.164
103 16 15641.100
103 17 22144.900
103 18 18962.788
103 19 19470.100
103 20 51376.141
103 21 49353.998
103 22 49664.064
103 23 24781.700
103 24 39066.400
103 25 11727.000
103 26 51886.943
103 27 33399.600
103 28 18579.400
103 29 9091.600
103 30 50931.502
103 31 37201.100
103 32 19711.100
103 33 22633.741
103 34 15384.600
103 35 11973.300
103 36 51729.622
103 37 22106.810
103 38 9846.300
103 39 22633.700
103 40 16918.100
103 41 31830.000
103 42 17756.400
103 43 29153.200
103 44 17433.000
103 45 33684.190
103 46 32665.200
103 47 22745.200
103 48 20192.300
103 49 20351.200
103 50 4636.900
103 51 17725.900
103 52 9167.600
103 53 17065.000
103 54 14676.400
103 55 14997.500
103 56 24617.800
103 57 27627.061
103 58 23745.900
103 59 22076.200
103 60 26910.004
103 61 24875.229
103 62 22799.500
103 63 30671.791
103 64 28827.300
103 65 30068.300
103 66 22830.000
103 67 23495.133
103 68 27625.400
103 69 11765.100
103 70 34225.000
103 71 24301.600
103 72 40407.505
103 73 21344.216
103 74 8431.000
103 75 6826.700
103 76 9038.200
103 77 16355.900
103 78 27165.700
103 79 21493.500
103 80 18795.200
103 81 24314.000
103 82 28916.600
103 83 35798.642
103 84 5935.300
103 85 26086.900
103 86 29302.900
103 87 22783.475
103 88 36597.497
103 89 11072.400
103 90 15426.800
103 91 21277.100
103 92 32513.800
103 93 15958.400
103 94 14218.800
103 95 22272.391
103 96 22518.300
103 97 10338.800
103 98 32985.600
103 99 23028.000
103 100 49413.656
103 101 16146.900
103 102 13271.300
103 103 0.000
103 104 23638.300
103 105 30418.800
103 106 13114.400
103 107 23686.746
103 108 11588.600
103 109 22485.827
103 110 25343.500
103 111 17650.400
103 112 23311.157
103 113 19473.700
103 114 40367.237
103 115 50134.052
103 116 49639.089
103 117 9071.000
103 118 22150.900
103 119 1886.000
103 120 25577.500
103 121 20195.500
103 122 21282.700
103 123 17555.636
103 124 20102.500
103 125 20335.400
103 126 49427.005
103 127 22248.442
103 128 13907.200
103 129 26399.534
103 130 34110.800
103 131 22231.100
103 132 23005.100
103 133 29476.500
103 134 26397.800
103 135 47058.208
103 136 19951.000
103 137 20825.000
103 138 22046.300
103 139 30981.700
103 140 21088.100
103 141 23184.012
103 142 22322.100
103 143 23621.800
103 144 14722.200
103 145 21735.600
103 146 15241.600
103 147 16514.500
103 148 15055.200
103 149 7533.700
103 150 25360.059
103 151 16134.200
103 152 10785.000
103 153 6749.400
103 154 18030.200
103 155 28356.100
103 156 20262.753
103 157 49346.990
103 158 17574.500
103 159 26773.616
103 160 26782.100
103 161 20958.933
103 162 45072.124
103 163 15946.300
103 164 28568.700
103 165 14336.900
103 166 15811.300
103 167 36341.956
103 168 18049.400
103 169 19997.300
103 170 14719.400
103 171 32410.263
103 172 19667.800
103 173 19425.500
103 174 16191.700
103 175 20903.100
103 176 44777.166
103 177 16497.800
103 178 28086.000
103 179 16192.900
103 180 15495.500
103 181 28161.600
103 182 51185.854
103 183 33233.600
103 184 13910.700
103 185 25445.500
103 186 26653.700
103 187 20557.600
103 188 50723.400
103 189 16580.000
103 190 10275.200
103 191 22766.100
103 192 13833.000
103 193 17302.500
103 194 26374.000
103 195 23420.000
103 196 22520.155
103 197 14320.600
103 198 28918.500
103 199 6326.300
103 200 19415.600
104 0 29604.700
104 1 51671.546
104 2 49404.900
104 3 24584.700
104 4 29845.200
104 5 8028.800
104 6 43820.300
104 7 24073.779
104 8 55586.848
104 9 37049.300
104 10 18321.100
104 11 46609.300
104 12 8557.200
104 13 47586.800
104 14 35358.800
104 15 51230.832
104 16 16779.900
104 17 39459.300
104 18 9218.252
104 19 41360.600
104 20 55085.613
104 21 51237.986
104 22 53369.079
104 23 37012.800
104 24 55280.900
104 25 29498.600
104 26 54880.959
104 27 50259.300
104 28 40469.900
104 29 25829.900
104 30 54190.492
104 31 53415.600
104 32 42732.300
104 33 11830.885
104 34 38168.800
104 35 34245.400
104 36 54688.471
104 37 12066.948
104 38 19376.700
104 39 45189.900
104 40 39702.300
104 41 46758.700
104 42 40028.500
104 43 44933.900
104 44 40217.200
104 45 52269.548
104 46 49718.900
104 47 8094.200
104 48 42976.500
104 49 5590.300
104 50 23021.700
104 51 6925.400
104 52 24090.000
104 53 11713.800
104 54 24815.600
104 55 11293.800
104 56 47174.100
104 57 46921.948
104 58 40799.600
104 59 34307.300
104 60 45352.466
104 61 18488.740
104 62 45355.700
104 63 23537.408
104 64 45041.800
104 65 46282.800
104 66 35061.000
104 67 43476.605
104 68 43840.000
104 69 13510.200
104 70 50005.600
104 71 36532.700
104 72 60564.773
104 73 4966.528
104 74 25169.300
104 75 24189.700
104 76 26809.800
104 77 38246.400
104 78 44219.400
104 79 36448.000
104 80 41314.600
104 81 41367.600
104 82 45970.300
104 83 53748.837
104 84 24295.400
104 85 41041.400
104 86 45083.600
104 87 5285.227
104 88 58719.028
104 89 18213.100
104 90 19562.900
104 91 43167.600
104 92 49373.500
104 93 18587.100
104 94 36109.300
104 95 12441.291
104 96 39378.000
104 97 26481.400
104 98 49845.300
104 99 35259.100
104 100 51294.894
104 101 38419.000
104 102 15016.400
104 103 24090.700
104 104 0.000
104 105 46199.500
104 106 15743.100
104 107 44733.000
104 108 29833.100
104 109 12722.713
104 110 37574.600
104 111 12299.200
104 112 43933.021
104 113 9418.100
104 114 58817.630
104 115 53474.251
104 116 53357.313
104 117 25169.200
104 118 44935.100
104 119 24158.100
104 120 50784.100
104 121 8496.100
104 122 43838.900
104 123 10617.878
104 124 42374.600
104 125 35290.000
104 126 51307.726
104 127 18943.557
104 128 15652.400
104 129 13776.853
104 130 50970.500
104 131 34462.200
104 132 40319.400
104 133 45691.100
104 134 41352.300
104 135 50868.975
104 136 32182.100
104 137 43609.200
104 138 47252.900
104 139 48035.300
104 140 43872.400
104 141 11146.470
104 142 34553.200
104 143 51577.800
104 144 37506.400
104 145 37950.100
104 146 24984.100
104 147 34286.100
104 148 28844.400
104 149 29424.200
104 150 13300.022
104 151 20870.900
104 152 30633.600
104 153 22880.400
104 154 39920.600
104 155 45409.800
104 156 29006.709
104 157 51221.055
104 158 8866.800
104 159 3197.717
104 160 41736.600
104 161 15039.684
104 162 66072.747
104 163 30900.800
104 164 42712.300
104 165 29291.500
104 166 37701.800
104 167 55031.775
104 168 40833.700
104 169 42781.500
104 170 36991.500
104 171 46332.420
104 172 41746.700
104 173 42209.800
104 174 38082.200
104 175 35857.600
104 176 66307.525
104 177 39282.100
104 178 43228.800
104 179 29982.100
104 180 33267.100
104 181 45215.300
104 182 54410.768
104 183 47753.300
104 184 15655.800
104 185 42759.800
104 186 42434.400
104 187 43113.900
104 188 54346.351
104 189 31534.600
104 190 32214.600
104 191 34997.200
104 192 36617.300
104 193 39574.600
104 194 41328.600
104 195 39634.500
104 196 6626.680
104 197 19064.600
104 198 45972.200
104 199 29110.500
104 200 41687.700
105 0 23633.300
105 1 17645.259
105 2 26694.700
105 3 26830.100
105 4 27142.100
105 5 42770.500
105 6 4021.300
105 7 53971.203
105 8 20513.173
105 9 19435.800
105 10 39485.100
105 11 19675.200
105 12 42211.300
105 13 39280.800
105 14 25036.300
105 15 19927.650
105 16 33083.900
105 17 16316.500
105 18 43411.726
105 19 48708.300
105 20 20513.516
105 21 19928.203
105 22 18943.119
105 23 19399.300
105 24 31831.500
105 25 20303.700
105 26 21376.491
105 27 27549.100
105 28 47817.600
105 29 22647.600
105 30 20351.944
105 31 29966.200
105 32 46912.300
105 33 30062.019
105 34 32865.400
105 35 38712.500
105 36 21254.448
105 37 29602.496
105 38 37372.500
105 39 33199.600
105 40 32878.100
105 41 1411.200
105 42 44957.600
105 43 5134.900
105 44 32529.100
105 45 20430.849
105 46 22784.800
105 47 44046.400
105 48 37566.300
105 49 43949.800
105 50 32747.100
105 51 41324.400
105 52 37277.800
105 53 40663.600
105 54 29584.100
105 55 38596.000
105 56 38868.200
105 57 54555.495
105 58 13865.500
105 59 23984.900
105 60 54823.430
105 61 53004.730
105 62 37049.800
105 63 23843.949
105 64 21592.400
105 65 22833.400
105 66 24738.600
105 67 50422.250
105 68 20390.500
105 69 35363.600
105 70 6454.900
105 71 18243.000
105 72 29358.485
105 73 42634.880
105 74 23838.100
105 75 24387.900
105 76 22981.900
105 77 45594.000
105 78 6857.100
105 79 17847.300
105 80 33008.700
105 81 14433.600
105 82 19036.200
105 83 20040.626
105 84 34045.500
105 85 5330.600
105 86 2397.900
105 87 44119.274
105 88 33860.098
105 89 39377.100
105 90 35262.200
105 91 50515.300
105 92 26663.300
105 93 36290.800
105 94 43457.000
105 95 29307.476
105 96 16667.900
105 97 22169.700
105 98 27135.100
105 99 21489.000
105 100 19980.632
105 101 43348.100
105 102 36869.800
105 103 28952.000
105 104 47236.900
105 105 0.000
105 106 34720.800
105 107 49084.784
105 108 39698.800
105 109 29125.737
105 110 17966.300
105 111 39640.700
105 112 49442.112
105 113 43072.200
105 114 24485.201
105 115 19581.513
105 116 18912.941
105 117 37181.300
105 118 38896.100
105 119 30526.700
105 120 42478.100
105 121 40953.500
105 122 35533.000
105 123 42971.201
105 124 47303.800
105 125 12855.900
105 126 19992.290
105 127 51196.492
105 128 37505.700
105 129 30625.361
105 130 28260.400
105 131 24139.700
105 132 17176.700
105 133 22241.600
105 134 6215.800
105 135 16544.981
105 136 24443.200
105 137 37906.000
105 138 38946.900
105 139 11776.400
105 140 38462.100
105 141 48090.853
105 142 19205.800
105 143 28867.600
105 144 31079.900
105 145 14498.200
105 146 28551.300
105 147 17093.900
105 148 24260.200
105 149 36771.900
105 150 30279.246
105 151 29205.800
105 152 38895.200
105 153 34859.700
105 154 47268.300
105 155 18475.700
105 156 51915.402
105 157 19930.301
105 158 41173.100
105 159 43614.401
105 160 10229.400
105 161 48454.986
105 162 35674.236
105 163 17375.000
105 164 6329.400
105 165 18629.500
105 166 45049.400
105 167 22319.400
105 168 38306.900
105 169 37204.100
105 170 40256.700
105 171 62616.271
105 172 46869.000
105 173 35821.800
105 174 45429.900
105 175 15563.000
105 176 37386.239
105 177 32815.000
105 178 2883.400
105 179 25397.900
105 180 16277.700
105 181 18281.200
105 182 20603.135
105 183 2937.400
105 184 37509.200
105 185 19051.200
105 186 5680.000
105 187 34808.000
105 188 19956.861
105 189 16352.600
105 190 24691.800
105 191 24674.800
105 192 32468.700
105 193 44503.700
105 194 9121.400
105 195 16554.100
105 196 44822.122
105 197 39945.200
105 198 19038.100
105 199 27114.900
105 200 46616.900
106 0 16144.400
106 1 46648.166
106 2 35944.600
106 3 11124.400
106 4 16384.900
106 5 13061.600
106 6 30360.000
106 7 22604.577
106 8 50443.182
106 9 23589.000
106 10 14266.500
106 11 33149.000
106 12 9662.000
106 13 34126.400
106 14 21898.500
106 15 46981.453
106 16 7604.300
106 17 25999.000
106 18 10390.598
106 19 30764.100
106 20 50081.324
106 21 46987.226
106 22 48322.745
106 23 23552.500
106 24 41820.600
106 25 16038.300
106 26 50203.427
106 27 36799.000
106 28 29873.400
106 29 12369.600
106 30 49372.037
106 31 39955.300
106 32 32135.900
106 33 11809.576
106 34 27572.400
106 35 23648.900
106 36 50022.545
106 37 11444.699
106 38 11532.700
106 39 31729.600
106 40 26421.500
106 41 33298.400
106 42 29432.000
106 43 31473.600
106 44 29620.800
106 45 41554.475
106 46 36258.600
106 47 13794.300
106 48 32411.900
106 49 11400.400
106 50 11569.100
106 51 8775.100
106 52 13493.500
106 53 8114.200
106 54 11355.300
106 55 6046.700
106 56 33713.800
106 57 38115.005
106 58 27339.300
106 59 20847.000
106 60 36910.818
106 61 20174.403
106 62 31895.400
106 63 22654.997
106 64 31581.500
106 65 32822.500
106 66 21600.700
106 67 34281.266
106 68 30379.700
106 69 2814.300
106 70 36545.300
106 71 23072.400
106 72 49510.641
106 73 10578.781
106 74 11709.000
106 75 10729.400
106 76 13349.500
106 77 27649.900
106 78 30759.100
106 79 22987.700
106 80 27854.300
106 81 27907.300
106 82 32509.900
106 83 43230.245
106 84 13698.900
106 85 27581.100
106 86 31623.300
106 87 12159.120
106 88 47243.921
106 89 14158.500
106 90 6102.600
106 91 32571.200
106 92 35913.200
106 93 5126.800
106 94 25512.900
106 95 11737.196
106 96 25917.700
106 97 13021.100
106 98 36385.000
106 99 21798.800
106 100 47047.074
106 101 27822.500
106 102 4320.500
106 103 13494.300
106 104 14687.500
106 105 32739.100
106 106 0.000
106 107 35055.301
106 108 20840.800
106 109 12032.193
106 110 24114.300
106 111 6613.500
106 112 34446.086
106 113 10522.900
106 114 48211.474
106 115 48599.422
106 116 48304.580
106 117 14572.800
106 118 34338.700
106 119 13561.600
106 120 37323.800
106 121 11244.700
106 122 30378.600
106 123 9946.009
106 124 31778.200
106 125 21829.700
106 126 47060.518
106 127 18791.064
106 128 2464.700
106 129 15623.872
106 130 37510.200
106 131 21001.900
106 132 26859.100
106 133 32230.700
106 134 27892.000
106 135 45703.961
106 136 18721.800
106 137 32751.600
106 138 33792.600
106 139 34575.000
106 140 33307.800
106 141 15118.926
106 142 21092.900
106 143 38117.500
106 144 24623.300
106 145 24489.800
106 146 11523.800
106 147 20825.800
106 148 15384.100
106 149 18827.700
106 150 14621.003
106 151 12269.800
106 152 20037.200
106 153 12283.900
106 154 29324.200
106 155 31949.400
106 156 23997.843
106 157 46974.550
106 158 8623.700
106 159 14752.101
106 160 28276.300
106 161 15607.712
106 162 54840.859
106 163 17440.500
106 164 29252.000
106 165 15831.200
106 166 27105.300
106 167 44319.728
106 168 30237.200
106 169 32049.700
106 170 26395.100
106 171 40012.349
106 172 31150.200
106 173 30667.400
106 174 27485.700
106 175 22397.300
106 176 54959.791
106 177 28685.600
106 178 29768.500
106 179 16521.800
106 180 19806.800
106 181 31754.900
106 182 49613.786
106 183 34293.000
106 184 4959.900
106 185 29299.500
106 186 28974.100
106 187 29653.600
106 188 49363.332
106 189 18074.300
106 190 18754.300
106 191 21536.900
106 192 26020.800
106 193 28978.200
106 194 27868.200
106 195 26174.200
106 196 12455.882
106 197 14726.600
106 198 32511.900
106 199 18514.100
106 200 31091.300
107 0 25821.175
107 1 66712.389
107 2 25404.442
107 3 25166.003
107 4 44074.412
107 5 44832.153
107 6 45759.505
107 7 30410.608
107 8 69541.420
107 9 42829.679
107 10 27208.147
107 11 45490.660
107 12 42058.614
107 13 17068.141
107 14 41845.554
107 15 68730.374
107 16 39194.568
107 17 32945.567
107 18 37012.514
107 19 9491.352
107 20 69581.639
107 21 68732.199
107 22 68027.487
107 23 42580.529
107 24 28579.299
107 25 27175.865
107 26 70458.805
107 27 28814.206
107 28 11864.866
107 29 29564.680
107 30 69435.773
107 31 30691.278
107 32 7360.520
107 33 46177.855
107 34 10646.230
107 35 10929.211
107 36 70334.438
107 37 45677.178
107 38 27758.429
107 39 22582.688
107 40 14072.742
107 41 50355.736
107 42 6501.615
107 43 45996.066
107 44 11722.487
107 45 40495.540
107 46 40689.313
107 47 45454.398
107 48 12969.406
107 49 41979.339
107 50 23465.737
107 51 40493.685
107 52 25227.462
107 53 40509.321
107 54 38709.320
107 55 37781.081
107 56 21849.882
107 57 5771.297
107 58 36167.615
107 59 43882.962
107 60 7062.302
107 61 36338.335
107 62 22399.259
107 63 54121.015
107 64 33174.637
107 65 35107.830
107 66 42920.209
107 67 2997.876
107 68 35003.227
107 69 35258.710
107 70 52995.979
107 71 45861.551
107 72 42429.781
107 73 40882.469
107 74 30132.438
107 75 28980.558
107 76 27573.679
107 77 12802.357
107 78 46952.053
107 79 43437.095
107 80 17473.656
107 81 38941.803
107 82 36344.154
107 83 43063.904
107 84 22698.551
107 85 47707.175
107 86 47469.310
107 87 41885.009
107 88 34301.552
107 89 27439.344
107 90 38219.548
107 91 12860.755
107 92 23932.175
107 93 37185.039
107 94 14095.340
107 95 45866.937
107 96 31943.698
107 97 30898.393
107 98 24772.804
107 99 42938.327
107 100 68788.282
107 101 3945.867
107 102 37248.056
107 103 23686.746
107 104 44733.000
107 105 49084.784
107 106 35055.301
107 107 0.000
107 108 23263.009
107 109 46095.414
107 110 45141.689
107 111 40350.477
107 112 1353.660
107 113 42992.575
107 114 45695.144
107 115 68662.960
107 116 67997.208
107 117 21754.709
107 118 10465.479
107 119 21822.552
107 120 13454.563
107 121 44056.977
107 122 21049.692
107 123 35309.216
107 124 5526.612
107 125 42638.418
107 126 68800.782
107 127 33319.364
107 128 37357.501
107 129 49989.361
107 130 28113.853
107 131 43033.811
107 132 33168.077
107 133 34110.131
107 134 50143.915
107 135 65611.804
107 136 44589.223
107 137 12774.860
107 138 17107.786
107 139 47461.046
107 140 11690.823
107 141 39318.788
107 142 45704.094
107 143 25754.216
107 144 12696.305
107 145 36208.977
107 146 39945.728
107 147 30145.135
107 148 37311.484
107 149 17437.134
107 150 48948.827
107 151 40577.623
107 152 21128.912
107 153 24047.679
107 154 13461.146
107 155 37829.489
107 156 21956.133
107 157 68730.824
107 158 41165.915
107 159 47365.722
107 160 49557.160
107 161 34923.862
107 162 44111.945
107 163 37531.855
107 164 45781.654
107 165 36141.481
107 166 11173.146
107 167 42234.975
107 168 10999.271
107 169 14462.985
107 170 6891.363
107 171 17242.604
107 172 8709.193
107 173 14089.476
107 174 10320.814
107 175 41690.363
107 176 42437.470
107 177 11097.779
107 178 46440.385
107 179 35806.386
107 180 30481.844
107 181 35877.670
107 182 69687.286
107 183 51458.435
107 184 38095.340
107 185 34690.037
107 186 43323.699
107 187 17399.001
107 188 69037.594
107 189 38235.986
107 190 22306.802
107 191 43742.245
107 192 12792.650
107 193 5254.203
107 194 50074.403
107 195 36190.803
107 196 41043.555
107 197 29129.224
107 198 37942.703
107 199 20327.779
107 200 3668.995
108 0 21098.800
108 1 57859.646
108 2 42903.200
108 3 13343.800
108 4 28393.600
108 5 22666.000
108 6 37305.300
108 7 12819.654
108 8 61434.192
108 9 34083.900
108 10 9792.500
108 11 38821.300
108 12 19266.300
108 13 32732.800
108 14 32393.400
108 15 58773.762
108 16 23979.800
108 17 32502.900
108 18 13750.042
108 19 15371.700
108 20 61200.172
108 21 58778.379
108 22 59460.904
108 23 34047.400
108 24 48332.100
108 25 20992.700
108 26 61582.100
108 27 43757.600
108 28 14481.000
108 29 18357.300
108 30 60663.287
108 31 46466.700
108 32 16743.400
108 33 26154.366
108 34 21956.700
108 35 11914.200
108 36 61415.446
108 37 25806.676
108 38 8726.700
108 39 32356.000
108 40 27154.100
108 41 41095.700
108 42 15502.700
108 43 38418.900
108 44 24005.100
108 45 44103.547
108 46 41930.900
108 47 23398.700
108 48 26764.400
108 49 27197.500
108 50 8938.400
108 51 18379.400
108 52 7740.700
108 53 17718.600
108 54 23942.100
108 55 22207.400
108 56 34340.200
108 57 25066.888
108 58 33011.600
108 59 31341.900
108 60 23498.046
108 61 15441.482
108 62 32521.800
108 63 36751.643
108 64 38093.000
108 65 39334.000
108 66 32095.600
108 67 21735.378
108 68 36891.100
108 69 18975.000
108 70 43490.600
108 71 33567.300
108 72 50245.216
108 73 17699.824
108 74 17696.700
108 75 16092.400
108 76 18303.900
108 77 12257.500
108 78 36431.400
108 79 30759.200
108 80 28517.500
108 81 33579.700
108 82 38182.300
108 83 46310.867
108 84 8563.000
108 85 35352.500
108 86 38568.600
108 87 18638.478
108 88 45388.442
108 89 9684.500
108 90 22676.300
108 91 17178.700
108 92 42871.700
108 93 24015.100
108 94 10120.400
108 95 26103.299
108 96 32876.300
108 97 19604.400
108 98 32470.300
108 99 32293.700
108 100 58838.570
108 101 19668.100
108 102 20481.200
108 103 11401.000
108 104 30484.600
108 105 39684.500
108 106 21171.100
108 107 23263.009
108 108 0.000
108 109 26399.218
108 110 34609.200
108 111 18303.900
108 112 22339.263
108 113 20127.200
108 114 50721.286
108 115 59868.803
108 116 59438.020
108 117 3233.800
108 118 28723.100
108 119 10300.200
108 120 31623.300
108 121 20849.000
108 122 31005.100
108 123 12047.004
108 124 19150.600
108 125 29601.100
108 126 58852.058
108 127 12478.646
108 128 21117.100
108 129 29936.609
108 130 44468.800
108 131 31496.800
108 132 33363.000
108 133 38742.200
108 134 35663.400
108 135 56831.047
108 136 29216.700
108 137 27397.100
108 138 32398.900
108 139 40247.400
108 140 27660.300
108 141 16365.592
108 142 31587.800
108 143 33344.100
108 144 21793.900
108 145 31001.200
108 146 24507.300
108 147 25780.200
108 148 24320.900
108 149 7035.900
108 150 28950.300
108 151 24278.600
108 152 2077.800
108 153 9377.200
108 154 13931.800
108 155 37621.800
108 156 10239.990
108 157 58769.113
108 158 18228.100
108 159 24281.258
108 160 36047.800
108 161 12534.122
108 162 54438.123
108 163 25211.900
108 164 37834.400
108 165 23602.600
108 166 11712.900
108 167 46697.135
108 168 24621.600
108 169 26569.400
108 170 18240.700
108 171 25658.130
108 172 15757.800
108 173 25997.700
108 174 12093.300
108 175 30168.800
108 176 53831.101
108 177 23070.000
108 178 37351.700
108 179 25458.600
108 180 24761.200
108 181 37427.300
108 182 60915.038
108 183 42499.300
108 184 21120.600
108 185 35803.400
108 186 35919.400
108 187 30983.500
108 188 60521.381
108 189 25845.700
108 190 19997.600
108 191 32031.800
108 192 20405.200
108 193 16523.600
108 194 35639.700
108 195 32685.600
108 196 17780.554
108 197 6840.800
108 198 38184.200
108 199 16048.700
108 200 22936.900
109 0 24790.412
109 1 38950.537
109 2 41292.137
109 3 21419.373
109 4 4131.980
109 5 11157.883
109 6 29126.967
109 7 33424.075
109 8 42866.744
109 9 13093.217
109 10 23447.747
109 11 31615.162
109 12 11126.587
109 13 48131.247
109 14 8684.957
109 15 38533.640
109 16 6987.728
109 17 31046.036
109 18 18876.334
109 19 41450.080
109 20 42363.183
109 21 38540.692
109 22 40647.761
109 23 12227.038
109 24 45073.343
109 25 24315.591
109 26 42162.864
109 27 42357.536
109 28 42225.029
109 29 19907.393
109 30 41468.529
109 31 45112.389
109 32 43472.676
109 33 944.527
109 34 38082.177
109 35 35913.679
109 36 41970.657
109 37 711.781
109 38 21296.676
109 39 43383.281
109 40 37555.130
109 41 29233.239
109 42 42028.627
109 43 30382.376
109 44 37367.696
109 45 43215.608
109 46 41145.568
109 47 11651.306
109 48 43321.936
109 49 15348.204
109 50 22948.451
109 51 15746.241
109 52 23927.563
109 53 12556.616
109 54 8352.535
109 55 12092.404
109 56 46953.578
109 57 49625.317
109 58 28565.658
109 59 8770.425
109 60 48581.171
109 61 29386.730
109 62 44819.206
109 63 11418.165
109 64 37885.427
109 65 33234.867
109 66 8672.586
109 67 45643.311
109 68 37600.376
109 69 12646.562
109 70 34147.223
109 71 11459.984
109 72 52103.103
109 73 16104.979
109 74 18481.240
109 75 19074.805
109 76 22034.181
109 77 39773.934
109 78 26829.399
109 79 14625.741
109 80 41153.365
109 81 30769.922
109 82 35381.206
109 83 44291.683
109 84 24057.446
109 85 24847.562
109 86 27459.410
109 87 17222.152
109 88 51963.041
109 89 22556.999
109 90 8175.216
109 91 41983.625
109 92 39948.837
109 93 9096.986
109 94 37409.355
109 95 327.301
109 96 29359.176
109 97 19350.846
109 98 40843.550
109 99 10780.285
109 100 38597.949
109 101 42151.366
109 102 11812.621
109 103 22485.827
109 104 12722.713
109 105 29125.737
109 106 12032.193
109 107 46095.414
109 108 26399.218
109 109 0.000
109 110 11347.597
109 111 10390.317
109 112 45629.686
109 113 10870.273
109 114 49406.870
109 115 40751.612
109 116 40636.129
109 117 26104.972
109 118 43981.699
109 119 24303.856
109 120 47396.704
109 121 9667.752
109 122 42928.104
109 123 19407.957
109 124 45367.095
109 125 17909.858
109 126 38610.856
109 127 28883.146
109 128 11143.751
109 129 3919.769
109 130 42230.287
109 131 9314.209
109 132 32061.919
109 133 39690.702
109 134 24186.561
109 135 38153.346
109 136 7713.076
109 137 44311.226
109 138 47391.195
109 139 33697.940
109 140 44402.127
109 141 22612.452
109 142 9888.949
109 143 42907.484
109 144 36966.351
109 145 27835.411
109 146 7112.785
109 147 26348.378
109 148 15091.397
109 149 29634.699
109 150 2885.848
109 151 6220.166
109 152 27414.547
109 153 22943.740
109 154 40903.410
109 155 34616.234
109 156 35879.849
109 157 38524.084
109 158 11813.772
109 159 14892.677
109 160 19709.422
109 161 25138.828
109 162 58050.661
109 163 19307.924
109 164 26728.210
109 165 17817.981
109 166 37660.860
109 167 45903.152
109 168 41934.197
109 169 39278.905
109 170 39254.101
109 171 52040.933
109 172 41407.165
109 173 40613.565
109 174 38518.308
109 175 16218.239
109 176 58726.971
109 177 38314.567
109 178 27322.496
109 179 16922.759
109 180 26840.611
109 181 33693.677
109 182 41689.225
109 183 31072.921
109 184 11352.853
109 185 33900.164
109 186 26801.797
109 187 44527.941
109 188 41623.867
109 189 18817.541
109 190 29886.998
109 191 8069.512
109 192 35822.865
109 193 42357.553
109 194 20990.379
109 195 30056.012
109 196 18334.732
109 197 23124.803
109 198 36617.950
109 199 28079.357
109 200 44088.533
110 0 22361.000
110 1 29055.238
110 2 30214.500
110 3 24594.700
110 4 7993.500
110 5 28040.600
110 6 15698.500
110 7 40218.893
110 8 32898.229
110 9 5339.100
110 10 33640.800
110 11 23341.000
110 12 27442.200
110 13 39453.800
110 14 5887.700
110 15 29285.603
110 16 18353.900
110 17 20024.600
110 18 27409.305
110 19 45417.000
110 20 32497.217
110 21 29291.416
110 22 30742.513
110 23 5302.600
110 24 35466.100
110 25 19950.700
110 26 32553.060
110 27 31325.700
110 28 44526.400
110 29 19570.500
110 30 31744.075
110 31 33600.700
110 32 46788.800
110 33 12284.700
110 34 40437.100
110 35 38805.200
110 36 32369.873
110 37 11833.493
110 38 31528.100
110 39 37382.800
110 40 33991.700
110 41 18636.900
110 42 44588.300
110 43 16812.100
110 44 33642.700
110 45 33201.993
110 46 26450.600
110 47 29316.500
110 48 37739.300
110 49 34477.800
110 50 27822.400
110 51 31852.400
110 52 31935.200
110 53 31191.600
110 54 13839.700
110 55 29124.000
110 56 40554.300
110 57 49651.569
110 58 17531.300
110 59 4836.200
110 60 49132.813
110 61 37708.330
110 62 38735.900
110 63 9928.497
110 64 25227.000
110 65 26468.000
110 66 5590.000
110 67 45434.725
110 68 24025.100
110 69 25891.600
110 70 21883.900
110 71 876.500
110 72 42345.859
110 73 25800.812
110 74 18790.500
110 75 22269.400
110 76 24480.900
110 77 42302.800
110 78 14933.400
110 79 4135.400
110 80 34694.800
110 81 18099.400
110 82 22702.000
110 83 33963.914
110 84 29840.300
110 85 12919.600
110 86 16961.800
110 87 27176.569
110 88 43541.075
110 89 33532.800
110 90 19882.400
110 91 47224.100
110 92 30183.100
110 93 21499.600
110 94 40165.800
110 95 11532.313
110 96 20187.600
110 97 16931.800
110 98 30654.900
110 99 5553.100
110 100 29351.224
110 101 42978.800
110 102 27397.800
110 103 26983.300
110 104 37764.900
110 105 18077.700
110 106 25248.800
110 107 45141.689
110 108 35493.700
110 109 11347.597
110 110 0.000
110 111 24910.800
110 112 45004.393
110 113 27104.600
110 114 39030.095
110 115 30980.226
110 116 30725.932
110 117 32976.100
110 118 39069.000
110 119 28214.600
110 120 42651.100
110 121 26223.600
110 122 37219.200
110 123 27367.599
110 124 46934.500
110 125 8956.200
110 126 29364.661
110 127 36479.026
110 128 28033.700
110 129 13143.001
110 130 32037.000
110 131 4991.100
110 132 20884.800
110 133 25876.200
110 134 13230.600
110 135 28144.612
110 136 5294.600
110 137 38078.900
110 138 39119.900
110 139 24767.100
110 140 38635.100
110 141 31823.921
110 142 3664.400
110 143 32387.400
110 144 32193.500
110 145 17953.100
110 146 13624.400
110 147 20888.700
110 148 17231.900
110 149 33480.600
110 150 12661.654
110 151 14192.800
110 152 34690.100
110 153 30654.500
110 154 43977.100
110 155 22141.500
110 156 40461.050
110 157 29278.623
110 158 31701.100
110 159 25983.016
110 160 10068.500
110 161 33173.693
110 162 48512.887
110 163 10346.700
110 164 14590.500
110 165 10936.100
110 166 41758.200
110 167 35777.989
110 168 43102.000
110 169 37377.000
110 170 41551.400
110 171 54620.201
110 172 45803.100
110 173 35994.700
110 174 42138.700
110 175 5570.900
110 176 49504.215
110 177 41550.400
110 178 15107.000
110 179 18369.600
110 180 20460.900
110 181 21947.000
110 182 31982.469
110 183 19631.500
110 184 28037.200
110 185 22717.000
110 186 14312.600
110 187 36494.100
110 188 31771.308
110 189 9324.400
110 190 26324.500
110 191 5526.100
110 192 38885.500
110 193 44134.500
110 194 10126.600
110 195 20219.900
110 196 28056.719
110 197 34100.900
110 198 22703.900
110 199 28228.500
110 200 46247.600
111 0 22986.600
111 1 48495.812
111 2 42786.800
111 3 17966.700
111 4 15760.200
111 5 6247.100
111 6 37202.200
111 7 23245.091
111 8 52380.003
111 9 24087.300
111 10 11703.000
111 11 39991.200
111 12 2847.400
111 13 40968.700
111 14 22396.800
111 15 48384.757
111 16 6828.800
111 17 32841.200
111 18 8487.066
111 19 34742.500
111 20 51935.723
111 21 48391.355
111 22 50192.679
111 23 24050.800
111 24 48662.900
111 25 22880.500
111 26 51870.003
111 27 43641.200
111 28 33851.800
111 29 19211.800
111 30 51115.569
111 31 46797.500
111 32 36114.300
111 33 9727.646
111 34 31550.800
111 35 27627.300
111 36 51681.536
111 37 9679.442
111 38 12758.700
111 39 38571.900
111 40 33084.300
111 41 40140.600
111 42 33410.400
111 43 38315.800
111 44 33599.100
111 45 46936.492
111 46 43100.800
111 47 6979.800
111 48 36358.500
111 49 4853.400
111 50 16403.600
111 51 5704.200
111 52 17471.900
111 53 2429.900
111 54 11214.400
111 55 4675.700
111 56 40556.000
111 57 42970.211
111 58 34181.500
111 59 21345.300
111 60 41569.220
111 61 18999.579
111 62 38737.600
111 63 21808.108
111 64 38423.800
111 65 39664.700
111 66 22099.100
111 67 39323.732
111 68 37221.900
111 69 6892.200
111 70 43387.600
111 71 23570.700
111 72 55142.040
111 73 6180.919
111 74 18551.300
111 75 17571.600
111 76 20191.800
111 77 31628.300
111 78 37601.300
111 79 26995.100
111 80 34696.500
111 81 34749.600
111 82 39352.200
111 83 48476.556
111 84 17677.300
111 85 34423.300
111 86 38465.500
111 87 7599.548
111 88 53215.347
111 89 11595.000
111 90 8067.200
111 91 36549.500
111 92 42755.400
111 93 7289.500
111 94 29491.300
111 95 10064.451
111 96 32760.000
111 97 19863.300
111 98 43227.200
111 99 22297.100
111 100 48449.876
111 101 31800.900
111 102 4462.900
111 103 17472.600
111 104 11616.600
111 105 39581.400
111 106 6574.100
111 107 40350.477
111 108 24819.200
111 109 10390.317
111 110 24612.600
111 111 0.000
111 112 39640.876
111 113 3708.300
111 114 53522.994
111 115 50371.518
111 116 50178.130
111 117 18551.200
111 118 38317.100
111 119 17540.000
111 120 44166.000
111 121 4430.100
111 122 37220.900
111 123 9116.057
111 124 35756.600
111 125 28671.900
111 126 48463.050
111 127 18550.563
111 128 4953.400
111 129 12916.179
111 130 44352.500
111 131 21500.200
111 132 33701.400
111 133 39073.000
111 134 34734.300
111 135 47628.703
111 136 19220.100
111 137 36991.100
111 138 40634.800
111 139 41417.300
111 140 37254.300
111 141 12390.137
111 142 21591.200
111 143 44959.700
111 144 30888.300
111 145 31332.000
111 146 10870.600
111 147 27668.100
111 148 20311.800
111 149 22806.100
111 150 12104.511
111 151 10919.800
111 152 24015.500
111 153 16262.300
111 154 33302.600
111 155 38791.700
111 156 26647.500
111 157 48376.168
111 158 1809.100
111 159 8701.526
111 160 32201.900
111 161 14764.173
111 162 60608.043
111 163 24282.800
111 164 36094.200
111 165 22673.400
111 166 31083.700
111 167 49702.001
111 168 34215.600
111 169 36163.500
111 170 30373.400
111 171 43560.708
111 172 35128.600
111 173 35591.700
111 174 31464.100
111 175 26735.200
111 176 60819.436
111 177 32664.000
111 178 36610.700
111 179 21449.500
111 180 26649.000
111 181 38597.200
111 182 51346.163
111 183 41135.200
111 184 4039.800
111 185 36141.800
111 186 35816.300
111 187 36495.800
111 188 51201.888
111 189 24916.500
111 190 25596.500
111 191 22035.200
111 192 29999.200
111 193 32956.500
111 194 34710.500
111 195 33016.400
111 196 8435.398
111 197 12446.600
111 198 39354.100
111 199 22492.500
111 200 35069.700
112 0 25926.078
112 1 67047.144
112 2 26330.001
112 3 24890.705
112 4 43713.034
112 5 44071.186
112 6 46152.251
112 7 29166.071
112 8 69927.500
112 9 42744.548
112 10 26293.931
112 11 45959.463
112 12 41308.162
112 13 18308.152
112 14 41607.960
112 15 69007.210
112 16 38699.045
112 17 33462.961
112 18 36084.875
112 19 8182.330
112 20 69952.280
112 21 69009.206
112 22 68382.837
112 23 42466.836
112 24 29612.439
112 25 27303.854
112 26 70803.680
112 27 29756.726
112 28 10517.651
112 29 29509.806
112 30 69783.630
112 31 31705.598
112 32 6011.527
112 33 45686.139
112 34 11089.182
112 35 10120.141
112 36 70676.518
112 37 45195.613
112 38 26939.821
112 39 23604.380
112 40 14683.619
112 41 50700.615
112 42 5260.601
112 43 46423.557
112 44 12161.881
112 45 41352.571
112 46 41485.711
112 47 44681.576
112 48 14015.061
112 49 41117.388
112 50 22870.935
112 51 39627.417
112 52 24366.662
112 53 39731.311
112 54 38366.903
112 55 37061.348
112 56 23005.467
112 57 5134.802
112 58 36594.749
112 59 43666.193
112 60 6044.240
112 61 35166.430
112 62 23476.260
112 63 53865.408
112 64 33935.937
112 65 35700.463
112 66 42694.143
112 67 1684.241
112 68 35743.181
112 69 34597.759
112 70 53443.867
112 71 45725.722
112 72 43490.984
112 73 40005.024
112 74 30007.934
112 75 28830.788
112 76 27568.074
112 77 11506.227
112 78 47265.473
112 79 43401.014
112 80 18404.893
112 81 39435.111
112 82 37002.701
112 83 43920.104
112 84 22035.163
112 85 47954.828
112 86 47796.060
112 87 40976.879
112 88 35458.279
112 89 26562.601
112 90 37691.263
112 91 11514.070
112 92 24808.681
112 93 36667.322
112 94 12874.799
112 95 45394.791
112 96 32393.155
112 97 30865.402
112 98 25683.590
112 99 42780.082
112 100 69065.701
112 101 3725.569
112 102 36553.771
112 103 23311.157
112 104 43933.021
112 105 49442.112
112 106 34446.086
112 107 1353.660
112 108 22339.263
112 109 45629.686
112 110 45004.393
112 111 39640.876
112 112 0.000
112 113 42243.459
112 114 46649.171
112 115 69007.237
112 116 68352.887
112 117 20947.546
112 118 11548.569
112 119 21426.969
112 120 14704.485
112 121 43335.535
112 122 22061.245
112 123 34382.923
112 124 4199.685
112 125 42705.837
112 126 69078.297
112 127 32160.192
112 128 36689.506
112 129 49510.331
112 130 29057.132
112 131 42829.308
112 132 33723.350
112 133 34924.439
112 134 50345.527
112 135 65947.048
112 136 44342.812
112 137 13881.052
112 138 18322.608
112 139 47968.824
112 140 12804.057
112 141 38287.515
112 142 45522.357
112 143 26737.785
112 144 13162.729
112 145 36610.244
112 146 39590.734
112 147 30449.881
112 148 37243.925
112 149 16673.313
112 150 48470.490
112 151 40200.162
112 152 20251.416
112 153 23361.487
112 154 12129.194
112 155 38453.663
112 156 20687.305
112 157 69007.360
112 158 40403.264
112 159 46522.221
112 160 49634.796
112 161 33845.106
112 162 45279.536
112 163 37629.278
112 164 46102.908
112 165 36165.507
112 166 10063.347
112 167 43144.279
112 168 11920.640
112 169 15236.734
112 170 6681.212
112 171 16101.150
112 172 7420.005
112 173 14958.042
112 174 9185.300
112 175 41702.742
112 176 43638.203
112 177 11618.101
112 178 46773.279
112 179 35787.558
112 180 30813.352
112 181 36482.698
112 182 70035.906
112 183 51841.368
112 184 37396.724
112 185 35307.259
112 186 43666.189
112 187 18497.840
112 188 69398.924
112 189 38320.852
112 190 22623.748
112 191 43502.977
112 192 13109.866
112 193 4091.413
112 194 50183.598
112 195 36670.124
112 196 40109.936
112 197 28176.669
112 198 38629.556
112 199 20374.797
112 200 2379.752
113 0 24809.900
113 1 49686.996
113 2 44610.100
113 3 19790.000
113 4 18000.300
113 5 3250.800
113 6 39025.500
113 7 24080.461
113 8 53593.939
113 9 26327.400
113 10 13526.300
113 11 41814.500
113 12 1049.700
113 13 42792.000
113 14 24636.900
113 15 49372.811
113 16 9068.800
113 17 34664.500
113 18 8999.149
113 19 36565.800
113 20 53113.937
113 21 49379.755
113 22 51385.836
113 23 26290.900
113 24 50486.100
113 25 24703.800
113 26 52962.409
113 27 45464.500
113 28 35675.100
113 29 21035.100
113 30 52246.706
113 31 48620.800
113 32 37937.500
113 33 10042.855
113 34 33374.000
113 35 29450.600
113 36 52771.303
113 37 10178.466
113 38 14581.900
113 39 40395.100
113 40 34907.600
113 41 41963.900
113 42 35233.700
113 43 40139.100
113 44 35422.400
113 45 49641.901
113 46 44924.100
113 47 3983.500
113 48 38181.700
113 49 4035.500
113 50 18226.900
113 51 7527.500
113 52 19295.200
113 53 3259.000
113 54 13454.500
113 55 6499.000
113 56 42379.300
113 57 45424.629
113 58 36004.800
113 59 23585.400
113 60 43945.366
113 61 19081.042
113 62 40560.900
113 63 22054.562
113 64 40247.000
113 65 41488.000
113 66 24339.100
113 67 41864.882
113 68 39045.200
113 69 8715.500
113 70 45210.800
113 71 25810.800
113 72 57939.718
113 73 5386.606
113 74 20374.500
113 75 19394.900
113 76 22015.000
113 77 33451.600
113 78 39424.600
113 79 29235.200
113 80 36519.800
113 81 36572.900
113 82 41175.500
113 83 51125.891
113 84 19500.600
113 85 36246.600
113 86 40288.800
113 87 6364.153
113 88 56147.556
113 89 13418.300
113 90 10307.300
113 91 38372.800
113 92 44578.700
113 93 10320.100
113 94 31314.500
113 95 10565.849
113 96 34583.200
113 97 21686.600
113 98 45050.500
113 99 24537.200
113 100 49437.354
113 101 33624.200
113 102 7493.500
113 103 19295.900
113 104 9352.000
113 105 41404.700
113 106 10948.300
113 107 42992.575
113 108 26642.400
113 109 10870.273
113 110 26852.700
113 111 3708.300
113 112 42243.459
113 113 0.000
113 114 56192.717
113 115 51519.169
113 116 51373.003
113 117 20374.400
113 118 40140.400
113 119 19363.300
113 120 45989.300
113 121 1433.900
113 122 39044.200
113 123 10090.682
113 124 37579.800
113 125 30495.200
113 126 49450.334
113 127 19113.754
113 128 7984.000
113 129 12549.657
113 130 46175.800
113 131 23740.300
113 132 35524.600
113 133 40896.300
113 134 36557.500
113 135 48859.284
113 136 21460.200
113 137 38814.400
113 138 42458.100
113 139 43240.600
113 140 39077.600
113 141 11961.588
113 142 23831.300
113 143 46783.000
113 144 32711.600
113 145 33155.300
113 146 13110.700
113 147 29491.300
113 148 24049.600
113 149 24629.400
113 150 11916.984
113 151 13159.900
113 152 25838.800
113 153 18085.600
113 154 35125.900
113 155 40615.000
113 156 28297.004
113 157 49363.488
113 158 2339.000
113 159 5796.907
113 160 36941.900
113 161 15212.097
113 162 63457.729
113 163 26106.000
113 164 37917.500
113 165 24496.700
113 166 32907.000
113 167 52404.328
113 168 36038.900
113 169 37986.700
113 170 32196.700
113 171 45456.675
113 172 36951.900
113 173 37415.000
113 174 33287.400
113 175 28975.300
113 176 63706.131
113 177 34487.300
113 178 38434.000
113 179 25187.300
113 180 28472.300
113 181 40420.500
113 182 52471.138
113 183 42958.500
113 184 7070.400
113 185 37965.100
113 186 37639.600
113 187 38319.100
113 188 52376.112
113 189 26739.800
113 190 27419.800
113 191 24275.300
113 192 31822.500
113 193 34779.800
113 194 36533.800
113 195 34839.700
113 196 7534.311
113 197 14269.800
113 198 41177.400
113 199 24315.700
113 200 36892.900
114 0 31320.278
114 1 35819.783
114 2 20332.046
114 3 38526.143
114 4 45276.251
114 5 57669.074
114 6 22245.507
114 7 63513.548
114 8 36355.010
114 9 36608.492
114 10 52258.360
114 11 19541.118
114 12 55683.390
114 13 30422.510
114 14 40724.104
114 15 39265.740
114 16 46927.599
114 17 19957.979
114 18 57913.547
114 19 51174.816
114 20 36880.721
114 21 39261.541
114 22 36152.786
114 23 37370.818
114 24 17367.023
114 25 30492.183
114 26 38406.174
114 27 16893.827
114 28 53948.481
114 29 33894.293
114 30 37498.005
114 31 15176.106
114 32 50732.902
114 33 50238.706
114 34 36694.719
114 35 45825.010
114 36 38396.731
114 37 49662.926
114 38 50292.711
114 39 23204.235
114 40 32804.968
114 41 25419.615
114 42 48623.242
114 43 21096.584
114 44 35816.709
114 45 6718.399
114 46 8381.099
114 47 58425.333
114 48 32781.536
114 49 59001.606
114 50 44360.962
114 51 58211.043
114 52 50193.394
114 53 55600.063
114 54 42531.076
114 55 52448.471
114 56 24973.544
114 57 51387.763
114 58 21135.091
114 59 40908.696
114 60 52693.011
114 61 65208.961
114 62 23665.332
114 63 47297.814
114 64 14559.490
114 65 17066.294
114 66 40799.109
114 67 48170.338
114 68 13572.463
114 69 49647.655
114 70 22978.763
114 71 39281.772
114 72 6190.367
114 73 58789.446
114 74 35418.990
114 75 35965.914
114 76 33065.060
114 77 52985.393
114 78 25276.088
114 79 35339.983
114 80 28244.975
114 81 18637.985
114 82 14717.122
114 83 5117.313
114 84 45479.697
114 85 27740.130
114 86 24983.686
114 87 60370.049
114 88 14891.800
114 89 51492.001
114 90 47404.174
114 91 54666.686
114 92 21959.638
114 93 46683.543
114 94 52184.436
114 95 49479.448
114 96 21993.185
114 97 33347.112
114 98 21000.055
114 99 38810.987
114 100 39291.050
114 101 44073.945
114 102 51478.630
114 103 40367.237
114 104 58817.630
114 105 24485.201
114 106 48211.474
114 107 45695.144
114 108 50721.286
114 109 49406.870
114 110 39030.095
114 111 53522.994
114 112 46649.171
114 113 56192.717
114 114 0.000
114 115 37007.419
114 116 36118.616
114 117 47891.479
114 118 35323.927
114 119 40695.272
114 120 33615.862
114 121 55988.260
114 122 24696.497
114 123 56862.398
114 124 50278.292
114 125 31974.465
114 126 39297.490
114 127 62615.642
114 128 50814.181
114 129 52003.677
114 130 17592.865
114 131 40209.708
114 132 18956.313
114 133 12867.416
114 134 30239.453
114 135 34978.419
114 136 42088.900
114 137 33132.048
114 138 29985.684
114 139 18602.430
114 140 34208.767
114 141 62568.693
114 142 40617.733
114 143 19957.661
114 144 34849.272
114 145 21841.223
114 146 43335.904
114 147 25923.520
114 148 34691.043
114 149 46118.388
114 150 51376.089
114 151 44216.250
114 152 48999.210
114 153 46231.127
114 154 54455.763
114 155 14993.378
114 156 58313.692
114 157 39275.935
114 158 55526.959
114 159 61919.815
114 160 34098.314
114 161 61129.069
114 162 11787.517
114 163 30208.129
114 164 24681.050
114 165 32078.858
114 166 49125.903
114 167 4027.285
114 168 34728.546
114 169 31655.767
114 170 42530.651
114 171 62537.691
114 172 50358.464
114 173 31731.499
114 174 49113.532
114 175 33378.391
114 176 14061.830
114 177 35923.465
114 178 24465.454
114 179 33178.026
114 180 25220.052
114 181 16374.763
114 182 37672.264
114 183 24559.508
114 184 52023.292
114 185 16660.807
114 186 23467.423
114 187 28623.010
114 188 36749.148
114 189 30629.051
114 190 29385.939
114 191 41518.523
114 192 35746.291
114 193 47534.483
114 194 33290.185
114 195 19685.021
114 196 60620.814
114 197 54142.834
114 198 13116.580
114 199 34172.864
114 200 47637.727
115 0 43628.297
115 1 2016.623
115 2 47699.362
115 3 47756.479
115 4 37990.287
115 5 51908.503
115 6 22976.276
115 7 70883.210
115 8 2397.075
115 9 31269.595
115 10 58822.256
115 11 23736.624
115 12 51633.954
115 13 59493.530
115 14 35588.638
115 15 3524.499
115 16 43918.887
115 17 36213.257
115 18 58371.175
115 19 69399.962
115 20 1681.242
115 21 3515.727
115 22 856.462
115 23 32092.908
115 24 48004.126
115 25 42189.488
115 26 1796.505
115 27 45644.842
115 28 71471.014
115 29 41515.392
115 30 797.450
115 31 46287.090
115 32 70301.947
115 33 41647.166
115 34 58021.066
115 35 62829.129
115 36 1674.536
115 37 41412.300
115 38 56263.506
115 39 51425.650
115 40 54869.450
115 41 18308.071
115 42 68194.615
115 43 22914.095
115 44 56946.342
115 45 35892.869
115 46 34008.380
115 47 52382.046
115 48 58441.841
115 49 55906.130
115 50 53488.763
115 51 56055.671
115 52 57944.949
115 53 52764.244
115 54 40009.021
115 55 51143.430
115 56 54917.703
115 57 74113.305
115 58 32613.584
115 59 33866.543
115 60 74331.075
115 61 68685.657
115 62 52684.113
115 63 30838.836
115 64 38852.350
115 65 34801.251
115 66 34665.455
115 67 69963.280
115 68 36998.511
115 69 49971.496
115 70 16350.438
115 71 30495.067
115 72 43053.638
115 73 56494.192
115 74 41868.536
115 75 43141.332
115 76 42801.566
115 77 69476.620
115 78 21768.946
115 79 29752.348
115 80 53806.465
115 81 30252.728
115 82 34534.481
115 83 34373.005
115 84 55018.305
115 85 21420.758
115 86 21217.609
115 87 57769.769
115 88 49990.863
115 89 57800.386
115 90 45220.567
115 91 71740.126
115 92 48034.931
115 93 45318.608
115 94 67601.168
115 95 41035.106
115 96 36869.044
115 97 40101.377
115 98 47914.378
115 99 32915.416
115 100 3496.744
115 101 65406.460
115 102 50449.075
115 103 50134.052
115 104 53474.251
115 105 19581.513
115 106 48599.422
115 107 68662.960
115 108 59868.803
115 109 40751.612
115 110 30980.226
115 111 50371.518
115 112 69007.237
115 113 51519.169
115 114 37007.419
115 115 0.000
115 116 890.216
115 117 57951.264
115 118 60606.126
115 119 51713.601
115 120 61334.933
115 121 50402.142
115 122 52270.199
115 123 58346.789
115 124 71099.802
115 125 28467.807
115 126 3492.412
115 127 67384.336
115 128 49612.887
115 129 40429.623
115 130 46134.895
115 131 34031.470
115 132 36270.607
115 133 39136.145
115 134 19639.125
115 135 3090.826
115 136 34315.581
115 137 59266.790
115 138 58781.146
115 139 22345.582
115 140 60072.988
115 141 62709.474
115 142 31862.533
115 143 48566.968
115 144 55989.801
115 145 32502.256
115 146 39692.863
115 147 38566.054
115 148 35158.530
115 149 59094.731
115 150 40579.045
115 151 39997.193
115 152 59488.859
115 153 54779.884
115 154 70985.462
115 155 32728.990
115 156 70025.382
115 157 3540.054
115 158 52153.129
115 159 55477.907
115 160 22494.096
115 161 64144.504
115 162 48734.009
115 163 32640.661
115 164 22915.629
115 165 34788.392
115 166 65935.211
115 167 36689.798
115 168 58991.459
115 169 55138.814
115 170 62707.556
115 171 81853.941
115 172 68887.634
115 173 56042.076
115 174 66438.963
115 175 30203.540
115 176 51069.062
115 177 57620.189
115 178 22235.198
115 179 35660.341
115 180 38194.011
115 181 34234.956
115 182 1052.018
115 183 17276.895
115 184 50404.797
115 185 35459.341
115 186 25342.079
115 187 56170.829
115 188 978.828
115 189 32142.671
115 190 46383.511
115 191 34563.933
115 192 55900.741
115 193 67712.215
115 194 21378.948
115 195 32829.018
115 196 58760.123
115 197 59623.076
115 198 33636.907
115 199 49197.933
115 200 68761.773
116 0 43037.387
116 1 1686.138
116 2 46907.511
116 3 47256.655
116 4 37806.810
116 5 51793.820
116 6 22277.832
116 7 70532.350
116 8 2241.537
116 9 30938.325
116 10 58442.719
116 11 22979.767
116 12 51471.956
116 13 58712.094
116 14 35314.828
116 15 4162.844
116 16 43674.124
116 17 35485.906
116 18 58131.540
116 19 68821.673
116 20 1777.793
116 21 4154.546
116 22 34.644
116 23 31773.286
116 24 47177.220
116 25 41597.747
116 26 2522.329
116 27 44830.101
116 28 70911.570
116 29 40997.670
116 30 1492.755
116 31 45450.895
116 32 69700.942
116 33 41537.920
116 34 57352.930
116 35 62253.667
116 36 2439.461
116 37 41290.969
116 38 55884.576
116 39 50635.837
116 40 54177.989
116 41 17654.623
116 42 67588.103
116 43 22185.855
116 44 56277.602
116 45 35028.314
116 46 33152.926
116 47 52277.776
116 48 57707.044
116 49 55743.231
116 50 53026.824
116 51 55869.484
116 52 57535.255
116 53 52577.334
116 54 39714.823
116 55 50907.631
116 56 54115.220
116 57 73463.387
116 58 31914.930
116 59 33625.126
116 60 73701.269
116 61 68416.260
116 62 51887.907
116 63 30868.663
116 64 38048.386
116 65 34036.936
116 66 34408.183
116 67 69321.124
116 68 36189.187
116 69 49687.589
116 70 15561.033
116 71 30255.915
116 72 42167.016
116 73 56313.822
116 74 41378.873
116 75 42647.841
116 76 42252.776
116 77 68931.646
116 78 21146.661
116 79 29401.687
116 80 53059.253
116 81 29512.553
116 82 33740.878
116 83 33497.349
116 84 54556.041
116 85 20875.560
116 86 20582.227
116 87 57603.540
116 88 49123.579
116 89 57421.638
116 90 44965.049
116 91 71190.042
116 92 47259.989
116 93 45042.883
116 94 67071.560
116 95 40916.023
116 96 36170.032
116 97 39587.810
116 98 47128.711
116 99 32626.446
116 100 4145.000
116 101 64760.959
116 102 50201.910
116 103 49639.089
116 104 53357.313
116 105 18912.941
116 106 48304.580
116 107 67997.208
116 108 59438.020
116 109 40636.129
116 110 30725.932
116 111 50178.130
116 112 68352.887
116 113 51373.003
116 114 36118.616
116 115 890.216
116 116 0.000
116 117 57492.630
116 118 59882.824
116 119 51202.983
116 120 60576.642
116 121 50273.590
116 122 51491.074
116 123 58082.184
116 124 70477.768
116 125 28031.454
116 126 4142.765
116 127 67080.405
116 128 49364.540
116 129 40399.678
116 130 45324.134
116 131 33766.850
116 132 35528.645
116 133 38314.511
116 134 19180.209
116 135 2613.944
116 136 34102.203
116 137 58527.108
116 138 58002.081
116 139 21550.093
116 140 59339.426
116 141 62497.064
116 142 31644.288
116 143 47763.754
116 144 55317.327
116 145 31816.170
116 146 39425.264
116 147 37922.507
116 148 34729.980
116 149 58582.119
116 150 40526.445
116 151 39748.348
116 152 59028.265
116 153 54337.143
116 154 70443.924
116 155 31938.497
116 156 69578.214
116 157 4178.156
116 158 51976.554
116 159 55401.229
116 160 22173.638
116 161 63869.030
116 162 47844.136
116 163 32127.107
116 164 22282.826
116 165 34300.603
116 166 65373.594
116 167 35811.925
116 168 58279.478
116 169 54426.471
116 170 62074.383
116 171 81282.694
116 172 68302.257
116 173 55320.307
116 174 65869.138
116 175 29791.828
116 176 50180.335
116 177 56944.595
116 178 21591.970
116 179 35189.826
116 180 37540.784
116 181 33462.209
116 182 1727.321
116 183 16572.734
116 184 50172.216
116 185 34688.583
116 186 24687.991
116 187 55402.906
116 188 1084.825
116 189 31642.977
116 190 45730.802
116 191 34329.396
116 192 55244.115
116 193 67093.400
116 194 21035.342
116 195 32105.930
116 196 58579.877
116 197 59271.467
116 198 32824.926
116 199 48596.625
116 200 68128.658
117 0 18581.200
117 1 55937.090
117 2 40385.600
117 3 10826.200
117 4 25876.000
117 5 22929.100
117 6 34787.700
117 7 15624.869
117 8 59451.732
117 9 31566.300
117 10 7635.600
117 11 36303.700
117 12 19529.500
117 13 30215.200
117 14 29875.800
117 15 56982.424
117 16 21462.200
117 17 29985.300
117 18 15542.041
117 19 16454.800
117 20 59245.340
117 21 56986.736
117 22 57516.437
117 23 31529.800
117 24 45814.500
117 25 18475.100
117 26 59682.813
117 27 41240.000
117 28 15564.100
117 29 15839.700
117 30 58747.706
117 31 43949.100
117 32 17826.500
117 33 25961.083
117 34 19439.100
117 35 10107.600
117 36 59519.944
117 37 25559.301
117 38 6230.700
117 39 29838.500
117 40 24636.600
117 41 38578.100
117 42 16585.800
117 43 35901.300
117 44 21487.500
117 45 41286.760
117 46 39413.300
117 47 23661.800
117 48 24246.900
117 49 21267.900
117 50 6420.800
117 51 18642.500
117 52 5244.800
117 53 17981.700
117 54 21424.500
117 55 15914.200
117 56 31822.600
117 57 24151.354
117 58 30494.000
117 59 28824.300
117 60 22803.952
117 61 18236.464
117 62 30004.200
117 63 35975.680
117 64 35575.400
117 65 36816.400
117 66 29578.000
117 67 20535.740
117 68 34373.500
117 69 12681.700
117 70 40973.000
117 71 31049.700
117 72 47379.668
117 73 19194.969
117 74 15179.100
117 75 13574.800
117 76 15786.300
117 77 13340.500
117 78 33913.800
117 79 28241.600
117 80 25999.900
117 81 31062.100
117 82 35664.700
117 83 43511.237
117 84 6045.400
117 85 32834.900
117 86 36051.000
117 87 20286.853
117 88 42548.139
117 89 7430.200
117 90 18697.700
117 91 18261.800
117 92 40354.200
117 93 17721.800
117 94 11203.500
117 95 25826.080
117 96 30358.700
117 97 17086.900
117 98 29952.700
117 99 29776.100
117 100 57046.786
117 101 17150.600
117 102 14187.900
117 103 8883.400
117 104 24555.000
117 105 37166.900
117 106 14877.900
117 107 21754.709
117 108 3233.800
117 109 26104.972
117 110 32091.600
117 111 18567.100
117 112 20947.546
117 113 20390.300
117 114 47891.479
117 115 57951.264
117 116 57492.630
117 117 0.000
117 118 26205.500
117 119 7782.600
117 120 29105.700
117 121 21112.200
117 122 28487.500
117 123 13855.148
117 124 20233.600
117 125 27083.500
117 126 57060.234
117 127 15306.271
117 128 14823.900
117 129 29796.124
117 130 41951.200
117 131 28979.200
117 132 30845.400
117 133 36224.600
117 134 33145.900
117 135 54894.482
117 136 26699.100
117 137 24879.500
117 138 29881.300
117 139 37729.800
117 140 25142.700
117 141 18635.065
117 142 29070.200
117 143 30826.600
117 144 19276.400
117 145 28483.600
117 146 21989.700
117 147 23262.600
117 148 21803.300
117 149 4518.400
117 150 28782.187
117 151 21761.000
117 152 2430.200
117 153 6859.600
117 154 15014.800
117 155 35104.200
117 156 12117.338
117 157 56978.353
117 158 18491.200
117 159 25618.966
117 160 33530.200
117 161 15114.108
117 162 51575.390
117 163 22694.400
117 164 35316.800
117 165 21085.000
117 166 12795.900
117 167 43869.100
117 168 22104.000
117 169 24051.900
117 170 15723.100
117 171 26119.763
117 172 16840.900
117 173 23480.100
117 174 13176.400
117 175 27651.200
117 176 50980.557
117 177 20552.400
117 178 34834.100
117 179 22941.000
117 180 22243.600
117 181 34909.700
117 182 59000.779
117 183 39981.700
117 184 14827.300
117 185 33285.900
117 186 33401.800
117 187 28465.900
117 188 58577.312
117 189 23328.100
117 190 17480.000
117 191 29514.200
117 192 17887.600
117 193 18306.200
117 194 33122.100
117 195 30168.000
117 196 19561.671
117 197 9088.100
117 198 35666.600
117 199 13531.100
117 200 20419.300
118 0 17770.500
118 1 58720.504
118 2 15830.200
118 3 25024.900
118 4 39636.700
118 5 42689.500
118 6 37537.800
118 7 36554.916
118 8 61255.712
118 9 36085.300
118 10 30345.200
118 11 39551.800
118 12 39289.800
118 13 7222.000
118 14 40877.400
118 15 61048.542
118 16 36700.500
118 17 31896.800
118 18 39331.376
118 19 22110.600
118 20 61377.374
118 21 61049.385
118 22 59914.681
118 23 36048.800
118 24 16351.200
118 25 18816.800
118 26 62387.665
118 27 19104.100
118 28 26879.800
118 29 21887.900
118 30 61354.687
118 31 17430.100
118 32 21533.400
118 33 44274.794
118 34 9669.100
118 35 16645.500
118 36 62279.198
118 37 43705.347
118 38 28633.100
118 39 10921.600
118 40 7386.500
118 41 41328.200
118 42 19578.700
118 43 38651.400
118 44 6315.800
118 45 30359.049
118 46 30278.700
118 47 43422.200
118 48 2904.900
118 49 41028.300
118 50 23654.000
118 51 38402.900
118 52 27954.400
118 53 37742.100
118 54 32426.100
118 55 35674.500
118 56 12905.800
118 57 16077.032
118 58 33742.100
118 59 39825.900
118 60 17526.217
118 61 41333.840
118 62 11087.400
118 63 50165.981
118 64 23828.600
118 65 39442.600
118 66 40579.700
118 67 13175.320
118 68 36999.800
118 69 32442.100
118 70 43723.100
118 71 38348.400
118 72 31964.319
118 73 42571.606
118 74 23590.300
118 75 22564.300
118 76 20577.900
118 77 23634.900
118 78 36663.900
118 79 34619.600
118 80 7083.100
118 81 34310.200
118 82 39700.000
118 83 32920.994
118 84 23278.600
118 85 39696.200
118 86 38801.100
118 87 43840.027
118 88 23952.935
118 89 29859.300
118 90 36486.200
118 91 29577.500
118 92 16111.800
118 93 37482.200
118 94 22217.200
118 95 43812.324
118 96 32270.200
118 97 21419.000
118 98 15349.800
118 99 40777.700
118 100 61102.723
118 101 10416.000
118 102 33948.300
118 103 22123.300
118 104 44315.400
118 105 39916.900
118 106 34638.200
118 107 10465.479
118 108 28931.900
118 109 43981.699
118 110 38071.700
118 111 38327.400
118 112 11548.569
118 113 40150.700
118 114 35323.927
118 115 60606.126
118 116 59882.824
118 117 26414.300
118 118 0.000
118 119 20484.200
118 120 6588.700
118 121 40872.500
118 122 9570.600
118 123 37684.907
118 124 18023.800
118 125 33461.500
118 126 61114.586
118 127 38259.405
118 128 34584.200
118 129 47880.293
118 130 16776.200
118 131 39980.800
118 132 32756.900
118 133 26396.200
118 134 39523.800
118 135 57624.947
118 136 37700.700
118 137 2362.600
118 138 6888.100
118 139 40977.900
118 140 1369.400
118 141 42613.961
118 142 38088.700
118 143 13747.300
118 144 8872.000
118 145 31107.400
118 146 32991.300
118 147 23377.500
118 148 30465.900
118 149 24967.200
118 150 46860.243
118 151 33883.900
118 152 28128.300
118 153 24092.800
118 154 27994.800
118 155 38352.300
118 156 28804.586
118 157 61050.692
118 158 38251.600
118 159 48536.859
118 160 39908.200
118 161 38885.134
118 162 33786.057
118 163 29072.300
118 164 38066.900
118 165 27463.000
118 166 19916.100
118 167 31957.685
118 168 2186.100
118 169 5536.700
118 170 12641.700
118 171 27648.685
118 172 21490.100
118 173 4154.400
118 174 20296.600
118 175 34029.200
118 176 32231.271
118 177 7365.800
118 178 37584.100
118 179 31603.600
118 180 23378.200
118 181 38157.800
118 182 61600.539
118 183 42731.800
118 184 34587.700
118 185 35197.300
118 186 36151.900
118 187 7504.900
118 188 60886.326
118 189 29706.100
118 190 14472.000
118 191 40515.800
118 192 7117.000
118 193 19124.800
118 194 39500.100
118 195 32791.800
118 196 43277.808
118 197 34997.700
118 198 38914.700
118 199 16126.900
118 200 16681.100
119 0 9903.100
119 1 49697.472
119 2 22793.900
119 3 4821.800
119 4 21105.500
119 5 21934.300
119 6 27677.000
119 7 22892.316
119 8 53085.037
119 9 26795.800
119 10 11590.500
119 11 28966.000
119 12 18534.600
119 13 21945.800
119 14 25105.300
119 15 50998.795
119 16 16691.600
119 17 22036.000
119 18 19646.941
119 19 18148.800
119 20 52931.541
119 21 51002.471
119 22 51228.472
119 23 26759.300
119 24 38476.800
119 25 11137.400
119 26 53474.195
119 27 33290.600
119 28 17258.200
119 29 8591.700
119 30 52510.903
119 31 36611.400
119 32 18389.800
119 33 24427.395
119 34 13555.500
119 35 10652.000
119 36 53319.258
119 37 23909.409
119 38 9878.300
119 39 22199.300
119 40 16483.700
119 41 31467.300
119 42 16435.100
119 43 28790.600
119 44 15603.900
119 45 34055.592
119 46 32075.600
119 47 22667.000
119 48 18363.200
119 49 20273.000
119 50 3735.900
119 51 17647.700
119 52 9199.600
119 53 16986.800
119 54 16654.000
119 55 14919.300
119 56 24183.500
119 57 25721.697
119 58 23156.300
119 59 24053.800
119 60 25005.332
119 61 24788.785
119 62 22365.100
119 63 32578.462
119 64 28237.700
119 65 29478.700
119 66 24807.500
119 67 21594.322
119 68 27035.800
119 69 11686.900
119 70 33862.300
119 71 26279.200
119 72 40445.320
119 73 22322.859
119 74 7956.000
119 75 6930.000
119 76 8448.600
119 77 15034.600
119 78 26803.100
119 79 23471.000
119 80 18360.800
119 81 23724.400
119 82 28327.000
119 83 36244.753
119 84 4523.800
119 85 28064.400
119 86 28940.200
119 87 23710.350
119 88 36215.312
119 89 11104.500
119 90 15388.200
119 91 19955.900
119 92 32404.800
119 93 16727.000
119 94 12897.600
119 95 24084.251
119 96 22409.400
119 97 9863.700
119 98 22313.500
119 99 25005.600
119 100 51061.959
119 101 14825.600
119 102 13193.100
119 103 1903.800
119 104 23560.100
119 105 30056.100
119 106 13883.000
119 107 21822.552
119 108 9844.500
119 109 24303.856
119 110 27321.100
119 111 17572.200
119 112 21426.969
119 113 19395.500
119 114 40695.272
119 115 51713.601
119 116 51202.983
119 117 7326.900
119 118 20321.800
119 119 0.000
119 120 25143.100
119 121 20117.300
119 122 20848.300
119 123 18153.601
119 124 18781.300
119 125 22313.000
119 126 51075.265
119 127 22040.586
119 128 13829.000
119 129 28211.469
119 130 34001.900
119 131 24208.600
119 132 22896.100
119 133 28886.900
119 134 28375.300
119 135 48631.878
119 136 21928.500
119 137 18995.900
119 138 21611.900
119 139 30392.100
119 140 19259.100
119 141 23666.570
119 142 24299.600
119 143 23187.400
119 144 13392.700
119 145 21246.600
119 146 17219.200
119 147 15924.900
119 148 17032.800
119 149 6212.400
119 150 27171.165
119 151 16990.400
119 152 9040.900
119 153 5338.000
119 154 16708.900
119 155 27766.500
119 156 19031.392
119 157 50995.912
119 158 17496.300
119 159 27986.252
119 160 28759.600
119 161 21082.373
119 162 44913.476
119 163 17923.800
119 164 28206.100
119 165 16314.500
119 166 14490.000
119 167 36668.590
119 168 16220.400
119 169 18168.200
119 170 13398.100
119 171 30619.261
119 172 18346.500
119 173 17596.400
119 174 14870.500
119 175 22880.600
119 176 44502.399
119 177 14668.800
119 178 27723.300
119 179 18170.500
119 180 15293.700
119 181 27572.000
119 182 52765.619
119 183 32871.000
119 184 13832.500
119 185 25336.500
119 186 26291.100
119 187 20123.300
119 188 52286.330
119 189 18557.600
119 190 9840.800
119 191 24743.700
119 192 12003.900
119 193 15981.300
119 194 28351.600
119 195 22931.000
119 196 23350.285
119 197 14242.400
119 198 28328.900
119 199 5891.900
119 200 18094.400
120 0 21360.700
120 1 59505.229
120 2 16666.600
120 3 26389.100
120 4 43227.000
120 5 47707.100
120 6 41128.100
120 7 40878.286
120 8 61820.612
120 9 39675.500
120 10 33273.200
120 11 43142.100
120 12 44307.400
120 13 4039.200
120 14 44467.700
120 15 62020.203
120 16 39404.300
120 17 35487.100
120 18 43561.185
120 19 25038.600
120 20 61999.434
120 21 62020.422
120 22 60609.390
120 23 39639.100
120 24 15907.400
120 25 22407.100
120 26 63096.088
120 27 20812.200
120 28 32181.900
120 29 25478.200
120 30 62062.393
120 31 19138.300
120 32 24461.400
120 33 47741.726
120 34 12140.000
120 35 19573.400
120 36 62999.088
120 37 47159.494
120 38 31561.100
120 39 14511.900
120 40 13572.300
120 41 44918.400
120 42 22506.700
120 43 42241.700
120 44 10924.400
120 45 29273.951
120 46 31986.800
120 47 48439.800
120 48 5569.500
120 49 46045.800
120 50 26582.000
120 51 43420.500
120 52 30882.400
120 53 42759.600
120 54 36016.400
120 55 40692.100
120 56 12434.900
120 57 18595.143
120 58 37332.400
120 59 43416.200
120 60 20382.599
120 61 45693.196
120 62 14677.700
120 63 52967.634
120 64 25536.800
120 65 43032.900
120 66 44169.900
120 67 16386.911
120 68 40590.000
120 69 37459.700
120 70 47313.400
120 71 41938.700
120 72 29663.620
120 73 46719.624
120 74 27180.600
120 75 26154.600
120 76 24168.200
120 77 33518.100
120 78 40254.200
120 79 38209.800
120 80 10673.400
120 81 37900.400
120 82 43290.300
120 83 31787.709
120 84 26206.600
120 85 43286.500
120 86 42391.300
120 87 48014.596
120 88 21073.024
120 89 32787.200
120 90 40364.500
120 91 34879.600
120 92 17800.200
120 93 39660.800
120 94 25145.100
120 95 47244.203
120 96 35860.500
120 97 25009.300
120 98 17038.200
120 99 44368.000
120 100 62071.700
120 101 20764.300
120 102 38965.900
120 103 25599.600
120 104 49332.900
120 105 43507.200
120 106 36816.800
120 107 13454.563
120 108 31859.900
120 109 47396.704
120 110 41662.000
120 111 43345.000
120 112 14704.485
120 113 45168.300
120 114 33615.862
120 115 61334.933
120 116 60576.642
120 117 29342.300
120 118 6588.700
120 119 25182.100
120 120 0.000
120 121 45890.100
120 122 13160.900
120 123 41926.355
120 124 23325.800
120 125 37051.800
120 126 62083.089
120 127 42618.734
120 128 39601.800
120 129 51265.555
120 130 18484.400
120 131 43571.100
120 132 36347.200
120 133 28104.300
120 134 43114.100
120 135 58420.361
120 136 41291.000
120 137 4226.100
120 138 4837.000
120 139 44568.100
120 140 5290.400
120 141 46913.906
120 142 41679.000
120 143 15455.500
120 144 15057.800
120 145 34697.700
120 146 36581.600
120 147 26967.800
120 148 34056.200
120 149 27895.200
120 150 50258.591
120 151 37474.200
120 152 31056.300
120 153 27020.700
120 154 33296.900
120 155 41942.500
120 156 33048.230
120 157 62023.412
120 158 43269.100
120 159 52590.607
120 160 43498.400
120 161 43226.233
120 162 30808.793
120 163 32662.600
120 164 41657.200
120 165 31053.300
120 166 22844.100
120 167 30549.277
120 168 6754.200
120 169 11722.500
120 170 15569.700
120 171 30630.221
120 172 24418.100
120 173 10340.100
120 174 23224.500
120 175 37619.400
120 176 29037.229
120 177 10599.200
120 178 41174.400
120 179 35193.900
120 180 26968.400
120 181 41748.000
120 182 62302.902
120 183 46322.100
120 184 39605.300
120 185 38787.600
120 186 39742.100
120 187 7771.700
120 188 61548.413
120 189 33296.400
120 190 18062.200
120 191 44106.100
120 192 16446.600
120 193 22052.800
120 194 43090.400
120 195 36382.100
120 196 47485.011
120 197 38473.900
120 198 42504.900
120 199 19717.200
120 200 21983.200
121 0 25531.800
121 1 48587.507
121 2 43430.100
121 3 20511.800
121 4 17119.200
121 5 1817.000
121 6 37845.500
121 7 25584.931
121 8 52500.111
121 9 25446.300
121 10 14248.100
121 11 40634.500
121 12 1771.500
121 13 43513.800
121 14 23755.800
121 15 48201.363
121 16 8187.800
121 17 33484.500
121 18 10503.939
121 19 37287.600
121 20 52007.042
121 21 48208.418
121 22 50285.769
121 23 25409.900
121 24 49306.100
121 25 25425.600
121 26 51824.456
121 27 44284.500
121 28 36396.900
121 29 21756.900
121 30 51123.140
121 31 47440.800
121 32 38659.400
121 33 8802.863
121 34 34095.900
121 35 30172.400
121 36 51632.544
121 37 8994.421
121 38 15303.800
121 39 41117.000
121 40 35629.400
121 41 40783.900
121 42 35955.500
121 43 38959.100
121 44 36144.200
121 45 49482.341
121 46 43744.100
121 47 2549.700
121 48 38903.600
121 49 4757.300
121 50 18948.700
121 51 8249.300
121 52 20017.000
121 53 3980.800
121 54 12573.500
121 55 7220.800
121 56 43101.100
121 57 46605.504
121 58 34824.800
121 59 22704.300
121 60 45164.792
121 61 20559.319
121 62 41282.700
121 63 20712.105
121 64 39067.100
121 65 40308.000
121 66 23458.100
121 67 42996.164
121 68 37865.200
121 69 9437.300
121 70 44030.800
121 71 24929.700
121 72 57890.962
121 73 6835.155
121 74 21096.400
121 75 20116.700
121 76 22736.900
121 77 34173.400
121 78 38244.600
121 79 28354.200
121 80 37241.600
121 81 35392.900
121 82 39995.500
121 83 50903.424
121 84 20222.400
121 85 35066.600
121 86 39108.800
121 87 7704.306
121 88 56342.254
121 89 14140.100
121 90 9426.200
121 91 39094.600
121 92 43398.700
121 93 9439.000
121 94 32036.400
121 95 9375.440
121 96 33403.300
121 97 22408.400
121 98 43870.500
121 99 23656.100
121 100 48265.664
121 101 34346.000
121 102 6612.400
121 103 20017.800
121 104 8506.400
121 105 40224.700
121 106 8723.600
121 107 44056.977
121 108 27364.300
121 109 9667.752
121 110 25971.600
121 111 4430.100
121 112 43335.535
121 113 1433.900
121 114 55988.260
121 115 50402.142
121 116 50273.590
121 117 21096.300
121 118 40862.200
121 119 20085.100
121 120 46711.100
121 121 0.000
121 122 39766.000
121 123 11576.803
121 124 38301.700
121 125 29315.200
121 126 48278.569
121 127 20618.400
121 128 7102.900
121 129 11119.386
121 130 44995.800
121 131 22859.200
121 132 34344.600
121 133 39716.300
121 134 35377.500
121 135 47775.421
121 136 20579.100
121 137 39536.200
121 138 43179.900
121 139 42060.600
121 140 39799.400
121 141 13397.014
121 142 22950.200
121 143 45603.000
121 144 33433.400
121 145 31975.300
121 146 12229.600
121 147 30213.200
121 148 21670.800
121 149 25351.200
121 150 10524.864
121 151 12278.800
121 152 26560.600
121 153 18807.400
121 154 35847.700
121 155 39435.000
121 156 29727.281
121 157 48191.800
121 158 3060.800
121 159 5969.338
121 160 33560.900
121 161 16715.590
121 162 63484.768
121 163 24926.000
121 164 36737.500
121 165 23316.700
121 166 33628.800
121 167 52238.997
121 168 36760.700
121 169 38708.600
121 170 32918.500
121 171 46841.658
121 172 37673.700
121 173 38136.800
121 174 34009.200
121 175 28094.200
121 176 63798.330
121 177 35209.100
121 178 37254.000
121 179 22808.500
121 180 29194.200
121 181 39240.500
121 182 51345.184
121 183 41778.500
121 184 6189.300
121 185 36785.100
121 186 36459.600
121 187 39040.900
121 188 51268.256
121 189 25559.800
121 190 28141.600
121 191 23394.200
121 192 32544.300
121 193 35501.600
121 194 35353.800
121 195 33659.700
121 196 8927.306
121 197 14991.700
121 198 39997.400
121 199 25037.600
121 200 37614.800
122 0 15972.100
122 1 50484.071
122 2 6989.500
122 3 21786.500
122 4 38704.600
122 5 42396.800
122 6 33095.700
122 7 43572.621
122 8 52653.880
122 9 35153.200
122 10 34639.800
122 11 35109.700
122 12 38997.200
122 13 9963.000
122 14 39945.300
122 15 53131.584
122 16 34881.900
122 17 27454.700
122 18 42951.656
122 19 25527.400
122 20 52865.615
122 21 53131.301
122 22 51524.308
122 23 35116.700
122 24 7510.500
122 25 17884.700
122 26 54013.393
122 27 10263.400
122 28 28465.800
122 29 20955.800
122 30 52981.870
122 31 8589.400
122 32 24950.200
122 33 43428.769
122 34 12628.900
122 35 20062.300
122 36 53924.089
122 37 42818.955
122 38 29704.200
122 39 2080.900
122 40 9736.100
122 41 36886.100
122 42 22995.500
122 43 34209.300
122 44 11413.200
122 45 19932.769
122 46 21437.900
122 47 43129.500
122 48 8248.500
122 49 40735.600
122 50 25818.700
122 51 38110.300
122 52 29025.500
122 53 37449.400
122 54 31494.000
122 55 35381.900
122 56 4065.100
122 57 26704.974
122 58 29300.000
122 59 38893.800
122 60 28088.612
122 61 47195.274
122 62 2246.700
122 63 46793.254
122 64 14987.900
122 65 19489.200
122 66 39647.500
122 67 23634.036
122 68 17046.300
122 69 32149.500
122 70 39281.000
122 71 37416.300
122 72 21477.356
122 73 45417.179
122 74 22658.200
122 75 21632.200
122 76 19645.800
122 77 27051.700
122 78 32221.800
122 79 33687.400
122 80 3727.700
122 81 29868.100
122 82 19644.500
122 83 22472.783
122 84 25443.200
122 85 35254.100
122 86 34359.000
122 87 46866.839
122 88 14214.240
122 89 30930.400
122 90 33819.000
122 91 31163.500
122 92 7271.000
122 93 34350.600
122 94 25634.000
122 95 42831.566
122 96 27828.100
122 97 20486.900
122 98 6509.100
122 99 39845.600
122 100 53180.747
122 101 21386.000
122 102 33655.700
122 103 21304.200
122 104 44022.700
122 105 35474.900
122 106 31506.600
122 107 21049.692
122 108 31096.600
122 109 42928.104
122 110 37139.600
122 111 38034.800
122 112 22061.245
122 113 39858.100
122 114 24696.497
122 115 52270.199
122 116 51491.074
122 117 28579.000
122 118 9578.200
122 119 20886.700
122 120 13160.300
122 121 40579.900
122 122 0.000
122 123 41462.744
122 124 25341.700
122 125 32529.400
122 126 53191.716
122 127 44219.453
122 128 34291.600
122 129 46626.414
122 130 7935.500
122 131 39048.700
122 132 28314.800
122 133 17555.400
122 134 38591.700
122 135 49410.280
122 136 36768.600
122 137 8588.200
122 138 9629.100
122 139 36535.800
122 140 9144.300
122 141 46932.599
122 142 37156.600
122 143 4906.600
122 144 11221.600
122 145 26665.300
122 146 32059.200
122 147 20904.300
122 148 29533.800
122 149 27131.900
122 150 45678.592
122 151 32951.800
122 152 30293.000
122 153 26257.400
122 154 29580.700
122 155 20766.300
122 156 36745.331
122 157 53135.634
122 158 37958.900
122 159 50587.128
122 160 38976.000
122 161 43984.940
122 162 23928.275
122 163 28140.200
122 164 33624.800
122 165 26530.900
122 166 23333.000
122 167 21386.044
122 168 8989.100
122 169 7886.300
122 170 16058.500
122 171 38099.264
122 172 24906.900
122 173 6504.000
122 174 23713.400
122 175 33097.000
122 176 22755.593
122 177 11088.100
122 178 33142.100
122 179 30671.500
122 180 20712.500
122 181 19726.700
122 182 53218.301
122 183 38289.700
122 184 34295.100
122 185 19959.000
122 186 31709.800
122 187 4018.600
122 188 52440.167
122 189 28774.000
122 190 13766.900
122 191 39583.700
122 192 12610.400
122 193 22541.700
122 194 38568.000
122 195 28349.700
122 196 46594.627
122 197 35099.900
122 198 34472.600
122 199 15421.800
122 200 24654.800
123 0 25852.646
123 1 56415.632
123 2 42042.487
123 3 18776.658
123 4 20792.718
123 5 11410.796
123 6 41557.476
123 7 14141.884
123 8 60241.574
123 9 27321.957
123 10 8104.613
123 11 43362.044
123 12 9310.533
123 13 44037.637
123 14 22769.081
123 15 56595.024
123 16 14466.254
123 17 36914.322
123 18 1703.485
123 19 27758.229
123 20 59855.828
123 21 56601.134
123 22 58099.323
123 23 26433.599
123 24 46523.315
123 25 26475.170
123 26 59918.898
123 27 44452.843
123 28 27436.446
123 29 23015.472
123 30 59111.516
123 31 47460.563
123 32 30214.406
123 33 18801.177
123 34 31313.141
123 35 24426.198
123 36 59735.186
123 37 18703.697
123 38 8158.071
123 39 42531.573
123 40 32841.824
123 41 43567.934
123 42 29543.862
123 43 42630.059
123 44 31113.689
123 45 50147.848
123 46 48649.398
123 47 11744.022
123 48 38184.769
123 49 7122.842
123 50 14418.745
123 51 5664.442
123 52 10227.380
123 53 7463.156
123 54 18430.608
123 55 7420.319
123 56 45129.994
123 57 36928.973
123 58 36480.530
123 59 24499.396
123 60 35213.505
123 61 10342.851
123 62 43641.278
123 63 30801.732
123 64 42780.021
123 65 39864.972
123 66 23681.885
123 67 33743.170
123 68 43385.580
123 69 8474.580
123 70 48312.420
123 71 27868.635
123 72 57537.399
123 73 5885.625
123 74 21560.206
123 75 20910.998
123 76 23828.393
123 77 25076.803
123 78 40306.625
123 79 28956.279
123 80 38249.847
123 81 39704.144
123 82 42210.075
123 83 52016.570
123 84 14177.407
123 85 39110.257
123 86 41016.052
123 87 6621.818
123 88 54143.441
123 89 7989.254
123 90 13133.520
123 91 26863.190
123 92 40210.964
123 93 13051.515
123 94 22803.075
123 95 19080.657
123 96 34876.039
123 97 23728.783
123 98 41373.147
123 99 25475.819
123 100 56660.569
123 101 31768.256
123 102 7966.540
123 103 17555.636
123 104 10617.878
123 105 42971.201
123 106 9946.009
123 107 35309.216
123 108 12047.004
123 109 19407.957
123 110 27367.599
123 111 9116.057
123 112 34382.923
123 113 10090.682
123 114 56862.398
123 115 58346.789
123 116 58082.184
123 117 13855.148
123 118 37684.907
123 119 18153.601
123 120 41926.355
123 121 11576.803
123 122 41462.744
123 123 0.000
123 124 32537.457
123 125 31153.978
123 126 56673.931
123 127 9477.954
123 128 8785.885
123 129 22023.234
123 130 44038.572
123 131 24316.439
123 132 37907.581
123 133 44661.351
123 134 39632.013
123 135 55492.284
123 136 24154.271
123 137 39000.942
123 138 43464.098
123 139 45790.069
123 140 38609.431
123 141 5723.640
123 142 26564.439
123 143 43544.798
123 144 31262.601
123 145 35880.499
123 146 18656.921
123 147 30939.310
123 148 24960.239
123 149 18186.238
123 150 21220.476
123 151 18364.049
123 152 14217.785
123 153 12834.265
123 154 25719.550
123 155 42281.583
123 156 18389.334
123 157 56587.440
123 158 8330.796
123 159 12533.134
123 160 35962.926
123 161 5844.985
123 162 62459.217
123 163 29164.960
123 164 39709.008
123 165 26736.652
123 166 24559.269
123 167 52887.344
123 168 35933.728
123 169 34936.123
123 170 29503.066
123 171 35726.394
123 172 28075.048
123 173 36106.651
123 174 25489.449
123 175 29190.183
123 176 62267.087
123 177 31921.729
123 178 40462.416
123 179 25551.006
123 180 31643.993
123 181 40615.478
123 182 59350.045
123 183 45399.698
123 184 8181.323
123 185 40214.276
123 186 38630.892
123 187 41214.103
123 188 59132.150
123 189 29195.972
123 190 29323.413
123 191 23821.072
123 192 29785.540
123 193 30397.710
123 194 37158.409
123 195 37750.953
123 196 5738.004
123 197 6252.107
123 198 43930.320
123 199 25071.176
123 200 32250.420
124 0 28025.100
124 1 69117.407
124 2 31564.700
124 3 23054.900
124 4 39338.700
124 5 40167.400
124 6 45798.900
124 7 25924.990
124 8 72132.057
124 9 45440.500
124 10 26986.300
124 11 47199.200
124 12 36767.800
124 13 24468.100
124 14 43750.000
124 15 70913.910
124 16 34924.800
124 17 40158.000
124 18 34221.200
124 19 4437.300
124 20 72114.956
124 21 70916.375
124 22 70506.770
124 23 45404.000
124 24 32085.600
124 25 29071.400
124 26 72894.648
124 27 34838.500
124 28 6710.500
124 29 26824.800
124 30 71884.561
124 31 33164.600
124 32 2359.000
124 33 45336.617
124 34 15167.300
124 35 9863.700
124 36 72760.063
124 37 44882.726
124 38 25274.100
124 39 26656.100
124 40 20364.700
124 41 49589.300
124 42 3027.900
124 43 46912.600
124 44 17215.700
124 45 44782.748
124 46 50308.800
124 47 40900.100
124 48 19975.000
124 49 38506.200
124 50 20295.000
124 51 35880.800
124 52 24595.400
124 53 35220.000
124 54 35298.700
124 55 33152.500
124 56 28640.200
124 57 4412.411
124 58 41389.400
124 59 42698.500
124 60 3347.515
124 61 32260.278
124 62 26821.800
124 63 54242.378
124 64 46462.800
124 65 47703.800
124 66 43452.200
124 67 2528.959
124 68 45260.900
124 69 29920.000
124 70 51984.300
124 71 44923.900
124 72 47338.621
124 73 38311.447
124 74 26189.200
124 75 25163.100
124 76 26681.700
124 77 8046.700
124 78 44925.100
124 79 42115.700
124 80 22817.500
124 81 41957.500
124 82 46560.100
124 83 47342.841
124 84 19919.600
124 85 46709.100
124 86 47062.200
124 87 39158.835
124 88 39481.529
124 89 26500.300
124 90 33621.300
124 91 9408.200
124 92 31846.200
124 93 34960.100
124 94 9115.300
124 95 45112.174
124 96 40531.400
124 97 28096.900
124 98 31084.300
124 99 43650.300
124 100 70973.908
124 101 6902.200
124 102 31426.200
124 103 20136.900
124 104 41793.300
124 105 48178.100
124 106 32116.100
124 107 5526.612
124 108 20053.700
124 109 45367.095
124 110 45965.800
124 111 35805.300
124 112 4199.685
124 113 37628.600
124 114 50278.292
124 115 71099.802
124 116 70477.768
124 117 20229.000
124 118 18145.500
124 119 18755.800
124 120 23270.400
124 121 38350.400
124 122 25305.100
124 123 32537.457
124 124 0.000
124 125 40957.700
124 126 70986.746
124 127 29330.888
124 128 32062.200
124 129 49183.779
124 130 32510.700
124 131 42853.300
124 132 41018.100
124 133 47112.000
124 134 47020.000
124 135 68020.847
124 136 40573.200
124 137 20607.700
124 138 25265.800
124 139 48625.200
124 140 18305.500
124 141 35988.108
124 142 42944.300
124 143 29481.700
124 144 19094.800
124 145 39368.600
124 146 35863.900
124 147 34158.000
124 148 35677.500
124 149 16713.800
124 150 48151.217
124 151 35223.600
124 152 19382.500
124 153 20733.800
124 154 7825.500
124 155 45999.600
124 156 17372.091
124 157 70913.228
124 158 35729.500
124 159 44923.475
124 160 47404.300
124 161 31369.737
124 162 49313.873
124 163 36568.500
124 164 46328.000
124 165 34959.200
124 166 7437.500
124 167 46684.228
124 168 17832.100
124 169 19780.000
124 170 8411.100
124 171 12262.167
124 172 3936.000
124 173 19208.200
124 174 6598.800
124 175 41525.300
124 176 47724.312
124 177 16280.500
124 178 45845.300
124 179 36815.200
124 180 33415.700
124 181 45805.100
124 182 72138.465
124 183 50992.900
124 184 32065.600
124 185 43458.500
124 186 44413.000
124 187 24194.000
124 188 71537.276
124 189 37202.300
124 190 27962.800
124 191 43388.400
124 192 14666.600
124 193 3049.900
124 194 46996.300
124 195 41053.000
124 196 38196.822
124 197 25571.500
124 198 46562.000
124 199 24013.900
124 200 7543.200
125 0 17316.700
125 1 26456.542
125 2 25379.300
125 3 18198.400
125 4 12850.600
125 5 30698.000
125 6 10540.300
125 7 42728.826
125 8 30036.851
125 9 6688.600
125 10 29539.800
125 11 18505.900
125 12 30138.800
125 13 34409.500
125 14 10744.800
125 15 27529.407
125 16 21011.400
125 17 15189.500
125 18 31532.726
125 19 40033.500
125 20 29794.114
125 21 27533.394
125 22 28054.342
125 23 6652.200
125 24 30630.900
125 25 15687.300
125 26 30190.881
125 27 26490.500
125 28 39142.900
125 29 14526.300
125 30 29263.218
125 31 28765.500
125 32 41405.300
125 33 18810.836
125 34 28934.700
125 35 31327.700
125 36 30026.731
125 37 18289.944
125 38 27427.200
125 39 32908.200
125 40 28947.500
125 41 13478.600
125 42 37110.800
125 43 11653.900
125 44 28598.500
125 45 26180.328
125 46 21615.500
125 47 31973.900
125 48 32695.000
125 49 31877.300
125 50 23158.500
125 51 29251.900
125 52 27689.200
125 53 28591.100
125 54 17511.600
125 55 26523.600
125 56 36435.200
125 57 47620.674
125 58 12696.200
125 59 9693.400
125 60 47437.161
125 61 41295.345
125 62 34616.800
125 63 16125.736
125 64 20391.800
125 65 21632.800
125 66 10447.100
125 67 43378.184
125 68 19189.900
125 69 23291.100
125 70 16725.600
125 71 9840.300
125 72 35354.102
125 73 30707.652
125 74 13746.300
125 75 15024.100
125 76 15918.600
125 77 36919.300
125 78 9775.100
125 79 5222.900
125 80 30575.800
125 81 13264.200
125 82 17866.800
125 83 26909.054
125 84 24456.800
125 85 7761.400
125 86 11803.500
125 87 32197.394
125 88 36965.345
125 89 29431.800
125 90 23189.700
125 91 41840.600
125 92 25347.900
125 93 24218.300
125 94 34782.300
125 95 18041.539
125 96 15352.500
125 97 11887.500
125 98 25819.700
125 99 9861.900
125 100 27593.199
125 101 35501.300
125 102 24797.300
125 103 20320.400
125 104 35164.400
125 105 12919.400
125 106 22648.300
125 107 42638.418
125 108 30110.200
125 109 17909.858
125 110 9563.600
125 111 27568.200
125 112 42705.837
125 113 30999.700
125 114 31974.465
125 115 28467.807
125 116 28031.454
125 117 27592.600
125 118 34024.800
125 119 21240.400
125 120 37606.900
125 121 28881.000
125 122 33100.100
125 123 31153.978
125 124 39457.000
125 125 0.000
125 126 27606.585
125 127 39631.621
125 128 25433.300
125 129 20114.811
125 130 27201.800
125 131 9848.200
125 132 16049.600
125 133 21041.000
125 134 8072.300
125 135 25424.843
125 136 10151.700
125 137 33034.700
125 138 34075.700
125 139 19931.900
125 140 33590.900
125 141 36189.813
125 142 8692.000
125 143 27552.200
125 144 27149.300
125 145 13117.900
125 146 16478.900
125 147 15844.400
125 148 12187.700
125 149 28097.100
125 150 19561.157
125 151 17133.300
125 152 29306.600
125 153 25271.000
125 154 38593.600
125 155 17306.300
125 156 41558.386
125 157 27525.951
125 158 29100.600
125 159 31927.523
125 160 8456.600
125 161 36730.217
125 162 41556.630
125 163 5511.600
125 164 9432.200
125 165 6011.600
125 166 36374.700
125 167 28737.002
125 168 33435.600
125 169 32332.800
125 170 34073.900
125 171 54048.107
125 172 40419.600
125 173 30950.500
125 174 36755.200
125 175 4632.500
125 176 42625.913
125 177 28884.300
125 178 9948.800
125 179 13325.400
125 180 15625.700
125 181 17111.800
125 182 29515.582
125 183 14473.300
125 184 25436.700
125 185 17881.900
125 186 9154.400
125 187 32375.000
125 188 29114.839
125 189 4489.200
125 190 21280.300
125 191 10383.300
125 192 28538.100
125 193 36657.000
125 194 8048.500
125 195 15384.700
125 196 32891.904
125 197 29999.900
125 198 17868.700
125 199 23184.300
125 200 38770.100
126 0 43413.524
126 1 3596.058
126 2 48732.321
126 3 47079.170
126 4 36085.229
126 5 49737.748
126 6 23511.267
126 7 69518.764
126 8 5790.871
126 9 29947.460
126 10 57592.527
126 11 24640.175
126 12 49616.978
126 13 60418.291
126 14 34018.949
126 15 79.075
126 16 42208.620
126 17 36823.479
126 18 56608.235
126 19 69058.108
126 20 4983.342
126 21 73.753
126 22 4121.260
126 23 30719.215
126 24 49342.038
126 25 41984.728
126 26 3948.750
126 27 46876.747
126 28 71030.762
126 29 40945.171
126 30 3760.105
126 31 47720.793
126 32 70077.031
126 33 39483.729
126 34 58191.873
126 35 62483.751
126 36 3757.876
126 37 39288.264
126 38 55036.546
126 39 52432.925
126 40 55187.424
126 41 18658.207
126 42 68002.132
126 43 23636.158
126 44 57123.013
126 45 37686.233
126 46 35693.274
126 47 50177.664
126 48 59031.192
126 49 53884.012
126 50 52622.675
126 51 54111.224
126 52 56842.180
126 53 50828.548
126 54 38496.210
126 55 49381.381
126 56 56021.526
126 57 74151.812
126 58 33062.074
126 59 32186.146
126 60 74256.299
126 61 67014.427
126 62 53740.347
126 63 28298.630
126 64 40013.486
126 65 35673.107
126 66 33038.986
126 67 69963.483
126 68 38212.691
126 69 48387.893
126 70 17600.291
126 71 28826.986
126 72 45244.145
126 73 54529.334
126 74 41165.456
126 75 42450.828
126 76 42376.559
126 77 68967.632
126 78 21887.120
126 79 28519.194
126 80 54490.990
126 81 30984.217
126 82 35629.919
126 83 36340.264
126 84 54149.965
126 85 21149.406
126 86 21415.279
126 87 55755.514
126 88 51786.366
126 89 56569.475
126 90 43545.321
126 91 71253.002
126 92 48935.183
126 93 43717.517
126 94 67020.408
126 95 38905.015
126 96 37295.383
126 97 39517.620
126 98 48897.605
126 99 31417.920
126 100 13.511
126 101 65432.714
126 102 48729.409
126 103 49427.005
126 104 51307.726
126 105 19992.290
126 106 47060.518
126 107 68800.782
126 108 58852.058
126 109 38610.856
126 110 29364.661
126 111 48463.050
126 112 69078.297
126 113 49450.334
126 114 39297.490
126 115 3492.412
126 116 4142.765
126 117 57060.234
126 118 61114.586
126 119 51075.265
126 120 62083.089
126 121 48278.569
126 122 53191.716
126 123 56673.931
126 124 70986.746
126 125 27606.585
126 126 0.000
126 127 65843.150
126 128 47899.530
126 129 38027.213
126 130 47330.355
126 131 32435.710
126 132 36978.228
126 133 40451.113
126 134 18994.322
126 135 4322.067
126 136 32531.827
126 137 59887.820
126 138 59688.815
126 139 23548.697
126 140 60650.858
126 141 60843.954
126 142 30109.907
126 143 49691.242
126 144 56190.658
126 145 32874.992
126 146 38081.417
126 147 38657.536
126 148 34215.147
126 149 58448.347
126 150 38243.517
126 151 38315.575
126 152 58603.378
126 153 53825.920
126 154 70457.444
126 155 33809.347
126 156 69062.808
126 157 86.902
126 158 50183.762
126 159 53183.349
126 160 21215.139
126 161 62501.903
126 162 51074.727
126 163 32098.482
126 164 23074.304
126 165 34111.974
126 166 65514.357
126 167 38689.216
126 168 59429.397
126 169 55587.227
126 170 62669.396
126 171 81460.282
126 172 68583.060
126 173 56549.616
126 174 66058.639
126 175 29220.977
126 176 53330.036
126 177 57836.025
126 178 22460.696
126 179 34899.941
126 180 38342.079
126 181 35171.542
126 182 3858.782
126 183 17942.434
126 184 48633.012
126 185 36374.890
126 186 25589.295
126 187 56999.240
126 188 4410.399
126 189 31538.750
126 190 46495.655
126 191 32854.804
126 192 56009.163
126 193 67586.708
126 194 20209.722
126 195 33430.494
126 196 56791.032
126 197 58279.256
126 198 34889.527
126 199 49018.864
126 200 68713.188
127 0 31326.660
127 1 65428.068
127 2 45764.676
127 3 24169.106
127 4 30182.512
127 5 20086.714
127 6 49438.858
127 7 5230.525
127 8 69208.720
127 9 36161.166
127 10 10359.659
127 11 50990.133
127 12 18452.316
127 13 45314.760
127 14 31829.764
127 15 65764.101
127 16 23741.260
127 17 42992.760
127 18 10158.471
127 19 24388.657
127 20 68857.791
127 21 65769.944
127 22 67098.959
127 23 35311.469
127 24 50277.974
127 25 32267.645
127 26 68993.198
127 27 48600.746
127 28 23144.638
127 29 29649.369
127 30 68158.466
127 31 51550.012
127 32 26911.115
127 33 28264.837
127 34 32285.412
127 35 23341.799
127 36 68812.587
127 37 28177.824
127 38 12485.943
127 39 45500.123
127 40 34765.600
127 41 51908.464
127 42 26927.303
127 43 50425.982
127 44 32404.589
127 45 55930.830
127 46 54698.744
127 47 20224.555
127 48 39353.521
127 49 15210.045
127 50 18276.277
127 51 14080.437
127 52 12467.613
127 53 16682.298
127 54 27377.940
127 55 16876.207
127 56 47470.715
127 57 33448.938
127 58 43262.775
127 59 33671.721
127 60 31359.280
127 61 3078.487
127 62 46383.724
127 63 40279.681
127 64 48142.655
127 65 46021.655
127 66 32804.940
127 67 31114.744
127 68 49047.613
127 69 17457.853
127 70 56508.975
127 71 37019.906
127 72 62482.166
127 73 14006.624
127 74 28431.999
127 75 27505.039
127 76 29886.661
127 77 21179.512
127 78 48506.814
127 79 37741.017
127 80 40564.347
127 81 46628.973
127 82 48308.096
127 83 58023.696
127 84 17268.876
127 85 47540.933
127 86 49216.643
127 87 13817.680
127 88 57854.027
127 89 11165.179
127 90 22363.775
127 91 22332.495
127 92 43847.374
127 93 22129.474
127 94 19361.010
127 95 28555.856
127 96 40980.678
127 97 30647.678
127 98 45044.319
127 99 34472.969
127 100 65829.720
127 101 30415.306
127 102 17351.512
127 103 22248.442
127 104 18943.557
127 105 51196.492
127 106 18791.064
127 107 33319.364
127 108 12478.646
127 109 28883.146
127 110 36479.026
127 111 18550.563
127 112 32160.192
127 113 19113.754
127 114 62615.642
127 115 67384.336
127 116 67080.405
127 117 15306.271
127 118 38259.405
127 119 22040.586
127 120 42618.734
127 121 20618.400
127 122 44219.453
127 123 9477.954
127 124 29330.888
127 125 39631.621
127 126 65843.150
127 127 0.000
127 128 18144.098
127 129 31404.612
127 130 48089.636
127 131 33408.660
127 132 43911.749
127 133 49951.602
127 134 48330.526
127 135 64476.270
127 136 33416.077
127 137 40007.156
127 138 44865.685
127 139 53445.829
127 140 39384.871
127 141 8367.350
127 142 35784.185
127 143 47119.577
127 144 32841.151
127 145 42740.521
127 146 27763.325
127 147 37066.783
127 148 33137.305
127 149 18629.190
127 150 30634.099
127 151 27567.340
127 152 14669.511
127 153 16401.900
127 154 21271.509
127 155 48664.705
127 156 12436.139
127 157 65757.057
127 158 17531.955
127 159 19844.887
127 160 44907.673
127 161 3914.504
127 162 66832.118
127 163 36989.347
127 164 47798.238
127 165 34532.100
127 166 22160.999
127 167 58590.183
127 168 36835.787
127 169 36829.311
127 170 28857.895
127 171 29394.850
127 172 24965.125
127 173 37798.976
127 174 22998.894
127 175 37707.098
127 176 66277.930
127 177 33035.010
127 178 48569.899
127 179 33390.029
127 180 37776.950
127 181 46830.602
127 182 68400.776
127 183 53698.940
127 184 17635.256
127 185 46240.753
127 186 46451.097
127 187 43088.054
127 188 68142.033
127 189 37144.441
127 190 33658.364
127 191 33022.378
127 192 31371.264
127 193 28078.229
127 194 46063.442
127 195 44386.780
127 196 12473.008
127 197 8595.054
127 198 50112.942
127 199 28945.898
127 200 29815.878
128 0 19557.200
128 1 47693.116
128 2 39357.400
128 3 14537.200
128 4 16687.600
128 5 8919.900
128 6 33772.800
128 7 22419.316
128 8 51535.998
128 9 27001.800
128 10 14815.500
128 11 36561.800
128 12 9179.700
128 13 37539.300
128 14 25311.300
128 15 47820.670
128 16 7756.100
128 17 29411.800
128 18 8779.937
128 19 31313.100
128 20 51135.420
128 21 47826.838
128 22 49381.062
128 23 26965.300
128 24 45233.400
128 25 19451.100
128 26 51170.714
128 27 40211.800
128 28 30422.400
128 29 15782.400
128 30 50373.597
128 31 43368.100
128 32 32684.800
128 33 10711.586
128 34 28121.300
128 35 24197.900
128 36 50986.013
128 37 10476.925
128 38 12081.600
128 39 35142.400
128 40 29654.800
128 41 36711.200
128 42 29981.000
128 43 34886.400
128 44 30169.700
128 45 44183.106
128 46 39671.400
128 47 10195.800
128 48 32929.000
128 49 10918.100
128 50 12974.200
128 51 8292.800
128 52 14042.500
128 53 7631.900
128 54 12141.800
128 55 5564.400
128 56 37126.600
128 57 40169.424
128 58 30752.100
128 59 24259.800
128 60 38854.545
128 61 19117.027
128 62 35308.200
128 63 22332.418
128 64 34994.300
128 65 36235.300
128 66 25013.500
128 67 36437.151
128 68 33792.500
128 69 3462.700
128 70 39958.100
128 71 26485.200
128 72 52242.305
128 73 8068.699
128 74 15121.800
128 75 14142.200
128 76 16762.300
128 77 28198.900
128 78 34171.900
128 79 26400.500
128 80 31267.100
128 81 31320.100
128 82 35922.800
128 83 45803.256
128 84 14247.900
128 85 30993.900
128 86 35036.100
128 87 9638.407
128 88 50095.644
128 89 14707.500
128 90 5426.100
128 91 33120.100
128 92 39326.000
128 93 4450.200
128 94 26061.800
128 95 10823.513
128 96 29330.500
128 97 16433.900
128 98 39797.800
128 99 25211.600
128 100 47886.185
128 101 28371.500
128 102 826.800
128 103 14043.200
128 104 14205.200
128 105 36152.000
128 106 2464.700
128 107 37357.501
128 108 21389.700
128 109 11143.751
128 110 27527.100
128 111 4999.600
128 112 36689.506
128 113 7984.000
128 114 50814.181
128 115 49612.887
128 116 49364.540
128 117 15121.700
128 118 34887.600
128 119 14110.600
128 120 40736.600
128 121 7102.900
128 122 33791.400
128 123 8785.885
128 124 32327.100
128 125 25242.500
128 126 47899.530
128 127 18144.098
128 128 0.000
128 129 14345.500
128 130 40923.000
128 131 24414.700
128 132 30271.900
128 133 35643.600
128 134 31304.800
128 135 46782.856
128 136 22134.600
128 137 33561.700
128 138 37205.400
128 139 37987.800
128 140 33824.900
128 141 13319.649
128 142 24505.700
128 143 41530.300
128 144 27458.900
128 145 27902.600
128 146 11798.000
128 147 24238.600
128 148 18796.900
128 149 19376.700
128 150 13408.337
128 151 11847.200
128 152 20586.100
128 153 12832.900
128 154 29873.100
128 155 35362.300
128 156 24829.980
128 157 47812.969
128 158 8141.400
128 159 11874.161
128 160 31689.100
128 161 14628.942
128 162 57624.633
128 163 20853.300
128 164 32664.800
128 165 19244.000
128 166 27654.300
128 167 46949.852
128 168 30786.200
128 169 32734.000
128 170 26944.000
128 171 41365.686
128 172 31699.200
128 173 32162.300
128 174 28034.700
128 175 25810.100
128 176 57776.257
128 177 29234.600
128 178 33181.300
128 179 19934.600
128 180 23219.600
128 181 35167.800
128 182 50610.585
128 183 37705.800
128 184 1320.700
128 185 32712.300
128 186 32386.900
128 187 33066.400
128 188 50408.902
128 189 21487.100
128 190 22167.100
128 191 24949.700
128 192 26569.800
128 193 29527.100
128 194 31281.100
128 195 29587.000
128 196 10116.316
128 197 15275.600
128 198 35924.700
128 199 19063.000
128 200 31640.200
129 0 28542.774
129 1 38726.511
129 2 44837.806
129 3 25336.773
129 4 7249.775
129 5 12244.183
129 6 31043.907
129 7 36160.121
129 8 42641.191
129 9 15398.253
129 10 26808.176
129 11 33638.054
129 12 13056.088
129 13 51945.181
129 14 11637.932
129 15 37952.116
129 16 10819.432
129 17 34192.034
129 18 21258.050
129 19 45199.640
129 20 42079.179
129 21 37959.706
129 22 40408.109
129 23 14636.932
129 24 48518.251
129 25 28005.061
129 26 41729.571
129 27 45766.194
129 28 45895.480
129 29 23641.922
129 30 41110.005
129 31 48465.610
129 32 47258.706
129 33 3848.219
129 34 41997.874
129 35 39750.257
129 36 41534.516
129 37 4314.884
129 38 24774.396
129 39 47036.267
129 40 41435.012
129 41 30567.639
129 42 45849.800
129 43 32310.428
129 44 41278.967
129 45 45980.418
129 46 43846.261
129 47 12522.520
129 48 47192.947
129 49 16982.778
129 50 26773.515
129 51 17677.070
129 52 27457.389
129 53 14744.867
129 54 12134.389
129 55 15013.970
129 56 50648.403
129 57 53461.285
129 58 31467.043
129 59 11103.998
129 60 52379.429
129 61 31592.679
129 62 48484.533
129 63 9851.235
129 64 41030.347
129 65 36222.765
129 66 11315.784
129 67 49501.949
129 68 40628.340
129 69 16059.871
129 70 35407.363
129 71 13046.377
129 72 54994.925
129 73 17935.912
129 74 22259.415
129 75 22904.602
129 76 25798.738
129 77 43437.944
129 78 28521.381
129 79 16742.849
129 80 44945.569
129 81 33429.376
129 82 38294.312
129 83 46906.959
129 84 27842.772
129 85 26360.703
129 86 29104.706
129 87 18805.926
129 88 55272.515
129 89 25960.752
129 90 11918.041
129 91 45622.995
129 92 43548.235
129 93 12892.540
129 94 41064.885
129 95 4127.470
129 96 32591.649
129 97 23006.114
129 98 44412.335
129 99 13204.810
129 100 38014.775
129 101 46046.651
129 102 14912.598
129 103 26399.534
129 104 13776.853
129 105 30625.361
129 106 15623.872
129 107 49989.361
129 108 29936.609
129 109 3919.769
129 110 13143.001
129 111 12916.179
129 112 49510.331
129 113 12549.657
129 114 52003.677
129 115 40429.623
129 116 40399.678
129 117 29796.124
129 118 47880.293
129 119 28211.469
129 120 51265.555
129 121 11119.386
129 122 46626.414
129 123 22023.234
129 124 49183.779
129 125 20114.811
129 126 38027.213
129 127 31404.612
129 128 14345.500
129 129 0.000
129 130 45668.953
129 131 11848.837
129 132 35188.271
129 133 42797.684
129 134 25286.140
129 135 38010.618
129 136 9916.999
129 137 48184.287
129 138 51200.601
129 139 35578.394
129 140 48288.249
129 141 24509.078
129 142 11558.397
129 143 46447.181
129 144 40870.290
129 145 30736.648
129 146 10863.274
129 147 29767.605
129 148 18286.995
129 149 33423.723
129 150 1040.622
129 151 10010.886
129 152 31064.806
129 153 26693.099
129 154 44530.560
129 155 37409.437
129 156 39173.119
129 157 37941.367
129 158 13914.413
129 159 15230.397
129 160 20666.308
129 161 27558.959
129 162 61036.989
129 163 22234.812
129 164 28571.865
129 165 20995.252
129 166 41426.233
129 167 48622.845
129 168 45831.305
129 169 43140.223
129 170 43156.015
129 171 55594.070
129 172 45179.400
129 173 44474.581
129 174 42293.196
129 175 18625.703
129 176 61823.542
129 177 42225.884
129 178 29098.563
129 179 20198.897
129 180 30223.204
129 181 36627.038
129 182 41317.660
129 183 32356.735
129 184 14324.096
129 185 36920.984
129 186 28954.299
129 187 48321.568
129 188 41340.176
129 189 21669.843
129 190 33655.443
129 191 10527.874
129 192 39734.401
129 193 46203.440
129 194 21919.864
129 195 32952.486
129 196 20045.918
129 197 26298.469
129 198 39429.602
129 199 31964.083
129 200 47944.990
130 0 27244.800
130 1 44431.299
130 2 2658.800
130 3 31720.800
130 4 35418.100
130 5 46707.100
130 6 25440.700
130 7 48114.725
130 8 46338.239
130 9 29256.100
130 10 44574.000
130 11 20141.100
130 12 46147.900
130 13 15210.300
130 14 33312.300
130 15 47274.831
130 16 37020.400
130 17 10831.300
130 18 45379.672
130 19 32733.000
130 20 46608.176
130 21 47273.775
130 22 45358.039
130 23 29219.600
130 24 3978.700
130 25 23915.300
130 26 47839.443
130 27 948.500
130 28 51429.100
130 29 28042.600
130 30 46816.348
130 31 3771.100
130 32 32155.800
130 33 42858.502
130 34 19834.500
130 35 27267.900
130 36 47763.567
130 37 42241.829
130 38 42461.400
130 39 6202.400
130 40 16941.600
130 41 29231.100
130 42 30201.100
130 43 26554.300
130 44 18618.800
130 45 12680.612
130 46 16619.700
130 47 47983.000
130 48 15454.000
130 49 47886.400
130 50 37631.500
130 51 45261.000
130 52 42162.200
130 53 44600.100
130 54 33520.700
130 55 42532.600
130 56 8622.600
130 57 33825.759
130 58 17402.600
130 59 32260.800
130 60 35101.228
130 61 50938.005
130 62 6804.200
130 63 44322.920
130 64 6975.400
130 65 11690.900
130 66 33014.500
130 67 30578.274
130 68 9248.100
130 69 39300.200
130 70 31626.100
130 71 31519.200
130 72 15079.819
130 73 47269.993
130 74 29755.300
130 75 28719.100
130 76 26826.700
130 77 49205.600
130 78 24566.800
130 79 27790.400
130 80 10933.200
130 81 15406.400
130 82 11451.400
130 83 15214.408
130 84 38694.700
130 85 27599.200
130 86 26704.000
130 87 48797.168
130 88 10169.162
130 89 44466.000
130 90 39198.800
130 91 54126.800
130 92 4547.900
130 93 40227.400
130 94 47068.500
130 95 42188.097
130 96 13002.700
130 97 27573.700
130 98 3280.400
130 99 32429.400
130 100 47320.099
130 101 28591.600
130 102 40806.400
130 103 33842.800
130 104 51173.400
130 105 27819.900
130 106 38657.400
130 107 28113.853
130 108 44348.100
130 109 42230.287
130 110 31242.600
130 111 43577.300
130 112 29057.132
130 113 47008.800
130 114 17592.865
130 115 46134.895
130 116 45324.134
130 117 41830.500
130 118 16783.800
130 119 34138.200
130 120 18484.400
130 121 44890.100
130 122 7935.500
130 123 44038.572
130 124 32547.300
130 125 26778.800
130 126 47330.355
130 127 48089.636
130 128 41442.300
130 129 45668.953
130 130 0.000
130 131 32415.700
130 132 11146.500
130 133 7591.100
130 134 31393.700
130 135 43382.263
130 136 32719.100
130 137 15793.700
130 138 15661.900
130 139 21567.200
130 140 16349.900
130 141 49697.819
130 142 31259.500
130 143 3151.100
130 144 18427.200
130 145 17085.600
130 146 32487.900
130 147 20705.400
130 148 28196.800
130 149 40383.400
130 150 44800.415
130 151 33142.400
130 152 43544.500
130 153 39508.900
130 154 50879.800
130 155 12573.300
130 156 41991.146
130 157 47280.151
130 158 45109.600
130 159 51776.170
130 160 33079.000
130 161 47321.784
130 162 18752.384
130 163 23003.600
130 164 25969.800
130 165 22468.300
130 166 30538.500
130 167 14156.698
130 168 16194.700
130 169 15091.800
130 170 23264.100
130 171 44965.034
130 172 32112.500
130 173 13709.500
130 174 30919.000
130 175 27200.000
130 176 18267.107
130 177 18293.600
130 178 25487.100
130 179 29334.500
130 180 19889.200
130 181 11533.700
130 182 47044.732
130 183 30634.700
130 184 41445.800
130 185 11766.000
130 186 24054.800
130 187 11224.200
130 188 46229.481
130 189 24243.100
130 190 28303.400
130 191 32950.700
130 192 19816.000
130 193 29747.300
130 194 32670.900
130 195 13889.500
130 196 48721.377
130 197 45034.100
130 198 13896.800
130 199 30726.400
130 200 31860.400
131 0 23335.200
131 1 32099.360
131 2 31098.300
131 3 20654.000
131 4 5251.300
131 5 24546.800
131 6 18399.300
131 7 37155.474
131 8 35931.330
131 9 4654.700
131 10 29700.100
131 11 24224.800
131 12 23948.500
131 13 40428.000
131 14 896.600
131 15 32356.650
131 16 14860.200
131 17 20908.400
131 18 24388.018
131 19 41476.400
131 20 35539.944
131 21 32362.450
131 22 33783.836
131 23 4618.300
131 24 36349.800
131 25 23229.000
131 26 35612.394
131 27 32209.500
131 28 40585.700
131 29 19560.600
131 30 34797.660
131 31 34484.500
131 32 42848.100
131 33 10205.138
131 34 36496.400
131 35 34864.600
131 36 35429.772
131 37 9678.229
131 38 27587.500
131 39 40469.500
131 40 34965.900
131 41 21337.700
131 42 40647.700
131 43 19513.000
131 44 34616.900
131 45 34136.081
131 46 27334.400
131 47 25822.800
131 48 38713.400
131 49 30537.100
131 50 23881.800
131 51 27911.800
131 52 27994.600
131 53 27250.900
131 54 9899.000
131 55 25183.400
131 56 42453.600
131 57 47371.576
131 58 18415.100
131 59 854.200
131 60 46755.447
131 61 34654.203
131 62 40635.300
131 63 11215.424
131 64 26110.700
131 65 27351.700
131 66 598.900
131 67 43180.590
131 68 24908.900
131 69 21951.000
131 70 24584.700
131 71 5456.700
131 72 43148.211
131 73 22908.232
131 74 18900.000
131 75 18328.800
131 76 20540.300
131 77 38362.200
131 78 17634.200
131 79 7562.600
131 80 36594.200
131 81 18983.200
131 82 23585.800
131 83 35103.056
131 84 25899.700
131 85 15620.500
131 86 19662.600
131 87 24316.216
131 88 43686.399
131 89 29592.100
131 90 15291.500
131 91 43283.400
131 92 31066.800
131 93 16640.800
131 94 36225.100
131 95 9435.514
131 96 21071.400
131 97 19074.900
131 98 31538.700
131 99 3045.800
131 100 32422.270
131 101 39038.200
131 102 23457.100
131 103 23042.600
131 104 33824.200
131 105 20778.500
131 106 21308.100
131 107 43033.811
131 108 31553.000
131 109 9314.209
131 110 5180.100
131 111 21417.100
131 112 42829.308
131 113 23610.900
131 114 40209.708
131 115 34031.470
131 116 33766.850
131 117 29035.400
131 118 40043.200
131 119 24273.900
131 120 43625.300
131 121 22729.900
131 122 39118.500
131 123 24316.439
131 124 42993.800
131 125 10865.700
131 126 32435.710
131 127 33408.660
131 128 24093.100
131 129 11848.837
131 130 32920.800
131 131 0.000
131 132 21768.500
131 133 26759.900
131 134 15931.400
131 135 31179.788
131 136 2552.300
131 137 39053.100
131 138 40094.100
131 139 25650.900
131 140 39609.300
131 141 28842.017
131 142 3238.800
131 143 33271.200
131 144 33167.700
131 145 18836.800
131 146 9683.700
131 147 21772.400
131 148 15594.800
131 149 29540.000
131 150 11173.622
131 151 10252.200
131 152 30749.400
131 153 26713.800
131 154 40036.400
131 155 23025.300
131 156 37520.659
131 157 32349.692
131 158 27760.400
131 159 23474.161
131 160 12769.300
131 161 30114.752
131 162 49206.446
131 163 11230.500
131 164 17291.300
131 165 11819.900
131 166 37817.600
131 167 36787.233
131 168 39161.300
131 169 38351.200
131 170 37610.700
131 171 51942.969
131 172 41862.500
131 173 36968.900
131 174 38198.000
131 175 8676.400
131 176 50038.179
131 177 37609.700
131 178 17807.800
131 179 16732.500
131 180 21344.700
131 181 22830.800
131 182 35036.934
131 183 22332.300
131 184 24096.600
131 185 23600.800
131 186 17013.400
131 187 38393.400
131 188 34815.852
131 189 10208.100
131 190 27298.700
131 191 1417.800
131 192 34944.900
131 193 40193.800
131 194 12827.400
131 195 21103.600
131 196 25153.740
131 197 30160.200
131 198 23587.700
131 199 27102.700
131 200 42306.900
132 0 16127.500
132 1 34418.770
132 2 12026.500
132 3 20603.500
132 4 24839.000
132 5 36128.000
132 6 14304.700
132 7 45194.002
132 8 36858.801
132 9 18677.000
132 10 33456.700
132 11 12446.000
132 12 35754.600
132 13 31775.000
132 14 22733.200
132 15 36915.694
132 16 26441.400
132 17 960.000
132 18 38959.652
132 19 41202.400
132 20 36995.316
132 21 36915.845
132 22 35560.952
132 23 18640.600
132 24 12443.500
132 25 12797.900
132 26 38042.283
132 27 10443.800
132 28 40311.800
132 29 16925.300
132 30 37008.321
132 31 12235.900
132 32 39406.500
132 33 32795.630
132 34 25359.500
132 35 31206.700
132 36 37939.785
132 37 32189.158
132 38 31344.100
132 39 16072.300
132 40 25372.300
132 41 18095.100
132 42 37451.800
132 43 15418.300
132 44 25023.300
132 45 12247.109
132 46 15904.600
132 47 37403.900
132 48 30060.500
132 49 37493.000
132 50 26514.200
132 51 34867.700
132 52 31044.900
132 53 34206.800
132 54 22941.600
132 55 32139.300
132 56 31362.300
132 57 38848.827
132 58 7562.500
132 59 21681.700
132 60 39474.510
132 61 46415.684
132 62 29543.900
132 63 32850.332
132 64 6779.400
132 65 10795.700
132 66 22435.500
132 67 34914.446
132 68 8510.200
132 69 28906.900
132 70 20490.000
132 71 20940.100
132 72 20323.231
132 73 39936.307
132 74 18627.700
132 75 17601.700
132 76 15709.400
132 77 38088.200
132 78 13430.800
132 79 17211.300
132 80 25502.900
132 81 6195.000
132 82 9127.000
132 83 14152.981
132 84 27577.400
132 85 16463.200
132 86 15568.000
132 87 41514.880
132 88 20299.663
132 89 33348.700
132 90 28619.700
132 91 43009.500
132 92 12281.300
132 93 29648.300
132 94 35951.200
132 95 32072.724
132 96 2667.000
132 97 16456.400
132 98 12753.100
132 99 21850.300
132 100 36966.891
132 101 35842.300
132 102 30413.000
132 103 22725.400
132 104 40780.100
132 105 16683.900
132 106 28264.000
132 107 33168.077
132 108 33230.800
132 109 32061.919
132 110 20663.500
132 111 32998.200
132 112 33723.350
132 113 36615.400
132 114 18956.313
132 115 36270.607
132 116 35528.645
132 117 30713.200
132 118 31390.200
132 119 23020.900
132 120 34972.300
132 121 34311.000
132 122 28027.200
132 123 37907.581
132 124 39797.900
132 125 16199.800
132 126 36978.228
132 127 43911.749
132 128 31049.000
132 129 35188.271
132 130 11155.100
132 131 21836.600
132 132 0.000
132 133 8945.100
132 134 20257.700
132 135 33330.124
132 136 22140.100
132 137 30400.200
132 138 31441.100
132 139 13872.000
132 140 30956.300
132 141 43612.485
132 142 20680.400
132 143 13256.200
132 144 23574.100
132 145 5838.900
132 146 21908.900
132 147 9588.100
132 148 17617.700
132 149 29266.000
132 150 34406.129
132 151 22563.300
132 152 32427.100
132 153 28391.600
132 154 39762.500
132 155 10248.900
132 156 40844.528
132 157 36919.020
132 158 34716.300
132 159 43418.778
132 160 22499.900
132 161 42256.283
132 162 26053.850
132 163 12424.500
132 164 14833.800
132 165 11889.200
132 166 37543.600
132 167 14998.906
132 168 30801.100
132 169 29698.300
132 170 32750.900
132 171 48248.865
132 172 39363.200
132 173 28315.900
132 174 37924.100
132 175 16620.900
132 176 26665.443
132 177 25309.100
132 178 14351.100
132 179 18755.400
132 180 8771.900
132 181 5747.500
132 182 37251.618
132 183 19498.700
132 184 31052.500
132 185 5537.800
132 186 12918.800
132 187 27302.100
132 188 36518.638
132 189 13664.000
132 190 17186.000
132 191 22371.600
132 192 24962.900
132 193 36997.900
132 194 22091.800
132 195 5352.400
132 196 41720.238
132 197 33916.800
132 198 11572.400
132 199 19609.100
132 200 39111.000
133 0 22800.200
133 1 37470.081
133 2 11630.400
133 3 26907.400
133 4 29422.800
133 5 41357.000
133 6 18933.700
133 7 50694.013
133 8 39276.560
133 9 23260.900
133 10 39562.400
133 11 14637.600
133 12 40797.800
133 13 38447.600
133 14 27317.100
133 15 40398.016
133 16 31670.300
133 17 8588.900
133 18 45820.365
133 19 47875.100
133 20 39564.505
133 21 40396.580
133 22 38348.616
133 23 23224.400
133 24 10834.300
133 25 19470.600
133 26 40823.337
133 27 6883.700
133 28 46984.400
133 29 22724.900
133 30 39804.886
133 31 8968.900
133 32 46079.100
133 33 40424.355
133 34 32032.200
133 35 37879.300
133 36 40752.557
133 37 39817.642
133 38 37449.800
133 39 15825.200
133 40 32044.900
133 41 22724.100
133 42 44124.400
133 43 20047.300
133 44 31695.900
133 45 6582.462
133 46 8408.500
133 47 42632.900
133 48 36733.100
133 49 42536.300
133 50 32824.500
133 51 39910.900
133 52 37355.200
133 53 39250.000
133 54 28170.600
133 55 37182.500
133 56 18245.500
133 57 39878.668
133 58 11899.100
133 59 26265.600
133 60 40932.100
133 61 52613.695
133 62 16427.100
133 63 40077.205
133 64 3552.900
133 65 5367.300
133 66 27019.300
133 67 36342.478
133 68 2924.400
133 69 33950.100
133 70 25119.100
133 71 25524.000
133 72 12945.958
133 73 47090.471
133 74 23915.400
133 75 24465.300
133 76 23059.200
133 77 44760.900
133 78 18059.800
133 79 21795.100
133 80 32175.500
133 81 9902.900
133 82 5947.900
133 83 9103.999
133 84 34122.800
133 85 21092.200
133 86 20197.000
133 87 48661.219
133 88 13081.434
133 89 39454.400
133 90 33848.700
133 91 49682.100
133 92 11750.200
133 93 34877.300
133 94 42623.800
133 95 39701.732
133 96 10304.900
133 97 22247.100
133 98 12222.100
133 99 26434.200
133 100 40441.237
133 101 42514.900
133 102 35456.300
133 103 29029.400
133 104 45823.300
133 105 21312.900
133 106 33307.200
133 107 34110.131
133 108 39776.200
133 109 39690.702
133 110 25247.300
133 111 38227.200
133 112 34924.439
133 113 41658.700
133 114 12867.416
133 115 39136.145
133 116 38314.511
133 117 37258.600
133 118 38062.900
133 119 29693.500
133 120 41644.900
133 121 39540.000
133 122 17558.300
133 123 44661.351
133 124 46470.600
133 125 20783.600
133 126 40451.113
133 127 49951.602
133 128 36092.200
133 129 42797.684
133 130 7594.900
133 131 26420.400
133 132 8904.000
133 133 0.000
133 134 24886.700
133 135 36434.491
133 136 26723.900
133 137 37072.800
133 138 38113.700
133 139 16063.600
133 140 37628.900
133 141 50384.991
133 142 25264.300
133 143 12773.900
133 144 30246.700
133 145 10115.400
133 146 27137.800
133 147 16260.700
133 148 22846.700
133 149 35938.700
133 150 42024.144
133 151 27792.300
133 152 38972.600
133 153 34937.000
133 154 46435.100
133 155 7069.800
133 156 45456.154
133 157 40403.951
133 158 39759.500
133 159 50845.261
133 160 27083.800
133 161 48643.584
133 162 18465.135
133 163 17008.400
133 164 19462.800
133 165 17118.100
133 166 44216.300
133 167 8889.216
133 168 37473.700
133 169 36370.900
133 170 39423.500
133 171 50462.913
133 172 46035.800
133 173 34988.600
133 174 44596.700
133 175 21204.700
133 176 19037.798
133 177 31981.800
133 178 18980.100
133 179 23984.400
133 180 15444.500
133 181 6030.100
133 182 40029.920
133 183 24127.700
133 184 36095.700
133 185 6262.400
133 186 17547.800
133 187 33974.800
133 188 39202.351
133 189 18247.900
133 190 23858.700
133 191 26955.500
133 192 31635.500
133 193 43670.600
133 194 26675.700
133 195 8385.400
133 196 48783.552
133 197 40022.500
133 198 8393.200
133 199 26281.700
133 200 45783.700
134 0 23826.000
134 1 17623.887
134 2 29259.400
134 3 24707.700
134 4 22382.500
134 5 37207.300
134 6 8662.300
134 7 51549.205
134 8 21170.682
134 9 14676.100
134 10 36049.100
134 11 22239.900
134 12 36648.100
134 13 41845.500
134 14 20276.700
134 15 18919.068
134 16 27520.700
134 17 18881.200
134 18 39877.910
134 19 46542.800
134 20 20937.732
134 21 18922.284
134 22 19203.703
134 23 14639.600
134 24 34396.200
134 25 21415.700
134 26 21380.019
134 27 30113.800
134 28 45652.100
134 29 21035.600
134 30 20436.041
134 31 32530.900
134 32 47914.600
134 33 25131.037
134 34 35430.100
134 35 37837.000
134 36 21220.343
134 37 24725.186
134 38 33936.500
134 39 35764.300
134 40 35442.800
134 41 5943.100
134 42 43620.100
134 43 9775.900
134 44 35093.800
134 45 25763.959
134 46 25349.500
134 47 38483.200
134 48 40131.000
134 49 38386.600
134 50 29667.800
134 51 35761.200
134 52 34198.500
134 53 35100.400
134 54 24020.900
134 55 33032.800
134 56 41432.900
134 57 55374.381
134 58 16430.200
134 59 19225.200
134 60 55384.484
134 61 49877.686
134 62 39614.500
134 63 17991.075
134 64 24157.100
134 65 25398.100
134 66 19978.900
134 67 51159.430
134 68 22955.200
134 69 29800.400
134 70 9820.100
134 71 13483.300
134 72 34867.889
134 73 38631.154
134 74 20255.600
134 75 21533.400
134 76 22427.800
134 77 43428.600
134 78 10225.300
134 79 13087.600
134 80 35573.400
134 81 16998.300
134 82 21600.900
134 83 25630.649
134 84 30966.100
134 85 2329.700
134 86 7038.900
134 87 40050.237
134 88 38661.079
134 89 35941.100
134 90 29699.000
134 91 48349.900
134 92 29228.000
134 93 30727.600
134 94 41291.600
134 95 24400.634
134 96 19232.600
134 97 18396.800
134 98 29699.800
134 99 16729.300
134 100 18981.163
134 101 42010.600
134 102 31306.600
134 103 26829.600
134 104 41673.700
134 105 6242.600
134 106 29157.600
134 107 50143.915
134 108 36619.500
134 109 24186.561
134 110 13206.700
134 111 34077.500
134 112 50345.527
134 113 37509.000
134 114 30239.453
134 115 19639.125
134 116 19180.209
134 117 34101.900
134 118 41460.800
134 119 27749.700
134 120 45042.800
134 121 35390.300
134 122 38097.700
134 123 39632.013
134 124 45966.300
134 125 7978.500
134 126 18994.322
134 127 48330.526
134 128 31942.500
134 129 25286.140
134 130 30825.100
134 131 19380.100
134 132 19741.400
134 133 24806.300
134 134 0.000
134 135 16579.816
134 136 19683.500
134 137 40470.700
134 138 41511.600
134 139 16417.300
134 140 41026.800
134 141 44440.576
134 142 14446.100
134 143 31432.300
134 144 33644.600
134 145 17062.900
134 146 22988.100
134 147 19658.600
134 148 18697.000
134 149 34606.400
134 150 25036.512
134 151 23642.600
134 152 35815.900
134 153 31780.300
134 154 45102.900
134 155 21040.400
134 156 50398.020
134 157 18917.038
134 158 35609.900
134 159 38957.068
134 160 4518.300
134 161 45308.912
134 162 41205.473
134 163 11811.800
134 164 7029.800
134 165 13066.300
134 166 42884.000
134 167 27844.060
134 168 40871.600
134 169 39768.800
134 170 40583.200
134 171 62466.188
134 172 46928.900
134 173 38386.500
134 174 43264.400
134 175 10803.300
134 176 42786.845
134 177 35379.700
134 178 7524.300
134 179 19834.700
134 180 18842.400
134 181 20845.900
134 182 20689.560
134 183 6937.700
134 184 31946.000
134 185 21615.900
134 186 9604.500
134 187 37372.700
134 188 20264.597
134 189 10789.400
134 190 27256.500
134 191 19915.100
134 192 35033.400
134 193 43166.300
134 194 3410.200
134 195 19118.800
134 196 40868.663
134 197 36509.200
134 198 21602.800
134 199 29679.600
134 200 45279.400
135 0 40540.286
135 1 1100.671
135 2 44879.203
135 3 44678.584
135 4 35267.416
135 5 49307.987
135 6 19972.691
135 7 67919.457
135 8 4754.735
135 9 28329.377
135 10 55828.831
135 11 20841.157
135 12 48945.356
135 13 56637.779
135 14 32723.422
135 15 4293.441
135 16 41094.970
135 17 33245.545
135 18 55553.405
135 19 66309.756
135 20 4389.618
135 21 4288.849
135 22 2635.052
135 23 29166.917
135 24 45319.752
135 25 39101.693
135 26 4877.842
135 27 42908.447
135 28 68380.291
135 29 38431.187
135 30 3885.482
135 31 43650.869
135 32 67215.734
135 33 39060.769
135 34 54972.742
135 35 59738.716
135 36 4739.601
135 37 38802.368
135 38 53270.671
135 39 48597.419
135 40 51845.311
135 41 15258.126
135 42 65109.999
135 43 19958.887
135 44 53898.652
135 45 33466.050
135 46 31508.950
135 47 49801.767
135 48 55480.552
135 49 53215.133
135 50 50429.878
135 51 53324.144
135 52 54923.990
135 53 50031.991
135 54 37115.106
135 55 48332.230
135 56 52129.954
135 57 71049.752
135 58 29603.839
135 59 31049.762
135 60 71255.650
135 61 65823.824
135 62 49875.831
135 63 28569.219
135 64 36079.265
135 65 31911.604
135 66 31824.456
135 67 66894.853
135 68 34247.401
135 69 47090.633
135 70 13572.754
135 71 27682.848
135 72 40935.840
135 73 53772.549
135 74 38794.733
135 75 40065.895
135 76 39711.401
135 77 66387.107
135 78 18694.831
135 79 26789.617
135 80 50869.950
135 81 27312.769
135 82 31729.242
135 83 32070.129
135 84 51959.264
135 85 18330.437
135 86 18151.603
135 87 55072.571
135 88 47572.922
135 89 54807.732
135 90 42380.416
135 91 68650.040
135 92 45165.239
135 93 42449.432
135 94 64514.377
135 95 38429.693
135 96 33858.098
135 97 37018.372
135 98 45075.070
135 99 30029.493
135 100 4316.062
135 101 62340.339
135 102 47620.721
135 103 47058.208
135 104 50868.975
135 105 16544.981
135 106 45703.961
135 107 65611.804
135 108 56831.047
135 109 38153.346
135 110 28144.612
135 111 47628.703
135 112 65947.048
135 113 48859.284
135 114 34978.419
135 115 3090.826
135 116 2613.944
135 117 54894.482
135 118 57624.947
135 119 48631.878
135 120 58420.361
135 121 47775.421
135 122 49410.280
135 123 55492.284
135 124 68020.847
135 125 25424.843
135 126 4322.067
135 127 64476.270
135 128 46782.856
135 129 38010.618
135 130 43382.263
135 131 31179.788
135 132 33330.124
135 133 36434.491
135 134 16579.816
135 135 0.000
135 136 31543.383
135 137 56314.327
135 138 55918.977
135 139 19566.788
135 140 57109.198
135 141 59933.815
135 142 29083.239
135 143 45784.716
135 144 52945.623
135 145 29476.969
135 146 36835.878
135 147 35500.864
135 148 32121.806
135 149 56012.496
135 150 38110.257
135 151 37167.748
135 152 56430.915
135 153 51733.416
135 154 67896.445
135 155 29915.461
135 156 66976.158
135 157 4304.228
135 158 49438.753
135 159 52952.324
135 160 19568.601
135 161 61274.409
135 162 46754.036
135 163 29557.334
135 164 19847.202
135 165 31715.103
135 166 62844.418
135 167 34412.889
135 168 55993.341
135 169 52141.819
135 170 59634.261
135 171 78763.232
135 172 65798.272
135 173 53059.211
135 174 63348.226
135 175 27180.228
135 176 49015.066
135 177 54578.826
135 178 19174.196
135 179 32595.856
135 180 35135.811
135 181 31367.580
135 182 4140.640
135 183 14290.014
135 184 47598.648
135 185 32585.671
135 186 22288.117
135 187 53280.257
135 188 3692.890
135 189 29064.161
135 190 43323.786
135 191 31757.670
135 192 52843.076
135 193 64631.994
135 194 18425.175
135 195 29855.806
135 196 56038.371
135 197 56658.595
135 198 30900.075
135 199 46112.259
135 200 65688.220
136 0 21055.100
136 1 32422.507
136 2 31301.200
136 3 18373.900
136 4 2971.200
136 5 22266.700
136 6 18602.300
136 7 37369.046
136 8 36296.798
136 9 4857.700
136 10 27420.000
136 11 24427.800
136 12 21668.400
136 13 38147.900
136 14 3449.000
136 15 32453.024
136 16 12580.100
136 17 21111.400
136 18 24082.101
136 19 39196.300
136 20 35864.740
136 21 32459.253
136 22 34117.353
136 23 4821.200
136 24 36552.800
136 25 20948.900
136 26 35843.955
136 27 32412.400
136 28 38305.600
136 29 17280.500
136 30 35067.389
136 31 34687.400
136 32 40568.000
136 33 8640.446
136 34 34216.300
136 35 32584.500
136 36 35657.512
136 37 8167.308
136 38 25307.400
136 39 38189.400
136 40 32685.800
136 41 21540.700
136 42 38367.600
136 43 19715.900
136 44 32336.800
136 45 36074.476
136 46 27537.400
136 47 23542.700
136 48 36433.300
136 49 28257.000
136 50 21601.700
136 51 25631.700
136 52 25714.500
136 53 24970.800
136 54 7618.900
136 55 22903.300
136 56 40173.500
136 57 48807.770
136 58 18618.100
136 59 2397.500
136 60 48118.248
136 61 34489.037
136 62 38355.200
136 63 9534.091
136 64 26313.700
136 65 27554.700
136 66 3151.200
136 67 44640.311
136 68 25111.800
136 69 19670.900
136 70 24787.600
136 71 5659.700
136 72 45118.901
136 73 22258.940
136 74 16619.900
136 75 16048.700
136 76 18260.200
136 77 36082.100
136 78 17837.200
136 79 7765.500
136 80 34314.100
136 81 19186.100
136 82 23788.700
136 83 36990.558
136 84 23619.600
136 85 15823.400
136 86 19865.600
136 87 23602.067
136 88 45737.972
136 89 27312.000
136 90 13011.400
136 91 41003.300
136 92 31269.800
136 93 14360.700
136 94 33945.000
136 95 7879.764
136 96 21274.400
136 97 16794.800
136 98 31741.600
136 99 3349.300
136 100 32518.502
136 101 36758.100
136 102 21177.000
136 103 20762.500
136 104 31544.100
136 105 20981.500
136 106 19028.000
136 107 44589.223
136 108 29272.900
136 109 7713.076
136 110 5383.000
136 111 19137.000
136 112 44342.812
136 113 21330.800
136 114 42088.900
136 115 34315.581
136 116 34102.203
136 117 26755.300
136 118 37763.100
136 119 21993.800
136 120 41345.200
136 121 20449.800
136 122 36838.400
136 123 24154.271
136 124 40713.700
136 125 11068.700
136 126 32531.827
136 127 33416.077
136 128 21813.000
136 129 9916.999
136 130 33123.700
136 131 2552.300
136 132 21971.500
136 133 26962.900
136 134 16134.300
136 135 31543.383
136 136 0.000
136 137 36773.000
136 138 37814.000
136 139 25853.800
136 140 37329.200
136 141 28395.662
136 142 3441.800
136 143 33474.100
136 144 30887.600
136 145 19039.800
136 146 7403.600
136 147 21424.400
136 148 13314.700
136 149 27259.900
136 150 9302.767
136 151 7972.100
136 152 28469.300
136 153 24433.700
136 154 37756.300
136 155 23228.200
136 156 38190.891
136 157 32445.198
136 158 25480.300
136 159 22287.534
136 160 12972.300
136 161 29991.849
136 162 51198.779
136 163 11433.500
136 164 17494.300
136 165 12022.900
136 166 35537.500
136 167 38709.578
136 168 36881.200
136 169 36071.100
136 170 35330.600
136 171 53009.092
136 172 39582.400
136 173 34688.800
136 174 35917.900
136 175 8979.900
136 176 52054.762
136 177 35329.600
136 178 18010.800
136 179 14452.400
136 180 22016.800
136 181 23033.700
136 182 35301.099
136 183 22535.300
136 184 21816.500
136 185 23803.800
136 186 17216.400
136 187 36113.300
136 188 35133.076
136 189 10411.100
136 190 25018.600
136 191 3087.400
136 192 32664.800
136 193 37913.700
136 194 13030.300
136 195 21306.600
136 196 24521.926
136 197 27880.100
136 198 23790.600
136 199 24822.600
136 200 40026.800
137 0 16788.600
137 1 57405.668
137 2 14848.300
137 3 23726.700
137 4 38654.900
137 5 41391.300
137 6 36555.900
137 7 38491.284
137 8 59843.163
137 9 35103.400
137 10 29047.100
137 11 38569.900
137 12 37991.700
137 13 4859.400
137 14 39895.500
137 15 59823.253
137 16 34832.100
137 17 30914.900
137 18 40623.563
137 19 20812.400
137 20 59990.282
137 21 59823.797
137 22 58559.390
137 23 35066.900
137 24 15369.300
137 25 17835.000
137 26 61040.105
137 27 18122.200
137 28 23750.800
137 29 20906.100
137 30 60006.189
137 31 16448.200
137 32 20235.200
137 33 44650.960
137 34 7913.900
137 35 15347.300
137 36 60936.797
137 37 44069.862
137 38 27334.900
137 39 9939.800
137 40 6689.400
137 41 40346.300
137 42 18280.500
137 43 37669.500
137 44 6698.200
137 45 28312.634
137 46 29296.800
137 47 42124.000
137 48 1343.400
137 49 39730.100
137 50 22355.800
137 51 37104.800
137 52 26656.300
137 53 36443.900
137 54 31444.300
137 55 34376.400
137 56 11923.900
137 57 18329.949
137 58 32760.200
137 59 38844.100
137 60 19836.947
137 61 43073.172
137 62 10105.500
137 63 50008.889
137 64 22846.700
137 65 38460.800
137 66 39597.800
137 67 15515.261
137 68 36017.900
137 69 31144.000
137 70 42741.300
137 71 37366.500
137 72 29666.397
137 73 43720.589
137 74 22608.400
137 75 21582.400
137 76 19596.000
137 77 22336.700
137 78 35682.000
137 79 33637.700
137 80 6101.200
137 81 33328.300
137 82 38718.100
137 83 30865.990
137 84 21980.400
137 85 38714.400
137 86 37819.200
137 87 45031.497
137 88 21605.055
137 89 28561.100
137 90 35792.400
137 91 26448.500
137 92 15129.900
137 93 35088.700
137 94 20919.000
137 95 44156.854
137 96 31288.400
137 97 20437.200
137 98 14368.000
137 99 39795.900
137 100 59876.177
137 101 16671.100
137 102 32650.200
137 103 20825.200
137 104 43017.200
137 105 38935.100
137 106 32244.700
137 107 12774.860
137 108 27633.800
137 109 44311.226
137 110 37089.900
137 111 37029.300
137 112 13881.052
137 113 38852.600
137 114 33132.048
137 115 59266.790
137 116 58527.108
137 117 25116.200
137 118 2362.600
137 119 19186.100
137 120 4226.100
137 121 39574.400
137 122 8588.800
137 123 39000.942
137 124 20626.700
137 125 32479.700
137 126 59887.820
137 127 40007.156
137 128 33286.100
137 129 48184.287
137 130 15794.300
137 131 38998.900
137 132 31775.100
137 133 25414.300
137 134 38542.000
137 135 56314.327
137 136 36718.800
137 137 0.000
137 138 4525.600
137 139 39996.000
137 140 1064.200
137 141 44060.162
137 142 37106.800
137 143 12765.400
137 144 8174.900
137 145 30125.600
137 146 32009.400
137 147 22395.700
137 148 29484.000
137 149 23669.100
137 150 47175.544
137 151 32902.000
137 152 26830.200
137 153 22794.600
137 154 24865.800
137 155 37370.400
137 156 30877.920
137 157 59825.913
137 158 36953.400
137 159 49546.167
137 160 38926.300
137 161 40470.243
137 162 31437.777
137 163 28090.500
137 164 37085.000
137 165 26481.100
137 166 18618.000
137 167 29829.668
137 168 2528.100
137 169 4839.600
137 170 11343.500
137 171 29982.138
137 172 20191.900
137 173 3457.300
137 174 18998.400
137 175 33047.300
137 176 29886.410
137 177 6373.100
137 178 36602.300
137 179 30621.800
137 180 22396.300
137 181 37175.900
137 182 60249.760
137 183 41749.900
137 184 33289.600
137 185 34215.500
137 186 35170.000
137 187 5142.300
137 188 59516.892
137 189 28724.200
137 190 13490.100
137 191 39534.000
137 192 7499.300
137 193 17826.700
137 194 38518.200
137 195 31810.000
137 196 44525.927
137 197 33699.500
137 198 37932.800
137 199 15145.100
137 200 19939.800
138 0 17829.500
138 1 56993.490
138 2 15889.300
138 3 22857.900
138 4 39695.800
138 5 44175.900
138 6 37596.900
138 7 43461.061
138 8 59160.349
138 9 36144.300
138 10 34067.100
138 11 39610.900
138 12 40776.200
138 13 1015.100
138 14 40936.500
138 15 59628.294
138 16 35873.100
138 17 31955.900
138 18 45055.826
138 19 25832.400
138 20 59374.908
138 21 59628.080
138 22 58035.318
138 23 36107.900
138 24 16410.300
138 25 18875.900
138 26 60524.403
138 27 19163.200
138 28 28770.800
138 29 21947.000
138 30 59492.895
138 31 17489.200
138 32 25255.200
138 33 47804.722
138 34 12933.900
138 35 20367.300
138 36 60435.120
138 37 47208.181
138 38 32354.900
138 39 10980.700
138 40 10041.100
138 41 41387.200
138 42 23300.500
138 43 38710.500
138 44 11718.200
138 45 25878.798
138 46 30337.700
138 47 44908.600
138 48 5869.000
138 49 42514.600
138 50 27375.800
138 51 39889.300
138 52 31676.200
138 53 39228.400
138 54 32485.200
138 55 37160.900
138 56 6182.800
138 57 22343.467
138 58 33801.200
138 59 39885.000
138 60 24089.296
138 61 47922.695
138 62 11146.500
138 63 52198.479
138 64 23887.700
138 65 39501.700
138 66 40638.700
138 67 19996.953
138 68 37058.800
138 69 33928.500
138 70 43782.200
138 71 38407.500
138 72 25918.739
138 73 47977.156
138 74 23649.400
138 75 22623.400
138 76 20637.000
138 77 27356.700
138 78 36723.000
138 79 34678.600
138 80 7142.200
138 81 34369.200
138 82 39759.100
138 83 28359.326
138 84 27000.400
138 85 39755.300
138 86 38860.100
138 87 49335.438
138 88 17308.930
138 89 33581.100
138 90 36833.300
138 91 31468.500
138 92 16170.800
138 93 36129.600
138 94 25939.000
138 95 47262.223
138 96 32329.300
138 97 21478.100
138 98 15408.900
138 99 40836.800
138 100 59677.786
138 101 21691.000
138 102 35434.700
138 103 22068.400
138 104 45801.700
138 105 39976.000
138 106 33285.600
138 107 17107.786
138 108 32653.800
138 109 47391.195
138 110 38130.800
138 111 39813.800
138 112 18322.608
138 113 41637.100
138 114 29985.684
138 115 58781.146
138 116 58002.081
138 117 30136.200
138 118 6888.100
138 119 21650.900
138 120 4837.000
138 121 42358.900
138 122 9629.700
138 123 43464.098
138 124 25321.300
138 125 33520.600
138 126 59688.815
138 127 44865.685
138 128 36070.600
138 129 51200.601
138 130 16835.300
138 131 40039.900
138 132 32816.000
138 133 26455.200
138 134 39582.900
138 135 55918.977
138 136 37759.800
138 137 4525.600
138 138 0.000
138 139 41036.900
138 140 5589.800
138 141 48648.498
138 142 38147.800
138 143 13806.400
138 144 11526.600
138 145 31166.500
138 146 33050.400
138 147 23436.600
138 148 30525.000
138 149 28689.000
138 150 50215.902
138 151 33943.000
138 152 31850.100
138 153 27814.600
138 154 29885.700
138 155 38411.300
138 156 35885.823
138 157 59632.228
138 158 39737.900
138 159 53608.950
138 160 39967.200
138 161 45197.187
138 162 27061.679
138 163 29131.400
138 164 38126.000
138 165 27522.100
138 166 23637.900
138 167 27022.762
138 168 7053.600
138 169 8191.300
138 170 16363.500
138 171 34328.115
138 172 25211.900
138 173 6808.900
138 174 24018.400
138 175 34088.200
138 176 25332.187
138 177 11393.100
138 178 37643.200
138 179 31662.700
138 180 23437.200
138 181 38216.800
138 182 59729.303
138 183 42790.900
138 184 36074.100
138 185 35256.400
138 186 36211.000
138 187 3757.000
138 188 58950.710
138 189 29765.200
138 190 14531.000
138 191 40574.900
138 192 12915.400
138 193 22846.700
138 194 39559.200
138 195 32850.900
138 196 48897.738
138 197 34942.800
138 198 38973.800
138 199 16186.000
138 200 24959.800
139 0 25051.200
139 1 20617.773
139 2 23625.100
139 3 27776.600
139 4 28474.100
139 5 43717.000
139 6 10393.800
139 7 55747.754
139 8 22696.059
139 9 22312.100
139 10 40431.600
139 11 4626.600
139 12 43157.800
139 13 40698.600
139 14 26368.300
139 15 23495.391
139 16 34030.400
139 17 13057.500
139 18 46416.378
139 19 50126.100
139 20 22903.065
139 21 23493.983
139 22 21583.645
139 23 22275.700
139 24 24042.100
139 25 21721.600
139 26 24071.287
139 27 22042.400
139 28 49235.400
139 29 23594.100
139 30 23042.633
139 31 27584.600
139 32 48330.100
139 33 34613.164
139 34 34283.200
139 35 40130.300
139 36 23987.800
139 37 34108.424
139 38 38319.000
139 39 34617.400
139 40 34296.000
139 41 9711.400
139 42 46375.400
139 43 9449.900
139 44 33947.000
139 45 14891.756
139 46 16710.600
139 47 44992.900
139 48 38984.100
139 49 44896.300
139 50 33693.600
139 51 42270.900
139 52 38224.300
139 53 41610.100
139 54 30530.600
139 55 39542.500
139 56 40286.000
139 57 53102.576
139 58 11085.500
139 59 25316.800
139 60 53623.565
139 61 55496.902
139 62 38467.600
139 63 29437.401
139 64 16464.200
139 65 17600.000
139 66 26070.600
139 67 49101.406
139 68 15314.500
139 69 36310.100
139 70 5459.500
139 71 24575.200
139 72 23607.753
139 73 46114.476
139 74 24784.600
139 75 25334.400
139 76 23928.400
139 77 47011.900
139 78 16533.800
139 79 20846.400
139 80 34426.500
139 81 8359.400
139 82 12962.000
139 83 14266.176
139 84 34992.000
139 85 19566.100
139 86 10622.100
139 87 47647.714
139 88 28698.861
139 89 40323.600
139 90 36208.700
139 91 51933.100
139 92 24502.400
139 93 37237.300
139 94 44874.900
139 95 33846.027
139 96 13542.300
139 97 23116.200
139 98 24974.200
139 99 25485.400
139 100 23538.784
139 101 44765.900
139 102 37816.300
139 103 29898.500
139 104 48183.400
139 105 11738.000
139 106 35667.300
139 107 47461.046
139 108 40645.300
139 109 33697.940
139 110 24298.600
139 111 40587.200
139 112 47968.824
139 113 44018.700
139 114 18602.430
139 115 22345.582
139 116 21550.093
139 117 38127.800
139 118 40313.900
139 119 30818.600
139 120 43896.000
139 121 41900.000
139 122 36950.800
139 123 45790.069
139 124 48721.600
139 125 19834.900
139 126 23548.697
139 127 53445.829
139 128 38452.200
139 129 35578.394
139 130 22753.700
139 131 25471.700
139 132 13917.600
139 133 17198.200
139 134 16448.400
139 135 19566.788
139 136 25775.200
139 137 39323.800
139 138 40364.800
139 139 0.000
139 140 39880.000
139 141 51157.607
139 142 24315.500
139 143 24854.800
139 144 32497.700
139 145 11507.200
139 146 29497.800
139 147 18511.700
139 148 25206.700
139 149 38189.700
139 150 35136.355
139 151 30152.300
139 152 39841.700
139 153 35806.200
139 154 48686.200
139 155 12401.500
139 156 52815.692
139 157 23501.284
139 158 42119.600
139 159 47745.649
139 160 26135.000
139 161 51014.055
139 162 29894.986
139 163 18321.500
139 164 17936.800
139 165 19576.000
139 166 46467.300
139 167 16585.330
139 168 39724.800
139 169 38621.900
139 170 41674.500
139 171 62043.823
139 172 48286.800
139 173 37239.600
139 174 46847.700
139 175 20256.000
139 176 31692.972
139 177 34232.800
139 178 10338.200
139 179 26344.400
139 180 17695.500
139 181 12207.000
139 182 23275.798
139 183 7565.500
139 184 38455.700
139 185 12977.000
139 186 16021.800
139 187 36225.800
139 188 22484.751
139 189 17299.100
139 190 26109.700
139 191 26006.700
139 192 33886.500
139 193 45921.600
139 194 25726.900
139 195 10479.900
139 196 48227.211
139 197 40891.700
139 198 12963.900
139 199 28532.800
139 200 48034.700
140 0 17336.500
140 1 58202.298
140 2 15396.300
140 3 23989.800
140 4 39202.800
140 5 41654.500
140 6 37103.800
140 7 37760.015
140 8 60677.013
140 9 35651.300
140 10 29310.200
140 11 39117.900
140 12 38254.800
140 13 5923.700
140 14 40443.500
140 15 60585.708
140 16 35380.000
140 17 31462.900
140 18 40244.827
140 19 21075.600
140 20 60814.609
140 21 60586.369
140 22 59371.552
140 23 35614.900
140 24 15917.300
140 25 18382.900
140 26 61849.633
140 27 18670.100
140 28 27039.700
140 29 21454.000
140 30 60815.952
140 31 16996.200
140 32 20498.400
140 33 44720.299
140 34 8177.000
140 35 15610.500
140 36 61744.357
140 37 44144.425
140 38 27598.100
140 39 10487.700
140 40 6952.600
140 41 40894.200
140 42 18543.700
140 43 38217.500
140 44 6961.400
140 45 29354.797
140 46 29844.700
140 47 42387.200
140 48 1606.600
140 49 39993.300
140 50 22619.000
140 51 37367.900
140 52 26919.400
140 53 36707.100
140 54 31992.200
140 55 34639.500
140 56 12471.800
140 57 17243.225
140 58 33308.100
140 59 39392.000
140 60 18752.525
140 61 42456.169
140 62 10653.500
140 63 50322.353
140 64 23394.700
140 65 39008.700
140 66 40145.700
140 67 14442.883
140 68 36565.800
140 69 31407.100
140 70 43289.200
140 71 37914.500
140 72 30753.348
140 73 43415.665
140 74 23156.400
140 75 22130.300
140 76 20143.900
140 77 22599.900
140 78 36230.000
140 79 34185.600
140 80 6649.200
140 81 33876.200
140 82 39266.000
140 83 31910.834
140 84 22243.600
140 85 39262.300
140 86 38367.100
140 87 44705.426
140 88 22668.884
140 89 28824.200
140 90 36340.300
140 91 29737.400
140 92 15677.800
140 93 35636.600
140 94 21182.100
140 95 44240.738
140 96 31836.300
140 97 20985.100
140 98 14915.900
140 99 40343.800
140 100 60639.128
140 101 10575.900
140 102 32913.300
140 103 21088.300
140 104 43280.400
140 105 39483.000
140 106 32792.600
140 107 11690.823
140 108 27896.900
140 109 44402.127
140 110 37637.800
140 111 37292.400
140 112 12804.057
140 113 39115.700
140 114 34208.767
140 115 60072.988
140 116 59339.426
140 117 25379.300
140 118 1369.400
140 119 19449.200
140 120 5290.400
140 121 39837.500
140 122 9136.700
140 123 38609.431
140 124 18183.700
140 125 33027.600
140 126 60650.858
140 127 39384.871
140 128 33549.200
140 129 48288.249
140 130 16342.300
140 131 39546.800
140 132 32323.000
140 133 25962.200
140 134 39089.900
140 135 57109.198
140 136 37266.700
140 137 1064.200
140 138 5589.800
140 139 40543.900
140 140 0.000
140 141 43602.218
140 142 37654.700
140 143 13313.400
140 144 8438.100
140 145 30673.500
140 146 32557.400
140 147 22943.600
140 148 30032.000
140 149 23932.200
140 150 47273.969
140 151 33449.900
140 152 27093.300
140 153 23057.700
140 154 28154.700
140 155 37918.300
140 156 30061.316
140 157 60588.171
140 158 37216.600
140 159 49312.671
140 160 39474.200
140 161 39937.415
140 162 32499.167
140 163 28638.400
140 164 37632.900
140 165 27029.000
140 166 18881.100
140 167 30892.797
140 168 2471.100
140 169 5102.800
140 170 11606.700
140 171 28904.373
140 172 20455.100
140 173 3720.400
140 174 19261.500
140 175 33595.200
140 176 30927.671
140 177 6636.200
140 178 37150.200
140 179 31169.700
140 180 22944.200
140 181 37723.800
140 182 61060.416
140 183 42297.800
140 184 33552.700
140 185 34763.400
140 186 35717.900
140 187 6206.500
140 188 60334.515
140 189 29272.200
140 190 14038.000
140 191 40081.900
140 192 7762.500
140 193 18089.800
140 194 39066.100
140 195 32357.900
140 196 44170.866
140 197 33962.700
140 198 38480.700
140 199 15693.000
140 200 16841.000
141 0 31573.718
141 1 60817.920
141 2 47661.582
141 3 24479.963
141 4 24759.006
141 5 12494.208
141 6 46851.443
141 7 13592.269
141 8 64688.193
141 9 32102.943
141 10 12704.244
141 11 48747.486
141 12 11530.213
141 13 49193.021
141 14 27361.953
141 15 60765.567
141 16 18910.188
141 17 42615.416
141 18 4752.459
141 19 31072.913
141 20 64260.304
141 21 60772.109
141 22 62512.351
141 23 31186.450
141 24 52154.727
141 25 32198.167
141 26 64225.634
141 27 50121.910
141 28 30290.081
141 29 28699.681
141 30 63458.989
141 31 53128.239
141 32 33593.371
141 33 21854.887
141 34 36308.085
141 35 28649.828
141 36 64038.063
141 37 21903.265
141 38 13448.424
141 39 48041.820
141 40 38095.736
141 41 48616.992
141 42 33225.828
141 43 47955.048
141 44 36194.617
141 45 55856.091
141 46 54340.106
141 47 12469.031
141 48 43283.043
141 49 7567.391
141 50 19859.030
141 51 6877.619
141 52 15042.136
141 53 10075.156
141 54 23240.714
141 55 11679.300
141 56 50532.340
141 57 40290.232
141 58 42100.899
141 59 28900.231
141 60 38376.694
141 61 7372.483
141 62 49115.457
141 63 33951.467
141 64 48503.548
141 65 45556.189
141 66 28172.582
141 67 37467.533
141 68 49103.073
141 69 13601.394
141 70 53426.878
141 71 32257.787
141 72 63259.289
141 73 6575.805
141 74 27223.237
141 75 26606.807
141 76 29547.813
141 77 28092.403
141 78 45452.510
141 79 33771.209
141 80 43620.821
141 81 45290.057
141 82 47903.323
141 83 57707.931
141 84 19437.802
141 85 44123.851
141 86 46158.316
141 87 5861.244
141 88 59780.630
141 89 12908.132
141 90 17712.907
141 91 29583.092
141 92 45814.961
141 93 17861.573
141 94 25992.898
141 95 22293.517
141 96 40577.968
141 97 29374.221
141 98 46984.386
141 99 30108.649
141 100 60830.754
141 101 35994.618
141 102 12485.887
141 103 23184.012
141 104 11146.470
141 105 48090.853
141 106 15118.926
141 107 39318.788
141 108 16365.592
141 109 22612.452
141 110 31823.921
141 111 12390.137
141 112 38287.515
141 113 11961.588
141 114 62568.693
141 115 62709.474
141 116 62497.064
141 117 18635.065
141 118 42613.961
141 119 23666.570
141 120 46913.906
141 121 13397.014
141 122 46932.599
141 123 5723.640
141 124 35988.108
141 125 36189.813
141 126 60843.954
141 127 8367.350
141 128 13319.649
141 129 24509.078
141 130 49697.819
141 131 28842.017
141 132 43612.485
141 133 50384.991
141 134 44440.576
141 135 59933.815
141 136 28395.662
141 137 44060.162
141 138 48648.498
141 139 51157.607
141 140 43602.218
141 141 0.000
141 142 30852.776
141 143 49148.401
141 144 36420.015
141 145 41489.173
141 146 23266.705
141 147 36645.400
141 148 30226.151
141 149 22801.223
141 150 23873.562
141 151 22829.719
141 152 18678.898
141 153 18165.875
141 154 28465.335
141 155 47946.337
141 156 20129.705
141 157 60757.092
141 158 10798.681
141 159 11584.696
141 160 40552.006
141 161 4869.625
141 162 68160.390
141 163 34547.620
141 164 44915.555
141 165 32147.656
141 166 28256.506
141 167 58598.368
141 168 40945.090
141 169 40196.304
141 170 33963.599
141 171 37446.124
141 172 31515.361
141 173 41325.890
141 174 29164.263
141 175 34216.249
141 176 67941.662
141 177 36961.291
141 178 45656.251
141 179 30955.654
141 180 37348.664
141 181 46300.464
141 182 63691.578
141 183 50466.046
141 184 12384.918
141 185 45915.180
141 186 43962.612
141 187 46501.828
141 188 63528.737
141 189 34529.069
141 190 34977.891
141 191 28183.054
141 192 34932.165
141 193 34218.548
141 194 41783.253
141 195 43391.020
141 196 4528.952
141 197 10544.250
141 198 49614.079
141 199 30647.505
141 200 36043.496
142 0 24195.800
142 1 29965.346
142 2 29823.200
142 3 21514.700
142 4 5999.700
142 5 24960.600
142 6 16906.000
142 7 39662.282
142 8 33837.024
142 9 3379.700
142 10 30560.800
142 11 22949.800
142 12 24362.300
142 13 41288.600
142 14 3970.300
142 15 30031.018
142 16 15273.900
142 17 19633.300
142 18 26520.841
142 19 42337.100
142 20 33407.920
142 21 30037.153
142 22 31659.584
142 23 3343.200
142 24 35074.800
142 25 19559.400
142 26 33397.896
142 27 30934.400
142 28 41446.400
142 29 20421.300
142 30 32616.133
142 31 33209.400
142 32 43708.800
142 33 10831.364
142 34 37357.100
142 35 35725.300
142 36 33211.971
142 37 10406.277
142 38 28448.200
142 39 36991.500
142 40 35826.600
142 41 19844.400
142 42 41508.300
142 43 18019.600
142 44 35477.600
142 45 34770.878
142 46 26059.300
142 47 26236.500
142 48 39574.100
142 49 31397.800
142 50 24742.500
142 51 28772.400
142 52 28855.300
142 53 28111.600
142 54 10759.700
142 55 26044.100
142 56 40163.000
142 57 50097.353
142 58 17140.000
142 59 2918.800
142 60 49505.696
142 61 36904.520
142 62 38344.600
142 63 8818.590
142 64 24835.700
142 65 26076.700
142 66 3672.500
142 67 45898.162
142 68 23633.800
142 69 22811.600
142 70 23091.300
142 71 3963.400
142 72 43903.692
142 73 24721.023
142 74 19760.700
142 75 19189.400
142 76 21400.900
142 77 39222.800
142 78 16140.900
142 79 6287.500
142 80 34303.500
142 81 17708.100
142 82 22310.700
142 83 35548.665
142 84 26760.400
142 85 14127.100
142 86 18169.300
142 87 26060.748
142 88 44992.408
142 89 30452.800
142 90 16802.500
142 91 44144.100
142 92 29791.800
142 93 18419.600
142 94 37085.800
142 95 10089.972
142 96 19796.300
142 97 16540.500
142 98 30263.600
142 99 3804.600
142 100 30096.551
142 101 39898.900
142 102 24317.800
142 103 23903.300
142 104 34684.900
142 105 19285.200
142 106 22168.800
142 107 45704.094
142 108 32413.700
142 109 9888.949
142 110 3686.700
142 111 21830.800
142 112 45522.357
142 113 24024.700
142 114 40617.733
142 115 31862.533
142 116 31644.288
142 117 29896.100
142 118 40903.900
142 119 25134.600
142 120 44486.000
142 121 23143.600
142 122 36827.900
142 123 26564.439
142 124 43854.500
142 125 9590.700
142 126 30109.907
142 127 35784.185
142 128 24953.800
142 129 11558.397
142 130 31645.700
142 131 3073.700
142 132 20493.500
142 133 25484.900
142 134 14438.000
142 135 29083.239
142 136 3300.800
142 137 39913.800
142 138 40954.800
142 139 24375.800
142 140 40470.000
142 141 30852.776
142 142 0.000
142 143 31996.100
142 144 34028.400
142 145 17561.800
142 146 10544.400
142 147 20497.400
142 148 16455.500
142 149 30400.700
142 150 11094.549
142 151 11112.900
142 152 31610.100
142 153 27574.500
142 154 40897.100
142 155 21750.200
142 156 40233.047
142 157 30023.386
142 158 28621.100
142 159 24634.903
142 160 11276.000
142 161 32395.561
142 162 50059.057
142 163 9955.400
142 164 15798.000
142 165 10544.800
142 166 38678.200
142 167 37354.149
142 168 40022.000
142 169 39211.900
142 170 38471.400
142 171 54728.008
142 172 42723.200
142 173 37829.600
142 174 39058.700
142 175 6027.600
142 176 51028.249
142 177 38470.400
142 178 16314.500
142 179 17593.200
142 180 20069.600
142 181 21555.700
142 182 32850.564
142 183 20839.000
142 184 24957.200
142 185 22325.800
142 186 15520.100
142 187 36102.800
142 188 32676.828
142 189 8933.100
142 190 28159.400
142 191 3608.700
142 192 35805.500
142 193 41054.500
142 194 11334.000
142 195 19828.600
142 196 26984.244
142 197 31020.900
142 198 22312.600
142 199 27963.300
142 200 43167.600
143 0 27852.100
143 1 46840.994
143 2 1951.100
143 3 32328.100
143 4 36025.300
143 5 47314.400
143 6 26048.000
143 7 46884.226
143 8 48815.121
143 9 29863.400
143 10 45181.300
143 11 22229.400
143 12 46755.200
143 13 12181.400
143 14 33919.600
143 15 49634.433
143 16 37627.700
143 17 14007.800
143 18 44944.341
143 19 29704.100
143 20 49071.053
143 21 49633.585
143 22 47797.510
143 23 29826.900
143 24 2726.100
143 25 24522.500
143 26 50282.244
143 27 5479.000
143 28 32642.400
143 29 28649.900
143 30 49256.471
143 31 3805.000
143 32 29126.900
143 33 43493.029
143 34 16805.500
143 35 24239.000
143 36 50202.950
143 37 42876.751
143 38 43068.700
143 39 3173.500
143 40 13912.700
143 41 29838.400
143 42 27172.200
143 43 27161.600
143 44 15589.900
143 45 15264.486
143 46 16653.500
143 47 48590.300
143 48 12425.100
143 49 48493.600
143 50 28116.000
143 51 45868.300
143 52 31322.800
143 53 45207.400
143 54 34127.900
143 55 43139.900
143 56 5593.700
143 57 31432.127
143 58 19416.500
143 59 32868.100
143 60 32775.692
143 61 50022.443
143 62 3775.300
143 63 45616.442
143 64 10203.500
143 65 14196.200
143 66 33621.800
143 67 28288.553
143 68 11753.300
143 69 39907.500
143 70 32233.300
143 71 32126.500
143 72 16972.704
143 73 47050.943
143 74 30362.600
143 75 29326.300
143 76 27434.000
143 77 31228.400
143 78 25174.100
143 79 28397.600
143 80 7904.300
143 81 17494.700
143 82 13539.700
143 83 17785.638
143 84 27740.600
143 85 28206.400
143 86 27311.300
143 87 48553.724
143 88 10735.524
143 89 45073.300
143 90 39806.100
143 91 35340.100
143 92 3072.600
143 93 40834.600
143 94 29810.600
143 95 42846.110
143 96 13610.000
143 97 28181.000
143 98 2310.600
143 99 33036.700
143 100 49680.786
143 101 25562.700
143 102 41413.700
143 103 34450.000
143 104 51780.700
143 105 28427.200
143 106 39264.600
143 107 25754.216
143 108 33393.900
143 109 42907.484
143 110 31849.800
143 111 44184.600
143 112 26737.785
143 113 47616.100
143 114 19957.661
143 115 48566.968
143 116 47763.754
143 117 30876.300
143 118 13754.900
143 119 23184.000
143 120 15455.500
143 121 45497.400
143 122 4906.600
143 123 43544.798
143 124 29518.400
143 125 27386.100
143 126 49691.242
143 127 47119.577
143 128 42049.600
143 129 46447.181
143 130 3151.100
143 131 33022.900
143 132 13234.800
143 133 12771.000
143 134 32001.000
143 135 45784.716
143 136 33326.400
143 137 12764.800
143 138 12633.000
143 139 23655.500
143 140 13321.000
143 141 49148.401
143 142 31866.800
143 143 0.000
143 144 15398.300
143 145 17692.900
143 146 33095.200
143 147 21312.700
143 148 28804.000
143 149 29429.200
143 150 45548.568
143 151 33749.700
143 152 32590.300
143 153 28554.700
143 154 33757.400
143 155 14661.600
143 156 40469.028
143 157 49639.413
143 158 45716.900
143 159 51809.251
143 160 33686.300
143 161 46552.680
143 162 20014.198
143 163 23610.900
143 164 26577.100
143 165 23075.500
143 166 27509.600
143 167 16644.958
143 168 13165.800
143 169 12062.900
143 170 20235.200
143 171 42725.721
143 172 29083.600
143 173 10680.600
143 174 27890.000
143 175 27807.300
143 176 19194.004
143 177 15264.700
143 178 26094.300
143 179 29941.800
143 180 20496.500
143 181 13622.000
143 182 49487.008
143 183 31242.000
143 184 42053.100
143 185 13854.200
143 186 24662.100
143 187 8195.300
143 188 48680.600
143 189 24850.400
143 190 14892.000
143 191 33558.000
143 192 16787.100
143 193 26718.300
143 194 33278.200
143 195 17206.400
143 196 48405.742
143 197 45641.400
143 198 15985.100
143 199 17719.200
143 200 28831.500
144 0 10936.300
144 1 54046.292
144 2 17473.600
144 3 15964.600
144 4 32802.500
144 5 35289.200
144 6 29395.000
144 7 31844.673
144 8 56848.959
144 9 29251.100
144 10 23409.600
144 11 31409.000
144 12 31889.500
144 13 11852.300
144 14 34043.200
144 15 56121.128
144 16 28979.800
144 17 23754.000
144 18 32868.508
144 19 16244.200
144 20 56894.392
144 21 56122.741
144 22 55347.782
144 23 29214.600
144 24 17994.600
144 25 11982.600
144 26 57784.925
144 27 20747.400
144 28 19182.500
144 29 15053.700
144 30 56760.207
144 31 19073.500
144 32 15667.000
144 33 37248.656
144 34 1785.500
144 35 10779.100
144 36 57662.400
144 37 36681.757
144 38 21697.400
144 39 12565.000
144 40 2689.600
144 41 33185.400
144 42 13712.300
144 43 30508.600
144 44 1449.200
144 45 29027.369
144 46 34518.600
144 47 36021.900
144 48 7542.300
144 49 33628.000
144 50 16718.300
144 51 31002.600
144 52 21018.800
144 53 30341.800
144 54 25591.900
144 55 28274.300
144 56 14549.100
144 57 18296.454
144 58 25599.300
144 59 32991.700
144 60 18909.605
144 61 35874.068
144 62 12730.800
144 63 43441.556
144 64 30058.800
144 65 31299.800
144 66 33745.500
144 67 14338.008
144 68 28857.000
144 69 25041.800
144 70 35580.300
144 71 31514.200
144 72 32643.923
144 73 35906.981
144 74 16756.100
144 75 15730.100
144 76 13743.700
144 77 17768.500
144 78 28521.100
144 79 27785.400
144 80 8726.500
144 81 26167.400
144 82 31557.200
144 83 31565.700
144 84 16342.900
144 85 31553.400
144 86 30658.300
144 87 37228.664
144 88 26049.183
144 89 22923.600
144 90 29940.100
144 91 21880.300
144 92 17755.100
144 93 29236.300
144 94 24716.700
144 95 36793.239
144 96 24127.400
144 97 14584.900
144 98 16993.200
144 99 33943.500
144 100 56178.284
144 101 12102.800
144 102 26548.000
144 103 14723.000
144 104 36915.100
144 105 31774.200
144 106 26392.400
144 107 12696.305
144 108 21996.300
144 109 36966.351
144 110 31237.600
144 111 30927.100
144 112 13162.729
144 113 32750.400
144 114 34849.272
144 115 55989.801
144 116 55317.327
144 117 19478.700
144 118 8872.000
144 119 14305.500
144 120 15049.600
144 121 33472.200
144 122 11214.000
144 123 31262.601
144 124 16058.500
144 125 26627.300
144 126 56190.658
144 127 32841.151
144 128 27184.000
144 129 40870.290
144 130 18419.600
144 131 33146.600
144 132 24614.100
144 133 30708.100
144 134 32689.700
144 135 52945.623
144 136 30866.500
144 137 8174.900
144 138 11518.400
144 139 32835.100
144 140 8438.100
144 141 36420.015
144 142 31254.500
144 143 15390.700
144 144 0.000
144 145 22964.600
144 146 26157.100
144 147 16543.400
144 148 23631.700
144 149 18031.600
144 150 39847.465
144 151 27049.700
144 152 21192.700
144 153 17157.100
144 154 20297.500
144 155 30209.500
144 156 24887.548
144 157 56121.949
144 158 30851.300
144 159 41723.892
144 160 33074.000
144 161 33009.123
144 162 35674.588
144 163 22238.200
144 164 29924.100
144 165 20628.800
144 166 14049.700
144 167 31094.586
144 168 4578.600
144 169 4338.700
144 170 9801.300
144 171 28052.195
144 172 15623.700
144 173 5117.100
144 174 14430.100
144 175 27195.000
144 176 34599.295
144 177 1735.100
144 178 29441.300
144 179 24769.400
144 180 16544.000
144 181 30015.000
144 182 57011.212
144 183 34589.000
144 184 27187.400
144 185 27054.600
144 186 28009.100
144 187 10102.900
144 188 56354.613
144 189 22871.900
144 190 8358.700
144 191 33681.600
144 192 1388.800
144 193 13258.400
144 194 32665.900
144 195 24649.000
144 196 36744.864
144 197 27597.400
144 198 30771.900
144 199 8840.700
144 200 15371.600
145 0 14996.200
145 1 30576.792
145 2 14852.600
145 3 19472.100
145 4 21621.400
145 5 33555.600
145 6 11129.800
145 7 44599.786
145 8 33332.838
145 9 15459.500
145 10 31761.000
145 11 10881.100
145 12 32996.400
145 13 30643.700
145 14 19515.700
145 15 32808.336
145 16 23868.900
145 17 4341.000
145 18 36755.026
145 19 40071.100
145 20 33381.318
145 21 32809.306
145 22 31846.951
145 23 15423.000
145 24 17706.700
145 25 11666.600
145 26 34294.936
145 27 15707.000
145 28 39180.400
145 29 14923.500
145 30 33267.140
145 31 17499.100
145 32 38275.100
145 33 28624.926
145 34 24228.200
145 35 30075.400
145 36 34176.420
145 37 28032.953
145 38 29648.400
145 39 24562.500
145 40 24241.000
145 41 14920.100
145 42 36320.400
145 43 12243.400
145 44 23892.000
145 45 15430.370
145 46 13990.700
145 47 34831.500
145 48 28929.100
145 49 34734.900
145 50 25023.100
145 51 32109.500
145 52 29553.800
145 53 31448.600
145 54 20369.200
145 55 29381.100
145 56 30231.000
145 57 41737.552
145 58 2478.900
145 59 18464.200
145 60 42108.115
145 61 45026.981
145 62 28412.600
145 63 27813.526
145 64 10672.700
145 65 15026.700
145 66 19217.900
145 67 37647.698
145 68 12583.800
145 69 26148.700
145 70 17315.100
145 71 17722.600
145 72 24276.916
145 73 37221.506
145 74 16114.000
145 75 16663.900
145 76 15257.800
145 77 36956.900
145 78 10255.900
145 79 13993.700
145 80 24371.500
145 81 3853.900
145 82 8081.300
145 83 16751.216
145 84 26446.100
145 85 13288.200
145 86 12393.000
145 87 38799.384
145 88 25274.601
145 89 31653.000
145 90 26047.300
145 91 41878.200
145 92 14821.100
145 93 27075.900
145 94 34819.900
145 95 27879.102
145 96 4825.700
145 97 14445.700
145 98 15293.000
145 99 18632.800
145 100 32863.037
145 101 34711.000
145 102 27654.900
145 103 21594.100
145 104 38021.900
145 105 13508.900
145 106 25505.800
145 107 36208.977
145 108 32099.400
145 109 27835.411
145 110 17445.900
145 111 30425.800
145 112 36610.244
145 113 33857.300
145 114 21841.223
145 115 32502.256
145 116 31816.170
145 117 29581.800
145 118 30258.900
145 119 21889.500
145 120 33841.000
145 121 31738.600
145 122 26895.900
145 123 35880.499
145 124 38666.600
145 125 12982.200
145 126 32874.992
145 127 42740.521
145 128 28290.800
145 129 30736.648
145 130 16418.200
145 131 18619.000
145 132 5201.100
145 133 14434.900
145 134 17082.700
145 135 29476.969
145 136 18922.500
145 137 29268.800
145 138 30309.800
145 139 12307.100
145 140 29825.000
145 141 41489.173
145 142 17462.900
145 143 17025.500
145 144 22442.800
145 145 0.000
145 146 19336.400
145 147 8456.800
145 148 15045.300
145 149 28134.700
145 150 30013.998
145 151 19990.900
145 152 31295.800
145 153 27260.300
145 154 38631.200
145 155 7520.800
145 156 41168.864
145 157 32810.274
145 158 31958.100
145 159 40092.184
145 160 19282.300
145 161 40679.480
145 162 30303.431
145 163 9207.000
145 164 11658.900
145 165 9316.700
145 166 36412.300
145 167 18158.077
145 168 29669.800
145 169 28566.900
145 170 31619.500
145 171 50290.815
145 172 38231.900
145 173 27184.600
145 174 36792.700
145 175 13403.300
145 176 31173.327
145 177 24177.800
145 178 11176.100
145 179 16183.000
145 180 7640.500
145 181 7326.300
145 182 33516.992
145 183 16323.800
145 184 28294.300
145 185 5741.000
145 186 9743.900
145 187 26170.800
145 188 32847.681
145 189 10446.500
145 190 16054.700
145 191 19154.100
145 192 23831.600
145 193 35866.600
145 194 18874.300
145 195 3764.200
145 196 39151.459
145 197 32221.100
145 198 10244.000
145 199 18477.800
145 200 37979.700
146 0 17028.200
146 1 37759.014
146 2 30699.600
146 3 14347.100
146 4 8520.900
146 5 13765.100
146 6 25115.000
146 7 31593.324
146 8 41586.002
146 9 12715.800
146 10 23393.100
146 11 27904.000
146 12 13166.800
146 13 34121.000
146 14 11025.300
146 15 38002.382
146 16 4078.500
146 17 20754.000
146 18 18759.107
146 19 35169.400
146 20 41198.975
146 21 38008.266
146 22 39442.409
146 23 12679.300
146 24 36575.600
146 25 16922.100
146 26 41273.750
146 27 31553.900
146 28 34278.700
146 29 13253.600
146 30 40459.325
146 31 34710.200
146 32 36541.200
146 33 7659.023
146 34 30189.500
146 35 28557.600
146 36 41090.994
146 37 7043.060
146 38 21280.500
146 39 34162.500
146 40 28658.900
146 41 28053.300
146 42 34340.700
146 43 26228.600
146 44 28309.900
146 45 36951.114
146 46 31013.500
146 47 15041.100
146 48 32406.500
146 49 20847.300
146 50 15299.700
146 51 18222.000
146 52 19412.500
146 53 17561.100
146 54 1866.600
146 55 15493.600
146 56 36146.700
146 57 43857.231
146 58 22094.200
146 59 9973.800
146 60 43019.877
146 61 28993.068
146 62 34328.300
146 63 14648.786
146 64 26336.500
146 65 27577.500
146 66 10727.500
146 67 39757.583
146 68 25134.600
146 69 12261.200
146 70 31300.300
146 71 12199.200
146 72 45634.185
146 73 17511.444
146 74 12593.100
146 75 12021.800
146 76 14233.300
146 77 32055.200
146 78 25514.100
146 79 15623.600
146 80 30287.200
146 81 22662.300
146 82 27264.900
146 83 38226.685
146 84 19592.700
146 85 22336.100
146 86 26378.200
146 87 18976.332
146 88 45046.241
146 89 23285.100
146 90 5607.000
146 91 36976.500
146 92 30668.100
146 93 7224.200
146 94 29918.200
146 95 7026.529
146 96 20672.700
146 97 11264.700
146 98 31140.000
146 99 10925.600
146 100 38067.996
146 101 32731.200
146 102 13767.400
146 103 16735.600
146 104 24134.400
146 105 27494.100
146 106 11618.300
146 107 39945.728
146 108 25246.100
146 109 7112.785
146 110 13241.100
146 111 10635.400
146 112 39590.734
146 113 12829.200
146 114 43335.904
146 115 39692.863
146 116 39425.264
146 117 22728.500
146 118 33736.200
146 119 17966.900
146 120 37318.300
146 121 11948.200
146 122 32811.500
146 123 18656.921
146 124 36686.900
146 125 16584.700
146 126 38081.417
146 127 27763.325
146 128 10401.700
146 129 10863.274
146 130 32265.200
146 131 10128.700
146 132 21614.100
146 133 26985.700
146 134 22647.000
146 135 36835.878
146 136 7848.500
146 137 32746.200
146 138 33787.100
146 139 29330.000
146 140 33302.300
146 141 23266.705
146 142 10219.700
146 143 32872.500
146 144 26860.700
146 145 19244.700
146 146 0.000
146 147 17049.900
146 148 8940.200
146 149 23233.000
146 150 9886.159
146 151 892.600
146 152 24442.500
146 153 20406.900
146 154 33729.500
146 155 26704.400
146 156 32387.235
146 157 37995.256
146 158 11983.400
146 159 18895.876
146 160 20830.300
146 161 24453.038
146 162 51453.579
146 163 12195.500
146 164 24006.900
146 165 10586.100
146 166 31510.600
146 167 39683.745
146 168 32854.300
146 169 32044.300
146 170 31303.700
146 171 47464.251
146 172 35555.500
146 173 30662.000
146 174 31891.000
146 175 15363.700
146 176 52007.243
146 177 31302.700
146 178 24523.500
146 179 10077.900
146 180 17642.300
146 181 26509.900
146 182 40698.652
146 183 29048.000
146 184 10602.900
146 185 24054.500
146 186 23729.000
146 187 32086.500
146 188 40475.548
146 189 12829.200
146 190 20991.700
146 191 10663.700
146 192 28637.900
146 193 33886.900
146 194 22623.200
146 195 20929.100
146 196 19726.065
146 197 23853.200
146 198 27266.800
146 199 20795.700
146 200 36000.000
147 0 8210.000
147 1 36600.574
147 2 19498.300
147 3 12686.000
147 4 22572.600
147 5 32059.000
147 6 14739.000
147 7 38560.916
147 8 39544.246
147 9 17499.000
147 10 25603.700
147 11 16753.000
147 12 28659.400
147 13 23857.500
147 14 21555.200
147 15 38587.374
147 16 21717.100
147 17 9098.000
147 18 31998.588
147 19 33284.900
147 20 39541.062
147 21 38589.138
147 22 37952.080
147 23 17462.600
147 24 22352.400
147 25 4702.100
147 26 40362.531
147 27 20352.700
147 28 32394.300
147 29 8811.500
147 30 39345.088
147 31 23776.600
147 32 31489.000
147 33 26996.303
147 34 17442.000
147 35 23289.200
147 36 40233.457
147 37 26380.356
147 38 23491.100
147 39 18097.700
147 40 17454.800
147 41 18529.400
147 42 29534.300
147 43 15852.600
147 44 17105.800
147 45 19211.011
147 46 19862.600
147 47 32791.700
147 48 22143.000
147 49 30397.800
147 50 18865.700
147 51 27772.500
147 52 23396.400
147 53 27111.600
147 54 18217.300
147 55 25044.100
147 56 23444.800
147 57 35548.961
147 58 10943.300
147 59 20503.800
147 60 35791.798
147 61 39519.970
147 62 21626.500
147 63 29018.100
147 64 15402.900
147 65 16643.800
147 66 21257.500
147 67 31398.697
147 68 14201.000
147 69 21811.700
147 70 20924.300
147 71 19762.200
147 72 27008.297
147 73 33061.295
147 74 10002.100
147 75 10506.500
147 76 7613.600
147 77 30170.700
147 78 13865.100
147 79 16033.300
147 80 17585.400
147 81 11511.400
147 82 16901.200
147 83 21104.403
147 84 19659.900
147 85 16897.400
147 86 16002.300
147 87 34636.638
147 88 25655.819
147 89 25495.700
147 90 23895.400
147 91 35092.000
147 92 19466.900
147 93 24012.800
147 94 28033.700
147 95 26314.639
147 96 9471.400
147 97 8333.700
147 98 19938.700
147 99 20672.300
147 100 38645.071
147 101 27924.800
147 102 23317.800
147 103 14807.900
147 104 33684.900
147 105 17118.200
147 106 21168.800
147 107 30145.135
147 108 25313.300
147 109 26348.378
147 110 19485.500
147 111 27697.000
147 112 30449.881
147 113 29520.200
147 114 25923.520
147 115 38566.054
147 116 37922.507
147 117 22795.700
147 118 23472.700
147 119 15103.400
147 120 27054.800
147 121 30242.100
147 122 20109.700
147 123 30939.310
147 124 31880.400
147 125 15021.800
147 126 38657.536
147 127 37066.783
147 128 23953.800
147 129 29767.605
147 130 21063.900
147 131 20658.600
147 132 9958.200
147 133 16052.100
147 134 20937.600
147 135 35500.864
147 136 20636.500
147 137 22482.700
147 138 23523.600
147 139 18179.100
147 140 23038.800
147 141 36645.400
147 142 19502.400
147 143 21671.200
147 144 15656.600
147 145 8308.700
147 146 17184.600
147 147 0.000
147 148 12893.400
147 149 21348.500
147 150 28899.912
147 151 17839.100
147 152 24509.600
147 153 20474.100
147 154 31845.000
147 155 15553.500
147 156 34733.350
147 157 38587.933
147 158 27621.100
147 159 36784.290
147 160 21321.900
147 161 35322.077
147 162 32472.721
147 163 11499.900
147 164 15268.100
147 165 9890.500
147 166 29626.100
147 167 21956.823
147 168 22883.600
147 169 21780.800
147 170 24833.400
147 171 43767.995
147 172 31445.700
147 173 20398.400
147 174 30006.600
147 175 15442.900
147 176 32804.425
147 177 17391.600
147 178 14785.400
147 179 14031.100
147 180 1217.400
147 181 15359.000
147 182 39597.944
147 183 19933.000
147 184 23957.300
147 185 12398.600
147 186 13353.100
147 187 19384.600
147 188 38974.816
147 189 12133.600
147 190 9268.500
147 191 21193.700
147 192 17045.400
147 193 29080.400
147 194 20913.800
147 195 9993.100
147 196 34806.801
147 197 26063.800
147 198 16115.900
147 199 11691.600
147 200 31193.500
148 0 11874.300
148 1 33149.247
148 2 26585.300
148 3 11575.900
148 4 14436.200
148 5 23267.400
148 6 21000.700
148 7 36088.843
148 8 36739.354
148 9 15094.100
148 10 22527.600
148 11 23789.600
148 12 22799.500
148 13 28967.100
148 14 15676.900
148 15 34137.392
148 16 13580.700
148 17 16639.700
148 18 25498.897
148 19 33468.900
148 20 36494.109
148 21 34141.674
148 22 34752.672
148 23 15057.600
148 24 32461.300
148 25 12778.400
148 26 36874.373
148 27 27439.600
148 28 32578.200
148 29 8163.200
148 30 35953.158
148 31 30595.900
148 32 34840.600
148 33 15834.309
148 34 27403.400
148 35 24705.200
148 36 36708.576
148 37 15231.159
148 38 20415.000
148 39 29008.600
148 40 23505.000
148 41 23939.000
148 42 30488.300
148 43 22114.300
148 44 23156.000
148 45 28319.942
148 46 26899.200
148 47 24543.300
148 48 27252.600
148 49 24537.900
148 50 16593.800
148 51 21912.600
148 52 20822.100
148 53 21251.700
148 54 10081.000
148 55 19184.200
148 56 30992.800
148 57 42006.424
148 58 17979.900
148 59 14625.400
148 60 41634.283
148 61 34930.088
148 62 29174.400
148 63 17857.133
148 64 22222.200
148 65 23463.200
148 66 15379.100
148 67 37768.291
148 68 21020.300
148 69 15951.800
148 70 27186.000
148 71 16850.800
148 72 37074.317
148 73 25190.468
148 74 7123.800
148 75 8401.600
148 76 10476.100
148 77 30354.700
148 78 21399.800
148 79 13628.400
148 80 25133.300
148 81 18548.000
148 82 23150.600
148 83 29582.334
148 84 17892.200
148 85 18221.800
148 86 22263.900
148 87 26737.717
148 88 36986.063
148 89 22419.600
148 90 15759.100
148 91 35275.900
148 92 26553.800
148 93 16787.600
148 94 28217.600
148 95 15105.957
148 96 16558.400
148 97 7150.400
148 98 27025.700
148 99 15577.200
148 100 34201.704
148 101 28878.800
148 102 17457.900
148 103 13697.900
148 104 27825.000
148 105 23379.800
148 106 15308.900
148 107 37311.484
148 108 23545.500
148 109 15091.397
148 110 17892.700
148 111 20137.600
148 112 37243.925
148 113 22331.400
148 114 34691.043
148 115 35158.530
148 116 34729.980
148 117 21028.000
148 118 28582.300
148 119 14617.900
148 120 32164.400
148 121 21450.400
148 122 27657.600
148 123 24960.239
148 124 32834.500
148 125 12470.300
148 126 34215.147
148 127 33137.305
148 128 18093.900
148 129 18286.995
148 130 28150.900
148 131 14780.300
148 132 17499.800
148 133 22871.400
148 134 18532.700
148 135 32121.806
148 136 12500.200
148 137 27592.200
148 138 28633.200
148 139 25215.700
148 140 28148.400
148 141 30226.151
148 142 14871.300
148 143 28758.200
148 144 21706.800
148 145 15130.400
148 146 9048.200
148 147 12935.600
148 148 0.000
148 149 21532.500
148 150 17469.862
148 151 9702.700
148 152 22741.900
148 153 18706.400
148 154 32029.000
148 155 22590.100
148 156 34878.798
148 157 34133.383
148 158 21761.200
148 159 27396.384
148 160 18917.000
148 161 30384.391
148 162 42973.159
148 163 8081.200
148 164 19892.600
148 165 6471.800
148 166 29810.100
148 167 31046.826
148 168 27993.200
148 169 26890.400
148 170 27451.400
148 171 47763.407
148 172 33855.000
148 173 25508.000
148 174 30190.500
148 175 13038.000
148 176 43636.412
148 177 23441.900
148 178 20409.100
148 179 2292.700
148 180 13528.000
148 181 22395.600
148 182 36205.021
148 183 24933.700
148 184 18097.400
148 185 19940.200
148 186 19614.700
148 187 26932.600
148 188 35812.914
148 189 8714.900
148 190 15837.800
148 191 15315.300
148 192 23095.600
148 193 30034.500
148 194 18508.900
148 195 16814.800
148 196 27278.525
148 197 22987.700
148 198 23152.500
148 199 17741.800
148 200 32147.600
149 0 16204.100
149 1 57078.687
149 2 29095.000
149 3 10502.700
149 4 26380.600
149 5 27209.300
149 6 33978.000
149 7 17918.842
149 8 60458.021
149 9 32070.800
149 10 13616.600
149 11 34646.900
149 12 23809.700
149 13 28877.100
149 14 30380.300
149 15 58371.745
149 16 21966.700
149 17 28337.000
149 18 19879.434
149 19 12939.500
149 20 60308.966
149 21 58375.477
149 22 58607.693
149 23 32034.400
149 24 44157.700
149 25 16818.300
149 26 60855.822
149 27 39591.700
149 28 12048.800
149 29 14272.600
149 30 59892.003
149 31 42292.300
149 32 14311.200
149 33 29575.504
149 34 18101.100
149 35 5746.100
149 36 60700.985
149 37 29133.310
149 38 11904.500
149 39 28500.400
149 40 23298.500
149 41 37768.400
149 42 13070.500
149 43 35091.600
149 44 20149.400
149 45 39654.925
149 46 37756.500
149 47 27942.000
149 48 22908.800
149 49 25548.100
149 50 6925.400
149 51 22922.700
149 52 11225.800
149 53 22261.900
149 54 21929.100
149 55 20194.400
149 56 30484.500
149 57 20123.945
149 58 28837.200
149 59 29328.800
149 60 18956.212
149 61 21667.959
149 62 28666.100
149 63 38952.316
149 64 33918.600
149 65 35159.600
149 66 30082.600
149 67 16355.951
149 68 32716.700
149 69 16961.900
149 70 40163.400
149 71 31554.200
149 72 45097.782
149 73 23557.296
149 74 13636.900
149 75 14079.300
149 76 14129.500
149 77 9825.300
149 78 33104.100
149 79 28746.100
149 80 24661.800
149 81 29405.300
149 82 34007.900
149 83 41994.202
149 84 6550.000
149 85 33339.500
149 86 35241.300
149 87 24646.044
149 88 39636.027
149 89 13130.600
149 90 20663.200
149 91 14746.500
149 92 38705.900
149 93 22002.000
149 94 7688.300
149 95 29372.771
149 96 28710.500
149 97 15544.600
149 98 28614.600
149 99 30280.600
149 100 58435.026
149 101 15542.300
149 102 18468.100
149 103 7584.700
149 104 28835.200
149 105 36357.200
149 106 19158.100
149 107 17437.134
149 108 7035.900
149 109 29634.699
149 110 32596.100
149 111 22847.300
149 112 16673.313
149 113 24670.500
149 114 46118.388
149 115 59094.731
149 116 58582.119
149 117 4518.400
149 118 24867.400
149 119 6203.600
149 120 27767.600
149 121 25392.400
149 122 27149.400
149 123 18186.238
149 124 16718.400
149 125 27588.100
149 126 58448.347
149 127 18629.190
149 128 19104.100
149 129 33423.723
149 130 40303.000
149 131 29483.700
149 132 29197.200
149 133 34567.800
149 134 33650.400
149 135 56012.496
149 136 27203.600
149 137 23541.400
149 138 28543.200
149 139 36073.000
149 140 23804.600
149 141 22801.223
149 142 29574.700
149 143 29488.500
149 144 17938.300
149 145 27547.700
149 146 22494.200
149 147 21605.800
149 148 22307.800
149 149 0.000
149 150 32394.553
149 151 22265.500
149 152 6232.300
149 153 7364.100
149 154 11499.600
149 155 33447.400
149 156 12309.018
149 157 58368.762
149 158 22771.400
149 159 29965.880
149 160 34034.700
149 161 18997.736
149 162 48927.278
149 163 23198.900
149 164 34507.100
149 165 21589.500
149 166 9280.700
149 167 42129.522
149 168 20765.900
149 169 22713.800
149 170 14114.800
149 171 23447.294
149 172 13325.600
149 173 22142.000
149 174 9661.100
149 175 28155.700
149 176 48149.879
149 177 19214.300
149 178 34024.400
149 179 23445.500
149 180 21594.800
149 181 33252.900
149 182 60146.746
149 183 39172.000
149 184 19107.500
149 185 31637.600
149 186 32592.100
149 187 27127.800
149 188 59665.251
149 189 23832.600
149 190 16141.900
149 191 30018.700
149 192 16549.500
149 193 14091.400
149 194 33626.600
149 195 29232.100
149 196 23905.954
149 197 12890.200
149 198 34009.800
149 199 12193.000
149 200 18811.000
150 0 27575.188
150 1 38848.403
150 2 43937.138
150 3 24305.211
150 4 6392.288
150 5 11746.653
150 6 30587.067
150 7 35344.602
150 8 42767.003
150 9 14801.546
150 10 25854.785
150 11 33155.813
150 12 12371.527
150 13 50958.902
150 14 10859.759
150 15 38167.785
150 16 9781.847
150 17 33403.876
150 18 20505.173
150 19 44177.287
150 20 42219.987
150 21 38175.241
150 22 40535.730
150 23 14009.911
150 24 47648.371
150 25 27057.061
150 26 41909.543
150 27 44906.529
150 28 44886.882
150 29 22678.717
150 30 41269.690
150 31 47622.749
150 32 46230.617
150 33 2822.675
150 34 40967.805
150 35 38714.832
150 36 41715.076
150 37 3275.758
150 38 23797.422
150 39 46102.861
150 40 40423.284
150 41 30265.407
150 42 44816.540
150 43 31852.153
150 44 40251.980
150 45 45303.990
150 46 43186.726
150 47 12079.711
150 48 46185.021
150 49 16386.697
150 50 25739.003
150 51 17015.535
150 52 26471.742
150 53 14013.615
150 54 11150.326
150 55 14131.845
150 56 49702.042
150 57 52426.190
150 58 30744.928
150 59 10471.452
150 60 51349.622
150 61 30894.815
150 62 47547.385
150 63 10237.887
150 64 40245.442
150 65 35479.818
150 66 10610.112
150 67 48464.109
150 68 39876.265
150 69 15087.702
150 70 35131.148
150 71 12617.318
150 72 54285.738
150 73 17298.196
150 74 21282.074
150 75 21910.381
150 76 24826.660
150 77 42430.320
150 78 28120.901
150 79 16200.262
150 80 43966.564
150 81 32774.930
150 82 37573.237
150 83 46272.363
150 84 26813.705
150 85 26003.864
150 86 28717.558
150 87 18228.973
150 88 54443.658
150 89 24998.466
150 90 10890.347
150 91 44620.059
150 92 42631.012
150 93 11859.234
150 94 40058.582
150 95 3087.673
150 96 31778.365
150 97 22066.637
150 98 43504.590
150 99 12566.057
150 100 38230.943
150 101 45006.077
150 102 13995.783
150 103 25360.059
150 104 13300.022
150 105 30279.246
150 106 14621.003
150 107 48948.827
150 108 28950.300
150 109 2885.848
150 110 12661.654
150 111 12104.511
150 112 48470.490
150 113 11916.984
150 114 51376.089
150 115 40579.045
150 116 40526.445
150 117 28782.187
150 118 46860.243
150 119 27171.165
150 120 50258.591
150 121 10524.864
150 122 45678.592
150 123 21220.476
150 124 48151.217
150 125 19561.157
150 126 38243.517
150 127 30634.099
150 128 13408.337
150 129 1040.622
150 130 44800.415
150 131 11173.622
150 132 34406.129
150 133 42024.144
150 134 25036.512
150 135 38110.257
150 136 9302.767
150 137 47175.544
150 138 50215.902
150 139 35136.355
150 140 47273.969
150 141 23873.562
150 142 11094.549
150 143 45548.568
150 144 39847.465
150 145 30013.998
150 146 9886.159
150 147 28899.912
150 148 17469.862
150 149 32394.553
150 150 0.000
150 151 9021.616
150 152 30058.148
150 153 25669.268
150 154 43529.795
150 155 36721.058
150 156 38237.897
150 157 38157.340
150 158 13197.816
150 159 14942.899
150 160 20441.458
150 161 26807.460
150 162 60302.313
150 163 21495.712
150 164 28131.123
150 165 20187.305
150 166 40401.136
150 167 47959.954
150 168 44811.955
150 169 42136.050
150 170 42115.414
150 171 54608.416
150 172 44153.386
150 173 43470.567
150 174 41266.643
150 175 18014.977
150 176 61057.460
150 177 41198.873
150 178 28676.610
150 179 19363.241
150 180 29366.199
150 181 35899.459
150 182 41480.972
150 183 32070.486
150 184 13430.207
150 185 36169.228
150 186 28431.773
150 187 47342.259
150 188 41480.273
150 189 20949.660
150 190 32683.444
150 191 9859.596
150 192 38707.240
150 193 45167.005
150 194 21706.323
150 195 32232.813
150 196 19443.100
150 197 25382.346
150 198 38737.237
150 199 30950.020
150 200 46907.369
151 0 18538.300
151 1 38076.710
151 2 31165.500
151 3 14237.100
151 4 10250.500
151 5 13953.300
151 6 25580.900
151 7 31506.157
151 8 41921.333
151 9 13181.700
151 10 21139.200
151 11 28369.900
151 12 13355.000
151 13 35631.100
151 14 11491.200
151 15 38236.620
151 16 4266.700
151 17 21219.900
151 18 18386.624
151 19 36679.500
151 20 41519.055
151 21 38242.665
151 22 39764.827
151 23 13145.200
151 24 37041.500
151 25 18432.200
151 26 41559.207
151 27 32019.800
151 28 35788.800
151 29 14763.700
151 30 40758.666
151 31 35176.100
151 32 38051.200
151 33 6743.186
151 34 30079.500
151 35 27175.000
151 36 41374.964
151 37 6128.112
151 38 19026.600
151 39 35672.600
151 40 30169.000
151 41 28519.200
151 42 32958.100
151 43 26694.500
151 44 29820.000
151 45 37845.718
151 46 31479.400
151 47 15229.200
151 48 33916.600
151 49 16340.800
151 50 15951.300
151 51 18873.600
151 52 20064.100
151 53 12792.400
151 54 2556.200
151 55 16145.200
151 56 37656.800
151 57 44416.900
151 58 22560.100
151 59 10439.700
151 60 43540.560
151 61 28706.875
151 62 35838.400
151 63 14276.187
151 64 26802.400
151 65 28043.400
151 66 11193.400
151 67 40337.065
151 68 25600.500
151 69 12912.800
151 70 31766.200
151 71 12665.100
151 72 46545.123
151 73 16953.857
151 74 11704.000
151 75 13531.900
151 76 15743.400
151 77 33565.300
151 78 25980.000
151 79 16089.500
151 80 31797.300
151 81 23128.200
151 82 27730.800
151 83 39105.075
151 84 21102.800
151 85 22802.000
151 86 26844.100
151 87 18393.260
151 88 45975.043
151 89 21031.300
151 90 6445.000
151 91 38486.500
151 92 31134.000
151 93 7473.600
151 94 31428.200
151 95 6122.707
151 96 21138.600
151 97 11730.600
151 98 31605.900
151 99 11391.500
151 100 38302.193
151 101 31348.600
151 102 11214.200
151 103 18245.700
151 104 24786.000
151 105 27960.000
151 106 12269.900
151 107 40577.623
151 108 26756.100
151 109 6220.166
151 110 13707.000
151 111 10823.600
151 112 40200.162
151 113 13017.400
151 114 44216.250
151 115 39997.193
151 116 39748.348
151 117 24238.600
151 118 35246.300
151 119 17087.700
151 120 38828.400
151 121 12136.400
151 122 34321.600
151 123 18364.049
151 124 35304.300
151 125 17050.600
151 126 38315.575
151 127 27567.340
151 128 11704.700
151 129 10010.886
151 130 32731.100
151 131 10594.500
151 132 22080.000
151 133 27451.600
151 134 23112.900
151 135 37167.748
151 136 8314.400
151 137 34256.200
151 138 35297.200
151 139 29795.900
151 140 34812.400
151 141 22829.719
151 142 10685.500
151 143 33338.400
151 144 28370.800
151 145 19710.600
151 146 1074.500
151 147 17515.800
151 148 9406.100
151 149 24743.100
151 150 9021.616
151 151 0.000
151 152 25952.500
151 153 17520.700
151 154 35239.600
151 155 27170.300
151 156 32546.705
151 157 38229.170
151 158 12171.600
151 159 18108.438
151 160 21296.200
151 161 24186.595
151 162 52372.613
151 163 12661.400
151 164 24472.800
151 165 11052.000
151 166 33020.700
151 167 40575.436
151 168 32744.300
151 169 33554.300
151 170 29921.200
151 171 47817.773
151 172 37065.600
151 173 32172.000
151 174 33401.100
151 175 15829.600
151 176 52932.029
151 177 31192.800
151 178 24989.400
151 179 10543.800
151 180 18108.200
151 181 26975.800
151 182 40996.026
151 183 29513.900
151 184 10791.100
151 185 24520.400
151 186 24194.900
151 187 33596.600
151 188 40792.480
151 189 13295.100
151 190 22501.800
151 191 11129.600
151 192 28527.900
151 193 32504.300
151 194 23089.100
151 195 21395.000
151 196 19186.272
151 197 21599.300
151 198 27732.700
151 199 20685.700
151 200 34617.400
152 0 20295.200
152 1 57474.447
152 2 42099.600
152 3 12540.200
152 4 27590.000
152 5 28418.800
152 6 36501.700
152 7 14544.707
152 8 60984.149
152 9 33280.300
152 10 9327.900
152 11 38017.700
152 12 25019.100
152 13 31929.200
152 14 31589.800
152 15 58525.580
152 16 23176.100
152 17 31699.300
152 18 15919.990
152 19 14700.500
152 20 60780.141
152 21 58529.885
152 22 59052.141
152 23 33243.800
152 24 47528.500
152 25 20189.100
152 26 61221.482
152 27 42953.900
152 28 13809.800
152 29 17553.700
152 30 60285.393
152 31 45663.100
152 32 16072.200
152 33 27241.313
152 34 21153.100
152 35 11242.900
152 36 61058.843
152 37 26854.835
152 38 7923.000
152 39 31552.400
152 40 26350.500
152 41 40292.100
152 42 14831.500
152 43 37615.300
152 44 23201.500
152 45 42425.271
152 46 41127.300
152 47 29151.500
152 48 25960.800
152 49 26757.500
152 50 8134.800
152 51 24132.200
152 52 6937.100
152 53 23471.300
152 54 23138.500
152 55 21403.800
152 56 33536.600
152 57 23212.133
152 58 32208.000
152 59 30538.300
152 60 21763.368
152 61 17670.456
152 62 31718.200
152 63 37410.486
152 64 37289.400
152 65 38530.400
152 66 31292.000
152 67 19732.347
152 68 36087.500
152 69 18171.400
152 70 42687.000
152 71 32763.700
152 72 48340.946
152 73 19756.719
152 74 16893.100
152 75 15288.800
152 76 17500.300
152 77 11586.200
152 78 35627.800
152 79 29955.500
152 80 27713.900
152 81 32776.000
152 82 37378.700
152 83 44679.779
152 84 7759.400
152 85 34548.900
152 86 37765.000
152 87 20762.631
152 88 43282.535
152 89 9122.500
152 90 21872.700
152 91 16507.500
152 92 42068.100
152 93 23211.500
152 94 9449.200
152 95 27130.497
152 96 32072.700
152 97 18800.800
152 98 31666.600
152 99 31490.100
152 100 58589.930
152 101 18864.500
152 102 19677.600
152 103 10597.400
152 104 30044.600
152 105 38880.800
152 106 20367.500
152 107 21128.912
152 108 2077.800
152 109 27414.547
152 110 33805.600
152 111 24056.700
152 112 20251.416
152 113 25880.000
152 114 48999.210
152 115 59488.859
152 116 59028.265
152 117 2430.200
152 118 27919.400
152 119 9496.600
152 120 30819.600
152 121 26601.800
152 122 30201.400
152 123 14217.785
152 124 18479.300
152 125 28797.500
152 126 58603.378
152 127 14669.511
152 128 20313.500
152 129 31064.806
152 130 43665.200
152 131 30693.100
152 132 32559.400
152 133 37938.600
152 134 34859.800
152 135 56430.915
152 136 28413.000
152 137 26593.500
152 138 31595.300
152 139 39443.700
152 140 26856.700
152 141 18678.898
152 142 30784.100
152 143 32540.500
152 144 20990.300
152 145 30197.600
152 146 23703.700
152 147 24976.600
152 148 23517.300
152 149 6232.300
152 150 30058.148
152 151 23474.900
152 152 0.000
152 153 8573.600
152 154 13260.500
152 155 36818.100
152 156 10603.539
152 157 58521.522
152 158 23980.800
152 159 26277.063
152 160 35244.100
152 161 14863.318
152 162 52415.967
152 163 24408.300
152 164 37030.800
152 165 22799.000
152 166 11041.600
152 167 44982.501
152 168 23818.000
152 169 25765.800
152 170 17437.100
152 171 24708.745
152 172 15086.600
152 173 25194.000
152 174 11422.100
152 175 29365.100
152 176 51752.421
152 177 22266.400
152 178 36548.000
152 179 24655.000
152 180 23957.600
152 181 36623.600
152 182 60538.542
152 183 41695.700
152 184 20317.000
152 185 34999.800
152 186 35115.800
152 187 30179.900
152 188 60112.991
152 189 25042.100
152 190 19194.000
152 191 31228.200
152 192 19601.500
152 193 15852.400
152 194 34836.100
152 195 31882.000
152 196 19955.154
152 197 9544.800
152 198 37380.600
152 199 15245.000
152 200 22133.300
153 0 16395.900
153 1 52768.193
153 2 38200.400
153 3 8640.900
153 4 22004.900
153 5 20635.700
153 6 32602.500
153 7 17667.341
153 8 56319.030
153 9 28282.400
153 10 6581.900
153 11 34118.500
153 12 17236.100
153 13 28030.000
153 14 26591.900
153 15 53747.880
153 16 18969.400
153 17 27800.100
153 18 14424.706
153 19 19140.900
153 20 56095.711
153 21 53752.329
153 22 54360.412
153 23 28245.900
153 24 43629.300
153 25 16289.800
153 26 56501.671
153 27 39054.700
153 28 18250.200
153 29 13654.500
153 30 55575.360
153 31 41763.900
153 32 20512.600
153 33 22846.989
153 34 17253.900
153 35 12529.000
153 36 56336.736
153 37 22421.364
153 38 4869.800
153 39 27653.200
153 40 22451.300
153 41 36392.800
153 42 18312.100
153 43 33716.100
153 44 19302.300
153 45 39558.975
153 46 37228.100
153 47 21368.400
153 48 22061.600
153 49 18974.500
153 50 2395.600
153 51 16349.200
153 52 4191.100
153 53 15688.300
153 54 18140.600
153 55 13620.800
153 56 29637.400
153 57 26914.691
153 58 28308.800
153 59 25540.400
153 60 25716.852
153 61 19104.437
153 62 27819.000
153 63 32643.647
153 64 33390.200
153 65 34631.100
153 66 26294.100
153 67 23119.690
153 68 32188.300
153 69 10388.400
153 70 38787.800
153 71 27765.800
153 72 46119.505
153 73 17581.485
153 74 12993.900
153 75 11389.500
153 76 13601.100
153 77 16026.600
153 78 31728.600
153 79 26248.200
153 80 23814.700
153 81 28876.800
153 82 33479.400
153 83 41689.552
153 84 1712.100
153 85 30841.500
153 86 33865.700
153 87 18840.183
153 88 41885.544
153 89 6096.000
153 90 16404.300
153 91 20947.900
153 92 38168.900
153 93 15428.400
153 94 13889.600
153 95 22673.476
153 96 28173.500
153 97 14901.600
153 98 27767.400
153 99 26492.200
153 100 53812.452
153 101 16702.700
153 102 11894.600
153 103 6698.200
153 104 22261.600
153 105 34981.600
153 106 12584.500
153 107 24047.679
153 108 9217.500
153 109 22943.740
153 110 28807.700
153 111 16273.700
153 112 23361.487
153 113 18097.000
153 114 46231.127
153 115 54779.884
153 116 54337.143
153 117 6699.900
153 118 24020.200
153 119 5597.400
153 120 26920.400
153 121 18818.800
153 122 26302.200
153 123 12834.265
153 124 20658.300
153 125 25090.100
153 126 53825.920
153 127 16401.900
153 128 12530.500
153 129 26693.099
153 130 39766.000
153 131 25695.300
153 132 28660.200
153 133 34039.400
153 134 31152.400
153 135 51733.416
153 136 23415.200
153 137 22694.300
153 138 27696.100
153 139 35544.500
153 140 22957.400
153 141 18165.875
153 142 25786.300
153 143 28641.300
153 144 17091.100
153 145 26298.400
153 146 18705.800
153 147 21077.400
153 148 18644.500
153 149 7204.500
153 150 25669.268
153 151 17889.900
153 152 8413.900
153 153 0.000
153 154 17700.900
153 155 32918.900
153 156 15247.700
153 157 53743.554
153 158 16197.800
153 159 23713.789
153 160 31536.800
153 161 15389.168
153 162 50615.565
153 163 20700.900
153 164 33131.600
153 165 19091.600
153 166 15482.000
153 167 42204.345
153 168 19918.700
153 169 21866.600
153 170 15275.200
153 171 29450.282
153 172 19527.000
153 173 21294.800
153 174 15862.500
153 175 25657.800
153 176 50195.047
153 177 18367.200
153 178 32648.800
153 179 19782.200
153 180 20058.300
153 181 32724.400
153 182 55827.737
153 183 37796.500
153 184 12534.000
153 185 31100.600
153 186 31216.600
153 187 26280.600
153 188 55421.218
153 189 21334.700
153 190 15294.800
153 191 26230.300
153 192 15702.300
153 193 17858.300
153 194 31128.700
153 195 27982.800
153 196 18307.703
153 197 10325.200
153 198 33481.300
153 199 11345.800
153 200 19971.400
154 0 26696.000
154 1 68972.916
154 2 39586.800
154 3 20994.600
154 4 36872.500
154 5 37701.200
154 6 44469.900
154 7 17549.250
154 8 72265.740
154 9 42562.700
154 10 24108.500
154 11 45138.800
154 12 34301.500
154 13 34433.700
154 14 40872.200
154 15 70381.456
154 16 32458.600
154 17 38828.900
154 18 27336.739
154 19 4891.200
154 20 72151.696
154 21 70384.942
154 22 70470.445
154 23 42526.200
154 24 36327.800
154 25 27310.100
154 26 72758.816
154 27 50083.600
154 28 2089.700
154 29 24764.500
154 30 71781.472
154 31 52784.200
154 32 5418.400
154 33 40717.168
154 34 19409.400
154 35 10105.600
154 36 72608.557
154 37 40338.833
154 38 22396.400
154 39 30898.200
154 40 24606.800
154 41 48260.300
154 42 6593.800
154 43 45583.500
154 44 21457.800
154 45 48438.050
154 46 48248.400
154 47 38433.900
154 48 24217.100
154 49 36040.000
154 50 17417.300
154 51 33414.600
154 52 21717.700
154 53 32753.800
154 54 32420.900
154 55 30686.200
154 56 32882.400
154 57 12259.101
154 58 39329.100
154 59 39820.700
154 60 10095.950
154 61 24101.875
154 62 31064.000
154 63 50795.119
154 64 44410.500
154 65 45651.500
154 66 40574.500
154 67 10696.568
154 68 43208.600
154 69 27453.800
154 70 50655.200
154 71 42046.100
154 72 52302.926
154 73 31601.663
154 74 24128.800
154 75 24571.200
154 76 24621.400
154 77 2195.800
154 78 43596.000
154 79 39238.000
154 80 27059.700
154 81 39897.100
154 82 44499.700
154 83 50932.554
154 84 17041.800
154 85 43831.400
154 86 45733.200
154 87 32250.176
154 88 45256.175
154 89 23622.500
154 90 31155.100
154 91 3094.400
154 92 49197.800
154 93 32493.900
154 94 3896.500
154 95 40617.842
154 96 39202.300
154 97 26036.500
154 98 39106.500
154 99 40772.500
154 100 70444.196
154 101 11187.700
154 102 28960.000
154 103 18076.500
154 104 39327.100
154 105 46849.100
154 106 29649.900
154 107 13461.146
154 108 14834.900
154 109 40903.410
154 110 43088.000
154 111 33339.100
154 112 12129.194
154 113 35162.400
154 114 54455.763
154 115 70985.462
154 116 70443.924
154 117 15010.200
154 118 28111.200
154 119 16695.400
154 120 33236.000
154 121 35884.200
154 122 29547.200
154 123 25719.550
154 124 7825.500
154 125 38079.900
154 126 70457.444
154 127 21271.509
154 128 29595.900
154 129 44530.560
154 130 50794.800
154 131 39975.600
154 132 39689.100
154 133 45059.700
154 134 44142.300
154 135 67896.445
154 136 37695.500
154 137 24849.800
154 138 29851.600
154 139 46564.800
154 140 28271.100
154 141 28465.335
154 142 40066.600
154 143 33723.900
154 144 23337.000
154 145 38039.600
154 146 32986.100
154 147 32097.700
154 148 32799.700
154 149 11495.000
154 150 43529.795
154 151 32757.400
154 152 14163.700
154 153 17856.000
154 154 0.000
154 155 43939.200
154 156 9010.010
154 157 70378.924
154 158 33263.300
154 159 38252.487
154 160 44526.600
154 161 23689.567
154 162 55035.983
154 163 33690.800
154 164 44999.000
154 165 32081.400
154 166 6823.700
154 167 50633.888
154 168 22074.300
154 169 24022.100
154 170 12696.600
154 171 11329.134
154 172 4966.700
154 173 23450.400
154 174 5985.000
154 175 38647.600
154 176 53726.688
154 177 20522.700
154 178 44516.300
154 179 33937.400
154 180 32086.700
154 181 43744.700
154 182 72036.588
154 183 49663.900
154 184 29599.400
154 185 42129.500
154 186 43084.000
154 187 28436.200
154 188 71523.632
154 189 34324.500
154 190 26633.800
154 191 40510.600
154 192 18908.700
154 193 8232.700
154 194 44118.500
154 195 39724.000
154 196 31166.433
154 197 20352.700
154 198 44501.600
154 199 22684.800
154 200 12686.100
155 0 23026.400
155 1 30977.380
155 2 13501.500
155 3 25751.800
155 4 26449.300
155 5 41692.200
155 6 15382.900
155 7 50121.814
155 8 33075.552
155 9 20287.300
155 10 38406.800
155 11 9845.700
155 12 41133.100
155 13 38673.900
155 14 24343.600
155 15 33752.708
155 16 32005.600
155 17 6854.700
155 18 43241.419
155 19 48101.300
155 20 33292.650
155 21 33751.830
155 22 31971.964
155 23 20250.900
155 24 13918.500
155 25 19696.800
155 26 34460.250
155 27 11918.800
155 28 47210.600
155 29 21569.300
155 30 33430.728
155 31 14956.900
155 32 46305.400
155 33 35421.306
155 34 32258.400
155 35 38105.600
155 36 34375.176
155 37 34834.465
155 38 36294.200
155 39 18169.800
155 40 32271.200
155 41 19173.300
155 42 44350.700
155 43 16496.500
155 44 31922.200
155 45 8600.139
155 46 6687.100
155 47 42968.200
155 48 36959.400
155 49 42871.500
155 50 31668.900
155 51 40246.200
155 52 36199.600
155 53 39585.300
155 54 28505.800
155 55 37517.800
155 56 21468.800
155 57 43556.652
155 58 7107.200
155 59 23292.100
155 60 44286.250
155 61 51091.931
155 62 19650.400
155 63 33759.000
155 64 6340.600
155 65 7476.400
155 66 24045.800
155 67 39703.821
155 68 5190.900
155 69 34285.400
155 70 21568.300
155 71 22550.500
155 72 17617.635
155 73 43908.711
155 74 22759.800
155 75 23309.700
155 76 21903.600
155 77 44987.100
155 78 14509.000
155 79 18821.600
155 80 32401.800
155 81 5111.100
155 82 2838.400
155 83 9923.138
155 84 32967.200
155 85 17541.400
155 86 16646.200
155 87 45489.003
155 88 19914.340
155 89 38298.800
155 90 34183.900
155 91 49908.400
155 92 14378.800
155 93 35212.500
155 94 42850.100
155 95 34670.191
155 96 7572.600
155 97 21091.500
155 98 14850.700
155 99 23460.600
155 100 33798.916
155 101 42741.200
155 102 35791.600
155 103 27873.800
155 104 46158.600
155 105 17762.100
155 106 33642.500
155 107 37829.489
155 108 38620.600
155 109 34616.234
155 110 22273.800
155 111 38562.500
155 112 38453.663
155 113 41994.000
155 114 14993.378
155 115 32728.990
155 116 31938.497
155 117 36103.000
155 118 38289.100
155 119 28793.800
155 120 41871.200
155 121 39875.300
155 122 20781.700
155 123 42281.583
155 124 46696.800
155 125 17810.100
155 126 33809.347
155 127 48664.705
155 128 36427.500
155 129 37409.437
155 130 12630.100
155 131 23446.900
155 132 10155.700
155 133 7074.600
155 134 21335.900
155 135 29915.461
155 136 23750.400
155 137 37299.000
155 138 38340.000
155 139 11271.800
155 140 37855.200
155 141 47946.337
155 142 22290.800
155 143 14731.200
155 144 30473.000
155 145 6640.600
155 146 27473.100
155 147 16487.000
155 148 23181.900
155 149 36164.900
155 150 36721.058
155 151 28127.600
155 152 37817.000
155 153 33781.400
155 154 46661.400
155 155 0.000
155 156 45928.201
155 157 33757.739
155 158 40094.800
155 159 46927.165
155 160 24110.200
155 161 46849.431
155 162 23781.691
155 163 16296.700
155 164 15912.000
155 165 17551.200
155 166 44442.500
155 167 11309.021
155 168 37700.000
155 169 36597.200
155 170 39649.800
155 171 53223.678
155 172 46262.100
155 173 35214.800
155 174 44822.900
155 175 18231.200
155 176 24881.115
155 177 32208.000
155 178 15429.300
155 179 24319.600
155 180 15670.800
155 181 2083.400
155 182 33664.789
155 183 20576.900
155 184 36431.000
155 185 4158.800
155 186 13997.000
155 187 34201.000
155 188 32876.099
155 189 15274.400
155 190 24084.900
155 191 23982.000
155 192 31861.800
155 193 43896.800
155 194 23702.200
155 195 4910.600
155 196 45790.805
155 197 38866.900
155 198 2073.500
155 199 26508.000
155 200 46009.900
156 0 28648.374
156 1 68013.072
156 2 39371.939
156 3 22655.794
156 4 35836.759
156 5 29756.756
156 6 49456.721
156 7 8554.277
156 8 71550.320
156 9 39283.398
156 10 12445.342
156 11 50407.638
156 12 27439.549
156 13 36190.191
156 14 35951.446
156 15 68984.651
156 16 29376.461
156 17 40104.753
156 18 19843.607
156 19 12558.831
156 20 71334.712
156 21 68989.174
156 22 69601.668
156 23 38605.668
156 24 43697.048
156 25 29940.894
156 26 71748.771
156 27 42601.752
156 28 10882.729
156 29 28991.481
156 30 70821.078
156 31 45336.227
156 32 14991.266
156 33 35517.977
156 34 23710.479
156 35 13731.106
156 36 71584.041
156 37 35241.521
156 38 14757.406
156 39 38203.233
156 40 27017.411
156 41 52879.263
156 42 15456.763
156 43 50216.755
156 44 24170.808
156 45 51906.931
156 46 51140.125
156 47 30124.320
156 48 30428.856
156 49 25443.233
156 50 16586.118
156 51 24027.386
156 52 12441.314
156 53 25586.764
156 54 31559.869
156 55 24262.802
156 56 39361.530
156 57 21269.041
156 58 41520.878
156 59 38059.157
156 60 19081.548
156 61 15158.904
156 62 38777.823
156 63 46631.458
156 64 43846.877
156 65 43064.537
156 66 37068.704
156 67 19422.660
156 68 45150.520
156 69 23235.942
156 70 56961.070
156 71 41120.742
156 72 57009.767
156 73 24183.060
156 74 28340.816
156 75 27116.095
156 76 28290.641
156 77 9224.620
156 78 49282.895
156 79 40602.258
156 80 32805.551
156 81 44931.565
156 82 45127.876
156 83 54269.473
156 84 15064.375
156 85 48922.515
156 86 49961.637
156 87 24568.618
156 88 50925.327
156 89 13375.480
156 90 27996.574
156 91 10006.641
156 92 37460.023
156 93 27323.909
156 94 7988.716
156 95 35568.593
156 96 38279.921
156 97 30320.376
156 98 38628.694
156 99 38192.774
156 100 69049.330
156 101 19711.725
156 102 24269.887
156 103 20262.753
156 104 29006.709
156 105 51915.402
156 106 23997.843
156 107 21956.133
156 108 10239.990
156 109 35879.849
156 110 40461.050
156 111 26647.500
156 112 20687.305
156 113 28297.004
156 114 58313.692
156 115 70025.382
156 116 69578.214
156 117 12117.338
156 118 28804.586
156 119 19031.392
156 120 33048.230
156 121 29727.281
156 122 36745.331
156 123 18389.334
156 124 17372.091
156 125 41558.386
156 126 69062.808
156 127 12436.139
156 128 24829.980
156 129 39173.119
156 130 41991.146
156 131 37520.659
156 132 40844.528
156 133 45456.154
156 134 50398.020
156 135 66976.158
156 136 38190.891
156 137 30877.920
156 138 35885.823
156 139 52815.692
156 140 30061.316
156 141 20129.705
156 142 40233.047
156 143 40469.028
156 144 24887.548
156 145 41168.864
156 146 32387.235
156 147 34733.350
156 148 34878.798
156 149 12309.018
156 150 38237.897
156 151 32546.705
156 152 10603.539
156 153 15247.700
156 154 9010.010
156 155 45928.201
156 156 0.000
156 157 68980.183
156 158 26435.330
156 159 30717.522
156 160 47877.814
156 161 15264.281
156 162 60475.554
156 163 37655.482
156 164 48351.849
156 165 35356.543
156 166 11361.615
156 167 54344.617
156 168 27802.167
156 169 28866.579
156 170 18947.021
156 171 17419.471
156 172 13272.700
156 173 29537.506
156 174 11994.676
156 175 39859.905
156 176 59477.445
156 177 24540.471
156 178 49128.625
156 179 34411.395
156 180 35386.774
156 181 43920.324
156 182 71073.598
156 183 54499.609
156 184 24905.034
156 185 43063.432
156 186 46486.053
156 187 34689.463
156 188 70662.550
156 189 38052.506
156 190 29066.306
156 191 37567.020
156 192 23589.069
156 193 16753.486
156 194 48853.603
156 195 42320.949
156 196 23364.186
156 197 12928.131
156 198 46975.127
156 199 24385.284
156 200 18308.092
157 0 43339.390
157 1 3596.554
157 2 48678.660
157 3 46999.516
157 4 35998.374
157 5 49651.081
157 6 23450.652
157 7 69433.452
157 8 5848.624
157 9 29862.953
157 10 57508.084
157 11 24586.299
157 12 49530.089
157 13 60362.014
157 14 33933.012
157 15 15.557
157 16 42122.101
157 17 36762.514
157 18 56521.528
157 19 68981.731
157 20 5043.379
157 21 24.453
157 22 4157.174
157 23 30634.362
157 24 49294.841
157 25 41910.789
157 26 4024.028
157 27 46827.351
157 28 70953.208
157 29 40866.854
157 30 3821.570
157 31 47675.852
157 32 70002.076
157 33 39397.004
157 34 58122.651
157 35 62407.442
157 36 3832.652
157 37 39201.466
157 38 54952.147
157 39 52378.575
157 40 55120.573
157 41 18595.554
157 42 67927.626
157 43 23578.962
157 44 57053.910
157 45 37650.769
157 46 35655.239
157 47 50091.087
157 48 58968.754
157 49 53797.130
157 50 52541.088
157 51 54024.324
157 52 56758.610
157 53 50741.651
157 54 38410.453
157 55 49294.700
157 56 55969.002
157 57 74080.324
157 58 32998.614
157 59 32099.817
157 60 74183.243
157 61 66927.905
157 62 53686.934
157 63 28213.520
157 64 39963.018
157 65 35617.125
157 66 32952.838
157 67 69891.526
157 68 38163.499
157 69 48301.738
157 70 17555.737
157 71 28740.758
157 72 45219.162
157 73 54442.432
157 74 41085.720
157 75 42371.178
157 76 42299.848
157 77 68889.339
157 78 21819.816
157 79 28435.350
157 80 54430.397
157 81 30926.044
157 82 35578.442
157 83 36309.555
157 84 54068.331
157 85 21076.495
157 86 21349.347
157 87 55668.628
157 88 51750.059
157 89 56485.034
157 90 43458.893
157 91 71174.919
157 92 48878.875
157 93 43631.336
157 94 66941.370
157 95 38818.225
157 96 37231.188
157 97 39439.211
157 98 48842.934
157 99 31332.369
157 100 73.869
157 101 65361.210
157 102 48642.827
157 103 49346.990
157 104 51221.055
157 105 19930.301
157 106 46974.550
157 107 68730.824
157 108 58769.113
157 109 38524.084
157 110 29278.623
157 111 48376.168
157 112 69007.360
157 113 49363.488
157 114 39275.935
157 115 3540.054
157 116 4178.156
157 117 56978.353
157 118 61050.692
157 119 50995.912
157 120 62023.412
157 121 48191.800
157 122 53135.634
157 123 56587.440
157 124 70913.228
157 125 27525.951
157 126 86.902
157 127 65757.057
157 128 47812.969
157 129 37941.367
157 130 47280.151
157 131 32349.692
157 132 36919.020
157 133 40403.951
157 134 18917.038
157 135 4304.228
157 136 32445.198
157 137 59825.913
157 138 59632.228
157 139 23501.284
157 140 60588.171
157 141 60757.092
157 142 30023.386
157 143 49639.413
157 144 56121.949
157 145 32810.274
157 146 37995.256
157 147 38587.933
157 148 34133.383
157 149 58368.762
157 150 38157.340
157 151 38229.170
157 152 58521.522
157 153 53743.554
157 154 70378.924
157 155 33757.739
157 156 68980.183
157 157 0.000
157 158 50096.860
157 159 53097.099
157 160 21131.409
157 161 62415.477
157 162 51054.077
157 163 32020.929
157 164 23007.410
157 165 34032.820
157 166 65437.107
157 167 38659.188
157 168 59364.367
157 169 55522.491
157 170 62597.050
157 171 81383.137
157 172 68507.140
157 173 56485.845
157 174 65981.852
157 175 29139.110
157 176 53306.794
157 177 57767.498
157 178 22394.997
157 179 34819.880
157 180 38273.349
157 181 35116.878
157 182 3923.882
157 183 17885.738
157 184 48546.313
157 185 36319.700
157 186 25523.398
157 187 56941.223
157 188 4463.967
157 189 31460.536
157 190 46425.957
157 191 32768.375
157 192 55939.075
157 193 67513.083
157 194 20126.949
157 195 33369.675
157 196 56704.130
157 197 58194.130
157 198 34841.475
157 199 48944.987
157 200 68640.579
158 0 22910.800
158 1 50292.353
158 2 42711.000
158 3 17890.800
158 4 17154.500
158 5 4877.800
158 6 37126.300
158 7 22414.557
158 8 54185.822
158 9 30355.300
158 10 11627.100
158 11 39915.300
158 12 1478.100
158 13 40892.800
158 14 28664.800
158 15 50105.738
158 16 8223.100
158 17 32765.400
158 18 7373.930
158 19 34666.600
158 20 53728.808
158 21 50112.473
158 22 51990.502
158 23 30318.900
158 24 48587.000
158 25 22804.700
158 26 53631.883
158 27 43565.300
158 28 33775.900
158 29 19136.000
158 30 52891.436
158 31 46721.600
158 32 36038.400
158 33 11063.192
158 34 31474.900
158 35 27551.400
158 36 53442.375
158 37 11104.652
158 38 12682.800
158 39 38496.000
158 40 33008.400
158 41 40064.700
158 42 33334.500
158 43 38240.000
158 44 33523.300
158 45 48929.527
158 46 43024.900
158 47 5610.500
158 48 36282.600
158 49 3484.100
158 50 16327.700
158 51 5628.300
158 52 17396.100
158 53 1359.800
158 54 12608.700
158 55 4599.800
158 56 40480.100
158 57 43547.597
158 58 34105.600
158 59 27613.400
158 60 42056.971
158 61 17697.881
158 62 38661.800
158 63 23171.518
158 64 38347.900
158 65 39588.900
158 66 28367.100
158 67 40007.110
158 68 37146.000
158 69 6816.300
158 70 43311.700
158 71 29838.700
158 72 57090.496
158 73 4345.708
158 74 18475.400
158 75 17495.800
158 76 20115.900
158 77 31552.400
158 78 37525.400
158 79 29754.100
158 80 34620.700
158 81 34673.700
158 82 39276.300
158 83 50487.014
158 84 17601.400
158 85 34347.500
158 86 38389.600
158 87 5659.338
158 88 55033.993
158 89 11519.100
158 90 9461.500
158 91 36473.700
158 92 42679.500
158 93 11893.100
158 94 29415.400
158 95 11494.935
158 96 32684.100
158 97 19787.400
158 98 43151.400
158 99 28565.200
158 100 50170.659
158 101 31725.000
158 102 8322.500
158 103 17396.800
158 104 11540.800
158 105 39505.500
158 106 9049.100
158 107 41165.915
158 108 24743.300
158 109 11813.772
158 110 30880.700
158 111 1809.100
158 112 40403.264
158 113 2339.000
158 114 55526.959
158 115 52153.129
158 116 51976.554
158 117 18475.300
158 118 38241.200
158 119 17464.100
158 120 44090.100
158 121 3060.800
158 122 37145.000
158 123 8330.796
158 124 35680.700
158 125 28596.000
158 126 50183.762
158 127 17531.955
158 128 6347.700
158 129 13914.413
158 130 44276.600
158 131 27768.200
158 132 33625.500
158 133 38997.100
158 134 34658.400
158 135 49438.753
158 136 25488.100
158 137 36915.300
158 138 40558.900
158 139 41341.400
158 140 37178.400
158 141 10798.681
158 142 27859.200
158 143 44883.900
158 144 30812.500
158 145 31256.100
158 146 12264.900
158 147 27592.200
158 148 22150.400
158 149 22730.200
158 150 13197.816
158 151 12314.100
158 152 23939.700
158 153 16186.400
158 154 33226.700
158 155 38715.800
158 156 26435.330
158 157 50096.860
158 158 0.000
158 159 6963.518
158 160 35042.700
158 161 13659.849
158 162 62519.369
158 163 24206.900
158 164 36018.300
158 165 22597.500
158 166 31007.800
158 167 51695.702
158 168 34139.700
158 169 36087.600
158 170 30297.600
158 171 43568.296
158 172 35052.700
158 173 35515.800
158 174 31388.200
158 175 29163.700
158 176 62696.320
158 177 32588.100
158 178 36534.800
158 179 23288.100
158 180 26573.200
158 181 38521.300
158 182 53119.858
158 183 41059.300
158 184 5434.100
158 185 36065.900
158 186 35740.400
158 187 36419.900
158 188 52993.318
158 189 24840.600
158 190 25520.600
158 191 28303.300
158 192 29923.300
158 193 32880.700
158 194 34634.600
158 195 32940.500
158 196 6609.460
158 197 12370.700
158 198 39278.200
158 199 22416.600
158 200 34993.800
159 0 33111.420
159 1 53718.866
159 2 50215.508
159 3 27074.411
159 4 18401.578
159 5 4263.589
159 6 43200.312
159 7 25067.185
159 8 57638.832
159 9 27227.162
159 10 20341.307
159 11 45509.064
159 12 6468.522
159 13 54255.748
159 14 22357.729
159 15 53107.465
159 16 15002.603
159 17 42375.315
159 18 10939.813
159 19 40209.589
159 20 57109.195
159 21 53114.885
159 22 55411.510
159 23 26296.005
159 24 54488.636
159 25 33244.627
159 26 56832.257
159 27 52065.460
159 28 39964.178
159 29 28965.564
159 30 56177.426
159 31 55024.498
159 32 42635.953
159 33 13959.823
159 34 42150.313
159 35 36436.888
159 36 56638.232
159 37 14294.303
159 38 19614.796
159 39 51424.291
159 40 42992.812
159 41 43840.993
159 42 41847.584
159 43 44420.936
159 44 41766.205
159 45 55391.628
159 46 53539.042
159 47 3533.664
159 48 48649.010
159 49 5451.364
159 50 24836.090
159 51 6947.894
159 52 22156.647
159 53 7310.752
159 54 19511.816
159 55 10618.971
159 56 54490.458
159 57 49330.104
159 58 40790.873
159 59 23170.368
159 60 47679.003
159 61 18897.405
159 62 52699.990
159 63 25080.529
159 64 48952.802
159 65 45018.039
159 66 22774.365
159 67 45996.914
159 68 49103.737
159 69 13699.346
159 70 48768.585
159 71 26195.655
159 72 63727.452
159 73 6653.000
159 74 27339.550
159 75 27252.024
159 76 30540.690
159 77 37593.715
159 78 41180.146
159 79 28879.430
159 80 47872.300
159 81 43533.897
159 82 47325.051
159 83 56841.840
159 84 25124.133
159 85 39375.685
159 86 41844.183
159 87 6166.664
159 88 61916.735
159 89 19977.260
159 90 14547.730
159 91 39396.200
159 92 48551.246
159 93 15350.977
159 94 35302.017
159 95 14643.882
159 96 40438.665
159 97 29092.960
159 98 49627.250
159 99 24937.144
159 100 53170.743
159 101 43677.036
159 102 11490.016
159 103 26773.616
159 104 3197.717
159 105 43614.401
159 106 14752.101
159 107 47365.722
159 108 24281.258
159 109 14892.677
159 110 25983.016
159 111 8701.526
159 112 46522.221
159 113 5796.907
159 114 61919.815
159 115 55477.907
159 116 55401.229
159 117 25618.966
159 118 48536.859
159 119 27986.252
159 120 52590.607
159 121 5969.338
159 122 50587.128
159 123 12533.134
159 124 44923.475
159 125 31927.523
159 126 53183.349
159 127 19844.887
159 128 11874.161
159 129 15230.397
159 130 51776.170
159 131 23474.161
159 132 43418.778
159 133 50845.261
159 134 38957.068
159 135 52952.324
159 136 22287.534
159 137 49546.167
159 138 53608.950
159 139 47745.649
159 140 49312.671
159 141 11584.696
159 142 24634.903
159 143 51809.251
159 144 41723.892
159 145 40092.184
159 146 18895.876
159 147 36784.290
159 148 27396.384
159 149 29965.880
159 150 14942.899
159 151 18108.438
159 152 26277.063
159 153 23713.789
159 154 38252.487
159 155 46927.165
159 156 30717.522
159 157 53097.099
159 158 6963.518
159 159 0.000
159 160 34553.822
159 161 16051.826
159 162 69254.485
159 163 31965.868
159 164 40927.423
159 165 29899.194
159 166 36895.249
159 167 58151.625
159 168 46642.454
159 169 45016.968
159 170 41202.482
159 171 48127.763
159 172 40486.830
159 173 46284.882
159 174 37827.439
159 175 30048.438
159 176 69499.623
159 177 42649.446
159 178 41583.066
159 179 28769.007
159 180 37419.077
159 181 45631.087
159 182 56391.635
159 183 45699.311
159 184 10710.971
159 185 45551.917
159 186 40612.329
159 187 51076.007
159 188 56369.220
159 189 31686.678
159 190 37583.644
159 191 22421.092
159 192 40312.843
159 193 42620.812
159 194 35834.967
159 195 42234.899
159 196 7443.184
159 197 18714.980
159 198 48820.956
159 199 34146.480
159 200 44475.524
160 0 23741.600
160 1 20525.840
160 2 31595.100
160 3 24623.200
160 4 19575.800
160 5 37122.900
160 6 11245.200
160 7 48398.702
160 8 24303.894
160 9 11869.400
160 10 35964.700
160 11 24721.700
160 12 36563.700
160 13 40834.400
160 14 17470.000
160 15 21136.527
160 16 27436.200
160 17 21405.300
160 18 36085.276
160 19 46458.400
160 20 23951.262
160 21 21141.392
160 22 22192.420
160 23 11832.900
160 24 36846.700
160 25 21331.300
160 26 24135.250
160 27 32706.300
160 28 45567.700
160 29 20951.200
160 30 23274.345
160 31 34981.300
160 32 47830.100
160 33 20653.011
160 34 35359.600
160 35 37752.600
160 36 23958.959
160 37 20273.908
160 38 33852.100
160 39 38763.400
160 40 35372.300
160 41 10039.500
160 42 43535.700
160 43 12358.800
160 44 35023.300
160 45 29157.548
160 46 27831.300
160 47 38398.800
160 48 39119.900
160 49 38302.200
160 50 29583.400
160 51 35676.800
160 52 34114.000
160 53 35015.900
160 54 21814.700
160 55 32948.400
160 56 41934.900
160 57 54553.913
160 58 18911.900
160 59 16418.500
160 60 54364.268
160 61 46280.925
160 62 40116.600
160 63 13503.440
160 64 26607.600
160 65 27848.600
160 66 17172.200
160 67 50311.490
160 68 25405.700
160 69 29716.000
160 70 15179.400
160 71 10676.600
160 72 38373.514
160 73 34566.405
160 74 20171.100
160 75 21449.000
160 76 22343.400
160 77 43344.200
160 78 13871.300
160 79 10280.900
160 80 36075.500
160 81 19480.000
160 82 24082.600
160 83 29305.820
160 84 30881.700
160 85 6561.100
160 86 11135.300
160 87 35941.854
160 88 41383.457
160 89 35856.700
160 90 27857.500
160 91 48265.400
160 92 31563.700
160 93 29474.600
160 94 41207.100
160 95 19937.254
160 96 21568.300
160 97 18312.400
160 98 32035.500
160 99 13922.700
160 100 21201.633
160 101 41926.200
160 102 31222.200
160 103 26745.200
160 104 41589.200
160 105 10339.100
160 106 29073.100
160 107 49557.160
160 108 36535.000
160 109 19709.422
160 110 10400.000
160 111 33993.100
160 112 49634.796
160 113 37424.600
160 114 34098.314
160 115 22494.096
160 116 22173.638
160 117 34017.500
160 118 40449.600
160 119 27665.300
160 120 44031.700
160 121 35305.900
160 122 38599.800
160 123 35962.926
160 124 45881.800
160 125 7894.100
160 126 21215.139
160 127 44907.673
160 128 31858.100
160 129 20666.308
160 130 33417.600
160 131 16573.400
160 132 22265.400
160 133 27256.800
160 134 4633.200
160 135 19568.601
160 136 16876.800
160 137 39459.600
160 138 40500.500
160 139 26147.700
160 140 40015.700
160 141 40552.006
160 142 11639.500
160 143 33768.000
160 144 33574.100
160 145 19333.700
160 146 21599.400
160 147 22269.300
160 148 18612.600
160 149 34522.000
160 150 20441.458
160 151 23558.200
160 152 35731.400
160 153 31695.900
160 154 45018.500
160 155 23522.100
160 156 47877.814
160 157 21131.409
160 158 35525.400
160 159 34553.822
160 160 0.000
160 161 41724.758
160 162 44704.375
160 163 11727.400
160 164 9027.500
160 165 12981.900
160 166 42799.600
160 167 31421.648
160 168 39860.500
160 169 38757.700
160 170 40498.700
160 171 60858.598
160 172 46844.500
160 173 37375.400
160 174 43180.000
160 175 7996.600
160 176 46118.106
160 177 35309.200
160 178 10141.800
160 179 19750.300
160 180 21841.500
160 181 23327.600
160 182 23519.478
160 183 11034.100
160 184 31861.600
160 185 24097.700
160 186 13250.500
160 187 37874.700
160 188 23237.542
160 189 10705.000
160 190 27705.100
160 191 17108.400
160 192 34962.900
160 193 43081.800
160 194 2171.700
160 195 21600.500
160 196 36821.387
160 197 36424.800
160 198 24084.500
160 199 29609.100
160 200 45195.000
161 0 29832.064
161 1 62206.083
161 2 45128.124
161 3 22621.001
161 4 26635.436
161 5 16172.476
161 6 46881.928
161 7 9052.911
161 8 66019.960
161 9 33038.457
161 10 9393.171
161 11 48568.568
161 12 14566.491
161 13 45699.672
161 14 28556.315
161 15 62422.959
161 16 20300.954
161 17 41299.366
161 18 6302.480
161 19 26432.284
161 20 65644.124
161 21 62429.019
161 22 63886.573
161 23 32163.154
161 24 49647.340
161 25 30640.706
161 26 65726.357
161 27 47792.990
161 28 25529.326
161 29 27622.719
161 30 64911.864
161 31 50779.235
161 32 28961.209
161 33 24491.754
161 34 32695.696
161 35 24456.522
161 36 65543.379
161 37 24430.063
161 38 10909.221
161 39 45183.164
161 40 34810.272
161 41 49102.651
161 42 28709.732
161 43 47915.880
161 44 32685.939
161 45 54415.556
161 46 53056.590
161 47 16315.754
161 48 39745.707
161 49 11304.617
161 50 17221.396
161 51 10166.128
161 52 11747.603
161 53 12817.878
161 54 24171.714
161 55 13251.115
161 56 47427.195
161 57 35627.678
161 58 41240.758
161 59 30319.189
161 60 33663.037
161 61 4569.035
161 62 46166.541
161 63 36553.379
161 64 46795.549
161 65 44303.710
161 66 29488.366
161 67 32947.579
161 68 47567.855
161 69 14188.819
161 70 53789.563
161 71 33685.308
161 72 61364.741
161 73 10094.976
161 74 26286.427
161 75 25476.626
161 76 28120.771
161 77 23380.508
161 78 45775.693
161 79 34654.449
161 80 40492.622
161 81 44548.944
161 82 46625.121
161 83 56409.121
161 84 16489.971
161 85 44678.255
161 86 46486.298
161 87 9960.565
161 88 57268.601
161 89 9915.548
161 90 18956.586
161 91 24798.075
161 92 43237.807
161 93 18826.611
161 94 21345.548
161 95 24811.943
161 96 39266.440
161 97 28498.036
161 98 44426.086
161 99 31245.741
161 100 62488.526
161 101 31740.481
161 102 13811.313
161 103 20958.933
161 104 15039.684
161 105 48454.986
161 106 15607.712
161 107 34923.862
161 108 12534.122
161 109 25138.828
161 110 33173.693
161 111 14764.173
161 112 33845.106
161 113 15212.097
161 114 61129.069
161 115 64144.504
161 116 63869.030
161 117 15114.108
161 118 38885.134
161 119 21082.373
161 120 43226.233
161 121 16715.590
161 122 43984.940
161 123 5844.985
161 124 31369.737
161 125 36730.217
161 126 62501.903
161 127 3914.504
161 128 14628.942
161 129 27558.959
161 130 47321.784
161 131 30114.752
161 132 42256.283
161 133 48643.584
161 134 45308.912
161 135 61274.409
161 136 29991.849
161 137 40470.243
161 138 45197.187
161 139 51014.055
161 140 39937.415
161 141 4869.625
161 142 32395.561
161 143 46552.680
161 144 33009.123
161 145 40679.480
161 146 24453.038
161 147 35322.077
161 148 30384.391
161 149 18997.736
161 150 26807.460
161 151 24186.595
161 152 14863.318
161 153 15389.168
161 154 23689.567
161 155 46849.431
161 156 15264.281
161 157 62415.477
161 158 13659.849
161 159 16051.826
161 160 41724.758
161 161 0.000
161 162 65979.436
161 163 34432.611
161 164 45126.965
161 165 31981.147
161 166 23783.054
161 167 57118.338
161 168 37317.383
161 169 36904.587
161 170 29882.023
161 171 32579.502
161 172 26915.118
161 173 37964.827
161 174 24673.149
161 175 34779.638
161 176 65583.480
161 177 33395.615
161 178 45889.879
161 179 30812.418
161 180 36033.702
161 181 45088.259
161 182 65151.423
161 183 50918.598
161 184 14012.022
161 185 44583.878
161 186 43920.940
161 187 43214.951
161 188 64922.501
161 189 34524.279
161 190 32678.920
161 191 29647.105
161 192 31520.219
161 193 29758.123
161 194 42907.911
161 195 42438.328
161 196 8629.925
161 197 7250.719
161 198 48396.080
161 199 28111.916
161 200 31560.323
162 0 36684.515
162 1 47584.310
162 2 21198.543
162 3 43682.743
162 4 53986.087
162 5 65096.350
162 6 33049.893
162 7 66833.607
162 8 47999.021
162 9 45873.265
162 10 56692.514
162 11 30450.474
162 12 62831.796
162 13 27211.283
162 14 49451.008
162 15 51043.759
162 16 54538.396
162 17 27088.878
162 18 63723.890
162 19 51313.310
162 20 48550.909
162 21 51039.475
162 22 47878.126
162 23 46525.996
162 24 16785.416
162 25 36256.420
162 26 50096.744
162 27 18231.435
162 28 54151.394
162 29 40342.536
162 30 49205.473
162 31 15300.258
162 32 50309.794
162 33 58806.615
162 34 37115.458
162 35 47034.794
162 36 50093.931
162 37 58204.235
162 38 55097.407
162 39 22403.868
162 40 33526.533
162 41 36716.840
162 42 48397.406
162 43 32009.936
162 44 36481.332
162 45 15553.553
162 46 17868.037
162 47 65871.676
162 48 31445.657
162 49 65687.095
162 50 48765.853
162 51 64705.958
162 52 54432.108
162 53 62451.976
162 54 50478.102
162 55 59149.061
162 56 22276.120
162 57 49402.821
162 58 29573.863
162 59 49999.099
162 60 51133.546
162 61 69664.124
162 62 22096.953
162 63 57452.362
162 64 20337.428
162 65 24824.705
162 66 49721.947
162 67 46932.696
162 68 20452.014
162 69 56159.635
162 70 34650.828
162 71 48868.526
162 72 6339.512
162 73 65282.218
162 74 41961.597
162 75 42194.557
162 76 38981.696
162 77 53705.658
162 78 36096.934
162 79 44820.470
162 80 27914.383
162 81 27957.057
162 82 22753.483
162 83 15636.374
162 84 49611.860
162 85 38519.936
162 86 35905.679
162 87 66840.330
162 88 9835.638
162 89 56077.488
162 90 54769.988
162 91 55001.653
162 92 23128.982
162 93 53915.516
162 94 53417.748
162 95 58074.664
162 96 28921.617
162 97 40161.705
162 98 21937.274
162 99 47912.138
162 100 51068.416
162 101 43491.566
162 102 58187.893
162 103 45072.124
162 104 66072.747
162 105 35674.236
162 106 54840.859
162 107 44111.945
162 108 54438.123
162 109 58050.661
162 110 48512.887
162 111 60608.043
162 112 45279.536
162 113 63457.729
162 114 11787.517
162 115 48734.009
162 116 47844.136
162 117 51575.390
162 118 33786.057
162 119 44913.476
162 120 30808.793
162 121 63484.768
162 122 23928.275
162 123 62459.217
162 124 49313.873
162 125 41556.630
162 126 51074.727
162 127 66832.118
162 128 57624.633
162 129 61036.989
162 130 18752.384
162 131 49206.446
162 132 26053.850
162 133 18465.135
162 134 41205.473
162 135 46754.036
162 136 51198.779
162 137 31437.777
162 138 27061.679
162 139 29894.986
162 140 32499.167
162 141 68160.390
162 142 50059.057
162 143 20014.198
162 144 35674.588
162 145 30303.431
162 146 51453.579
162 147 32472.721
162 148 42973.159
162 149 48927.278
162 150 60302.313
162 151 52372.613
162 152 52415.967
162 153 50615.565
162 154 55035.983
162 155 23781.691
162 156 60475.554
162 157 51054.077
162 158 62519.369
162 159 69254.485
162 160 44704.375
162 161 65979.436
162 162 0.000
162 163 38806.983
162 164 35341.158
162 165 40251.960
162 166 50070.030
162 167 13366.538
162 168 33885.305
162 169 31825.175
162 170 42693.698
162 171 61354.170
162 172 50437.676
162 173 31408.142
162 174 49838.317
162 175 42672.260
162 176 2769.508
162 177 36279.791
162 178 35252.770
162 179 41212.412
162 180 31846.767
162 181 24411.303
162 182 49373.591
162 183 36028.160
162 184 58839.723
162 185 24150.521
162 186 33728.708
162 187 26879.162
162 188 48446.272
162 189 39368.236
162 190 33301.195
162 191 50527.668
162 192 36908.626
162 193 47135.352
162 194 44031.333
162 195 28092.285
162 196 66880.768
162 197 58758.261
162 198 21757.674
162 199 37914.056
162 200 46777.738
163 0 13081.800
163 1 30624.996
163 2 20831.300
163 3 13963.400
163 4 14166.900
163 5 26463.100
163 6 13911.500
163 7 39613.459
163 8 34017.439
163 9 8004.900
163 10 25304.900
163 11 16700.500
163 12 25903.900
163 13 30174.600
163 14 12061.100
163 15 32023.068
163 16 16776.400
163 17 10885.700
163 18 29801.615
163 19 35798.600
163 20 33856.670
163 21 32026.342
163 22 32152.596
163 23 7968.500
163 24 26690.100
163 25 11452.300
163 26 34404.694
163 27 21685.600
163 28 34907.900
163 29 10291.400
163 30 33437.815
163 31 24824.700
163 32 37170.400
163 33 20104.107
163 34 24699.800
163 35 27092.800
163 36 34251.232
163 37 19515.383
163 38 23192.300
163 39 28673.300
163 40 24712.500
163 41 16849.900
163 42 32875.900
163 43 15025.100
163 44 24363.500
163 45 23920.066
163 46 19810.100
163 47 27739.000
163 48 28460.100
163 49 27642.400
163 50 18923.600
163 51 25017.000
163 52 23454.200
163 53 24356.100
163 54 13276.700
163 55 22288.600
163 56 32200.300
163 57 42579.679
163 58 10890.800
163 59 11009.700
163 60 42464.695
163 61 38940.582
163 62 30381.900
163 63 20197.125
163 64 16451.000
163 65 17692.000
163 66 11763.400
163 67 38342.298
163 68 15249.100
163 69 19056.200
163 70 20096.800
163 71 10268.100
163 72 32806.175
163 73 29682.903
163 74 9511.300
163 75 10789.200
163 76 11683.600
163 77 32684.400
163 78 14310.600
163 79 6539.200
163 80 26340.800
163 81 11458.800
163 82 16061.400
163 83 25092.866
163 84 20221.900
163 85 11132.600
163 86 15174.800
163 87 31238.987
163 88 33307.402
163 89 25196.900
163 90 18954.800
163 91 37605.600
163 92 20799.800
163 93 19983.400
163 94 30547.400
163 95 19355.429
163 96 10804.400
163 97 7652.600
163 98 21271.700
163 99 11178.200
163 100 32085.303
163 101 31266.400
163 102 20562.400
163 103 16085.400
163 104 30929.400
163 105 16290.600
163 106 18413.300
163 107 37531.855
163 108 25875.300
163 109 19307.924
163 110 9991.400
163 111 23333.300
163 112 37629.278
163 113 26764.800
163 114 30208.129
163 115 32640.661
163 116 32127.107
163 117 23357.700
163 118 29789.800
163 119 17005.500
163 120 33371.900
163 121 24646.100
163 122 28865.100
163 123 29164.960
163 124 35222.100
163 125 5527.700
163 126 32098.482
163 127 36989.347
163 128 21198.300
163 129 22234.812
163 130 22396.900
163 131 11164.500
163 132 11745.800
163 133 17100.200
163 134 11443.500
163 135 29557.334
163 136 11468.000
163 137 28799.800
163 138 29840.700
163 139 18126.500
163 140 29355.900
163 141 34547.620
163 142 10008.300
163 143 23004.200
163 144 22914.300
163 145 9359.200
163 146 12243.900
163 147 11609.500
163 148 7952.800
163 149 23862.200
163 150 21495.712
163 151 12898.400
163 152 25071.600
163 153 21036.100
163 154 34358.700
163 155 15500.900
163 156 37655.482
163 157 32020.929
163 158 24865.600
163 159 31965.868
163 160 11827.800
163 161 34432.611
163 162 38806.983
163 163 0.000
163 164 12803.500
163 165 2322.100
163 166 32139.800
163 167 26623.775
163 168 29200.700
163 169 28097.900
163 170 29838.900
163 171 49364.804
163 172 36184.700
163 173 26715.600
163 174 32520.200
163 175 5948.800
163 176 39601.061
163 177 24649.400
163 178 13320.000
163 179 9090.500
163 180 12202.000
163 181 15306.400
163 182 33692.641
163 183 17844.500
163 184 21201.800
163 185 16076.500
163 186 12525.600
163 187 28140.100
163 188 33210.480
163 189 1625.800
163 190 17045.300
163 191 11699.600
163 192 24303.100
163 193 32422.000
163 194 11419.700
163 195 11043.600
163 196 31741.247
163 197 25765.000
163 198 16063.300
163 199 18949.300
163 200 34535.200
164 0 19168.200
164 1 20946.706
164 2 22229.600
164 3 22364.900
164 4 22842.600
164 5 38305.300
164 6 3960.500
164 7 50490.031
164 8 23958.902
164 9 16900.500
164 10 35019.900
164 11 15210.100
164 12 37746.200
164 13 34815.700
164 14 20736.800
164 15 23006.062
164 16 28618.700
164 17 11851.400
164 18 40209.239
164 19 44243.100
164 20 23921.865
164 21 23007.375
164 22 22311.976
164 23 16864.000
164 24 27366.400
164 25 15838.600
164 26 24711.887
164 27 23083.900
164 28 43352.400
164 29 18182.400
164 30 23696.785
164 31 25501.000
164 32 42447.100
164 33 27648.868
164 34 28400.200
164 35 34247.300
164 36 24581.426
164 37 27153.679
164 38 32907.300
164 39 28734.500
164 40 28413.000
164 41 7750.900
164 42 40492.400
164 43 5074.100
164 44 28064.000
164 45 19823.053
164 46 18319.700
164 47 39581.300
164 48 33101.100
164 49 39484.600
164 50 28282.000
164 51 36859.300
164 52 32812.700
164 53 36198.400
164 54 25118.900
164 55 34130.900
164 56 34403.000
164 57 51203.099
164 58 9400.400
164 59 19685.300
164 60 51418.830
164 61 49664.234
164 62 32584.600
164 63 22706.539
164 64 17127.300
164 65 18368.300
164 66 20439.100
164 67 47048.208
164 68 15925.400
164 69 30898.500
164 70 10145.900
164 71 13943.500
164 72 29003.449
164 73 39612.528
164 74 19373.000
164 75 19922.800
164 76 18516.700
164 77 41128.900
164 78 3195.400
164 79 13547.700
164 80 28543.500
164 81 9968.400
164 82 14571.000
164 83 19886.766
164 84 29580.300
164 85 5481.100
164 86 5223.800
164 87 41120.278
164 88 32559.595
164 89 34911.900
164 90 30797.000
164 91 46050.200
164 92 22198.100
164 93 31825.600
164 94 38991.900
164 95 26883.557
164 96 12202.700
164 97 17704.600
164 98 22670.000
164 99 17189.500
164 100 23062.114
164 101 38883.000
164 102 32404.700
164 103 24486.900
164 104 42771.700
164 105 6339.700
164 106 30255.600
164 107 45781.654
164 108 35233.700
164 109 26728.210
164 110 13666.800
164 111 35175.600
164 112 46102.908
164 113 38607.100
164 114 24681.050
164 115 22915.629
164 116 22282.826
164 117 32716.100
164 118 34430.900
164 119 26061.500
164 120 38013.000
164 121 36488.400
164 122 31067.900
164 123 39709.008
164 124 42838.600
164 125 8556.400
164 126 23074.304
164 127 47798.238
164 128 33040.600
164 129 28571.865
164 130 23795.200
164 131 19840.200
164 132 12711.500
164 133 17776.500
164 134 10022.200
164 135 19847.202
164 136 20143.700
164 137 33440.800
164 138 34481.800
164 139 16636.100
164 140 33997.000
164 141 44915.555
164 142 14906.300
164 143 24402.500
164 144 26614.800
164 145 10033.100
164 146 24086.200
164 147 12628.700
164 148 19795.000
164 149 32306.700
164 150 28131.123
164 151 24740.700
164 152 34430.100
164 153 30394.500
164 154 42803.200
164 155 14010.500
164 156 48351.849
164 157 23007.410
164 158 36707.900
164 159 40927.423
164 160 11586.600
164 161 45126.965
164 162 35341.158
164 163 12909.800
164 164 0.000
164 165 14164.300
164 166 40584.300
164 167 22022.886
164 168 33841.800
164 169 32738.900
164 170 35791.500
164 171 59108.600
164 172 42403.900
164 173 31356.600
164 174 40964.700
164 175 11263.400
164 176 36832.794
164 177 28349.800
164 178 3369.000
164 179 20932.800
164 180 11812.500
164 181 13816.000
164 182 23950.104
164 183 9154.500
164 184 33044.100
164 185 14586.100
164 186 2574.600
164 187 30342.800
164 188 23341.394
164 189 11887.500
164 190 20226.700
164 191 20375.200
164 192 28003.600
164 193 40038.600
164 194 9806.000
164 195 12088.900
164 196 41771.226
164 197 35480.000
164 198 14572.900
164 199 22649.800
164 200 42151.700
165 0 11503.500
165 1 32771.803
165 2 21088.000
165 3 12385.200
165 4 16053.700
165 5 24884.800
165 6 14983.200
165 7 37179.212
165 8 36229.080
165 9 9076.600
165 10 23726.600
165 11 17772.200
165 12 24325.600
165 13 28596.300
165 14 13132.900
165 15 34035.616
165 16 15198.200
165 17 11142.400
165 18 27398.149
165 19 34220.300
165 20 36042.909
165 21 34039.246
165 22 34325.266
165 23 9040.200
165 24 26964.000
165 25 9874.100
165 26 36539.489
165 27 21942.300
165 28 33329.700
165 29 8713.100
165 30 35585.819
165 31 25098.600
165 32 35592.100
165 33 18558.195
165 34 23121.500
165 35 25514.500
165 36 36381.898
165 37 17954.030
165 38 21614.000
165 39 27095.000
165 40 23134.300
165 41 17921.600
165 42 31297.600
165 43 16096.800
165 44 22785.300
165 45 25660.259
165 46 20881.800
165 47 26160.700
165 48 26881.800
165 49 26064.100
165 50 17345.300
165 51 23438.700
165 52 21876.000
165 53 22777.900
165 54 11698.400
165 55 20710.400
165 56 30622.000
165 57 41042.272
165 58 11962.500
165 59 12081.400
165 60 40819.286
165 61 36485.990
165 62 28803.600
165 63 20056.177
165 64 16724.900
165 65 17965.900
165 66 12835.100
165 67 36797.926
165 68 15523.000
165 69 17477.900
165 70 21168.500
165 71 11339.800
165 72 34368.706
165 73 27384.942
165 74 7933.100
165 75 9210.900
165 76 10105.400
165 77 31106.100
165 78 15382.300
165 79 7610.900
165 80 24762.600
165 81 12530.500
165 82 17133.200
165 83 26979.577
165 84 18643.600
165 85 12204.300
165 86 16246.500
165 87 28948.686
165 88 34285.817
165 89 23618.600
165 90 17376.500
165 91 36027.400
165 92 21056.500
165 93 18405.100
165 94 28969.100
165 95 17831.406
165 96 11061.100
165 97 6074.300
165 98 21528.400
165 99 12249.900
165 100 34098.681
165 101 29688.100
165 102 18984.100
165 103 14507.200
165 104 29351.200
165 105 17362.300
165 106 16835.100
165 107 36141.481
165 108 24297.000
165 109 17817.981
165 110 11063.100
165 111 21755.000
165 112 36165.507
165 113 25186.500
165 114 32078.858
165 115 34788.392
165 116 34300.603
165 117 21779.400
165 118 28211.600
165 119 15427.200
165 120 31793.700
165 121 23067.800
165 122 27286.900
165 123 26736.652
165 124 33643.800
165 125 6011.600
165 126 34111.974
165 127 34532.100
165 128 19620.100
165 129 20995.252
165 130 22653.600
165 131 12236.200
165 132 12002.500
165 133 17374.100
165 134 12515.200
165 135 31715.103
165 136 12539.700
165 137 27221.500
165 138 28262.500
165 139 19198.200
165 140 27777.700
165 141 32147.656
165 142 11080.000
165 143 23260.900
165 144 21336.100
165 145 9633.100
165 146 10665.700
165 147 10031.200
165 148 6374.500
165 149 22283.900
165 150 20187.305
165 151 11320.200
165 152 23493.400
165 153 19457.800
165 154 32780.400
165 155 16572.600
165 156 35356.543
165 157 34032.820
165 158 23287.400
165 159 29899.194
165 160 12899.500
165 161 31981.147
165 162 40251.960
165 163 2178.200
165 164 13875.200
165 165 0.000
165 166 30561.500
165 167 28396.775
165 168 27622.400
165 169 26519.600
165 170 28260.700
165 171 47431.377
165 172 34606.400
165 173 25137.300
165 174 30942.000
165 175 7020.500
165 176 40909.665
165 177 23071.100
165 178 14391.700
165 179 7512.200
165 180 10623.700
165 181 16378.100
165 182 35840.044
165 183 18916.200
165 184 19623.500
165 185 14442.900
165 186 13597.300
165 187 26561.800
165 188 35385.257
165 189 2666.100
165 190 15467.100
165 191 12771.300
165 192 22724.900
165 193 30843.800
165 194 12491.400
165 195 11317.500
165 196 29415.719
165 197 24186.700
165 198 17135.100
165 199 17371.100
165 200 32956.900
166 0 24372.100
166 1 63927.325
166 2 29463.400
166 3 18670.700
166 4 34548.600
166 5 35377.300
166 6 42146.000
166 7 19516.442
166 8 67158.965
166 9 40238.800
166 10 21784.600
166 11 42814.900
166 12 31977.700
166 13 23842.100
166 14 38548.300
166 15 65439.131
166 16 30134.700
166 17 36505.100
166 18 26251.557
166 19 4291.800
166 20 67066.950
166 21 65442.340
166 22 65400.738
166 23 40202.400
166 24 29984.400
166 25 24986.300
166 26 67716.101
166 27 32737.300
166 28 5708.700
166 29 22440.600
166 30 66729.511
166 31 31063.300
166 32 6272.900
166 33 37579.345
166 34 13066.000
166 35 3762.200
166 36 67569.518
166 37 37148.348
166 38 20072.500
166 39 24554.800
166 40 18263.400
166 41 45936.400
166 42 4365.700
166 43 43259.600
166 44 15114.400
166 45 43056.538
166 46 45924.500
166 47 36110.000
166 48 17873.700
166 49 33716.100
166 50 15093.400
166 51 31090.800
166 52 19393.800
166 53 30429.900
166 54 30097.100
166 55 28362.400
166 56 26538.900
166 57 12461.255
166 58 37005.200
166 59 37496.900
166 60 11030.123
166 61 25193.491
166 62 24720.600
166 63 46973.962
166 64 42086.600
166 65 43327.600
166 66 38250.600
166 67 9222.831
166 68 40884.700
166 69 25130.000
166 70 48331.400
166 71 39722.200
166 72 47125.192
166 73 30297.418
166 74 21804.900
166 75 22247.300
166 76 22297.500
166 77 4294.600
166 78 41272.100
166 79 36914.100
166 80 20716.300
166 81 37573.300
166 82 42175.900
166 83 45542.227
166 84 14718.000
166 85 41507.500
166 86 43409.300
166 87 31179.450
166 88 40351.063
166 89 21298.700
166 90 28831.300
166 91 8406.400
166 92 29744.900
166 93 30170.000
166 94 3370.700
166 95 37394.857
166 96 36878.500
166 97 23712.600
166 98 28983.000
166 99 38448.700
166 100 65501.202
166 101 8341.600
166 102 26636.100
166 103 15752.700
166 104 37003.200
166 105 44525.200
166 106 27326.100
166 107 11173.146
166 108 11603.300
166 109 37660.860
166 110 40764.200
166 111 31015.300
166 112 10063.347
166 113 32838.500
166 114 49125.903
166 115 65935.211
166 116 65373.594
166 117 12686.400
166 118 19832.300
166 119 14371.600
166 120 22732.500
166 121 33560.400
166 122 23203.800
166 123 24559.269
166 124 7437.500
166 125 35756.100
166 126 65514.357
166 127 22160.999
166 128 27272.100
166 129 41426.233
166 130 30409.400
166 131 37651.700
166 132 37365.200
166 133 42735.800
166 134 41818.400
166 135 62844.418
166 136 35371.600
166 137 18506.400
166 138 23508.200
166 139 44241.000
166 140 18769.500
166 141 28256.506
166 142 37742.700
166 143 27380.500
166 144 16993.600
166 145 35715.700
166 146 30662.200
166 147 29773.800
166 148 30475.800
166 149 9171.100
166 150 40401.136
166 151 30433.500
166 152 10932.100
166 153 15532.200
166 154 6823.700
166 155 41615.400
166 156 11361.615
166 157 65437.107
166 158 30939.400
166 159 36895.249
166 160 42202.700
166 161 23783.054
166 162 50070.030
166 163 31366.900
166 164 42675.100
166 165 29757.500
166 166 0.000
166 167 45280.468
166 168 15730.800
166 169 17678.700
166 170 9307.500
166 171 15947.141
166 172 4620.800
166 173 17106.900
166 174 956.300
166 175 36323.700
166 176 48870.420
166 177 14179.200
166 178 42192.400
166 179 31613.600
166 180 29762.800
166 181 41420.900
166 182 66984.658
166 183 47340.000
166 184 27275.600
166 185 39805.600
166 186 40760.100
166 187 22092.700
166 188 66449.906
166 189 32000.700
166 190 24309.900
166 191 38186.800
166 192 12565.300
166 193 5386.600
166 194 41794.600
166 195 37400.100
166 196 30250.409
166 197 19132.200
166 198 42177.800
166 199 20361.000
166 200 9839.900
167 0 27301.515
167 1 35329.337
167 2 16833.041
167 3 34509.570
167 4 41781.137
167 5 53910.386
167 6 19698.425
167 7 59492.211
167 8 36294.575
167 9 33265.482
167 10 48233.451
167 11 17085.299
167 12 51875.686
167 13 27519.868
167 14 37220.626
167 15 38650.245
167 16 43180.793
167 17 16012.740
167 18 53955.220
167 19 47417.356
167 20 36746.607
167 21 38646.886
167 22 35846.518
167 23 33991.708
167 24 14364.594
167 25 26487.551
167 26 38200.973
167 27 13458.130
167 28 50172.971
167 29 29948.333
167 30 37245.469
167 31 12178.102
167 32 47054.118
167 33 46715.954
167 34 32980.561
167 35 41962.995
167 36 38171.025
167 37 46131.718
167 38 46274.660
167 39 19949.282
167 40 29083.686
167 41 23384.220
167 42 44925.970
167 43 18645.781
167 44 32075.763
167 45 2766.815
167 46 4778.928
167 47 54671.180
167 48 29412.324
167 49 55133.931
167 50 40334.011
167 51 54319.274
167 52 46166.336
167 53 51749.270
167 54 38839.155
167 55 48572.901
167 56 22104.858
167 57 47964.400
167 58 17438.746
167 59 37519.283
167 60 49185.805
167 61 61188.187
167 62 20568.968
167 63 44371.831
167 64 10544.485
167 65 13177.855
167 66 37354.975
167 67 44633.073
167 68 9552.842
167 69 45744.925
167 70 21642.034
167 71 36072.534
167 72 7039.470
167 73 54898.181
167 74 31487.062
167 75 32005.993
167 76 29074.912
167 77 49152.197
167 78 22748.226
167 79 32074.396
167 80 24761.883
167 81 15195.799
167 82 10842.796
167 83 2370.108
167 84 41452.677
167 85 25182.384
167 86 22544.287
167 87 56478.180
167 88 13553.192
167 89 47469.352
167 90 43615.390
167 91 50872.751
167 92 18350.957
167 93 42871.434
167 94 48300.478
167 95 45962.452
167 96 18041.000
167 97 29438.531
167 98 17463.533
167 99 35418.419
167 100 38681.598
167 101 40455.397
167 102 47602.506
167 103 36341.956
167 104 55031.775
167 105 22319.400
167 106 44319.728
167 107 42234.975
167 108 46697.135
167 109 45903.152
167 110 35777.989
167 111 49702.001
167 112 43144.279
167 113 52404.328
167 114 4027.285
167 115 36689.798
167 116 35811.925
167 117 43869.100
167 118 31957.685
167 119 36668.590
167 120 30549.277
167 121 52238.997
167 122 21386.044
167 123 52887.344
167 124 46684.228
167 125 28737.002
167 126 38689.216
167 127 58590.183
167 128 46949.852
167 129 48622.845
167 130 14156.698
167 131 36787.233
167 132 14998.906
167 133 8889.216
167 134 27844.060
167 135 34412.889
167 136 38709.578
167 137 29829.668
167 138 27022.762
167 139 16585.330
167 140 30892.797
167 141 58598.368
167 142 37354.149
167 143 16644.958
167 144 31094.586
167 145 18158.077
167 146 39683.745
167 147 21956.823
167 148 31046.826
167 149 42129.522
167 150 47959.954
167 151 40575.436
167 152 44982.501
167 153 42204.345
167 154 50633.888
167 155 11309.021
167 156 54344.617
167 157 38659.188
167 158 51695.702
167 159 58151.625
167 160 31421.648
167 161 57118.338
167 162 13366.538
167 163 26623.775
167 164 22022.886
167 165 28396.775
167 166 45280.468
167 167 0.000
167 168 31238.763
167 169 28031.749
167 170 38811.527
167 171 58928.205
167 172 46611.932
167 173 28189.302
167 174 45292.497
167 175 30033.180
167 176 15110.638
167 177 32225.149
167 178 21908.092
167 179 29470.220
167 180 21256.949
167 181 12527.072
167 182 37438.696
167 183 22777.303
167 184 48161.886
167 185 12727.011
167 186 20532.474
167 187 25419.118
167 188 36536.171
167 189 27087.035
167 190 25380.038
167 191 38104.152
167 192 31941.298
167 193 43867.721
167 194 30710.801
167 195 15964.653
167 196 56706.334
167 197 50121.876
167 198 9350.033
167 199 30162.881
167 200 44041.323
168 0 17181.300
168 1 57090.948
168 2 15241.100
168 3 20935.200
168 4 37019.200
168 5 38599.900
168 6 36948.600
168 7 35344.773
168 8 59690.819
168 9 35496.100
168 10 26255.600
168 11 38962.700
168 12 35200.200
168 13 7387.500
168 14 39834.000
168 15 59362.517
168 16 32610.800
168 17 31307.700
168 18 37567.178
168 19 18021.000
168 20 59794.555
168 21 59363.536
168 22 58311.033
168 23 35459.700
168 24 15762.100
168 25 18227.700
168 26 60777.460
168 27 18514.900
168 28 20959.300
168 29 21298.800
168 30 59745.672
168 31 16841.000
168 32 17443.800
168 33 42231.285
168 34 5122.400
168 35 12555.800
168 36 60665.630
168 37 41660.701
168 38 24543.500
168 39 10332.500
168 40 4908.800
168 41 40739.000
168 42 15489.100
168 43 38062.300
168 44 4217.000
168 45 29503.881
168 46 29689.500
168 47 39332.600
168 48 3111.900
168 49 36938.700
168 50 19564.300
168 51 34313.300
168 52 23864.800
168 53 33652.400
168 54 31382.700
168 55 31584.900
168 56 12316.600
168 57 16748.415
168 58 33152.900
168 59 38782.500
168 60 17964.643
168 61 39902.048
168 62 10498.300
168 63 48127.730
168 64 23239.500
168 65 38853.500
168 66 39536.200
168 67 13455.389
168 68 36410.600
168 69 28352.500
168 70 43134.000
168 71 41007.900
168 72 31687.495
168 73 40735.143
168 74 23294.200
168 75 22268.200
168 76 19988.700
168 77 19545.200
168 78 36074.800
168 79 34030.400
168 80 6494.000
168 81 33721.000
168 82 39110.800
168 83 32072.097
168 84 19188.900
168 85 39107.100
168 86 38211.900
168 87 42024.253
168 88 24061.661
168 89 25769.600
168 90 32396.600
168 91 23657.000
168 92 15522.600
168 93 33392.600
168 94 18127.500
168 95 41765.981
168 96 31681.100
168 97 20829.900
168 98 14760.700
168 99 39734.300
168 100 59417.410
168 101 13879.600
168 102 29858.700
168 103 18033.700
168 104 40225.700
168 105 39327.800
168 106 30548.600
168 107 10999.271
168 108 24842.300
168 109 41934.197
168 110 37482.600
168 111 34237.800
168 112 11920.640
168 113 36061.100
168 114 34728.546
168 115 58991.459
168 116 58279.478
168 117 22324.700
168 118 2186.100
168 119 16394.600
168 120 6754.200
168 121 36782.900
168 122 8981.500
168 123 35933.728
168 124 17835.200
168 125 32872.400
168 126 59429.397
168 127 36835.787
168 128 30494.600
168 129 45831.305
168 130 16187.100
168 131 38937.300
168 132 32167.800
168 133 25807.000
168 134 38934.700
168 135 55993.341
168 136 36657.200
168 137 2528.100
168 138 7053.600
168 139 40388.700
168 140 2471.100
168 141 40945.090
168 142 39028.300
168 143 13158.100
168 144 4438.500
168 145 30518.300
168 146 31947.800
168 147 22788.400
168 148 29876.800
168 149 20877.600
168 150 44811.955
168 151 32909.700
168 152 24038.700
168 153 20003.100
168 154 22074.300
168 155 37763.100
168 156 27802.167
168 157 59364.367
168 158 34161.900
168 159 46642.454
168 160 39319.000
168 161 37317.383
168 162 33885.305
168 163 28483.200
168 164 37477.700
168 165 26873.800
168 166 15826.500
168 167 31238.763
168 168 0.000
168 169 3456.400
168 170 8552.100
168 171 27898.299
168 172 17400.500
168 173 2884.600
168 174 16206.900
168 175 33440.000
168 176 32475.253
168 177 5267.000
168 178 36995.000
168 179 31014.500
168 180 22789.000
168 181 37568.600
168 182 59992.909
168 183 42142.600
168 184 30498.100
168 185 34608.200
168 186 35562.700
168 187 7870.400
168 188 59291.669
168 189 29117.000
168 190 13882.800
168 191 39472.400
168 192 5018.200
168 193 15035.200
168 194 38910.900
168 195 32202.700
168 196 41490.766
168 197 30908.100
168 198 38325.500
168 199 18393.800
168 200 17148.300
169 0 16078.500
169 1 53239.265
169 2 14138.200
169 3 22909.000
169 4 37944.800
169 5 40573.600
169 6 35845.800
169 7 35878.076
169 8 55838.987
169 9 34393.300
169 10 28229.400
169 11 37859.800
169 12 37174.000
169 13 8516.900
169 14 39185.400
169 15 55520.562
169 16 34122.000
169 17 30204.800
169 18 36511.492
169 19 19994.700
169 20 55941.728
169 21 55521.535
169 22 54458.030
169 23 34356.800
169 24 14659.200
169 25 17124.800
169 26 56924.647
169 27 17412.100
169 28 22933.100
169 29 20195.900
169 30 55892.811
169 31 15738.100
169 32 19417.500
169 33 39637.308
169 34 7096.200
169 35 14529.600
169 36 56812.951
169 37 39051.744
169 38 26517.200
169 39 9229.600
169 40 2275.800
169 41 39636.200
169 42 17462.800
169 43 36959.400
169 44 5714.300
169 45 26149.606
169 46 28586.700
169 47 41306.300
169 48 4206.900
169 49 38912.400
169 50 21538.100
169 51 36287.000
169 52 25838.500
169 53 35626.200
169 54 30734.200
169 55 33558.700
169 56 11213.800
169 57 20232.918
169 58 32050.100
169 59 38134.000
169 60 21241.653
169 61 39852.556
169 62 9395.400
169 63 44915.853
169 64 22136.600
169 65 37750.600
169 66 38887.700
169 67 16655.327
169 68 35307.800
169 69 30326.300
169 70 42031.100
169 71 36656.400
169 72 29063.469
169 73 39383.608
169 74 21898.300
169 75 20872.300
169 76 18885.900
169 77 21519.000
169 78 34971.900
169 79 32927.600
169 80 5391.100
169 81 32618.200
169 82 38008.000
169 83 28714.165
169 84 21162.700
169 85 38004.300
169 86 37109.100
169 87 40748.927
169 88 22129.971
169 89 27743.400
169 90 35082.300
169 91 25630.800
169 92 14419.800
169 93 34378.600
169 94 20101.300
169 95 39130.497
169 96 30578.200
169 97 19727.100
169 98 13657.800
169 99 39085.800
169 100 55575.272
169 101 15853.300
169 102 31832.400
169 103 20007.400
169 104 42199.500
169 105 38225.000
169 106 31534.600
169 107 14462.985
169 108 26816.100
169 109 39278.905
169 110 36379.800
169 111 36211.600
169 112 15236.734
169 113 38034.800
169 114 31655.767
169 115 55138.814
169 116 54426.471
169 117 24298.500
169 118 5536.700
169 119 18368.400
169 120 11714.200
169 121 38756.700
169 122 7878.700
169 123 34936.123
169 124 19809.000
169 125 31769.500
169 126 55587.227
169 127 36829.311
169 128 32468.400
169 129 43140.223
169 130 15084.200
169 131 38288.800
169 132 31065.000
169 133 24704.200
169 134 37831.900
169 135 52141.819
169 136 36008.700
169 137 4839.600
169 138 8183.000
169 139 39285.900
169 140 5102.800
169 141 40196.304
169 142 36396.700
169 143 12055.300
169 144 4265.100
169 145 29415.500
169 146 31299.300
169 147 21685.600
169 148 28773.900
169 149 22851.300
169 150 42136.050
169 151 32191.900
169 152 26012.400
169 153 21976.900
169 154 24048.000
169 155 36660.300
169 156 28866.579
169 157 55522.491
169 158 36135.700
169 159 45016.968
169 160 38216.200
169 161 36904.587
169 162 31825.175
169 163 27380.400
169 164 36374.900
169 165 25771.000
169 166 17800.200
169 167 28031.749
169 168 3456.400
169 169 0.000
169 170 10525.800
169 171 30897.860
169 172 19374.200
169 173 1781.800
169 174 18180.700
169 175 32337.200
169 176 30669.076
169 177 5555.300
169 178 35892.200
169 179 29911.700
169 180 21686.200
169 181 36465.800
169 182 56140.007
169 183 41039.800
169 184 32471.900
169 185 33505.400
169 186 34459.900
169 187 6767.600
169 188 55438.613
169 189 28014.100
169 190 12780.000
169 191 38823.900
169 192 5653.900
169 193 17009.000
169 194 37808.100
169 195 31099.900
169 196 40328.205
169 197 32881.800
169 198 37222.700
169 199 14435.000
169 200 19122.100
170 0 19622.900
170 1 60732.470
170 2 22284.600
170 3 17654.700
170 4 33938.400
170 5 34767.200
170 6 37396.800
170 7 26812.142
170 8 63705.054
170 9 40040.200
170 10 21586.000
170 11 39410.800
170 12 31367.500
170 13 16663.300
170 14 38349.700
170 15 62597.346
170 16 29524.500
170 17 31755.800
170 18 31198.514
170 19 8614.200
170 20 63700.092
170 21 62599.594
170 22 62103.705
170 23 40003.700
170 24 22805.600
170 25 20669.200
170 26 64503.499
170 27 25558.500
170 28 11583.500
170 29 21424.600
170 30 63489.650
170 31 23884.500
170 32 8037.000
170 33 39356.507
170 34 5887.200
170 35 6112.300
170 36 64371.498
170 37 38847.871
170 38 19873.900
170 39 17376.000
170 40 11084.600
170 41 41187.100
170 42 6082.300
170 43 38510.400
170 44 7935.600
170 45 36771.593
170 46 42520.400
170 47 35499.900
170 48 10694.900
170 49 33105.900
170 50 14894.700
170 51 30480.600
170 52 19195.200
170 53 29819.700
170 54 29898.400
170 55 27752.200
170 56 19360.200
170 57 11545.240
170 58 33601.100
170 59 37298.200
170 60 11631.046
170 61 31934.557
170 62 17541.800
170 63 47240.140
170 64 38060.600
170 65 39301.600
170 66 38052.000
170 67 7313.705
170 68 36858.700
170 69 24519.800
170 70 43582.100
170 71 39523.600
170 72 40077.598
170 73 34856.753
170 74 20788.900
170 75 19762.900
170 76 21281.500
170 77 11689.500
170 78 36522.900
170 79 36715.500
170 80 13537.500
170 81 34169.100
170 82 39558.900
170 83 39312.620
170 84 14519.300
170 85 41308.800
170 86 38660.000
170 87 35964.850
170 88 32912.503
170 89 21100.000
170 90 28221.100
170 91 14281.200
170 92 22566.200
170 93 29559.900
170 94 11684.000
170 95 39030.354
170 96 32129.200
170 97 22696.600
170 98 21804.200
170 99 38250.000
170 100 62656.666
170 101 4472.800
170 102 26026.000
170 103 14736.700
170 104 36393.000
170 105 39775.900
170 106 26715.900
170 107 6891.363
170 108 17792.000
170 109 39254.101
170 110 40565.500
170 111 30405.100
170 112 6681.212
170 113 32228.400
170 114 42530.651
170 115 62707.556
170 116 62074.383
170 117 15274.400
170 118 12653.500
170 119 13355.600
170 120 15553.700
170 121 32950.200
170 122 16025.000
170 123 29503.066
170 124 8428.500
170 125 35557.400
170 126 62669.396
170 127 28857.895
170 128 26661.900
170 129 43156.015
170 130 23230.600
170 131 37453.100
170 132 32615.900
170 133 38709.800
170 134 41619.800
170 135 59634.261
170 136 35173.000
170 137 11327.600
170 138 16329.400
170 139 40836.800
170 140 11590.800
170 141 33963.599
170 142 37544.100
170 143 20201.700
170 144 9814.800
170 145 30966.400
170 146 30463.600
170 147 25205.400
170 148 30277.200
170 149 14159.900
170 150 42115.414
170 151 29823.300
170 152 16988.400
170 153 15333.500
170 154 12698.400
170 155 38211.200
170 156 18947.021
170 157 62597.050
170 158 30329.200
170 159 41202.482
170 160 42004.100
170 161 29882.023
170 162 42693.698
170 163 31168.300
170 164 37925.900
170 165 29558.900
170 166 9382.900
170 167 38811.527
170 168 8552.100
170 169 10499.900
170 170 0.000
170 171 20328.966
170 172 7993.700
170 173 9928.100
170 174 9013.700
170 175 36125.100
170 176 41389.982
170 177 7000.500
170 178 37443.100
170 179 31414.900
170 180 25013.500
170 181 38016.700
170 182 63743.070
170 183 42590.800
170 184 26665.400
170 185 35056.300
170 186 36010.800
170 187 14914.000
170 188 63129.837
170 189 31802.000
170 190 19560.600
170 191 37988.100
170 192 6264.400
170 193 5628.500
170 194 41596.000
170 195 32650.800
170 196 35227.003
170 197 25329.300
170 198 38773.600
170 199 15611.700
170 200 7741.600
171 0 38275.366
171 1 79848.626
171 2 42212.643
171 3 34632.162
171 4 51303.534
171 5 47001.798
171 6 59596.727
171 7 24593.790
171 8 83044.875
171 9 52887.651
171 10 28955.390
171 11 59846.223
171 12 44569.850
171 13 34251.311
171 14 50479.310
171 15 81385.121
171 16 45192.985
171 17 47813.979
171 18 37226.080
171 19 12481.880
171 20 82967.319
171 21 81388.308
171 22 81310.160
171 23 52382.988
171 24 45663.639
171 25 39715.152
171 26 83637.640
171 27 45660.635
171 28 10459.251
171 29 40553.090
171 30 82647.255
171 31 47730.175
171 32 12044.166
171 33 51810.938
171 34 26058.832
171 35 19032.270
171 36 83492.611
171 37 51456.870
171 38 30829.330
171 39 39651.004
171 40 29935.857
171 41 63776.249
171 42 14231.025
171 43 60068.300
171 44 27036.696
171 45 56991.700
171 46 56923.612
171 47 47410.719
171 48 30099.354
171 49 42820.783
171 50 30009.127
171 51 41386.021
171 52 28136.942
171 53 42740.034
171 54 46433.945
171 55 41059.891
171 56 39090.983
171 57 12230.414
171 58 50417.500
171 59 52633.076
171 60 10249.569
171 61 31718.881
171 62 39568.432
171 63 62092.500
171 64 49303.782
171 65 50365.298
171 66 51619.717
171 67 14481.328
171 68 51017.695
171 69 39544.046
171 70 67113.597
171 71 55327.350
171 72 59563.072
171 73 41564.541
171 74 40495.995
171 75 39208.864
171 76 39088.588
171 77 12687.771
171 78 60199.327
171 79 53918.981
171 80 34342.263
171 81 53555.237
171 82 51940.091
171 83 59546.494
171 84 28610.481
171 85 60442.407
171 86 60805.279
171 87 41985.220
171 88 51543.550
171 89 29718.887
171 90 43901.067
171 91 10370.088
171 92 40590.943
171 93 43067.611
171 94 14900.249
171 95 51748.383
171 96 46430.923
171 97 41984.013
171 98 41538.164
171 99 52303.084
171 100 81447.136
171 101 18472.926
171 102 40917.419
171 103 32410.263
171 104 46332.420
171 105 62616.271
171 106 40012.349
171 107 17242.604
171 108 25658.130
171 109 52040.933
171 110 54620.201
171 111 43560.708
171 112 16101.150
171 113 45456.675
171 114 62537.691
171 115 81853.941
171 116 81282.694
171 117 26119.763
171 118 27648.685
171 119 30619.261
171 120 30630.221
171 121 46841.658
171 122 38099.264
171 123 35726.394
171 124 12262.167
171 125 54048.107
171 126 81460.282
171 127 29394.850
171 128 41365.686
171 129 55594.070
171 130 44965.034
171 131 51942.969
171 132 48248.865
171 133 50462.913
171 134 62466.188
171 135 78763.232
171 136 53009.092
171 137 29982.138
171 138 34328.115
171 139 62043.823
171 140 28904.373
171 141 37446.124
171 142 54728.008
171 143 42725.721
171 144 28052.195
171 145 50290.815
171 146 47464.251
171 147 43767.995
171 148 47763.407
171 149 23447.294
171 150 54608.416
171 151 47817.773
171 152 24708.745
171 153 29450.282
171 154 11329.134
171 155 53223.678
171 156 17419.471
171 157 81383.137
171 158 43568.296
171 159 48127.763
171 160 60858.598
171 161 32579.502
171 162 61354.170
171 163 49364.804
171 164 59108.600
171 165 47431.377
171 166 15947.141
171 167 58928.205
171 168 27898.299
171 169 30897.860
171 170 20328.966
171 171 0.000
171 172 13067.163
171 173 30818.747
171 174 15415.192
171 175 52662.108
171 176 59658.870
171 177 26769.964
171 178 59839.866
171 179 46751.420
171 180 44268.695
171 181 51192.361
171 182 82902.346
171 183 65138.794
171 184 41634.553
171 185 50087.808
171 186 56851.819
171 187 34598.348
171 188 82356.820
171 189 49941.432
171 190 36344.702
171 191 52271.935
171 192 27488.762
171 193 15135.041
171 194 61633.825
171 195 50767.622
171 196 40783.631
171 197 29935.977
171 198 53668.117
171 199 32794.222
171 200 14900.524
172 0 27605.900
172 1 66887.535
172 2 31145.500
172 3 22635.700
172 4 38387.900
172 5 39216.700
172 6 45379.800
172 7 21775.329
172 8 70038.740
172 9 44078.200
172 10 25624.000
172 11 46780.000
172 12 35817.000
172 13 25524.100
172 14 42387.700
172 15 68508.663
172 16 33974.000
172 17 39738.800
172 18 29755.559
172 19 761.700
172 20 69975.620
172 21 68511.597
172 22 68330.144
172 23 44041.700
172 24 31666.400
172 25 28652.200
172 26 70675.532
172 27 34419.300
172 28 3851.700
172 29 26405.700
172 30 69679.033
172 31 32745.400
172 32 1774.100
172 33 41332.030
172 34 14748.100
172 35 7902.700
172 36 70533.402
172 37 40898.298
172 38 23911.800
172 39 26236.900
172 40 19945.500
172 41 49170.100
172 42 2056.700
172 43 46493.400
172 44 16796.500
172 45 44522.695
172 46 49889.600
172 47 39949.400
172 48 19555.800
172 49 37555.400
172 50 18932.700
172 51 34930.100
172 52 23233.200
172 53 34269.200
172 54 33936.400
172 55 32201.700
172 56 28221.000
172 57 8853.948
172 58 40970.300
172 59 41336.200
172 60 7286.159
172 61 27928.032
172 62 26402.600
172 63 50629.708
172 64 46043.600
172 65 47284.600
172 66 42089.900
172 67 6180.814
172 68 44841.700
172 69 28969.300
172 70 51565.100
172 71 43561.600
172 72 47927.604
172 73 33864.611
172 74 25770.000
172 75 24743.900
172 76 26262.500
172 77 4343.400
172 78 44505.900
172 79 40753.400
172 80 22398.400
172 81 41538.300
172 82 46140.900
172 83 47050.611
172 84 18557.300
172 85 45346.800
172 86 46643.000
172 87 34695.104
172 88 40626.902
172 89 25138.000
172 90 32670.600
172 91 6549.500
172 92 31427.000
172 93 34009.400
172 94 5412.000
172 95 41142.637
172 96 40112.200
172 97 27677.700
172 98 30665.100
172 99 42288.000
172 100 68570.013
172 101 6483.000
172 102 30475.500
172 103 19717.700
172 104 40842.500
172 105 47758.900
172 106 31165.400
172 107 8709.193
172 108 16350.400
172 109 41407.165
172 110 44603.500
172 111 34854.600
172 112 7420.005
172 113 36677.900
172 114 50358.464
172 115 68887.634
172 116 68302.257
172 117 16525.700
172 118 21514.400
172 119 18336.600
172 120 27171.900
172 121 37399.700
172 122 24885.900
172 123 28075.048
172 124 3936.000
172 125 39595.400
172 126 68583.060
172 127 24965.125
172 128 31111.400
172 129 45179.400
172 130 32091.500
172 131 41491.000
172 132 40598.900
172 133 46692.800
172 134 45657.700
172 135 65798.272
172 136 39210.900
172 137 20188.500
172 138 25190.300
172 139 48206.000
172 140 20451.600
172 141 31515.361
172 142 41582.000
172 143 29062.500
172 144 18675.600
172 145 38949.400
172 146 34501.600
172 147 33738.900
172 148 34315.200
172 149 13010.400
172 150 44153.386
172 151 34272.900
172 152 15679.100
172 153 19371.500
172 154 4966.700
172 155 45580.400
172 156 13272.700
172 157 68507.140
172 158 34778.700
172 159 40486.830
172 160 46042.000
172 161 26915.118
172 162 50437.676
172 163 35206.200
172 164 45908.900
172 165 33596.900
172 166 4620.800
172 167 46611.932
172 168 17412.900
172 169 19360.800
172 170 7991.900
172 171 13067.163
172 172 0.000
172 173 18789.000
172 174 3782.200
172 175 40163.000
172 176 49052.954
172 177 15861.300
172 178 45426.100
172 179 35452.900
172 180 32996.500
172 181 45385.900
172 182 69933.943
172 183 50573.800
172 184 31114.900
172 185 43039.300
172 186 43993.800
172 187 23774.800
172 188 69373.157
172 189 35840.000
172 190 27543.600
172 191 42026.100
172 192 14247.400
172 193 3528.000
172 194 45634.000
172 195 40633.800
172 196 33724.743
172 197 21868.100
172 198 46142.800
172 199 23594.700
172 200 7981.400
173 0 14696.200
173 1 54154.936
173 2 12755.900
173 3 19724.500
173 4 36562.400
173 5 40001.900
173 6 34463.500
173 7 36710.768
173 8 56701.109
173 9 33011.000
173 10 27657.600
173 11 36477.500
173 12 36602.200
173 13 7134.600
173 14 37803.100
173 15 56483.662
173 16 32739.700
173 17 28822.500
173 18 37693.049
173 19 19422.900
173 20 56818.625
173 21 56484.487
173 22 55352.119
173 23 32974.500
173 24 13276.900
173 25 15742.500
173 26 57824.230
173 27 16029.800
173 28 22361.300
173 29 18813.600
173 30 56791.388
173 31 14355.800
173 32 18845.700
173 33 40971.825
173 34 6524.400
173 35 13957.800
173 36 57715.322
173 37 40386.347
173 38 25945.400
173 39 7847.300
173 40 3631.600
173 41 38253.900
173 42 16891.000
173 43 35577.100
173 44 5308.700
173 45 26407.718
173 46 27204.400
173 47 40734.600
173 48 2824.600
173 49 38340.600
173 50 20966.300
173 51 35715.300
173 52 25266.800
173 53 35054.400
173 54 29351.800
173 55 32986.900
173 56 9831.500
173 57 19852.368
173 58 30667.800
173 59 36751.600
173 60 20997.249
173 61 40835.010
173 62 8013.100
173 63 46212.438
173 64 20754.300
173 65 36368.300
173 66 37505.400
173 67 16447.053
173 68 33925.500
173 69 29754.500
173 70 40648.800
173 71 35274.100
173 72 28894.354
173 73 40613.045
173 74 20516.000
173 75 19490.000
173 76 17503.600
173 77 20947.200
173 78 33589.600
173 79 31545.300
173 80 4008.800
173 81 31235.900
173 82 36625.700
173 83 28976.021
173 84 20590.900
173 85 36621.900
173 86 35726.800
173 87 41967.835
173 88 21644.930
173 89 27171.600
173 90 33700.000
173 91 25059.000
173 92 13037.500
173 93 32996.200
173 94 19529.500
173 95 40465.180
173 96 29195.900
173 97 18344.800
173 98 12275.500
173 99 37703.400
173 100 56537.766
173 101 15281.600
173 102 31260.700
173 103 19435.700
173 104 41627.700
173 105 36842.700
173 106 30152.300
173 107 14089.476
173 108 26244.300
173 109 40613.565
173 110 34997.500
173 111 35639.800
173 112 14958.042
173 113 37463.100
173 114 31731.499
173 115 56042.076
173 116 55320.307
173 117 23726.700
173 118 4154.400
173 119 17796.600
173 120 10331.900
173 121 38184.900
173 122 6496.300
173 123 36106.651
173 124 19237.200
173 125 30387.200
173 126 56549.616
173 127 37798.976
173 128 31896.600
173 129 44474.581
173 130 13701.900
173 131 36906.500
173 132 29682.600
173 133 23321.900
173 134 36449.600
173 135 53059.211
173 136 34626.400
173 137 3457.300
173 138 6800.700
173 139 37903.600
173 140 3720.400
173 141 41325.890
173 142 35014.400
173 143 10673.000
173 144 5117.100
173 145 28033.100
173 146 29917.000
173 147 20303.300
173 148 27391.600
173 149 22279.600
173 150 43470.567
173 151 30809.600
173 152 25440.700
173 153 21405.100
173 154 23476.300
173 155 35278.000
173 156 29537.506
173 157 56485.845
173 158 35563.900
173 159 46284.882
173 160 36833.900
173 161 37964.827
173 162 31408.142
173 163 25998.100
173 164 34992.600
173 165 24388.700
173 166 17228.500
173 167 28189.302
173 168 2884.600
173 169 1781.800
173 170 9954.000
173 171 30818.747
173 172 18802.400
173 173 0.000
173 174 17608.900
173 175 30954.900
173 176 30151.541
173 177 4983.600
173 178 34509.800
173 179 28529.300
173 180 20303.900
173 181 35083.500
173 182 57037.440
173 183 39657.500
173 184 31900.100
173 185 32123.100
173 186 33077.600
173 187 5385.300
173 188 56325.275
173 189 26631.800
173 190 11397.700
173 191 37441.500
173 192 6505.900
173 193 16437.200
173 194 36425.800
173 195 29717.500
173 196 41529.517
173 197 32310.000
173 198 35840.400
173 199 13052.600
173 200 18550.300
174 0 24848.200
174 1 64433.477
174 2 29939.500
174 3 19146.800
174 4 35024.700
174 5 35853.400
174 6 42622.100
174 7 20249.641
174 8 67638.187
174 9 40714.900
174 10 22260.700
174 11 43291.000
174 12 32453.700
174 13 24318.100
174 14 39024.400
174 15 65983.698
174 16 30610.800
174 17 36981.100
174 18 27181.242
174 19 3453.200
174 20 67555.925
174 21 65986.809
174 22 65896.539
174 23 40678.500
174 24 30460.400
174 25 25462.400
174 26 68222.492
174 27 33213.300
174 28 4870.100
174 29 22916.700
174 30 67232.374
174 31 31539.400
174 32 5434.300
174 33 38445.579
174 34 13542.100
174 35 4238.200
174 36 68077.422
174 37 38010.521
174 38 20548.600
174 39 25030.900
174 40 18739.500
174 41 46412.500
174 42 3527.100
174 43 43735.700
174 44 15590.500
174 45 43103.782
174 46 46400.600
174 47 36586.100
174 48 18349.800
174 49 34192.200
174 50 15569.500
174 51 31566.800
174 52 19869.900
174 53 30906.000
174 54 30573.100
174 55 28838.500
174 56 27015.000
174 57 11532.403
174 58 37481.300
174 59 37972.900
174 60 10128.901
174 61 26021.705
174 62 25196.600
174 63 47763.768
174 64 42562.700
174 65 43803.700
174 66 38726.700
174 67 8306.446
174 68 41360.800
174 69 25606.000
174 70 48807.400
174 71 40198.300
174 72 46999.930
174 73 31229.460
174 74 22281.000
174 75 22723.400
174 76 22773.600
174 77 3456.000
174 78 41748.200
174 79 37390.200
174 80 21192.400
174 81 38049.300
174 82 42652.000
174 83 45602.498
174 84 15194.100
174 85 41983.600
174 86 43885.400
174 87 32109.925
174 88 40091.006
174 89 21774.700
174 90 29307.300
174 91 7567.800
174 92 30221.000
174 93 30646.100
174 94 4524.600
174 95 38254.143
174 96 37354.500
174 97 24188.700
174 98 29459.100
174 99 38924.700
174 100 66045.521
174 101 7503.000
174 102 27112.200
174 103 16228.700
174 104 37479.300
174 105 45001.300
174 106 27802.100
174 107 10320.814
174 108 12079.400
174 109 38518.308
174 110 41240.200
174 111 31491.300
174 112 9185.300
174 113 33314.600
174 114 49113.532
174 115 66438.963
174 116 65869.138
174 117 13162.400
174 118 20308.400
174 119 14847.700
174 120 23208.600
174 121 34036.400
174 122 23679.900
174 123 25489.449
174 124 6598.800
174 125 36232.200
174 126 66058.639
174 127 22998.894
174 128 27748.200
174 129 42293.196
174 130 30885.500
174 131 38127.800
174 132 37841.300
174 133 43211.900
174 134 42294.500
174 135 63348.226
174 136 35847.700
174 137 18982.500
174 138 23984.300
174 139 44717.000
174 140 19245.600
174 141 29164.263
174 142 38218.800
174 143 27856.500
174 144 17469.600
174 145 36191.800
174 146 31138.300
174 147 30249.900
174 148 30951.900
174 149 9647.200
174 150 41266.643
174 151 30909.600
174 152 11408.100
174 153 16008.200
174 154 5985.000
174 155 42091.500
174 156 11994.676
174 157 65981.852
174 158 31415.500
174 159 37827.439
174 160 42678.800
174 161 24673.149
174 162 49838.317
174 163 31843.000
174 164 43151.200
174 165 30233.600
174 166 956.300
174 167 45292.497
174 168 16206.900
174 169 18154.800
174 170 9011.800
174 171 15415.192
174 172 3782.200
174 173 17583.000
174 174 0.000
174 175 36799.800
174 176 48593.533
174 177 14655.300
174 178 42668.500
174 179 32089.600
174 180 30238.900
174 181 41896.900
174 182 67487.472
174 183 47816.100
174 184 27751.600
174 185 40281.700
174 186 41236.200
174 187 22568.800
174 188 66943.754
174 189 32476.700
174 190 24786.000
174 191 38662.800
174 192 13041.400
174 193 4548.000
174 194 42270.700
174 195 37876.200
174 196 31178.619
174 197 19608.200
174 198 42653.900
174 199 20837.100
174 200 9001.300
175 0 17922.300
175 1 28198.221
175 2 25775.800
175 3 18803.900
175 4 11678.800
175 5 30181.500
175 6 13165.100
175 7 40860.484
175 8 31825.335
175 9 3972.400
175 10 30145.300
175 11 18902.300
175 12 29583.200
175 13 35015.100
175 14 9573.000
175 15 29143.172
175 16 20494.800
175 17 15585.900
175 18 29560.980
175 19 40639.000
175 20 31560.601
175 21 29147.481
175 22 29813.902
175 23 3936.000
175 24 31027.300
175 25 15512.000
175 26 31909.656
175 27 26887.000
175 28 39748.400
175 29 15131.800
175 30 30996.745
175 31 29162.000
175 32 42010.800
175 33 17101.494
175 34 29540.200
175 35 31933.200
175 36 31742.205
175 37 16563.232
175 38 28032.700
175 39 32944.100
175 40 29553.000
175 41 16103.500
175 42 37716.300
175 43 14278.700
175 44 29204.000
175 45 27423.266
175 46 22011.900
175 47 31457.400
175 48 33300.500
175 49 32482.800
175 50 23764.000
175 51 29857.400
175 52 28294.700
175 53 29196.600
175 54 15980.600
175 55 27129.100
175 56 36115.600
175 57 46557.993
175 58 13092.600
175 59 8521.600
175 60 46290.834
175 61 39346.143
175 62 34297.200
175 63 15498.345
175 64 20788.200
175 65 22029.200
175 66 9275.300
175 67 42313.515
175 68 19586.400
175 69 23896.700
175 70 19350.400
175 71 5815.500
175 72 36529.176
175 73 28742.768
175 74 14351.800
175 75 15629.600
175 76 16524.100
175 77 37524.800
175 78 12400.000
175 79 2383.900
175 80 30256.100
175 81 13660.700
175 82 18263.300
175 83 28284.568
175 84 25062.300
175 85 10386.200
175 86 14428.400
175 87 30236.034
175 88 37703.843
175 89 30037.300
175 90 22023.300
175 91 42446.100
175 92 25744.300
175 93 23640.500
175 94 35387.800
175 95 16332.146
175 96 15748.900
175 97 12493.000
175 98 26216.200
175 99 6025.700
175 100 29207.529
175 101 36106.900
175 102 25402.800
175 103 20925.900
175 104 35769.900
175 105 15544.300
175 106 23253.800
175 107 41690.363
175 108 30715.700
175 109 16218.239
175 110 5538.900
175 111 27051.700
175 112 41702.742
175 113 29245.600
175 114 33378.391
175 115 30203.540
175 116 29791.828
175 117 28198.100
175 118 34630.300
175 119 21845.900
175 120 38212.400
175 121 28364.500
175 122 32780.400
175 123 29190.183
175 124 40062.500
175 125 6422.800
175 126 29220.977
175 127 37707.098
175 128 26038.800
175 129 18625.703
175 130 27598.300
175 131 8676.400
175 132 16446.000
175 133 21437.500
175 134 10697.100
175 135 27180.228
175 136 8979.900
175 137 33640.200
175 138 34681.200
175 139 20328.400
175 140 34196.400
175 141 34216.249
175 142 5975.800
175 143 27948.700
175 144 27754.800
175 145 13514.400
175 146 15765.300
175 147 16450.000
175 148 12793.200
175 149 28702.600
175 150 18014.977
175 151 16333.800
175 152 29912.100
175 153 25876.500
175 154 39199.100
175 155 17702.800
175 156 39859.905
175 157 29139.110
175 158 29706.100
175 159 30048.438
175 160 7535.100
175 161 34779.638
175 162 42672.260
175 163 5908.000
175 164 12057.100
175 165 6497.400
175 166 36980.200
175 167 30033.180
175 168 34041.200
175 169 32938.300
175 170 34679.400
175 171 52662.108
175 172 41025.200
175 173 31556.000
175 174 37360.700
175 175 0.000
175 176 43641.161
175 177 29489.800
175 178 12573.600
175 179 13930.900
175 180 16022.200
175 181 17508.300
175 182 31247.809
175 183 17098.100
175 184 26042.300
175 185 18278.300
175 186 11779.200
175 187 32055.400
175 188 30873.013
175 189 4885.600
175 190 21885.800
175 191 9211.500
175 192 29143.600
175 193 37262.500
175 194 8530.800
175 195 15781.200
175 196 30923.684
175 197 30605.400
175 198 18265.200
175 199 23789.800
175 200 39375.600
176 0 36651.582
176 1 49868.574
176 2 20513.491
176 3 43512.578
176 4 54702.360
176 5 65383.585
176 6 34615.194
176 7 66067.918
176 8 50400.461
176 9 46810.296
176 10 56242.672
176 11 32079.339
176 12 63050.440
176 13 25418.829
176 14 50198.143
176 15 53296.840
176 16 54928.450
176 17 27681.541
176 18 63580.606
176 19 49935.003
176 20 50934.678
176 21 53292.804
176 22 50214.512
176 23 47424.121
176 24 16005.254
176 25 36329.042
176 26 52465.077
176 27 17821.855
176 28 52768.664
176 29 40535.160
176 30 51559.236
176 31 14819.089
176 32 48822.691
176 33 59456.224
176 34 35931.112
176 35 45916.358
176 36 52456.753
176 37 58848.412
176 38 54747.930
176 39 21277.107
176 40 32462.449
176 41 38477.100
176 42 46964.037
176 43 33626.846
176 44 35358.974
176 45 17023.186
176 46 19347.435
176 47 66161.218
176 48 29969.981
176 49 65766.491
176 50 48364.990
176 51 64738.221
176 52 53949.365
176 53 62590.771
176 54 50988.647
176 55 59262.948
176 56 20718.822
176 57 47613.749
176 58 30450.511
176 59 50855.593
176 60 49415.800
176 61 69155.931
176 62 20803.764
176 63 58639.658
176 64 20847.227
176 65 25634.776
176 66 50527.620
176 67 45305.248
176 68 21211.327
176 69 56239.456
176 70 36661.674
176 71 49892.327
176 72 8151.281
176 73 65311.420
176 74 42160.806
176 75 42310.124
176 76 39055.152
176 77 52433.894
176 78 37646.100
176 79 45833.660
176 80 26729.448
176 81 29105.753
176 82 23696.283
176 83 17452.926
176 84 49138.536
176 85 40036.993
176 86 37497.643
176 87 66856.998
176 88 8552.202
176 89 55668.188
176 90 55090.004
176 91 53641.336
176 92 22433.615
176 93 54203.511
176 94 52257.364
176 95 58735.929
176 96 29420.088
176 97 40451.699
176 98 21235.996
176 99 48784.451
176 100 53323.361
176 101 42024.456
176 102 58309.172
176 103 44777.166
176 104 66307.525
176 105 37386.239
176 106 54959.791
176 107 42437.470
176 108 53831.101
176 109 58726.971
176 110 49504.215
176 111 60819.436
176 112 43638.203
176 113 63706.131
176 114 14061.830
176 115 51069.062
176 116 50180.335
176 117 50980.557
176 118 32231.271
176 119 44502.399
176 120 29037.229
176 121 63798.330
176 122 22755.593
176 123 62267.087
176 124 47724.312
176 125 42625.913
176 126 53330.036
176 127 66277.930
176 128 57776.257
176 129 61823.542
176 130 18267.107
176 131 50038.179
176 132 26665.443
176 133 19037.798
176 134 42786.845
176 135 49015.066
176 136 52054.762
176 137 29886.410
176 138 25332.187
176 139 31692.972
176 140 30927.671
176 141 67941.662
176 142 51028.249
176 143 19194.004
176 144 34599.295
176 145 31173.327
176 146 52007.243
176 147 32804.425
176 148 43636.412
176 149 48149.879
176 150 61057.460
176 151 52932.029
176 152 51752.421
176 153 50195.047
176 154 53726.688
176 155 24881.115
176 156 59477.445
176 157 53306.794
176 158 62696.320
176 159 69499.623
176 160 46118.106
176 161 65583.480
176 162 2769.508
176 163 39601.061
176 164 36832.794
176 165 40909.665
176 166 48870.420
176 167 15110.638
176 168 32475.253
176 169 30669.076
176 170 41389.982
176 171 59658.870
176 172 49052.954
176 173 30151.541
176 174 48593.533
176 175 43641.161
176 176 0.000
176 177 35092.911
176 178 36794.440
176 179 41821.539
176 180 32209.520
176 181 25302.675
176 182 51732.819
176 183 37887.016
176 184 58986.515
176 185 24914.348
176 186 35090.806
176 187 25406.694
176 188 50809.035
176 189 40197.543
176 190 32974.146
176 191 51355.585
176 192 35890.042
176 193 45675.776
176 194 45503.146
176 195 28989.365
176 196 66841.258
176 197 58340.484
176 198 22882.303
176 199 37471.657
176 200 45227.042
177 0 12671.300
177 1 55679.469
177 2 17330.100
177 3 19383.600
177 4 35467.600
177 5 37048.300
177 6 31130.000
177 7 31777.301
177 8 58466.567
177 9 30986.100
177 10 24704.000
177 11 33144.100
177 12 33648.600
177 13 11708.800
177 14 38282.400
177 15 57766.624
177 16 31059.300
177 17 25489.100
177 18 33552.446
177 19 16469.400
177 20 58516.974
177 21 57768.207
177 22 56975.140
177 23 30949.700
177 24 17851.100
177 25 13717.700
177 26 59414.929
177 27 20603.900
177 28 19407.700
177 29 16788.800
177 30 58389.513
177 31 18930.000
177 32 15892.200
177 33 38573.414
177 34 1253.600
177 35 11004.200
177 36 59293.176
177 37 38013.109
177 38 22991.900
177 39 12421.500
177 40 4424.700
177 41 34920.400
177 42 13937.500
177 43 32243.700
177 44 965.000
177 45 30230.059
177 46 36253.700
177 47 37781.000
177 48 5740.400
177 49 35387.100
177 50 18012.800
177 51 32761.700
177 52 22313.200
177 53 32100.800
177 54 29831.100
177 55 30033.300
177 56 14405.600
177 57 16743.518
177 58 27334.300
177 59 37230.900
177 60 17444.842
177 61 36089.663
177 62 12587.300
177 63 44973.493
177 64 31793.900
177 65 33034.900
177 66 37984.600
177 67 12854.053
177 68 30592.000
177 69 26800.900
177 70 37315.400
177 71 39456.300
177 72 33492.074
177 73 36720.002
177 74 21742.600
177 75 20716.600
177 76 15478.700
177 77 17993.600
177 78 30256.200
177 79 29520.400
177 80 8583.000
177 81 27902.400
177 82 33292.200
177 83 32781.050
177 84 17637.300
177 85 33288.500
177 86 32393.300
177 87 38006.572
177 88 26564.265
177 89 24218.000
177 90 30845.000
177 91 22105.400
177 92 17611.600
177 93 31841.000
177 94 16575.900
177 95 38134.352
177 96 25862.500
177 97 16319.900
177 98 16849.700
177 99 38182.700
177 100 57823.670
177 101 12328.000
177 102 28307.100
177 103 16482.100
177 104 38674.100
177 105 33509.200
177 106 28997.000
177 107 11097.779
177 108 23290.700
177 109 38314.567
177 110 40498.200
177 111 32686.200
177 112 11618.101
177 113 34509.500
177 114 35923.465
177 115 57620.189
177 116 56944.595
177 117 20773.100
177 118 7365.800
177 119 14843.000
177 120 10599.200
177 121 35231.300
177 122 11070.500
177 123 31921.729
177 124 16283.600
177 125 28362.400
177 126 57836.025
177 127 33035.010
177 128 28943.000
177 129 42225.884
177 130 18276.100
177 131 37385.700
177 132 26349.200
177 133 32443.100
177 134 34424.700
177 135 54578.826
177 136 35105.600
177 137 6373.100
177 138 11374.900
177 139 34570.100
177 140 6636.200
177 141 36961.291
177 142 37476.700
177 143 15247.200
177 144 1735.100
177 145 24699.700
177 146 30396.300
177 147 18278.400
177 148 25366.800
177 149 19326.000
177 150 41198.873
177 151 31358.100
177 152 22487.100
177 153 18451.500
177 154 20522.700
177 155 31944.500
177 156 24540.471
177 157 57767.498
177 158 32610.300
177 159 42649.446
177 160 34809.000
177 161 33395.615
177 162 36279.791
177 163 23973.200
177 164 31659.100
177 165 22363.900
177 166 14274.900
177 167 32225.149
177 168 5267.000
177 169 5545.400
177 170 7000.500
177 171 26769.964
177 172 15848.900
177 173 4973.600
177 174 14655.300
177 175 28930.000
177 176 35092.911
177 177 0.000
177 178 31176.400
177 179 26504.500
177 180 18279.000
177 181 31750.000
177 182 58640.275
177 183 36324.000
177 184 28946.500
177 185 28789.600
177 186 29744.100
177 187 9959.400
177 188 57980.093
177 189 24607.000
177 190 10093.800
177 191 37920.800
177 192 2314.700
177 193 13483.600
177 194 34400.900
177 195 26384.100
177 196 37473.117
177 197 29356.500
177 198 32506.900
177 199 16842.200
177 200 15596.700
178 0 22195.100
178 1 20274.488
178 2 25256.500
178 3 25391.900
178 4 24782.900
178 5 41332.300
178 6 2583.100
178 7 51269.369
178 8 23245.546
178 9 17076.600
178 10 38046.900
178 11 18237.000
178 12 40773.100
178 13 37842.600
178 14 22677.200
178 15 22393.319
178 16 31645.700
178 17 14878.300
178 18 40953.732
178 19 47270.100
178 20 23220.110
178 21 22394.441
178 22 21621.427
178 23 17040.100
178 24 30393.300
178 25 18865.500
178 26 24031.703
178 27 26110.900
178 28 46379.400
178 29 21209.400
178 30 23013.587
178 31 28527.900
178 32 45474.100
178 33 28246.872
178 34 31427.200
178 35 37274.300
178 36 23903.584
178 37 27758.377
178 38 35934.300
178 39 31761.400
178 40 31439.900
178 41 4256.300
178 42 43519.400
178 43 3696.700
178 44 31090.900
178 45 19772.259
178 46 21346.600
178 47 42608.200
178 48 36128.100
178 49 42511.600
178 50 31308.900
178 51 39886.200
178 52 35839.600
178 53 39225.400
178 54 28145.900
178 55 37157.800
178 56 37429.900
178 57 51878.127
178 58 12427.300
178 59 21625.700
178 60 52111.383
178 61 50428.953
178 62 35611.600
178 63 23034.731
178 64 20154.200
178 65 21395.200
178 66 22379.400
178 67 47730.151
178 68 18952.300
178 69 33925.400
178 70 7607.100
178 71 15883.800
178 72 28913.258
178 73 40327.674
178 74 22399.900
178 75 22949.700
178 76 21543.700
178 77 44155.800
178 78 5418.900
178 79 15488.100
178 80 31570.500
178 81 12995.400
178 82 17598.000
178 83 19735.553
178 84 32607.300
178 85 5353.300
178 86 1361.400
178 87 41831.671
178 88 32688.955
178 89 37938.900
178 90 33824.000
178 91 49077.100
178 92 25225.100
178 93 34852.600
178 94 42018.800
178 95 27483.168
178 96 15229.700
178 97 20731.500
178 98 25696.900
178 99 19129.800
178 100 22448.632
178 101 41909.900
178 102 35431.600
178 103 27513.800
178 104 45798.700
178 105 2845.000
178 106 33282.600
178 107 46440.385
178 108 38260.600
178 109 27322.496
178 110 15607.200
178 111 38202.500
178 112 46773.279
178 113 41634.000
178 114 24465.454
178 115 22235.198
178 116 21591.970
178 117 35743.100
178 118 37457.900
178 119 29088.500
178 120 41039.900
178 121 39515.300
178 122 34094.800
178 123 40462.416
178 124 45865.600
178 125 10379.000
178 126 22460.696
178 127 48569.899
178 128 36067.500
178 129 29098.563
178 130 26822.200
178 131 21780.500
178 132 15738.400
178 133 20803.400
178 134 7555.400
178 135 19174.196
178 136 22084.000
178 137 36467.800
178 138 37508.700
178 139 10338.200
178 140 37023.900
178 141 45656.251
178 142 16846.600
178 143 27429.400
178 144 29641.700
178 145 13060.000
178 146 27113.100
178 147 15655.700
178 148 22822.000
178 149 35333.700
178 150 28676.610
178 151 27767.600
178 152 37457.000
178 153 33421.500
178 154 45830.100
178 155 17037.500
178 156 49128.625
178 157 22394.997
178 158 39734.900
178 159 41583.066
178 160 10141.800
178 161 45889.879
178 162 35252.770
178 163 15936.800
178 164 3724.000
178 165 17191.300
178 166 43611.200
178 167 21908.092
178 168 36868.700
178 169 35765.900
178 170 38818.500
178 171 59839.866
178 172 45430.800
178 173 34383.600
178 174 43991.700
178 175 13203.800
178 176 36794.440
178 177 31376.800
178 178 0.000
178 179 23959.700
178 180 14839.500
178 181 16843.000
178 182 23266.381
178 183 5659.900
178 184 36071.000
178 185 17613.000
178 186 4241.800
178 187 33369.800
178 188 22646.596
178 189 14914.400
178 190 23253.600
178 191 22315.600
178 192 31030.500
178 193 43065.500
178 194 10461.000
178 195 15115.800
178 196 42491.480
178 197 38507.000
178 198 17599.900
178 199 25676.700
178 200 45178.700
179 0 13012.000
179 1 33644.600
179 2 27723.000
179 3 12713.600
179 4 15573.900
179 5 24405.100
179 6 22138.400
179 7 36090.477
179 8 37142.864
179 9 16231.800
179 10 23665.300
179 11 24927.400
179 12 23937.200
179 13 30104.800
179 14 16814.600
179 15 34823.073
179 16 14718.400
179 17 17777.400
179 18 26206.514
179 19 34606.600
179 20 36939.560
179 21 34826.919
179 22 35213.925
179 23 16195.400
179 24 33599.000
179 25 13916.100
179 26 37401.866
179 27 28577.300
179 28 33715.900
179 29 9300.900
179 30 36457.417
179 31 31733.600
179 32 35978.400
179 33 17636.658
179 34 28541.100
179 35 25843.000
179 36 37241.695
179 37 17027.767
179 38 21552.700
179 39 30146.300
179 40 24642.700
179 41 25076.700
179 42 31626.000
179 43 23252.000
179 44 24293.700
179 45 26726.362
179 46 28037.000
179 47 25681.000
179 48 28390.300
179 49 25675.600
179 50 17731.600
179 51 23050.300
179 52 21959.800
179 53 22389.400
179 54 11218.700
179 55 20321.900
179 56 32130.500
179 57 40615.117
179 58 19117.600
179 59 15763.100
179 60 40327.213
179 61 35322.919
179 62 30312.100
179 63 19772.069
179 64 23359.900
179 65 24600.900
179 66 16516.900
179 67 36371.334
179 68 22158.000
179 69 17089.500
179 70 28323.700
179 71 17988.500
179 72 35372.548
179 73 26198.361
179 74 8261.500
179 75 9539.300
179 76 11613.800
179 77 31492.400
179 78 22537.500
179 79 14766.100
179 80 26271.000
179 81 19685.700
179 82 24288.300
179 83 28085.872
179 84 19029.900
179 85 19359.500
179 86 23401.600
179 87 27763.199
179 88 35080.427
179 89 23557.300
179 90 16896.800
179 91 36413.600
179 92 27691.500
179 93 17925.400
179 94 29355.400
179 95 16921.473
179 96 17696.100
179 97 8288.100
179 98 28163.400
179 99 16714.900
179 100 34886.589
179 101 30016.600
179 102 18595.700
179 103 14835.600
179 104 28962.700
179 105 24517.500
179 106 16446.600
179 107 35806.386
179 108 24683.300
179 109 16922.759
179 110 19030.400
179 111 21275.300
179 112 35787.558
179 113 23469.200
179 114 33178.026
179 115 35660.341
179 116 35189.826
179 117 22165.700
179 118 29720.000
179 119 15755.700
179 120 33302.100
179 121 22588.100
179 122 28795.300
179 123 25551.006
179 124 33972.200
179 125 13608.100
179 126 34899.941
179 127 33390.029
179 128 19231.600
179 129 20198.897
179 130 29288.600
179 131 15918.000
179 132 18637.500
179 133 24009.100
179 134 19670.400
179 135 32595.856
179 136 13637.900
179 137 28730.000
179 138 29770.900
179 139 26353.400
179 140 29286.100
179 141 30955.654
179 142 16009.000
179 143 29895.900
179 144 22844.500
179 145 16268.200
179 146 10185.900
179 147 14073.300
179 148 2292.700
179 149 22670.200
179 150 19363.241
179 151 10840.400
179 152 23879.600
179 153 19844.100
179 154 33166.700
179 155 23727.800
179 156 34411.395
179 157 34819.880
179 158 22898.900
179 159 28769.007
179 160 20054.700
179 161 30812.418
179 162 41212.412
179 163 9218.900
179 164 21030.300
179 165 7609.500
179 166 30947.800
179 167 29470.220
179 168 29130.900
179 169 28028.100
179 170 28589.100
179 171 46751.420
179 172 34992.700
179 173 26645.800
179 174 31328.200
179 175 14175.700
179 176 41821.539
179 177 24579.600
179 178 21546.900
179 179 0.000
179 180 14665.700
179 181 23533.300
179 182 36711.085
179 183 26071.400
179 184 19235.100
179 185 21077.900
179 186 20752.500
179 187 28070.300
179 188 36274.639
179 189 9852.700
179 190 16975.500
179 191 16453.000
179 192 24233.300
179 193 31172.200
179 194 19646.600
179 195 17952.600
179 196 28225.281
179 197 24125.400
179 198 24290.200
179 199 18879.500
179 200 33285.300
180 0 8215.200
180 1 36236.146
180 2 19182.000
180 3 12691.100
180 4 23165.000
180 5 31241.900
180 6 14422.700
180 7 39258.481
180 8 39138.513
180 9 18091.500
180 10 25544.300
180 11 16436.800
180 12 27842.200
180 13 23862.600
180 14 22147.700
180 15 38272.532
180 16 22309.600
180 17 8781.800
180 18 32698.410
180 19 33290.100
180 20 39147.747
180 21 38274.148
180 22 37570.641
180 23 18055.000
180 24 22036.100
180 25 4885.600
180 26 39990.427
180 27 20036.400
180 28 32399.400
180 29 9012.900
180 30 38970.285
180 31 23460.300
180 32 31494.100
180 33 27501.390
180 34 17447.200
180 35 23294.300
180 36 39863.607
180 37 26886.147
180 38 23431.700
180 39 17781.400
180 40 17460.000
180 41 18213.100
180 42 29539.400
180 43 15536.300
180 44 17111.000
180 45 18509.092
180 46 19546.300
180 47 31974.600
180 48 22148.100
180 49 29580.700
180 50 18601.800
180 51 26955.300
180 52 23132.500
180 53 26294.400
180 54 19551.200
180 55 24226.900
180 56 23450.000
180 57 35922.697
180 58 10627.000
180 59 21096.200
180 60 36205.190
180 61 40231.686
180 62 21631.600
180 63 29269.543
180 64 15086.600
180 65 16327.600
180 66 21850.000
180 67 31789.000
180 68 13884.700
180 69 20994.500
180 70 20608.100
180 71 20354.600
180 72 26349.226
180 73 33738.699
180 74 10715.400
180 75 9689.400
180 76 7797.000
180 77 30175.900
180 78 13548.800
180 79 16625.800
180 80 17590.500
180 81 11195.100
180 82 16584.900
180 83 20394.773
180 84 19665.100
180 85 16581.200
180 86 15686.000
180 87 35314.839
180 88 25133.444
180 89 25436.300
180 90 23899.400
180 91 35097.100
180 92 19150.600
180 93 23195.600
180 94 28038.800
180 95 26813.140
180 96 9155.200
180 97 8544.000
180 98 19622.400
180 99 21264.800
180 100 38329.702
180 101 27929.900
180 102 22500.700
180 103 14813.100
180 104 32867.800
180 105 16801.900
180 106 20351.700
180 107 30481.844
180 108 25318.400
180 109 26840.611
180 110 20078.000
180 111 26879.800
180 112 30813.352
180 113 28703.100
180 114 25220.052
180 115 38194.011
180 116 37540.784
180 117 22800.800
180 118 23477.900
180 119 15108.500
180 120 27060.000
180 121 29424.900
180 122 20114.800
180 123 31643.993
180 124 31885.600
180 125 15614.300
180 126 38342.079
180 127 37776.950
180 128 23136.600
180 129 30223.204
180 130 20747.700
180 131 21251.100
180 132 9641.900
180 133 15735.800
180 134 20375.700
180 135 35135.811
180 136 21229.000
180 137 22487.800
180 138 23528.800
180 139 17862.800
180 140 23044.000
180 141 37348.664
180 142 20094.900
180 143 21354.900
180 144 15661.700
180 145 7992.400
180 146 17777.100
180 147 1217.400
180 148 13485.900
180 149 21353.700
180 150 29366.199
180 151 18431.500
180 152 24514.800
180 153 20479.200
180 154 31850.200
180 155 15237.200
180 156 35386.774
180 157 38273.349
180 158 26803.900
180 159 37419.077
180 160 21914.400
180 161 36033.702
180 162 31846.767
180 163 12092.300
180 164 14951.800
180 165 10483.000
180 166 29631.300
180 167 21256.949
180 168 22888.700
180 169 21785.900
180 170 24838.500
180 171 44268.695
180 172 31450.800
180 173 20403.600
180 174 30011.700
180 175 16035.400
180 176 32209.520
180 177 17396.800
180 178 14469.100
180 179 14623.600
180 180 0.000
180 181 15042.700
180 182 39222.585
180 183 19616.700
180 184 23140.100
180 185 12082.300
180 186 13036.800
180 187 19389.800
180 188 38588.832
180 189 12726.100
180 190 9273.700
180 191 21786.100
180 192 17050.500
180 193 29085.600
180 194 21506.300
180 195 9676.800
180 196 35492.801
180 197 26004.400
180 198 15799.600
180 199 11696.800
180 200 31198.700
181 0 18784.500
181 1 32441.727
181 2 12461.900
181 3 23260.400
181 4 25909.000
181 5 37033.300
181 6 14842.600
181 7 48202.936
181 8 34675.256
181 9 19747.000
181 10 37866.500
181 11 9651.200
181 12 36474.200
181 13 34432.000
181 14 23803.200
181 15 35112.507
181 16 27346.700
181 17 5584.300
181 18 41615.824
181 19 43859.400
181 20 34861.615
181 21 35112.031
181 22 33495.273
181 23 19710.600
181 24 12878.900
181 25 15454.900
181 26 35984.082
181 27 10879.200
181 28 42968.700
181 29 21029.000
181 30 34951.564
181 31 13917.300
181 32 42063.400
181 33 34471.588
181 34 28016.500
181 35 33863.700
181 36 35892.172
181 37 33875.622
181 38 35753.900
181 39 17130.200
181 40 28029.300
181 41 18633.000
181 42 40108.700
181 43 15956.200
181 44 27680.300
181 45 9763.085
181 46 10627.300
181 47 38309.300
181 48 32717.400
181 49 38212.600
181 50 31128.600
181 51 35587.300
181 52 35659.200
181 53 34926.400
181 54 23846.900
181 55 32858.900
181 56 20429.200
181 57 41593.325
181 58 6912.700
181 59 22751.700
181 60 42294.407
181 61 49294.006
181 62 18610.800
181 63 33495.457
181 64 5301.000
181 65 6436.800
181 66 23505.500
181 67 37717.075
181 68 4151.300
181 69 29626.500
181 70 21027.900
181 71 22010.100
181 72 18409.885
181 73 42415.675
181 74 22219.500
181 75 22769.300
181 76 21363.300
181 77 40745.200
181 78 13968.700
181 79 18281.300
181 80 28159.800
181 81 4916.500
181 82 1798.800
181 83 11415.001
181 84 30234.400
181 85 17001.000
181 86 16105.900
181 87 43996.338
181 88 19718.907
181 89 37758.500
181 90 29525.000
181 91 45666.500
181 92 13339.200
181 93 30553.600
181 94 38608.200
181 95 33730.329
181 96 6302.200
181 97 20551.100
181 98 13811.100
181 99 22920.300
181 100 35160.740
181 101 38499.300
181 102 31132.700
181 103 25382.400
181 104 41499.700
181 105 17221.700
181 106 28983.600
181 107 35877.670
181 108 35887.700
181 109 33693.677
181 110 21733.500
181 111 33903.600
181 112 36482.698
181 113 37335.100
181 114 16374.763
181 115 34234.956
181 116 33462.209
181 117 33370.100
181 118 34047.200
181 119 25677.800
181 120 37629.300
181 121 35216.400
181 122 19742.000
181 123 40615.478
181 124 42454.900
181 125 17269.800
181 126 35171.542
181 127 46830.602
181 128 31768.600
181 129 36627.038
181 130 11590.500
181 131 22906.600
181 132 6444.400
181 133 6035.000
181 134 20795.500
181 135 31367.580
181 136 23210.100
181 137 33057.100
181 138 34098.100
181 139 11077.300
181 140 33613.300
181 141 46300.464
181 142 21750.400
181 143 13691.600
181 144 26231.100
181 145 5370.100
181 146 22814.200
181 147 12245.100
181 148 18523.000
181 149 31923.000
181 150 35899.459
181 151 23468.700
181 152 35084.100
181 153 31048.600
181 154 42419.500
181 155 2083.400
181 156 43920.324
181 157 35116.878
181 158 35435.900
181 159 45631.087
181 160 23569.900
181 161 45088.259
181 162 24411.303
181 163 15756.400
181 164 15371.700
181 165 12794.500
181 166 40200.600
181 167 12527.072
181 168 33458.100
181 169 32355.300
181 170 35407.800
181 171 51192.361
181 172 42020.200
181 173 30972.900
181 174 40581.000
181 175 17690.900
181 176 25302.675
181 177 27966.100
181 178 14888.900
181 179 19660.800
181 180 11428.800
181 181 0.000
181 182 35189.496
181 183 20036.600
181 184 31772.100
181 185 2324.600
181 186 13456.700
181 187 29959.100
181 188 34421.348
181 189 14734.000
181 190 19843.000
181 191 23441.600
181 192 27619.900
181 193 39654.900
181 194 23161.800
181 195 3640.200
181 196 44257.327
181 197 38326.600
181 198 3555.800
181 199 22266.100
181 200 41768.000
182 0 44673.402
182 1 3068.485
182 2 48633.445
182 3 48808.402
182 4 38962.060
182 5 52843.987
182 6 23984.308
182 7 71913.190
182 8 2010.893
182 9 32296.422
182 10 59859.348
182 11 24705.470
182 12 52593.759
182 13 60439.186
182 14 36597.118
182 15 3908.802
182 16 44915.715
182 17 37204.657
182 18 59364.850
182 19 70447.356
182 20 1181.870
182 21 3899.754
182 22 1694.223
182 23 33116.384
182 24 48888.977
182 25 43234.418
182 26 795.489
182 27 46548.956
182 28 72520.709
182 29 42567.336
182 30 255.159
182 31 47155.292
182 32 71345.436
182 33 42581.257
182 34 59044.314
182 35 63876.878
182 36 733.183
182 37 42352.892
182 38 57300.532
182 39 52362.070
182 40 55882.066
182 41 19335.338
182 42 69236.940
182 43 23904.422
182 44 57969.328
182 45 36693.296
182 46 34834.863
182 47 53311.792
182 48 59428.376
182 49 56865.961
182 50 54538.618
182 51 57026.528
182 52 58987.926
182 53 53735.717
182 54 41023.853
182 55 52136.072
182 56 55838.624
182 57 75143.581
182 58 33622.007
182 59 34863.415
182 60 75367.658
182 61 69690.202
182 62 53612.957
182 63 31690.995
182 64 39771.564
182 65 35763.730
182 66 35668.160
182 67 70996.109
182 68 37910.559
182 69 50982.108
182 70 17287.825
182 71 31491.711
182 72 43743.825
182 73 57462.314
182 74 42920.204
182 75 44193.118
182 76 43852.030
182 77 70527.520
182 78 22806.269
182 79 30784.351
182 80 54783.607
182 81 31234.946
182 82 35466.644
182 83 35132.600
182 84 56068.175
182 85 22471.076
182 86 22251.166
182 87 58731.058
182 88 50781.099
182 89 58837.333
182 90 46221.369
182 91 72790.658
182 92 48987.310
182 93 46326.731
182 94 68652.862
182 95 41974.580
182 96 37877.413
182 97 41153.372
182 98 48855.481
182 99 33929.375
182 100 3866.359
182 101 66438.156
182 102 51446.251
182 103 51185.854
182 104 54410.768
182 105 20603.135
182 106 49613.786
182 107 69687.286
182 108 60915.038
182 109 41689.225
182 110 31982.469
182 111 51346.163
182 112 70035.906
182 113 52471.138
182 114 37672.264
182 115 1052.018
182 116 1727.321
182 117 59000.779
182 118 61600.539
182 119 52765.619
182 120 62302.902
182 121 51345.184
182 122 53218.301
182 123 59350.045
182 124 72138.465
182 125 29515.582
182 126 3858.782
182 127 68400.776
182 128 50610.585
182 129 41317.660
182 130 47044.732
182 131 35036.934
182 132 37251.618
182 133 40029.920
182 134 20689.560
182 135 4140.640
182 136 35301.099
182 137 60249.760
182 138 59729.303
182 139 23275.798
182 140 61060.416
182 141 63691.578
182 142 32850.564
182 143 49487.008
182 144 57011.212
182 145 33516.992
182 146 40698.652
182 147 39597.944
182 148 36205.021
182 149 60146.746
182 150 41480.972
182 151 40996.026
182 152 60538.542
182 153 55827.737
182 154 72036.588
182 155 33664.789
182 156 71073.598
182 157 3923.882
182 158 53119.858
182 159 56391.635
182 160 23519.478
182 161 65151.423
182 162 49373.591
182 163 33692.641
182 164 23950.104
182 165 35840.044
182 166 66984.658
182 167 37438.696
182 168 59992.909
182 169 56140.007
182 170 63743.070
182 171 82902.346
182 172 69933.943
182 173 57037.440
182 174 67487.472
182 175 31247.809
182 176 51732.819
182 177 58640.275
182 178 23266.381
182 179 36711.085
182 180 39222.585
182 181 35189.496
182 182 0.000
182 183 18281.304
182 184 51396.202
182 185 36415.809
182 186 26369.774
182 187 57130.045
182 188 933.692
182 189 33194.638
182 190 47412.467
182 191 35558.005
182 192 56928.435
182 193 68751.670
182 194 22410.591
182 195 33823.134
182 196 59728.008
182 197 60653.540
182 198 34545.343
182 199 50241.147
182 200 69797.361
183 0 26407.600
183 1 15384.532
183 2 29469.000
183 3 29604.300
183 4 28777.500
183 5 43602.300
183 6 6795.500
183 7 56518.258
183 8 18086.201
183 9 21071.100
183 10 42259.300
183 11 11287.200
183 12 43043.200
183 13 42055.100
183 14 26671.700
183 15 17881.814
183 16 33915.700
183 17 19090.800
183 18 45805.661
183 19 51482.500
183 20 18127.007
183 21 17881.610
183 22 16603.908
183 23 21034.700
183 24 34605.800
183 25 23078.000
183 26 19064.141
183 27 30323.300
183 28 50591.800
183 29 25421.800
183 30 18033.197
183 31 32740.400
183 32 49686.500
183 33 32014.672
183 34 35639.600
183 35 41486.700
183 36 18951.182
183 37 31578.264
183 38 40146.700
183 39 35973.800
183 40 35652.400
183 41 2027.900
183 42 47731.800
183 43 7909.100
183 44 35303.400
183 45 21136.360
183 46 25559.000
183 47 44878.300
183 48 40340.500
183 49 44781.600
183 50 35521.400
183 51 42156.300
183 52 40052.100
183 53 41495.400
183 54 30415.900
183 55 39427.900
183 56 41642.400
183 57 56962.323
183 58 16639.700
183 59 25620.300
183 60 57268.412
183 61 55474.080
183 62 39824.000
183 63 25049.614
183 64 24366.700
183 65 25607.600
183 66 26374.000
183 67 52846.236
183 68 23164.800
183 69 36195.500
183 70 3770.300
183 71 19878.400
183 72 29774.882
183 73 44923.849
183 74 26612.300
183 75 27162.200
183 76 25756.100
183 77 48368.300
183 78 9631.300
183 79 19482.600
183 80 35782.900
183 81 17207.800
183 82 21810.400
183 83 20437.136
183 84 36819.700
183 85 6340.600
183 86 5172.200
183 87 46392.857
183 88 34902.828
183 89 42151.300
183 90 36094.000
183 91 53289.500
183 92 29437.500
183 93 37122.600
183 94 46231.300
183 95 31269.622
183 96 19442.100
183 97 24944.000
183 98 29909.400
183 99 23124.400
183 100 17931.384
183 101 46122.400
183 102 37701.700
183 103 31726.300
183 104 48068.700
183 105 2896.800
183 106 35552.600
183 107 51458.435
183 108 42473.100
183 109 31072.921
183 110 19601.700
183 111 40472.600
183 112 51841.368
183 113 43904.100
183 114 24559.508
183 115 17276.895
183 116 16572.734
183 117 39955.500
183 118 41670.300
183 119 33300.900
183 120 45252.400
183 121 41785.400
183 122 38307.300
183 123 45399.698
183 124 50078.000
183 125 14373.600
183 126 17942.434
183 127 53698.940
183 128 38337.600
183 129 32356.735
183 130 31034.600
183 131 25775.100
183 132 19950.900
183 133 25015.900
183 134 6899.700
183 135 14290.014
183 136 26078.600
183 137 40680.200
183 138 41721.200
183 139 7565.500
183 140 41236.400
183 141 50466.046
183 142 20841.200
183 143 31641.900
183 144 33854.200
183 145 17272.500
183 146 29383.200
183 147 19868.100
183 148 25092.000
183 149 39546.100
183 150 32070.486
183 151 30037.700
183 152 41669.500
183 153 37633.900
183 154 50042.600
183 155 21249.900
183 156 54499.609
183 157 17885.738
183 158 42004.900
183 159 45699.311
183 160 10913.400
183 161 50918.598
183 162 36028.160
183 163 18206.800
183 164 7339.500
183 165 19461.400
183 166 47823.700
183 167 22777.303
183 168 41081.200
183 169 39978.300
183 170 43030.900
183 171 65138.794
183 172 49643.200
183 173 38596.000
183 174 48204.100
183 175 17198.400
183 176 37887.016
183 177 35589.200
183 178 5657.600
183 179 26229.800
183 180 19051.900
183 181 21055.400
183 182 18281.304
183 183 0.000
183 184 38341.100
183 185 21825.500
183 186 8454.300
183 187 37582.200
183 188 17597.406
183 189 17184.500
183 190 27466.100
183 191 26310.200
183 192 35242.900
183 193 47278.000
183 194 9805.300
183 195 19328.300
183 196 47125.992
183 197 42719.400
183 198 21812.300
183 199 29889.200
183 200 49391.100
184 0 19560.700
184 1 48496.938
184 2 39360.900
184 3 14540.700
184 4 15774.000
184 5 8006.300
184 6 33776.300
184 7 22075.603
184 8 52353.244
184 9 27005.300
184 10 14819.000
184 11 36565.300
184 12 7408.000
184 13 37542.700
184 14 25314.800
184 15 48554.285
184 16 6842.500
184 17 29415.300
184 18 7975.517
184 19 31316.600
184 20 51939.989
184 21 48560.585
184 22 50188.178
184 23 26968.800
184 24 45236.900
184 25 19454.600
184 26 51945.947
184 27 40215.300
184 28 30425.900
184 29 15785.900
184 30 51160.979
184 31 43371.600
184 32 32688.300
184 33 10831.391
184 34 28124.800
184 35 24201.400
184 36 51760.068
184 37 10662.689
184 38 12085.100
184 39 35145.900
184 40 29658.300
184 41 36714.700
184 42 29984.500
184 43 34889.900
184 44 30173.200
184 45 45395.101
184 46 39674.900
184 47 9282.200
184 48 32932.500
184 49 10921.600
184 50 12977.700
184 51 8296.300
184 52 14046.000
184 53 7635.400
184 54 11228.200
184 55 5567.900
184 56 37130.100
184 57 40775.528
184 58 30755.600
184 59 24263.300
184 60 39406.709
184 61 18437.473
184 62 35311.700
184 63 22680.020
184 64 34997.800
184 65 36238.800
184 66 25017.000
184 67 37099.053
184 68 33795.900
184 69 3466.200
184 70 39961.600
184 71 26488.700
184 72 53459.591
184 73 6907.517
184 74 15125.300
184 75 14145.700
184 76 16765.800
184 77 28202.300
184 78 34175.400
184 79 26404.000
184 80 31270.600
184 81 31323.600
184 82 35926.200
184 83 47009.129
184 84 14251.400
184 85 30997.400
184 86 35039.600
184 87 8467.872
184 88 51294.032
184 89 14711.000
184 90 6788.200
184 91 33123.600
184 92 39329.400
184 93 5812.300
184 94 26065.300
184 95 11027.182
184 96 29334.000
184 97 16437.300
184 98 39801.300
184 99 25215.100
184 100 48619.712
184 101 28375.000
184 102 830.200
184 103 14046.700
184 104 14208.700
184 105 36155.400
184 106 5699.100
184 107 38095.340
184 108 21393.200
184 109 11352.853
184 110 27530.600
184 111 4086.000
184 112 37396.724
184 113 7070.400
184 114 52023.292
184 115 50404.797
184 116 50172.216
184 117 15125.200
184 118 34891.100
184 119 14114.100
184 120 40740.000
184 121 6189.300
184 122 33794.900
184 123 8181.323
184 124 32330.600
184 125 25246.000
184 126 48633.012
184 127 17635.256
184 128 1320.700
184 129 14324.096
184 130 40926.500
184 131 24418.100
184 132 30275.400
184 133 35647.000
184 134 31308.300
184 135 47598.648
184 136 22138.000
184 137 33565.200
184 138 37208.800
184 139 37991.300
184 140 33828.400
184 141 12384.918
184 142 24509.100
184 143 41533.800
184 144 27462.400
184 145 27906.100
184 146 10884.400
184 147 24242.100
184 148 18800.400
184 149 19380.200
184 150 13430.207
184 151 10933.600
184 152 20589.600
184 153 12836.400
184 154 29876.600
184 155 35365.700
184 156 24905.034
184 157 48546.313
184 158 8144.900
184 159 10710.971
184 160 31692.600
184 161 14012.022
184 162 58839.723
184 163 20856.800
184 164 32668.200
184 165 19247.400
184 166 27657.700
184 167 48161.886
184 168 30789.700
184 169 32737.500
184 170 26947.500
184 171 41634.553
184 172 31702.700
184 173 32165.700
184 174 28038.200
184 175 25813.600
184 176 58986.515
184 177 29238.100
184 178 33184.800
184 179 19938.100
184 180 23223.100
184 181 35171.200
184 182 51396.202
184 183 37709.300
184 184 0.000
184 185 32715.800
184 186 32390.400
184 187 33069.900
184 188 51211.076
184 189 21490.600
184 190 22170.600
184 191 24953.200
184 192 26573.200
184 193 29530.600
184 194 31284.500
184 195 29590.500
184 196 9001.703
184 197 15279.100
184 198 35928.100
184 199 19066.500
184 200 31643.700
185 0 19407.500
185 1 33661.274
185 2 12076.800
185 3 23883.400
185 4 25722.200
185 5 37656.300
185 6 15230.500
185 7 47500.236
185 8 35907.777
185 9 19560.200
185 10 35861.800
185 11 11169.500
185 12 37097.200
185 13 35055.000
185 14 23616.400
185 15 36315.447
185 16 27969.700
185 17 6207.300
185 18 41253.785
185 19 44482.400
185 20 36091.992
185 21 36315.042
185 22 34721.602
185 23 19523.800
185 24 12493.800
185 25 16077.900
185 26 37210.234
185 27 10494.100
185 28 43591.700
185 29 19024.300
185 30 36177.496
185 31 13532.100
185 32 42686.400
185 33 34658.472
185 34 28639.500
185 35 34486.600
185 36 37117.607
185 37 34057.223
185 38 33749.200
185 39 16745.100
185 40 28652.300
185 41 19020.900
185 42 40731.700
185 43 16344.200
185 44 28303.300
185 45 9965.865
185 46 10210.800
185 47 38932.300
185 48 33340.400
185 49 38835.600
185 50 29123.900
185 51 36210.300
185 52 33654.500
185 53 35549.400
185 54 24469.900
185 55 33481.900
185 56 20044.000
185 57 40412.830
185 58 7235.400
185 59 22565.000
185 60 41135.983
185 61 48745.880
185 62 18225.700
185 63 34095.663
185 64 4915.800
185 65 6051.700
185 66 23318.700
185 67 36554.040
185 68 3766.200
185 69 30249.500
185 70 21415.900
185 71 21823.400
185 72 18277.084
185 73 42175.335
185 74 20214.800
185 75 20764.600
185 76 19358.600
185 77 41368.200
185 78 14356.700
185 79 18094.500
185 80 28782.800
185 81 6434.800
185 82 2479.800
185 83 11826.830
185 84 30857.400
185 85 17389.000
185 86 16493.800
185 87 43754.989
185 88 19013.198
185 89 35753.800
185 90 30148.000
185 91 46289.500
185 92 12954.100
185 93 31176.600
185 94 39231.200
185 95 33925.071
185 96 6925.200
185 97 18546.500
185 98 13425.900
185 99 22733.500
185 100 36364.026
185 101 39122.300
185 102 31755.700
185 103 26005.400
185 104 42122.700
185 105 17609.700
185 106 29606.600
185 107 34690.037
185 108 36510.700
185 109 33900.164
185 110 21546.700
185 111 34526.600
185 112 35307.259
185 113 37958.100
185 114 16660.807
185 115 35459.341
185 116 34688.583
185 117 33993.100
185 118 34670.200
185 119 26300.800
185 120 38252.300
185 121 35839.400
185 122 19356.900
185 123 40214.276
185 124 43077.900
185 125 17083.000
185 126 36374.890
185 127 46240.753
185 128 32391.600
185 129 36920.984
185 130 11205.300
185 131 22719.800
185 132 7067.400
185 133 5649.800
185 134 21183.500
185 135 32585.671
185 136 23023.300
185 137 33680.100
185 138 34721.100
185 139 12595.600
185 140 34236.300
185 141 45915.180
185 142 21563.600
185 143 13306.400
185 144 26854.100
185 145 5993.100
185 146 23437.200
185 147 12868.000
185 148 19146.000
185 149 32546.000
185 150 36169.228
185 151 24091.700
185 152 35707.100
185 153 31671.500
185 154 43042.500
185 155 3601.700
185 156 43063.432
185 157 36319.700
185 158 36058.900
185 159 45551.917
185 160 23383.100
185 161 44583.878
185 162 24150.521
185 163 13307.700
185 164 15759.600
185 165 13417.500
185 166 40823.600
185 167 12727.011
185 168 34081.100
185 169 32978.200
185 170 36030.800
185 171 50087.808
185 172 42643.100
185 173 31595.900
185 174 41204.000
185 175 17504.100
185 176 24914.348
185 177 28589.100
185 178 15276.900
185 179 20283.800
185 180 12051.800
185 181 2192.300
185 182 36415.809
185 183 20424.500
185 184 32395.100
185 185 0.000
185 186 13844.600
185 187 30582.100
185 188 35649.733
185 189 14547.200
185 190 20466.000
185 191 23254.900
185 192 28242.900
185 193 40277.900
185 194 22975.000
185 195 4263.200
185 196 43979.359
185 197 36321.900
185 198 5074.100
185 199 22889.100
185 200 42391.000
186 0 19829.900
186 1 23388.715
186 2 22891.300
186 3 23026.600
186 4 23338.700
186 5 38967.100
186 6 3262.500
186 7 48945.606
186 8 26305.880
186 9 15632.300
186 10 35681.600
186 11 15871.800
186 12 38407.900
186 13 35477.400
186 14 21232.900
186 15 25521.776
186 16 29280.400
186 17 12513.100
186 18 39226.608
186 19 44904.800
186 20 26300.683
186 21 25522.930
186 22 24717.802
186 23 15595.900
186 24 28028.100
186 25 16500.300
186 26 27138.379
186 27 23745.700
186 28 44014.200
186 29 18844.200
186 30 26117.579
186 31 26162.700
186 32 43108.900
186 33 27698.651
186 34 29061.900
186 35 34909.100
186 36 27012.428
186 37 27171.417
186 38 33569.000
186 39 29396.200
186 40 29074.700
186 41 7052.900
186 42 41154.200
186 43 4376.100
186 44 28725.700
186 45 18175.815
186 46 18981.400
186 47 40243.000
186 48 33762.900
186 49 40146.400
186 50 28943.700
186 51 37521.000
186 52 33474.400
186 53 36860.100
186 54 25780.700
186 55 34792.600
186 56 35064.700
186 57 48775.420
186 58 10062.100
186 59 20181.400
186 60 49031.682
186 61 48427.204
186 62 33246.400
186 63 23857.737
186 64 17789.000
186 65 19030.000
186 66 20935.200
186 67 44635.821
186 68 16587.100
186 69 31560.200
186 70 9447.800
186 71 14439.600
186 72 27413.483
186 73 38892.802
186 74 20034.700
186 75 20584.500
186 76 19178.400
186 77 41790.600
186 78 3053.600
186 79 14043.800
186 80 29205.300
186 81 10630.200
186 82 15232.800
186 83 18515.305
186 84 30242.100
186 85 5977.200
186 86 4525.800
186 87 40426.808
186 88 30456.296
186 89 35573.700
186 90 31458.800
186 91 46711.900
186 92 22859.900
186 93 32487.400
186 94 39653.600
186 95 26929.082
186 96 12864.400
186 97 18366.300
186 98 23331.700
186 99 17685.600
186 100 25577.212
186 101 39544.700
186 102 33066.400
186 103 25148.600
186 104 43433.400
186 105 5641.700
186 106 30917.300
186 107 43323.699
186 108 35895.400
186 109 26801.797
186 110 14162.900
186 111 35837.300
186 112 43666.189
186 113 39268.800
186 114 23467.423
186 115 25342.079
186 116 24687.991
186 117 33377.800
186 118 35092.600
186 119 26723.300
186 120 38674.700
186 121 37150.100
186 122 31729.600
186 123 38630.892
186 124 43500.300
186 125 9052.400
186 126 25589.295
186 127 46451.097
186 128 33702.300
186 129 28954.299
186 130 24456.900
186 131 20336.300
186 132 13373.200
186 133 18438.200
186 134 9880.500
186 135 22288.117
186 136 20639.800
186 137 34102.600
186 138 35143.500
186 139 17297.900
186 140 34658.700
186 141 43962.612
186 142 15402.400
186 143 25064.200
186 144 27276.500
186 145 10694.800
186 146 24747.900
186 147 13290.500
186 148 20456.800
186 149 32968.400
186 150 28431.773
186 151 25402.400
186 152 35091.800
186 153 31056.200
186 154 43464.900
186 155 14672.300
186 156 46486.053
186 157 25523.398
186 158 37369.600
186 159 40612.329
186 160 12082.700
186 161 43920.940
186 162 33728.708
186 163 13571.600
186 164 4347.900
186 165 14826.100
186 166 41246.000
186 167 20532.474
186 168 34503.500
186 169 33400.700
186 170 36453.300
186 171 56851.819
186 172 43065.600
186 173 32018.400
186 174 41626.500
186 175 11759.500
186 176 35090.806
186 177 29011.500
186 178 4241.800
186 179 21594.500
186 180 12474.300
186 181 14477.800
186 182 26369.774
186 183 8456.500
186 184 33705.800
186 185 15247.800
186 186 0.000
186 187 31004.500
186 188 25737.293
186 189 12549.200
186 190 20888.400
186 191 20871.300
186 192 28665.300
186 193 40700.300
186 194 10302.100
186 195 12750.600
186 196 41005.797
186 197 36141.800
186 198 15234.700
186 199 23311.500
186 200 42813.400
187 0 15516.600
187 1 54360.426
187 2 10278.200
187 3 21331.100
187 4 38249.100
187 5 41941.400
187 6 32640.200
187 7 41975.034
187 8 56610.911
187 9 34697.700
187 10 34184.300
187 11 34654.300
187 12 38541.700
187 13 3283.700
187 14 39489.800
187 15 56937.619
187 16 34426.400
187 17 26999.300
187 18 42777.010
187 19 24200.400
187 20 56804.381
187 21 56937.604
187 22 55435.882
187 23 34661.200
187 24 10799.200
187 25 17429.200
187 26 57924.289
187 27 13552.100
187 28 27138.800
187 29 20500.300
187 30 56891.321
187 31 11878.100
187 32 23623.200
187 33 44956.941
187 34 11301.900
187 35 18735.300
187 36 57830.756
187 37 44357.559
187 38 30722.900
187 39 5369.600
187 40 8409.100
187 41 36430.600
187 42 21668.500
187 43 33753.800
187 44 10086.200
187 45 24041.243
187 46 24726.700
187 47 42674.100
187 48 4821.400
187 49 40280.200
187 50 25743.800
187 51 37654.800
187 52 30044.300
187 53 36993.900
187 54 31038.500
187 55 34926.400
187 56 5348.500
187 57 22937.361
187 58 28844.500
187 59 38438.300
187 60 24461.147
187 61 46121.875
187 62 5535.400
187 63 49226.432
187 64 18276.600
187 65 34545.100
187 66 39192.100
187 67 20124.003
187 68 32102.200
187 69 31694.000
187 70 38825.600
187 71 36960.800
187 72 25047.436
187 73 45566.085
187 74 22202.700
187 75 21176.700
187 76 19190.300
187 77 25724.700
187 78 31766.300
187 79 33232.000
187 80 3365.200
187 81 29412.600
187 82 34802.400
187 83 26571.728
187 84 25368.400
187 85 34798.700
187 86 33903.500
187 87 46953.548
187 88 17043.852
187 89 31949.100
187 90 33363.600
187 91 29836.500
187 92 10559.800
187 93 33895.100
187 94 24307.000
187 95 44404.420
187 96 27372.700
187 97 20031.500
187 98 9797.800
187 99 39390.100
187 100 56988.044
187 101 20059.100
187 102 33200.200
187 103 20941.800
187 104 43567.200
187 105 35019.400
187 106 31051.100
187 107 17399.001
187 108 31021.800
187 109 44527.941
187 110 36684.200
187 111 37579.300
187 112 18497.840
187 113 39402.600
187 114 28623.010
187 115 56170.829
187 116 55402.906
187 117 28504.200
187 118 7288.300
187 119 20524.300
187 120 7652.600
187 121 40124.400
187 122 4018.600
187 123 41214.103
187 124 24014.700
187 125 32073.900
187 126 56999.240
187 127 43088.054
187 128 33836.100
187 129 48321.568
187 130 11224.200
187 131 38593.200
187 132 27859.400
187 133 20844.200
187 134 38136.300
187 135 53280.257
187 136 36313.100
187 137 4925.700
187 138 2667.500
187 139 36080.300
187 140 5990.000
187 141 46501.828
187 142 36701.100
187 143 8195.300
187 144 9894.600
187 145 26209.900
187 146 31603.700
187 147 20448.800
187 148 29078.300
187 149 27057.100
187 150 47342.259
187 151 32496.300
187 152 30218.200
187 153 26182.600
187 154 28253.800
187 155 33454.700
187 156 34689.463
187 157 56941.223
187 158 37503.400
187 159 51076.007
187 160 38520.600
187 161 43214.951
187 162 26879.162
187 163 27684.800
187 164 33169.300
187 165 26075.400
187 166 22006.000
187 167 25419.118
187 168 7662.100
187 169 6559.300
187 170 14731.500
187 171 34598.348
187 172 23579.900
187 173 5177.000
187 174 22386.400
187 175 32641.600
187 176 25406.694
187 177 9761.100
187 178 32686.600
187 179 30216.000
187 180 20257.000
187 181 33260.200
187 182 57130.045
187 183 37834.200
187 184 33839.600
187 185 30299.800
187 186 31254.300
187 187 0.000
187 188 56364.710
187 189 28318.500
187 190 13404.400
187 191 39128.200
187 192 11283.400
187 193 21214.700
187 194 38112.500
187 195 27894.300
187 196 46564.883
187 197 34644.400
187 198 34017.100
187 199 15059.400
187 200 23327.800
188 0 44107.464
188 1 2716.537
188 2 47840.721
188 3 48340.740
188 4 38825.848
188 5 52781.670
188 6 23303.812
188 7 71604.906
188 8 1418.856
188 9 32005.637
188 10 59520.206
188 11 23958.866
188 12 52482.305
188 13 59657.748
188 14 36366.829
188 15 4448.443
188 16 44717.039
188 17 36488.336
188 18 59173.140
188 19 69894.323
188 20 739.975
188 21 4439.519
188 22 1060.904
188 23 32837.852
188 24 48053.699
188 25 42667.662
188 26 1664.888
188 27 45728.919
188 28 71988.238
188 29 42080.540
188 30 815.903
188 31 46308.566
188 32 70767.456
188 33 42522.551
188 34 58392.444
188 35 63327.080
188 36 1647.859
188 37 42281.666
188 38 56961.935
188 39 51571.385
188 40 55204.260
188 41 18706.045
188 42 68652.954
188 43 23190.685
188 44 57316.843
188 45 35810.582
188 46 33964.971
188 47 53260.336
188 48 58701.167
188 49 56754.123
188 50 54111.564
188 51 56890.448
188 52 58616.706
188 53 53598.496
188 54 40773.078
188 55 51947.669
188 56 55032.491
188 57 74511.368
188 58 32938.663
188 59 34666.309
188 60 74757.780
188 61 69467.939
188 62 52814.541
188 63 31770.540
188 64 38965.560
188 65 35005.279
188 66 35454.831
188 67 70372.660
188 68 37098.408
188 69 50743.249
188 70 16508.099
188 71 31296.022
188 72 42825.293
188 73 57332.346
188 74 42463.432
188 75 43732.255
188 76 43331.780
188 77 70010.844
188 78 22209.218
188 79 30473.143
188 80 54042.479
188 81 30505.282
188 82 34673.855
188 83 34233.892
188 84 55640.790
188 85 21956.083
188 86 21640.186
188 87 58615.967
188 88 49892.874
188 89 58498.989
188 90 46011.661
188 91 72268.389
188 92 48214.512
188 93 46095.937
188 94 68152.900
188 95 41905.580
188 96 37192.942
188 97 40671.053
188 98 48070.069
188 99 33682.816
188 100 4415.815
188 101 65811.152
188 102 51245.896
188 103 50723.400
188 104 54346.351
188 105 19956.861
188 106 49363.332
188 107 69037.594
188 108 60521.381
188 109 41623.867
188 110 31771.308
188 111 51201.888
188 112 69398.924
188 113 52376.112
188 114 36749.148
188 115 978.828
188 116 1084.825
188 117 58577.312
188 118 60886.326
188 119 52286.330
188 120 61548.413
188 121 51268.256
188 122 52440.167
188 123 59132.150
188 124 71537.276
188 125 29114.839
188 126 4410.399
188 127 68142.033
188 128 50408.902
188 129 41340.176
188 130 46229.481
188 131 34815.852
188 132 36518.638
188 133 39202.351
188 134 20264.597
188 135 3692.890
188 136 35133.076
188 137 59516.892
188 138 58950.710
188 139 22484.751
188 140 60334.515
188 141 63528.737
188 142 32676.828
188 143 48680.600
188 144 56354.613
188 145 32847.681
188 146 40475.548
188 147 38974.816
188 148 35812.914
188 149 59665.251
188 150 41480.273
188 151 40792.480
188 152 60112.991
188 153 55421.218
188 154 71523.632
188 155 32876.099
188 156 70662.550
188 157 4463.967
188 158 52993.318
188 159 56369.220
188 160 23237.542
188 161 64922.501
188 162 48446.272
188 163 33210.480
188 164 23341.394
188 165 35385.257
188 166 66449.906
188 167 36536.171
188 168 59291.669
188 169 55438.613
188 170 63129.837
188 171 82356.820
188 172 69373.157
188 173 56325.275
188 174 66943.754
188 175 30873.013
188 176 50809.035
188 177 57980.093
188 178 22646.596
188 179 36274.639
188 180 38588.832
188 181 34421.348
188 182 933.692
188 183 17597.406
188 184 51211.076
188 185 35649.733
188 186 25737.293
188 187 56364.710
188 188 0.000
188 189 32727.219
188 190 46778.508
188 191 35368.182
188 192 56289.506
188 193 68154.135
188 194 22104.550
188 195 33112.279
188 196 59598.412
188 197 60344.029
188 198 33730.651
188 199 49663.566
188 200 69183.979
189 0 13161.000
189 1 30126.184
189 2 21842.000
189 3 14042.700
189 4 13823.300
189 5 26542.300
189 6 13567.900
189 7 39857.175
189 8 33555.824
189 9 7661.300
189 10 25384.100
189 11 16356.900
189 12 25983.100
189 13 30253.800
189 14 11717.600
189 15 31462.940
189 16 16855.600
189 17 11896.400
189 18 29790.507
189 19 35877.800
189 20 33379.984
189 21 31466.358
189 22 31668.010
189 23 7624.900
189 24 27700.800
189 25 11531.500
189 26 33900.279
189 27 22696.300
189 28 34987.100
189 29 10370.600
189 30 32940.089
189 31 25835.400
189 32 37249.600
189 33 19629.391
189 34 24779.000
189 35 27172.000
189 36 33744.699
189 37 19046.828
189 38 23271.500
189 39 28752.500
189 40 24791.800
189 41 16506.300
189 42 32955.100
189 43 14681.500
189 44 24442.800
189 45 24398.538
189 46 19466.500
189 47 27818.200
189 48 28539.300
189 49 27721.600
189 50 19002.800
189 51 25096.200
189 52 23533.400
189 53 24435.300
189 54 13355.900
189 55 22367.800
189 56 32279.500
189 57 43258.308
189 58 10547.200
189 59 10666.100
189 60 43120.416
189 61 39046.991
189 62 30461.100
189 63 19449.626
189 64 17461.700
189 65 18702.700
189 66 11419.800
189 67 39018.758
189 68 16259.800
189 69 19135.400
189 70 19753.200
189 71 9924.500
189 72 33336.318
189 73 29558.088
189 74 9590.500
189 75 10868.400
189 76 11762.800
189 77 32763.600
189 78 13967.000
189 79 6195.600
189 80 26420.000
189 81 11115.200
189 82 15717.900
189 83 25511.790
189 84 20301.100
189 85 10789.000
189 86 14831.200
189 87 31106.615
189 88 33976.541
189 89 25276.100
189 90 19034.000
189 91 37684.800
189 92 21810.500
189 93 20062.600
189 94 30626.600
189 95 18875.423
189 96 11815.100
189 97 7731.800
189 98 22282.400
189 99 10834.700
189 100 31525.523
189 101 31345.600
189 102 20641.600
189 103 16164.600
189 104 31008.600
189 105 15947.100
189 106 18492.600
189 107 38235.986
189 108 25954.500
189 109 18817.541
189 110 9647.800
189 111 23412.500
189 112 38320.852
189 113 26844.000
189 114 30629.051
189 115 32142.671
189 116 31642.977
189 117 23436.900
189 118 29869.100
189 119 17084.700
189 120 33451.100
189 121 24725.300
189 122 28944.300
189 123 29195.972
189 124 35301.300
189 125 5184.100
189 126 31538.750
189 127 37144.441
189 128 21277.500
189 129 21669.843
189 130 23407.600
189 131 10820.900
189 132 12756.500
189 133 18110.900
189 134 11099.900
189 135 29064.161
189 136 11124.400
189 137 28879.000
189 138 29919.900
189 139 17782.900
189 140 29435.100
189 141 34529.069
189 142 9664.800
189 143 24014.900
189 144 22993.500
189 145 10369.900
189 146 12323.100
189 147 11688.700
189 148 8032.000
189 149 23941.400
189 150 20949.660
189 151 12977.600
189 152 25150.800
189 153 21115.300
189 154 34437.900
189 155 15157.400
189 156 38052.506
189 157 31460.536
189 158 24944.800
189 159 31686.678
189 160 11484.200
189 161 34524.279
189 162 39368.236
189 163 1146.800
189 164 12459.900
189 165 2401.300
189 166 32219.000
189 167 27087.035
189 168 29279.900
189 169 28177.100
189 170 29918.100
189 171 49941.432
189 172 36263.900
189 173 26794.800
189 174 32599.400
189 175 5605.200
189 176 40197.543
189 177 24728.600
189 178 12976.400
189 179 9169.700
189 180 12281.200
189 181 14962.800
189 182 33194.638
189 183 17500.900
189 184 21281.000
189 185 15732.900
189 186 12182.000
189 187 28219.300
189 188 32727.219
189 189 0.000
189 190 17124.500
189 191 11356.000
189 192 24382.300
189 193 32501.200
189 194 11076.200
189 195 13235.700
189 196 31639.710
189 197 25844.200
189 198 15719.800
189 199 19028.600
189 200 34614.400
190 0 5014.600
190 1 44423.979
190 2 14823.000
190 3 10042.900
190 4 26880.800
190 5 31360.900
190 6 22713.200
190 7 34178.544
190 8 47321.948
190 9 23329.400
190 10 20389.100
190 11 24727.200
190 12 27961.200
190 13 15619.800
190 14 28121.500
190 15 46425.428
190 16 23058.100
190 17 17072.300
190 18 30681.162
190 19 28041.000
190 20 47336.004
190 21 46427.208
190 22 45760.668
190 23 23292.900
190 24 17820.400
190 25 6060.900
190 26 48179.962
190 27 28326.900
190 28 27150.300
190 29 9132.000
190 30 47160.118
190 31 31750.800
190 32 26245.100
190 33 30345.499
190 34 10145.000
190 35 18045.300
190 36 48052.780
190 37 29740.868
190 38 18676.900
190 39 13576.500
190 40 10157.800
190 41 26503.600
190 42 24290.300
190 43 23826.800
190 44 9808.800
190 45 22875.443
190 46 27836.800
190 47 32093.600
190 48 13905.300
190 49 29699.700
190 50 14791.400
190 51 27074.300
190 52 17998.300
190 53 26413.500
190 54 19670.200
190 55 24345.900
190 56 19795.200
190 57 27732.861
190 58 18917.500
190 59 27070.000
190 60 28043.190
190 61 36425.602
190 62 17976.800
190 63 34806.422
190 64 23377.100
190 65 24618.100
190 66 27823.800
190 67 23605.668
190 68 22175.200
190 69 21113.500
190 70 28898.600
190 71 25592.500
190 72 28827.452
190 73 32726.578
190 74 10834.400
190 75 9808.400
190 76 7822.000
190 77 24926.800
190 78 21839.300
190 79 21863.700
190 80 13935.700
190 81 19485.600
190 82 24875.400
190 83 25208.870
190 84 14416.000
190 85 24871.700
190 86 23976.500
190 87 34229.181
190 88 24825.330
190 89 19903.100
190 90 24018.400
190 91 29848.100
190 92 15104.500
190 93 23314.600
190 94 22789.800
190 95 29773.477
190 96 17445.700
190 97 8663.200
190 98 14342.600
190 99 28021.800
190 100 46483.181
190 101 22680.900
190 102 22619.700
190 103 10276.900
190 104 32986.800
190 105 25092.400
190 106 20470.700
190 107 22306.802
190 108 20069.300
190 109 29886.998
190 110 25315.900
190 111 26998.800
190 112 22623.748
190 113 28822.100
190 114 29385.939
190 115 46383.511
190 116 45730.802
190 117 17551.800
190 118 15235.100
190 119 9859.500
190 120 18817.100
190 121 29543.900
190 122 16460.100
190 123 29323.413
190 124 26636.500
190 125 20705.600
190 126 46495.655
190 127 33658.364
190 128 23255.600
190 129 33655.443
190 130 16691.800
190 131 27224.900
190 132 17932.400
190 133 24026.300
190 134 26768.000
190 135 43323.786
190 136 24944.800
190 137 14245.000
190 138 15285.900
190 139 26153.300
190 140 14801.100
190 141 34977.891
190 142 25332.800
190 143 15216.500
190 144 8359.600
190 145 16282.900
190 146 20235.400
190 147 10621.700
190 148 17710.000
190 149 16104.600
190 150 32683.444
190 151 21128.000
190 152 19265.700
190 153 15230.200
190 154 26601.100
190 155 23527.700
190 156 29066.306
190 157 46425.957
190 158 26923.000
190 159 37583.644
190 160 27152.300
190 161 32678.920
190 162 33301.195
190 163 16316.500
190 164 23242.300
190 165 14707.100
190 166 24382.200
190 167 25380.038
190 168 14645.900
190 169 13543.100
190 170 19589.400
190 171 36344.702
190 172 26201.800
190 173 12160.800
190 174 24762.600
190 175 21273.300
190 176 32974.146
190 177 10094.600
190 178 22759.600
190 179 18847.700
190 180 10622.300
190 181 23333.200
190 182 47412.467
190 183 27907.200
190 184 23259.100
190 185 20372.800
190 186 21327.300
190 187 15735.000
190 188 46778.508
190 189 16950.200
190 190 0.000
190 191 27759.900
190 192 9748.400
190 193 23836.500
190 194 26744.200
190 195 17967.300
190 196 34091.494
190 197 23151.300
190 198 24090.100
190 199 4394.600
190 200 25949.600
191 0 23870.200
191 1 32653.969
191 2 31633.300
191 3 21189.100
191 4 5786.300
191 5 25081.900
191 6 18934.400
191 7 36900.095
191 8 36512.400
191 9 5189.800
191 10 30235.100
191 11 24759.900
191 12 24483.600
191 13 40963.000
191 14 1754.100
191 15 32775.863
191 16 15395.200
191 17 21443.400
191 18 23807.272
191 19 42011.400
191 20 36097.020
191 21 32781.926
191 22 34345.311
191 23 5153.300
191 24 36884.900
191 25 23764.100
191 26 36114.316
191 27 32744.500
191 28 41120.700
191 29 20095.600
191 30 35321.932
191 31 35019.500
191 32 43383.200
191 33 8975.274
191 34 37031.500
191 35 35399.600
191 36 35929.345
191 37 8466.577
191 38 28122.500
191 39 41004.500
191 40 35500.900
191 41 21872.800
191 42 41182.700
191 43 20048.000
191 44 35151.900
191 45 35455.172
191 46 27869.400
191 47 26357.800
191 48 39248.500
191 49 31072.200
191 50 24416.800
191 51 28446.800
191 52 28529.600
191 53 27785.900
191 54 10434.100
191 55 25718.400
191 56 42988.700
191 57 47982.810
191 58 18950.100
191 59 918.500
191 60 47308.426
191 61 34163.268
191 62 41170.300
191 63 10388.675
191 64 26645.800
191 65 27886.800
191 66 1076.800
191 67 43810.427
191 68 25443.900
191 69 22486.000
191 70 25119.700
191 71 5991.800
191 72 44469.892
191 73 22130.939
191 74 19435.100
191 75 18863.800
191 76 21075.300
191 77 38897.200
191 78 18169.300
191 79 8097.600
191 80 37129.200
191 81 19518.200
191 82 24120.800
191 83 36413.470
191 84 26434.700
191 85 16155.500
191 86 20197.700
191 87 23504.758
191 88 44981.329
191 89 30127.200
191 90 15826.600
191 91 43818.500
191 92 31601.900
191 93 17175.900
191 94 36760.200
191 95 8206.861
191 96 21606.400
191 97 19609.900
191 98 32073.700
191 99 3580.900
191 100 32841.428
191 101 39573.200
191 102 23992.200
191 103 23577.700
191 104 34359.200
191 105 21313.500
191 106 21843.100
191 107 43742.245
191 108 32088.100
191 109 8069.512
191 110 5715.100
191 111 21952.100
191 112 43502.977
191 113 24146.000
191 114 41518.523
191 115 34563.933
191 116 34329.396
191 117 29570.500
191 118 40578.200
191 119 24808.900
191 120 44160.300
191 121 23264.900
191 122 39653.500
191 123 23821.072
191 124 43528.900
191 125 11400.800
191 126 32854.804
191 127 33022.378
191 128 24628.100
191 129 10527.874
191 130 33455.800
191 131 1417.800
191 132 22303.600
191 133 27295.000
191 134 16466.400
191 135 31757.670
191 136 3087.400
191 137 39588.200
191 138 40629.100
191 139 26185.900
191 140 40144.300
191 141 28183.054
191 142 3773.900
191 143 33806.200
191 144 33702.700
191 145 19371.900
191 146 10218.700
191 147 22307.500
191 148 16129.900
191 149 30075.000
191 150 9859.596
191 151 10787.200
191 152 31284.500
191 153 27248.900
191 154 40571.500
191 155 23560.300
191 156 37567.020
191 157 32768.375
191 158 28295.400
191 159 22421.092
191 160 13304.400
191 161 29647.105
191 162 50527.668
191 163 11765.500
191 164 17826.400
191 165 12354.900
191 166 38352.600
191 167 38104.152
191 168 39696.300
191 169 38886.300
191 170 38145.700
191 171 52271.935
191 172 42397.500
191 173 37504.000
191 174 38733.000
191 175 9211.500
191 176 51355.585
191 177 38144.700
191 178 18342.900
191 179 17267.600
191 180 21879.700
191 181 23365.800
191 182 35558.005
191 183 22867.400
191 184 24631.600
191 185 24135.900
191 186 17548.500
191 187 38928.500
191 188 35368.182
191 189 10743.200
191 190 27833.700
191 191 0.000
191 192 35479.900
191 193 40728.900
191 194 13362.400
191 195 21638.700
191 196 24387.967
191 197 30695.200
191 198 24122.700
191 199 27637.700
191 200 42842.000
192 0 12325.100
192 1 53943.384
192 2 18862.400
192 3 16700.400
192 4 32784.400
192 5 34365.100
192 6 30783.800
192 7 30434.130
192 8 56818.693
192 9 30639.900
192 10 22020.800
192 11 32797.800
192 12 30965.400
192 13 13241.100
192 14 35599.100
192 15 55938.664
192 16 28376.000
192 17 25142.800
192 18 31395.258
192 19 14855.400
192 20 56842.416
192 21 55940.511
192 22 55274.115
192 23 30603.400
192 24 19383.400
192 25 13371.400
192 26 57697.093
192 27 22136.200
192 28 17793.700
192 29 16442.500
192 30 56676.316
192 31 20462.300
192 32 14278.200
192 33 36081.841
192 34 1982.300
192 35 9390.300
192 36 57570.655
192 37 35521.348
192 38 20308.600
192 39 13953.800
192 40 4078.400
192 41 34574.200
192 42 12323.500
192 43 31897.400
192 44 2028.900
192 45 29800.281
192 46 35907.400
192 47 35097.800
192 48 6866.700
192 49 32703.800
192 50 15329.500
192 51 30078.500
192 52 19630.000
192 53 29417.600
192 54 27147.900
192 55 27350.100
192 56 15937.900
192 57 18229.961
192 58 26988.100
192 59 34547.700
192 60 18654.624
192 61 34400.422
192 62 14119.600
192 63 42553.307
192 64 31447.600
192 65 32688.600
192 66 35301.400
192 67 14147.399
192 68 30245.800
192 69 24117.700
192 70 36969.100
192 71 36773.000
192 72 33729.623
192 73 34460.589
192 74 19059.400
192 75 18033.300
192 76 15132.500
192 77 16379.700
192 78 29909.900
192 79 29174.200
192 80 10115.300
192 81 27556.200
192 82 32946.000
192 83 32320.050
192 84 14954.100
192 85 32942.200
192 86 32047.100
192 87 35773.942
192 88 27337.862
192 89 21534.800
192 90 28161.800
192 91 20491.500
192 92 19143.900
192 93 29157.800
192 94 23327.900
192 95 35642.532
192 96 25516.200
192 97 15973.700
192 98 18382.000
192 99 35499.500
192 100 55996.650
192 101 10714.000
192 102 25623.900
192 103 13798.900
192 104 35990.900
192 105 33162.900
192 106 26313.800
192 107 12792.650
192 108 20607.500
192 109 35822.865
192 110 32626.400
192 111 30003.000
192 112 13109.866
192 113 31826.300
192 114 35746.291
192 115 55900.741
192 116 55244.115
192 117 18089.900
192 118 7257.000
192 119 12159.800
192 120 16438.400
192 121 32548.100
192 122 12602.800
192 123 29785.540
192 124 14669.700
192 125 28016.100
192 126 56009.163
192 127 31371.264
192 128 26259.800
192 129 39734.401
192 130 19808.400
192 131 34702.500
192 132 26002.900
192 133 32096.800
192 134 34078.500
192 135 52843.076
192 136 32422.400
192 137 7499.300
192 138 12907.200
192 139 34223.900
192 140 7762.500
192 141 34932.165
192 142 34793.500
192 143 16779.400
192 144 1388.800
192 145 24353.400
192 146 27713.000
192 147 17932.100
192 148 25020.500
192 149 16642.800
192 150 38707.240
192 151 28674.900
192 152 19803.900
192 153 15768.300
192 154 18908.700
192 155 31598.300
192 156 23589.069
192 157 55939.075
192 158 29927.100
192 159 40312.843
192 160 34462.800
192 161 31520.219
192 162 36908.626
192 163 23627.000
192 164 31312.900
192 165 22017.600
192 166 12660.900
192 167 31941.298
192 168 5158.200
192 169 5727.400
192 170 6264.400
192 171 27488.762
192 172 14234.900
192 173 6505.900
192 174 13041.400
192 175 28583.800
192 176 35890.042
192 177 2314.700
192 178 30830.100
192 179 26158.200
192 180 17932.800
192 181 31403.800
192 182 56928.435
192 183 35977.800
192 184 26263.300
192 185 28443.300
192 186 29397.900
192 187 11491.700
192 188 56289.506
192 189 24260.700
192 190 9747.500
192 191 35237.600
192 192 0.000
192 193 11869.600
192 194 34054.700
192 195 26037.800
192 196 35279.723
192 197 26673.300
192 198 32160.700
192 199 10229.500
192 200 13982.800
193 0 25225.000
193 1 65728.091
193 2 28764.600
193 3 20254.900
193 4 36538.700
193 5 37367.400
193 6 42998.900
193 7 25172.822
193 8 68756.369
193 9 42640.400
193 10 24186.200
193 11 44399.200
193 12 33967.700
193 13 23143.300
193 14 40949.900
193 15 67513.800
193 16 32124.800
193 17 37358.000
193 18 32097.002
193 19 4148.500
193 20 68734.355
193 21 67516.285
193 22 67122.301
193 23 42604.000
193 24 29285.600
193 25 26271.400
193 26 69506.677
193 27 32038.500
193 28 7117.800
193 29 24024.800
193 30 68497.646
193 31 30364.500
193 32 3225.500
193 33 42362.039
193 34 12367.300
193 35 7063.700
193 36 69371.440
193 37 41892.754
193 38 22474.100
193 39 23856.000
193 40 17564.700
193 41 46789.300
193 42 1601.000
193 43 44112.500
193 44 14415.600
193 45 41884.003
193 46 47508.700
193 47 38100.100
193 48 17175.000
193 49 35706.200
193 50 17495.000
193 51 33080.800
193 52 21795.400
193 53 32420.000
193 54 32498.700
193 55 30352.400
193 56 25840.200
193 57 7288.251
193 58 38589.400
193 59 39898.500
193 60 6725.614
193 61 31091.040
193 62 24021.800
193 63 51026.371
193 64 43662.800
193 65 44903.800
193 66 40652.200
193 67 3389.971
193 68 42460.900
193 69 27120.000
193 70 49184.300
193 71 42123.800
193 72 44846.955
193 73 36068.122
193 74 23389.100
193 75 22363.100
193 76 23881.700
193 77 7223.800
193 78 42125.000
193 79 39315.700
193 80 20017.500
193 81 39157.500
193 82 43760.100
193 83 44433.859
193 84 17119.600
193 85 43909.100
193 86 44262.200
193 87 37005.611
193 88 37305.721
193 89 23700.300
193 90 30821.300
193 91 9815.500
193 92 29046.200
193 93 32160.100
193 94 8292.400
193 95 42110.303
193 96 37731.400
193 97 25296.900
193 98 28284.300
193 99 40850.300
193 100 67573.859
193 101 4102.200
193 102 28626.200
193 103 17336.900
193 104 38993.300
193 105 45378.100
193 106 29316.100
193 107 5254.203
193 108 16509.700
193 109 42357.553
193 110 43165.800
193 111 33005.300
193 112 4091.413
193 113 34828.600
193 114 47534.483
193 115 67712.215
193 116 67093.400
193 117 17874.700
193 118 19133.600
193 119 15955.800
193 120 24791.100
193 121 35550.400
193 122 22505.100
193 123 30397.710
193 124 3049.900
193 125 38157.700
193 126 67586.708
193 127 28078.229
193 128 29262.100
193 129 46203.440
193 130 29710.600
193 131 40053.300
193 132 38218.100
193 133 44312.000
193 134 44220.000
193 135 64631.994
193 136 37773.200
193 137 17807.600
193 138 22809.400
193 139 45825.200
193 140 18070.800
193 141 34218.548
193 142 40144.300
193 143 26681.700
193 144 16294.800
193 145 36568.600
193 146 33063.800
193 147 31358.000
193 148 32877.400
193 149 14077.500
193 150 45167.005
193 151 32423.600
193 152 15838.400
193 153 17933.800
193 154 8232.700
193 155 43199.600
193 156 16753.486
193 157 67513.083
193 158 32929.500
193 159 42620.812
193 160 44604.300
193 161 29758.123
193 162 47135.352
193 163 33768.500
193 164 43528.000
193 165 32159.100
193 166 5386.600
193 167 43867.721
193 168 15032.100
193 169 16979.900
193 170 5611.100
193 171 15135.041
193 172 3528.000
193 173 16408.200
193 174 4548.000
193 175 38725.300
193 176 45675.776
193 177 13480.500
193 178 43045.300
193 179 34015.200
193 180 30615.700
193 181 43005.100
193 182 68751.670
193 183 48192.900
193 184 29265.600
193 185 40658.500
193 186 41613.000
193 187 21394.000
193 188 68154.135
193 189 34402.300
193 190 25162.800
193 191 40588.400
193 192 11866.500
193 193 0.000
193 194 44196.200
193 195 38253.000
193 196 36113.706
193 197 24038.500
193 198 43762.000
193 199 21213.900
193 200 5600.600
194 0 24069.400
194 1 19398.542
194 2 31923.000
194 3 24951.100
194 4 15655.000
194 5 37450.700
194 6 11643.800
194 7 49504.594
194 8 23147.355
194 9 12502.300
194 10 36292.500
194 11 25049.500
194 12 36891.500
194 13 41162.200
194 14 13549.300
194 15 20131.497
194 16 27764.000
194 17 21733.100
194 18 37300.858
194 19 46786.200
194 20 22812.997
194 21 20136.064
194 22 21054.911
194 23 12465.900
194 24 37174.500
194 25 21659.100
194 26 23040.271
194 27 33034.200
194 28 45895.500
194 29 21279.000
194 30 22163.568
194 31 35309.100
194 32 48158.000
194 33 21933.897
194 34 35687.400
194 35 38080.400
194 36 22866.501
194 37 21555.273
194 38 34179.900
194 39 39091.200
194 40 35700.200
194 41 8924.600
194 42 43863.500
194 43 12757.400
194 44 35351.200
194 45 28505.845
194 46 28159.100
194 47 38726.600
194 48 39447.700
194 49 38630.000
194 50 29911.200
194 51 36004.600
194 52 34441.900
194 53 35343.700
194 54 21501.200
194 55 33276.200
194 56 42262.700
194 57 55133.903
194 58 19239.800
194 59 12497.800
194 60 54993.909
194 61 47467.558
194 62 40444.400
194 63 14563.456
194 64 26935.400
194 65 28176.400
194 66 13251.500
194 67 50895.388
194 68 25733.500
194 69 30043.800
194 70 14064.500
194 71 9208.700
194 72 37693.923
194 73 35820.046
194 74 20498.900
194 75 21776.800
194 76 22671.200
194 77 43672.000
194 78 12423.500
194 79 10913.900
194 80 36403.300
194 81 19807.800
194 82 24410.500
194 83 28558.745
194 84 31209.500
194 85 5446.200
194 86 10020.400
194 87 37200.926
194 88 40962.267
194 89 36184.500
194 90 29942.400
194 91 48593.300
194 92 31891.500
194 93 30971.000
194 94 41535.000
194 95 21218.504
194 96 21896.100
194 97 18640.200
194 98 32363.300
194 99 14555.600
194 100 20196.239
194 101 42254.000
194 102 31550.000
194 103 27073.000
194 104 41917.100
194 105 9224.100
194 106 29401.000
194 107 50074.403
194 108 36862.900
194 109 20990.379
194 110 10086.500
194 111 34320.900
194 112 50183.598
194 113 37752.400
194 114 33290.185
194 115 21378.948
194 116 21035.342
194 117 34345.300
194 118 40777.500
194 119 27993.100
194 120 44359.500
194 121 35633.700
194 122 38927.600
194 123 37158.409
194 124 46209.700
194 125 8221.900
194 126 20209.722
194 127 46063.442
194 128 32185.900
194 129 21919.864
194 130 33745.400
194 131 12652.600
194 132 22593.200
194 133 27584.600
194 134 3518.200
194 135 18425.175
194 136 12956.100
194 137 39787.400
194 138 40828.300
194 139 26475.500
194 140 40343.500
194 141 41783.253
194 142 11326.000
194 143 34095.900
194 144 33901.900
194 145 19661.500
194 146 23231.500
194 147 22597.100
194 148 18940.400
194 149 34849.800
194 150 21706.323
194 151 23886.000
194 152 36059.300
194 153 32023.700
194 154 45346.300
194 155 23849.900
194 156 48853.603
194 157 20126.949
194 158 35853.200
194 159 35834.967
194 160 2164.900
194 161 42907.911
194 162 44031.333
194 163 12055.200
194 164 10011.400
194 165 13309.700
194 166 43127.400
194 167 30710.801
194 168 40188.300
194 169 39085.500
194 170 40826.500
194 171 61633.825
194 172 47172.300
194 173 37703.200
194 174 43507.800
194 175 8629.600
194 176 45503.146
194 177 35637.000
194 178 10505.800
194 179 20078.100
194 180 22169.300
194 181 23655.400
194 182 22410.591
194 183 9919.200
194 184 32189.400
194 185 24425.500
194 186 11802.700
194 187 38202.600
194 188 22104.550
194 189 11032.800
194 190 28032.900
194 191 13187.700
194 192 35290.700
194 193 43409.700
194 194 0.000
194 195 21928.300
194 196 38073.306
194 197 36752.600
194 198 24412.400
194 199 29937.000
194 200 45522.800
195 0 16215.200
195 1 30949.614
195 2 14664.700
195 3 20691.200
195 4 22530.000
195 5 34464.100
195 6 12038.300
195 7 46071.084
195 8 33507.649
195 9 16368.000
195 10 32669.500
195 11 9042.300
195 12 33904.900
195 13 31862.700
195 14 20424.200
195 15 33366.739
195 16 24777.500
195 17 4153.100
195 18 38670.614
195 19 41290.200
195 20 33610.714
195 21 33367.122
195 22 32137.732
195 23 16331.500
195 24 18055.300
195 25 12885.600
195 26 34610.179
195 27 15519.100
195 28 40399.500
195 29 15832.000
195 30 33577.213
195 31 16190.000
195 32 39494.200
195 33 30844.438
195 34 25447.300
195 35 31294.400
195 36 34501.894
195 37 30251.952
195 38 30556.900
195 39 25781.500
195 40 25460.000
195 41 15828.700
195 42 37539.500
195 43 13151.900
195 44 25111.000
195 45 13228.056
195 46 11863.100
195 47 35740.000
195 48 30148.200
195 49 35643.400
195 50 25931.600
195 51 33018.000
195 52 30462.300
195 53 32357.200
195 54 21277.700
195 55 30289.600
195 56 31450.000
195 57 41804.907
195 58 4183.800
195 59 19372.700
195 60 42300.802
195 61 46739.036
195 62 29631.700
195 63 29876.731
195 64 7816.200
195 65 9057.200
195 66 20126.400
195 67 37784.887
195 68 6614.300
195 69 27057.200
195 70 18223.600
195 71 18631.100
195 72 22056.324
195 73 39252.111
195 74 17022.600
195 75 17572.400
195 76 16166.300
195 77 38175.900
195 78 11164.400
195 79 14902.300
195 80 25590.600
195 81 2791.300
195 82 5518.400
195 83 14614.224
195 84 27665.100
195 85 14196.700
195 86 13301.600
195 87 40831.752
195 88 23242.524
195 89 32561.600
195 90 26955.800
195 91 43097.200
195 92 14633.300
195 93 27984.400
195 94 36038.900
195 95 30099.095
195 96 4637.900
195 97 15354.200
195 98 15105.100
195 99 19541.300
195 100 33418.972
195 101 35930.000
195 102 28563.400
195 103 22813.100
195 104 38930.500
195 105 14417.400
195 106 26414.400
195 107 36190.803
195 108 33318.500
195 109 30056.012
195 110 18354.400
195 111 31334.300
195 112 36670.124
195 113 34765.800
195 114 19685.021
195 115 32829.018
195 116 32105.930
195 117 30800.900
195 118 31478.000
195 119 23108.600
195 120 35060.000
195 121 32647.100
195 122 28114.900
195 123 37750.953
195 124 39885.700
195 125 13890.700
195 126 33430.494
195 127 44386.780
195 128 29199.300
195 129 32952.486
195 130 16230.400
195 131 19527.600
195 132 5013.300
195 133 8465.400
195 134 17991.200
195 135 29855.806
195 136 19831.000
195 137 30487.900
195 138 31528.800
195 139 10468.300
195 140 31044.000
195 141 43391.020
195 142 18371.400
195 143 16837.700
195 144 23661.800
195 145 2800.900
195 146 20244.900
195 147 9675.800
195 148 15953.800
195 149 29353.800
195 150 32232.813
195 151 20899.400
195 152 32514.900
195 153 28479.300
195 154 39850.200
195 155 4957.900
195 156 42320.949
195 157 33369.675
195 158 32866.600
195 159 42234.899
195 160 20190.900
195 161 42438.328
195 162 28092.285
195 163 10115.500
195 164 12567.400
195 165 10225.300
195 166 37631.300
195 167 15964.653
195 168 30888.800
195 169 29786.000
195 170 32838.600
195 171 50767.622
195 172 39450.900
195 173 28403.700
195 174 38011.800
195 175 14311.900
195 176 28989.365
195 177 25396.900
195 178 12084.600
195 179 17091.500
195 180 8859.600
195 181 3880.300
195 182 33823.134
195 183 17232.300
195 184 29202.800
195 185 3670.600
195 186 10652.400
195 187 27389.900
195 188 33112.279
195 189 11355.000
195 190 17273.700
195 191 20062.600
195 192 25050.600
195 193 37085.600
195 194 19782.800
195 195 0.000
195 196 41153.295
195 197 33129.600
195 198 8116.400
195 199 19696.800
195 200 39198.800
196 0 30205.007
196 1 56896.113
196 2 46865.574
196 3 23410.171
196 4 20773.074
196 5 7966.578
196 6 43821.797
196 7 17673.176
196 8 60787.042
196 9 28587.542
196 10 13842.351
196 11 45857.655
196 12 7209.385
196 13 49491.613
196 14 23742.687
196 15 56713.049
196 16 15347.630
196 17 40697.786
196 18 4035.182
196 19 33378.834
196 20 60333.542
196 21 56719.803
196 22 58593.987
196 23 27655.255
196 24 51295.773
196 25 30645.335
196 26 60241.065
196 27 49093.989
196 28 32925.538
196 29 26788.705
196 30 59499.307
196 31 52098.590
196 32 35854.852
196 33 17538.737
196 34 36888.635
196 35 30164.158
196 36 60051.609
196 37 17632.070
196 38 13741.390
196 39 47594.386
196 40 38245.740
196 41 45264.747
196 42 35240.284
196 43 44968.278
196 44 36644.324
196 45 53944.531
196 46 52300.069
196 47 7946.670
196 48 43687.993
196 49 3063.986
196 50 19762.493
196 51 2735.554
196 52 15945.503
196 53 6014.449
196 54 19875.479
196 55 8412.716
196 56 50346.444
196 57 42575.537
196 58 39798.668
196 59 25123.239
196 60 40810.858
196 61 11862.926
196 62 48760.602
196 63 29586.574
196 64 46885.897
196 65 43554.541
196 66 24466.516
196 67 39450.100
196 68 47322.485
196 69 10986.414
196 70 50132.070
196 71 28441.611
196 72 61724.099
196 73 2266.072
196 74 25226.188
196 75 24796.309
196 76 27930.635
196 77 30608.545
196 78 42227.526
196 79 30271.343
196 80 43521.643
196 81 42860.995
196 82 45904.165
196 83 55661.543
196 84 19688.397
196 85 40752.877
196 86 42925.554
196 87 1356.181
196 88 58878.636
196 89 13705.624
196 90 14299.483
196 91 32305.430
196 92 45081.755
196 93 14649.641
196 94 28376.735
196 95 18022.114
196 96 38678.570
196 97 27273.733
196 98 46220.524
196 99 26488.758
196 100 56777.939
196 101 37505.820
196 102 9345.653
196 103 22520.155
196 104 6626.680
196 105 44822.122
196 106 12455.882
196 107 41043.555
196 108 17780.554
196 109 18334.732
196 110 28056.719
196 111 8435.398
196 112 40109.936
196 113 7534.311
196 114 60620.814
196 115 58760.123
196 116 58579.877
196 117 19561.671
196 118 43277.808
196 119 23350.285
196 120 47485.011
196 121 8927.306
196 122 46594.627
196 123 5738.004
196 124 38196.822
196 125 32891.904
196 126 56791.032
196 127 12473.008
196 128 10116.316
196 129 20045.918
196 130 48721.377
196 131 25153.740
196 132 41720.238
196 133 48783.552
196 134 40868.663
196 135 56038.371
196 136 24521.926
196 137 44525.927
196 138 48897.738
196 139 48227.211
196 140 44170.866
196 141 4528.952
196 142 26984.244
196 143 48405.742
196 144 36744.864
196 145 39151.459
196 146 19726.065
196 147 34806.801
196 148 27278.525
196 149 23905.954
196 150 19443.100
196 151 19186.272
196 152 19955.154
196 153 18307.703
196 154 31166.433
196 155 45790.805
196 156 23364.186
196 157 56704.130
196 158 6609.460
196 159 7443.184
196 160 36821.387
196 161 8629.925
196 162 66880.768
196 163 31741.247
196 164 41771.226
196 165 29415.719
196 166 30250.409
196 167 56706.334
196 168 41490.766
196 169 40328.205
196 170 35227.003
196 171 40783.631
196 172 33724.743
196 173 41529.517
196 174 31178.619
196 175 30923.684
196 176 66841.258
196 177 37473.117
196 178 42491.480
196 179 28225.281
196 180 35492.801
196 181 44257.327
196 182 59728.008
196 183 47125.992
196 184 9001.703
196 185 43979.359
196 186 41005.797
196 187 46564.883
196 188 59598.412
196 189 31639.710
196 190 34091.494
196 191 24387.967
196 192 35279.723
196 193 36113.706
196 194 38073.306
196 195 41153.295
196 196 0.000
196 197 11943.530
196 198 47549.452
196 199 30085.925
196 200 37964.763
197 0 20153.000
197 1 57641.425
197 2 42441.300
197 3 13875.700
197 4 25245.100
197 5 15850.100
197 6 36359.600
197 7 11260.889
197 8 61357.648
197 9 31518.600
197 10 2976.500
197 11 37875.600
197 12 12450.400
197 13 36876.900
197 14 29828.100
197 15 58200.244
197 16 19431.500
197 17 31042.800
197 18 7939.914
197 19 27159.900
197 20 61048.185
197 21 58205.619
197 22 59291.657
197 23 31482.200
197 24 47386.400
197 25 20046.900
197 26 61275.741
197 27 43295.600
197 28 26269.200
197 29 17220.100
197 30 60407.013
197 31 45521.000
197 32 28531.700
197 33 22705.315
197 34 25273.000
197 35 20548.100
197 36 61099.913
197 37 22465.534
197 38 4275.400
197 39 34480.100
197 40 30470.400
197 41 40149.900
197 42 26331.200
197 43 37473.200
197 44 27321.400
197 45 47443.064
197 46 40985.200
197 47 16582.800
197 48 30080.700
197 49 14188.900
197 50 10414.700
197 51 11563.500
197 52 5986.000
197 53 10902.600
197 54 21376.900
197 55 10482.600
197 56 36464.200
197 57 30677.779
197 58 32065.900
197 59 28776.600
197 60 28976.296
197 61 11066.339
197 62 34645.900
197 63 34152.122
197 64 37147.300
197 65 38388.300
197 66 29530.400
197 67 27506.722
197 68 35945.400
197 69 10850.500
197 70 42544.900
197 71 31002.000
197 72 54210.652
197 73 12067.668
197 74 16559.500
197 75 15146.600
197 76 17358.200
197 77 24045.700
197 78 35485.700
197 79 29484.400
197 80 30604.800
197 81 32633.900
197 82 37236.500
197 83 49500.466
197 84 9731.200
197 85 34077.800
197 86 37622.800
197 87 12873.781
197 88 50018.374
197 89 2868.600
197 90 16866.400
197 91 28967.000
197 92 42409.800
197 93 15890.600
197 94 21908.700
197 95 22806.999
197 96 32414.400
197 97 18467.300
197 98 42881.700
197 99 29728.400
197 100 58265.758
197 101 24721.700
197 102 12356.700
197 103 12901.900
197 104 17475.900
197 105 38738.700
197 106 13046.600
197 107 29129.224
197 108 11358.800
197 109 23124.803
197 110 32043.900
197 111 11488.000
197 112 28176.669
197 113 13311.300
197 114 54142.834
197 115 59623.076
197 116 59271.467
197 117 9705.000
197 118 32039.300
197 119 12969.200
197 120 40074.200
197 121 14033.100
197 122 33129.100
197 123 6252.107
197 124 28677.400
197 125 28326.300
197 126 58279.256
197 127 8595.054
197 128 12992.600
197 129 26298.469
197 130 44006.900
197 131 28931.500
197 132 31902.900
197 133 37796.500
197 134 34388.700
197 135 56658.595
197 136 26651.400
197 137 30713.400
197 138 36543.000
197 139 39301.600
197 140 30976.500
197 141 10544.250
197 142 29022.500
197 143 44614.200
197 144 25110.200
197 145 30055.500
197 146 21942.000
197 147 24834.500
197 148 21880.700
197 149 15223.500
197 150 25382.346
197 151 22834.600
197 152 11397.300
197 153 8316.200
197 154 25720.000
197 155 36676.000
197 156 12928.131
197 157 58194.130
197 158 11412.100
197 159 18714.980
197 160 34773.000
197 161 7250.719
197 162 58758.261
197 163 23937.200
197 164 35748.600
197 165 22327.800
197 166 23501.100
197 167 50121.876
197 168 27937.800
197 169 29885.700
197 170 23294.300
197 171 29935.977
197 172 27546.000
197 173 29313.900
197 174 23881.500
197 175 28894.000
197 176 58340.484
197 177 26386.200
197 178 36265.100
197 179 23018.500
197 180 23815.400
197 181 36481.500
197 182 60653.540
197 183 40789.600
197 184 12996.100
197 185 33716.800
197 186 34973.700
197 187 32404.100
197 188 60344.029
197 189 24570.900
197 190 21505.500
197 191 29466.500
197 192 23721.400
197 193 25877.400
197 194 34364.900
197 195 31739.900
197 196 11943.530
197 197 0.000
197 198 37238.400
197 199 17921.700
197 200 27990.500
198 0 23038.500
198 1 31943.606
198 2 14825.000
198 3 25763.900
198 4 26461.400
198 5 41704.300
198 6 15395.000
198 7 51419.902
198 8 33851.702
198 9 20299.400
198 10 38418.900
198 11 10414.000
198 12 41145.100
198 13 38685.900
198 14 24355.600
198 15 34835.715
198 16 32017.700
198 17 8327.200
198 18 44927.071
198 19 48113.400
198 20 34112.868
198 21 34834.389
198 22 32858.845
198 23 20262.900
198 24 18896.400
198 25 19708.900
198 26 35340.040
198 27 13242.300
198 28 47222.700
198 29 21581.400
198 30 34317.073
198 31 17031.100
198 32 46317.400
198 33 37418.362
198 34 32270.500
198 35 38117.600
198 36 35264.335
198 37 36829.677
198 38 36306.300
198 39 19493.300
198 40 32283.200
198 41 19185.400
198 42 44362.700
198 43 16508.600
198 44 31934.300
198 45 6615.039
198 46 6055.000
198 47 42980.200
198 48 36971.400
198 49 42883.600
198 50 31680.900
198 51 40258.200
198 52 36211.600
198 53 39597.400
198 54 28517.900
198 55 37529.800
198 56 22792.300
198 57 43698.218
198 58 9891.300
198 59 23304.100
198 60 44532.474
198 61 52591.353
198 62 20973.900
198 63 35759.114
198 64 7664.100
198 65 8799.900
198 66 24057.900
198 67 39936.155
198 68 6514.400
198 69 34297.400
198 70 21580.300
198 71 22562.500
198 72 15590.234
198 73 45694.970
198 74 22771.900
198 75 23321.700
198 76 21915.700
198 77 44999.200
198 78 14521.100
198 79 18833.700
198 80 32413.800
198 81 6346.700
198 82 4310.900
198 83 8112.437
198 84 32979.300
198 85 17553.400
198 86 16658.200
198 87 47275.688
198 88 18135.850
198 89 38310.900
198 90 34196.000
198 91 49920.400
198 92 15702.300
198 93 35224.600
198 94 42862.100
198 95 36668.893
198 96 11529.500
198 97 21103.500
198 98 16174.200
198 99 23472.700
198 100 34879.537
198 101 42753.200
198 102 35803.600
198 103 27885.800
198 104 46170.700
198 105 17774.100
198 106 33654.600
198 107 37942.703
198 108 38632.600
198 109 36617.950
198 110 22285.900
198 111 38574.500
198 112 38629.556
198 113 42006.000
198 114 13116.580
198 115 33636.907
198 116 32824.926
198 117 36115.100
198 118 38301.200
198 119 28805.900
198 120 41883.300
198 121 39887.300
198 122 34938.100
198 123 43930.320
198 124 46708.900
198 125 17822.200
198 126 34889.527
198 127 50112.942
198 128 36439.500
198 129 39429.602
198 130 13953.600
198 131 23459.000
198 132 11479.200
198 133 8398.100
198 134 21347.900
198 135 30900.075
198 136 23762.500
198 137 37311.100
198 138 38352.100
198 139 11840.100
198 140 37867.300
198 141 49614.079
198 142 22302.800
198 143 16054.700
198 144 30485.000
198 145 10313.100
198 146 27485.100
198 147 16499.000
198 148 23194.000
198 149 36177.000
198 150 38737.237
198 151 28139.600
198 152 37829.000
198 153 33793.500
198 154 46673.500
198 155 2073.500
198 156 46975.127
198 157 34841.475
198 158 40106.900
198 159 48820.956
198 160 24122.300
198 161 48396.080
198 162 21757.674
198 163 16308.800
198 164 15924.100
198 165 17563.300
198 166 44454.600
198 167 9350.033
198 168 37712.000
198 169 36609.200
198 170 39661.800
198 171 53668.117
198 172 46274.100
198 173 35226.900
198 174 44835.000
198 175 18243.300
198 176 22882.303
198 177 32220.100
198 178 15441.300
198 179 24331.700
198 180 15682.800
198 181 3555.800
198 182 34545.343
198 183 20589.000
198 184 36443.000
198 185 6856.800
198 186 14009.100
198 187 34213.100
198 188 33730.651
198 189 15286.400
198 190 24097.000
198 191 23994.000
198 192 31873.800
198 193 43908.900
198 194 23714.200
198 195 8467.200
198 196 47549.452
198 197 38879.000
198 198 0.000
198 199 26520.100
198 200 46022.000
199 0 6971.600
199 1 47205.561
199 2 17347.100
199 3 8384.100
199 4 25042.600
199 5 26920.200
199 6 25430.300
199 7 29384.659
199 8 50307.728
199 9 25286.400
199 10 16466.100
199 11 27444.300
199 12 23520.500
199 13 16498.900
199 14 27857.300
199 15 48945.789
199 16 20634.200
199 17 19789.300
199 18 26508.956
199 19 24118.100
199 20 50257.600
199 21 48948.321
199 22 48624.962
199 23 25249.900
199 24 20344.500
199 25 8017.900
199 26 50989.775
199 27 31044.000
199 28 23227.400
199 29 11089.000
199 30 49986.595
199 31 34467.900
199 32 22322.100
199 33 28407.985
199 34 15810.900
199 35 14122.300
199 36 50851.251
199 37 27828.611
199 38 14754.000
199 39 16752.500
199 40 11036.900
199 41 29220.700
199 42 20367.400
199 43 26543.900
199 44 10290.200
199 45 27638.878
199 46 30553.900
199 47 27652.900
199 48 14784.400
199 49 25258.900
199 50 10868.400
199 51 22633.600
199 52 14075.300
199 53 21972.700
199 54 19406.000
199 55 19905.200
199 56 18736.600
199 57 25315.379
199 58 21634.600
199 59 26805.800
199 60 25260.373
199 61 31752.422
199 62 16918.300
199 63 34460.023
199 64 26094.100
199 65 27335.100
199 66 27559.500
199 67 21080.210
199 68 24892.300
199 69 16672.800
199 70 31615.600
199 71 27549.500
199 72 33575.904
199 73 28884.838
199 74 12791.400
199 75 11765.400
199 76 9779.000
199 77 21003.800
199 78 24556.400
199 79 23820.700
199 80 12914.000
199 81 22202.700
199 82 27592.500
199 83 29945.163
199 84 10493.000
199 85 27588.700
199 86 26693.600
199 87 30337.189
199 88 29182.714
199 89 15980.100
199 90 20419.900
199 91 25925.100
199 92 17628.600
199 93 21712.900
199 94 18866.800
199 95 27920.236
199 96 20162.700
199 97 10620.200
199 98 16866.700
199 99 27757.600
199 100 49005.993
199 101 18757.900
199 102 18179.000
199 103 6354.000
199 104 28546.000
199 105 27809.500
199 106 18868.900
199 107 20327.779
199 108 16146.400
199 109 28079.357
199 110 27272.900
199 111 22558.100
199 112 20374.797
199 113 24381.400
199 114 34172.864
199 115 49197.933
199 116 48596.625
199 117 13628.800
199 118 16114.200
199 119 5936.500
199 120 19696.300
199 121 25103.200
199 122 15401.500
199 123 25071.176
199 124 22713.600
199 125 22662.600
199 126 49018.864
199 127 28945.898
199 128 18814.900
199 129 31964.083
199 130 31755.200
199 131 26960.700
199 132 20649.400
199 133 26743.400
199 134 28725.000
199 135 46112.259
199 136 24680.600
199 137 15124.100
199 138 16165.100
199 139 28870.400
199 140 15680.300
199 141 30647.505
199 142 27289.800
199 143 17740.600
199 144 8841.000
199 145 18999.900
199 146 19971.200
199 147 12578.700
199 148 19667.000
199 149 12181.700
199 150 30950.020
199 151 20933.000
199 152 15342.800
199 153 11307.200
199 154 22678.100
199 155 26244.800
199 156 24385.284
199 157 48944.987
199 158 22482.200
199 159 34146.480
199 160 29109.300
199 161 28111.916
199 162 37914.056
199 163 18273.500
199 164 25959.400
199 165 16664.100
199 166 20459.200
199 167 30162.881
199 168 18475.700
199 169 14422.200
199 170 15666.500
199 171 32794.222
199 172 22278.800
199 173 13039.900
199 174 20839.700
199 175 23230.300
199 176 37471.657
199 177 16924.100
199 178 25476.600
199 179 20804.700
199 180 12579.300
199 181 26050.300
199 182 50241.147
199 183 30624.300
199 184 18818.400
199 185 23089.900
199 186 24044.400
199 187 14676.400
199 188 49663.566
199 189 18907.200
199 190 4394.000
199 191 27495.700
199 192 10229.700
199 193 19913.500
199 194 28701.200
199 195 20684.300
199 196 30085.925
199 197 19228.300
199 198 26807.200
199 199 0.000
199 200 22026.700
200 0 27346.200
200 1 66786.348
200 2 30885.800
200 3 22376.100
200 4 38659.800
200 5 39488.600
200 6 45120.100
200 7 26787.205
200 8 69757.136
200 9 44761.600
200 10 26307.400
200 11 46520.300
200 12 36088.900
200 13 23115.000
200 14 43071.100
200 15 68640.960
200 16 34246.000
200 17 39479.100
200 18 33949.333
200 19 8586.300
200 20 69753.753
200 21 68643.256
200 22 68157.986
200 23 44725.200
200 24 31406.800
200 25 28392.600
200 26 70557.691
200 27 34159.700
200 28 11555.600
200 29 26146.000
200 30 69543.933
200 31 32485.700
200 32 8009.100
200 33 44107.190
200 34 14488.400
200 35 10833.700
200 36 70425.592
200 37 43632.021
200 38 24595.300
200 39 25977.200
200 40 19685.800
200 41 48910.500
200 42 6054.400
200 43 46233.700
200 44 16536.800
200 45 42142.112
200 46 49629.900
200 47 40221.300
200 48 19296.100
200 49 37827.400
200 50 19616.200
200 51 35202.000
200 52 23916.600
200 53 34541.100
200 54 34619.900
200 55 32473.600
200 56 27961.400
200 57 5682.714
200 58 40710.600
200 59 42019.700
200 60 5583.651
200 61 32814.044
200 62 26143.000
200 63 52630.070
200 64 45784.000
200 65 47025.000
200 66 42773.400
200 67 1562.796
200 68 44582.100
200 69 29241.200
200 70 51305.500
200 71 44245.000
200 72 44728.318
200 73 37923.297
200 74 25510.300
200 75 24484.300
200 76 26002.900
200 77 11661.600
200 78 44246.200
200 79 41436.900
200 80 22138.700
200 81 41278.700
200 82 45881.300
200 83 44702.731
200 84 19240.800
200 85 46030.300
200 86 46383.400
200 87 38859.358
200 88 36942.466
200 89 25821.400
200 90 32942.500
200 91 14253.300
200 92 31167.400
200 93 34281.300
200 94 12730.200
200 95 43844.613
200 96 39852.600
200 97 27418.000
200 98 30405.400
200 99 42971.500
200 100 68700.433
200 101 3268.800
200 102 30747.400
200 103 19458.100
200 104 41114.500
200 105 47499.300
200 106 31437.300
200 107 3668.995
200 108 22513.400
200 109 44088.533
200 110 45287.000
200 111 35126.500
200 112 2379.752
200 113 36949.800
200 114 47637.727
200 115 68761.773
200 116 68128.658
200 117 19995.900
200 118 16792.500
200 119 18077.000
200 120 21917.300
200 121 37671.600
200 122 24626.300
200 123 32250.420
200 124 7530.100
200 125 40278.900
200 126 68713.188
200 127 29815.878
200 128 31383.300
200 129 47944.990
200 130 31831.800
200 131 42174.500
200 132 40339.300
200 133 46433.200
200 134 46341.200
200 135 65688.220
200 136 39894.400
200 137 19928.800
200 138 24930.600
200 139 47946.400
200 140 16952.400
200 141 36043.496
200 142 42265.500
200 143 28802.900
200 144 18416.000
200 145 38689.800
200 146 35185.000
200 147 33479.200
200 148 34998.600
200 149 18881.400
200 150 46907.369
200 151 34544.800
200 152 21709.800
200 153 20054.900
200 154 12670.500
200 155 45320.800
200 156 18308.092
200 157 68640.579
200 158 35050.600
200 159 44475.524
200 160 46725.500
200 161 31560.323
200 162 46777.738
200 163 35889.700
200 164 45649.200
200 165 34280.300
200 166 9824.400
200 167 44041.323
200 168 17153.300
200 169 19101.100
200 170 7732.200
200 171 14900.524
200 172 7965.800
200 173 18529.400
200 174 8985.800
200 175 40846.500
200 176 45227.042
200 177 15601.700
200 178 45166.500
200 179 36136.300
200 180 32736.900
200 181 45126.300
200 182 69797.361
200 183 50314.100
200 184 31386.800
200 185 42779.700
200 186 43734.200
200 187 23515.200
200 188 69183.979
200 189 36523.400
200 190 27284.000
200 191 42709.600
200 192 13987.700
200 193 5600.600
200 194 46317.400
200 195 40374.200
200 196 37964.763
200 197 30050.700
200 198 45883.200
200 199 23335.100
200 200 0.000
