# i j distance_m; directed OSRM/OSM road distance for truck; i/j are zero-based CSV row indices
0 0 0.000
0 1 6413.200
0 2 4150.000
0 3 2989.700
0 4 1266.900
0 5 2899.300
0 6 7723.800
0 7 9512.200
0 8 2603.700
0 9 7253.300
0 10 9117.000
0 11 5175.700
0 12 8756.600
0 13 9552.200
0 14 7426.500
0 15 8593.000
0 16 2253.000
0 17 6563.700
0 18 10415.300
0 19 4178.100
0 20 4318.100
0 21 6626.500
0 22 4830.900
0 23 7565.500
0 24 3586.300
0 25 3603.300
0 26 4596.500
0 27 1883.200
0 28 5718.200
0 29 2790.300
0 30 5140.400
0 31 7961.500
0 32 5753.600
0 33 4375.800
0 34 4047.300
0 35 5117.000
0 36 5042.000
0 37 3588.400
0 38 4039.300
0 39 7700.000
0 40 7305.200
0 41 5981.500
0 42 5609.000
0 43 7589.100
0 44 7117.200
0 45 6478.700
0 46 2957.600
0 47 4605.500
0 48 8060.100
0 49 4763.200
0 50 2832.700
0 51 2355.000
0 52 6209.000
0 53 6712.100
0 54 4416.300
0 55 6813.900
0 56 5604.000
0 57 6307.800
0 58 5008.700
0 59 5909.600
0 60 7515.900
0 61 6191.800
0 62 10531.600
0 63 2531.300
0 64 3818.100
0 65 4316.100
0 66 5211.400
0 67 8794.900
0 68 7014.200
0 69 6681.100
0 70 7053.000
0 71 3323.100
0 72 6925.600
0 73 6169.500
0 74 3317.100
0 75 7438.400
0 76 7018.900
0 77 4235.200
0 78 6738.000
0 79 6836.100
0 80 6453.700
0 81 7378.700
0 82 10974.900
0 83 3757.500
0 84 5233.600
0 85 2600.100
0 86 4549.100
0 87 6532.000
0 88 4467.800
0 89 6529.100
0 90 7328.300
0 91 3954.400
0 92 3501.100
0 93 7697.300
0 94 1860.500
0 95 9411.400
0 96 1053.900
0 97 7572.800
0 98 7098.400
0 99 5919.300
1 0 7097.200
1 1 0.000
1 2 3874.900
1 3 8605.300
1 4 6882.500
1 5 4558.000
1 6 8600.400
1 7 9160.000
1 8 8219.200
1 9 5246.500
1 10 7177.300
1 11 6163.800
1 12 5821.600
1 13 7581.700
1 14 2587.000
1 15 6653.300
1 16 7868.500
1 17 5667.600
1 18 7707.900
1 19 6731.500
1 20 9933.700
1 21 3286.900
1 22 6441.600
1 23 6233.000
1 24 5577.500
1 25 9218.800
1 26 3224.600
1 27 6191.300
1 28 5223.900
1 29 5026.900
1 30 10755.900
1 31 5325.100
1 32 2039.400
1 33 7156.600
1 34 4758.300
1 35 3961.100
1 36 2999.500
1 37 9566.900
1 38 9654.900
1 39 8773.400
1 40 6615.400
1 41 2484.600
1 42 9156.000
1 43 7932.500
1 44 7617.900
1 45 1295.400
1 46 6669.500
1 47 3500.300
1 48 5818.700
1 49 4737.900
1 50 4973.900
1 51 6287.900
1 52 9945.300
1 53 10025.800
1 54 8540.900
1 55 4843.500
1 56 7555.400
1 57 4441.000
1 58 8941.500
1 59 9575.600
1 60 4563.000
1 61 7202.700
1 62 8591.900
1 63 8509.800
1 64 7943.800
1 65 9931.700
1 66 5149.300
1 67 6824.500
1 68 7552.400
1 69 4741.400
1 70 4100.100
1 71 6260.600
1 72 2475.900
1 73 2854.100
1 74 4884.200
1 75 7186.600
1 76 6106.000
1 77 9850.800
1 78 4630.600
1 79 9642.600
1 80 11353.800
1 81 684.700
1 82 11500.900
1 83 7690.300
1 84 4337.500
1 85 5752.200
1 86 5737.700
1 87 9619.900
1 88 5469.100
1 89 8617.900
1 90 3665.200
1 91 9570.000
1 92 7688.100
1 93 5726.900
1 94 6796.800
1 95 7471.700
1 96 6423.500
1 97 2001.900
1 98 5756.500
1 99 8805.800
2 0 3621.800
2 1 3913.200
2 2 0.000
2 3 5129.900
2 4 3407.100
2 5 1562.100
2 6 6871.300
2 7 7430.900
2 8 4743.900
2 9 5012.700
2 10 5448.200
2 11 3878.300
2 12 6515.900
2 13 5883.400
2 14 4619.100
2 15 4924.200
2 16 4393.100
2 17 2894.900
2 18 5978.700
2 19 3987.900
2 20 6458.300
2 21 3368.700
2 22 3668.300
2 23 6337.600
2 24 1452.000
2 25 5743.500
2 26 1491.100
2 27 3195.300
2 28 3477.600
2 29 1551.500
2 30 7280.600
2 31 5720.800
2 32 2946.100
2 33 3681.200
2 34 1806.700
2 35 2861.600
2 36 1936.600
2 37 6570.900
2 38 6179.500
2 39 7044.300
2 40 3636.300
2 41 2876.100
2 42 6066.500
2 43 7441.100
2 44 4948.500
2 45 3671.200
2 46 3194.100
2 47 2105.500
2 48 6214.500
2 49 1094.400
2 50 1977.900
2 51 2812.500
2 52 6666.500
2 53 6550.400
2 54 5493.300
2 55 3145.100
2 56 4826.000
2 57 2639.000
2 58 5466.100
2 59 5003.700
2 60 5275.200
2 61 6091.600
2 62 6862.800
2 63 5746.900
2 64 4896.200
2 65 6456.300
2 66 2915.500
2 67 5126.100
2 68 5756.500
2 69 3012.300
2 70 4812.400
2 71 3153.900
2 72 3861.400
2 73 3362.100
2 74 1888.200
2 75 7290.400
2 76 3350.100
2 77 6375.400
2 78 3069.200
2 79 7913.500
2 80 7878.400
2 81 4265.800
2 82 9771.800
2 83 4214.900
2 84 1564.800
2 85 2276.800
2 86 2631.000
2 87 6979.700
2 88 1993.700
2 89 6468.000
2 90 4030.700
2 91 6094.600
2 92 4581.500
2 93 4028.500
2 94 3800.800
2 95 5742.600
2 96 2948.100
2 97 4765.300
2 98 5265.200
2 99 6062.200
3 0 2625.700
3 1 8125.400
3 2 5862.200
3 3 0.000
3 4 2323.400
3 5 4611.500
3 6 8780.200
3 7 10568.700
3 8 2353.000
3 9 8965.500
3 10 10173.400
3 11 6887.900
3 12 10468.800
3 13 10608.700
3 14 8483.000
3 15 9649.500
3 16 1636.000
3 17 7620.200
3 18 11471.800
3 19 5890.300
3 20 2480.200
3 21 7683.000
3 22 6543.100
3 23 9277.700
3 24 5298.500
3 25 1765.300
3 26 6308.700
3 27 3595.400
3 28 7430.400
3 29 3846.800
3 30 3302.400
3 31 9673.700
3 32 6810.100
3 33 5432.200
3 34 5759.500
3 35 6829.200
3 36 6754.200
3 37 2421.100
3 38 2201.300
3 39 9029.700
3 40 8361.600
3 41 7693.700
3 42 6665.500
3 43 9301.300
3 44 8173.600
3 45 7535.200
3 46 4014.000
3 47 6317.700
3 48 9772.300
3 49 5819.700
3 50 4544.900
3 51 3411.500
3 52 6741.100
3 53 4874.100
3 54 6138.900
3 55 7870.400
3 56 6660.400
3 57 7364.300
3 58 6511.800
3 59 7859.600
3 60 9228.100
3 61 7904.000
3 62 11588.100
3 63 903.800
3 64 5540.600
3 65 2957.200
3 66 6923.600
3 67 9851.400
3 68 8726.400
3 69 7737.500
3 70 8765.200
3 71 5035.300
3 72 7982.100
3 73 7226.000
3 74 5029.300
3 75 9150.600
3 76 8075.400
3 77 2397.200
3 78 7794.500
3 79 7970.100
3 80 4615.700
3 81 9090.900
3 82 12031.300
3 83 4813.900
3 84 6290.100
3 85 4312.300
3 86 6261.300
3 87 7666.000
3 88 5524.300
3 89 8569.300
3 90 8384.700
3 91 2116.500
3 92 4479.600
3 93 8753.800
3 94 4347.200
3 95 10467.800
3 96 3625.400
3 97 8629.300
3 98 8810.600
3 99 6446.800
4 0 1976.700
4 1 6508.300
4 2 3513.300
4 3 3484.800
4 4 0.000
4 5 3253.200
4 6 6456.800
4 7 8245.300
4 8 3098.700
4 9 8123.900
4 10 7850.000
4 11 5574.500
4 12 9130.900
4 13 8285.300
4 14 6159.600
4 15 7326.100
4 16 2748.000
4 17 5296.800
4 18 9148.400
4 19 4576.900
4 20 4813.200
4 21 5359.600
4 22 5237.700
4 23 7932.400
4 24 2601.800
4 25 4098.300
4 26 3857.400
4 27 2374.300
4 28 6092.500
4 29 1523.400
4 30 5499.100
4 31 9020.800
4 32 4486.700
4 33 3108.800
4 34 4421.700
4 35 5491.300
4 36 4448.500
4 37 4938.200
4 38 4534.400
4 39 6433.100
4 40 6038.200
4 41 5936.300
4 42 4342.100
4 43 7956.000
4 44 5850.200
4 45 5211.800
4 46 1690.600
4 47 4959.400
4 48 8427.000
4 49 3496.300
4 50 3186.500
4 51 1088.100
4 52 4942.100
4 53 4826.000
4 54 4801.000
4 55 5547.000
4 56 4337.000
4 57 5040.900
4 58 3741.800
4 59 4642.700
4 60 7890.200
4 61 6558.600
4 62 9264.700
4 63 4101.800
4 64 4202.800
4 65 4811.200
4 66 5610.100
4 67 7528.000
4 68 7381.100
4 69 5414.100
4 70 7427.300
4 71 3697.400
4 72 5658.700
4 73 4902.600
4 74 3671.000
4 75 7805.300
4 76 5752.000
4 77 4730.300
4 78 5471.100
4 79 5569.200
4 80 6154.100
4 81 6240.000
4 82 9707.900
4 83 2490.500
4 84 3966.700
4 85 1708.400
4 86 4947.900
4 87 5265.100
4 88 3200.900
4 89 6903.400
4 90 6061.400
4 91 4449.500
4 92 4294.000
4 93 6430.400
4 94 3009.300
4 95 8144.400
4 96 1302.000
4 97 6305.900
4 98 7465.300
4 99 6240.900
5 0 2889.000
5 1 3513.900
5 2 1250.700
5 3 5537.000
5 4 3814.200
5 5 0.000
5 6 8154.300
5 7 8713.900
5 8 5151.000
5 9 4613.100
5 10 6731.200
5 11 3633.800
5 12 6116.400
5 13 7166.400
5 14 4969.000
5 15 6207.200
5 16 4800.300
5 17 4177.900
5 18 7261.700
5 19 3743.400
5 20 6865.400
5 21 4213.500
5 22 3423.800
5 23 5938.100
5 24 1243.500
5 25 6150.600
5 26 1697.200
5 27 2115.100
5 28 3078.000
5 29 1958.700
5 30 7687.700
5 31 5321.300
5 32 3317.100
5 33 5073.600
5 34 1407.200
5 35 2462.100
5 36 2142.700
5 37 5490.700
5 38 6586.600
5 39 8327.300
5 40 4919.300
5 41 3082.200
5 42 6473.600
5 43 7041.600
5 44 6231.500
5 45 4021.100
5 46 3601.300
5 47 1706.200
5 48 5814.900
5 49 2377.400
5 50 897.700
5 51 3219.600
5 52 7073.600
5 53 6957.500
5 54 4413.100
5 55 4428.100
5 56 6109.000
5 57 3922.000
5 58 5873.300
5 59 6396.100
5 60 4875.700
5 61 5847.000
5 62 8145.800
5 63 4433.600
5 64 3816.000
5 65 6863.400
5 66 2646.700
5 67 6409.100
5 68 5512.000
5 69 4295.200
5 70 4412.800
5 71 2909.400
5 72 4172.400
5 73 3733.100
5 74 1397.100
5 75 6890.900
5 76 4633.100
5 77 6782.500
5 78 4352.200
5 79 7700.700
5 80 8285.600
5 81 4479.400
5 82 11054.800
5 83 4622.000
5 84 2847.800
5 85 1876.200
5 86 2386.500
5 87 7396.600
5 88 3386.200
5 89 6223.500
5 90 4915.200
5 91 6501.700
5 92 4336.900
5 93 5311.500
5 94 2720.600
5 95 7025.600
5 96 2718.000
5 97 5478.600
5 98 4865.600
5 99 5817.700
6 0 7753.300
6 1 8564.700
6 2 7148.400
6 3 9261.400
6 4 7538.600
6 5 8534.100
6 6 0.000
6 7 1682.200
6 8 8032.200
6 9 11809.800
6 10 2504.000
6 11 10830.400
6 12 13313.100
6 13 5533.900
6 14 7175.300
6 15 2854.100
6 16 8524.600
6 17 5632.200
6 18 2585.300
6 19 10156.100
6 20 8795.300
6 21 6446.800
6 22 10620.400
6 23 13511.600
6 24 8441.200
6 25 9333.300
6 26 7293.100
6 27 7953.600
6 28 10274.700
6 29 7102.600
6 30 8219.800
6 31 12518.000
6 32 7413.900
6 33 5407.100
6 34 8603.800
6 35 9658.700
6 36 7884.100
6 37 11030.100
6 38 10626.300
6 39 1972.300
6 40 4057.500
6 41 8585.100
6 42 3141.600
6 43 13535.200
6 44 2634.100
6 45 7268.200
6 46 7269.900
6 47 8902.600
6 48 13011.600
6 49 7622.600
6 50 8950.000
6 51 6195.000
6 52 4356.600
6 53 7285.400
6 54 10380.200
6 55 4423.300
6 56 4387.200
6 57 6237.400
6 58 4260.800
6 59 3561.300
6 60 12072.300
6 61 12137.900
6 62 4792.700
6 63 9878.400
6 64 9782.000
6 65 9276.900
6 66 9843.400
6 67 5636.800
6 68 12960.300
6 69 4286.700
6 70 11609.500
6 71 9276.700
6 72 6549.800
6 73 6799.800
6 74 8860.300
6 75 13384.500
6 76 4612.500
6 77 9997.000
6 78 4410.800
6 79 2841.500
6 80 8874.700
6 81 8296.500
6 82 4385.400
6 83 4949.900
6 84 5901.700
6 85 7287.600
6 86 9583.100
6 87 3336.100
6 88 6501.200
6 89 12482.700
6 90 5372.300
6 91 10186.500
6 92 9873.300
6 93 3405.400
6 94 8588.600
6 95 3672.500
6 96 7078.600
6 97 8362.300
6 98 12062.300
6 99 11820.200
7 0 7895.500
7 1 8440.200
7 2 7023.900
7 3 9403.600
7 4 7680.800
7 5 8409.600
7 6 1941.400
7 7 0.000
7 8 8174.400
7 9 11685.300
7 10 1433.700
7 11 10705.900
7 12 13188.500
7 13 3837.400
7 14 7050.800
7 15 2208.500
7 16 8666.800
7 17 4986.600
7 18 903.100
7 19 10298.300
7 20 8536.800
7 21 6322.300
7 22 10495.900
7 23 13653.800
7 24 8323.200
7 25 9074.900
7 26 7168.600
7 27 8095.700
7 28 10150.200
7 29 7244.800
7 30 7961.300
7 31 12393.400
7 32 7289.400
7 33 5549.200
7 34 8479.300
7 35 9534.200
7 36 7759.600
7 37 10771.600
7 38 10367.800
7 39 2114.500
7 40 3411.900
7 41 8460.600
7 42 3283.800
7 43 13677.400
7 44 3327.300
7 45 7143.700
7 46 7412.000
7 47 8778.100
7 48 12887.100
7 49 5897.100
7 50 8825.500
7 51 6337.200
7 52 4498.700
7 53 7427.600
7 54 10522.400
7 55 4298.800
7 56 4351.900
7 57 6112.900
7 58 4402.900
7 59 3703.400
7 60 11947.800
7 61 12280.000
7 62 3091.400
7 63 10020.600
7 64 9924.200
7 65 9018.400
7 66 9718.900
7 67 4194.900
7 68 13102.500
7 69 4162.200
7 70 11485.000
7 71 9418.800
7 72 6425.300
7 73 6675.300
7 74 8735.800
7 75 13526.700
7 76 3966.900
7 77 9738.500
7 78 4286.300
7 79 2983.700
7 80 8616.300
7 81 8172.000
7 82 3715.500
7 83 5092.100
7 84 5256.000
7 85 7429.800
7 86 9458.600
7 87 3478.200
7 88 6643.400
7 89 12624.800
7 90 5247.800
7 91 9928.000
7 92 10015.400
7 93 2759.800
7 94 8730.700
7 95 3026.800
7 96 7220.800
7 97 8237.800
7 98 11937.800
7 99 11962.300
8 0 3390.800
8 1 7922.400
8 2 4927.400
8 3 2484.800
8 4 1414.100
8 5 4667.300
8 6 6123.800
8 7 7140.300
8 8 0.000
8 9 9538.000
8 10 7328.300
8 11 6988.600
8 12 10545.000
8 13 9699.400
8 14 7573.700
8 15 7678.400
8 16 717.000
8 17 6710.900
8 18 8043.400
8 19 5991.000
8 20 2696.100
8 21 6773.700
8 22 6651.800
8 23 9346.500
8 24 4015.900
8 25 1884.400
8 26 5271.600
8 27 3788.500
8 28 7506.700
8 29 2937.500
8 30 2598.800
8 31 10435.000
8 32 5900.800
8 33 2775.800
8 34 5835.800
8 35 6905.500
8 36 5862.600
8 37 3646.300
8 38 3242.500
8 39 6100.000
8 40 5178.200
8 41 7350.400
8 42 4009.000
8 43 9370.100
8 44 5517.200
8 45 6625.900
8 46 3104.800
8 47 6373.500
8 48 9841.200
8 49 4910.400
8 50 4600.700
8 51 2502.200
8 52 4609.000
8 53 2944.700
8 54 6215.100
8 55 6961.100
8 56 4004.000
8 57 6455.000
8 58 3408.700
8 59 4309.600
8 60 9304.300
8 61 7972.800
8 62 9617.000
8 63 3101.800
8 64 5616.900
8 65 1901.500
8 66 7024.300
8 67 8942.100
8 68 8795.200
8 69 6828.300
8 70 8841.500
8 71 5111.600
8 72 7072.800
8 73 6316.700
8 74 5085.100
8 75 9219.400
8 76 7166.100
8 77 2613.200
8 78 6885.200
8 79 5236.100
8 80 3630.400
8 81 7654.200
8 82 9381.500
8 83 2157.500
8 84 5380.800
8 85 3122.500
8 86 6362.000
8 87 4932.000
8 88 4615.000
8 89 8317.600
8 90 7475.500
8 91 1569.000
8 92 5708.200
8 93 7844.500
8 94 4423.500
8 95 8496.800
8 96 2716.100
8 97 7720.000
8 98 8879.500
8 99 7655.100
9 0 7763.200
9 1 4800.100
9 2 5199.900
9 3 10442.100
9 4 8719.400
9 5 4996.600
9 6 11951.200
9 7 12510.800
9 8 10056.100
9 9 0.000
9 10 10528.100
9 11 1855.800
9 12 1726.300
9 13 10963.300
9 14 6527.100
9 15 10004.100
9 16 9705.400
9 17 7974.900
9 18 11058.700
9 19 3170.100
9 20 11770.600
9 21 6716.900
9 22 3244.500
9 23 1324.900
9 24 5594.200
9 25 11055.700
9 26 5085.500
9 27 6989.300
9 28 2404.800
9 29 6309.400
9 30 12592.800
9 31 1229.700
9 32 5469.500
9 33 10161.400
9 34 3427.100
9 35 3503.800
9 36 5223.500
9 37 8959.900
9 38 10029.700
9 39 12124.200
9 40 8716.300
9 41 5548.200
9 42 11394.700
9 43 3024.500
9 44 10028.500
9 45 5950.100
9 46 8722.800
9 47 3974.000
9 48 1074.600
9 49 6174.300
9 50 5272.600
9 51 8140.700
9 52 11994.700
9 53 11878.600
9 54 7209.700
9 55 8225.000
9 56 9905.900
9 57 6936.300
9 58 10794.400
9 59 11695.300
9 60 2186.600
9 61 2294.700
9 62 11942.700
9 63 9307.800
9 64 5684.500
9 65 11768.500
9 66 2330.200
9 67 10206.000
9 68 2644.400
9 69 8092.200
9 70 974.700
9 71 4184.400
9 72 5905.900
9 73 6284.100
9 74 4365.400
9 75 2278.600
9 76 8430.000
9 77 11687.700
9 78 8149.200
9 79 12621.800
9 80 13206.700
9 81 4942.700
9 82 14851.700
9 83 9543.100
9 84 6644.700
9 85 6182.900
9 86 3211.900
9 87 12317.700
9 88 7183.100
9 89 3709.900
9 90 7605.300
9 91 11406.900
9 92 4700.400
9 93 9108.400
9 94 6273.200
9 95 10822.500
9 96 7836.300
9 97 5941.900
9 98 848.500
9 99 4531.400
10 0 8505.600
10 1 7109.400
10 2 5693.100
10 3 10013.600
10 4 8290.900
10 5 7078.800
10 6 3142.000
10 7 1490.200
10 8 9374.900
10 9 10354.500
10 10 0.000
10 11 9375.100
10 12 11857.700
10 13 3431.300
10 14 5720.000
10 15 751.500
10 16 9276.900
10 17 3529.600
10 18 530.600
10 19 9484.700
10 20 9737.300
10 21 4991.500
10 22 9165.100
10 23 11679.400
10 24 6985.900
10 25 10275.400
10 26 5837.800
10 27 8712.000
10 28 8819.300
10 29 6435.300
10 30 9161.800
10 31 11062.600
10 32 5958.600
10 33 4710.400
10 34 7148.500
10 35 8203.400
10 36 6428.800
10 37 11467.000
10 38 11063.300
10 39 3315.000
10 40 1955.000
10 41 7129.800
10 42 4484.300
10 43 12782.900
10 44 2957.600
10 45 5812.900
10 46 8077.900
10 47 7447.300
10 48 11556.300
10 49 4440.200
10 50 7494.700
10 51 7696.200
10 52 5152.500
10 53 8628.100
10 54 10931.100
10 55 2967.900
10 56 2895.000
10 57 4782.100
10 58 5603.400
10 59 4903.900
10 60 10617.000
10 61 12891.100
10 62 2690.100
10 63 10630.700
10 64 10334.000
10 65 10218.900
10 66 8388.000
10 67 3534.200
10 68 11253.300
10 69 2831.400
10 70 10154.100
10 71 8650.700
10 72 5094.500
10 73 5344.400
10 74 7405.000
10 75 12632.200
10 76 2510.000
10 77 10939.000
10 78 2955.500
10 79 4184.200
10 80 9816.800
10 81 6841.100
10 82 5599.100
10 83 6292.600
10 84 3799.100
10 85 7160.600
10 86 8127.800
10 87 4827.100
10 88 5204.900
10 89 11964.800
10 90 3917.000
10 91 11128.500
10 92 10078.300
10 93 1302.900
10 94 9341.800
10 95 1569.900
10 96 7831.900
10 97 6907.000
10 98 10607.000
10 99 11559.000
11 0 4919.100
11 1 6448.900
11 2 4189.200
11 3 7618.600
11 4 5895.900
11 5 3592.700
11 6 10940.600
11 7 11500.100
11 8 7232.600
11 9 1648.800
11 10 9517.400
11 11 0.000
11 12 3375.000
11 13 9952.700
11 14 8175.900
11 15 8993.500
11 16 6881.900
11 17 6964.200
11 18 10048.000
11 19 1314.300
11 20 8947.100
11 21 6747.500
11 22 1254.100
11 23 2610.400
11 24 4279.700
11 25 8232.200
11 26 4483.500
11 27 4145.200
11 28 2887.600
11 29 4695.900
11 30 9769.300
11 31 2878.500
11 32 5851.100
11 33 7337.900
11 34 2416.500
11 35 3291.700
11 36 4929.000
11 37 7104.100
11 38 8173.900
11 39 10662.100
11 40 7705.600
11 41 5868.500
11 42 8571.200
11 43 3512.100
11 44 9017.800
11 45 6553.700
11 46 5899.200
11 47 3501.500
11 48 2360.100
11 49 5163.700
11 50 3453.300
11 51 5317.200
11 52 9171.200
11 53 9055.100
11 54 4427.000
11 55 7214.400
11 56 8895.300
11 57 6708.300
11 58 7970.900
11 59 8871.700
11 60 3835.300
11 61 1733.300
11 62 10932.100
11 63 6463.700
11 64 3828.700
11 65 8945.000
11 66 1647.400
11 67 9195.400
11 68 1900.000
11 69 7081.500
11 70 2623.400
11 71 1912.900
11 72 6705.000
11 73 6267.100
11 74 2546.100
11 75 3361.400
11 76 7419.400
11 77 8905.600
11 78 7138.500
11 79 9798.200
11 80 10383.100
11 81 6591.400
11 82 13930.000
11 83 6719.600
11 84 5634.100
11 85 3911.300
11 86 1640.600
11 87 9494.100
11 88 6172.400
11 89 2611.500
11 90 7449.200
11 91 8583.400
11 92 2844.600
11 93 8097.800
11 94 3442.200
11 95 9811.800
11 96 4781.500
11 97 7590.700
11 98 1640.600
11 99 2675.600
12 0 8003.600
12 1 5077.300
12 2 6012.900
12 3 10703.200
12 4 8980.400
12 5 5809.600
12 6 12764.200
12 7 13323.800
12 8 10317.200
12 9 2526.600
12 10 11341.100
12 11 4157.700
12 12 0.000
12 13 11776.300
12 14 6804.300
12 15 10817.100
12 16 9966.400
12 17 8787.900
12 18 11871.700
12 19 4725.400
12 20 12031.600
12 21 6994.100
12 22 4435.500
12 23 2579.800
12 24 6407.200
12 25 11316.800
12 26 5898.800
12 27 7229.800
12 28 3217.900
12 29 7122.400
12 30 12853.900
12 31 1758.300
12 32 5746.700
12 33 9683.600
12 34 4240.100
12 35 3869.800
12 36 6036.700
12 37 10605.400
12 38 11675.200
12 39 12937.200
12 40 9529.300
12 41 5825.400
12 42 11655.700
12 43 5063.800
12 44 10841.500
12 45 6227.300
12 46 8983.800
12 47 4787.300
12 48 2289.600
12 49 6987.300
12 50 6085.600
12 51 8401.700
12 52 12255.700
12 53 12139.700
12 54 8022.700
12 55 9038.000
12 56 10719.000
12 57 7749.600
12 58 11055.400
12 59 11006.100
12 60 718.600
12 61 4418.100
12 62 12755.700
12 63 9548.200
12 64 7425.600
12 65 12029.600
12 66 3143.200
12 67 11019.000
12 68 4683.700
12 69 8905.200
12 70 1934.000
12 71 4997.400
12 72 6183.200
12 73 6561.300
12 74 5178.400
12 75 2860.600
12 76 9243.000
12 77 11948.700
12 78 8962.200
12 79 13806.400
12 80 13467.700
12 81 5219.900
12 82 15664.700
12 83 9804.200
12 84 7457.800
12 85 6995.900
12 86 4024.900
12 87 12578.700
12 88 7996.100
12 89 5849.000
12 90 7882.500
12 91 11667.900
12 92 6425.000
12 93 9921.400
12 94 6526.700
12 95 11635.500
12 96 7866.000
12 97 6219.100
12 98 2972.000
12 99 6799.700
13 0 8947.500
13 1 7529.900
13 2 6135.000
13 3 10455.600
13 4 8732.800
13 5 7520.700
13 6 5929.000
13 7 3893.900
13 8 10069.600
13 9 10796.400
13 10 3427.000
13 11 9817.000
13 12 12299.700
13 13 0.000
13 14 6032.300
13 15 2903.000
13 16 9718.800
13 17 5651.100
13 18 3957.600
13 19 9926.700
13 20 11784.000
13 21 5412.000
13 22 9607.000
13 23 12121.400
13 24 7427.900
13 25 11069.200
13 26 6279.700
13 27 9154.000
13 28 9261.300
13 29 6877.200
13 30 10956.400
13 31 11504.600
13 32 6379.100
13 33 6831.800
13 34 7590.400
13 35 8645.300
13 36 6870.700
13 37 11909.000
13 38 11505.200
13 39 6102.000
13 40 4076.400
13 41 7550.300
13 42 6484.500
13 43 13224.800
13 44 5079.000
13 45 6233.400
13 46 8519.800
13 47 7889.200
13 48 11998.200
13 49 6609.200
13 50 7936.600
13 51 8138.200
13 52 7273.900
13 53 10628.300
13 54 11373.000
13 55 3598.300
13 56 5016.500
13 57 5224.000
13 58 7603.600
13 59 6904.200
13 60 11059.000
13 61 13333.100
13 62 1206.800
13 63 11072.600
13 64 10775.900
13 65 11782.000
13 66 8830.000
13 67 757.300
13 68 11695.200
13 69 3496.200
13 70 10596.100
13 71 9092.700
13 72 5515.000
13 73 5319.400
13 74 7846.900
13 75 13074.200
13 76 4631.400
13 77 11701.100
13 78 3376.000
13 79 6971.200
13 80 11611.300
13 81 7261.700
13 82 4042.300
13 83 8292.800
13 84 5047.100
13 85 7602.500
13 86 8569.700
13 87 6948.500
13 88 7319.400
13 89 12406.800
13 90 4337.500
13 91 11420.300
13 92 10520.200
13 93 3223.000
13 94 9783.800
13 95 2034.700
13 96 8273.800
13 97 7327.500
13 98 11048.900
13 99 12000.900
14 0 6710.300
14 1 2626.900
14 2 3897.800
14 3 8218.400
14 4 6495.600
14 5 5150.300
14 6 6635.100
14 7 7194.700
14 8 7832.400
14 9 6608.900
14 10 5212.000
14 11 7249.800
14 12 7449.500
14 13 5616.400
14 14 0.000
14 15 4688.000
14 16 7481.600
14 17 4875.600
14 18 5742.500
14 19 7359.500
14 20 9546.800
14 21 2900.000
14 22 7039.800
14 23 7860.800
14 24 5190.700
14 25 8832.000
14 26 3309.500
14 27 6783.600
14 28 6293.500
14 29 4640.000
14 30 10369.100
14 31 6952.900
14 32 1652.600
14 33 6769.700
14 34 5023.200
14 35 4907.200
14 36 2612.600
14 37 9671.800
14 38 9268.000
14 39 6808.100
14 40 4650.000
14 41 2777.300
14 42 7190.600
14 43 9037.300
14 44 5652.600
14 45 1330.400
14 46 6282.600
14 47 4092.600
14 48 7446.500
14 49 4351.100
14 50 5566.200
14 51 5901.000
14 52 7980.000
14 53 9638.900
14 54 8805.800
14 55 2878.100
14 56 5590.100
14 57 3649.000
14 58 8309.700
14 59 7610.200
14 60 6190.800
14 61 8307.500
14 62 6626.600
14 63 8835.400
14 64 8208.700
14 65 9544.800
14 66 6252.300
14 67 4859.100
14 68 8657.200
14 69 2776.000
14 70 5727.900
14 71 6525.500
14 72 2089.000
14 73 2467.200
14 74 5476.500
14 75 8814.400
14 76 3833.800
14 77 9463.900
14 78 2665.300
14 79 7677.300
14 80 10966.900
14 81 2358.700
14 82 9535.600
14 83 7303.400
14 84 3545.500
14 85 5365.300
14 86 6002.500
14 87 7654.600
14 88 5082.200
14 89 9839.600
14 90 1257.500
14 91 9183.100
14 92 7953.000
14 93 3761.500
14 94 7546.600
14 95 5506.400
14 96 6036.700
14 97 2424.500
14 98 6861.400
14 99 9433.700
15 0 8103.300
15 1 6707.100
15 2 5290.800
15 3 9611.400
15 4 7888.600
15 5 6676.500
15 6 3405.300
15 7 2393.500
15 8 9225.300
15 9 9952.200
15 10 903.300
15 11 8972.800
15 12 11455.500
15 13 2679.800
15 14 5317.700
15 15 0.000
15 16 8874.600
15 17 3127.400
15 18 1433.900
15 19 9082.400
15 20 9008.100
15 21 4589.200
15 22 8762.800
15 23 11277.100
15 24 6583.600
15 25 9546.200
15 26 5435.500
15 27 8309.800
15 28 8417.100
15 29 6033.000
15 30 8432.700
15 31 10660.400
15 32 5556.300
15 33 4308.100
15 34 6746.200
15 35 7801.100
15 36 6026.500
15 37 11064.800
15 38 10661.000
15 39 3578.300
15 40 1552.700
15 41 6727.500
15 42 3960.800
15 43 12380.600
15 44 2555.300
15 45 5410.600
15 46 7675.600
15 47 7045.000
15 48 11154.000
15 49 4037.900
15 50 7092.400
15 51 7293.900
15 52 4750.200
15 53 8104.600
15 54 10528.800
15 55 2565.700
15 56 2492.800
15 57 4379.800
15 58 5079.900
15 59 4380.500
15 60 10214.700
15 61 12488.900
15 62 1938.600
15 63 10228.400
15 64 9931.700
15 65 9489.700
15 66 7985.800
15 67 3132.000
15 68 10851.000
15 69 2429.100
15 70 9751.900
15 71 8248.500
15 72 4692.200
15 73 4942.200
15 74 7002.700
15 75 12230.000
15 76 2107.700
15 77 10209.800
15 78 2553.200
15 79 4447.500
15 80 9087.600
15 81 6438.900
15 82 4847.600
15 83 5769.100
15 84 3396.800
15 85 6758.300
15 86 7725.500
15 87 4424.800
15 88 4802.600
15 89 11562.500
15 90 3514.700
15 91 10399.300
15 92 9676.000
15 93 900.600
15 94 8939.500
15 95 818.400
15 96 7429.600
15 97 6504.700
15 98 10204.700
15 99 11156.700
16 0 2673.800
16 1 7205.400
16 2 4210.400
16 3 2109.300
16 4 697.100
16 5 3950.300
16 6 7154.000
16 7 8942.400
16 8 717.000
16 9 8821.000
16 10 8547.200
16 11 6271.600
16 12 9828.000
16 13 8982.400
16 14 6856.700
16 15 8023.200
16 16 0.000
16 17 5993.900
16 18 9845.500
16 19 5274.000
16 20 2857.800
16 21 6056.700
16 22 5934.800
16 23 8629.500
16 24 3298.900
16 25 2046.100
16 26 4554.600
16 27 3071.500
16 28 6789.700
16 29 2220.500
16 30 3680.000
16 31 9718.000
16 32 5183.800
16 33 3806.000
16 34 5118.800
16 35 6188.500
16 36 5145.600
16 37 3562.700
16 38 3158.900
16 39 7130.200
16 40 6735.400
16 41 6633.400
16 42 5039.200
16 43 8653.100
16 44 6547.400
16 45 5908.900
16 46 2387.800
16 47 5656.500
16 48 9124.200
16 49 4193.400
16 50 3883.700
16 51 1785.200
16 52 5639.200
16 53 3661.700
16 54 5498.100
16 55 6244.100
16 56 5034.200
16 57 5738.000
16 58 4438.900
16 59 5339.800
16 60 8587.300
16 61 7255.800
16 62 9961.800
16 63 2726.300
16 64 4899.900
16 65 2063.100
16 66 6307.300
16 67 8225.100
16 68 8078.200
16 69 6111.300
16 70 8124.500
16 71 4394.600
16 72 6355.800
16 73 5599.800
16 74 4368.100
16 75 8502.400
16 76 6449.100
16 77 2774.900
16 78 6168.200
16 79 6266.300
16 80 4347.400
16 81 6937.200
16 82 10405.100
16 83 3187.700
16 84 4663.800
16 85 2405.500
16 86 5645.000
16 87 5962.200
16 88 3898.000
16 89 7600.600
16 90 6758.500
16 91 1730.700
16 92 4991.200
16 93 7127.500
16 94 3706.500
16 95 8841.600
16 96 1999.100
16 97 7003.000
16 98 8162.500
16 99 6938.100
17 0 5981.100
17 1 5675.900
17 2 3168.600
17 3 7489.200
17 4 5766.400
17 5 4554.300
17 6 5058.100
17 7 5617.700
17 8 7103.100
17 9 7830.000
17 10 3737.700
17 11 6850.600
17 12 9333.200
17 13 5894.000
17 14 5327.300
17 15 3213.800
17 16 6752.400
17 17 0.000
17 18 4268.300
17 19 6960.200
17 20 7827.100
17 21 3004.000
17 22 6640.600
17 23 9154.900
17 24 4461.400
17 25 8102.700
17 26 3313.300
17 27 6187.600
17 28 6294.900
17 29 3910.800
17 30 7251.600
17 31 8538.100
17 32 3638.900
17 33 3939.100
17 34 4624.000
17 35 5678.900
17 36 3627.000
17 37 8942.500
17 38 8538.800
17 39 5231.100
17 40 1819.600
17 41 5174.900
17 42 4659.300
17 43 10258.400
17 44 3092.100
17 45 4379.400
17 46 5553.400
17 47 4706.700
17 48 9031.800
17 49 1482.900
17 50 4970.200
17 51 5171.700
17 52 5448.700
17 53 6578.500
17 54 8406.600
17 55 3155.700
17 56 2123.700
17 57 2274.300
17 58 5778.400
17 59 5078.900
17 60 8092.500
17 61 10366.700
17 62 5152.400
17 63 8106.200
17 64 7809.500
17 65 8815.600
17 66 5863.600
17 67 5136.700
17 68 8728.800
17 69 3022.800
17 70 7629.700
17 71 6126.300
17 72 3661.000
17 73 3033.200
17 74 4880.500
17 75 10107.700
17 76 1896.300
17 77 8734.700
17 78 3079.800
17 79 5427.400
17 80 7906.500
17 81 5407.700
17 82 8061.400
17 83 4243.000
17 84 1330.100
17 85 4636.100
17 86 5603.300
17 87 5123.300
17 88 1944.600
17 89 9440.300
17 90 3705.800
17 91 8453.900
17 92 7553.800
17 93 4114.400
17 94 6817.300
17 95 4032.100
17 96 5307.400
17 97 5473.500
17 98 8082.500
17 99 9034.500
18 0 8565.400
18 1 7639.900
18 2 6223.600
18 3 10073.500
18 4 8350.700
18 5 7609.400
18 6 2611.400
18 7 959.600
18 8 8844.300
18 9 10885.100
18 10 530.600
18 11 9905.700
18 12 12388.300
18 13 3961.900
18 14 6250.600
18 15 1282.100
18 16 9336.700
18 17 4060.200
18 18 0.000
18 19 10015.300
18 20 9206.700
18 21 5522.100
18 22 9695.700
18 23 12210.000
18 24 7516.500
18 25 9744.800
18 26 6368.300
18 27 8765.700
18 28 9349.900
18 29 6965.900
18 30 8631.300
18 31 11593.200
18 32 6489.100
18 33 6219.200
18 34 7679.100
18 35 8734.000
18 36 6959.400
18 37 11441.500
18 38 11037.700
18 39 2784.400
18 40 2485.600
18 41 7660.400
18 42 3953.700
18 43 14347.300
18 44 3488.100
18 45 6343.400
18 46 8081.900
18 47 7977.800
18 48 12086.800
18 49 4970.800
18 50 8025.300
18 51 7007.100
18 52 5168.700
18 53 8097.500
18 54 11192.300
18 55 3498.500
18 56 3425.600
18 57 5312.600
18 58 5072.800
18 59 4373.400
18 60 11147.600
18 61 12950.000
18 62 3220.700
18 63 10690.500
18 64 10594.100
18 65 9688.300
18 66 8918.600
18 67 4064.800
18 68 11783.900
18 69 3362.000
18 70 10684.700
18 71 9181.300
18 72 5625.000
18 73 5875.000
18 74 7935.600
18 75 14196.600
18 76 3040.600
18 77 10408.400
18 78 3486.100
18 79 3653.600
18 80 9286.200
18 81 7371.700
18 82 4176.600
18 83 5762.000
18 84 4329.700
18 85 7691.200
18 86 8658.400
18 87 4148.100
18 88 5735.500
18 89 12495.400
18 90 4447.600
18 91 10597.900
18 92 10685.400
18 93 1833.500
18 94 9400.700
18 95 2100.500
18 96 7890.700
18 97 7437.500
18 98 11137.500
18 99 12089.600
19 0 3885.600
19 1 6351.300
19 2 4286.500
19 3 6742.700
19 4 4862.400
19 5 3095.700
19 6 9652.500
19 7 11433.800
19 8 6199.100
19 9 2994.300
19 10 9614.700
19 11 1291.200
19 12 4720.600
19 13 10050.000
19 14 8347.100
19 15 9090.800
19 16 5848.400
19 17 7061.500
19 18 10145.300
19 19 0.000
19 20 7913.600
19 21 7052.300
19 22 1076.100
19 23 3691.700
19 24 3782.600
19 25 7198.700
19 26 4580.800
19 27 3111.700
19 28 2984.900
19 29 4015.800
19 30 8735.800
19 31 4035.200
19 32 6156.000
19 33 6304.500
19 34 2513.800
19 35 3389.000
19 36 5026.300
19 37 6487.300
19 38 7557.100
19 39 9628.700
19 40 7802.900
19 41 5965.800
19 42 7537.700
19 43 4140.600
19 44 9045.800
19 45 6858.500
19 46 4697.200
19 47 3808.700
19 48 3441.400
19 49 5261.000
19 50 2501.000
19 51 4283.700
19 52 8137.700
19 53 8021.600
19 54 3936.200
19 55 7311.700
19 56 7532.700
19 57 6805.600
19 58 6937.400
19 59 7838.300
19 60 4782.500
19 61 2743.300
19 62 11029.400
19 63 5430.200
19 64 3339.100
19 65 7911.600
19 66 1744.700
19 67 9292.700
19 68 2408.200
19 69 7178.800
19 70 3968.900
19 71 879.400
19 72 7009.800
19 73 6571.900
19 74 2429.300
19 75 3989.900
19 76 7516.700
19 77 7830.700
19 78 7235.800
19 79 8764.800
19 80 9349.700
19 81 6762.600
19 82 12896.500
19 83 5686.200
19 84 5731.400
19 85 2877.900
19 86 1737.900
19 87 8460.700
19 88 5693.200
19 89 3119.700
19 90 7754.000
19 91 7549.900
19 92 2307.000
19 93 8195.100
19 94 2408.700
19 95 9909.100
19 96 3714.600
19 97 7761.900
19 98 2722.000
19 99 2199.400
20 0 4572.600
20 1 9887.000
20 2 6892.100
20 3 2261.500
20 4 3378.800
20 5 6632.000
20 6 7753.500
20 7 8770.000
20 8 2685.800
20 9 11502.700
20 10 8958.000
20 11 9123.800
20 12 12509.700
20 13 11664.000
20 14 9538.400
20 15 9308.100
20 16 2691.400
20 17 6711.200
20 18 9673.200
20 19 7955.600
20 20 0.000
20 21 8738.400
20 22 8616.500
20 23 11311.200
20 24 5980.600
20 25 799.900
20 26 7236.200
20 27 5753.100
20 28 9471.300
20 29 4902.200
20 30 1084.100
20 31 12399.600
20 32 7865.500
20 33 4528.300
20 34 7800.400
20 35 8870.100
20 36 7827.300
20 37 2496.700
20 38 2092.900
20 39 6811.400
20 40 6930.800
20 41 9315.100
20 42 5638.700
20 43 11334.700
20 44 7146.900
20 45 8590.500
20 46 5069.400
20 47 8338.100
20 48 11805.800
20 49 6875.100
20 50 6565.300
20 51 4466.900
20 52 4522.800
20 53 2655.900
20 54 8179.800
20 55 8925.800
20 56 5756.500
20 57 8419.600
20 58 4293.500
20 59 5641.300
20 60 11269.000
20 61 9937.400
20 62 11246.700
20 63 2850.600
20 64 7581.500
20 65 784.000
20 66 8988.900
20 67 10906.800
20 68 10759.900
20 69 8792.900
20 70 10806.100
20 71 7076.200
20 72 9037.400
20 73 8281.400
20 74 7049.800
20 75 11184.100
20 76 8903.200
20 77 1463.600
20 78 8849.900
20 79 5751.800
20 80 2397.400
20 81 9618.800
20 82 11011.200
20 83 4071.100
20 84 7345.500
20 85 5087.200
20 86 8326.700
20 87 5447.700
20 88 6579.600
20 89 9457.900
20 90 9440.100
20 91 1653.100
20 92 7672.800
20 93 9859.500
20 94 6388.100
20 95 10126.500
20 96 4680.800
20 97 9684.600
20 98 10844.100
20 99 7335.500
21 0 5703.700
21 1 3382.500
21 2 2891.200
21 3 7211.800
21 4 5489.000
21 5 4169.300
21 6 5960.600
21 7 6520.200
21 8 6825.800
21 9 6484.700
21 10 4537.500
21 11 6268.800
21 12 7689.400
21 13 4941.900
21 14 3033.800
21 15 4013.500
21 16 6475.100
21 17 2715.600
21 18 5068.100
21 19 6378.400
21 20 8540.200
21 21 0.000
21 22 6058.800
21 23 7809.600
21 24 4184.100
21 25 7825.400
21 26 2302.900
21 27 5802.500
21 28 5312.400
21 29 3633.500
21 30 9362.500
21 31 7192.800
21 32 1495.600
21 33 5763.100
21 34 4042.100
21 35 3926.100
21 36 2031.800
21 37 8665.200
21 38 8261.400
21 39 6133.600
21 40 3457.000
21 41 3402.900
21 42 6516.100
21 43 8913.100
21 44 4769.200
21 45 2086.000
21 46 5276.100
21 47 3111.500
21 48 7686.500
21 49 2379.200
21 50 4585.100
21 51 4894.400
21 52 7305.500
21 53 8632.300
21 54 7824.700
21 55 2203.700
21 56 4646.700
21 57 1489.000
21 58 7635.300
21 59 6935.800
21 60 6641.200
21 61 8183.300
21 62 5952.100
21 63 7828.800
21 64 7227.600
21 65 8538.200
21 66 5271.300
21 67 4184.700
21 68 8533.100
21 69 2101.600
21 70 6178.300
21 71 5544.400
21 72 1367.600
21 73 680.200
21 74 4495.500
21 75 8762.400
21 76 2663.100
21 77 8457.300
21 78 1990.800
21 79 7002.800
21 80 9960.400
21 81 3114.300
21 82 8861.100
21 83 6296.800
21 84 1385.500
21 85 4358.800
21 86 5021.500
21 87 6980.100
21 88 4075.600
21 89 8858.500
21 90 1412.300
21 91 8176.500
21 92 6971.900
21 93 3087.000
21 94 6540.000
21 95 4831.900
21 96 5030.100
21 97 3180.100
21 98 6737.200
21 99 8452.700
22 0 3665.000
22 1 5455.700
22 2 3598.400
22 3 6364.500
22 4 4641.700
22 5 2600.400
22 6 9431.800
22 7 11213.200
22 8 5978.500
22 9 3186.000
22 10 8926.600
22 11 1424.300
22 12 5335.100
22 13 9361.900
22 14 7659.000
22 15 8402.700
22 16 5627.800
22 17 6373.400
22 18 9457.200
22 19 1492.800
22 20 7693.000
22 21 6156.700
22 22 0.000
22 23 3883.500
22 24 3287.400
22 25 6978.100
22 26 3892.700
22 27 2891.100
22 28 2296.800
22 29 3703.600
22 30 8515.200
22 31 4540.100
22 32 5260.300
22 33 6083.800
22 34 1825.700
22 35 2700.900
22 36 4338.200
22 37 6266.700
22 38 7336.500
22 39 9408.000
22 40 7114.800
22 41 5277.700
22 42 7317.100
22 43 4786.500
22 44 8427.000
22 45 5962.900
22 46 4645.100
22 47 2910.700
22 48 3633.200
22 49 4572.900
22 50 2461.000
22 51 4063.100
22 52 7917.100
22 53 7801.000
22 54 3715.600
22 55 6623.600
22 56 7312.000
22 57 6117.400
22 58 6716.700
22 59 7617.600
22 60 4094.400
22 61 3389.200
22 62 10341.300
22 63 5209.600
22 64 3118.500
22 65 7690.900
22 66 1712.000
22 67 8604.600
22 68 3054.100
22 69 6490.700
22 70 3631.600
22 71 658.800
22 72 6114.200
22 73 5676.300
22 74 1553.800
22 75 4635.800
22 76 6828.600
22 77 7610.000
22 78 6547.700
22 79 8544.100
22 80 9129.000
22 81 6074.500
22 82 12675.800
22 83 5465.500
22 84 5043.300
22 85 2657.200
22 86 1049.800
22 87 8240.000
22 88 5381.100
22 89 3765.600
22 90 6858.400
22 91 7329.300
22 92 2086.300
22 93 7507.000
22 94 2188.000
22 95 9221.000
22 96 3527.400
22 97 7073.800
22 98 2913.700
22 99 3567.000
23 0 7548.900
23 1 6049.200
23 2 6254.800
23 3 10227.800
23 4 8505.100
23 5 6051.600
23 6 13295.100
23 7 15076.500
23 8 9841.800
23 9 1393.400
23 10 11583.100
23 11 2655.500
23 12 1994.900
23 13 12018.300
23 14 7776.200
23 15 11059.100
23 16 9491.100
23 17 9029.800
23 18 12113.600
23 19 3728.100
23 20 11556.300
23 21 7966.000
23 22 3689.600
23 23 0.000
23 24 6649.200
23 25 10841.400
23 26 6140.500
23 27 6775.000
23 28 3459.800
23 29 8341.200
23 30 12378.500
23 31 1506.500
23 32 6718.600
23 33 9947.100
23 34 4482.100
23 35 4111.500
23 36 6278.400
23 37 10150.600
23 38 11277.500
23 39 13271.400
23 40 9771.200
23 41 6797.300
23 42 11180.400
23 43 2810.100
23 44 11083.400
23 45 7199.200
23 46 8508.400
23 47 5029.000
23 48 893.600
23 49 7229.300
23 50 6150.600
23 51 7926.400
23 52 11780.400
23 53 11664.300
23 54 7482.200
23 55 9280.000
23 56 11175.300
23 57 7991.300
23 58 10580.100
23 59 11480.900
23 60 2713.500
23 61 2427.400
23 62 12997.700
23 63 9093.500
23 64 6884.000
23 65 11554.200
23 66 3385.200
23 67 11261.000
23 68 2430.100
23 69 9147.200
23 70 2223.800
23 71 4348.400
23 72 7155.100
23 73 7533.200
23 74 5243.400
23 75 933.200
23 76 9485.000
23 77 11473.400
23 78 9204.100
23 79 12407.400
23 80 12992.300
23 81 6191.800
23 82 16539.200
23 83 9328.800
23 84 7699.700
23 85 6346.800
23 86 4266.800
23 87 12103.300
23 88 8238.100
23 89 3595.400
23 90 8854.400
23 91 11192.600
23 92 5309.200
23 93 10163.400
23 94 6058.900
23 95 11877.500
23 96 7622.000
23 97 7191.000
23 98 1186.900
23 99 4370.200
24 0 3004.400
24 1 4320.600
24 2 1452.000
24 3 4512.500
24 4 2789.700
24 5 1544.500
24 6 8355.600
24 7 8915.200
24 8 4126.500
24 9 5420.100
24 10 6932.400
24 11 4285.700
24 12 6923.300
24 13 7367.700
24 14 5026.400
24 15 6408.500
24 16 3775.800
24 17 4379.200
24 18 7463.000
24 19 3723.700
24 20 5841.000
24 21 4249.800
24 22 4075.700
24 23 6745.000
24 24 0.000
24 25 5126.100
24 26 1898.500
24 27 2396.500
24 28 3884.900
24 29 934.200
24 30 6663.200
24 31 6128.200
24 32 3353.500
24 33 4215.900
24 34 2214.100
24 35 3269.000
24 36 2344.000
24 37 5772.100
24 38 5562.100
24 39 7540.100
24 40 5120.600
24 41 3283.500
24 42 5449.100
24 43 7958.300
24 44 6432.800
24 45 4078.600
24 46 2576.800
24 47 2512.900
24 48 6621.900
24 49 2578.700
24 50 1477.900
24 51 2195.100
24 52 6049.100
24 53 5933.000
24 54 4817.200
24 55 4629.400
24 56 4921.500
24 57 4123.300
24 58 4848.800
24 59 5749.700
24 60 5682.600
24 61 6561.000
24 62 8347.100
24 63 4715.000
24 64 4220.100
24 65 5838.900
24 66 3322.900
24 67 6610.400
24 68 6006.800
24 69 4496.500
24 70 5219.800
24 71 2889.700
24 72 4268.800
24 73 3769.400
24 74 1962.400
24 75 7807.600
24 76 4834.400
24 77 5758.000
24 78 4553.500
24 79 6676.200
24 80 7261.100
24 81 4673.200
24 82 10815.000
24 83 3597.500
24 84 3049.100
24 85 1659.500
24 86 3038.400
24 87 6372.100
24 88 2611.600
24 89 6718.400
24 90 4951.600
24 91 5477.200
24 92 4288.900
24 93 5512.800
24 94 3030.000
24 95 7226.800
24 96 2330.800
24 97 5172.700
24 98 5672.600
24 99 5798.000
25 0 3837.800
25 1 9152.300
25 2 6157.300
25 3 1526.800
25 4 2644.000
25 5 5897.200
25 6 8303.400
25 7 9319.900
25 8 1885.900
25 9 10767.900
25 10 9507.900
25 11 8389.000
25 12 11774.900
25 13 10929.300
25 14 8803.600
25 15 9858.000
25 16 1956.600
25 17 7940.800
25 18 10223.000
25 19 7220.900
25 20 811.700
25 21 8003.600
25 22 7881.700
25 23 10576.400
25 24 5245.800
25 25 0.000
25 26 6501.500
25 27 5018.400
25 28 8736.600
25 29 4167.400
25 30 1634.000
25 31 11664.900
25 32 7130.700
25 33 5078.200
25 34 7065.700
25 35 8135.400
25 36 7092.500
25 37 1761.900
25 38 1358.100
25 39 7361.300
25 40 7480.600
25 41 8580.300
25 42 6188.600
25 43 10600.000
25 44 7696.700
25 45 7855.800
25 46 4334.700
25 47 7603.400
25 48 11071.100
25 49 6140.300
25 50 5830.600
25 51 3732.100
25 52 5072.700
25 53 3205.700
25 54 7445.000
25 55 8191.000
25 56 6306.400
25 57 7684.900
25 58 4843.400
25 59 6191.200
25 60 10534.200
25 61 9202.700
25 62 11796.600
25 63 2115.900
25 64 6846.800
25 65 1472.700
25 66 8254.200
25 67 10172.000
25 68 10025.100
25 69 8058.200
25 70 10071.400
25 71 6341.500
25 72 8302.700
25 73 7546.600
25 74 6315.000
25 75 10449.300
25 76 8396.000
25 77 728.800
25 78 8115.100
25 79 6301.700
25 80 2947.300
25 81 8884.100
25 82 11561.100
25 83 4621.000
25 84 6610.700
25 85 4352.400
25 86 7591.900
25 87 5997.600
25 88 5844.900
25 89 8723.100
25 90 8705.400
25 91 853.100
25 92 6938.100
25 93 9074.400
25 94 5653.400
25 95 10676.400
25 96 3946.000
25 97 8949.900
25 98 10109.400
25 99 6600.700
26 0 4426.600
26 1 3050.500
26 2 1382.600
26 3 5934.700
26 4 4211.900
26 5 2023.100
26 6 7844.200
26 7 8403.800
26 8 5548.700
26 9 4983.900
26 10 6421.100
26 11 4319.400
26 12 6188.600
26 13 6856.300
26 14 3409.300
26 15 5897.100
26 16 5197.900
26 17 3867.900
26 18 6951.700
26 19 4429.000
26 20 7263.100
26 21 2609.300
26 22 4109.400
26 23 6308.800
26 24 2620.700
26 25 6548.300
26 26 0.000
26 27 3656.300
26 28 3763.600
26 29 2356.300
26 30 8085.400
26 31 5692.100
26 32 1736.400
26 33 4486.000
26 34 2092.800
26 35 2425.300
26 36 1139.300
26 37 7031.900
26 38 6984.300
26 39 8017.200
26 40 4609.300
26 41 2078.900
26 42 6871.300
26 43 7412.300
26 44 5921.500
26 45 2461.400
26 46 3998.900
26 47 1610.700
26 48 6185.700
26 49 2067.400
26 50 2439.000
26 51 3617.300
26 52 7471.300
26 53 7355.200
26 54 5875.300
26 55 4118.100
26 56 5108.400
26 57 2631.800
26 58 6271.000
26 59 5808.500
26 60 5140.400
26 61 6532.700
26 62 7835.700
26 63 5974.800
26 64 5278.300
26 65 7261.100
26 66 3332.300
26 67 6099.100
26 68 6197.600
26 69 3985.200
26 70 4677.500
26 71 3595.000
26 72 2908.300
26 73 2152.300
26 74 2349.300
26 75 7261.700
26 76 4323.000
26 77 7180.200
26 78 4042.200
26 79 8886.500
26 80 8683.300
26 81 3489.700
26 82 10744.700
26 83 5019.700
26 84 2537.800
26 85 3081.600
26 86 3072.100
26 87 7794.300
26 88 2798.500
26 89 6909.100
26 90 3311.000
26 91 6899.400
26 92 5022.600
26 93 5001.400
26 94 4261.800
26 95 6715.500
26 96 3753.000
26 97 3555.500
26 98 5236.400
26 99 6503.300
27 0 773.900
27 1 5616.500
27 2 3353.300
27 3 3631.000
27 4 1812.000
27 5 2102.600
27 6 7555.500
27 7 9343.900
27 8 3148.700
27 9 6456.600
27 10 8833.700
27 11 4379.000
27 12 7959.900
27 13 9269.000
27 14 7071.500
27 15 8309.800
27 16 2798.000
27 17 6280.500
27 18 10247.000
27 19 3381.400
27 20 5689.600
27 21 6316.000
27 22 4034.200
27 23 6768.800
27 24 2789.600
27 25 4974.700
27 26 3799.800
27 27 0.000
27 28 4921.500
27 29 2601.600
27 30 6511.800
27 31 7164.800
27 32 5419.700
27 33 4207.500
27 34 3250.600
27 35 4320.300
27 36 4245.300
27 37 3375.600
27 38 4445.400
27 39 7531.700
27 40 7021.900
27 41 5184.800
27 42 5440.700
27 43 6792.400
27 44 6948.900
27 45 6123.700
27 46 2768.800
27 47 3808.800
27 48 7263.400
27 49 4480.000
27 50 2036.000
27 51 2186.700
27 52 6040.700
27 53 5924.700
27 54 3629.900
27 55 6530.700
27 56 5435.700
27 57 6024.600
27 58 4840.400
27 59 5741.300
27 60 6719.100
27 61 5395.000
27 62 10248.400
27 63 2318.500
27 64 3031.700
27 65 4861.100
27 66 4414.600
27 67 8511.700
27 68 6217.500
27 69 6397.800
27 70 6256.300
27 71 2526.400
27 72 6275.000
27 73 5835.700
27 74 2520.400
27 75 6641.700
27 76 6735.700
27 77 5177.100
27 78 6454.800
27 79 6667.800
27 80 7825.200
27 81 6581.900
27 82 10806.600
27 83 3589.200
27 84 4950.400
27 85 1803.400
27 86 3752.400
27 87 6363.700
27 88 4279.000
27 89 5732.400
27 90 7017.800
27 91 5503.800
27 92 3123.000
27 93 7414.100
27 94 1647.700
27 95 9128.100
27 96 1652.300
27 97 7581.200
27 98 6301.700
27 99 5069.900
28 0 6287.100
28 1 4201.400
28 2 4059.300
28 3 8749.600
28 4 7026.800
28 5 3856.000
28 6 10810.600
28 7 11370.200
28 8 8363.500
28 9 1535.100
28 10 9387.500
28 11 2204.100
28 12 2739.900
28 13 9822.700
28 14 5928.400
28 15 8863.500
28 16 8012.800
28 17 6834.300
28 18 9918.100
28 19 2771.800
28 20 10078.000
28 21 5611.500
28 22 2481.800
28 23 2860.100
28 24 4453.600
28 25 9363.100
28 26 3783.200
28 27 5513.300
28 28 0.000
28 29 5168.800
28 30 10900.200
28 31 2243.300
28 32 4715.200
28 33 7729.900
28 34 2450.400
28 35 1754.200
28 36 3921.200
28 37 8888.900
28 38 9958.700
28 39 10983.600
28 40 7575.700
28 41 4860.700
28 42 9702.100
28 43 3963.500
28 44 8887.800
28 45 5351.400
28 46 7030.200
28 47 2671.800
28 48 2736.900
28 49 5033.700
28 50 4295.900
28 51 6448.100
28 52 10302.100
28 53 10186.000
28 54 6233.000
28 55 7084.400
28 56 8765.300
28 57 5634.000
28 58 9101.800
28 59 9052.500
28 60 1797.700
28 61 3233.800
28 62 10802.100
28 63 7831.700
28 64 5635.900
28 65 10076.000
28 66 1189.600
28 67 9065.400
28 68 3583.500
28 69 6951.600
28 70 1334.800
28 71 3043.800
28 72 5569.100
28 73 5131.200
28 74 3388.700
28 75 3812.900
28 76 7289.400
28 77 9995.100
28 78 7008.500
28 79 11852.800
28 80 11514.100
28 81 4344.000
28 82 13711.100
28 83 7850.600
28 84 5504.100
28 85 5042.300
28 86 2071.300
28 87 10625.100
28 88 6042.500
28 89 4755.700
28 90 6313.300
28 91 9714.300
28 92 4471.400
28 93 7967.800
28 94 4573.100
28 95 9681.900
28 96 5912.400
28 97 5343.200
28 98 1787.600
28 99 4846.100
29 0 2598.000
29 1 4984.900
29 2 1989.900
29 3 4106.100
29 4 2383.400
29 5 1990.900
29 6 7749.800
29 7 8309.400
29 8 3720.100
29 9 6460.500
29 10 6326.700
29 11 5128.500
29 12 7963.700
29 13 6761.900
29 14 4636.200
29 15 5802.700
29 16 3369.400
29 17 3773.400
29 18 6857.200
29 19 4130.900
29 20 5434.600
29 21 3836.200
29 22 4783.700
29 23 8357.400
29 24 1078.400
29 25 4719.700
29 26 2334.100
29 27 2799.300
29 28 4925.300
29 29 0.000
29 30 6256.800
29 31 7168.600
29 32 2963.300
29 33 3364.900
29 34 3254.500
29 35 4324.200
29 36 2925.100
29 37 5559.500
29 38 5155.800
29 39 7133.700
29 40 4514.800
29 41 4412.900
29 42 5042.700
29 43 8380.900
29 44 5827.000
29 45 3688.400
29 46 2170.400
29 47 3372.300
29 48 8852.000
29 49 1972.900
29 50 1924.300
29 51 1788.700
29 52 5642.700
29 53 5526.700
29 54 5224.400
29 55 4023.600
29 56 3987.400
29 57 3517.500
29 58 4442.400
29 59 4687.400
29 60 6723.000
29 61 6983.600
29 62 7741.300
29 63 4723.100
29 64 4627.700
29 65 5432.500
29 66 4352.800
29 67 6004.600
29 68 7806.100
29 69 3890.700
29 70 6260.100
29 71 3296.900
29 72 4135.300
29 73 3379.200
29 74 2408.700
29 75 8230.300
29 76 4228.600
29 77 5351.700
29 78 3947.700
29 79 6269.800
29 80 6854.700
29 81 4716.600
29 82 10408.600
29 83 3191.200
29 84 2443.300
29 85 1253.100
29 86 4012.700
29 87 5965.700
29 88 1677.500
29 89 7328.400
29 90 4538.000
29 91 5070.900
29 92 4719.000
29 93 4907.000
29 94 3434.300
29 95 6621.100
29 96 1924.400
29 97 4782.500
29 98 7890.300
29 99 6205.200
30 0 5419.200
30 1 10609.700
30 2 7614.700
30 3 3108.100
30 4 4225.400
30 5 7354.600
30 6 7154.400
30 7 8171.000
30 8 2643.000
30 9 12225.300
30 10 8358.900
30 11 9970.400
30 12 13232.300
30 13 11388.800
30 14 10261.000
30 15 8709.100
30 16 3538.000
30 17 6112.100
30 18 9074.100
30 19 8678.300
30 20 1108.500
30 21 9461.000
30 22 9339.100
30 23 12033.800
30 24 6703.200
30 25 1646.500
30 26 7958.800
30 27 6475.700
30 28 10193.900
30 29 5624.800
30 30 0.000
30 31 13122.200
30 32 8588.100
30 33 3929.200
30 34 8523.100
30 35 9592.700
30 36 8549.900
30 37 3343.300
30 38 2939.500
30 39 6212.400
30 40 6331.700
30 41 10037.700
30 42 5039.700
30 43 12057.300
30 44 6547.800
30 45 9313.200
30 46 5792.000
30 47 9060.700
30 48 12528.400
30 49 7597.700
30 50 7287.900
30 51 4717.200
30 52 3923.700
30 53 2056.800
30 54 8902.400
30 55 9648.400
30 56 5157.400
30 57 9142.200
30 58 3694.400
30 59 5042.200
30 60 11991.600
30 61 10660.000
30 62 10647.700
30 63 3697.200
30 64 8304.100
30 65 1590.100
30 66 9711.500
30 67 11491.700
30 68 11482.500
30 69 9515.500
30 70 11528.700
30 71 7798.800
30 72 9760.100
30 73 9004.000
30 74 7772.400
30 75 11906.700
30 76 8304.100
30 77 2310.200
30 78 9572.500
30 79 5152.700
30 80 1285.500
30 81 10341.400
30 82 10412.200
30 83 3472.100
30 84 8068.100
30 85 5809.800
30 86 9049.300
30 87 4848.600
30 88 6016.200
30 89 10304.500
30 90 10162.700
30 91 2499.700
30 92 8395.400
30 93 9260.400
30 94 7110.700
30 95 9527.400
30 96 5527.400
30 97 10407.300
30 98 11566.700
30 99 8182.100
31 0 8759.400
31 1 5111.100
31 2 6768.600
31 3 11124.000
31 4 9401.300
31 5 6565.400
31 6 13519.900
31 7 14079.500
31 8 10738.000
31 9 1372.600
31 10 12096.800
31 11 2890.000
31 12 755.700
31 13 12532.000
31 14 6838.100
31 15 11572.800
31 16 10387.300
31 17 9543.600
31 18 12627.400
31 19 4071.600
31 20 12452.500
31 21 7027.900
31 22 4033.100
31 23 1487.400
31 24 7162.900
31 25 11737.600
31 26 5751.300
31 27 7985.500
31 28 3973.600
31 29 7878.100
31 30 13274.700
31 31 0.000
31 32 5780.500
31 33 10439.300
31 34 4995.900
31 35 3814.800
31 36 5889.200
31 37 9861.300
31 38 10931.100
31 39 13692.900
31 40 10285.000
31 41 5859.200
31 42 12076.600
31 43 3706.300
31 44 11597.200
31 45 6261.100
31 46 9404.700
31 47 4639.800
31 48 949.600
31 49 7743.000
31 50 6841.300
31 51 8822.600
31 52 12676.600
31 53 12560.500
31 54 8778.400
31 55 9793.800
31 56 11474.700
31 57 7602.100
31 58 11476.300
31 59 12377.100
31 60 1474.300
31 61 2976.600
31 62 13511.400
31 63 10304.000
31 64 8181.300
31 65 12450.400
31 66 3898.900
31 67 11774.800
31 68 3326.300
31 69 9660.900
31 70 1285.700
31 71 5753.200
31 72 6216.900
31 73 6595.100
31 74 5934.100
31 75 2070.900
31 76 9998.700
31 77 12369.600
31 78 9717.900
31 79 13303.700
31 80 13888.600
31 81 5253.600
31 82 16420.400
31 83 10225.000
31 84 8213.500
31 85 7751.600
31 86 4780.600
31 87 12999.600
31 88 8751.800
31 89 4498.500
31 90 7916.300
31 91 12088.800
31 92 5601.800
31 93 10677.100
31 94 7282.400
31 95 12391.200
31 96 8518.200
31 97 6252.900
31 98 1530.400
31 99 5432.800
32 0 5564.600
32 1 2021.600
32 2 2752.100
32 3 7072.700
32 4 5349.900
32 5 4004.600
32 6 7296.500
32 7 7856.100
32 8 6686.700
32 9 6320.000
32 10 5873.300
32 11 6104.100
32 12 6928.300
32 13 6277.800
32 14 1672.900
32 15 5349.400
32 16 6335.900
32 17 4363.600
32 18 6403.900
32 19 6213.700
32 20 8401.100
32 21 1982.900
32 22 5894.100
32 23 7645.000
32 24 4045.000
32 25 7686.300
32 26 2163.800
32 27 5637.900
32 28 5147.800
32 29 3494.300
32 30 9223.400
32 31 6431.700
32 32 0.000
32 33 5624.000
32 34 3877.500
32 35 3761.500
32 36 1466.900
32 37 8526.100
32 38 8122.300
32 39 7469.500
32 40 5311.400
32 41 2256.100
32 42 7852.000
32 43 8748.500
32 44 6314.000
32 45 725.100
32 46 5136.900
32 47 2946.900
32 48 6925.300
32 49 3205.300
32 50 4420.500
32 51 4755.300
32 52 8641.400
32 53 8493.200
32 54 7660.100
32 55 3539.500
32 56 6251.500
32 57 3137.000
32 58 7408.900
32 59 6946.500
32 60 5669.600
32 61 8018.700
32 62 7288.000
32 63 7689.700
32 64 7063.000
32 65 8399.100
32 66 5106.600
32 67 5520.500
32 68 8368.400
32 69 3437.400
32 70 5206.700
32 71 5379.800
32 72 1172.000
32 73 1321.500
32 74 4330.800
32 75 8597.800
32 76 4802.000
32 77 8318.200
32 78 3326.700
32 79 8338.700
32 80 9821.200
32 81 1753.300
32 82 10197.000
32 83 6157.700
32 84 3033.500
32 85 4219.600
32 86 4856.800
32 87 8316.000
32 88 3936.500
32 89 8693.800
32 90 2217.200
32 91 8037.400
32 92 6807.300
32 93 4422.900
32 94 6400.900
32 95 6167.700
32 96 4890.900
32 97 1819.200
32 98 6572.500
32 99 8288.000
33 0 3040.900
33 1 7375.100
33 2 3189.900
33 3 4549.000
33 4 2826.200
33 5 4120.000
33 6 4665.600
33 7 5682.100
33 8 3319.800
33 9 8990.700
33 10 4907.800
33 11 6441.300
33 12 9997.700
33 13 7063.600
33 14 7026.400
33 15 4383.800
33 16 3812.200
33 17 2770.000
33 18 5438.300
33 19 5443.700
33 20 5230.600
33 21 5447.200
33 22 6104.500
33 23 8799.200
33 24 3468.600
33 25 5162.500
33 26 4724.200
33 27 3241.100
33 28 6959.300
33 29 2390.200
33 30 4655.100
33 31 9887.600
33 32 5353.500
33 33 0.000
33 34 5288.500
33 35 6358.100
33 36 5315.300
33 37 6002.300
33 38 5598.600
33 39 4641.800
33 40 2989.600
33 41 6066.100
33 42 2550.800
33 43 8822.800
33 44 4262.100
33 45 6078.600
33 46 2557.400
33 47 5826.200
33 48 9293.800
33 49 3172.900
33 50 4053.300
33 51 1965.900
33 52 3150.800
33 53 3982.100
33 54 5667.800
33 55 5223.600
33 56 1815.300
33 57 4717.500
33 58 3055.000
33 59 1643.800
33 60 8757.000
33 61 7425.400
33 62 6322.400
33 63 5166.000
33 64 5069.600
33 65 5712.200
33 66 6476.900
33 67 7204.600
33 68 8247.900
33 69 5090.800
33 70 8294.100
33 71 4564.200
33 72 6525.500
33 73 5769.400
33 74 4537.800
33 75 8672.100
33 76 4041.500
33 77 5794.500
33 78 5147.800
33 79 3777.900
33 80 5310.100
33 81 7106.800
33 82 7923.300
33 83 1646.600
33 84 3643.300
33 85 2575.200
33 86 5814.700
33 87 3473.800
33 88 2087.000
33 89 7770.200
33 90 6109.300
33 91 5513.700
33 92 5160.800
33 93 5284.400
33 94 3876.100
33 95 5202.200
33 96 2366.200
33 97 7172.700
33 98 8332.100
33 99 7107.700
34 0 3836.700
34 1 3763.700
34 2 1906.400
34 3 6693.800
34 4 4757.200
34 5 1575.100
34 6 8657.800
34 7 9217.400
34 8 6094.000
34 9 3433.900
34 10 7234.700
34 11 2226.600
34 12 4937.100
34 13 7669.900
34 14 5218.700
34 15 6710.700
34 16 5743.200
34 17 4681.400
34 18 7765.200
34 19 2336.200
34 20 7808.400
34 21 4464.700
34 22 2016.600
34 23 4758.800
34 24 2300.800
34 25 7093.600
34 26 2200.700
34 27 3062.800
34 28 1898.700
34 29 3088.100
34 30 8630.700
34 31 4142.000
34 32 3568.400
34 33 5577.100
34 34 0.000
34 35 1300.000
34 36 2646.200
34 37 6438.400
34 38 7508.200
34 39 8830.800
34 40 5422.800
34 41 3585.700
34 42 7432.500
34 43 5862.300
34 44 6735.000
34 45 4270.900
34 46 4760.600
34 47 1218.700
34 48 4635.700
34 49 2880.900
34 50 1845.500
34 51 4178.500
34 52 8032.500
34 53 7916.500
34 54 3782.600
34 55 4931.600
34 56 6612.500
34 57 4425.500
34 58 6832.200
34 59 7733.100
34 60 3696.400
34 61 4439.900
34 62 8649.300
34 63 5381.300
34 64 3185.500
34 65 7806.400
34 66 1263.900
34 67 6912.600
34 68 4104.800
34 69 4798.800
34 70 3233.500
34 71 1502.300
34 72 4422.200
34 73 3984.300
34 74 938.300
34 75 5686.500
34 76 5136.600
34 77 7725.500
34 78 4855.700
34 79 8659.600
34 80 9244.500
34 81 4742.900
34 82 11558.300
34 83 5581.000
34 84 3351.300
34 85 2823.900
34 86 979.300
34 87 8355.500
34 88 3889.700
34 89 4816.300
34 90 5166.400
34 91 7444.700
34 92 2929.800
34 93 5815.000
34 94 2303.500
34 95 7529.100
34 96 3642.800
34 97 5742.200
34 98 3686.400
34 99 4410.500
35 0 4633.900
35 1 3237.900
35 2 2570.000
35 3 7491.000
35 4 5554.400
35 5 2366.700
35 6 9321.300
35 7 9880.900
35 8 6891.200
35 9 3219.200
35 10 7898.200
35 11 3023.800
35 12 4423.900
35 13 8333.400
35 14 4693.000
35 15 7374.200
35 16 6540.500
35 17 5344.900
35 18 8428.800
35 19 3133.500
35 20 8605.700
35 21 3938.900
35 22 2813.800
35 23 4544.200
35 24 2964.300
35 25 7890.800
35 26 2110.600
35 27 3860.100
35 28 2047.000
35 29 3679.500
35 30 9427.900
35 31 3927.400
35 32 3042.600
35 33 6240.600
35 34 797.200
35 35 0.000
35 36 2248.600
35 37 7235.700
35 38 8305.500
35 39 9494.300
35 40 6086.400
35 41 3188.100
35 42 8229.700
35 43 5647.600
35 44 7398.500
35 45 3745.100
35 46 5557.800
35 47 999.200
35 48 4421.000
35 49 3544.400
35 50 2642.700
35 51 4975.700
35 52 8829.700
35 53 8713.700
35 54 4579.800
35 55 5595.100
35 56 7276.000
35 57 3961.400
35 58 7629.400
35 59 7563.200
35 60 3504.600
35 61 4917.900
35 62 9312.800
35 63 6178.500
35 64 3982.700
35 65 8603.600
35 66 2005.800
35 67 7576.100
35 68 5267.600
35 69 5462.300
35 70 2951.600
35 71 2299.500
35 72 3896.500
35 73 3458.500
35 74 1735.500
35 75 5497.000
35 76 5800.100
35 77 8522.700
35 78 5519.200
35 79 10363.500
35 80 10041.700
35 81 4097.500
35 82 12221.800
35 83 6378.200
35 84 4014.800
35 85 3621.200
35 86 1776.500
35 87 9152.700
35 88 4553.200
35 89 5613.600
35 90 4640.700
35 91 8241.900
35 92 3727.000
35 93 6478.500
35 94 3100.700
35 95 8192.600
35 96 4440.100
35 97 5096.800
35 98 3471.700
35 99 5207.700
36 0 4925.500
36 1 2532.800
36 2 1825.700
36 3 6433.600
36 4 4710.800
36 5 2466.200
36 6 7475.000
36 7 8034.600
36 8 6047.600
36 9 4899.200
36 10 6051.900
36 11 4683.300
36 12 6103.900
36 13 6487.100
36 14 2951.000
36 15 5527.900
36 16 5696.800
36 17 3513.100
36 18 6582.500
36 19 4792.900
36 20 7762.000
36 21 2264.000
36 22 4473.300
36 23 6224.200
36 24 3063.800
36 25 7047.200
36 26 1175.500
36 27 4099.400
36 28 3727.000
36 29 2855.200
36 30 8584.300
36 31 5607.400
36 32 1278.000
36 33 4984.900
36 34 2456.700
36 35 2340.600
36 36 0.000
36 37 7475.000
36 38 7483.200
36 39 7648.000
36 40 4254.500
36 41 1561.200
36 42 7370.200
36 43 7327.600
36 44 5566.700
36 45 2003.100
36 46 4497.800
36 47 1526.000
36 48 6101.000
36 49 2566.300
36 50 2882.100
36 51 4116.200
36 52 7970.200
36 53 7854.100
36 54 6239.200
36 55 3748.800
36 56 5444.200
36 57 2286.500
36 58 6769.900
36 59 6307.400
36 60 5055.700
36 61 6597.900
36 62 7466.500
36 63 6417.900
36 64 5642.200
36 65 7760.000
36 66 3685.800
36 67 5729.800
36 68 6947.600
36 69 3616.000
36 70 4592.900
36 71 3958.900
36 72 2450.000
36 73 1694.000
36 74 2792.400
36 75 7177.000
36 76 3951.500
36 77 7679.100
36 78 3673.000
36 79 7901.900
36 80 9182.100
36 81 3031.400
36 82 10375.500
36 83 5518.600
36 84 2183.000
36 85 3580.500
36 86 3436.000
36 87 7597.800
36 88 3297.400
36 89 7273.000
36 90 2965.700
36 91 7398.300
36 92 5386.500
36 93 4632.200
36 94 4704.900
36 95 6346.300
36 96 4251.900
36 97 3097.200
36 98 5151.700
36 99 6867.200
37 0 3464.500
37 1 8964.200
37 2 6701.000
37 3 2572.400
37 4 3451.500
37 5 5450.300
37 6 9805.600
37 7 10822.200
37 8 3481.100
37 9 8721.300
37 10 11010.100
37 11 7018.100
37 12 10447.500
37 13 11736.800
37 14 9611.200
37 15 10777.600
37 16 2764.100
37 17 8748.400
37 18 11725.300
37 19 6485.100
37 20 2314.000
37 21 8811.100
37 22 7436.100
37 23 9178.500
37 24 6053.300
37 25 1599.100
37 26 7309.000
37 27 4434.200
37 28 9143.800
37 29 4974.900
37 30 3136.200
37 31 9762.200
37 32 7938.200
37 33 6580.400
37 34 7472.900
37 35 8542.600
37 36 7593.000
37 37 0.000
37 38 1069.800
37 39 8863.600
37 40 9489.800
37 41 8532.500
37 42 7690.900
37 43 8113.200
37 44 9199.000
37 45 8663.300
37 46 5142.200
37 47 7156.500
37 48 9168.400
37 49 6947.800
37 50 5383.600
37 51 4539.600
37 52 6574.900
37 53 4708.000
37 54 7128.100
37 55 8998.500
37 56 7808.600
37 57 8492.400
37 58 6345.700
37 59 7693.400
37 60 10941.500
37 61 7804.800
37 62 12716.200
37 63 2134.200
37 64 6529.900
37 65 2836.100
37 66 7762.300
37 67 10979.500
37 68 7795.600
37 69 8865.700
37 70 10478.600
37 71 6748.700
37 72 9110.200
37 73 8354.200
37 74 5868.100
37 75 9051.500
37 76 9203.500
37 77 1801.500
37 78 8922.600
37 79 7803.900
37 80 4449.600
37 81 9691.600
37 82 13159.500
37 83 5942.100
37 84 7418.200
37 85 5151.100
37 86 7100.100
37 87 7499.800
37 88 6652.400
37 89 7352.300
37 90 9512.900
37 91 2329.000
37 92 6175.500
37 93 9881.900
37 94 6004.300
37 95 11596.000
37 96 4753.500
37 97 9757.400
37 98 8449.000
37 99 5229.900
38 0 4413.100
38 1 9629.600
38 2 6634.600
38 3 1987.600
38 4 3121.300
38 5 6398.800
38 6 9475.400
38 7 10492.000
38 8 3150.900
38 9 9669.800
38 10 10680.000
38 11 7966.700
38 12 12252.300
38 13 11406.600
38 14 9281.000
38 15 10447.400
38 16 2433.900
38 17 8418.200
38 18 11395.100
38 19 7433.700
38 20 1983.800
38 21 8481.000
38 22 8384.700
38 23 11053.700
38 24 5723.100
38 25 1269.000
38 26 6978.800
38 27 5382.800
38 28 9213.900
38 29 4644.700
38 30 2806.100
38 31 10710.800
38 32 7608.000
38 33 6250.200
38 34 7543.000
38 35 8612.700
38 36 7569.800
38 37 1339.600
38 38 0.000
38 39 8533.400
38 40 9159.600
38 41 9057.700
38 42 7360.700
38 43 9061.800
38 44 8868.800
38 45 8333.100
38 46 4812.000
38 47 8105.000
38 48 10116.900
38 49 6617.600
38 50 6332.200
38 51 4209.400
38 52 6244.700
38 53 4377.800
38 54 8076.700
38 55 8668.300
38 56 7478.500
38 57 8162.200
38 58 6015.500
38 59 7363.200
38 60 11011.500
38 61 9680.000
38 62 12386.000
38 63 3082.800
38 64 7478.400
38 65 2505.900
38 66 8731.500
38 67 10649.300
38 68 8744.100
38 69 8535.500
38 70 10548.700
38 71 6818.800
38 72 8780.000
38 73 8024.000
38 74 6816.700
38 75 10926.700
38 76 8873.300
38 77 1079.400
38 78 8592.500
38 79 7473.700
38 80 2892.000
38 81 9361.400
38 82 12829.300
38 83 5611.900
38 84 7088.000
38 85 4829.700
38 86 8069.200
38 87 7169.600
38 88 6322.200
38 89 8300.800
38 90 9182.700
38 91 1998.800
38 92 7124.100
38 93 9551.700
38 94 6130.700
38 95 11265.800
38 96 4423.400
38 97 9427.200
38 98 10586.700
38 99 6178.400
39 0 7182.200
39 1 9345.900
39 2 7929.600
39 3 8690.300
39 4 6967.600
39 5 8261.300
39 6 874.000
39 7 2463.400
39 8 7461.200
39 9 12591.000
39 10 3285.200
39 11 10582.600
39 12 14094.300
39 13 6315.100
39 14 7956.600
39 15 3635.300
39 16 7953.600
39 17 6413.400
39 18 3366.600
39 19 9585.000
39 20 6749.200
39 21 7228.000
39 22 10245.900
39 23 12940.500
39 24 7610.000
39 25 7287.200
39 26 8074.300
39 27 7382.500
39 28 11055.900
39 29 6531.600
39 30 6173.700
39 31 13299.200
39 32 8195.100
39 33 4836.000
39 34 9385.000
39 35 10439.900
39 36 8665.300
39 37 8984.000
39 38 8580.200
39 39 0.000
39 40 4838.700
39 41 9366.300
39 42 2570.600
39 43 12964.100
39 44 3317.300
39 45 8049.400
39 46 6698.800
39 47 9683.800
39 48 13435.200
39 49 8403.800
39 50 8194.700
39 51 5624.000
39 52 2124.200
39 53 6714.300
39 54 9809.200
39 55 5204.500
39 56 5070.400
39 57 7018.600
39 58 3012.200
39 59 2990.200
39 60 12853.600
39 61 11566.800
39 62 5573.900
39 63 9307.300
39 64 9210.900
39 65 7230.800
39 66 10624.600
39 67 6418.000
39 68 12389.200
39 69 5067.900
39 70 12390.700
39 71 8705.600
39 72 7331.000
39 73 7581.000
39 74 8679.200
39 75 12813.500
39 76 5393.700
39 77 7950.900
39 78 5192.000
39 79 2042.800
39 80 6828.700
39 81 9077.700
39 82 5166.600
39 83 4378.800
39 84 6682.900
39 85 6716.600
39 86 10364.300
39 87 1363.800
39 88 5930.200
39 89 11911.600
39 90 6153.500
39 91 8140.400
39 92 9302.200
39 93 4186.700
39 94 8017.500
39 95 4453.700
39 96 6507.600
39 97 9143.500
39 98 12473.500
39 99 11249.100
40 0 6716.500
40 1 6411.300
40 2 3904.000
40 3 8224.600
40 4 6501.800
40 5 5289.700
40 6 3278.200
40 7 3837.800
40 8 6324.800
40 9 8565.400
40 10 1957.800
40 11 7586.000
40 12 10068.700
40 13 4113.600
40 14 6109.900
40 15 1433.800
40 16 7487.800
40 17 1574.700
40 18 2488.400
40 19 7695.600
40 20 7926.600
40 21 3739.400
40 22 7376.000
40 23 9890.300
40 24 5196.800
40 25 8464.700
40 26 4048.700
40 27 6923.000
40 28 7030.300
40 29 4646.200
40 30 7351.200
40 31 9273.600
40 32 4374.300
40 33 3005.000
40 34 5359.400
40 35 6414.300
40 36 4362.400
40 37 10161.400
40 38 9757.700
40 39 3451.200
40 40 0.000
40 41 5910.300
40 42 2879.400
40 43 10993.800
40 44 1312.200
40 45 5114.800
40 46 4638.500
40 47 5442.100
40 48 9767.200
40 49 2706.600
40 50 5705.600
40 51 4970.900
40 52 3668.700
40 53 7023.100
40 54 9142.000
40 55 3357.800
40 56 1189.700
40 57 3009.700
40 58 3998.500
40 59 3299.000
40 60 8827.900
40 61 11102.100
40 62 3372.400
40 63 8841.600
40 64 8544.900
40 65 8408.200
40 66 6599.000
40 67 4565.800
40 68 9464.200
40 69 1903.500
40 70 8365.100
40 71 6861.700
40 72 4396.400
40 73 3768.600
40 74 5615.900
40 75 10843.100
40 76 845.800
40 77 9128.300
40 78 3345.400
40 79 3647.400
40 80 8006.100
40 81 6143.100
40 82 6281.400
40 83 4687.600
40 84 2065.500
40 85 5371.500
40 86 6338.700
40 87 3343.300
40 88 3499.600
40 89 10175.700
40 90 4306.900
40 91 9317.800
40 92 8289.200
40 93 2334.400
40 94 7552.700
40 95 2252.200
40 96 6042.800
40 97 6208.900
40 98 8817.900
40 99 9769.900
41 0 5142.500
41 1 2846.600
41 2 2094.900
41 3 7214.300
41 4 5491.500
41 5 2735.400
41 6 8846.200
41 7 9405.800
41 8 6828.300
41 9 5168.400
41 10 7423.100
41 11 4952.500
41 12 6373.100
41 13 7858.300
41 14 3656.700
41 15 6899.100
41 16 6477.500
41 17 4448.500
41 18 7953.700
41 19 5062.100
41 20 8542.700
41 21 3199.400
41 22 4742.500
41 23 6493.300
41 24 3333.000
41 25 7827.900
41 26 1444.700
41 27 4368.600
41 28 3996.100
41 29 3635.900
41 30 9365.000
41 31 5876.600
41 32 2213.500
41 33 5765.600
41 34 2725.900
41 35 2609.800
41 36 935.400
41 37 7744.200
41 38 8263.900
41 39 9019.200
41 40 5189.900
41 41 0.000
41 42 8150.900
41 43 7596.800
41 44 6502.100
41 45 2708.900
41 46 5278.500
41 47 1795.200
41 48 6370.200
41 49 3069.300
41 50 3151.300
41 51 4896.900
41 52 8750.900
41 53 8634.800
41 54 6508.400
41 55 5120.100
41 56 6379.600
41 57 3221.900
41 58 7550.600
41 59 7088.100
41 60 5324.900
41 61 6867.100
41 62 8837.700
41 63 6687.100
41 64 5911.400
41 65 8540.700
41 66 3955.000
41 67 7101.100
41 68 7216.800
41 69 4987.200
41 70 4862.000
41 71 4228.100
41 72 2860.200
41 73 2629.400
41 74 3061.600
41 75 7446.200
41 76 4886.900
41 77 8459.800
41 78 5044.200
41 79 9888.500
41 80 9962.800
41 81 3264.600
41 82 11746.700
41 83 6299.300
41 84 3118.400
41 85 4129.800
41 86 3705.200
41 87 8533.200
41 88 4078.100
41 89 7542.200
41 90 3905.400
41 91 8179.000
41 92 5655.600
41 93 6003.400
41 94 4974.100
41 95 7717.500
41 96 5032.500
41 97 3803.000
41 98 5420.900
41 99 7136.400
42 0 5302.200
42 1 9380.000
42 2 6392.100
42 3 6810.300
42 4 5087.500
42 5 6381.300
42 6 2114.800
42 7 3131.300
42 8 5581.100
42 9 11252.000
42 10 3319.300
42 11 8702.600
42 12 12259.100
42 13 6349.200
42 14 7990.600
42 15 3669.400
42 16 6073.600
42 17 4284.100
42 18 4034.400
42 19 7705.000
42 20 5613.300
42 21 6227.500
42 22 8365.800
42 23 11060.500
42 24 5729.900
42 25 6151.400
42 26 6536.800
42 27 5502.500
42 28 9220.700
42 29 4651.500
42 30 5037.900
42 31 12149.000
42 32 6862.400
42 33 2956.000
42 34 7549.800
42 35 8619.500
42 36 6850.500
42 37 7848.100
42 38 7444.300
42 39 2091.000
42 40 2709.500
42 41 8398.300
42 42 0.000
42 43 11084.100
42 44 1508.100
42 45 8083.500
42 46 4818.800
42 47 8087.500
42 48 11555.200
42 49 5194.700
42 50 6314.700
42 51 3743.900
42 52 1355.400
42 53 4834.300
42 54 7929.100
42 55 5238.600
42 56 3261.300
42 57 5497.800
42 58 1809.700
42 59 1110.200
42 60 11018.300
42 61 9686.800
42 62 5608.000
42 63 7427.300
42 64 7330.900
42 65 6094.900
42 66 8738.300
42 67 6452.100
42 68 10509.200
42 69 5102.000
42 70 10555.500
42 71 6825.600
42 72 7365.100
42 73 7615.100
42 74 6799.200
42 75 10933.400
42 76 3264.500
42 77 6815.000
42 78 5226.100
42 79 1375.300
42 80 5692.800
42 81 9111.800
42 82 5372.500
42 83 2498.800
42 84 4553.600
42 85 4836.500
42 86 8076.000
42 87 1030.000
42 88 4050.100
42 89 10031.600
42 90 6187.600
42 91 7004.500
42 92 7422.200
42 93 4220.800
42 94 6137.500
42 95 4487.800
42 96 4627.600
42 97 9177.600
42 98 10593.500
42 99 9369.100
43 0 7316.500
43 1 7837.700
43 2 7585.000
43 3 9995.400
43 4 8272.700
43 5 7599.600
43 6 13062.700
43 7 14844.100
43 8 9609.400
43 9 3037.600
43 10 12913.200
43 11 3824.400
43 12 4438.800
43 13 13348.400
43 14 9564.700
43 15 12389.200
43 16 9258.700
43 17 10360.000
43 18 15747.200
43 19 4423.700
43 20 11323.900
43 21 9298.900
43 22 4760.800
43 23 2506.300
43 24 8220.800
43 25 10609.000
43 26 7470.600
43 27 6542.600
43 28 4789.900
43 29 8108.800
43 30 12146.100
43 31 3673.800
43 32 8402.600
43 33 9714.700
43 34 5812.200
43 35 5441.600
43 36 7608.500
43 37 8190.900
43 38 9260.700
43 39 13039.000
43 40 11101.400
43 41 8548.100
43 42 10948.000
43 43 0.000
43 44 12456.100
43 45 8987.700
43 46 8276.100
43 47 6359.100
43 48 3080.000
43 49 8559.400
43 50 7394.400
43 51 7694.000
43 52 11548.000
43 53 11431.900
43 54 7249.800
43 55 10610.100
43 56 10943.000
43 57 9321.400
43 58 10347.700
43 59 11248.600
43 60 5224.200
43 61 2195.000
43 62 14327.800
43 63 8861.100
43 64 6651.600
43 65 11321.800
43 66 4715.300
43 67 12591.100
43 68 2197.700
43 69 10477.300
43 70 4012.300
43 71 5219.400
43 72 9256.400
43 73 8818.500
43 74 6867.500
43 75 2379.300
43 76 10815.100
43 77 9992.400
43 78 10534.300
43 79 12175.100
43 80 12760.000
43 81 7980.300
43 82 16306.800
43 83 9096.400
43 84 9029.800
43 85 7300.400
43 86 5597.000
43 87 11871.000
43 88 9786.300
43 89 2673.800
43 90 10000.600
43 91 10960.200
43 92 5076.800
43 93 11493.500
43 94 5826.500
43 95 13207.600
43 96 7389.600
43 97 8979.500
43 98 2379.100
43 99 4137.800
44 0 6466.100
44 1 7547.000
44 2 5039.600
44 3 7974.200
44 4 6251.400
44 5 6425.400
44 6 2253.300
44 7 2812.900
44 8 6745.000
44 9 9701.100
44 10 3000.800
44 11 8721.700
44 12 11204.300
44 13 4988.600
44 14 6984.900
44 15 2308.800
44 16 7237.400
44 17 2931.700
44 18 3716.000
44 19 8868.900
44 20 6901.700
44 21 4875.100
44 22 8511.700
44 23 12224.400
44 24 6332.500
44 25 7439.800
44 26 5184.300
44 27 6666.400
44 28 8165.900
44 29 5815.400
44 30 6326.300
44 31 10409.200
44 32 5509.900
44 33 4119.900
44 34 6495.100
44 35 7550.000
44 36 5498.000
44 37 9136.500
44 38 8732.700
44 39 2426.300
44 40 1357.100
44 41 7045.900
44 42 1854.400
44 43 12248.000
44 44 0.000
44 45 6250.500
44 46 5982.700
44 47 6577.800
44 48 10902.900
44 49 3842.300
44 50 6841.300
44 51 4907.800
44 52 2643.800
44 53 5998.200
44 54 9093.000
44 55 4232.800
44 56 1908.900
44 57 4145.400
44 58 2973.500
44 59 2274.100
44 60 9963.600
44 61 10850.700
44 62 4247.400
44 63 8591.200
44 64 8494.800
44 65 7383.300
44 66 7734.600
44 67 5440.800
44 68 11673.100
44 69 2969.800
44 70 9500.700
44 71 7989.500
44 72 5532.100
44 73 4904.300
44 74 6751.600
44 75 12097.300
44 76 1912.100
44 77 8103.400
44 78 4220.400
44 79 2622.500
44 80 6981.200
44 81 7278.800
44 82 5516.000
44 83 3662.700
44 84 3201.200
44 85 6000.400
44 86 7474.400
44 87 2318.400
44 88 4218.800
44 89 11195.500
44 90 5181.900
44 91 8292.900
44 92 8586.100
44 93 3209.500
44 94 7301.400
44 95 3127.200
44 96 5791.400
44 97 7344.600
44 98 9953.500
44 99 10533.000
45 0 5801.800
45 1 1311.900
45 2 2989.300
45 3 7309.900
45 4 5587.100
45 5 4241.900
45 6 7305.000
45 7 7864.600
45 8 6923.900
45 9 5700.400
45 10 5881.900
45 11 6341.300
45 12 6863.500
45 13 6286.400
45 14 1977.100
45 15 5358.000
45 16 6573.100
45 17 4372.200
45 18 6412.500
45 19 6451.000
45 20 8638.300
45 21 1991.500
45 22 6131.300
45 23 7274.800
45 24 4282.200
45 25 7923.500
45 26 2401.000
45 27 5875.100
45 28 5385.000
45 29 3731.500
45 30 9460.600
45 31 6366.900
45 32 744.100
45 33 5861.200
45 34 4114.700
45 35 3998.700
45 36 1704.100
45 37 8763.300
45 38 8359.500
45 39 7478.100
45 40 5320.000
45 41 1868.800
45 42 7860.600
45 43 8128.800
45 44 6322.600
45 45 0.000
45 46 5374.200
45 47 3184.100
45 48 6860.600
45 49 3442.600
45 50 4657.700
45 51 4992.500
45 52 8649.900
45 53 8730.400
45 54 7897.300
45 55 3548.100
45 56 6260.000
45 57 3145.600
45 58 7646.200
45 59 8280.200
45 60 5604.800
45 61 7399.000
45 62 7296.600
45 63 7926.900
45 64 7300.200
45 65 8636.300
45 66 5343.800
45 67 5529.100
45 68 7748.800
45 69 3446.000
45 70 5142.000
45 71 5617.000
45 72 1180.600
45 73 1558.700
45 74 4568.000
45 75 8228.500
45 76 4810.600
45 77 8555.400
45 78 3335.200
45 79 8347.300
45 80 10058.500
45 81 1043.700
45 82 10205.600
45 83 6394.900
45 84 3042.100
45 85 4456.800
45 86 5094.000
45 87 8324.500
45 88 4173.700
45 89 8931.100
45 90 2225.800
45 91 8274.600
45 92 7044.500
45 93 4431.500
45 94 6638.100
45 95 6176.300
45 96 5128.200
45 97 1109.500
45 98 5952.900
45 99 8525.200
46 0 3367.300
46 1 6251.100
46 2 3256.100
46 3 4875.400
46 4 3152.600
46 5 3257.100
46 6 6337.600
46 7 9575.600
46 8 4489.400
46 9 7726.600
46 10 7592.800
46 11 5897.700
46 12 9229.900
46 13 8028.100
46 14 5902.400
46 15 7068.900
46 16 4138.600
46 17 5039.600
46 18 8123.400
46 19 4900.100
46 20 6203.800
46 21 5102.400
46 22 5553.000
46 23 9126.600
46 24 2344.600
46 25 5489.000
46 26 3600.200
46 27 3568.600
46 28 6191.500
46 29 1266.200
46 30 7026.100
46 31 8434.800
46 32 4229.500
46 33 1993.300
46 34 4520.700
46 35 5590.300
46 36 4191.300
46 37 6328.800
46 38 5925.000
46 39 6313.800
46 40 5781.000
46 41 5679.100
46 42 4222.800
46 43 9150.200
46 44 5894.100
46 45 4954.600
46 46 0.000
46 47 4638.500
46 48 9621.300
46 49 3239.100
46 50 3190.400
46 51 2558.000
46 52 4822.800
46 53 6295.900
46 54 5993.600
46 55 5289.800
46 56 3447.300
46 57 4783.700
46 58 5211.700
46 59 3315.800
46 60 7989.200
46 61 7752.900
46 62 9007.500
46 63 5492.400
46 64 5397.000
46 65 6201.800
46 66 5619.000
46 67 7270.800
46 68 8575.300
46 69 5156.900
46 70 7526.300
46 71 4066.200
46 72 5401.500
46 73 4645.400
46 74 3674.900
46 75 8999.500
46 76 5494.800
46 77 6120.900
46 78 5213.900
46 79 5449.900
46 80 7623.900
46 81 5982.800
46 82 11177.800
46 83 3960.400
46 84 3709.500
46 85 2022.300
46 86 5271.100
46 87 5145.800
46 88 2943.700
46 89 8097.700
46 90 5804.100
46 91 5840.100
46 92 5488.300
46 93 6173.200
46 94 4203.600
46 95 7887.200
46 96 2693.600
46 97 6048.700
46 98 8659.600
46 99 6974.400
47 0 3929.000
47 1 2686.600
47 2 1722.100
47 3 6786.100
47 4 4871.100
47 5 1521.900
47 6 8473.400
47 7 9033.000
47 8 6207.800
47 9 3812.900
47 10 7050.300
47 11 3597.000
47 12 5017.600
47 13 7485.500
47 14 4141.700
47 15 6526.300
47 16 5857.100
47 17 4497.100
47 18 7580.900
47 19 3706.600
47 20 7922.300
47 21 3387.600
47 22 3387.000
47 23 5137.800
47 24 2116.400
47 25 7207.400
47 26 1319.100
47 27 3155.100
47 28 2640.600
47 29 2831.600
47 30 8744.500
47 31 4521.100
47 32 2491.300
47 33 5392.800
47 34 1370.400
47 35 1254.300
47 36 1697.300
47 37 6530.700
47 38 7600.500
47 39 8646.400
47 40 5238.500
47 41 2636.800
47 42 7546.400
47 43 6241.300
47 44 6550.700
47 45 3193.800
47 46 4735.600
47 47 0.000
47 48 5014.700
47 49 2696.500
47 50 1937.800
47 51 4292.400
47 52 8146.400
47 53 8030.300
47 54 5152.900
47 55 4747.200
47 56 6428.200
47 57 3410.100
47 58 6946.100
47 59 6715.300
47 60 3969.400
47 61 5511.500
47 62 8464.900
47 63 5473.600
47 64 4555.800
47 65 7920.200
47 66 2599.500
47 67 6728.300
47 68 5861.300
47 69 4614.400
47 70 3506.500
47 71 2872.600
47 72 3345.200
47 73 2907.300
47 74 1848.100
47 75 6090.700
47 76 4952.200
47 77 7839.400
47 78 4671.400
47 79 9515.600
47 80 9358.400
47 81 3652.100
47 82 11373.900
47 83 5694.800
47 84 3167.000
47 85 2916.200
47 86 2349.700
47 87 8469.400
47 88 3705.300
47 89 6186.700
47 90 4089.400
47 91 7558.600
47 92 4300.100
47 93 5630.600
47 94 3760.600
47 95 7344.700
47 96 3758.000
47 97 4651.400
47 98 4065.400
47 99 5780.900
48 0 7851.300
48 1 5604.700
48 2 6004.500
48 3 10530.200
48 4 8807.500
48 5 5801.300
48 6 12755.900
48 7 13315.500
48 8 10144.200
48 9 1143.100
48 10 11332.800
48 11 2405.200
48 12 1457.400
48 13 11768.000
48 14 7331.700
48 15 10808.800
48 16 9793.500
48 17 8779.500
48 18 11863.300
48 19 3477.700
48 20 11858.700
48 21 7521.500
48 22 3439.300
48 23 893.600
48 24 6398.900
48 25 11143.800
48 26 5890.200
48 27 7077.400
48 28 3209.500
48 29 7114.100
48 30 12680.900
48 31 968.900
48 32 6274.100
48 33 10249.500
48 34 4231.800
48 35 3861.200
48 36 6028.100
48 37 9267.500
48 38 10337.300
48 39 12928.900
48 40 9520.900
48 41 6352.800
48 42 11482.800
48 43 3112.500
48 44 10833.100
48 45 6754.700
48 46 8810.800
48 47 4778.700
48 48 0.000
48 49 6979.000
48 50 5900.300
48 51 8228.800
48 52 12082.800
48 53 11966.700
48 54 6590.400
48 55 9029.700
48 56 10710.600
48 57 7741.000
48 58 10882.500
48 59 11783.300
48 60 2176.000
48 61 2382.800
48 62 12747.400
48 63 9395.900
48 64 5992.200
48 65 11856.600
48 66 3134.900
48 67 11010.700
48 68 2732.500
48 69 8896.800
48 70 1779.300
48 71 4098.100
48 72 6710.600
48 73 7088.700
48 74 4993.100
48 75 1496.100
48 76 9234.700
48 77 11775.800
48 78 8953.800
48 79 12709.800
48 80 13294.700
48 81 5747.300
48 82 16841.600
48 83 9631.200
48 84 7449.400
48 85 6096.500
48 86 4016.500
48 87 12405.700
48 88 7987.800
48 89 3904.700
48 90 8409.900
48 91 11495.000
48 92 5008.000
48 93 9913.100
48 94 6361.300
48 95 11627.200
48 96 7924.400
48 97 6746.600
48 98 936.600
48 99 4839.000
49 0 4783.500
49 1 4766.600
49 2 1971.000
49 3 6291.600
49 4 4568.900
49 5 3356.800
49 6 6134.000
49 7 6693.600
49 8 5905.600
49 9 6632.500
49 10 4710.900
49 11 5653.100
49 12 8135.700
49 13 5146.100
49 14 4417.900
49 15 4186.900
49 16 5554.900
49 17 2155.300
49 18 5241.500
49 19 5762.700
49 20 7620.100
49 21 2629.100
49 22 5443.100
49 23 7957.400
49 24 3263.900
49 25 6905.200
49 26 2115.700
49 27 4990.000
49 28 5097.300
49 29 2713.300
49 30 8442.300
49 31 7340.600
49 32 2745.000
49 33 4842.900
49 34 3426.500
49 35 4481.400
49 36 2706.800
49 37 7745.000
49 38 7341.300
49 39 6307.000
49 40 2896.700
49 41 4194.600
49 42 5776.100
49 43 9060.900
49 44 4208.900
49 45 3470.100
49 46 4355.900
49 47 3725.300
49 48 7834.300
49 49 0.000
49 50 3772.700
49 51 3974.200
49 52 6565.500
49 53 7712.200
49 54 7209.000
49 55 2407.900
49 56 4086.400
49 57 1899.400
49 58 6895.200
49 59 6195.700
49 60 6895.000
49 61 9169.100
49 62 6125.500
49 63 6908.600
49 64 6612.000
49 65 7618.000
49 66 4666.000
49 67 4388.900
49 68 7531.300
49 69 2275.000
49 70 6432.100
49 71 4928.700
49 72 3286.100
49 73 2658.300
49 74 3683.000
49 75 8910.200
49 76 2610.500
49 77 7537.100
49 78 2332.000
49 79 6544.200
49 80 9040.200
49 81 4498.300
49 82 9034.500
49 83 5376.700
49 84 825.200
49 85 3438.600
49 86 4405.800
49 87 6240.100
49 88 1067.200
49 89 8242.800
49 90 3293.500
49 91 7256.400
49 92 6356.300
49 93 3291.200
49 94 5619.800
49 95 5005.300
49 96 4109.900
49 97 4564.200
49 98 6884.900
49 99 7837.000
50 0 1991.300
50 1 4366.900
50 2 2103.700
50 3 4848.300
50 4 2933.300
50 5 853.000
50 6 7723.400
50 7 9511.800
50 8 4270.100
50 9 5017.600
50 10 7584.100
50 11 3486.900
50 12 6520.800
50 13 8019.300
50 14 5821.900
50 15 7060.200
50 16 3919.300
50 17 5030.900
50 18 8114.700
50 19 2489.300
50 20 5984.500
50 21 5066.400
50 22 3142.100
50 23 6753.400
50 24 1540.000
50 25 5269.700
50 26 2550.100
50 27 1217.400
50 28 3482.400
50 29 2116.400
50 30 6806.800
50 31 5725.700
50 32 4170.100
50 33 4375.400
50 34 1811.600
50 35 2881.300
50 36 2995.700
50 37 4593.000
50 38 5662.800
50 39 7699.600
50 40 5772.300
50 41 3935.200
50 42 5608.600
50 43 6776.900
50 44 7116.800
50 45 4874.100
50 46 2797.800
50 47 2559.200
50 48 5695.700
50 49 3230.400
50 50 0.000
50 51 2354.600
50 52 6208.600
50 53 6092.600
50 54 3582.800
50 55 5281.100
50 56 5603.600
50 57 4774.900
50 58 5008.300
50 59 5909.200
50 60 5280.100
50 61 5379.600
50 62 8998.800
50 63 3535.900
50 64 2985.700
50 65 5982.500
50 66 3522.500
50 67 7262.100
50 68 4772.400
50 69 5148.200
50 70 4817.200
50 71 1655.300
50 72 5025.400
50 73 4586.000
50 74 965.800
50 75 6626.300
50 76 5486.000
50 77 5901.600
50 78 5205.200
50 79 6835.700
50 80 7420.600
50 81 5332.300
50 82 10974.500
50 83 3757.100
50 84 3700.800
50 85 978.500
50 86 2860.300
50 87 6531.600
50 88 3793.900
50 89 5483.900
50 90 5768.200
50 91 5620.800
50 92 3107.600
50 93 6164.500
50 94 1822.900
50 95 7878.500
50 96 1820.200
50 97 6331.600
50 98 4976.300
50 99 4563.500
51 0 2139.100
51 1 6473.300
51 2 3478.300
51 3 3647.200
51 4 1210.600
51 5 3218.200
51 6 5368.800
51 7 6385.300
51 8 1706.400
51 9 8088.900
51 10 6573.300
51 11 5539.500
51 12 9096.000
51 13 8250.300
51 14 6124.700
51 15 6923.400
51 16 2910.500
51 17 5261.900
51 18 7288.400
51 19 4541.900
51 20 4986.500
51 21 5324.700
51 22 5202.700
51 23 7897.400
51 24 2566.800
51 25 4260.800
51 26 3822.500
51 27 2339.400
51 28 6057.600
51 29 1488.400
51 30 4411.000
51 31 8985.900
51 32 4451.700
51 33 2020.800
51 34 4386.700
51 35 5456.400
51 36 4413.500
51 37 5100.600
51 38 4696.800
51 39 5345.000
51 40 4423.200
51 41 5901.300
51 42 3254.000
51 43 7921.000
51 44 4762.100
51 45 5176.800
51 46 1655.700
51 47 4924.400
51 48 8392.100
51 49 3461.300
51 50 3151.600
51 51 0.000
51 52 3854.000
51 53 3737.900
51 54 4766.000
51 55 5512.000
51 56 3249.000
51 57 5005.900
51 58 2653.700
51 59 3554.600
51 60 7855.200
51 61 6523.700
51 62 8862.000
51 63 4264.200
51 64 4167.800
51 65 3607.900
51 66 5575.200
51 67 7493.000
51 68 7346.100
51 69 5379.200
51 70 7392.400
51 71 3662.500
51 72 5623.700
51 73 4867.700
51 74 3636.100
51 75 7770.300
51 76 5717.000
51 77 4892.700
51 78 5436.200
51 79 4481.100
51 80 5066.000
51 81 6205.100
51 82 8626.500
51 83 1402.500
51 84 3931.700
51 85 1673.400
51 86 4912.900
51 87 4177.000
51 88 3165.900
51 89 6868.500
51 90 6026.400
51 91 3275.400
51 92 4259.100
51 93 6395.400
51 94 2974.400
51 95 7741.800
51 96 1464.500
51 97 6270.900
51 98 7430.400
51 99 6206.000
52 0 5685.500
52 1 10601.400
52 2 5822.000
52 3 6444.400
52 4 5470.900
52 5 6764.600
52 6 3336.200
52 7 4352.700
52 8 5697.600
52 9 11635.300
52 10 4540.700
52 11 9085.900
52 12 12642.400
52 13 7570.600
52 14 9212.100
52 15 4890.800
52 16 6874.300
52 17 4362.200
52 18 5255.800
52 19 8088.300
52 20 4444.800
52 21 7448.900
52 22 8749.200
52 23 11443.800
52 24 6113.300
52 25 4982.800
52 26 7368.900
52 27 5885.800
52 28 9604.000
52 29 5034.900
52 30 3869.300
52 31 12532.300
52 32 7998.200
52 33 3339.300
52 34 7933.100
52 35 9002.800
52 36 7960.000
52 37 6679.600
52 38 6275.800
52 39 2124.200
52 40 3930.900
52 41 9447.800
52 42 1233.700
52 43 11467.400
52 44 2729.600
52 45 9304.900
52 46 5202.100
52 47 8470.800
52 48 11938.500
52 49 5805.000
52 50 6698.000
52 51 4610.600
52 52 0.000
52 53 4448.100
52 54 8312.500
52 55 6460.000
52 56 3407.500
52 57 6719.200
52 58 1242.300
52 59 1493.500
52 60 11401.700
52 61 10070.100
52 62 6829.400
52 63 7033.500
52 64 7714.200
52 65 4926.400
52 66 9121.600
52 67 7673.500
52 68 10892.500
52 69 6323.400
52 70 10938.800
52 71 7208.900
52 72 8586.500
52 73 8836.500
52 74 7182.500
52 75 11316.800
52 76 4485.900
52 77 5646.500
52 78 6447.500
52 79 1431.600
52 80 4524.300
52 81 10333.200
52 82 6593.900
52 83 2882.100
52 84 5775.000
52 85 5219.900
52 86 8459.300
52 87 760.500
52 88 4433.500
52 89 10414.900
52 90 7409.000
52 91 5836.000
52 92 7805.500
52 93 5442.200
52 94 6520.800
52 95 5709.200
52 96 5010.900
52 97 10399.000
52 98 10976.800
52 99 9752.400
53 0 4231.600
53 1 8565.800
53 2 5570.800
53 3 5292.100
53 4 4016.900
53 5 5310.700
53 6 5110.500
53 7 6127.100
53 8 2502.900
53 9 10181.400
53 10 6315.100
53 11 7632.000
53 12 11188.400
53 13 9345.000
53 14 8217.100
53 15 6665.200
53 16 3219.900
53 17 4068.200
53 18 7030.200
53 19 6634.400
53 20 3292.500
53 21 7417.100
53 22 7295.200
53 23 9989.900
53 24 4659.300
53 25 3830.500
53 26 5915.000
53 27 4431.900
53 28 8150.000
53 29 3580.900
53 30 2717.000
53 31 11078.400
53 32 6544.200
53 33 1885.300
53 34 6479.200
53 35 7548.900
53 36 6506.000
53 37 5527.300
53 38 5123.500
53 39 5086.800
53 40 4287.800
53 41 7993.800
53 42 2995.800
53 43 10013.500
53 44 4503.900
53 45 7269.300
53 46 3748.100
53 47 7016.900
53 48 10484.500
53 49 5553.800
53 50 5244.100
53 51 3156.600
53 52 2461.700
53 53 0.000
53 54 6858.500
53 55 7604.500
53 56 3113.500
53 57 7098.400
53 58 1629.900
53 59 3296.300
53 60 9947.700
53 61 8616.200
53 62 8603.800
53 63 5881.200
53 64 6260.300
53 65 3774.100
53 66 7667.600
53 67 9447.900
53 68 9438.600
53 69 7471.600
53 70 9484.800
53 71 5755.000
53 72 7716.200
53 73 6960.100
53 74 5728.500
53 75 9862.800
53 76 6260.200
53 77 4494.200
53 78 7528.600
53 79 3172.000
53 80 3371.900
53 81 8297.500
53 82 8368.300
53 83 1428.200
53 84 6024.200
53 85 3765.900
53 86 7005.400
53 87 2867.900
53 88 3972.300
53 89 8961.000
53 90 8118.900
53 91 4683.700
53 92 6351.500
53 93 7216.500
53 94 5066.800
53 95 7483.500
53 96 3556.900
53 97 8363.400
53 98 9522.800
53 99 8298.400
54 0 10463.700
54 1 13975.800
54 2 12121.000
54 3 9315.700
54 4 11427.400
54 5 10720.200
54 6 16217.500
54 7 17998.900
54 8 11377.500
54 9 11666.000
54 10 17449.200
54 11 9962.900
54 12 13392.300
54 13 17884.400
54 14 15430.800
54 15 16925.200
54 16 10660.500
54 17 14896.000
54 18 18902.000
54 19 9429.900
54 20 10210.400
54 21 14676.800
54 22 10380.900
54 23 12123.300
54 24 11407.100
54 25 9495.500
54 26 12415.200
54 27 9689.800
54 28 12113.300
54 29 11263.600
54 30 11032.600
54 31 12706.900
54 32 13780.500
54 33 12869.500
54 34 10442.400
54 35 11512.100
54 36 12860.700
54 37 7896.400
54 38 8966.200
54 39 16193.700
54 40 15637.400
54 41 13800.300
54 42 14102.800
54 43 11057.900
54 44 15610.900
54 45 14483.000
54 46 11430.800
54 47 11433.200
54 48 12113.100
54 49 13095.400
54 50 10580.700
54 51 10848.800
54 52 14702.800
54 53 12604.300
54 54 0.000
54 55 15146.100
54 56 14097.700
54 57 14640.000
54 58 13502.400
54 59 14403.300
54 60 13910.900
54 61 10749.500
54 62 18863.800
54 63 8877.500
54 64 9499.300
54 65 10732.500
54 66 11540.700
54 67 17127.100
54 68 10740.300
54 69 15013.300
54 70 13448.100
54 71 9718.200
54 72 14634.300
54 73 14196.400
54 74 10053.800
54 75 11996.200
54 76 15351.100
54 77 9697.900
54 78 15070.300
54 79 15329.800
54 80 12345.900
54 81 14955.000
54 82 19461.500
54 83 12251.200
54 84 13565.800
54 85 10447.700
54 86 10968.600
54 87 15025.700
54 88 12941.100
54 89 10297.000
54 90 15378.500
54 91 10225.400
54 92 9145.000
54 93 16029.500
54 94 8973.800
54 95 17743.600
54 96 10313.100
54 97 15954.300
54 98 11393.700
54 99 8174.600
55 0 6265.500
55 1 4847.900
55 2 3453.000
55 3 7773.500
55 4 6050.800
55 5 4838.700
55 6 4673.200
55 7 4118.300
55 8 7387.500
55 9 8114.400
55 10 2628.200
55 11 7135.000
55 12 9617.600
55 13 2738.200
55 14 3458.500
55 15 2104.200
55 16 7036.800
55 17 4262.800
55 18 3158.700
55 19 7244.600
55 20 9102.000
55 21 2730.000
55 22 6925.000
55 23 9439.300
55 24 4745.800
55 25 8387.100
55 26 3597.700
55 27 6471.900
55 28 6579.300
55 29 4195.200
55 30 9700.600
55 31 8822.500
55 32 3697.100
55 33 5443.500
55 34 4908.400
55 35 5963.300
55 36 4188.700
55 37 9226.900
55 38 8823.200
55 39 4846.200
55 40 2688.100
55 41 4868.300
55 42 5228.700
55 43 10542.800
55 44 3690.700
55 45 3551.400
55 46 5837.800
55 47 5207.200
55 48 9316.200
55 49 3927.100
55 50 5254.600
55 51 5456.100
55 52 6018.100
55 53 9372.500
55 54 8691.000
55 55 0.000
55 56 3628.200
55 57 2542.000
55 58 6347.800
55 59 5648.400
55 60 8376.900
55 61 10651.000
55 62 3545.200
55 63 8390.600
55 64 8093.900
55 65 9099.900
55 66 6148.000
55 67 1980.900
55 68 9013.200
55 69 814.200
55 70 7914.100
55 71 6410.700
55 72 2833.000
55 73 2637.400
55 74 5164.900
55 75 10392.100
55 76 1871.900
55 77 9019.100
55 78 694.000
55 79 5715.400
55 80 10355.500
55 81 4579.600
55 82 6380.700
55 83 7037.000
55 84 2365.100
55 85 4920.500
55 86 5887.700
55 87 5692.700
55 88 4637.400
55 89 9724.700
55 90 1655.500
55 91 8738.300
55 92 7838.200
55 93 1504.400
55 94 7101.700
55 95 2922.600
55 96 5591.800
55 97 4645.500
55 98 8366.900
55 99 9318.900
56 0 4856.200
56 1 6790.400
56 2 3698.400
56 3 6364.300
56 4 4641.500
56 5 5260.400
56 6 4089.300
56 7 4648.900
56 8 5135.100
56 9 8944.500
56 10 2923.200
56 11 7965.100
56 12 10447.800
56 13 5079.000
56 14 7075.300
56 15 2399.200
56 16 5627.600
56 17 1444.800
56 18 3453.800
56 19 7259.000
56 20 5703.300
56 21 4118.500
56 22 7755.100
56 23 10614.500
56 24 4991.300
56 25 6241.400
56 26 4427.800
56 27 5056.500
56 28 7409.400
56 29 4205.500
56 30 5127.800
56 31 9652.700
56 32 4753.400
56 33 1815.300
56 34 5738.500
56 35 6793.400
56 36 4741.500
56 37 7938.100
56 38 7534.300
56 39 4262.400
56 40 1005.000
56 41 6289.400
56 42 2821.000
56 43 10638.100
56 44 2123.400
56 45 5493.900
56 46 3448.800
56 47 5821.200
56 48 10146.300
56 49 3681.400
56 50 5676.300
56 51 3781.300
56 52 3421.000
56 53 4454.800
56 54 7483.100
56 55 4323.200
56 56 0.000
56 57 3388.800
56 58 3325.200
56 59 1914.000
56 60 9207.000
56 61 9240.800
56 62 4337.800
56 63 6981.300
56 64 6884.900
56 65 6184.900
56 66 6978.100
56 67 5531.200
56 68 10063.200
56 69 3114.700
56 70 8744.200
56 71 6379.600
56 72 4775.500
56 73 4147.700
56 74 5586.600
56 75 10487.400
56 76 2057.000
56 77 6905.000
56 78 4310.800
56 79 4458.600
56 80 5782.800
56 81 6522.200
56 82 7246.800
56 83 2119.300
56 84 2444.600
56 85 4390.500
56 86 6717.800
56 87 4154.500
56 88 2309.900
56 89 9585.600
56 90 5272.300
56 91 7094.500
56 92 6976.200
56 93 3299.800
56 94 5691.500
56 95 3217.600
56 96 4181.600
56 97 6588.000
56 98 9197.000
56 99 8923.100
57 0 5408.000
57 1 4428.300
57 2 2595.500
57 3 6916.100
57 4 5193.300
57 5 3981.300
57 6 6402.900
57 7 6962.500
57 8 6530.100
57 9 6832.300
57 10 4979.800
57 11 6277.600
57 12 8037.000
57 13 5415.000
57 14 4079.700
57 15 4455.800
57 16 6179.300
57 17 2441.000
57 18 5510.400
57 19 6387.200
57 20 8244.500
57 21 1756.400
57 22 6067.600
57 23 8157.200
57 24 3888.400
57 25 7529.700
57 26 2740.200
57 27 5614.500
57 28 5721.800
57 29 3337.700
57 30 9066.800
57 31 7540.500
57 32 2391.300
57 33 5467.400
57 34 4050.900
57 35 4273.700
57 36 2379.400
57 37 8369.500
57 38 7965.700
57 39 6575.900
57 40 3182.400
57 41 3927.300
57 42 6061.800
57 43 9260.700
57 44 4494.600
57 45 3131.800
57 46 4980.300
57 47 3459.100
57 48 8034.100
57 49 2104.600
57 50 4397.100
57 51 4598.700
57 52 6851.100
57 53 8336.600
57 54 7833.500
57 55 2676.800
57 56 4372.100
57 57 0.000
57 58 7180.900
57 59 6481.400
57 60 6988.800
57 61 9793.600
57 62 6394.400
57 63 7533.100
57 64 7236.400
57 65 8242.500
57 66 5290.500
57 67 4657.800
57 68 8155.800
57 69 2543.900
57 70 6525.900
57 71 5553.200
57 72 2413.400
57 73 1785.600
57 74 4307.500
57 75 9110.100
57 76 2879.400
57 77 8161.600
57 78 2600.900
57 79 6829.800
57 80 9664.700
57 81 4160.100
57 82 9303.400
57 83 6001.100
57 84 1110.900
57 85 4063.000
57 86 5030.200
57 87 6525.700
57 88 3779.900
57 89 8867.300
57 90 2458.200
57 91 7880.800
57 92 6980.700
57 93 3560.100
57 94 6244.300
57 95 5274.200
57 96 4734.400
57 97 4225.900
57 98 7084.800
57 99 8461.500
58 0 4529.600
58 1 8863.800
58 2 5868.800
58 3 6283.500
58 4 4314.900
58 5 5608.700
58 6 3409.800
58 7 4426.400
58 8 3494.300
58 9 10479.400
58 10 4614.300
58 11 7930.000
58 12 11486.400
58 13 7644.300
58 14 9285.700
58 15 4964.500
58 16 4211.300
58 17 4464.400
58 18 5329.500
58 19 6932.400
58 20 4283.900
58 21 7522.600
58 22 7593.200
58 23 10287.900
58 24 4957.300
58 25 4821.900
58 26 6213.000
58 27 4729.900
58 28 8448.000
58 29 3878.900
58 30 3708.400
58 31 11376.400
58 32 6842.200
58 33 2183.300
58 34 6777.200
58 35 7846.900
58 36 6804.000
58 37 6518.600
58 38 6114.900
58 39 3386.100
58 40 4004.500
58 41 8291.800
58 42 1295.100
58 43 10311.500
58 44 2803.200
58 45 7567.300
58 46 4046.100
58 47 7314.900
58 48 10782.500
58 49 5851.800
58 50 5542.100
58 51 3454.600
58 52 967.200
58 53 3035.300
58 54 7156.500
58 55 6533.600
58 56 3509.700
58 57 6792.900
58 58 0.000
58 59 1595.600
58 60 10245.700
58 61 8914.200
58 62 6903.100
58 63 6872.600
58 64 6558.300
58 65 4765.500
58 66 7965.600
58 67 7747.200
58 68 9736.600
58 69 6397.100
58 70 9782.800
58 71 6053.000
58 72 8660.200
58 73 7258.100
58 74 6026.500
58 75 10160.800
58 76 4559.500
58 77 5485.500
58 78 6521.200
58 79 1677.500
58 80 4363.300
58 81 8595.500
58 82 6667.600
58 83 1726.200
58 84 5848.700
58 85 4063.900
58 86 7303.400
58 87 1373.400
58 88 4535.600
58 89 9259.000
58 90 7482.700
58 91 5675.100
58 92 6649.500
58 93 5515.800
58 94 5364.800
58 95 5782.800
58 96 3854.900
58 97 8661.400
58 98 9820.800
58 99 8596.400
59 0 5097.200
59 1 8214.300
59 2 4328.500
59 3 6605.300
59 4 4882.500
59 5 6176.300
59 6 3021.800
59 7 4038.300
59 8 5376.100
59 9 11047.000
59 10 4226.300
59 11 8497.600
59 12 12054.100
59 13 7256.200
59 14 8897.600
59 15 4576.400
59 16 5868.600
59 17 2868.700
59 18 4941.400
59 19 7500.000
59 20 5545.100
59 21 5542.400
59 22 8160.800
59 23 10855.500
59 24 5524.900
59 25 6083.100
59 26 6780.600
59 27 5297.500
59 28 9015.700
59 29 4446.500
59 30 4969.600
59 31 11944.000
59 32 6177.300
59 33 1643.800
59 34 7344.800
59 35 8414.500
59 36 6165.400
59 37 7779.900
59 38 7376.100
59 39 2998.000
59 40 3088.300
59 41 7204.600
59 42 907.000
59 43 10879.100
59 44 2415.100
59 45 6917.800
59 46 3316.600
59 47 6433.900
59 48 11350.200
59 49 4311.500
59 50 6109.700
59 51 4022.200
59 52 1507.000
59 53 4629.300
59 54 7724.100
59 55 6145.600
59 56 1914.000
59 57 4812.700
59 58 1411.200
59 59 0.000
59 60 10813.300
59 61 9481.800
59 62 6515.000
59 63 7222.300
59 64 7125.900
59 65 6026.700
59 66 8533.300
59 67 7359.100
59 68 10304.200
59 69 6009.000
59 70 10350.500
59 71 6620.600
59 72 6199.400
59 73 5571.600
59 74 6594.200
59 75 10728.400
59 76 4171.500
59 77 6746.800
59 78 6133.100
59 79 2134.100
59 80 5624.500
59 81 7946.100
59 82 6279.500
59 83 2293.800
59 84 3868.500
59 85 4631.500
59 86 7871.000
59 87 1830.000
59 88 2940.000
59 89 9826.600
59 90 7094.600
59 91 6936.300
59 92 7217.200
59 93 5127.700
59 94 5932.500
59 95 5394.800
59 96 4422.500
59 97 8011.900
59 98 10388.500
59 99 9164.100
60 0 7253.600
60 1 4328.500
60 2 5262.800
60 3 9953.100
60 4 8230.300
60 5 5059.600
60 6 12014.100
60 7 12573.700
60 8 9567.100
60 9 2361.700
60 10 10591.000
60 11 3879.100
60 12 1151.400
60 13 11026.200
60 14 6055.500
60 15 10067.100
60 16 9216.400
60 17 8037.800
60 18 11121.600
60 19 3975.300
60 20 11281.600
60 21 6245.300
60 22 3685.400
60 23 3348.200
60 24 5657.200
60 25 10566.700
60 26 5142.800
60 27 6479.700
60 28 2467.800
60 29 6372.300
60 30 12103.800
60 31 1977.500
60 32 4997.800
60 33 8933.500
60 34 3490.100
60 35 3032.100
60 36 5280.700
60 37 9855.300
60 38 10925.100
60 39 12187.100
60 40 8779.200
60 41 5076.600
60 42 10905.600
60 43 5047.700
60 44 10091.400
60 45 5478.500
60 46 8233.700
60 47 4031.300
60 48 2508.800
60 49 6237.300
60 50 5335.500
60 51 7651.600
60 52 11505.600
60 53 11389.600
60 54 7272.600
60 55 8288.000
60 56 9968.900
60 57 6993.600
60 58 10305.300
60 59 10256.000
60 60 0.000
60 61 4318.000
60 62 12005.700
60 63 8798.200
60 64 6675.600
60 65 11279.500
60 66 2393.200
60 67 10269.000
60 68 4667.700
60 69 8155.100
60 70 1215.400
60 71 4247.400
60 72 5434.300
60 73 5812.400
60 74 4428.400
60 75 3079.800
60 76 8492.900
60 77 11198.600
60 78 7589.000
60 79 13056.400
60 80 12717.600
60 81 4471.000
60 82 14914.600
60 83 9054.100
60 84 6707.700
60 85 6245.800
60 86 3274.800
60 87 11828.600
60 88 7246.000
60 89 5733.100
60 90 7133.700
60 91 10917.800
60 92 5674.900
60 93 9171.400
60 94 5776.600
60 95 10885.400
60 96 7116.000
60 97 5470.300
60 98 2871.800
60 99 6049.600
61 0 6214.700
61 1 6365.300
61 2 6112.600
61 3 8893.600
61 4 7170.800
61 5 6497.700
61 6 11960.900
61 7 13742.300
61 8 8507.600
61 9 1565.200
61 10 11440.800
61 11 1772.600
61 12 3301.900
61 13 11876.000
61 14 8092.300
61 15 10916.800
61 16 8156.900
61 17 8887.600
61 18 11971.400
61 19 2351.400
61 20 10222.100
61 21 7826.500
61 22 2791.500
61 23 1647.200
61 24 6506.900
61 25 9507.200
61 26 5998.200
61 27 5440.800
61 28 3317.600
61 29 7007.000
61 30 11044.300
61 31 2462.200
61 32 6930.200
61 33 8612.900
61 34 4339.900
61 35 3969.200
61 36 6136.200
61 37 8816.400
61 38 9943.200
61 39 11937.100
61 40 9629.000
61 41 7075.700
61 42 9846.200
61 43 1670.800
61 44 11354.300
61 45 7515.300
61 46 7174.200
61 47 4886.800
61 48 1868.400
61 49 7087.000
61 50 6292.600
61 51 6592.200
61 52 10446.200
61 53 10330.100
61 54 6148.000
61 55 9137.700
61 56 9841.100
61 57 7849.000
61 58 9245.800
61 59 10146.700
61 60 3751.800
61 61 0.000
61 62 12855.400
61 63 7759.300
61 64 5549.800
61 65 10220.000
61 66 3242.900
61 67 11118.800
61 68 1095.900
61 69 9004.900
61 70 2539.900
61 71 3105.700
61 72 7784.100
61 73 7346.100
61 74 4345.200
61 75 1520.100
61 76 9342.700
61 77 10139.100
61 78 9061.900
61 79 11073.200
61 80 11658.100
61 81 6507.900
61 82 15204.900
61 83 7994.600
61 84 7557.500
61 85 6198.600
61 86 3453.200
61 87 10769.100
61 88 8684.500
61 89 2261.200
61 90 8528.300
61 91 9858.400
61 92 3975.000
61 93 10021.100
61 94 4724.700
61 95 11735.200
61 96 6287.800
61 97 7507.200
61 98 906.700
61 99 3036.000
62 0 9614.200
62 1 8218.000
62 2 6801.700
62 3 11122.300
62 4 9399.500
62 5 8187.400
62 6 4916.200
62 7 3143.200
62 8 10736.300
62 9 11463.100
62 10 2414.200
62 11 10483.700
62 12 12966.400
62 13 1449.200
62 14 6828.600
62 15 1890.200
62 16 10385.500
62 17 4638.300
62 18 2944.800
62 19 10593.400
62 20 10519.000
62 21 6100.100
62 22 10273.700
62 23 12788.100
62 24 8094.600
62 25 11057.100
62 26 6946.400
62 27 9820.700
62 28 9928.000
62 29 7543.900
62 30 9943.600
62 31 12171.300
62 32 7067.200
62 33 5819.000
62 34 8257.100
62 35 9312.000
62 36 7537.400
62 37 12575.700
62 38 12171.900
62 39 5089.200
62 40 3063.600
62 41 8238.400
62 42 5471.700
62 43 13891.500
62 44 4066.200
62 45 6921.500
62 46 9186.500
62 47 8555.900
62 48 12664.900
62 49 5548.900
62 50 8603.300
62 51 8804.900
62 52 6261.100
62 53 9615.500
62 54 12039.700
62 55 4076.600
62 56 4003.700
62 57 5890.700
62 58 6590.900
62 59 5891.400
62 60 11725.700
62 61 13999.800
62 62 0.000
62 63 11739.300
62 64 11442.600
62 65 11000.600
62 66 9496.700
62 67 1806.700
62 68 12361.900
62 69 3940.000
62 70 11262.800
62 71 9759.400
62 72 6203.100
62 73 6453.100
62 74 8513.600
62 75 13740.900
62 76 3618.600
62 77 11720.700
62 78 4064.100
62 79 5958.400
62 80 10598.500
62 81 7949.800
62 82 3403.500
62 83 7280.000
62 84 4907.700
62 85 8269.200
62 86 9236.400
62 87 5935.700
62 88 6313.600
62 89 13073.500
62 90 5025.600
62 91 11910.200
62 92 11186.900
62 93 2411.500
62 94 10450.500
62 95 1022.000
62 96 8940.500
62 97 8015.600
62 98 11715.600
62 99 12667.600
63 0 1626.000
63 1 7125.700
63 2 4862.500
63 3 1253.000
63 4 2445.100
63 5 3611.800
63 6 9064.700
63 7 10853.100
63 8 2474.600
63 9 7965.800
63 10 10343.000
63 11 5888.200
63 12 9469.100
63 13 10778.200
63 14 8580.800
63 15 9819.000
63 16 1757.700
63 17 7789.800
63 18 11756.200
63 19 4890.600
63 20 3114.000
63 21 7825.300
63 22 5543.400
63 23 8278.000
63 24 4298.800
63 25 2399.200
63 26 5309.000
63 27 2595.700
63 28 6430.700
63 29 4110.800
63 30 3936.300
63 31 8674.000
63 32 6929.000
63 33 5716.700
63 34 4759.800
63 35 5829.500
63 36 5754.500
63 37 1872.000
63 38 2941.800
63 39 9040.900
63 40 8531.200
63 41 6694.100
63 42 6950.000
63 43 8301.600
63 44 8458.100
63 45 7632.900
63 46 4278.000
63 47 5318.000
63 48 8772.700
63 49 5989.200
63 50 3545.200
63 51 3696.000
63 52 7374.900
63 53 5508.000
63 54 5139.200
63 55 8039.900
63 56 6944.900
63 57 7533.800
63 58 6349.600
63 59 7250.500
63 60 8228.400
63 61 6904.300
63 62 11757.600
63 63 0.000
63 64 4540.900
63 65 3966.500
63 66 5923.900
63 67 10020.900
63 68 7726.700
63 69 7907.100
63 70 7765.500
63 71 4035.600
63 72 7784.300
63 73 7344.900
63 74 4029.700
63 75 8150.900
63 76 8244.900
63 77 3031.100
63 78 7964.000
63 79 8177.000
63 80 5249.600
63 81 8091.200
63 82 12315.800
63 83 5098.400
63 84 6459.600
63 85 3312.700
63 86 5261.600
63 87 7872.900
63 88 5788.300
63 89 8020.100
63 90 8527.000
63 91 3125.800
63 92 3479.900
63 93 8923.300
63 94 3347.500
63 95 10637.400
63 96 2769.700
63 97 9090.500
63 98 7811.000
63 99 5897.700
64 0 4893.900
64 1 8406.000
64 2 6551.200
64 3 5630.900
64 4 5857.600
64 5 5150.300
64 6 10647.700
64 7 12429.000
64 8 7194.400
64 9 5661.900
64 10 11879.400
64 11 3958.700
64 12 7388.100
64 13 12314.600
64 14 9861.000
64 15 11355.400
64 16 6843.700
64 17 9326.100
64 18 13332.200
64 19 3425.700
64 20 6525.700
64 21 9107.000
64 22 4376.700
64 23 6119.100
64 24 5837.300
64 25 5810.800
64 26 6845.400
64 27 4120.000
64 28 6543.500
64 29 5693.800
64 30 7347.900
64 31 6702.800
64 32 8210.700
64 33 7299.700
64 34 4872.600
64 35 5942.300
64 36 7290.900
64 37 4211.700
64 38 5281.500
64 39 10623.900
64 40 10067.600
64 41 8230.500
64 42 8532.900
64 43 5053.800
64 44 10041.100
64 45 8913.200
64 46 5861.000
64 47 5863.400
64 48 6109.000
64 49 7525.600
64 50 5010.900
64 51 5278.900
64 52 9132.900
64 53 8919.600
64 54 4527.800
64 55 9576.300
64 56 8527.900
64 57 9070.200
64 58 7932.600
64 59 8833.500
64 60 8341.100
64 61 4745.400
64 62 13294.000
64 63 5192.800
64 64 0.000
64 65 7047.800
64 66 5045.400
64 67 11557.300
64 68 4736.200
64 69 9443.500
64 70 6636.500
64 71 4148.400
64 72 9064.500
64 73 8626.600
64 74 4484.000
64 75 5992.100
64 76 9781.300
64 77 6013.200
64 78 9500.400
64 79 9760.000
64 80 8661.200
64 81 9385.200
64 82 13891.700
64 83 6681.400
64 84 7996.000
64 85 4877.800
64 86 5398.800
64 87 9455.900
64 88 7371.200
64 89 4292.900
64 90 9808.700
64 91 6540.700
64 92 3575.200
64 93 10459.700
64 94 3403.900
64 95 12173.800
64 96 4743.300
64 97 10384.400
64 98 5389.500
64 99 2170.500
65 0 4641.500
65 1 9173.100
65 2 6178.100
65 3 2091.700
65 4 2664.900
65 5 5918.000
65 6 8235.100
65 7 9251.700
65 8 1847.400
65 9 10788.700
65 10 9439.600
65 11 8239.300
65 12 11795.800
65 13 10950.100
65 14 8824.500
65 15 9990.900
65 16 1977.400
65 17 7961.700
65 18 10154.800
65 19 7241.700
65 20 784.000
65 21 8024.500
65 22 7902.500
65 23 10597.200
65 24 5266.700
65 25 1491.300
65 26 6522.300
65 27 5039.200
65 28 8757.400
65 29 4188.300
65 30 1565.700
65 31 11685.700
65 32 7151.600
65 33 5009.900
65 34 7086.500
65 35 8156.200
65 36 7113.300
65 37 3018.800
65 38 2615.000
65 39 7293.100
65 40 8703.100
65 41 8601.200
65 42 6120.300
65 43 10620.800
65 44 7628.500
65 45 7876.600
65 46 4355.500
65 47 7624.200
65 48 11091.900
65 49 6161.100
65 50 5851.400
65 51 3752.900
65 52 5004.400
65 53 3137.500
65 54 7465.800
65 55 8211.800
65 56 6238.100
65 57 7705.700
65 58 4775.100
65 59 6122.900
65 60 10555.100
65 61 9223.500
65 62 11929.500
65 63 2708.800
65 64 6867.600
65 65 0.000
65 66 8275.000
65 67 10192.900
65 68 10045.900
65 69 8079.000
65 70 10092.200
65 71 6362.300
65 72 8323.500
65 73 7567.500
65 74 6335.900
65 75 10470.200
65 76 8416.800
65 77 1985.700
65 78 8136.000
65 79 6233.400
65 80 2879.000
65 81 8904.900
65 82 12372.800
65 83 4004.900
65 84 6631.600
65 85 4373.200
65 86 7612.700
65 87 5929.300
65 88 5865.700
65 89 9568.300
65 90 8726.200
65 91 1175.900
65 92 6958.900
65 93 9095.200
65 94 5674.200
65 95 10809.300
65 96 3966.900
65 97 8970.700
65 98 10130.200
65 99 7857.600
66 0 4899.600
66 1 4773.000
66 2 3053.900
66 3 7599.200
66 4 5876.400
66 5 2850.700
66 6 9805.200
66 7 10364.800
66 8 7213.200
66 9 2346.100
66 10 8382.100
66 11 1014.500
66 12 3849.300
66 13 8817.300
66 14 6739.400
66 15 7858.100
66 16 6862.400
66 17 5828.900
66 18 8912.700
66 19 1582.200
66 20 8927.600
66 21 5474.000
66 22 1292.200
66 23 3671.000
66 24 3448.200
66 25 8212.800
66 26 3348.100
66 27 4125.700
66 28 811.000
66 29 4163.400
66 30 9749.900
66 31 3054.200
66 32 4577.700
66 33 6724.600
66 34 1281.200
66 35 1807.000
66 36 3793.600
66 37 7501.400
66 38 8571.100
66 39 9978.200
66 40 6570.300
66 41 4733.200
66 42 8551.700
66 43 4774.500
66 44 7882.500
66 45 5280.200
66 46 5879.800
66 47 2366.200
66 48 3547.900
66 49 4028.300
66 50 3126.600
66 51 5297.700
66 52 9151.700
66 53 9035.700
66 54 5063.700
66 55 6079.000
66 56 7760.000
66 57 5572.900
66 58 7951.400
66 59 8047.100
66 60 2608.600
66 61 3227.000
66 62 9796.700
66 63 6444.200
66 64 4466.600
66 65 8925.600
66 66 0.000
66 67 8060.100
66 68 2891.900
66 69 5946.200
66 70 2145.800
66 71 1893.400
66 72 5431.600
66 73 4993.600
66 74 2219.400
66 75 4623.800
66 76 6284.000
66 77 8844.700
66 78 6003.200
66 79 10847.400
66 80 10363.700
66 81 5154.900
66 82 12705.700
66 83 6700.200
66 84 4498.800
66 85 3891.900
66 86 920.900
66 87 9474.700
66 88 5037.100
66 89 3603.400
66 90 6175.800
66 91 8563.900
66 92 3321.000
66 93 6962.400
66 94 3422.700
66 95 8676.500
66 96 4762.000
66 97 6154.200
66 98 2598.600
66 99 3656.400
67 0 8190.200
67 1 6772.600
67 2 5377.700
67 3 9698.300
67 4 7975.500
67 5 6763.500
67 6 6091.400
67 7 4251.300
67 8 9312.300
67 9 10039.100
67 10 3589.400
67 11 9059.800
67 12 11542.400
67 13 757.300
67 14 5275.100
67 15 3065.400
67 16 8961.600
67 17 5813.500
67 18 4120.000
67 19 9169.400
67 20 11026.800
67 21 4654.800
67 22 8849.800
67 23 11364.100
67 24 6670.600
67 25 10311.900
67 26 5522.400
67 27 8396.700
67 28 8504.000
67 29 6120.000
67 30 11118.800
67 31 10747.300
67 32 5621.800
67 33 6994.200
67 34 6833.200
67 35 7888.100
67 36 6113.500
67 37 11151.700
67 38 10747.900
67 39 6264.400
67 40 4238.800
67 41 6793.100
67 42 6647.000
67 43 12467.600
67 44 5241.400
67 45 5476.100
67 46 7762.600
67 47 7131.900
67 48 11240.900
67 49 5851.900
67 50 7179.300
67 51 7380.900
67 52 7436.300
67 53 10790.700
67 54 10615.700
67 55 2841.000
67 56 5178.900
67 57 4466.700
67 58 7766.100
67 59 7066.600
67 60 10301.700
67 61 12575.800
67 62 1564.300
67 63 10315.300
67 64 10018.600
67 65 11024.700
67 66 8072.700
67 67 0.000
67 68 10938.000
67 69 2738.900
67 70 9838.800
67 71 8335.400
67 72 4757.700
67 73 4562.200
67 74 7089.700
67 75 12316.900
67 76 3796.700
67 77 10943.800
67 78 2618.800
67 79 7133.700
67 80 11773.700
67 81 6504.400
67 82 4399.800
67 83 8455.200
67 84 4289.800
67 85 6845.300
67 86 7812.500
67 87 7110.900
67 88 6562.100
67 89 11649.500
67 90 3580.300
67 91 10663.000
67 92 9762.900
67 93 2465.700
67 94 9026.500
67 95 2392.200
67 96 7516.600
67 97 6570.200
67 98 10291.600
67 99 11243.700
68 0 6011.500
68 1 7951.500
68 2 6227.600
68 3 8690.400
68 4 6967.700
68 5 5617.600
68 6 11757.700
68 7 13539.100
68 8 8304.400
68 9 3151.400
68 10 11555.800
68 11 2169.300
68 12 4877.700
68 13 11991.000
68 14 9678.500
68 15 11031.800
68 16 7953.700
68 17 9002.600
68 18 14442.200
68 19 2680.000
68 20 10018.900
68 21 8785.800
68 22 3017.200
68 23 2430.400
68 24 6304.600
68 25 9304.000
68 26 6521.800
68 27 5237.600
68 28 4892.300
68 29 6803.800
68 30 10841.100
68 31 4192.300
68 32 7889.500
68 33 8409.700
68 34 4454.900
68 35 5543.900
68 36 6967.300
68 37 7710.300
68 38 8780.100
68 39 11734.000
68 40 9744.000
68 41 7906.900
68 42 9643.000
68 43 1904.900
68 44 11151.100
68 45 9101.500
68 46 6971.100
68 47 5539.900
68 48 3598.500
68 49 7202.100
68 50 5478.100
68 51 6389.000
68 52 10243.000
68 53 10126.900
68 54 5074.800
68 55 9252.800
68 56 9637.900
68 57 8746.600
68 58 9042.700
68 59 9943.500
68 60 5337.900
68 61 1850.900
68 62 12970.400
68 63 7556.100
68 64 4476.600
68 65 10016.800
68 66 3685.800
68 67 11233.800
68 68 0.000
68 69 9119.900
68 70 4126.000
68 71 3434.300
68 72 8743.400
68 73 8305.500
68 74 4571.000
68 75 2303.300
68 76 9457.700
68 77 9936.000
68 78 9176.900
68 79 10870.100
68 80 11455.000
68 81 8094.000
68 82 15001.800
68 83 7791.400
68 84 7672.500
68 85 5432.800
68 86 3679.000
68 87 10566.000
68 88 8481.300
68 89 960.500
68 90 9487.600
68 91 9655.200
68 92 3492.400
68 93 10136.100
68 94 4521.500
68 95 11850.200
68 96 6084.600
68 97 9093.300
68 98 2016.600
68 99 2553.400
69 0 7061.200
69 1 5665.000
69 2 4248.700
69 3 8569.300
69 4 6846.500
69 5 5634.500
69 6 4091.400
69 7 4651.000
69 8 8183.300
69 9 8910.100
69 10 2668.200
69 11 7930.800
69 12 10413.400
69 13 4261.900
69 14 4275.700
69 15 2144.300
69 16 7832.600
69 17 3681.000
69 18 3198.800
69 19 8040.400
69 20 9694.200
69 21 3547.100
69 22 7720.800
69 23 10235.100
69 24 5541.600
69 25 9182.900
69 26 4393.400
69 27 7267.700
69 28 7375.000
69 29 4991.000
69 30 9118.700
69 31 9618.300
69 32 4514.200
69 33 4861.700
69 34 5704.200
69 35 6759.100
69 36 4984.500
69 37 10022.700
69 38 9618.900
69 39 4264.400
69 40 2106.300
69 41 5685.500
69 42 4646.900
69 43 11338.500
69 44 3108.900
69 45 4368.500
69 46 6633.600
69 47 6002.900
69 48 10111.900
69 49 4722.900
69 50 6050.300
69 51 6251.900
69 52 5436.300
69 53 8790.700
69 54 9486.700
69 55 1523.600
69 56 3046.400
69 57 2732.200
69 58 5766.000
69 59 5066.500
69 60 9172.700
69 61 11446.800
69 62 4082.900
69 63 9186.300
69 64 8889.600
69 65 10175.800
69 66 6943.700
69 67 3504.600
69 68 9809.000
69 69 0.000
69 70 8709.800
69 71 7206.400
69 72 3650.100
69 73 3900.100
69 74 5960.700
69 75 11187.900
69 76 1057.700
69 77 9814.800
69 78 1511.200
69 79 5133.600
69 80 9773.700
69 81 5396.800
69 82 6991.900
69 83 6455.200
69 84 2555.300
69 85 5716.300
69 86 6683.500
69 87 5110.900
69 88 5433.100
69 89 10520.500
69 90 2472.700
69 91 9534.000
69 92 8633.900
69 93 1359.400
69 94 7897.500
69 95 2962.600
69 96 6387.600
69 97 5462.600
69 98 9162.600
69 99 10114.700
70 0 6766.200
70 1 3841.100
70 2 4775.400
70 3 9465.700
70 4 7743.000
70 5 4572.200
70 6 11526.800
70 7 12086.400
70 8 9079.700
70 9 1185.600
70 10 10103.700
70 11 2703.000
70 12 1760.800
70 13 10538.900
70 14 5568.100
70 15 9579.700
70 16 8729.000
70 17 7550.400
70 18 10634.200
70 19 3488.000
70 20 10794.200
70 21 5757.900
70 22 3198.000
70 23 2172.100
70 24 5169.800
70 25 10079.300
70 26 4655.400
70 27 5992.300
70 28 1980.400
70 29 5885.000
70 30 11616.400
70 31 1264.200
70 32 4510.500
70 33 8446.100
70 34 3002.700
70 35 2544.800
70 36 4793.400
70 37 9367.900
70 38 10437.700
70 39 11699.800
70 40 8291.800
70 41 4589.200
70 42 10418.300
70 43 3871.600
70 44 9604.000
70 45 4991.100
70 46 7746.400
70 47 3543.900
70 48 1757.900
70 49 5749.900
70 50 4848.200
70 51 7164.300
70 52 11018.300
70 53 10902.200
70 54 6785.300
70 55 7800.600
70 56 9481.500
70 57 6506.200
70 58 9818.000
70 59 9768.700
70 60 1227.600
70 61 3141.900
70 62 11518.300
70 63 8310.800
70 64 6188.200
70 65 10792.100
70 66 1905.800
70 67 9781.600
70 68 3491.600
70 69 7667.800
70 70 0.000
70 71 3760.000
70 72 4947.000
70 73 5325.100
70 74 3941.000
70 75 3125.700
70 76 8005.600
70 77 10711.300
70 78 7101.600
70 79 12569.000
70 80 12230.300
70 81 3983.700
70 82 14427.300
70 83 8566.700
70 84 6220.300
70 85 5758.400
70 86 2787.400
70 87 11341.300
70 88 6758.700
70 89 4557.000
70 90 6646.300
70 91 10430.500
70 92 5187.500
70 93 8684.000
70 94 5289.300
70 95 10398.100
70 96 6628.600
70 97 4983.000
70 98 1695.700
70 99 5378.600
71 0 3051.600
71 1 5517.300
71 2 3662.500
71 3 5705.700
71 4 3983.000
71 5 2261.700
71 6 8773.000
71 7 10554.400
71 8 5319.700
71 9 3638.800
71 10 8990.700
71 11 1877.000
71 12 5535.800
71 13 9425.900
71 14 6972.400
71 15 8466.700
71 16 4969.000
71 17 6437.500
71 18 9521.300
71 19 879.400
71 20 7034.200
71 21 6218.300
71 22 1532.300
71 23 4336.200
71 24 2948.700
71 25 6319.300
71 26 3956.700
71 27 2277.800
71 28 2497.400
71 29 3181.800
71 30 7856.400
71 31 4740.700
71 32 5322.000
71 33 5425.000
71 34 2026.300
71 35 2901.500
71 36 4402.200
71 37 5653.400
71 38 6723.200
71 39 8749.300
71 40 7178.900
71 41 5341.800
71 42 6658.300
71 43 5087.700
71 44 8166.400
71 45 6024.500
71 46 3986.300
71 47 2974.800
71 48 4085.900
71 49 4636.900
71 50 1667.000
71 51 3404.300
71 52 7258.300
71 53 7142.200
71 54 3102.300
71 55 6687.700
71 56 6653.200
71 57 6181.500
71 58 6058.000
71 59 6958.800
71 60 4295.100
71 61 3690.400
71 62 10405.300
71 63 4596.200
71 64 2505.200
71 65 7032.100
71 66 1912.700
71 67 8668.700
71 68 3162.600
71 69 6554.800
71 70 3832.200
71 71 0.000
71 72 6175.900
71 73 5737.900
71 74 1595.300
71 75 4937.000
71 76 6892.600
71 77 6951.300
71 78 6611.800
71 79 7885.300
71 80 8470.200
71 81 6275.200
71 82 12017.100
71 83 4806.700
71 84 5107.400
71 85 2043.900
71 86 1250.400
71 87 7581.200
71 88 4859.300
71 89 4036.900
71 90 6920.000
71 91 6670.500
71 92 1427.500
71 93 7571.000
71 94 1529.300
71 95 9285.100
71 96 2868.600
71 97 7274.500
71 98 3366.500
71 99 2953.700
72 0 6179.800
72 1 2737.700
72 2 3367.300
72 3 7687.800
72 4 5965.100
72 5 4645.300
72 6 6124.500
72 7 6684.100
72 8 7301.800
72 9 6960.700
72 10 4701.400
72 11 6744.800
72 12 7394.200
72 13 5105.800
72 14 2389.000
72 15 4177.400
72 16 6951.100
72 17 3191.700
72 18 5232.000
72 19 6854.400
72 20 9016.300
72 21 811.000
72 22 6534.800
72 23 7805.600
72 24 4660.100
72 25 8301.400
72 26 2779.000
72 27 6278.500
72 28 5788.500
72 29 4109.500
72 30 9838.500
72 31 6897.700
72 32 1586.900
72 33 6239.100
72 34 4518.200
72 35 4402.100
72 36 2507.800
72 37 9141.200
72 38 8737.500
72 39 6297.500
72 40 4139.400
72 41 2758.100
72 42 6680.000
72 43 9389.100
72 44 5142.000
72 45 1441.200
72 46 5752.100
72 47 3587.600
72 48 7391.300
72 49 2855.200
72 50 5061.200
72 51 5370.400
72 52 7469.400
72 53 9108.400
72 54 8300.800
72 55 2367.500
72 56 5079.500
72 57 1965.100
72 58 7799.100
72 59 7099.700
72 60 6135.600
72 61 8659.400
72 62 6116.000
72 63 8304.900
72 64 7703.700
72 65 9014.200
72 66 5747.300
72 67 4348.500
72 68 9009.100
72 69 2265.500
72 70 5672.700
72 71 6020.400
72 72 0.000
72 73 1156.200
72 74 4971.500
72 75 9238.500
72 76 3630.000
72 77 8933.400
72 78 2154.700
72 79 7166.700
72 80 10436.400
72 81 2469.500
72 82 9025.000
72 83 6772.900
72 84 1861.500
72 85 4834.800
72 86 5497.500
72 87 7144.000
72 88 4551.700
72 89 9334.500
72 90 1045.200
72 91 8652.600
72 92 7448.000
72 93 3250.900
72 94 7016.000
72 95 4995.800
72 96 5506.100
72 97 2535.300
72 98 7213.200
72 99 8928.700
73 0 5508.700
73 1 2837.000
73 2 2696.200
73 3 7016.800
73 4 5294.000
73 5 3948.700
73 6 6646.500
73 7 7206.100
73 8 6630.800
73 9 6264.200
73 10 5223.400
73 11 6048.200
73 12 7468.900
73 13 5658.600
73 14 2488.400
73 15 4699.400
73 16 6280.000
73 17 2684.600
73 18 5754.000
73 19 6157.900
73 20 8345.200
73 21 943.700
73 22 5838.200
73 23 7589.100
73 24 3989.100
73 25 7630.400
73 26 2107.900
73 27 5582.000
73 28 5091.900
73 29 3438.400
73 30 9167.500
73 31 6972.300
73 32 815.400
73 33 5568.100
73 34 3821.600
73 35 3705.600
73 36 1411.000
73 37 8470.200
73 38 8066.400
73 39 6819.500
73 40 3426.000
73 41 2163.600
73 42 6305.300
73 43 8692.600
73 44 4738.200
73 45 1540.500
73 46 5081.000
73 47 2891.000
73 48 7465.900
73 49 2348.200
73 50 4364.600
73 51 4699.400
73 52 7094.700
73 53 8437.300
73 54 7604.200
73 55 2920.300
73 56 4615.700
73 57 1458.000
73 58 7424.500
73 59 6725.000
73 60 6420.700
73 61 7962.800
73 62 6638.000
73 63 7633.800
73 64 7007.100
73 65 8343.200
73 66 5050.700
73 67 4901.300
73 68 8312.500
73 69 2787.500
73 70 5957.800
73 71 5323.900
73 72 805.000
73 73 0.000
73 74 4274.900
73 75 8541.900
73 76 3123.000
73 77 8262.300
73 78 2959.700
73 79 7073.400
73 80 9765.300
73 81 2568.800
73 82 9547.000
73 83 6101.800
73 84 1354.500
73 85 4163.700
73 86 4800.900
73 87 6769.300
73 88 3880.600
73 89 8637.900
73 90 1850.300
73 91 7981.500
73 92 6751.400
73 93 3803.700
73 94 6345.000
73 95 5517.800
73 96 4835.000
73 97 2634.600
73 98 6516.600
73 99 8232.100
74 0 3034.600
74 1 4394.100
74 2 2539.300
74 3 5891.600
74 4 3976.600
74 5 1048.700
74 6 9290.600
74 7 9850.200
74 8 5313.400
74 9 4066.700
74 10 7867.500
74 11 2866.300
74 12 5570.000
74 13 8302.700
74 14 5849.200
74 15 7343.500
74 16 4962.600
74 17 5314.300
74 18 8398.100
74 19 2574.700
74 20 7027.800
74 21 5095.100
74 22 2656.300
74 23 5391.700
74 24 1869.700
74 25 6312.900
74 26 2833.500
74 27 2260.700
74 28 2531.600
74 29 2286.000
74 30 7850.100
74 31 4774.900
74 32 4198.800
74 33 5418.700
74 34 860.700
74 35 1930.400
74 36 3279.000
74 37 5636.300
74 38 6706.100
74 39 8742.900
74 40 6055.700
74 41 4218.600
74 42 6651.900
74 43 6763.800
74 44 7367.900
74 45 4901.300
74 46 3841.100
74 47 1851.600
74 48 5268.500
74 49 3513.800
74 50 1043.300
74 51 3397.900
74 52 7251.900
74 53 7135.900
74 54 3622.700
74 55 5564.500
74 56 6273.300
74 57 5058.300
74 58 6051.600
74 59 6952.500
74 60 4329.300
74 61 5366.500
74 62 9282.100
74 63 4579.100
74 64 3025.600
74 65 7025.800
74 66 1959.100
74 67 7545.500
74 68 4744.500
74 69 5431.600
74 70 3866.400
74 71 1740.700
74 72 5052.700
74 73 4614.700
74 74 0.000
74 75 6613.100
74 76 5769.400
74 77 6944.900
74 78 5488.600
74 79 7879.000
74 80 8463.900
74 81 5373.300
74 82 12017.800
74 83 4800.400
74 84 3984.200
74 85 2021.800
74 86 1619.000
74 87 7574.900
74 88 3963.400
74 89 5456.000
74 90 5796.900
74 91 6664.100
74 92 3094.400
74 93 6447.800
74 94 2143.600
74 95 8161.900
74 96 2863.500
74 97 6372.600
74 98 4319.200
74 99 4648.900
75 0 7020.300
75 1 6944.800
75 2 7288.800
75 3 9699.300
75 4 7976.500
75 5 7303.400
75 6 12766.600
75 7 14547.900
75 8 9313.300
75 9 2289.000
75 10 12617.000
75 11 3528.200
75 12 2276.000
75 13 13052.300
75 14 8671.800
75 15 12093.100
75 16 8962.600
75 17 10063.800
75 18 15451.100
75 19 4538.600
75 20 11027.700
75 21 8861.600
75 22 4562.400
75 23 778.900
75 24 7924.700
75 25 10312.900
75 26 7174.500
75 27 6246.500
75 28 4493.800
75 29 7812.700
75 30 11850.000
75 31 1787.600
75 32 7614.100
75 33 9418.600
75 34 5516.100
75 35 5145.400
75 36 7312.400
75 37 9622.100
75 38 10748.900
75 39 12742.800
75 40 10805.200
75 41 7692.900
75 42 10651.800
75 43 2281.600
75 44 12160.000
75 45 8094.800
75 46 7979.900
75 47 6063.000
75 48 1448.300
75 49 8263.300
75 50 7098.300
75 51 7397.800
75 52 11251.800
75 53 11135.800
75 54 6953.700
75 55 10314.000
75 56 10646.800
75 57 9025.300
75 58 10051.500
75 59 10952.400
75 60 2994.700
75 61 1898.900
75 62 14031.700
75 63 8564.900
75 64 6355.500
75 65 11025.700
75 66 4419.200
75 67 12295.000
75 68 1901.600
75 69 10181.100
75 70 3119.300
75 71 4923.300
75 72 8050.600
75 73 8428.700
75 74 6571.300
75 75 0.000
75 76 10519.000
75 77 10944.800
75 78 10238.100
75 79 11878.900
75 80 12463.800
75 81 7087.300
75 82 16010.600
75 83 8800.300
75 84 8733.700
75 85 7004.300
75 86 5300.800
75 87 11574.800
75 88 9490.100
75 89 3066.900
75 90 9750.000
75 91 10664.000
75 92 4780.700
75 93 11197.400
75 94 5530.400
75 95 12911.400
75 96 7093.400
75 97 8086.600
75 98 2082.900
75 99 3841.600
76 0 6531.000
76 1 6225.900
76 2 3718.500
76 3 8039.100
76 4 6316.300
76 5 5104.300
76 6 3707.800
76 7 4267.400
76 8 7653.100
76 9 8379.900
76 10 2770.700
76 11 7400.600
76 12 9883.200
76 13 4798.400
76 14 4748.700
76 15 2246.800
76 16 7302.400
76 17 1896.300
76 18 3301.300
76 19 7510.200
76 20 8739.600
76 21 3554.000
76 22 7190.600
76 23 9704.900
76 24 5011.400
76 25 9277.600
76 26 3863.200
76 27 6737.500
76 28 6844.800
76 29 4460.800
76 30 8164.100
76 31 9088.100
76 32 4188.800
76 33 3818.000
76 34 5173.900
76 35 6228.800
76 36 4176.900
76 37 9492.500
76 38 9088.700
76 39 3880.800
76 40 812.900
76 41 5724.800
76 42 3692.300
76 43 10808.300
76 44 2125.100
76 45 4929.400
76 46 6103.400
76 47 5256.700
76 48 9581.700
76 49 2521.200
76 50 5520.100
76 51 5721.700
76 52 4481.600
76 53 7836.000
76 54 8956.500
76 55 2060.100
76 56 2002.600
76 57 2824.300
76 58 4811.400
76 59 4111.900
76 60 8642.500
76 61 10916.600
76 62 4185.400
76 63 8656.100
76 64 8359.400
76 65 9221.200
76 66 6413.500
76 67 4041.100
76 68 9278.800
76 69 1057.700
76 70 8179.600
76 71 6676.200
76 72 4211.000
76 73 3158.000
76 74 5430.500
76 75 10657.700
76 76 0.000
76 77 9284.600
76 78 1984.200
76 79 4460.300
76 80 8819.000
76 81 5957.600
76 82 7094.400
76 83 5500.500
76 84 1880.100
76 85 5186.100
76 86 6153.300
76 87 4156.200
76 88 4312.500
76 89 9990.300
76 90 2945.700
76 91 9003.800
76 92 8103.700
76 93 3147.400
76 94 7367.300
76 95 3065.100
76 96 5857.400
76 97 6023.500
76 98 8632.400
76 99 9584.500
77 0 5083.700
77 1 9829.600
77 2 6834.600
77 3 2204.100
77 4 3321.300
77 5 6574.500
77 6 8949.000
77 7 9965.500
77 8 2628.400
77 9 10340.400
77 10 10153.500
77 11 8637.300
77 12 12452.200
77 13 11606.600
77 14 9481.000
77 15 10503.600
77 16 2633.900
77 17 8618.200
77 18 10868.600
77 19 8104.300
77 20 1457.400
77 21 8680.900
77 22 8559.000
77 23 11253.700
77 24 5923.100
77 25 742.500
77 26 7178.800
77 27 5695.700
77 28 9413.900
77 29 4844.700
77 30 2279.600
77 31 11381.400
77 32 7808.000
77 33 5723.800
77 34 7743.000
77 35 8812.700
77 36 7769.800
77 37 2010.200
77 38 1400.000
77 39 8006.900
77 40 8126.200
77 41 9257.600
77 42 6834.200
77 43 9732.400
77 44 8342.400
77 45 8533.100
77 46 5012.000
77 47 8280.700
77 48 10787.500
77 49 6817.600
77 50 6507.900
77 51 4409.400
77 52 5718.300
77 53 3851.300
77 54 8747.300
77 55 8868.300
77 56 6952.000
77 57 8362.200
77 58 5489.000
77 59 6836.800
77 60 11211.500
77 61 9880.000
77 62 12442.200
77 63 2793.200
77 64 8149.000
77 65 1979.500
77 66 8931.500
77 67 10849.300
77 68 10702.400
77 69 8735.500
77 70 10748.700
77 71 7018.800
77 72 8980.000
77 73 8224.000
77 74 6992.300
77 75 11126.600
77 76 9073.300
77 77 0.000
77 78 8792.400
77 79 6947.300
77 80 1812.600
77 81 9561.400
77 82 12206.700
77 83 5266.600
77 84 7288.000
77 85 5029.700
77 86 8269.200
77 87 6643.200
77 88 6522.200
77 89 8971.400
77 90 9382.700
77 91 1595.600
77 92 7794.700
77 93 9751.700
77 94 6330.700
77 95 11322.000
77 96 4623.300
77 97 9627.200
77 98 10786.700
77 99 6849.000
78 0 6224.300
78 1 4153.900
78 2 3411.800
78 3 7732.400
78 4 6009.600
78 5 4797.600
78 6 4632.000
78 7 5191.600
78 8 7346.400
78 9 8073.200
78 10 3208.900
78 11 7093.800
78 12 9576.500
78 13 3613.400
78 14 2764.500
78 15 2685.000
78 16 6995.600
78 17 4221.700
78 18 3739.500
78 19 7203.500
78 20 9060.800
78 21 2036.000
78 22 6883.800
78 23 9398.200
78 24 4704.700
78 25 8346.000
78 26 3556.500
78 27 6430.800
78 28 6538.100
78 29 4154.000
78 30 9659.400
78 31 8781.400
78 32 3003.100
78 33 5402.400
78 34 4867.200
78 35 5116.500
78 36 3222.100
78 37 9185.800
78 38 8782.000
78 39 4805.100
78 40 2647.000
78 41 4174.300
78 42 5187.600
78 43 10501.600
78 44 3649.600
78 45 2857.400
78 46 5796.600
78 47 4301.900
78 48 9275.000
78 49 3886.000
78 50 5213.400
78 51 5415.000
78 52 5976.900
78 53 9331.300
78 54 8649.800
78 55 875.100
78 56 3587.000
78 57 2500.800
78 58 6306.700
78 59 5607.200
78 60 7551.700
78 61 10609.900
78 62 4623.600
78 63 8349.400
78 64 8052.700
78 65 9058.800
78 66 6106.800
78 67 2856.100
78 68 8972.100
78 69 773.000
78 70 7088.900
78 71 6369.500
78 72 2139.000
78 73 2388.900
78 74 5123.700
78 75 10351.000
78 76 1830.800
78 77 8977.900
78 78 0.000
78 79 5674.300
78 80 10314.300
78 81 3885.600
78 82 7532.600
78 83 6995.900
78 84 2323.900
78 85 4879.300
78 86 5846.500
78 87 5651.500
78 88 4596.200
78 89 9683.600
78 90 961.500
78 91 8697.100
78 92 7797.000
78 93 1758.500
78 94 7060.600
78 95 3503.300
78 96 5550.700
78 97 3951.500
78 98 8325.700
78 99 9277.800
79 0 6643.900
79 1 10443.800
79 2 9027.500
79 3 7799.900
79 4 6429.200
79 5 7723.000
79 6 1971.900
79 7 3561.300
79 8 6922.800
79 9 12593.700
79 10 4383.100
79 11 10044.300
79 12 13600.700
79 13 7413.000
79 14 9054.500
79 15 4733.200
79 16 7415.200
79 17 5554.900
79 18 4464.400
79 19 9046.700
79 20 5800.200
79 21 8325.900
79 22 9707.500
79 23 12402.200
79 24 7071.600
79 25 6338.300
79 26 9172.200
79 27 6844.100
79 28 10562.300
79 29 5993.200
79 30 5224.800
79 31 13490.600
79 32 9293.000
79 33 4297.600
79 34 8891.500
79 35 9961.100
79 36 9763.200
79 37 8035.000
79 38 7631.300
79 39 1948.100
79 40 3980.200
79 41 10464.200
79 42 2032.200
79 43 12425.800
79 44 2778.900
79 45 9147.300
79 46 6160.400
79 47 10781.700
79 48 12896.800
79 49 6465.500
79 50 7656.300
79 51 5085.600
79 52 1410.800
79 53 5803.600
79 54 9270.800
79 55 6302.400
79 56 4532.000
79 57 6768.500
79 58 2063.300
79 59 2451.800
79 60 12360.000
79 61 11028.400
79 62 6671.800
79 63 8769.000
79 64 8672.600
79 65 6281.900
79 66 10079.900
79 67 7515.900
79 68 11850.900
79 69 6165.800
79 70 11897.100
79 71 8167.200
79 72 8428.900
79 73 8678.900
79 74 8140.800
79 75 12275.100
79 76 4535.200
79 77 7001.900
79 78 6289.900
79 79 0.000
79 80 5879.700
79 81 10175.600
79 82 6264.500
79 83 3840.500
79 84 5824.300
79 85 6178.200
79 86 9417.700
79 87 791.500
79 88 5391.800
79 89 11373.200
79 90 7251.400
79 91 7191.500
79 92 8763.800
79 93 5284.600
79 94 7479.100
79 95 5551.600
79 96 5969.200
79 97 10241.400
79 98 11935.100
79 99 10710.700
80 0 6715.300
80 1 11257.800
80 2 8262.800
80 3 4404.300
80 4 5521.500
80 5 8002.700
80 6 7802.500
80 7 8819.100
80 8 3657.400
80 9 12873.400
80 10 9007.100
80 11 10324.000
80 12 13880.400
80 13 12037.000
80 14 10909.100
80 15 9357.200
80 16 4834.100
80 17 6760.200
80 18 9722.200
80 19 9326.400
80 20 2404.600
80 21 10109.100
80 22 9987.200
80 23 12681.900
80 24 7351.300
80 25 2942.700
80 26 8607.000
80 27 7123.900
80 28 10842.100
80 29 6272.900
80 30 1198.800
80 31 13770.400
80 32 9236.200
80 33 4577.400
80 34 9171.200
80 35 10240.900
80 36 9198.000
80 37 4639.400
80 38 4235.600
80 39 6860.500
80 40 6979.800
80 41 10685.800
80 42 5687.800
80 43 12705.500
80 44 7195.900
80 45 9961.300
80 46 6440.200
80 47 9708.900
80 48 13176.600
80 49 8245.800
80 50 7936.100
80 51 5365.300
80 52 4571.900
80 53 2704.900
80 54 9550.500
80 55 10296.500
80 56 5805.600
80 57 9790.400
80 58 4342.600
80 59 5690.400
80 60 12639.700
80 61 11308.200
80 62 11295.800
80 63 4993.400
80 64 8952.300
80 65 2886.200
80 66 10359.700
80 67 12139.900
80 68 12130.600
80 69 10163.700
80 70 12176.900
80 71 8447.000
80 72 10408.200
80 73 9652.100
80 74 8420.500
80 75 12554.800
80 76 8952.300
80 77 2008.400
80 78 10220.600
80 79 5800.900
80 80 0.000
80 81 10989.600
80 82 11060.300
80 83 4120.200
80 84 8716.200
80 85 6457.900
80 86 9697.400
80 87 5496.800
80 88 6664.400
80 89 11600.600
80 90 10810.900
80 91 3795.800
80 92 9043.600
80 93 9908.500
80 94 7758.900
80 95 10175.600
80 96 6823.500
80 97 11055.400
80 98 12214.900
80 99 9478.200
81 0 6831.000
81 1 655.900
81 2 4018.500
81 3 8339.100
81 4 6616.300
81 5 5067.000
81 6 8334.200
81 7 8893.800
81 8 7953.000
81 9 5283.600
81 10 6911.100
81 11 6201.000
81 12 5858.800
81 13 7315.500
81 14 1941.300
81 15 6387.100
81 16 7602.300
81 17 5401.400
81 18 7441.700
81 19 6768.700
81 20 9667.500
81 21 3020.700
81 22 6478.700
81 23 6270.100
81 24 5311.300
81 25 8952.600
81 26 3430.200
81 27 6700.200
81 28 5261.100
81 29 4760.700
81 30 10489.700
81 31 5362.200
81 32 1773.200
81 33 6890.400
81 34 4795.500
81 35 3998.300
81 36 2733.300
81 37 9792.500
81 38 9388.700
81 39 8507.200
81 40 6349.200
81 41 2898.000
81 42 8889.700
81 43 7969.600
81 44 7351.700
81 45 1029.200
81 46 6403.300
81 47 4009.200
81 48 5855.900
81 49 4471.700
81 50 5482.800
81 51 6021.600
81 52 9679.100
81 53 9759.600
81 54 8578.100
81 55 4577.300
81 56 7289.200
81 57 4174.800
81 58 8675.300
81 59 9309.400
81 60 4600.100
81 61 7239.900
81 62 8325.700
81 63 8956.100
81 64 7981.000
81 65 9665.500
81 66 5186.500
81 67 6558.300
81 68 7589.600
81 69 4475.200
81 70 4137.300
81 71 6297.800
81 72 2209.700
81 73 2587.800
81 74 5393.200
81 75 7223.800
81 76 5839.800
81 77 9584.600
81 78 4364.400
81 79 9376.400
81 80 11087.600
81 81 0.000
81 82 11234.700
81 83 7424.100
81 84 4071.300
81 85 5486.000
81 86 5774.800
81 87 9353.700
81 88 5202.900
81 89 8655.000
81 90 3019.500
81 91 9303.800
81 92 7725.300
81 93 5460.600
81 94 7099.000
81 95 7205.500
81 96 6157.300
81 97 1356.200
81 98 5793.700
81 99 8842.900
82 0 8444.000
82 1 9806.500
82 2 8390.200
82 3 9952.100
82 4 8229.400
82 5 9775.900
82 6 2490.000
82 7 1389.000
82 8 8723.000
82 9 13051.600
82 10 2822.700
82 11 12072.200
82 12 14554.800
82 13 5226.400
82 14 8417.100
82 15 4095.900
82 16 9215.400
82 17 6874.000
82 18 2292.100
82 19 10846.800
82 20 9085.400
82 21 7688.600
82 22 11862.200
82 23 14202.300
82 24 8871.800
82 25 9623.400
82 26 8534.900
82 27 8644.300
82 28 11516.500
82 29 7793.400
82 30 8509.900
82 31 13759.800
82 32 8655.700
82 33 6097.800
82 34 9845.600
82 35 10900.500
82 36 9125.900
82 37 11320.200
82 38 10916.400
82 39 2663.000
82 40 5299.300
82 41 9826.900
82 42 3832.400
82 43 14225.900
82 44 3875.900
82 45 8510.000
82 46 7960.600
82 47 10144.400
82 48 14253.400
82 49 8864.300
82 50 9456.500
82 51 6885.800
82 52 5047.300
82 53 7976.100
82 54 11071.000
82 55 5665.100
82 56 5629.000
82 57 7479.200
82 58 4951.500
82 59 4252.000
82 60 13314.100
82 61 12828.600
82 62 4480.400
82 63 10569.100
82 64 10472.700
82 65 9567.000
82 66 11085.200
82 67 6878.600
82 68 13651.000
82 69 5528.500
82 70 12851.300
82 71 9967.400
82 72 7791.600
82 73 8041.600
82 74 10102.100
82 75 14075.300
82 76 5854.300
82 77 10287.100
82 78 5652.600
82 79 3532.300
82 80 9164.800
82 81 9538.300
82 82 0.000
82 83 5640.600
82 84 7143.500
82 85 7978.400
82 86 10824.900
82 87 4026.800
82 88 7192.000
82 89 13173.400
82 90 6614.100
82 91 10476.600
82 92 10564.000
82 93 4647.200
82 94 9279.300
82 95 4914.300
82 96 7769.400
82 97 9604.100
82 98 13735.300
82 99 12510.900
83 0 3511.600
83 1 7845.800
83 2 4850.800
83 3 5019.700
83 4 3296.900
83 5 4590.700
83 6 4390.500
83 7 5407.100
83 8 2784.200
83 9 9461.400
83 10 5595.000
83 11 6912.000
83 12 10468.400
83 13 8625.000
83 14 7497.100
83 15 5945.200
83 16 4282.900
83 17 3348.200
83 18 6310.200
83 19 5914.400
83 20 3595.600
83 21 6697.100
83 22 6575.200
83 23 9269.900
83 24 3939.300
83 25 4133.600
83 26 5194.900
83 27 3711.800
83 28 7430.000
83 29 2860.900
83 30 3020.100
83 31 10358.300
83 32 5824.200
83 33 1165.300
83 34 5759.200
83 35 6828.800
83 36 5786.000
83 37 5830.400
83 38 5426.600
83 39 4366.700
83 40 3567.800
83 41 7273.800
83 42 2275.800
83 43 9293.500
83 44 3783.900
83 45 6549.300
83 46 3028.100
83 47 6296.900
83 48 9764.500
83 49 4833.800
83 50 4524.000
83 51 2436.600
83 52 2875.800
83 53 2347.000
83 54 6138.500
83 55 6884.500
83 56 2393.500
83 57 6378.400
83 58 1675.400
83 59 2576.300
83 60 9227.700
83 61 7896.100
83 62 7883.800
83 63 5636.700
83 64 5540.300
83 65 4077.200
83 66 6947.600
83 67 8727.800
83 68 8718.600
83 69 6751.600
83 70 8764.800
83 71 5034.900
83 72 6996.200
83 73 6240.100
83 74 5008.500
83 75 9142.800
83 76 5540.200
83 77 4797.300
83 78 6808.600
83 79 3502.800
83 80 3675.100
83 81 7577.500
83 82 7648.300
83 83 0.000
83 84 5304.200
83 85 3045.900
83 86 6285.400
83 87 3198.700
83 88 3252.300
83 89 8240.900
83 90 7398.800
83 91 4986.800
83 92 5631.500
83 93 6496.500
83 94 4346.800
83 95 6763.500
83 96 2836.900
83 97 7643.400
83 98 8802.800
83 99 7578.400
84 0 4650.900
84 1 4345.800
84 2 1838.400
84 3 6159.000
84 4 4436.300
84 5 3224.200
84 6 5551.700
84 7 6111.300
84 8 5773.000
84 9 6499.900
84 10 4128.600
84 11 5520.500
84 12 8003.100
84 13 4563.800
84 14 3997.200
84 15 3604.600
84 16 5422.300
84 17 1330.100
84 18 4659.200
84 19 5630.100
84 20 7487.500
84 21 1673.900
84 22 5310.500
84 23 7824.800
84 24 3131.300
84 25 6772.600
84 26 1983.100
84 27 4857.400
84 28 4964.700
84 29 2580.700
84 30 8309.700
84 31 7208.000
84 32 2308.800
84 33 4710.300
84 34 3293.900
84 35 4348.800
84 36 2296.900
84 37 7612.400
84 38 7208.700
84 39 5724.700
84 40 2071.500
84 41 3844.700
84 42 4950.900
84 43 8928.300
84 44 3383.700
84 45 3049.300
84 46 4223.300
84 47 3376.600
84 48 7701.700
84 49 993.700
84 50 3640.100
84 51 3841.600
84 52 5740.200
84 53 7579.600
84 54 7076.400
84 55 1825.600
84 56 3261.200
84 57 944.200
84 58 6070.000
84 59 5370.500
84 60 6762.400
84 61 9036.500
84 62 5543.200
84 63 6776.100
84 64 6479.400
84 65 7485.400
84 66 4533.400
84 67 3806.600
84 68 7398.700
84 69 1692.700
84 70 6299.500
84 71 4796.100
84 72 2330.900
84 73 1703.100
84 74 3550.400
84 75 8777.600
84 76 1880.100
84 77 7404.600
84 78 1749.700
84 79 5718.900
84 80 8907.600
84 81 4077.600
84 82 8452.200
84 83 5244.100
84 84 0.000
84 85 3306.000
84 86 4273.200
84 87 5414.800
84 88 3022.900
84 89 8110.200
84 90 2375.600
84 91 7123.800
84 92 6223.700
84 93 2708.900
84 94 5487.200
84 95 4423.000
84 96 3977.300
84 97 4143.400
84 98 6752.300
84 99 7704.400
85 0 2248.000
85 1 5112.900
85 2 2473.600
85 3 3756.100
85 4 2033.300
85 5 1599.000
85 6 6806.400
85 7 8594.800
85 8 3370.100
85 9 5637.100
85 10 7447.300
85 11 3875.400
85 12 7482.200
85 13 7882.500
85 14 5756.800
85 15 6923.300
85 16 3019.400
85 17 4894.000
85 18 7977.800
85 19 2877.800
85 20 5084.500
85 21 4956.800
85 22 3530.600
85 23 7103.900
85 24 1281.000
85 25 4369.700
85 26 2920.100
85 27 1539.800
85 28 4443.800
85 29 1120.600
85 30 5906.800
85 31 6687.100
85 32 4083.900
85 33 3458.400
85 34 2772.900
85 35 3842.600
85 36 3365.600
85 37 4915.400
85 38 4805.700
85 39 6782.600
85 40 5635.400
85 41 4305.100
85 42 4691.700
85 43 7127.400
85 44 6199.800
85 45 4809.000
85 46 1819.300
85 47 3305.200
85 48 6084.300
85 49 3093.500
85 50 1532.400
85 51 1437.700
85 52 5291.700
85 53 5175.600
85 54 3971.300
85 55 5144.200
85 56 4686.600
85 57 4638.100
85 58 4091.400
85 59 4992.200
85 60 6241.400
85 61 5730.100
85 62 8861.900
85 63 3858.300
85 64 3374.200
85 65 5082.500
85 66 3911.100
85 67 7125.200
85 68 5160.900
85 69 5011.300
85 70 5778.600
85 71 2043.800
85 72 5255.900
85 73 4499.800
85 74 2016.800
85 75 6976.800
85 76 5349.200
85 77 5001.600
85 78 5068.300
85 79 5918.700
85 80 6503.600
85 81 6078.400
85 82 10057.500
85 83 2840.100
85 84 3563.900
85 85 0.000
85 86 3248.800
85 87 5614.600
85 88 2798.100
85 89 5872.400
85 90 5658.600
85 91 4720.800
85 92 3458.100
85 93 6027.600
85 94 2173.400
85 95 7741.700
85 96 1573.400
85 97 5903.100
85 98 5364.800
85 99 4952.100
86 0 4197.200
86 1 4683.700
86 2 2826.500
86 3 7054.300
86 4 5117.700
86 5 2345.400
86 6 9577.800
86 7 10137.400
86 8 6454.500
86 9 3060.000
86 10 8154.700
86 11 1640.600
86 12 4563.200
86 13 8589.900
86 14 6887.100
86 15 7630.700
86 16 6103.800
86 17 5601.500
86 18 8685.300
86 19 1720.500
86 20 8168.900
86 21 5384.700
86 22 1430.600
86 23 4384.900
86 24 3220.800
86 25 7454.100
86 26 3120.700
86 27 3423.300
86 28 1524.800
86 29 3448.600
86 30 8991.200
86 31 3768.100
86 32 4488.400
86 33 6559.800
86 34 1053.800
86 35 1928.900
86 36 3566.200
86 37 6798.900
86 38 7868.700
86 39 9750.800
86 40 6342.900
86 41 4505.800
86 42 7793.000
86 43 5181.200
86 44 7655.100
86 45 5190.900
86 46 5121.100
86 47 2138.800
86 48 4261.800
86 49 3801.000
86 50 2206.000
86 51 4539.000
86 52 8393.000
86 53 8277.000
86 54 4143.100
86 55 5851.700
86 56 7532.600
86 57 5345.500
86 58 7192.700
86 59 8093.600
86 60 3322.500
86 61 3783.900
86 62 9569.300
86 63 5741.800
86 64 3546.000
86 65 8166.900
86 66 940.100
86 67 7832.700
86 68 3448.800
86 69 5718.800
86 70 2859.600
86 71 1250.400
86 72 5342.300
86 73 4904.300
86 74 1298.800
86 75 5030.500
86 76 6056.600
86 77 8086.000
86 78 5775.800
86 79 9020.100
86 80 9605.000
86 81 5302.600
86 82 13151.800
86 83 5941.500
86 84 4271.400
86 85 3184.500
86 86 0.000
86 87 8716.000
86 88 4809.700
86 89 4160.300
86 90 6086.500
86 91 7805.200
86 92 2678.000
86 93 6735.000
86 94 2664.000
86 95 8449.100
86 96 4003.400
86 97 6301.900
86 98 3312.500
86 99 3794.800
87 0 6198.200
87 1 10276.000
87 2 7288.100
87 3 7385.100
87 4 5983.500
87 5 7277.300
87 6 3010.800
87 7 4027.300
87 8 6638.300
87 9 12148.000
87 10 4215.300
87 11 9598.600
87 12 13155.100
87 13 7245.200
87 14 8886.700
87 15 4565.400
87 16 6969.600
87 17 5180.200
87 18 4930.400
87 19 8601.000
87 20 5385.400
87 21 7123.500
87 22 9261.800
87 23 11956.500
87 24 6626.000
87 25 5923.500
87 26 7432.800
87 27 6398.500
87 28 10116.700
87 29 5547.600
87 30 4810.000
87 31 13045.000
87 32 7758.400
87 33 3852.000
87 34 8445.800
87 35 9515.500
87 36 7746.500
87 37 7620.200
87 38 7216.400
87 39 1363.800
87 40 3605.500
87 41 9294.400
87 42 1178.300
87 43 11980.100
87 44 2404.200
87 45 8979.500
87 46 5714.800
87 47 8983.500
87 48 12451.200
87 49 6090.700
87 50 7210.700
87 51 4640.000
87 52 760.500
87 53 5388.800
87 54 8825.200
87 55 6134.600
87 56 4157.300
87 57 6393.800
87 58 1648.500
87 59 2006.200
87 60 11914.400
87 61 10582.800
87 62 6504.000
87 63 7974.200
87 64 8226.900
87 65 5867.000
87 66 9634.300
87 67 7348.100
87 68 11405.200
87 69 5998.000
87 70 11451.500
87 71 7721.600
87 72 8261.100
87 73 8511.100
87 74 7695.200
87 75 11829.500
87 76 4160.500
87 77 6587.100
87 78 6122.100
87 79 679.000
87 80 5464.900
87 81 10007.800
87 82 6268.500
87 83 3394.800
87 84 5449.600
87 85 5732.600
87 86 8972.000
87 87 0.000
87 88 4946.200
87 89 10927.600
87 90 7083.600
87 91 6776.600
87 92 8318.200
87 93 5116.800
87 94 7033.500
87 95 5383.800
87 96 5523.600
87 97 10073.600
87 98 11489.500
87 99 10265.100
88 0 4201.000
88 1 5301.700
88 2 1388.500
88 3 5709.100
88 4 3986.300
88 5 2950.600
88 6 7148.400
88 7 7708.000
88 8 5323.100
88 9 6401.200
88 10 5725.300
88 11 5266.800
88 12 7904.500
88 13 6160.500
88 14 5434.600
88 15 5201.300
88 16 4972.300
88 17 3172.100
88 18 6255.900
88 19 5733.800
88 20 7037.500
88 21 3645.800
88 22 5056.800
88 23 7726.100
88 24 2681.400
88 25 6322.700
88 26 3132.500
88 27 4402.300
88 28 4866.100
88 29 2130.700
88 30 6153.800
88 31 7109.400
88 32 3761.700
88 33 2087.600
88 34 3195.200
88 35 4250.100
88 36 3325.100
88 37 7162.500
88 38 6758.700
88 39 7321.400
88 40 3484.100
88 41 4264.600
88 42 3847.000
88 43 9983.900
88 44 4756.700
88 45 4486.800
88 46 3773.300
88 47 3494.000
88 48 7603.000
88 49 1371.500
88 50 3366.400
88 51 3391.700
88 52 4447.000
88 53 5480.700
88 54 6827.300
88 55 3422.200
88 56 2309.900
88 57 2916.100
88 58 4351.100
88 59 2940.000
88 60 6663.700
88 61 8586.600
88 62 7139.900
88 63 6326.100
88 64 6230.700
88 65 7035.500
88 66 4304.100
88 67 5403.200
88 68 7145.000
88 69 3289.400
88 70 6200.900
88 71 4542.400
88 72 4302.800
88 73 3675.000
88 74 3276.800
88 75 9833.300
88 76 3627.200
88 77 6954.600
88 78 3346.300
88 79 5074.000
88 80 6808.700
88 81 5515.000
88 82 10048.900
88 83 3145.200
88 84 1841.900
88 85 2856.000
88 86 4019.500
88 87 4769.900
88 88 0.000
88 89 7856.500
88 90 4307.800
88 91 6673.800
88 92 6322.000
88 93 4305.600
88 94 5037.300
88 95 6019.700
88 96 3527.400
88 97 5580.900
88 98 6653.700
88 99 7808.100
89 0 5571.300
89 1 8244.700
89 2 6520.800
89 3 8257.700
89 4 6535.000
89 5 5725.300
89 6 11325.000
89 7 13106.400
89 8 7871.700
89 9 3444.600
89 10 11849.100
89 11 2462.500
89 12 5170.900
89 13 12284.300
89 14 9971.700
89 15 11325.100
89 16 7521.000
89 17 9295.800
89 18 14009.500
89 19 2973.200
89 20 9660.000
89 21 9079.100
89 22 3310.400
89 23 3517.900
89 24 6412.200
89 25 8945.100
89 26 6815.100
89 27 4797.400
89 28 5185.500
89 29 6371.100
89 30 10482.200
89 31 4485.500
89 32 8182.800
89 33 7977.000
89 34 4748.100
89 35 5837.100
89 36 7260.600
89 37 7346.000
89 38 8415.800
89 39 11301.300
89 40 10037.200
89 41 8200.100
89 42 9210.300
89 43 1967.000
89 44 10718.400
89 45 9394.700
89 46 6538.400
89 47 5833.100
89 48 3891.700
89 49 7495.300
89 50 5130.600
89 51 5956.300
89 52 9810.300
89 53 9694.200
89 54 4903.400
89 55 9546.000
89 56 9205.200
89 57 9039.900
89 58 8610.000
89 59 9510.800
89 60 5631.200
89 61 2144.200
89 62 13263.700
89 63 6809.900
89 64 4305.200
89 65 9584.100
89 66 3979.000
89 67 11527.000
89 68 1000.200
89 69 9413.100
89 70 4419.300
89 71 3463.600
89 72 9036.600
89 73 8598.700
89 74 5058.900
89 75 3390.800
89 76 9751.000
89 77 9147.500
89 78 9470.100
89 79 10437.400
89 80 11022.300
89 81 8387.300
89 82 14569.100
89 83 7358.700
89 84 7965.700
89 85 5507.500
89 86 3972.200
89 87 10133.300
89 88 8048.600
89 89 0.000
89 90 9780.800
89 91 9222.500
89 92 3321.000
89 93 10429.400
89 94 4081.300
89 95 12143.500
89 96 5420.600
89 97 9386.500
89 98 3050.800
89 99 2382.000
90 0 6917.200
90 1 3347.600
90 2 4104.700
90 3 8425.300
90 4 6702.500
90 5 5071.800
90 6 5377.600
90 7 5937.200
90 8 8039.300
90 9 7387.200
90 10 3954.500
90 11 7171.300
90 12 8004.200
90 13 4358.900
90 14 2101.400
90 15 3430.500
90 16 7688.500
90 17 3618.100
90 18 4485.100
90 19 7280.900
90 20 9753.700
90 21 1229.700
90 22 6961.300
90 23 8415.500
90 24 5397.600
90 25 9038.900
90 26 3205.500
90 27 6705.000
90 28 6215.000
90 29 4846.900
90 30 10405.000
90 31 7507.600
90 32 2196.800
90 33 6148.000
90 34 4944.700
90 35 4828.600
90 36 2934.300
90 37 9878.700
90 38 9474.900
90 39 5550.600
90 40 3392.500
90 41 3368.000
90 42 5933.100
90 43 9815.600
90 44 4395.100
90 45 2051.100
90 46 6489.500
90 47 4014.100
90 48 8001.200
90 49 3281.700
90 50 5487.700
90 51 6107.900
90 52 6722.500
90 53 10076.900
90 54 8727.300
90 55 1620.700
90 56 4332.600
90 57 2391.500
90 58 7052.200
90 59 6352.800
90 60 6745.500
90 61 9085.900
90 62 5369.100
90 63 9042.300
90 64 8130.200
90 65 9751.700
90 66 6173.800
90 67 3601.700
90 68 9435.600
90 69 1518.600
90 70 6282.600
90 71 6446.900
90 72 1332.700
90 73 1582.700
90 74 5398.000
90 75 9665.000
90 76 2576.300
90 77 9670.800
90 78 1407.800
90 79 6419.800
90 80 11059.900
90 81 3079.400
90 82 8278.100
90 83 7741.400
90 84 2288.000
90 85 5572.200
90 86 5924.000
90 87 6397.100
90 88 5289.100
90 89 9761.000
90 90 0.000
90 91 9390.000
90 92 7874.500
90 93 2504.000
90 94 7753.500
90 95 4248.900
90 96 6243.600
90 97 3145.200
90 98 7639.700
90 99 9355.200
91 0 3834.800
91 1 8366.400
91 2 5371.400
91 3 1285.000
91 4 1858.100
91 5 5111.300
91 6 8315.000
91 7 10103.400
91 8 1570.500
91 9 9982.000
91 10 9708.200
91 11 7432.600
91 12 10989.000
91 13 10143.400
91 14 8017.700
91 15 9184.200
91 16 1170.700
91 17 7154.900
91 18 11006.500
91 19 6435.000
91 20 1664.900
91 21 7217.700
91 22 7095.800
91 23 9790.500
91 24 4459.900
91 25 853.100
91 26 5715.600
91 27 4232.500
91 28 7950.600
91 29 3381.500
91 30 2487.100
91 31 10879.000
91 32 6344.800
91 33 4967.000
91 34 6279.800
91 35 7349.500
91 36 6306.600
91 37 2615.100
91 38 2211.300
91 39 8291.200
91 40 7896.300
91 41 7794.400
91 42 6200.200
91 43 9814.100
91 44 7708.300
91 45 7069.900
91 46 3548.700
91 47 6817.500
91 48 10285.200
91 49 5354.400
91 50 5044.700
91 51 2946.200
91 52 5925.800
91 53 4058.900
91 54 6659.100
91 55 7405.100
91 56 6195.200
91 57 6899.000
91 58 5696.500
91 59 6500.800
91 60 9748.300
91 61 8416.800
91 62 11122.800
91 63 1902.000
91 64 6060.900
91 65 1157.300
91 66 7468.300
91 67 9386.100
91 68 9239.200
91 69 7272.300
91 70 9285.400
91 71 5555.600
91 72 7516.800
91 73 6760.700
91 74 5529.100
91 75 9663.400
91 76 7610.100
91 77 1582.000
91 78 7329.200
91 79 7154.800
91 80 3800.400
91 81 8098.100
91 82 11566.100
91 83 4348.700
91 84 5824.800
91 85 3566.500
91 86 6806.000
91 87 6850.700
91 88 5059.000
91 89 8761.600
91 90 7919.500
91 91 0.000
91 92 6152.200
91 93 8288.500
91 94 4867.400
91 95 10002.600
91 96 3160.100
91 97 8164.000
91 98 9323.400
91 99 7445.100
92 0 3411.100
92 1 6949.500
92 2 5094.700
92 3 4801.300
92 4 4503.600
92 5 3693.900
92 6 9293.700
92 7 11075.000
92 8 5840.400
92 9 4506.500
92 10 10422.900
92 11 2803.400
92 12 6968.000
92 13 10858.200
92 14 8404.600
92 15 9899.000
92 16 5489.600
92 17 7869.700
92 18 11978.100
92 19 1526.600
92 20 6860.000
92 21 7650.500
92 22 2305.000
92 23 4998.000
92 24 4380.900
92 25 6145.100
92 26 5389.000
92 27 2766.000
92 28 3929.600
92 29 4339.800
92 30 7682.200
92 31 5547.400
92 32 6754.200
92 33 5945.700
92 34 3458.600
92 35 4333.800
92 36 5834.500
92 37 4546.000
92 38 5615.800
92 39 9269.900
92 40 8611.100
92 41 6774.000
92 42 7178.900
92 43 5021.500
92 44 8687.100
92 45 7456.700
92 46 4507.000
92 47 4407.000
92 48 4953.600
92 49 6069.200
92 50 3099.200
92 51 3924.900
92 52 7778.900
92 53 7662.900
92 54 1582.400
92 55 8119.900
92 56 7173.900
92 57 7613.800
92 58 6578.600
92 59 7479.500
92 60 5727.300
92 61 3624.200
92 62 11837.600
92 63 3488.900
92 64 984.200
92 65 7382.100
92 66 2973.700
92 67 10100.900
92 68 3615.000
92 69 7987.000
92 70 5264.500
92 71 1432.200
92 72 7608.100
92 73 7170.100
92 74 3027.500
92 75 4870.900
92 76 8324.900
92 77 6347.500
92 78 8044.000
92 79 8406.000
92 80 8995.500
92 81 7707.400
92 82 12537.700
92 83 5327.400
92 84 6539.600
92 85 3476.100
92 86 2682.700
92 87 8101.900
92 88 6017.200
92 89 3970.800
92 90 8352.300
92 91 6674.200
92 92 0.000
92 93 9003.300
92 94 2049.900
92 95 10717.300
92 96 3389.200
92 97 8706.700
92 98 4530.900
92 99 3085.400
93 0 7354.900
93 1 5900.300
93 2 4542.400
93 3 8863.000
93 4 7140.200
93 5 5928.200
93 6 3804.900
93 7 2793.100
93 8 8477.000
93 9 9203.800
93 10 1302.900
93 11 8224.500
93 12 10707.100
93 13 3167.800
93 14 4806.100
93 15 778.900
93 16 8126.300
93 17 3527.000
93 18 1833.500
93 19 8334.100
93 20 9407.700
93 21 3782.400
93 22 8014.500
93 23 10528.800
93 24 5835.300
93 25 9945.800
93 26 4687.100
93 27 7561.400
93 28 7668.700
93 29 5284.700
93 30 8832.300
93 31 9912.000
93 32 4749.400
93 33 4707.700
93 34 5997.800
93 35 7052.800
93 36 5278.200
93 37 10316.400
93 38 9912.600
93 39 3977.900
93 40 1952.300
93 41 5920.700
93 42 4360.400
93 43 11632.200
93 44 2954.900
93 45 4603.700
93 46 6927.300
93 47 6296.600
93 48 10405.600
93 49 4437.500
93 50 6344.000
93 51 6545.600
93 52 5149.800
93 53 8504.200
93 54 9780.400
93 55 1343.100
93 56 2892.400
93 57 3631.400
93 58 5479.500
93 59 4780.100
93 60 9466.400
93 61 11740.500
93 62 2717.500
93 63 9480.000
93 64 9183.300
93 65 9889.300
93 66 7237.400
93 67 2410.500
93 68 10102.700
93 69 1622.300
93 70 9003.500
93 71 7500.100
93 72 3885.300
93 73 4135.300
93 74 6254.400
93 75 11481.600
93 76 2507.300
93 77 10108.500
93 78 1746.400
93 79 4847.100
93 80 9487.200
93 81 5632.000
93 82 5626.500
93 83 6168.700
93 84 3796.400
93 85 6010.000
93 86 6977.200
93 87 4824.400
93 88 5202.200
93 89 10814.200
93 90 2707.900
93 91 9827.700
93 92 8927.600
93 93 0.000
93 94 8191.200
93 95 1597.300
93 96 6681.300
93 97 5697.800
93 98 9456.300
93 99 10408.400
94 0 1624.200
94 1 5421.200
94 2 3158.000
94 3 4481.300
94 4 2586.700
94 5 1907.300
94 6 7376.700
94 7 9165.100
94 8 3923.400
94 9 5921.800
94 10 8749.500
94 11 3868.600
94 12 7425.100
94 13 9184.700
94 14 6876.300
94 15 8225.500
94 16 3572.700
94 17 6196.200
94 18 10068.300
94 19 2871.000
94 20 5637.900
94 21 6259.000
94 22 3531.800
94 23 6234.000
94 24 2594.300
94 25 4923.000
94 26 3604.500
94 27 850.300
94 28 4386.700
94 29 2422.800
94 30 6460.100
94 31 6630.000
94 32 5386.100
94 33 4028.700
94 34 2715.800
94 35 3785.500
94 36 4050.000
94 37 4225.900
94 38 5295.700
94 39 7353.000
94 40 6937.600
94 41 4989.500
94 42 5262.000
94 43 6257.600
94 44 6770.100
94 45 5928.400
94 46 2590.100
94 47 3613.500
94 48 6728.600
94 49 4395.700
94 50 1840.700
94 51 2008.000
94 52 5862.000
94 53 5745.900
94 54 3095.100
94 55 6446.400
94 56 5256.900
94 57 5940.300
94 58 4661.700
94 59 5562.500
94 60 6184.300
94 61 4860.200
94 62 10164.100
94 63 3168.800
94 64 2496.900
94 65 5635.800
94 66 3904.300
94 67 8427.400
94 68 5682.700
94 69 6313.600
94 70 5721.500
94 71 1991.600
94 72 6079.800
94 73 5802.000
94 74 2325.200
94 75 6106.900
94 76 6651.400
94 77 5555.000
94 78 6370.500
94 79 6489.000
94 80 7074.000
94 81 6386.700
94 82 10627.800
94 83 3410.400
94 84 4866.100
94 85 1608.100
94 86 3242.000
94 87 6185.000
94 88 4100.300
94 89 5197.600
94 90 6960.800
94 91 5274.200
94 92 2588.200
94 93 7329.800
94 94 0.000
94 95 9043.900
94 96 1473.600
94 97 7386.000
94 98 5766.900
94 99 4535.100
95 0 8769.200
95 1 7373.000
95 2 5956.700
95 3 10277.300
95 4 8554.500
95 5 7342.400
95 6 4071.200
95 7 3059.400
95 8 9891.200
95 9 10618.100
95 10 1569.200
95 11 9638.700
95 12 12121.400
95 13 2067.400
95 14 5983.600
95 15 1045.200
95 16 9540.500
95 17 3793.300
95 18 2099.800
95 19 9748.300
95 20 9674.000
95 21 5255.100
95 22 9428.700
95 23 11943.000
95 24 7249.500
95 25 10212.100
95 26 6101.400
95 27 8975.700
95 28 9083.000
95 29 6698.900
95 30 9098.600
95 31 11326.300
95 32 6222.200
95 33 4974.000
95 34 7412.100
95 35 8467.000
95 36 6692.400
95 37 11730.700
95 38 11326.900
95 39 4244.200
95 40 2218.600
95 41 7393.400
95 42 4626.700
95 43 13046.500
95 44 3221.200
95 45 6076.500
95 46 8341.500
95 47 7710.900
95 48 11819.900
95 49 4703.800
95 50 7758.300
95 51 7959.800
95 52 5416.100
95 53 8770.500
95 54 11194.700
95 55 3231.600
95 56 3158.700
95 57 5045.700
95 58 5745.800
95 59 5046.400
95 60 10880.600
95 61 13154.800
95 62 1326.200
95 63 10894.300
95 64 10597.600
95 65 10155.600
95 66 8651.700
95 67 2424.900
95 68 11516.900
95 69 3095.000
95 70 10417.800
95 71 8914.400
95 72 5358.100
95 73 5608.100
95 74 7668.600
95 75 12895.900
95 76 2773.600
95 77 10875.700
95 78 3219.100
95 79 5113.400
95 80 9753.500
95 81 7104.800
95 82 4235.200
95 83 6435.000
95 84 4062.700
95 85 7424.200
95 86 8391.400
95 87 5090.700
95 88 5468.600
95 89 12228.400
95 90 4180.600
95 91 11065.200
95 92 10341.900
95 93 1566.500
95 94 9605.500
95 95 0.000
95 96 8095.500
95 97 7170.600
95 98 10870.600
95 99 11822.600
96 0 727.300
96 1 6567.400
96 2 3572.400
96 3 2949.600
96 4 1226.800
96 5 3053.400
96 6 6536.500
96 7 8324.900
96 8 2563.600
96 9 7924.100
96 10 7909.200
96 11 5374.700
96 12 8931.200
96 13 8344.400
96 14 6218.800
96 15 7385.200
96 16 2212.900
96 17 5356.000
96 18 9228.000
96 19 4377.100
96 20 4278.000
96 21 5418.800
96 22 5037.900
96 23 7732.600
96 24 2661.000
96 25 3563.200
96 26 3916.600
96 27 2174.600
96 28 5892.800
96 29 1582.600
96 30 5100.300
96 31 8821.100
96 32 4545.900
96 33 3188.500
96 34 4221.900
96 35 5291.600
96 36 4507.600
96 37 4086.800
96 38 3999.200
96 39 6512.700
96 40 6097.400
96 41 5995.500
96 42 4421.700
96 43 7756.200
96 44 5929.900
96 45 5270.900
96 46 1749.800
96 47 4759.600
96 48 8227.300
96 49 3555.400
96 50 2986.800
96 51 1167.700
96 52 5021.700
96 53 4905.700
96 54 4601.200
96 55 5606.200
96 56 4416.700
96 57 5100.000
96 58 3821.400
96 59 4722.300
96 60 7690.400
96 61 6358.900
96 62 9323.800
96 63 3029.700
96 64 4003.000
96 65 4276.000
96 66 5410.400
96 67 7587.200
96 68 7181.300
96 69 5473.300
96 70 7227.600
96 71 3497.700
96 72 5717.800
96 73 4961.800
96 74 3471.300
96 75 7605.600
96 76 5811.100
96 77 4195.100
96 78 5530.300
96 79 5648.800
96 80 6413.600
96 81 6299.200
96 82 9787.600
96 83 2570.200
96 84 4025.900
96 85 1508.600
96 86 4748.100
96 87 5344.700
96 88 3260.000
96 89 6703.700
96 90 6120.500
96 91 3914.300
96 92 4094.300
96 93 6489.500
96 94 2358.900
96 95 8203.600
96 96 0.000
96 97 6365.000
96 98 7265.600
96 99 6041.200
97 0 7537.400
97 1 1362.300
97 2 4724.900
97 3 9045.500
97 4 7322.700
97 5 5523.400
97 6 9040.600
97 7 9600.200
97 8 8659.500
97 9 6338.700
97 10 7617.500
97 11 7256.100
97 12 6913.900
97 13 8022.000
97 14 2820.700
97 15 7093.600
97 16 8308.700
97 17 6107.800
97 18 8148.100
97 19 7823.700
97 20 10373.900
97 21 3727.100
97 22 7533.800
97 23 7325.200
97 24 6017.800
97 25 9659.100
97 26 4136.600
97 27 7156.600
97 28 6316.200
97 29 5467.100
97 30 11196.200
97 31 6417.300
97 32 2479.700
97 33 7596.800
97 34 5850.600
97 35 5053.400
97 36 3439.700
97 37 10498.900
97 38 10095.100
97 39 9213.600
97 40 7055.600
97 41 3450.000
97 42 9596.200
97 43 9024.700
97 44 8058.200
97 45 1735.600
97 46 7109.700
97 47 4465.600
97 48 6911.000
97 49 5178.200
97 50 5939.200
97 51 6728.100
97 52 10385.500
97 53 10466.000
97 54 9633.200
97 55 5283.700
97 56 7995.600
97 57 4881.200
97 58 9381.800
97 59 10015.800
97 60 5655.200
97 61 8295.000
97 62 9032.200
97 63 9662.500
97 64 9036.100
97 65 10371.900
97 66 6241.600
97 67 7264.700
97 68 8644.700
97 69 5181.600
97 70 5192.400
97 71 7352.900
97 72 2916.100
97 73 3294.300
97 74 5849.500
97 75 8278.800
97 76 6546.200
97 77 10291.000
97 78 5070.800
97 79 10082.900
97 80 11794.000
97 81 1094.100
97 82 11941.100
97 83 8130.500
97 84 4777.700
97 85 6192.400
97 86 6829.900
97 87 10060.100
97 88 5909.300
97 89 9710.100
97 90 3898.900
97 91 10010.200
97 92 8780.400
97 93 6167.100
97 94 8373.700
97 95 7911.900
97 96 6863.800
97 97 0.000
97 98 6848.800
97 99 9898.000
98 0 6167.700
98 1 5458.700
98 2 5205.900
98 3 9678.900
98 4 7956.100
98 5 5002.700
98 6 11957.200
98 7 12516.800
98 8 9292.900
98 9 658.500
98 10 10534.100
98 11 1468.600
98 12 2395.200
98 13 10969.300
98 14 7185.600
98 15 10010.100
98 16 8942.100
98 17 7980.900
98 18 11064.700
98 19 2541.100
98 20 11007.300
98 21 6919.800
98 22 2502.700
98 23 1212.000
98 24 5600.200
98 25 10292.500
98 26 5091.500
98 27 5393.800
98 28 2410.900
98 29 6315.400
98 30 11829.600
98 31 1555.500
98 32 6023.500
98 33 9398.200
98 34 3433.200
98 35 3062.500
98 36 5229.500
98 37 8330.900
98 38 9400.700
98 39 12130.200
98 40 8722.300
98 41 6169.000
98 42 10631.400
98 43 2261.200
98 44 10034.500
98 45 6608.700
98 46 7959.500
98 47 3980.100
98 48 961.700
98 49 6180.400
98 50 4963.700
98 51 7377.400
98 52 11231.400
98 53 11115.400
98 54 5653.800
98 55 8231.100
98 56 9912.000
98 57 6942.300
98 58 10031.100
98 59 10932.000
98 60 2845.100
98 61 1531.400
98 62 11948.700
98 63 7712.300
98 64 5055.500
98 65 11005.300
98 66 2336.200
98 67 10212.100
98 68 1881.200
98 69 8098.200
98 70 1633.200
98 71 3161.500
98 72 6877.400
98 73 6439.400
98 74 4056.500
98 75 2110.500
98 76 8436.000
98 77 10924.400
98 78 8155.200
98 79 11858.500
98 80 12443.400
98 81 5601.200
98 82 15990.200
98 83 8779.900
98 84 6650.800
98 85 5159.900
98 86 3217.900
98 87 11554.400
98 88 7189.100
98 89 2968.100
98 90 7621.600
98 91 10643.600
98 92 4071.400
98 93 9114.400
98 94 4690.800
98 95 10828.500
98 96 7073.000
98 97 6600.500
98 98 0.000
98 99 3902.400
99 0 4757.900
99 1 8188.500
99 2 6123.700
99 3 6471.900
99 4 5721.600
99 5 4932.900
99 6 10511.600
99 7 12293.000
99 8 7058.300
99 9 4198.400
99 10 11452.000
99 11 2495.300
99 12 5924.700
99 13 11887.200
99 14 10184.300
99 15 10928.000
99 16 6707.600
99 17 8898.700
99 18 13196.100
99 19 1962.300
99 20 7366.600
99 21 8889.500
99 22 2913.300
99 23 4655.700
99 24 5619.900
99 25 6651.800
99 26 6418.000
99 27 3984.000
99 28 4822.100
99 29 5557.700
99 30 8188.900
99 31 5239.400
99 32 7993.200
99 33 7163.600
99 34 4351.000
99 35 5226.200
99 36 6863.500
99 37 5052.600
99 38 6122.400
99 39 10487.800
99 40 9640.100
99 41 7803.000
99 42 8396.900
99 43 4252.500
99 44 9905.000
99 45 8695.700
99 46 5724.900
99 47 5646.000
99 48 4645.600
99 49 7098.200
99 50 4338.200
99 51 5142.900
99 52 8996.900
99 53 9760.600
99 54 4090.000
99 55 9148.900
99 56 8391.800
99 57 8642.800
99 58 7796.600
99 59 8697.400
99 60 6385.000
99 61 3282.000
99 62 12866.600
99 63 6033.800
99 64 1516.800
99 65 7888.800
99 66 3581.900
99 67 11129.900
99 68 3272.700
99 69 9016.100
99 70 5173.100
99 71 2650.200
99 72 8847.100
99 73 8409.100
99 74 4266.500
99 75 4528.700
99 76 9353.900
99 77 6854.200
99 78 9073.000
99 79 9623.900
99 80 9502.200
99 81 8599.800
99 82 13755.700
99 83 6545.300
99 84 7568.600
99 85 4715.100
99 86 3575.100
99 87 9319.800
99 88 7235.200
99 89 3491.600
99 90 9591.200
99 91 7381.600
99 92 2507.600
99 93 10032.300
99 94 3267.900
99 95 11746.400
99 96 4607.200
99 97 9599.100
99 98 3926.100
99 99 0.000
