# i j distance_m; directed OSRM/OSM truck distance; depot 0 + customers 1..100
0 0 0.000
0 1 7702.200
0 2 1891.400
0 3 8089.800
0 4 3419.800
0 5 5358.300
0 6 1164.300
0 7 6774.600
0 8 2949.200
0 9 4850.400
0 10 6324.100
0 11 4500.300
0 12 10689.300
0 13 3749.200
0 14 5053.400
0 15 5207.400
0 16 7192.700
0 17 5342.300
0 18 2577.600
0 19 1841.800
0 20 4247.500
0 21 7744.300
0 22 5332.500
0 23 8751.500
0 24 5212.000
0 25 2674.100
0 26 6425.900
0 27 6038.400
0 28 8298.700
0 29 6462.800
0 30 3110.500
0 31 9006.500
0 32 4571.000
0 33 6421.300
0 34 8132.600
0 35 7226.200
0 36 7782.500
0 37 1380.000
0 38 2845.300
0 39 7226.200
0 40 8003.100
0 41 3913.700
0 42 6189.800
0 43 3450.000
0 44 6401.200
0 45 5070.600
0 46 5474.600
0 47 6237.200
0 48 7015.400
0 49 8132.300
0 50 9002.700
0 51 3202.000
0 52 4988.700
0 53 5952.500
0 54 3126.100
0 55 4893.500
0 56 5293.200
0 57 6964.300
0 58 8414.200
0 59 7853.400
0 60 8607.600
0 61 6947.600
0 62 6190.200
0 63 2353.000
0 64 5685.900
0 65 7517.400
0 66 2922.200
0 67 9039.100
0 68 8021.200
0 69 7721.900
0 70 4364.500
0 71 6633.600
0 72 7293.900
0 73 8076.400
0 74 9416.600
0 75 6197.500
0 76 7404.000
0 77 5775.500
0 78 9196.400
0 79 9267.600
0 80 2520.200
0 81 6896.200
0 82 7880.200
0 83 8763.400
0 84 9463.100
0 85 8539.100
0 86 5502.600
0 87 7292.800
0 88 6624.300
0 89 8242.800
0 90 3422.700
0 91 6448.500
0 92 3696.200
0 93 8134.700
0 94 7326.300
0 95 6850.800
0 96 8929.800
0 97 8195.800
0 98 5438.800
0 99 6454.400
0 100 3822.000
1 0 8569.200
1 1 0.000
1 2 5857.500
1 3 13560.500
1 4 4541.400
1 5 9272.600
1 6 7119.700
1 7 7850.000
1 8 6622.700
1 9 8813.300
1 10 2955.500
1 11 8154.000
1 12 16651.000
1 13 9042.700
1 14 10347.000
1 15 3711.800
1 16 1552.400
1 17 2958.700
1 18 5807.700
1 19 6073.600
1 20 9541.000
1 21 9795.700
1 22 8417.400
1 23 15793.100
1 24 8085.600
1 25 7967.600
1 26 11719.400
1 27 11331.900
1 28 13592.200
1 29 5807.200
1 30 7304.000
1 31 14773.400
1 32 9864.500
1 33 9507.200
1 34 9446.800
1 35 12519.800
1 36 8857.800
1 37 7005.200
1 38 6267.000
1 39 12519.800
1 40 12661.800
1 41 4471.600
1 42 9028.000
1 43 8743.500
1 44 9703.500
1 45 8984.900
1 46 2750.500
1 47 11530.700
1 48 2796.800
1 49 13474.800
1 50 14007.100
1 51 5333.600
1 52 9495.400
1 53 10064.300
1 54 5321.100
1 55 10187.000
1 56 10586.700
1 57 12257.800
1 58 8778.400
1 59 13146.900
1 60 10256.400
1 61 3277.000
1 62 4835.600
1 63 7077.100
1 64 5030.200
1 65 9579.700
1 66 8215.700
1 67 15000.900
1 68 12678.700
1 69 10195.900
1 70 3951.700
1 71 3751.800
1 72 3890.100
1 73 12532.600
1 74 15378.300
1 75 12078.400
1 76 10490.000
1 77 11069.000
1 78 3556.100
1 79 4550.600
1 80 8806.600
1 81 9982.200
1 82 13173.700
1 83 14057.000
1 84 11017.400
1 85 11013.200
1 86 9496.100
1 87 678.500
1 88 11080.500
1 89 14824.200
1 90 7482.300
1 91 4461.600
1 92 7345.900
1 93 13428.200
1 94 11983.800
1 95 12701.300
1 96 14223.300
1 97 10669.800
1 98 9213.700
1 99 8195.700
1 100 4846.400
2 0 1830.100
2 1 5169.300
2 2 0.000
2 3 8139.900
2 4 1550.600
2 5 5120.200
2 6 1207.500
2 7 8115.400
2 8 4590.000
2 9 4900.500
2 10 4454.900
2 11 4001.600
2 12 10739.400
2 13 3799.300
2 14 5103.500
2 15 3338.300
2 16 4659.800
2 17 2594.800
2 18 3012.800
2 19 1442.200
2 20 4297.600
2 21 7794.400
2 22 5382.600
2 23 8801.600
2 24 4973.900
2 25 2724.200
2 26 6476.000
2 27 5958.600
2 28 8348.800
2 29 4593.700
2 30 2607.800
2 31 9056.500
2 32 4621.100
2 33 6471.300
2 34 8182.600
2 35 7276.300
2 36 9123.200
2 37 4210.300
2 38 1336.400
2 39 7276.300
2 40 8053.200
2 41 4416.100
2 42 5951.700
2 43 3500.000
2 44 6451.300
2 45 4832.500
2 46 3605.400
2 47 6287.300
2 48 4482.500
2 49 8182.400
2 50 9052.800
2 51 2802.300
2 52 4821.500
2 53 6002.600
2 54 2726.500
2 55 4666.200
2 56 5343.300
2 57 7014.400
2 58 8464.300
2 59 7903.500
2 60 8657.700
2 61 5078.400
2 62 4321.000
2 63 1850.400
2 64 3816.800
2 65 7567.500
2 66 2972.300
2 67 9089.200
2 68 8071.300
2 69 7772.000
2 70 3087.500
2 71 4764.500
2 72 5424.800
2 73 8126.500
2 74 9466.700
2 75 6247.600
2 76 7454.100
2 77 5825.600
2 78 6663.500
2 79 7398.500
2 80 3563.100
2 81 6946.300
2 82 7930.300
2 83 8813.500
2 84 9513.200
2 85 8589.200
2 86 5343.700
2 87 4759.900
2 88 6674.400
2 89 8292.900
2 90 2920.000
2 91 4579.400
2 92 3193.500
2 93 8184.800
2 94 7376.400
2 95 6900.900
2 96 8979.900
2 97 8245.900
2 98 5061.300
2 99 8140.200
2 100 3422.400
3 0 7016.500
3 1 11303.900
3 2 8427.400
3 3 0.000
3 4 9955.700
3 5 9481.100
3 6 7599.600
3 7 8698.200
3 8 5869.300
3 9 4084.500
3 10 13283.000
3 11 7588.600
3 12 5290.600
3 13 5109.600
3 14 3675.100
3 15 8990.400
3 16 11879.900
3 17 11171.300
3 18 7696.000
3 19 7673.100
3 20 4637.600
3 21 6388.500
3 22 4583.700
3 23 4153.300
3 24 10066.300
3 25 6697.700
3 26 5238.600
3 27 4851.100
3 28 4501.500
3 29 12852.800
3 30 8728.700
3 31 3133.500
3 32 4391.000
3 33 6661.900
3 34 8146.600
3 35 5055.100
3 36 9706.100
3 37 7523.500
3 38 9381.200
3 39 6038.900
3 40 3972.000
3 41 8579.400
3 42 9061.300
3 43 6146.300
3 44 4705.600
3 45 9090.500
3 46 13078.100
3 47 2795.300
3 48 9376.300
3 49 1284.100
3 50 2369.000
3 51 9030.900
3 52 7685.000
3 53 2987.600
3 54 8955.000
3 55 5725.500
3 56 4105.900
3 57 2587.500
3 58 7570.500
3 59 2298.300
3 60 7334.400
3 61 9828.100
3 62 9062.500
3 63 7959.200
3 64 12075.900
3 65 7758.100
3 66 7204.900
3 67 3361.000
3 68 1104.500
3 69 6860.400
3 70 10193.400
3 71 9505.900
3 72 9428.100
3 73 4812.300
3 74 3738.500
3 75 2078.500
3 76 6255.400
3 77 3779.300
3 78 13867.200
3 79 13637.700
3 80 6680.700
3 81 4201.000
3 82 3465.100
3 83 3208.300
3 84 8107.300
3 85 5256.500
3 86 7246.000
3 87 10758.300
3 88 3360.300
3 89 3184.300
3 90 9040.900
3 91 12838.500
3 92 8655.600
3 93 5121.400
3 94 3294.500
3 95 1481.900
3 96 5806.700
3 97 6129.300
3 98 8016.800
3 99 9964.500
3 100 9651.000
4 0 3379.700
4 1 4107.300
4 2 1572.000
4 3 9689.600
4 4 0.000
4 5 6669.800
4 6 2757.200
4 7 5531.100
4 8 3039.400
4 9 6450.200
4 10 3458.700
4 11 5551.300
4 12 12228.500
4 13 5348.900
4 14 6653.200
4 15 2276.300
4 16 3597.800
4 17 2804.000
4 18 1462.200
4 19 2991.800
4 20 5847.200
4 21 7476.700
4 22 5366.200
4 23 10351.300
4 24 6230.700
4 25 4273.800
4 26 8025.600
4 27 7508.200
4 28 9898.400
4 29 3597.400
4 30 4157.500
4 31 10350.800
4 32 6170.700
4 33 6455.900
4 34 7127.800
4 35 8826.000
4 36 6538.900
4 37 2659.700
4 38 1981.500
4 39 8826.000
4 40 8239.200
4 41 3354.100
4 42 7173.100
4 43 5049.700
4 44 6652.200
4 45 6382.200
4 46 2609.200
4 47 7836.900
4 48 3420.500
4 49 9732.000
4 50 9584.600
4 51 3478.600
4 52 6371.200
4 53 7552.300
4 54 3466.200
4 55 6215.900
4 56 6893.000
4 57 8564.100
4 58 6459.400
4 59 9453.200
4 60 7937.500
4 61 4016.400
4 62 3259.000
4 63 3400.100
4 64 2820.500
4 65 6263.900
4 66 4522.000
4 67 10578.300
4 68 8256.100
4 69 7877.000
4 70 2091.200
4 71 3702.500
4 72 4362.800
4 73 8110.000
4 74 10955.800
4 75 7797.300
4 76 7438.700
4 77 7375.200
4 78 5601.500
4 79 6402.200
4 80 3758.100
4 81 6930.900
4 82 9480.000
4 83 10363.200
4 84 8698.400
4 85 8694.200
4 86 6893.300
4 87 3697.900
4 88 6658.000
4 89 9842.600
4 90 4469.700
4 91 3583.100
4 92 4743.200
4 93 9734.500
4 94 7561.200
4 95 8450.500
4 96 10529.600
4 97 8350.900
4 98 6610.900
4 99 5210.900
4 100 2991.400
5 0 5214.500
5 1 9814.700
5 2 5754.500
5 3 9356.800
5 4 7239.500
5 5 0.000
5 6 5149.200
5 7 10786.200
5 8 7372.100
5 9 6810.200
5 10 8997.600
5 11 2309.500
5 12 8889.000
5 13 5708.900
5 14 6678.500
5 15 8938.000
5 16 9305.200
5 17 7454.800
5 18 7513.100
5 19 4983.400
5 20 5619.900
5 21 9704.000
5 22 7292.300
5 23 7325.200
5 24 2820.700
5 25 3900.800
5 26 5252.700
5 27 5852.800
5 28 6581.300
5 29 9136.400
5 30 3666.300
5 31 8176.200
5 32 5775.400
5 33 8381.000
5 34 10092.300
5 35 5192.400
5 36 11794.000
5 37 6315.600
5 38 6708.300
5 39 5175.900
5 40 9633.200
5 41 10015.800
5 42 1815.700
5 43 3997.700
5 44 7996.200
5 45 1336.800
5 46 8148.100
5 47 7533.800
5 48 9127.900
5 49 9399.200
5 50 9764.400
5 51 5283.700
5 52 3450.000
5 53 7582.500
5 54 5070.800
5 55 4298.500
5 56 5724.000
5 57 7656.300
5 58 10373.900
5 59 8526.600
5 60 10567.400
5 61 10678.200
5 62 9920.800
5 63 4063.600
5 64 8359.400
5 65 9477.200
5 66 3071.300
5 67 8208.900
5 68 9651.200
5 69 9681.600
5 70 6449.700
5 71 10082.900
5 72 11024.600
5 73 10036.100
5 74 8586.300
5 75 7827.600
5 76 9363.800
5 77 6556.900
5 78 11308.900
5 79 11941.100
5 80 5472.800
5 81 8491.300
5 82 7062.600
5 83 9436.700
5 84 11422.800
5 85 10498.900
5 86 2614.000
5 87 9405.300
5 88 8584.100
5 89 7412.600
5 90 3619.600
5 91 9122.100
5 92 2842.600
5 93 6417.300
5 94 8956.300
5 95 8117.700
5 96 6913.900
5 97 10155.600
5 98 1565.700
5 99 10466.000
5 100 5934.500
6 0 834.400
6 1 6628.800
6 2 1207.500
6 3 7442.600
6 4 2735.800
6 5 4514.900
6 6 0.000
6 7 8179.200
6 8 4765.100
6 9 4203.200
6 10 5811.700
6 11 3396.400
6 12 10042.000
6 13 3101.900
6 14 4406.200
6 15 4523.500
6 16 6119.300
6 17 4269.000
6 18 4198.000
6 19 768.400
6 20 3600.200
6 21 7097.000
6 22 4685.300
6 23 8104.300
6 24 4368.600
6 25 2026.800
6 26 5778.600
6 27 5391.200
6 28 7651.400
6 29 5950.500
6 30 2002.500
6 31 8359.200
6 32 3923.700
6 33 5774.000
6 34 7485.300
6 35 6579.000
6 36 9187.000
6 37 1856.500
6 38 2161.400
6 39 6579.000
6 40 7355.900
6 41 5601.300
6 42 5346.400
6 43 2802.700
6 44 5754.000
6 45 4227.200
6 46 4962.200
6 47 5589.900
6 48 5942.000
6 49 7485.000
6 50 8355.400
6 51 2128.600
6 52 4341.400
6 53 5305.300
6 54 2052.700
6 55 4246.200
6 56 4645.900
6 57 6317.100
6 58 7766.900
6 59 7206.200
6 60 7960.400
6 61 6263.600
6 62 5506.200
6 63 1245.100
6 64 5173.500
6 65 6870.200
6 66 2275.000
6 67 8391.900
6 68 7373.900
6 69 7074.600
6 70 3291.100
6 71 5949.700
6 72 6610.000
6 73 7429.100
6 74 8769.300
6 75 5550.300
6 76 6756.800
6 77 5128.200
6 78 8123.000
6 79 8755.300
6 80 2865.800
6 81 6249.000
6 82 7233.000
6 83 8116.200
6 84 8815.800
6 85 7891.900
6 86 4738.400
6 87 6219.400
6 88 5977.000
6 89 7595.600
6 90 2314.700
6 91 5936.200
6 92 2588.300
6 93 7487.500
6 94 6679.000
6 95 6203.500
6 96 8282.600
6 97 7548.600
6 98 4456.000
6 99 7859.000
6 100 2748.700
7 0 7356.300
7 1 7916.200
7 2 6450.300
7 3 8599.200
7 4 5635.800
7 5 10129.500
7 6 7939.300
7 7 0.000
7 8 4480.100
7 9 6147.400
7 10 9001.300
7 11 9271.600
7 12 12613.900
7 13 6116.700
7 14 7383.400
7 15 5473.500
7 16 7598.200
7 17 7625.600
7 18 4301.800
7 19 8012.800
7 20 7063.100
7 21 2496.100
7 22 6326.200
7 23 11756.100
7 24 9983.300
7 25 7445.400
7 26 10450.700
7 27 10063.200
7 28 12224.600
7 29 10474.200
7 30 9140.500
7 31 10736.300
7 32 8595.800
7 33 4043.400
7 34 2147.200
7 35 11251.000
7 36 1007.800
7 37 5332.200
7 38 5558.900
7 39 11251.000
7 40 8624.700
7 41 4764.500
7 42 10961.100
7 43 8221.200
7 44 5242.200
7 45 9841.900
7 46 8796.400
7 47 9061.400
7 48 5859.400
7 49 9247.400
7 50 9970.100
7 51 9370.700
7 52 9760.000
7 53 7398.500
7 54 9294.800
7 55 9173.200
7 56 9318.000
7 57 9666.900
7 58 1478.800
7 59 9899.300
7 60 2320.600
7 61 3929.200
7 62 4431.600
7 63 8371.000
7 64 9697.200
7 65 2280.100
7 66 7693.500
7 67 10963.800
7 68 8729.800
7 69 2896.300
7 70 8618.700
7 71 4875.000
7 72 3276.200
7 73 8495.500
7 74 11341.300
7 75 8041.300
7 76 3578.100
7 77 9749.200
7 78 9601.900
7 79 10134.400
7 80 6588.000
7 81 7050.300
7 82 10544.500
7 83 10809.400
7 84 3822.200
7 85 3713.600
7 86 9766.300
7 87 7468.300
7 88 7043.400
7 89 10787.100
7 90 9452.700
7 91 10459.900
7 92 9173.700
7 93 12844.500
7 94 7946.700
7 95 8664.300
7 96 12954.600
7 97 3370.200
7 98 10210.100
7 99 1779.100
7 100 9513.400
8 0 3104.100
8 1 6083.100
8 2 3853.300
8 3 6696.300
8 4 3038.700
8 5 6311.800
8 6 3687.200
8 7 4809.500
8 8 0.000
8 9 2903.200
8 10 6755.100
8 11 5453.900
8 12 10247.600
8 13 2298.900
8 14 3940.300
8 15 3402.200
8 16 5894.400
8 17 5921.800
8 18 1704.800
8 19 3760.700
8 20 3506.400
8 21 5797.100
8 22 3385.300
8 23 9389.800
8 24 6165.600
8 25 3627.600
8 26 6989.100
8 27 6601.700
8 28 9858.300
8 29 6893.900
8 30 5322.700
8 31 8370.000
8 32 5134.200
8 33 4474.100
8 34 6185.400
8 35 7789.500
8 36 5817.300
8 37 1568.500
8 38 2961.800
8 39 7789.500
8 40 6256.800
8 41 2151.100
8 42 7143.300
8 43 4403.500
8 44 4454.000
8 45 6024.100
8 46 5905.600
8 47 5816.100
8 48 4155.500
8 49 6738.700
8 50 7603.800
8 51 5118.500
8 52 5942.200
8 53 4206.100
8 54 5042.600
8 55 5847.000
8 56 5856.400
8 57 6429.600
8 58 5737.900
8 59 6974.400
8 60 6660.400
8 61 4607.300
8 62 3841.700
8 63 4553.200
8 64 6116.900
8 65 3307.000
8 66 3875.700
8 67 8597.500
8 68 6275.300
8 69 5774.700
8 70 5387.600
8 71 4285.200
8 72 4207.300
8 73 6129.200
8 74 8975.000
8 75 4804.000
8 76 5456.800
8 77 6197.500
8 78 7898.100
8 79 8430.600
8 80 2011.800
8 81 4949.000
8 82 7307.200
8 83 7884.500
8 84 7515.900
8 85 6591.900
8 86 5884.900
8 87 5537.500
8 88 4677.100
8 89 8420.800
8 90 5634.900
8 91 6879.600
8 92 5356.000
8 93 8698.000
8 94 5580.400
8 95 5457.300
8 96 9493.000
8 97 6248.600
8 98 6392.400
8 99 4489.300
8 100 5738.600
9 0 3395.000
9 1 8387.700
9 2 4805.900
9 3 3793.100
9 4 6334.200
9 5 6459.900
9 6 3978.000
9 7 6166.800
9 8 2752.600
9 9 0.000
9 10 9092.500
9 11 3967.100
9 12 7329.000
9 13 1183.500
9 14 1293.200
9 15 6074.200
9 16 8970.700
9 17 7549.800
9 18 5090.100
9 19 4051.600
9 20 967.500
9 21 5085.600
9 22 1820.300
9 23 6471.100
9 24 5950.200
9 25 3076.200
9 26 4360.500
9 27 3973.000
9 28 5440.400
9 29 9231.300
9 30 5151.900
9 31 5451.300
9 32 2505.600
9 33 3762.600
9 34 5473.900
9 35 5160.800
9 36 7174.600
9 37 3892.600
9 38 5759.700
9 39 5160.800
9 40 3353.600
9 41 5663.200
9 42 6040.100
9 43 2663.200
9 44 1957.500
9 45 5391.800
9 46 8243.000
9 47 2912.900
9 48 6460.000
9 49 3835.500
9 50 4677.600
9 51 5409.400
9 52 4063.500
9 53 1302.900
9 54 5333.500
9 55 3077.600
9 56 3227.800
9 57 3526.400
9 58 5755.500
9 59 4071.200
9 60 5948.900
9 61 6911.800
9 62 6146.200
9 63 4382.400
9 64 8454.300
9 65 4858.800
9 66 3583.400
9 67 5678.800
9 68 3371.600
9 69 4933.400
9 70 6571.900
9 71 6589.700
9 72 6511.800
9 73 3537.000
9 74 6056.300
9 75 1900.800
9 76 4328.400
9 77 3608.700
9 78 10202.600
9 79 10728.500
9 80 3049.800
9 81 2452.500
9 82 4404.000
9 83 4981.200
9 84 6804.400
9 85 4493.400
9 86 3670.700
9 87 7842.000
9 88 2084.900
9 89 5502.100
9 90 5464.100
9 91 9217.000
9 92 5080.200
9 93 6069.300
9 94 2676.700
9 95 2554.000
9 96 6864.400
9 97 5366.300
9 98 4441.400
9 99 5846.600
9 100 6029.500
10 0 6032.400
10 1 3590.300
10 2 4224.700
10 3 12295.900
10 4 3519.000
10 5 8287.000
10 6 5409.900
10 7 8483.300
10 8 6729.400
10 9 8920.000
10 10 0.000
10 11 7168.500
10 12 15386.500
10 13 8057.200
10 14 9361.400
10 15 4108.700
10 16 1432.900
10 17 2466.000
10 18 4981.200
10 19 5088.100
10 20 8555.500
10 21 10429.000
10 22 8524.200
10 23 13059.500
10 24 7100.100
10 25 6982.100
10 26 10733.900
10 27 10346.400
10 28 12606.700
10 29 3119.200
10 30 6318.500
10 31 13508.800
10 32 8879.000
10 33 9613.900
10 34 10080.100
10 35 11534.200
10 36 9491.100
10 37 6178.700
10 38 4634.200
10 39 11534.200
10 40 11397.200
10 41 4578.300
10 42 7902.200
10 43 7757.900
10 44 9810.200
10 45 7999.300
10 46 918.500
10 47 10545.200
10 48 2903.500
10 49 12210.300
10 50 12742.600
10 51 4348.000
10 52 8509.900
10 53 10171.100
10 54 4335.600
10 55 9201.500
10 56 9601.200
10 57 11272.300
10 58 9411.600
10 59 12161.400
10 60 10889.700
10 61 5725.400
10 62 4942.300
10 63 6091.600
10 64 2679.900
10 65 9355.500
10 66 7230.200
10 67 13736.300
10 68 11414.100
10 69 10829.200
10 70 2318.900
10 71 3858.500
10 72 5922.800
10 73 11268.000
10 74 14113.800
10 75 10813.800
10 76 10596.700
10 77 10083.500
10 78 3595.800
10 79 3411.300
10 80 7821.000
10 81 10088.900
10 82 12188.200
10 83 13071.400
10 84 11650.700
10 85 11646.400
10 86 8510.500
10 87 3180.900
10 88 9816.000
10 89 13559.700
10 90 6496.700
10 91 1738.500
10 92 6360.400
10 93 12442.700
10 94 10719.200
10 95 11436.800
10 96 13237.800
10 97 11303.100
10 98 8228.100
10 99 8302.400
10 100 3860.800
11 0 3228.800
11 1 8564.500
11 2 3786.000
11 3 7153.900
11 4 5314.300
11 5 2313.200
11 6 3180.700
11 7 8800.500
11 8 5386.400
11 9 4824.500
11 10 7747.400
11 11 0.000
11 12 8281.800
11 13 3723.300
11 14 4196.700
11 15 7101.900
11 16 8055.000
11 17 6204.600
11 18 5527.500
11 19 3014.900
11 20 3390.800
11 21 7718.400
11 22 5306.600
11 23 6718.000
11 24 2166.900
11 25 1915.200
11 26 4645.500
11 27 3959.200
11 28 5974.100
11 29 7886.200
11 30 1748.500
11 31 7307.100
11 32 3230.000
11 33 6395.300
11 34 8106.600
11 35 4585.200
11 36 9808.400
11 37 4329.900
11 38 4739.800
11 39 4568.700
11 40 7067.200
11 41 6933.600
11 42 3144.700
11 43 1811.200
11 44 5767.100
11 45 2025.500
11 46 6897.900
11 47 5301.300
11 48 7877.700
11 49 7196.300
11 50 8066.800
11 51 4033.500
11 52 1263.500
11 53 5016.600
11 54 3820.600
11 55 2666.800
11 56 3592.500
11 57 6028.400
11 58 8388.200
11 59 6917.500
11 60 8581.700
11 61 8842.100
11 62 8084.700
11 63 2077.900
11 64 7109.200
11 65 7491.500
11 66 1085.600
11 67 7339.700
11 68 7085.300
11 69 7696.000
11 70 5199.500
11 71 8832.700
11 72 9145.600
11 73 7195.400
11 74 7717.200
11 75 5261.600
11 76 7378.100
11 77 4829.100
11 78 10058.700
11 79 10691.000
11 80 3487.100
11 81 6262.100
11 82 6180.800
11 83 7827.500
11 84 9437.200
11 85 8513.200
11 86 1642.800
11 87 8155.100
11 88 5743.300
11 89 6543.500
11 90 2369.400
11 91 7871.900
11 92 1592.400
11 93 5810.100
11 94 6390.400
11 95 5914.900
11 96 6306.700
11 97 8169.900
11 98 1278.200
11 99 8480.300
11 100 4684.300
12 0 8429.200
12 1 13806.400
12 2 9840.000
12 3 4158.400
12 4 11368.300
12 5 8812.900
12 6 9012.200
12 7 11585.500
12 8 8371.800
12 9 6594.500
12 10 15785.500
12 11 8483.200
12 12 0.000
12 13 7646.300
12 14 6227.500
12 15 11492.900
12 16 14382.400
12 17 12583.900
12 18 10198.500
12 19 9085.700
12 20 7190.000
12 21 10487.400
12 22 7093.700
12 23 2339.700
12 24 9398.100
12 25 7701.700
12 26 4022.900
12 27 4160.000
12 28 2887.300
12 29 14265.400
12 30 9089.500
12 31 1562.600
12 32 5803.600
12 33 9164.400
12 34 10875.700
12 35 3845.700
12 36 12593.400
12 37 10026.000
12 38 10793.800
12 39 4784.700
12 40 7083.200
12 41 11081.900
12 42 8393.100
12 43 7111.800
12 44 7215.700
12 45 8422.300
12 46 15580.600
12 47 4691.900
12 48 11878.800
12 49 4242.400
12 50 3269.100
12 51 10443.500
12 52 8381.500
12 53 5487.100
12 54 10367.700
12 55 6086.300
12 56 4841.500
12 57 3333.100
12 58 11157.300
12 59 3334.600
12 60 11350.700
12 61 12330.600
12 62 11565.000
12 63 8320.000
12 64 13488.500
12 65 10260.600
12 66 7873.600
12 67 1547.500
12 68 4976.100
12 69 10465.000
12 70 11606.000
12 71 12008.500
12 72 11930.600
12 73 7314.800
12 74 984.200
12 75 4902.300
12 76 9586.600
12 77 4864.100
12 78 16369.700
12 79 16140.200
12 80 9183.200
12 81 6804.200
12 82 3260.600
12 83 2168.800
12 84 12206.200
12 85 8737.900
12 86 6827.300
12 87 13260.800
12 88 5870.300
12 89 1657.300
12 90 9401.700
12 91 14251.100
12 92 9016.300
12 93 3507.200
12 94 6405.200
12 95 4305.700
12 96 4272.200
12 97 9610.700
12 98 7636.000
12 99 11265.300
12 100 11063.600
13 0 2634.600
13 1 8165.300
13 2 4045.400
13 3 4933.500
13 4 5573.800
13 5 5407.800
13 6 3217.600
13 7 5944.400
13 8 2530.300
13 9 1140.400
13 10 8332.100
13 11 3739.200
13 12 8469.400
13 13 0.000
13 14 1641.300
13 15 5851.800
13 16 8639.700
13 17 6789.300
13 18 3906.600
13 19 3291.100
13 20 1207.500
13 21 4862.300
13 22 2381.900
13 23 7015.800
13 24 5261.600
13 25 2723.600
13 26 4690.200
13 27 4302.700
13 28 6563.000
13 29 8470.900
13 30 4418.700
13 31 6591.700
13 32 2835.300
13 33 3539.200
13 34 5250.500
13 35 5490.500
13 36 6952.300
13 37 2709.100
13 38 4999.300
13 39 5490.500
13 40 4494.000
13 41 5440.900
13 42 6280.100
13 43 2296.800
13 44 2912.900
13 45 5120.100
13 46 7482.600
13 47 4053.300
13 48 6237.700
13 49 4975.900
13 50 5818.000
13 51 4649.000
13 52 3835.600
13 53 2443.300
13 54 4573.100
13 55 3317.600
13 56 3557.500
13 57 4666.800
13 58 5532.100
13 59 5211.600
13 60 5725.600
13 61 6689.500
13 62 5923.900
13 63 3649.300
13 64 7693.900
13 65 4635.400
13 66 2971.800
13 67 6819.200
13 68 4512.000
13 69 4839.800
13 70 5811.500
13 71 6367.400
13 72 6289.500
13 73 4369.300
13 74 7196.700
13 75 3041.200
13 76 4522.000
13 77 3898.600
13 78 10643.400
13 79 10506.100
13 80 1866.300
13 81 3407.900
13 82 5544.400
13 83 6121.600
13 84 6581.100
13 85 5448.900
13 86 3910.700
13 87 7619.700
13 88 2917.200
13 89 6642.500
13 90 4730.900
13 91 8456.600
13 92 4452.000
13 93 6399.000
13 94 3817.100
13 95 3694.400
13 96 7194.100
13 97 5313.800
13 98 4352.000
13 99 5624.200
13 100 5269.000
14 0 3551.400
14 1 10065.900
14 2 4962.200
14 3 3468.200
14 4 6490.500
14 5 6373.900
14 6 4134.400
14 7 7482.800
14 8 4269.000
14 9 1530.800
14 10 9248.900
14 11 4123.500
14 12 7004.100
14 13 1708.900
14 14 0.000
14 15 7390.200
14 16 9556.400
14 17 7706.100
14 18 5615.500
14 19 4207.900
14 20 1202.100
14 21 6384.700
14 22 2983.400
14 23 5392.900
14 24 5850.400
14 25 3232.500
14 26 3067.300
14 27 2679.800
14 28 4940.100
14 29 9387.600
14 30 5053.500
14 31 5126.400
14 32 1212.400
14 33 5061.600
14 34 6772.900
14 35 3867.700
14 36 8490.600
14 37 4418.000
14 38 5916.100
14 39 3867.700
14 40 3028.700
14 41 6979.200
14 42 5954.100
14 43 2681.100
14 44 3148.600
14 45 5292.000
14 46 8399.400
14 47 2588.000
14 48 7776.000
14 49 3510.700
14 50 4352.700
14 51 5565.700
14 52 4219.900
14 53 978.100
14 54 5489.900
14 55 2050.400
14 56 1934.600
14 57 3201.500
14 58 7054.500
14 59 3746.300
14 60 7248.000
14 61 8227.900
14 62 7462.300
14 63 4284.100
14 64 8610.700
14 65 6157.800
14 66 3739.700
14 67 5353.900
14 68 3046.700
14 69 6124.500
14 70 6728.200
14 71 7905.700
14 72 7827.900
14 73 3212.100
14 74 5731.400
14 75 1575.900
14 76 5519.500
14 77 2275.700
14 78 11560.200
14 79 12037.400
14 80 3575.200
14 81 2694.000
14 82 4079.200
14 83 4656.400
14 84 8103.500
14 85 5684.500
14 86 3570.900
14 87 9656.500
14 88 1760.000
14 89 5177.200
14 90 5365.700
14 91 9373.300
14 92 4980.400
14 93 4776.200
14 94 2351.800
14 95 2229.200
14 96 5571.200
14 97 6557.400
14 98 4341.600
14 99 7162.600
14 100 6185.800
15 0 5118.700
15 1 3244.500
15 2 3311.000
15 3 8841.300
15 4 2217.000
15 5 8408.900
15 6 4496.200
15 7 4822.900
15 8 3274.700
15 9 5465.300
15 10 4458.900
15 11 7290.300
15 12 11931.800
15 13 5434.600
15 14 6701.200
15 15 0.000
15 16 3055.800
15 17 3083.200
15 18 2459.800
15 19 4730.900
15 20 6380.900
15 21 6768.600
15 22 5069.500
15 23 11073.900
15 24 8210.100
15 25 6012.900
15 26 9768.600
15 27 9381.100
15 28 11542.500
15 29 5416.000
15 30 5896.500
15 31 10054.200
15 32 7913.700
15 33 6159.300
15 34 6419.700
15 35 10568.900
15 36 5830.700
15 37 3657.300
15 38 3720.500
15 39 10568.900
15 40 7942.600
15 41 1123.600
15 42 9152.500
15 43 6788.700
15 44 6355.600
15 45 8121.200
15 46 4253.900
15 47 8379.300
15 48 1316.900
15 49 8755.600
15 50 9287.900
15 51 5458.100
15 52 8110.200
15 53 6716.400
15 54 5445.600
15 55 8491.100
15 56 8635.900
15 57 8984.800
15 58 5751.300
15 59 9217.200
15 60 7229.300
15 61 1786.000
15 62 1028.600
15 63 5139.100
15 64 4639.000
15 65 5900.800
15 66 6261.000
15 67 10281.700
15 68 7959.500
15 69 7168.800
15 70 4076.200
15 71 1472.000
15 72 2132.400
15 73 7813.400
15 74 10659.100
15 75 7359.200
15 76 7142.000
15 77 9067.000
15 78 5059.500
15 79 5592.000
15 80 4570.100
15 81 6634.200
15 82 9862.400
15 83 10127.200
15 84 7990.300
15 85 7986.100
15 86 9084.200
15 87 2698.900
15 88 6361.300
15 89 10105.000
15 90 6208.700
15 91 5401.700
15 92 6482.200
15 93 12162.400
15 94 7264.600
15 95 7982.100
15 96 12272.500
15 97 7642.700
15 98 8350.000
15 99 4847.700
15 100 4970.900
16 0 7805.900
16 1 2169.200
16 2 5094.200
16 3 10874.800
16 4 3778.100
16 5 8509.300
16 6 6356.400
16 7 7062.200
16 8 5308.300
16 9 7498.900
16 10 1433.900
16 11 7390.700
16 12 13965.400
16 13 7468.100
16 14 8734.800
16 15 2687.700
16 16 0.000
16 17 2195.400
16 18 4493.400
16 19 5310.300
16 20 8777.700
16 21 9007.900
16 22 7103.100
16 23 13107.500
16 24 7322.300
16 25 7204.300
16 26 10956.100
16 27 10568.600
16 28 12828.900
16 29 5043.900
16 30 6540.700
16 31 12087.800
16 32 9101.200
16 33 8192.800
16 34 8659.000
16 35 11756.500
16 36 8070.000
16 37 5690.900
16 38 5503.700
16 39 11756.400
16 40 9976.200
16 41 3157.200
16 42 8264.700
16 43 7980.200
16 44 8389.200
16 45 8221.600
16 46 1229.000
16 47 10767.400
16 48 1482.400
16 49 10789.200
16 50 11321.500
16 51 4570.300
16 52 8732.100
16 53 8750.000
16 54 4557.800
16 55 9423.700
16 56 9823.400
16 57 11494.500
16 58 7990.600
16 59 11250.800
16 60 9468.600
16 61 4304.400
16 62 3521.200
16 63 6313.800
16 64 4266.900
16 65 7934.400
16 66 7452.400
16 67 12315.300
16 68 9993.000
16 69 9408.100
16 70 3188.400
16 71 2437.400
16 72 4501.700
16 73 9846.900
16 74 12692.700
16 75 9392.800
16 76 9175.600
16 77 10305.700
16 78 2162.900
16 79 3157.400
16 80 6603.700
16 81 8667.800
16 82 12410.400
16 83 12160.800
16 84 10229.600
16 85 10225.400
16 86 8732.800
16 87 1759.800
16 88 8394.900
16 89 12138.600
16 90 6719.000
16 91 2940.000
16 92 6582.600
16 93 12664.900
16 94 9298.100
16 95 10015.700
16 96 13460.000
16 97 9882.000
16 98 8450.400
16 99 6881.300
16 100 4083.100
17 0 4706.600
17 1 4635.800
17 2 2898.800
17 3 11071.900
17 4 2193.100
17 5 6961.100
17 6 4084.000
17 7 8536.200
17 8 5232.500
17 9 7832.500
17 10 1904.700
17 11 5842.600
17 12 13671.400
17 13 6731.300
17 14 8035.500
17 15 3759.100
17 16 2214.100
17 17 0.000
17 18 3655.300
17 19 3762.200
17 20 7229.600
17 21 10481.900
17 22 8314.600
17 23 11733.600
17 24 5774.200
17 25 5656.200
17 26 9408.000
17 27 9020.500
17 28 11280.800
17 29 2848.500
17 30 4992.600
17 31 11988.500
17 32 7553.100
17 33 9403.300
17 34 10133.000
17 35 10208.300
17 36 9544.000
17 37 4852.800
17 38 3308.300
17 39 10208.300
17 40 10985.200
17 41 4836.900
17 42 6576.300
17 43 6432.000
17 44 9383.300
17 45 6673.400
17 46 986.200
17 47 9219.300
17 48 3949.000
17 49 11114.400
17 50 11984.800
17 51 3022.100
17 52 7184.000
17 53 8934.600
17 54 3009.700
17 55 7875.600
17 56 8275.300
17 57 9946.400
17 58 9464.600
17 59 10835.500
17 60 10942.600
17 61 5499.300
17 62 4741.900
17 63 4765.700
17 64 2071.600
17 65 9614.100
17 66 5904.300
17 67 12021.200
17 68 11003.300
17 69 10704.000
17 70 993.000
17 71 4904.000
17 72 5845.700
17 73 11058.500
17 74 12398.700
17 75 9179.600
17 76 10386.100
17 77 8757.600
17 78 4377.000
17 79 5653.300
17 80 6495.100
17 81 9878.300
17 82 10862.300
17 83 11745.500
17 84 12358.400
17 85 11521.200
17 86 7184.600
17 87 4226.400
17 88 9606.400
17 89 11224.900
17 90 5170.800
17 91 2834.300
17 92 5034.500
17 93 11116.800
17 94 10308.400
17 95 9832.900
17 96 11911.900
17 97 11177.900
17 98 6902.200
17 99 8561.000
17 100 2534.900
18 0 3011.700
18 1 5268.200
18 2 2276.700
18 3 7803.900
18 4 1462.200
18 5 7184.700
18 6 2891.300
18 7 4197.100
18 8 1705.400
18 9 4428.000
18 10 5178.600
18 11 5685.400
18 12 10894.500
18 13 3976.400
18 14 5456.900
18 15 2511.500
18 16 5383.400
18 17 4523.900
18 18 0.000
18 19 3126.000
18 20 4651.000
18 21 6142.700
18 22 4032.200
18 23 10036.600
18 24 7038.400
18 25 4500.500
18 26 7004.300
18 27 6616.900
18 28 8877.100
18 29 5317.300
18 30 4291.600
18 31 9016.900
18 32 5149.400
18 33 5121.900
18 34 5793.800
18 35 7804.700
18 36 5204.900
18 37 1197.500
18 38 1385.200
18 39 7804.700
18 40 6905.300
18 41 1336.200
18 42 8016.200
18 43 4329.700
18 44 5318.300
18 45 6897.000
18 46 4329.100
18 47 6660.600
18 48 3340.500
18 49 7718.300
18 50 8250.600
18 51 5198.500
18 52 5868.500
18 53 5679.100
18 54 5186.100
18 55 5487.900
18 56 5871.600
18 57 7387.700
18 58 5125.400
18 59 8179.900
18 60 6603.500
18 61 3792.400
18 62 3026.800
18 63 3534.200
18 64 4540.400
18 65 4930.000
18 66 4748.600
18 67 9244.400
18 68 6922.100
18 69 6543.000
18 70 3811.100
18 71 3470.200
18 72 3392.400
18 73 6776.100
18 74 9621.800
18 75 6321.900
18 76 6104.700
18 77 6223.200
18 78 7387.100
18 79 8122.100
18 80 2295.900
18 81 5596.900
18 82 8458.700
18 83 9089.900
18 84 7364.500
18 85 7360.200
18 86 6081.000
18 87 4722.500
18 88 5324.000
18 89 9067.700
18 90 4603.800
18 91 5303.100
18 92 4877.300
18 93 8713.200
18 94 6227.200
18 95 6944.800
18 96 9508.300
18 97 7016.900
18 98 6384.800
18 99 3876.900
18 100 4711.400
19 0 2495.400
19 1 5921.800
19 2 1873.900
19 3 7309.600
19 4 2800.000
19 5 4273.300
19 6 1046.100
19 7 8046.200
19 8 4632.100
19 9 4070.200
19 10 5104.800
19 11 3154.700
19 12 9909.000
19 13 2969.000
19 14 4273.200
19 15 5045.200
19 16 5412.300
19 17 3562.000
19 18 4262.200
19 19 0.000
19 20 3467.200
19 21 6964.000
19 22 4552.300
19 23 7971.300
19 24 4127.000
19 25 1893.800
19 26 5645.700
19 27 5258.200
19 28 7518.500
19 29 5243.500
19 30 1760.900
19 31 8226.200
19 32 3790.800
19 33 5641.000
19 34 7352.300
19 35 6446.000
19 36 9054.000
19 37 3575.600
19 38 2827.800
19 39 6446.000
19 40 7222.900
19 41 6123.000
19 42 5104.800
19 43 2669.700
19 44 5621.000
19 45 3985.600
19 46 4255.300
19 47 5457.000
19 48 5235.000
19 49 7352.000
19 50 8222.500
19 51 1421.600
19 52 4208.500
19 53 5172.300
19 54 1345.800
19 55 3819.300
19 56 4513.000
19 57 6184.100
19 58 7633.900
19 59 7073.200
19 60 7827.400
19 61 6785.400
19 62 6028.000
19 63 1003.500
19 64 4466.600
19 65 6737.200
19 66 2142.000
19 67 8258.900
19 68 7240.900
19 69 6941.600
19 70 2584.200
19 71 6190.000
19 72 7131.700
19 73 7296.100
19 74 8636.300
19 75 5417.300
19 76 6623.800
19 77 4995.200
19 78 7416.100
19 79 8048.300
19 80 2732.800
19 81 6116.000
19 82 7100.000
19 83 7983.200
19 84 8682.800
19 85 7758.900
19 86 4496.700
19 87 5512.400
19 88 5844.100
19 89 7462.600
19 90 2073.100
19 91 5229.300
19 92 2346.600
19 93 7354.500
19 94 6546.000
19 95 6070.500
19 96 8149.600
19 97 7415.600
19 98 4214.300
19 99 7726.000
19 100 2041.700
20 0 3165.400
20 1 9245.900
20 2 4576.200
20 3 4388.400
20 4 6104.500
20 5 6636.900
20 6 3748.400
20 7 7025.000
20 8 3672.300
20 9 1051.400
20 10 8862.900
20 11 3737.500
20 12 7924.200
20 13 1229.500
20 14 920.100
20 15 6932.400
20 16 9170.400
20 17 7320.100
20 18 5136.100
20 19 3821.900
20 20 0.000
20 21 5926.800
20 22 2526.900
20 23 5655.900
20 24 5720.600
20 25 2846.500
20 26 3330.300
20 27 2942.900
20 28 5203.100
20 29 9001.700
20 30 4922.300
20 31 6046.500
20 32 1475.400
20 33 4603.800
20 34 6315.100
20 35 4130.700
20 36 8032.800
20 37 3938.600
20 38 5530.100
20 39 4130.700
20 40 3948.800
20 41 6521.400
20 42 6217.100
20 43 2433.500
20 44 2669.200
20 45 5162.100
20 46 8013.400
20 47 2920.500
20 48 7318.200
20 49 4430.800
20 50 5272.900
20 51 5179.700
20 52 3833.900
20 53 1898.200
20 54 5103.900
20 55 2313.400
20 56 2197.600
20 57 3647.700
20 58 6596.700
20 59 4536.800
20 60 6790.200
20 61 7770.000
20 62 7004.400
20 63 4152.800
20 64 8224.700
20 65 5700.000
20 66 3353.800
20 67 6274.000
20 68 3966.900
20 69 5645.200
20 70 6342.300
20 71 7447.900
20 72 7370.000
20 73 4097.500
20 74 6651.500
20 75 2496.000
20 76 5040.100
20 77 2538.700
20 78 11174.200
20 79 11586.700
20 80 3095.800
20 81 3164.200
20 82 4525.300
20 83 5446.800
20 84 7645.600
20 85 5205.200
20 86 3441.100
20 87 8700.200
20 88 2645.400
20 89 5147.300
20 90 5234.500
20 91 8987.400
20 92 4850.600
20 93 5039.200
20 94 3272.000
20 95 3149.300
20 96 5834.300
20 97 6078.000
20 98 4211.800
20 99 6704.800
20 100 5799.800
21 0 5989.600
21 1 9850.600
21 2 7400.500
21 3 6444.000
21 4 7570.200
21 5 8762.900
21 6 6572.700
21 7 2447.200
21 8 4410.000
21 9 4780.700
21 10 10935.700
21 11 7904.900
21 12 11247.300
21 13 4750.000
21 14 6016.700
21 15 7407.900
21 16 9532.600
21 17 9560.000
21 18 6236.200
21 19 6646.200
21 20 5696.400
21 21 0.000
21 22 4187.500
21 23 10389.400
21 24 8616.600
21 25 6078.700
21 26 9084.000
21 27 8696.500
21 28 10857.900
21 29 11825.900
21 30 7773.800
21 31 9369.600
21 32 7229.100
21 33 1904.700
21 34 1895.600
21 35 9884.300
21 36 3455.000
21 37 6064.200
21 38 7493.300
21 39 9884.300
21 40 7258.000
21 41 6698.900
21 42 9594.400
21 43 6854.600
21 44 3087.100
21 45 8475.200
21 46 10730.800
21 47 7694.700
21 48 7793.700
21 49 7092.300
21 50 8561.700
21 51 8004.000
21 52 8393.300
21 53 6031.800
21 54 7928.100
21 55 7806.500
21 56 7951.300
21 57 8395.600
21 58 1319.500
21 59 8491.000
21 60 1173.500
21 61 5863.600
21 62 6366.000
21 63 7004.300
21 64 11048.900
21 65 2938.000
21 66 6326.800
21 67 9597.100
21 68 6574.700
21 69 741.200
21 70 9166.500
21 71 6809.400
21 72 5210.600
21 73 7128.800
21 74 9974.600
21 75 6674.600
21 76 1423.000
21 77 8382.500
21 78 11536.300
21 79 12165.000
21 80 5221.400
21 81 4895.100
21 82 9273.300
21 83 9486.700
21 84 1934.400
21 85 1558.400
21 86 8399.600
21 87 9402.700
21 88 5676.700
21 89 9420.400
21 90 8086.000
21 91 11811.600
21 92 7807.100
21 93 11477.900
21 94 5067.800
21 95 7290.100
21 96 11587.900
21 97 1215.100
21 98 8843.400
21 99 3713.500
21 100 8624.100
22 0 4573.000
22 1 8407.500
22 2 5983.900
22 3 5395.300
22 4 7512.200
22 5 7346.300
22 6 5156.000
22 7 5219.300
22 8 2993.300
22 9 2130.800
22 10 10393.700
22 11 5955.100
22 12 8493.300
22 13 3182.600
22 14 3255.300
22 15 6094.000
22 16 8990.600
22 17 8246.200
22 18 4799.600
22 19 5229.600
22 20 2955.400
22 21 3421.700
22 22 0.000
22 23 7635.400
22 24 7200.000
22 25 4662.100
22 26 6322.600
22 27 5935.100
22 28 8104.000
22 29 10409.300
22 30 6357.200
22 31 6615.600
22 32 4467.700
22 33 2098.700
22 34 3810.000
22 35 7122.900
22 36 6227.200
22 37 4647.600
22 38 6937.700
22 39 7122.900
22 40 4486.300
22 41 5683.000
22 42 8028.100
22 43 4651.100
22 44 1122.300
22 45 7058.600
22 46 10188.800
22 47 4900.900
22 48 6479.900
22 49 5309.600
22 50 5842.000
22 51 6587.400
22 52 6051.500
22 53 3290.900
22 54 6511.500
22 55 5065.600
22 56 5189.900
22 57 5514.400
22 58 4091.600
22 59 5771.200
22 60 4285.000
22 61 6931.700
22 62 6166.100
22 63 5587.700
22 64 9632.300
22 65 3194.900
22 66 4910.200
22 67 6843.100
22 68 4503.200
22 69 3399.300
22 70 7749.900
22 71 6609.600
22 72 6531.700
22 73 3984.500
22 74 7220.600
22 75 3888.800
22 76 3081.400
22 77 5596.600
22 78 10222.500
22 79 10748.300
22 80 3804.700
22 81 1617.400
22 82 6392.000
22 83 6681.300
22 84 5140.500
22 85 3658.300
22 86 5658.700
22 87 7861.900
22 88 1720.000
22 89 6666.500
22 90 6669.400
22 91 10395.000
22 92 6390.500
22 93 8031.400
22 94 3150.600
22 95 4542.000
22 96 8826.500
22 97 3873.200
22 98 6429.400
22 99 6485.600
22 100 7207.500
23 0 7265.600
23 1 14205.400
23 2 8676.500
23 3 4557.400
23 4 10204.800
23 5 7191.000
23 6 7848.700
23 7 11984.500
23 8 8770.800
23 9 6993.500
23 10 12963.100
23 11 6548.400
23 12 1883.700
23 13 6767.900
23 14 5133.000
23 15 11891.900
23 16 14781.400
23 17 11420.400
23 18 9841.900
23 19 7922.200
23 20 6148.200
23 21 10886.400
23 22 7492.700
23 23 0.000
23 24 7776.200
23 25 6538.200
23 26 3006.800
23 27 2996.500
23 28 867.500
23 29 13101.900
23 30 7905.200
23 31 1961.600
23 32 4640.100
23 33 9563.400
23 34 11274.700
23 35 2223.800
23 36 12992.300
23 37 8644.400
23 38 9630.300
23 39 3162.800
23 40 7482.200
23 41 11480.900
23 42 6771.200
23 43 5948.200
23 44 7614.600
23 45 6800.400
23 46 12113.600
23 47 3689.600
23 48 12277.800
23 49 4641.400
23 50 3668.100
23 51 9280.000
23 52 6797.300
23 53 4737.300
23 54 9204.100
23 55 4922.800
23 56 3678.000
23 57 2330.800
23 58 11556.300
23 59 2971.500
23 60 11749.700
23 61 12729.600
23 62 11964.000
23 63 7156.500
23 64 12325.000
23 65 10659.600
23 66 6710.100
23 67 1946.400
23 68 5375.100
23 69 10864.000
23 70 10442.500
23 71 12407.400
23 72 12329.600
23 73 7713.800
23 74 2371.800
23 75 3963.200
23 76 9985.600
23 77 3700.500
23 78 16768.700
23 79 16539.200
23 80 7801.600
23 81 7203.200
23 82 2117.300
23 83 3321.900
23 84 12605.200
23 85 10150.600
23 86 5205.400
23 87 13659.800
23 88 6269.300
23 89 1750.700
23 90 7858.500
23 91 13087.600
23 92 7081.500
23 93 1506.500
23 94 6804.200
23 95 3309.000
23 96 1994.900
23 97 11023.400
23 98 6014.100
23 99 11664.300
23 100 9900.100
24 0 4387.400
24 1 7409.100
24 2 4522.300
24 3 8892.500
24 4 4834.000
24 5 2424.500
24 6 3917.000
24 7 9959.100
24 8 6545.000
24 9 5983.100
24 10 6592.000
24 11 1482.400
24 12 9871.600
24 13 4881.800
24 14 6052.900
24 15 6532.500
24 16 6899.600
24 17 5049.300
24 18 6296.200
24 19 3377.100
24 20 5246.900
24 21 8876.900
24 22 6465.200
24 23 7860.800
24 24 0.000
24 25 3073.700
24 26 5608.200
24 27 5697.700
24 28 7116.900
24 29 6730.800
24 30 2434.100
24 31 8188.800
24 32 4968.600
24 33 7553.900
24 34 9265.200
24 35 5727.900
24 36 10966.900
24 37 5488.500
24 38 5949.200
24 39 5711.500
24 40 8805.800
24 41 7610.200
24 42 1479.600
24 43 3325.100
24 44 7623.200
24 45 2136.800
24 46 5742.500
24 47 7039.800
24 48 6722.300
24 49 8934.900
24 50 9805.300
24 51 2878.100
24 52 2777.300
24 53 6755.100
24 54 2665.300
24 55 4405.400
24 56 5331.100
24 57 7767.000
24 58 9546.800
24 59 8656.100
24 60 9740.300
24 61 8272.600
24 62 7515.200
24 63 3236.500
24 64 5953.900
24 65 8650.100
24 66 2244.200
24 67 8221.400
24 68 8823.800
24 69 8854.500
24 70 4044.100
24 71 7677.300
24 72 8619.000
24 73 9209.000
24 74 8598.900
24 75 7000.200
24 76 8536.700
24 77 6567.700
24 78 8903.300
24 79 9535.600
24 80 4645.700
24 81 8118.200
24 82 7062.500
24 83 9566.100
24 84 10595.700
24 85 9671.800
24 86 2778.000
24 87 6999.700
24 88 7757.000
24 89 7425.200
24 90 2792.500
24 91 6716.500
24 92 2015.500
24 93 6952.900
24 94 8128.900
24 95 7653.400
24 96 7449.500
24 97 9328.500
24 98 2420.900
24 99 9638.900
24 100 3529.000
25 0 1867.900
25 1 8382.500
25 2 3278.800
25 3 6359.700
25 4 4807.100
25 5 3319.800
25 6 2450.900
25 7 7439.600
25 8 4025.500
25 9 3463.600
25 10 7565.400
25 11 2380.200
25 12 8644.300
25 13 2362.400
25 14 3323.300
25 15 6594.700
25 16 7873.000
25 17 6022.700
25 18 4166.600
25 19 2524.500
25 20 2517.400
25 21 6357.500
25 22 3945.700
25 23 6706.500
25 24 3173.500
25 25 0.000
25 26 4380.900
25 27 3613.600
25 28 6253.700
25 29 7704.200
25 30 2330.700
25 31 6961.500
25 32 2840.900
25 33 5034.400
25 34 6745.700
25 35 5075.200
25 36 8447.500
25 37 2969.100
25 38 4232.600
25 39 5058.800
25 40 6273.000
25 41 5572.700
25 42 4151.300
25 43 937.800
25 44 4893.700
25 45 3032.100
25 46 6715.900
25 47 4507.100
25 48 7695.700
25 49 6402.200
25 50 7272.600
25 51 3882.300
25 52 2476.600
25 53 4222.400
25 54 3806.400
25 55 2321.300
25 56 3247.000
25 57 5234.200
25 58 7027.400
25 59 6123.300
25 60 7220.800
25 61 8184.700
25 62 7419.100
25 63 1561.200
25 64 6927.200
25 65 6130.600
25 66 883.700
25 67 6994.100
25 68 6291.100
25 69 6335.100
25 70 5044.800
25 71 8650.700
25 72 7784.700
25 73 6689.600
25 74 7371.600
25 75 4467.400
25 76 6017.200
25 77 4045.400
25 78 9876.700
25 79 10509.000
25 80 2126.200
25 81 5388.700
25 82 5835.300
25 83 7033.300
25 84 8076.300
25 85 7152.300
25 86 2860.400
25 87 7973.100
25 88 5237.500
25 89 6197.900
25 90 2642.900
25 91 7689.900
25 92 2363.900
25 93 6089.800
25 94 5596.200
25 95 5120.700
25 96 6586.300
25 97 6809.000
25 98 2992.900
25 99 7119.400
25 100 4502.400
26 0 5662.000
26 1 12176.500
26 2 7072.800
26 3 4721.100
26 4 8601.100
26 5 5041.400
26 6 6245.000
26 7 11098.100
26 8 7884.400
26 9 5163.100
26 10 11359.400
26 11 4398.800
26 12 4602.400
26 13 5341.200
26 14 3706.300
26 15 10388.800
26 16 11667.000
26 17 9816.700
26 18 8238.200
26 19 6318.500
26 20 4544.500
26 21 10000.000
26 22 6598.800
26 23 2664.600
26 24 5626.600
26 25 4934.500
26 26 0.000
26 27 1392.800
26 28 2211.800
26 29 11498.200
26 30 5755.600
26 31 2919.600
26 32 3036.400
26 33 8677.000
26 34 10388.300
26 35 823.200
26 36 12106.000
26 37 7040.700
26 38 8026.600
26 39 1013.200
26 40 6661.000
26 41 9644.400
26 42 4621.600
26 43 4344.500
26 44 6707.700
26 45 4650.800
26 46 10510.000
26 47 3073.700
26 48 11489.700
26 49 4763.500
26 50 4626.100
26 51 7676.300
26 52 4647.700
26 53 4024.600
26 54 7600.400
26 55 3319.100
26 56 2074.300
26 57 2387.000
26 58 10669.900
26 59 3376.800
26 60 10863.300
26 61 11843.200
26 62 11077.600
26 63 5552.800
26 64 10721.300
26 65 9773.200
26 66 5160.600
26 67 2952.200
26 68 5538.900
26 69 9683.600
26 70 8838.800
26 71 12444.700
26 72 11443.200
26 73 6827.500
26 74 3329.700
26 75 3347.300
26 76 9078.600
26 77 2096.900
26 78 13670.800
26 79 14303.000
26 80 6197.900
26 81 6309.300
26 82 1793.300
26 83 4286.800
26 84 11718.800
26 85 9243.600
26 86 3055.800
26 87 11767.100
26 88 5375.400
26 89 2156.000
26 90 5708.900
26 91 11483.900
26 92 4931.900
26 93 2047.800
26 94 5984.100
26 95 3482.000
26 96 2544.400
26 97 10116.500
26 98 3864.500
26 99 10777.900
26 100 8296.400
27 0 4732.300
27 1 11246.800
27 2 6143.100
27 3 4537.700
27 4 7671.400
27 5 4630.000
27 6 5315.300
27 7 10185.400
27 8 6971.600
27 9 4233.400
27 10 10429.700
27 11 3987.400
27 12 5030.700
27 13 4411.500
27 14 2776.600
27 15 9459.100
27 16 10737.300
27 17 8887.000
27 18 7308.500
27 19 5388.800
27 20 3615.700
27 21 9087.300
27 22 5686.000
27 23 3093.000
27 24 5215.200
27 25 3659.800
27 26 767.300
27 27 0.000
27 28 2640.100
27 29 10568.500
27 30 5047.600
27 31 3347.900
27 32 1873.500
27 33 7764.200
27 34 9475.500
27 35 1500.400
27 36 11193.200
27 37 6111.000
27 38 7096.900
27 39 1500.400
27 40 5731.300
27 41 8714.700
27 42 4210.300
27 43 3069.900
27 44 5851.200
27 45 4239.500
27 46 9580.300
27 47 2714.700
27 48 10560.000
27 49 4580.100
27 50 5054.400
27 51 6746.600
27 52 4236.300
27 53 3665.600
27 54 6670.700
27 55 2044.400
27 56 1715.300
27 57 2815.300
27 58 9757.200
27 59 3805.100
27 60 9950.600
27 61 10930.500
27 62 10164.900
27 63 4278.100
27 64 9791.600
27 65 8860.400
27 66 3831.700
27 67 3380.600
27 68 5749.300
27 69 8827.100
27 70 7909.100
27 71 11515.000
27 72 10530.500
27 73 5914.700
27 74 3758.000
27 75 2988.300
27 76 8222.100
27 77 1737.800
27 78 12741.100
27 79 13373.300
27 80 5268.200
27 81 5396.600
27 82 2221.700
27 83 4715.100
27 84 10806.100
27 85 8387.200
27 86 2644.400
27 87 10837.400
27 88 4462.600
27 89 2584.300
27 90 5359.800
27 91 10554.200
27 92 4520.600
27 93 2476.200
27 94 5054.400
27 95 3298.600
27 96 2972.700
27 97 9260.000
27 98 3453.100
27 99 9865.200
27 100 7366.700
28 0 7040.400
28 1 13555.000
28 2 8451.300
28 3 4271.600
28 4 9979.600
28 5 6416.900
28 6 7623.400
28 7 12260.800
28 8 9047.100
28 9 5732.500
28 10 12737.900
28 11 5774.300
28 12 2431.300
28 13 6719.600
28 14 5084.700
28 15 12168.200
28 16 13045.500
28 17 11195.100
28 18 9616.600
28 19 7696.900
28 20 5923.000
28 21 11162.700
28 22 7769.000
28 23 867.500
28 24 7002.100
28 25 6313.000
28 26 2232.600
28 27 2771.200
28 28 0.000
28 29 12876.700
28 30 7131.100
28 31 2237.900
28 32 4414.900
28 33 9839.700
28 34 11551.000
28 35 1449.600
28 36 13268.600
28 37 8419.100
28 38 9405.100
28 39 2388.700
28 40 6564.300
28 41 11757.200
28 42 5997.100
28 43 5723.000
28 44 7890.900
28 45 6026.300
28 46 11888.400
28 47 3413.200
28 48 12554.100
28 49 4314.100
28 50 3944.400
28 51 9054.800
28 52 6023.100
28 53 4460.900
28 54 8978.900
28 55 4697.500
28 56 3452.800
28 57 2054.400
28 58 11832.600
28 59 2695.100
28 60 12026.000
28 61 13005.900
28 62 12240.300
28 63 6931.200
28 64 12099.700
28 65 10935.800
28 66 6536.100
28 67 2270.600
28 68 5089.400
28 69 11140.300
28 70 10217.300
28 71 12683.700
28 72 12605.900
28 73 7990.100
28 74 2648.000
28 75 3686.800
28 76 10261.900
28 77 3475.300
28 78 15049.200
28 79 16815.500
28 80 7576.300
28 81 7479.500
28 82 1571.200
28 83 3605.100
28 84 12881.500
28 85 9241.400
28 86 4431.300
28 87 13145.600
28 88 6545.600
28 89 1474.300
28 90 7084.300
28 91 12862.400
28 92 6307.400
28 93 619.900
28 94 5886.800
28 95 3032.600
28 96 1342.800
28 97 10114.300
28 98 5240.000
28 99 11940.600
28 100 9674.800
29 0 5647.800
29 1 5938.200
29 2 4201.300
29 3 10462.000
29 4 3495.600
29 5 6329.800
29 6 4198.300
29 7 9838.700
29 8 6534.900
29 9 7222.500
29 10 4042.300
29 11 5211.200
29 12 13061.400
29 13 6121.300
29 14 7425.600
29 15 5061.600
29 16 4420.800
29 17 3578.400
29 18 4957.700
29 19 3152.200
29 20 6619.600
29 21 10116.400
29 22 7704.600
29 23 11123.600
29 24 5034.600
29 25 5046.200
29 26 8798.000
29 27 8410.500
29 28 10670.800
29 29 0.000
29 30 3915.700
29 31 11378.600
29 32 6943.100
29 33 8793.400
29 34 10504.700
29 35 9598.300
29 36 10846.500
29 37 6155.300
29 38 4610.800
29 39 9598.300
29 40 10375.300
29 41 6139.400
29 42 5626.900
29 43 5822.100
29 44 8773.300
29 45 6042.100
29 46 3192.800
29 47 8609.300
29 48 5251.400
29 49 10504.400
29 50 11374.800
29 51 2600.600
29 52 6552.600
29 53 8324.600
29 54 2378.300
29 55 7265.600
29 56 7665.300
29 57 9336.400
29 58 10767.000
29 59 10225.500
29 60 10979.700
29 61 6801.800
29 62 6044.400
29 63 4155.700
29 64 3404.100
29 65 9889.600
29 66 5294.300
29 67 11411.200
29 68 10393.300
29 69 10094.000
29 70 2295.500
29 71 6206.400
29 72 7148.100
29 73 10448.500
29 74 11788.700
29 75 8569.700
29 76 9776.100
29 77 8147.600
29 78 7432.500
29 79 6985.800
29 80 5885.200
29 81 9268.300
29 82 10252.300
29 83 11135.600
29 84 11835.200
29 85 10911.200
29 86 6553.200
29 87 5528.800
29 88 8996.400
29 89 10615.000
29 90 4539.500
29 91 4166.800
29 92 4403.100
29 93 10506.800
29 94 9698.400
29 95 9222.900
29 96 11301.900
29 97 10567.900
29 98 6270.900
29 99 9863.500
29 100 3251.400
30 0 2317.200
30 1 7177.400
30 2 2088.100
30 3 7637.300
30 4 3616.400
30 5 3040.600
30 6 1482.800
30 7 8678.400
30 8 5264.200
30 9 4702.300
30 10 6360.300
30 11 1961.800
30 12 9473.200
30 13 3601.100
30 14 4797.700
30 15 5404.100
30 16 6667.900
30 17 4817.600
30 18 5078.600
30 19 1317.000
30 20 3991.700
30 21 7596.200
30 22 5184.400
30 23 7535.500
30 24 2894.400
30 25 1793.000
30 26 5209.900
30 27 4442.500
30 28 7082.700
30 29 6499.100
30 30 0.000
30 31 7790.400
30 32 3713.400
30 33 6273.200
30 34 7984.500
30 35 5904.200
30 36 9686.200
30 37 4207.800
30 38 3042.000
30 39 5887.700
30 40 7550.600
30 41 6481.900
30 42 3872.100
30 43 2446.500
30 44 6368.000
30 45 2752.900
30 46 5510.800
30 47 5784.600
30 48 6490.600
30 49 7679.700
30 50 8550.100
30 51 2677.200
30 52 3305.500
30 53 5499.900
30 54 2601.300
30 55 3150.200
30 56 4075.900
30 57 6511.700
30 58 8266.100
30 59 7400.800
30 60 8459.500
30 61 7144.200
30 62 6386.800
30 63 867.600
30 64 5722.200
30 65 7369.400
30 66 1407.100
30 67 7823.100
30 68 7568.600
30 69 7573.800
30 70 3839.700
30 71 6830.300
30 72 7490.600
30 73 7928.300
30 74 8200.600
30 75 5745.000
30 76 7255.900
30 77 5312.500
30 78 8671.600
30 79 9303.900
30 80 3365.000
30 81 6863.000
30 82 6664.200
30 83 8310.900
30 84 9315.000
30 85 8391.100
30 86 3303.800
30 87 6768.000
30 88 6476.200
30 89 7026.800
30 90 1341.300
30 91 6484.800
30 92 1153.600
30 93 6918.700
30 94 6873.700
30 95 6398.200
30 96 7415.300
30 97 8047.700
30 98 3021.400
30 99 8358.200
30 100 3297.300
31 0 7534.300
31 1 12464.200
31 2 8945.200
31 3 2816.200
31 4 10190.300
31 5 7918.100
31 6 8117.400
31 7 10243.300
31 8 7029.600
31 9 5252.300
31 10 14443.300
31 11 7588.400
31 12 2334.000
31 13 6304.200
31 14 4885.300
31 15 10150.700
31 16 13040.200
31 17 12302.900
31 18 8856.300
31 19 8190.900
31 20 5847.800
31 21 9145.200
31 22 5751.500
31 23 1731.400
31 24 8503.300
31 25 6806.900
31 26 3128.100
31 27 3265.200
31 28 2253.300
31 29 13370.600
31 30 8194.600
31 31 0.000
31 32 4908.800
31 33 7822.200
31 34 9533.500
31 35 2950.900
31 36 11251.200
31 37 8683.800
31 38 9899.000
31 39 3889.900
31 40 5741.100
31 41 9739.800
31 42 7498.300
31 43 6216.900
31 44 5873.500
31 45 7527.500
31 46 14238.400
31 47 3797.100
31 48 10536.600
31 49 2900.200
31 50 1927.000
31 51 9548.700
31 52 7486.700
31 53 4145.000
31 54 9472.800
31 55 5191.500
31 56 3946.700
31 57 2438.300
31 58 9815.100
31 59 1537.500
31 60 10008.600
31 61 10988.400
31 62 10222.800
31 63 7425.200
31 64 12593.700
31 65 8918.400
31 66 6978.800
31 67 939.200
31 68 3634.000
31 69 9122.800
31 70 10711.200
31 71 10666.300
31 72 10588.400
31 73 5972.700
31 74 1061.300
31 75 3560.100
31 76 8244.400
31 77 3969.200
31 78 15027.500
31 79 14798.000
31 80 7841.000
31 81 5462.100
31 82 2365.700
31 83 1180.700
31 84 10864.000
31 85 8409.400
31 86 5932.500
31 87 11918.600
31 88 4528.100
31 89 762.500
31 90 8506.800
31 91 13356.300
31 92 8121.500
31 93 2873.200
31 94 5063.100
31 95 2963.500
31 96 3712.800
31 97 9282.300
31 98 6741.200
31 99 9923.100
31 100 10168.800
32 0 3585.800
32 1 10100.400
32 2 4996.700
32 3 3834.300
32 4 6525.000
32 5 6267.000
32 6 4168.900
32 7 9039.000
32 8 5825.200
32 9 3087.000
32 10 9283.300
32 11 4157.900
32 12 6287.800
32 13 3265.100
32 14 1630.200
32 15 8312.700
32 16 9590.900
32 17 7740.600
32 18 6162.100
32 19 4242.400
32 20 2468.400
32 21 7940.900
32 22 4539.600
32 23 4350.100
32 24 6852.200
32 25 3267.000
32 26 2024.500
32 27 1637.000
32 28 3897.300
32 29 9422.100
32 30 5090.400
32 31 4605.000
32 32 0.000
32 33 6617.800
32 34 8329.100
32 35 2824.800
32 36 10046.800
32 37 4964.600
32 38 5950.500
32 39 2824.800
32 40 4584.900
32 41 7568.300
32 42 5847.200
32 43 2715.600
32 44 4704.800
32 45 5876.400
32 46 8433.800
32 47 2011.300
32 48 9413.600
32 49 3876.700
32 50 4751.400
32 51 5600.200
32 52 4254.300
32 53 2220.100
32 54 5524.300
32 55 2087.300
32 56 891.800
32 57 2668.500
32 58 8610.700
32 59 3557.600
32 60 8804.200
32 61 9784.100
32 62 9018.500
32 63 4321.000
32 64 8645.200
32 65 7714.000
32 66 3774.200
32 67 4637.700
32 68 4602.900
32 69 7680.700
32 70 6762.700
32 71 10368.600
32 72 9384.100
32 73 4768.300
32 74 5015.200
32 75 2305.900
32 76 7075.700
32 77 1374.100
32 78 11594.600
32 79 12226.900
32 80 4121.800
32 81 4250.200
32 82 3478.800
32 83 4467.600
32 84 9659.700
32 85 7240.700
32 86 3607.800
32 87 9691.000
32 88 3316.200
32 89 3841.400
32 90 5402.600
32 91 9407.800
32 92 5017.300
32 93 3733.300
32 94 3908.000
32 95 2595.200
32 96 4528.400
32 97 8113.600
32 98 4378.500
32 99 8718.800
32 100 6220.300
33 0 5046.700
33 1 8881.200
33 2 6457.600
33 3 6967.000
33 4 7985.900
33 5 7820.000
33 6 5629.700
33 7 3754.100
33 8 3467.000
33 9 3837.800
33 10 10867.400
33 11 6962.000
33 12 10304.400
33 13 3807.100
33 14 5073.800
33 15 6567.700
33 16 9464.300
33 17 8719.900
33 18 5273.300
33 19 5703.300
33 20 4753.500
33 21 1956.500
33 22 3244.600
33 23 9446.500
33 24 7673.700
33 25 5135.800
33 26 8141.100
33 27 7753.600
33 28 9915.000
33 29 10883.000
33 30 6830.900
33 31 8426.700
33 32 6286.200
33 33 0.000
33 34 2823.800
33 35 8941.400
33 36 4761.900
33 37 5121.300
33 38 7411.400
33 39 8941.400
33 40 6315.100
33 41 6156.800
33 42 8651.500
33 43 5911.700
33 44 2551.800
33 45 7532.300
33 46 10662.500
33 47 6751.800
33 48 6953.600
33 49 7128.100
33 50 7660.500
33 51 7061.100
33 52 7450.400
33 53 5088.900
33 54 6985.200
33 55 6863.600
33 56 7008.400
33 57 7357.300
33 58 2626.400
33 59 7589.800
33 60 2819.800
33 61 7170.400
33 62 6639.800
33 63 6061.400
33 64 10106.000
33 65 1995.100
33 66 5383.900
33 67 8654.200
33 68 6332.000
33 69 1934.100
33 70 8223.600
33 71 7083.300
33 72 6517.400
33 73 6185.900
33 74 9031.700
33 75 5731.700
33 76 1078.300
33 77 7439.600
33 78 10696.200
33 79 11222.000
33 80 4278.400
33 81 4359.800
33 82 8234.900
33 83 8499.800
33 84 3675.300
33 85 2751.300
33 86 7456.700
33 87 8335.600
33 88 4733.800
33 89 8477.500
33 90 7143.100
33 91 10868.700
33 92 6864.200
33 93 10534.900
33 94 4532.500
33 95 6354.700
33 96 10645.000
33 97 2408.000
33 98 7900.500
33 99 5020.300
33 100 7681.200
34 0 5968.500
34 1 9403.300
34 2 7379.400
34 3 7692.200
34 4 7122.900
34 5 8741.700
34 6 6551.500
34 7 1999.800
34 8 4388.800
34 9 4759.600
34 10 10488.300
34 11 7883.800
34 12 11226.100
34 13 4728.900
34 14 5995.600
34 15 6960.500
34 16 9085.200
34 17 9112.700
34 18 5788.900
34 19 6625.000
34 20 5675.300
34 21 1589.100
34 22 4166.400
34 23 10368.300
34 24 8595.500
34 25 6057.600
34 26 9062.900
34 27 8675.400
34 28 10836.800
34 29 11804.800
34 30 7752.700
34 31 9348.500
34 32 7208.000
34 33 1883.600
34 34 0.000
34 35 9863.200
34 36 3007.700
34 37 6043.000
34 38 8333.200
34 39 9863.200
34 40 7236.900
34 41 6251.500
34 42 9573.300
34 43 6833.400
34 44 3654.500
34 45 8454.100
34 46 10283.400
34 47 7673.600
34 48 7346.400
34 49 8049.900
34 50 8582.300
34 51 7982.900
34 52 8372.200
34 53 6010.700
34 54 7907.000
34 55 7785.400
34 56 7930.200
34 57 8279.100
34 58 912.600
34 59 8511.500
34 60 2049.900
34 61 5416.200
34 62 5918.600
34 63 6983.200
34 64 11027.800
34 65 1354.700
34 66 6305.700
34 67 9576.000
34 68 7253.800
34 69 1989.400
34 70 9145.400
34 71 6362.000
34 72 4763.200
34 73 7107.700
34 74 9953.500
34 75 6653.500
34 76 2181.100
34 77 8361.400
34 78 11089.000
34 79 12143.800
34 80 5200.200
34 81 5462.600
34 82 9156.700
34 83 9421.600
34 84 2810.800
34 85 2806.600
34 86 8378.500
34 87 8955.300
34 88 5655.600
34 89 9399.300
34 90 8064.900
34 91 11790.500
34 92 7785.900
34 93 11456.700
34 94 5635.200
34 95 7276.400
34 96 11566.800
34 97 2463.300
34 98 8822.300
34 99 3266.100
34 100 8602.900
35 0 5786.200
35 1 12300.800
35 2 7197.100
35 3 4837.300
35 4 8725.400
35 5 4983.000
35 6 6369.300
35 7 11222.400
35 8 8008.700
35 9 5287.400
35 10 11483.700
35 11 4340.300
35 12 3735.900
35 13 5465.500
35 14 3830.600
35 15 10513.000
35 16 11791.300
35 17 9941.000
35 18 8362.500
35 19 6442.800
35 20 4668.800
35 21 10124.300
35 22 6723.100
35 23 2172.100
35 24 5568.100
35 25 5053.100
35 26 798.700
35 27 1517.100
35 28 1428.200
35 29 11622.500
35 30 5697.100
35 31 3023.100
35 32 3160.700
35 33 8801.300
35 34 10512.600
35 35 0.000
35 36 12230.300
35 37 7165.000
35 38 8150.900
35 39 954.700
35 40 6785.300
35 41 9768.700
35 42 4563.200
35 43 4463.200
35 44 6832.000
35 45 4592.400
35 46 10634.200
35 47 3198.000
35 48 11614.000
35 49 4879.700
35 50 4611.300
35 51 7800.600
35 52 4589.200
35 53 4148.900
35 54 7101.600
35 55 3437.700
35 56 2198.600
35 57 2503.200
35 58 10794.200
35 59 3373.500
35 60 10987.600
35 61 11967.500
35 62 11201.900
35 63 5671.400
35 64 10845.600
35 65 9897.500
35 66 5102.100
35 67 3055.800
35 68 5655.100
35 69 9807.900
35 70 8963.100
35 71 12569.000
35 72 11567.500
35 73 6951.700
35 74 3433.200
35 75 3471.600
35 76 9202.900
35 77 2221.100
35 78 13795.000
35 79 14427.300
35 80 6322.200
35 81 6433.600
35 82 1909.500
35 83 4283.600
35 84 11843.100
35 85 9367.900
35 86 2997.300
35 87 11891.400
35 88 5499.700
35 89 2259.500
35 90 5650.400
35 91 11608.200
35 92 4873.500
35 93 1264.200
35 94 6108.400
35 95 3598.200
35 96 1760.800
35 97 10240.800
35 98 3806.000
35 99 10902.200
35 100 8420.700
36 0 8282.100
36 1 8842.100
36 2 7376.200
36 3 9525.000
36 4 6561.700
36 5 11055.400
36 6 8865.200
36 7 1476.300
36 8 5405.900
36 9 7073.300
36 10 9927.100
36 11 10197.500
36 12 13539.800
36 13 7042.500
36 14 8309.200
36 15 6399.300
36 16 8524.000
36 17 8551.500
36 18 5227.700
36 19 8938.700
36 20 7988.900
36 21 3421.900
36 22 7252.000
36 23 12681.900
36 24 10909.100
36 25 8371.200
36 26 11376.500
36 27 10989.000
36 28 13150.500
36 29 11400.000
36 30 10066.300
36 31 11662.100
36 32 9521.600
36 33 4969.200
36 34 3073.000
36 35 12176.900
36 36 0.000
36 37 6258.100
36 38 6484.700
36 39 12176.800
36 40 9550.500
36 41 5690.400
36 42 11886.900
36 43 9147.100
36 44 6168.100
36 45 10767.700
36 46 9722.200
36 47 9987.200
36 48 6785.200
36 49 10173.300
36 50 10895.900
36 51 10296.500
36 52 10685.800
36 53 8324.300
36 54 10220.600
36 55 10099.000
36 56 10243.800
36 57 10592.700
36 58 2404.600
36 59 10825.200
36 60 2041.600
36 61 4855.000
36 62 5357.400
36 63 9296.800
36 64 10623.100
36 65 3206.000
36 66 8619.300
36 67 11889.600
36 68 9655.700
36 69 3822.200
36 70 9544.500
36 71 5800.900
36 72 4202.000
36 73 9421.300
36 74 12267.100
36 75 8967.100
36 76 4504.000
36 77 10675.000
36 78 10527.800
36 79 11060.300
36 80 7513.900
36 81 7976.100
36 82 11470.400
36 83 11735.200
36 84 3543.200
36 85 4639.400
36 86 10692.100
36 87 8394.100
36 88 7969.200
36 89 11712.900
36 90 10378.500
36 91 11385.700
36 92 10099.600
36 93 13770.400
36 94 8872.500
36 95 9590.100
36 96 13880.400
36 97 4296.100
36 98 11136.000
36 99 2704.900
36 100 10439.200
37 0 1814.200
37 1 6465.700
37 2 3225.000
37 3 7673.200
37 4 2659.700
37 5 5987.200
37 6 2397.200
37 7 5394.600
37 8 1569.100
37 9 3880.100
37 10 6376.100
37 11 4574.500
37 12 11224.500
37 13 2778.900
37 14 4259.400
37 15 3709.000
37 16 6580.900
37 17 5968.900
37 18 1197.500
37 19 2470.700
37 20 3453.400
37 21 6773.900
37 22 4362.200
37 23 8132.400
37 24 5840.900
37 25 3303.000
37 26 5806.800
37 27 5419.400
37 28 7679.600
37 29 6514.900
37 30 4009.300
37 31 9346.800
37 32 3951.900
37 33 5450.900
37 34 7162.200
37 35 6607.200
37 36 6402.400
37 37 0.000
37 38 2582.800
37 39 6607.200
37 40 7233.600
37 41 2533.700
37 42 6818.700
37 43 3132.200
37 44 5430.900
37 45 5699.500
37 46 5526.600
37 47 5463.100
37 48 4538.100
37 49 7715.600
37 50 8580.600
37 51 3828.500
37 52 4670.900
37 53 5183.000
37 54 3752.700
37 55 4290.400
37 56 4674.100
37 57 6190.200
37 58 6322.900
37 59 7079.300
37 60 7637.300
37 61 4989.900
37 62 4224.300
37 63 3251.800
37 64 5737.900
37 65 6547.100
37 66 3551.100
37 67 9574.300
37 68 7252.100
37 69 6751.500
37 70 4991.000
37 71 4667.700
37 72 4589.900
37 73 7106.000
37 74 9951.800
37 75 5780.900
37 76 6433.700
37 77 5025.700
37 78 8584.600
37 79 9319.600
37 80 1370.000
37 81 5925.900
37 82 7261.100
37 83 7989.400
37 84 8492.700
37 85 7568.800
37 86 4883.500
37 87 5920.000
37 88 5654.000
37 89 7623.800
37 90 4321.500
37 91 6500.600
37 92 4595.000
37 93 7515.700
37 94 6557.200
37 95 6434.100
37 96 8310.800
37 97 7225.500
37 98 5187.300
37 99 5074.400
37 100 4448.600
38 0 2953.900
38 1 5332.900
38 2 1716.700
38 3 9263.800
38 4 1714.300
38 5 6244.000
38 6 2331.400
38 7 6399.500
38 8 3907.800
38 9 6024.300
38 10 4618.600
38 11 5125.500
38 12 11863.200
38 13 4923.100
38 14 6227.400
38 15 3501.900
38 16 4823.400
38 17 3963.900
38 18 2330.600
38 19 2566.000
38 20 5421.400
38 21 8345.100
38 22 6506.400
38 23 9925.400
38 24 6097.800
38 25 3848.000
38 26 7599.800
38 27 7082.400
38 28 9472.600
38 29 4757.400
38 30 3731.700
38 31 10180.400
38 32 5744.900
38 33 7595.200
38 34 7996.200
38 35 8400.200
38 36 7407.300
38 37 3528.100
38 38 0.000
38 39 8400.100
38 40 9177.100
38 41 4579.700
38 42 7075.500
38 43 4623.900
38 44 7575.100
38 45 5956.300
38 46 3769.100
38 47 7411.100
38 48 4646.100
38 49 9306.200
38 50 10176.600
38 51 4638.600
38 52 5945.400
38 53 7126.400
38 54 4626.100
38 55 5790.100
38 56 6467.100
38 57 8138.200
38 58 7327.800
38 59 9027.300
38 60 8805.900
38 61 5242.100
38 62 4484.700
38 63 2974.300
38 64 3980.400
38 65 7132.400
38 66 4096.100
38 67 10213.000
38 68 9195.100
38 69 8745.400
38 70 3251.100
38 71 4928.100
38 72 5588.500
38 73 9250.300
38 74 10590.500
38 75 7371.500
38 76 8577.900
38 77 6949.400
38 78 6827.200
38 79 7562.100
38 80 4687.000
38 81 8070.100
38 82 9054.100
38 83 9937.400
38 84 9566.900
38 85 9713.000
38 86 6467.500
38 87 4923.500
38 88 7798.200
38 89 9416.800
38 90 4043.900
38 91 4743.100
38 92 4317.400
38 93 9308.600
38 94 8500.200
38 95 8024.700
38 96 10103.700
38 97 9369.700
38 98 6185.100
38 99 6079.300
38 100 4151.400
39 0 5771.500
39 1 12286.100
39 2 7182.400
39 3 5006.300
39 4 8710.700
39 5 4968.300
39 6 6354.600
39 7 11207.700
39 8 7994.000
39 9 5272.700
39 10 11469.000
39 11 4325.600
39 12 4538.500
39 13 5450.800
39 14 3815.900
39 15 10498.300
39 16 11776.600
39 17 9926.300
39 18 8347.800
39 19 6428.100
39 20 4654.100
39 21 10109.600
39 22 6708.400
39 23 2974.700
39 24 5553.400
39 25 5044.100
39 26 902.200
39 27 1502.400
39 28 2230.800
39 29 11607.800
39 30 5682.400
39 31 3825.700
39 32 3146.000
39 33 8786.600
39 34 10497.900
39 35 841.900
39 36 12215.600
39 37 7150.300
39 38 8136.200
39 39 0.000
39 40 6770.600
39 41 9754.000
39 42 4548.500
39 43 4454.100
39 44 6817.300
39 45 4577.700
39 46 10619.500
39 47 3183.300
39 48 11599.300
39 49 5048.700
39 50 5413.900
39 51 7785.900
39 52 4574.500
39 53 4134.200
39 54 7710.000
39 55 3428.700
39 56 2183.900
39 57 3305.800
39 58 10779.500
39 59 4176.200
39 60 10972.900
39 61 11952.800
39 62 11187.200
39 63 5662.400
39 64 10830.900
39 65 9882.800
39 66 5087.400
39 67 3858.400
39 68 5824.100
39 69 9793.200
39 70 8948.400
39 71 12554.300
39 72 11552.800
39 73 6937.000
39 74 4235.900
39 75 3456.900
39 76 9188.200
39 77 2206.400
39 78 13780.300
39 79 14412.600
39 80 6307.500
39 81 6418.900
39 82 2712.200
39 83 5086.200
39 84 11828.400
39 85 9353.200
39 86 2982.600
39 87 11876.700
39 88 5485.000
39 89 3062.100
39 90 5635.700
39 91 11593.500
39 92 4858.800
39 93 2066.800
39 94 6093.700
39 95 3767.200
39 96 1848.100
39 97 10226.100
39 98 3791.300
39 99 10887.500
39 100 8406.000
40 0 13131.800
40 1 17127.800
40 2 14542.600
40 3 8221.400
40 4 16070.900
40 5 15954.300
40 6 13714.800
40 7 11338.100
40 8 11693.200
40 9 9908.400
40 10 19106.900
40 11 13703.900
40 12 11892.200
40 13 10960.200
40 14 9580.400
40 15 14814.300
40 16 17703.800
40 17 16966.400
40 18 13519.800
40 19 13788.300
40 20 10542.900
40 21 9028.300
40 22 10407.600
40 23 12123.300
40 24 15430.800
40 25 12812.900
40 26 12647.700
40 27 12260.300
40 28 12087.000
40 29 18968.000
40 30 14633.900
40 31 11103.500
40 32 10792.800
40 33 9832.500
40 34 10786.500
40 35 13448.100
40 36 12345.900
40 37 13347.400
40 38 15496.500
40 39 13448.100
40 40 0.000
40 41 14403.300
40 42 15534.500
40 43 12261.500
40 44 10529.500
40 45 14872.400
40 46 18902.000
40 47 10380.900
40 48 15200.200
40 49 8869.600
40 50 10339.000
40 51 15146.100
40 52 13800.300
40 53 9655.700
40 54 15070.300
40 55 11630.800
40 56 11515.000
40 57 10173.000
40 58 10210.400
40 59 10268.300
40 60 9974.300
40 61 14754.400
40 62 14886.400
40 63 13864.500
40 64 18191.100
40 65 11828.900
40 66 13320.100
40 67 11331.000
40 68 8352.000
40 69 9500.300
40 70 16308.700
40 71 15329.800
40 72 14101.400
40 73 10636.200
40 74 11049.600
40 75 10238.300
40 76 8895.300
40 77 11856.100
40 78 19691.000
40 79 19461.500
40 80 12504.500
40 81 8726.000
40 82 11050.600
40 83 11264.100
40 84 10747.100
40 85 7896.400
40 86 13151.300
40 87 16582.100
40 88 9184.100
40 89 11154.300
40 90 14946.100
40 91 18953.800
40 92 14560.800
40 93 12706.900
40 94 8724.600
40 95 9067.400
40 96 13392.300
40 97 8769.200
40 98 13922.000
40 99 12604.300
40 100 15766.200
41 0 4347.800
41 1 3932.000
41 2 3484.700
41 3 8622.800
41 4 2670.100
41 5 8011.900
41 6 4099.300
41 7 4616.700
41 8 2151.100
41 9 5246.900
41 10 5146.300
41 11 6893.400
41 12 11713.400
41 13 5216.100
41 14 6482.800
41 15 1618.500
41 16 3743.200
41 17 3770.700
41 18 1336.200
41 19 4333.900
41 20 6162.500
41 21 6562.400
41 22 4851.100
41 23 10855.500
41 24 8897.600
41 25 6544.800
41 26 9550.100
41 27 9162.700
41 28 11324.100
41 29 6619.200
41 30 5499.600
41 31 9835.700
41 32 7695.200
41 33 5940.800
41 34 6213.500
41 35 10350.500
41 36 5624.500
41 37 2533.700
41 38 2593.200
41 39 10350.500
41 40 7724.100
41 41 0.000
41 42 9840.000
41 43 5665.900
41 44 6137.100
41 45 7724.200
41 46 4941.400
41 47 8160.800
41 48 2004.400
41 49 8537.200
41 50 9069.500
41 51 6145.600
41 52 7204.600
41 53 6498.000
41 54 6133.100
41 55 6824.100
41 56 8417.400
41 57 8766.400
41 58 5545.100
41 59 8998.800
41 60 7023.100
41 61 2456.200
41 62 1690.600
41 63 4742.200
41 64 5842.300
41 65 5682.400
41 66 6792.900
41 67 10063.200
41 68 7741.000
41 69 6962.600
41 70 4763.700
41 71 2134.100
41 72 2056.200
41 73 7594.900
41 74 10440.700
41 75 7140.700
41 76 6923.600
41 77 8848.600
41 78 5747.000
41 79 6279.500
41 80 3446.500
41 81 6415.800
41 82 9644.000
41 83 9908.800
41 84 7784.100
41 85 7779.900
41 86 7417.200
41 87 3386.400
41 88 6142.900
41 89 9886.600
41 90 5811.800
41 91 6604.900
41 92 6085.300
41 93 11944.000
41 94 7046.100
41 95 7763.700
41 96 12054.100
41 97 7436.500
41 98 7721.000
41 99 4629.300
41 100 5658.400
42 0 5213.000
42 1 8265.100
42 2 5378.200
42 3 9355.300
42 4 5689.900
42 5 947.100
42 6 4772.900
42 7 10784.700
42 8 7370.600
42 9 6808.700
42 10 7448.000
42 11 2308.000
42 12 8887.500
42 13 5707.400
42 14 6677.000
42 15 7388.400
42 16 7755.600
42 17 5905.200
42 18 7152.100
42 19 4233.100
42 20 5618.400
42 21 9702.500
42 22 7290.800
42 23 7323.700
42 24 1035.200
42 25 3899.300
42 26 5251.100
42 27 5851.300
42 28 6579.800
42 29 7586.800
42 30 3290.100
42 31 8174.700
42 32 5773.900
42 33 8379.500
42 34 10090.800
42 35 5190.800
42 36 11792.500
42 37 6314.100
42 38 6805.100
42 39 5174.400
42 40 9631.700
42 41 8466.200
42 42 0.000
42 43 3996.200
42 44 7994.700
42 45 1335.300
42 46 6598.500
42 47 7532.300
42 48 7578.300
42 49 9397.700
42 50 9762.800
42 51 3734.100
42 52 3448.500
42 53 7581.000
42 54 3521.200
42 55 4297.000
42 56 5722.500
42 57 7654.800
42 58 10372.400
42 59 8525.100
42 60 10565.900
42 61 9128.600
42 62 8371.200
42 63 4062.100
42 64 6809.800
42 65 9475.700
42 66 3069.800
42 67 8207.400
42 68 9649.700
42 69 9680.100
42 70 4900.100
42 71 8533.300
42 72 9474.900
42 73 10034.600
42 74 8584.800
42 75 7826.100
42 76 9362.300
42 77 6555.400
42 78 9759.300
42 79 10391.500
42 80 5471.300
42 81 8489.700
42 82 7061.100
42 83 9435.200
42 84 11421.300
42 85 10497.400
42 86 2612.500
42 87 7855.700
42 88 8582.600
42 89 7411.100
42 90 3468.300
42 91 7572.500
42 92 2841.100
42 93 6415.800
42 94 8954.800
42 95 8116.200
42 96 6912.400
42 97 10154.100
42 98 1564.200
42 99 10464.500
42 100 4384.900
43 0 1853.300
43 1 8367.800
43 2 3264.100
43 3 5421.900
43 4 4792.400
43 5 3882.300
43 6 2436.300
43 7 7702.600
43 8 4288.400
43 9 2338.000
43 10 7550.800
43 11 1896.700
43 12 8021.400
43 13 2516.100
43 14 2385.500
43 15 6580.100
43 16 7858.300
43 17 6008.000
43 18 4429.500
43 19 2509.800
43 20 1579.600
43 21 6620.400
43 22 3813.500
43 23 6083.600
43 24 3736.000
43 25 1005.800
43 26 3758.000
43 27 3130.100
43 28 5630.800
43 29 7689.500
43 30 2916.600
43 31 6338.500
43 32 1903.100
43 33 5297.400
43 34 7008.700
43 35 4558.300
43 36 8710.400
43 37 3232.000
43 38 4218.000
43 39 4558.300
43 40 5335.200
43 41 5835.700
43 42 4329.100
43 43 0.000
43 44 3955.900
43 45 3594.600
43 46 6701.300
43 47 3569.300
43 48 7681.000
43 49 5464.400
43 50 6334.800
43 51 3867.600
43 52 1993.100
43 53 3284.600
43 54 3791.800
43 55 1837.800
43 56 2625.300
43 57 4296.400
43 58 7290.300
43 59 5185.500
43 60 7483.700
43 61 8320.200
43 62 7562.800
43 63 2147.100
43 64 6912.600
43 65 6393.600
43 66 1513.000
43 67 6371.200
43 68 5353.300
43 69 6598.000
43 70 5030.100
43 71 8636.000
43 72 8047.700
43 73 5384.200
43 74 6748.700
43 75 3529.600
43 76 6326.800
43 77 3107.600
43 78 9862.100
43 79 10494.300
43 80 2389.200
43 81 4450.900
43 82 5212.300
43 83 6095.500
43 84 8339.200
43 85 6491.800
43 86 2376.900
43 87 7958.400
43 88 3932.100
43 89 5574.900
43 90 3228.800
43 91 7675.200
43 92 2904.800
43 93 5466.800
43 94 4658.400
43 95 4182.900
43 96 6261.900
43 97 7071.900
43 98 2509.500
43 99 7382.400
43 100 4487.700
44 0 4946.800
44 1 8896.200
44 2 6357.600
44 3 4959.100
44 4 6622.200
44 5 8011.700
44 6 5529.800
44 7 6082.900
44 8 3461.600
44 9 1694.600
44 10 10882.400
44 11 5518.900
44 12 8057.100
44 13 2746.400
44 14 2819.100
44 15 6582.700
44 16 9479.300
44 17 8734.900
44 18 5288.300
44 19 5603.300
44 20 2519.200
44 21 4354.100
44 22 1833.500
44 23 7199.200
44 24 7502.000
44 25 4627.900
44 26 5886.400
44 27 5498.900
44 28 7667.800
44 29 10783.100
44 30 6703.700
44 31 6179.400
44 32 4031.500
44 33 2962.300
44 34 4673.600
44 35 6686.700
44 36 7090.800
44 37 5115.800
44 38 7311.500
44 39 6686.700
44 40 4060.400
44 41 6171.700
44 42 7591.900
44 43 4215.000
44 44 0.000
44 45 6943.500
44 46 10677.500
44 47 4464.700
44 48 6968.600
44 49 4873.400
44 50 5405.800
44 51 6961.100
44 52 5615.300
44 53 2854.700
44 54 6885.300
44 55 4629.400
44 56 4753.700
44 57 5078.200
44 58 4955.200
44 59 5335.100
44 60 5300.000
44 61 7420.400
44 62 6654.800
44 63 5934.200
44 64 10006.100
44 65 4058.500
44 66 5378.400
44 67 6406.900
44 68 4077.300
44 69 3662.100
44 70 8123.700
44 71 7098.300
44 72 7020.400
44 73 3931.200
44 74 6784.400
44 75 3452.600
44 76 3057.100
44 77 5160.400
44 78 10711.200
44 79 11237.000
44 80 4273.000
44 81 1808.100
44 82 5955.800
44 83 6245.100
44 84 6072.900
44 85 3222.100
44 86 5222.500
44 87 8350.600
44 88 1910.700
44 89 6230.300
44 90 7015.900
44 91 10768.800
44 92 6632.000
44 93 7595.200
44 94 3382.400
44 95 4105.800
44 96 8390.300
44 97 4095.000
44 98 5993.200
44 99 6355.100
44 100 7581.200
45 0 4350.000
45 1 8950.200
45 2 4890.000
45 3 8670.300
45 4 6375.000
45 5 1724.800
45 6 4284.700
45 7 9921.700
45 8 6507.600
45 9 5945.700
45 10 8133.100
45 11 1445.000
45 12 8202.500
45 13 4844.400
45 14 5992.000
45 15 8073.500
45 16 8440.700
45 17 6590.300
45 18 6648.600
45 19 4118.900
45 20 5209.500
45 21 8839.500
45 22 6427.800
45 23 6638.700
45 24 2309.900
45 25 3036.300
45 26 4566.200
45 27 5166.400
45 28 5894.800
45 29 8271.900
45 30 2801.800
45 31 7489.700
45 32 5088.900
45 33 7516.500
45 34 9227.800
45 35 4505.900
45 36 10929.500
45 37 5451.100
45 38 5843.800
45 39 4489.400
45 40 8946.700
45 41 9151.300
45 42 1305.000
45 43 3287.600
45 44 7585.800
45 45 0.000
45 46 7283.600
45 47 6847.300
45 48 8263.400
45 49 8712.700
45 50 9077.900
45 51 4419.200
45 52 2739.900
45 53 6896.000
45 54 4206.300
45 55 4368.000
45 56 5037.500
45 57 6969.800
45 58 9509.400
45 59 7840.100
45 60 9702.900
45 61 9813.700
45 62 9056.300
45 63 3199.100
45 64 7494.900
45 65 8612.700
45 66 2206.800
45 67 7522.400
45 68 8964.700
45 69 8817.100
45 70 5585.200
45 71 9218.400
45 72 10160.000
45 73 9171.600
45 74 7899.900
45 75 7141.100
45 76 8499.300
45 77 5870.400
45 78 10444.400
45 79 11076.600
45 80 4608.300
45 81 8080.800
45 82 6376.200
45 83 8750.200
45 84 10558.300
45 85 9634.400
45 86 1927.500
45 87 8540.800
45 88 7719.500
45 89 6726.100
45 90 2755.100
45 91 8257.600
45 92 1978.100
45 93 5730.800
45 94 8269.800
45 95 7431.200
45 96 6227.400
45 97 9291.100
45 98 879.200
45 99 9601.500
45 100 5070.000
46 0 5183.000
46 1 3385.400
46 2 3375.200
46 3 11548.300
46 4 2669.500
46 5 7437.500
46 6 4560.400
46 7 8278.400
46 8 6524.500
46 9 8308.900
46 10 918.500
46 11 6319.000
46 12 15181.600
46 13 7207.700
46 14 8511.900
46 15 3903.800
46 16 1228.000
46 17 2261.100
46 18 4131.700
46 19 4238.600
46 20 7706.000
46 21 10224.000
46 22 8319.200
46 23 12210.000
46 24 6250.600
46 25 6132.600
46 26 9884.400
46 27 9496.900
46 28 11757.200
46 29 3325.000
46 30 5469.000
46 31 13303.900
46 32 8029.500
46 33 9409.000
46 34 9875.100
46 35 10684.700
46 36 9286.200
46 37 5329.200
46 38 3784.700
46 39 10684.700
46 40 11192.300
46 41 4373.400
46 42 7052.700
46 43 6908.400
46 44 9605.300
46 45 7149.900
46 46 0.000
46 47 9695.700
46 48 2698.600
46 49 12005.300
46 50 12537.700
46 51 3498.500
46 52 7660.400
46 53 9411.000
46 54 3486.100
46 55 8352.000
46 56 8751.700
46 57 10422.800
46 58 9206.700
46 59 11311.900
46 60 10684.800
46 61 5520.500
46 62 4737.400
46 63 5242.100
46 64 2548.000
46 65 9150.600
46 66 6380.700
46 67 13531.400
46 68 11209.200
46 69 10624.300
46 70 1469.400
46 71 3653.600
46 72 5717.900
46 73 11063.100
46 74 13908.900
46 75 9656.000
46 76 10391.800
46 77 9234.000
46 78 3390.900
46 79 4176.600
46 80 6971.500
46 81 9884.000
46 82 11338.700
46 83 12221.900
46 84 11445.800
46 85 11441.500
46 86 7661.000
46 87 2976.000
46 88 9611.000
46 89 11701.300
46 90 5647.200
46 91 2424.600
46 92 5510.900
46 93 11593.200
46 94 10514.300
46 95 10309.300
46 96 12388.300
46 97 11098.200
46 98 7378.600
46 99 8097.500
46 100 3011.400
47 0 4609.200
47 1 10342.100
47 2 6020.100
47 3 3025.800
47 4 7548.400
47 5 7073.800
47 6 5192.200
47 7 8121.200
47 8 4907.500
47 9 2319.200
47 10 10306.700
47 11 5181.300
47 12 5620.800
47 13 3078.300
47 14 1443.400
47 15 8028.600
47 16 10918.100
47 17 8763.900
47 18 6984.900
47 19 5265.800
47 20 2282.500
47 21 7023.100
47 22 3621.900
47 23 3883.500
47 24 7659.000
47 25 4290.400
47 26 2831.200
47 27 2443.800
47 28 3607.100
47 29 10445.500
47 30 6113.800
47 31 3743.100
47 32 1983.700
47 33 5700.000
47 34 7411.300
47 35 3631.600
47 36 9129.000
47 37 5787.400
47 38 6973.900
47 39 3631.600
47 40 3715.600
47 41 7617.600
47 42 6654.000
47 43 3739.000
47 44 3730.700
47 45 6683.200
47 46 9457.200
47 47 0.000
47 48 8414.500
47 49 3068.200
47 50 3938.600
47 51 6623.600
47 52 5277.700
47 53 1047.700
47 54 6547.700
47 55 3110.600
47 56 1698.500
47 57 1693.000
47 58 7693.000
47 59 2582.100
47 60 7886.400
47 61 8866.300
47 62 8100.700
47 63 5344.300
47 64 9668.500
47 65 6796.200
47 66 4797.600
47 67 3970.600
47 68 3733.600
47 69 6706.700
47 70 7786.100
47 71 8544.100
47 72 8466.300
47 73 3850.500
47 74 4348.100
47 75 1133.500
47 76 6101.700
47 77 2027.400
47 78 12905.300
47 79 12675.800
47 80 4944.600
47 81 3332.400
47 82 2570.700
47 83 3492.200
47 84 8741.900
47 85 6266.700
47 86 4631.200
47 87 9796.400
47 88 2398.400
47 89 3477.500
47 90 6426.000
47 91 10431.200
47 92 6040.700
47 93 4540.100
47 94 3038.700
47 95 1786.700
47 96 5335.100
47 97 7139.500
47 98 5401.900
47 99 7801.000
47 100 7243.700
48 0 6509.800
48 1 1927.600
48 2 4702.100
48 3 10001.700
48 4 3608.100
48 5 9286.900
48 6 5887.300
48 7 6189.100
48 8 4435.200
48 9 6625.700
48 10 3714.900
48 11 8168.400
48 12 13092.300
48 13 6595.000
48 14 7861.700
48 15 1814.500
48 16 2311.800
48 17 2973.000
48 18 3620.200
48 19 6088.000
48 20 7541.400
48 21 8134.700
48 22 6229.900
48 23 12234.400
48 24 8100.000
48 25 7981.900
48 26 11733.700
48 27 11346.300
48 28 12702.900
48 29 5821.500
48 30 7318.400
48 31 11214.600
48 32 9878.800
48 33 7319.700
48 34 7785.800
48 35 12534.100
48 36 7196.900
48 37 4817.700
48 38 5111.600
48 39 12534.100
48 40 9103.000
48 41 2284.100
48 42 9042.300
48 43 8757.800
48 44 7516.000
48 45 8999.200
48 46 3509.900
48 47 9539.700
48 48 0.000
48 49 9916.000
48 50 10448.400
48 51 5347.900
48 52 9509.700
48 53 7876.800
48 54 5335.400
48 55 10201.300
48 56 10601.100
48 57 10145.200
48 58 7117.400
48 59 10377.700
48 60 8595.500
48 61 2952.600
48 62 2648.000
48 63 7091.400
48 64 5044.600
48 65 7061.200
48 66 8230.100
48 67 11442.100
48 68 9119.900
48 69 8534.900
48 70 3966.000
48 71 1091.700
48 72 3628.600
48 73 8973.800
48 74 11819.600
48 75 8519.600
48 76 8302.400
48 77 11083.300
48 78 4315.500
48 79 5310.000
48 80 5730.500
48 81 7794.700
48 82 11022.800
48 83 11287.700
48 84 9356.400
48 85 9352.200
48 86 9510.400
48 87 1382.000
48 88 7521.700
48 89 11265.400
48 90 7496.600
48 91 5807.200
48 92 7360.300
48 93 13442.600
48 94 8425.000
48 95 9142.600
48 96 14237.700
48 97 9008.900
48 98 9228.000
48 99 6008.200
48 100 4860.700
49 0 6088.000
49 1 10186.500
49 2 7498.900
49 3 2133.400
49 4 9027.200
49 5 8689.200
49 6 6671.000
49 7 7965.600
49 8 4751.800
49 9 2967.000
49 10 12165.600
49 11 6660.100
49 12 5188.000
49 13 3971.200
49 14 2536.700
49 15 7873.000
49 16 10762.500
49 17 10025.100
49 18 6578.500
49 19 6744.600
49 20 3499.200
49 21 6867.400
49 22 3466.200
49 23 4330.100
49 24 8387.100
49 25 5769.200
49 26 4446.600
49 27 4059.100
49 28 4293.800
49 29 11924.300
49 30 7590.200
49 31 3310.300
49 32 3599.100
49 33 5544.400
49 34 7255.700
49 35 5247.000
49 36 8973.400
49 37 6406.000
49 38 8452.700
49 39 5247.000
49 40 2854.600
49 41 7462.000
49 42 8269.400
49 43 5217.800
49 44 3588.200
49 45 8298.600
49 46 11960.600
49 47 2287.500
49 48 8258.800
49 49 0.000
49 50 2545.900
49 51 8102.400
49 52 6756.500
49 53 1849.100
49 54 8026.500
49 55 4587.000
49 56 3313.900
49 57 2379.800
49 58 7537.300
49 59 2475.100
49 60 7730.800
49 61 8710.600
49 62 7945.100
49 63 6820.700
49 64 11147.300
49 65 6640.600
49 66 6668.700
49 67 3537.800
49 68 2871.500
49 69 6258.100
49 70 9264.900
49 71 8388.500
49 72 8310.700
49 73 3694.900
49 74 3915.300
49 75 1570.700
49 76 5653.100
49 77 3642.800
49 78 12749.700
49 79 12520.200
49 80 5563.200
49 81 3176.800
49 82 3257.400
49 83 3385.200
49 84 8586.200
49 85 5818.100
49 86 6107.600
49 87 9640.800
49 88 2242.800
49 89 3361.100
49 90 7902.400
49 91 11910.000
49 92 7517.100
49 93 4913.800
49 94 2177.100
49 95 1274.200
49 96 5599.100
49 97 6691.000
49 98 6878.300
49 99 7645.400
49 100 8722.500
50 0 7379.800
50 1 11478.200
50 2 8790.700
50 3 1812.100
50 4 10319.000
50 5 9808.400
50 6 7962.800
50 7 9257.300
50 8 6043.600
50 9 4258.800
50 10 13457.300
50 11 7951.900
50 12 3558.400
50 13 5262.900
50 14 3828.400
50 15 9164.700
50 16 12054.200
50 17 11316.900
50 18 7870.300
50 19 8036.300
50 20 4791.000
50 21 7913.800
50 22 4758.000
50 23 4284.600
50 24 9678.900
50 25 7061.000
50 26 5006.900
50 27 5350.900
50 28 4287.500
50 29 13216.100
50 30 8882.000
50 31 1876.400
50 32 4890.900
50 33 6836.200
50 34 8547.500
50 35 4841.100
50 36 10265.200
50 37 7697.800
50 38 9744.500
50 39 5780.200
50 40 4146.400
50 41 8753.800
50 42 9388.600
50 43 6509.600
50 44 4880.000
50 45 9417.800
50 46 13252.400
50 47 3272.800
50 48 9550.600
50 49 1896.100
50 50 0.000
50 51 9394.200
50 52 8048.300
50 53 3140.900
50 54 9318.300
50 55 5878.800
50 56 4605.700
50 57 2373.500
50 58 8829.100
50 59 1759.000
50 60 8859.800
50 61 10002.400
50 62 9236.800
50 63 8112.500
50 64 12439.100
50 65 7932.400
50 66 7960.500
50 67 3492.300
50 68 2629.900
50 69 7549.900
50 70 10556.700
50 71 9680.300
50 72 9602.400
50 73 4986.700
50 74 2683.500
50 75 2556.000
50 76 6944.900
50 77 4256.800
50 78 14041.500
50 79 13812.000
50 80 6855.000
50 81 4468.500
50 82 3251.100
50 83 1586.200
50 84 9632.600
50 85 6781.900
50 86 7399.300
50 87 10932.600
50 88 3534.600
50 89 3315.600
50 90 9194.200
50 91 13201.800
50 92 8808.900
50 93 4907.400
50 94 3468.800
50 95 1959.400
50 96 5592.800
50 97 7654.700
50 98 8170.100
50 99 8937.100
50 100 10014.200
51 0 3963.500
51 1 5447.200
51 2 3577.800
51 3 8777.700
51 4 2872.100
51 5 4645.500
51 6 2514.000
51 7 9347.700
51 8 5911.500
51 9 5538.200
51 10 4008.200
51 11 3526.900
51 12 11377.100
51 13 4437.000
51 14 5741.300
51 15 4570.600
51 16 4937.700
51 17 3087.400
51 18 4334.300
51 19 1467.900
51 20 4935.300
51 21 8432.100
51 22 6020.300
51 23 9439.300
51 24 3458.500
51 25 3361.900
51 26 7113.700
51 27 6726.200
51 28 8986.500
51 29 3367.100
51 30 2231.400
51 31 9694.300
51 32 5258.800
51 33 7109.100
51 34 8820.400
51 35 7914.100
51 36 10355.500
51 37 5043.700
51 38 3987.300
51 39 7914.000
51 40 8691.000
51 41 5648.400
51 42 4400.900
51 43 4137.800
51 44 7089.000
51 45 4357.800
51 46 3158.700
51 47 6925.000
51 48 4760.400
51 49 8820.100
51 50 9690.500
51 51 0.000
51 52 4868.300
51 53 6640.300
51 54 694.000
51 55 5581.300
51 56 5981.000
51 57 7652.100
51 58 9102.000
51 59 8541.200
51 60 9295.400
51 61 6310.800
51 62 5553.400
51 63 2471.400
51 64 3370.000
51 65 8205.300
51 66 3610.000
51 67 9726.900
51 68 8709.000
51 69 8409.700
51 70 1443.100
51 71 5715.400
51 72 6657.100
51 73 8764.200
51 74 10104.400
51 75 6885.400
51 76 8091.800
51 77 6463.300
51 78 6941.500
51 79 6380.700
51 80 4200.900
51 81 7584.000
51 82 8568.000
51 83 9451.300
51 84 10150.900
51 85 9226.900
51 86 4868.900
51 87 5037.800
51 88 7312.100
51 89 8930.700
51 90 2855.200
51 91 3561.600
51 92 2718.800
51 93 8822.500
51 94 8014.100
51 95 7538.600
51 96 9617.600
51 97 8883.600
51 98 4586.600
51 99 9372.500
51 100 1567.100
52 0 3105.700
52 1 9620.200
52 2 4095.200
52 3 6595.100
52 4 5623.500
52 5 3803.000
52 6 3688.700
52 7 8955.000
52 8 5540.900
52 9 3590.500
52 10 8803.200
52 11 1778.600
52 12 8431.100
52 13 3768.600
52 14 3637.900
52 15 7411.100
52 16 9110.800
52 17 7260.400
52 18 5681.900
52 19 3324.100
52 20 2832.000
52 21 7872.800
52 22 5066.000
52 23 6493.300
52 24 3656.700
52 25 1842.400
52 26 4167.700
52 27 3400.400
52 28 6040.500
52 29 8942.000
52 30 3156.600
52 31 6748.300
52 32 2671.200
52 33 6549.800
52 34 8261.100
52 35 4862.000
52 36 9962.800
52 37 4484.400
52 38 5049.000
52 39 4845.600
52 40 6508.400
52 41 7088.100
52 42 4210.900
52 43 1252.400
52 44 5208.300
52 45 3515.300
52 46 7953.700
52 47 4742.500
52 48 8933.500
52 49 6637.600
52 50 7508.000
52 51 5120.100
52 52 0.000
52 53 4457.800
52 54 5044.200
52 55 2108.100
52 56 3033.800
52 57 5469.600
52 58 8542.700
52 59 6358.700
52 60 8736.200
52 61 9151.300
52 62 8393.900
52 63 2387.100
52 64 8165.000
52 65 7646.000
52 66 1394.800
52 67 6780.900
52 68 6526.500
52 69 7850.400
52 70 6282.600
52 71 9888.500
52 72 9300.100
52 73 6636.600
52 74 7158.400
52 75 4702.800
52 76 7579.200
52 77 4270.300
52 78 11114.500
52 79 11746.700
52 80 3641.600
52 81 5703.300
52 82 5622.000
52 83 7268.700
52 84 9591.600
52 85 7744.200
52 86 2699.700
52 87 9210.900
52 88 5184.500
52 89 5984.700
52 90 3468.800
52 91 8927.700
52 92 2786.700
52 93 5876.600
52 94 5831.600
52 95 5356.100
52 96 6373.100
52 97 8324.400
52 98 2391.300
52 99 8634.800
52 100 5740.100
53 0 4238.900
53 1 9259.700
53 2 5649.800
53 3 3071.300
53 4 7178.100
53 5 7061.400
53 6 4822.000
53 7 7038.800
53 8 3691.200
53 9 1271.500
53 10 11322.000
53 11 4811.000
53 12 6643.300
53 13 2122.100
53 14 687.600
53 15 6946.200
53 16 9918.900
53 17 8393.700
53 18 6028.700
53 19 4895.500
53 20 1650.100
53 21 5940.700
53 22 2540.700
53 23 5785.400
53 24 6538.000
53 25 3920.100
53 26 3754.900
53 27 3367.400
53 28 4718.700
53 29 10075.200
53 30 5741.100
53 31 4765.600
53 32 1900.000
53 33 4617.600
53 34 6328.900
53 35 4555.200
53 36 8046.600
53 37 4831.200
53 38 6603.600
53 39 4555.200
53 40 2667.900
53 41 6535.200
53 42 6641.600
53 43 3368.700
53 44 2683.100
53 45 5979.600
53 46 9086.900
53 47 2191.100
53 48 7332.100
53 49 3113.800
53 50 3992.000
53 51 6253.300
53 52 4907.400
53 53 0.000
53 54 6177.400
53 55 2737.900
53 56 2622.200
53 57 2804.700
53 58 6610.600
53 59 3349.500
53 60 6804.000
53 61 7783.900
53 62 7018.300
53 63 4971.600
53 64 9298.300
53 65 5713.800
53 66 4427.300
53 67 4993.100
53 68 2685.900
53 69 5659.000
53 70 7415.800
53 71 7461.700
53 72 7383.900
53 73 2851.300
53 74 5370.600
53 75 1179.000
53 76 5054.000
53 77 2886.900
53 78 11906.100
53 79 11676.600
53 80 3988.400
53 81 2333.200
53 82 3682.300
53 83 4259.500
53 84 7659.500
53 85 5219.000
53 86 4258.500
53 87 8714.000
53 88 1399.200
53 89 4816.400
53 90 6053.300
53 91 10060.900
53 92 5668.000
53 93 5463.700
53 94 1991.000
53 95 1832.300
53 96 6258.800
53 97 6091.900
53 98 5029.200
53 99 6718.600
53 100 6873.400
54 0 3922.300
54 1 5406.100
54 2 3536.700
54 3 8736.500
54 4 2830.900
54 5 3951.500
54 6 2472.800
54 7 9306.500
54 8 5870.300
54 9 5497.100
54 10 4589.000
54 11 2832.900
54 12 11335.900
54 13 4395.800
54 14 5700.100
54 15 4529.400
54 16 4896.600
54 17 3046.200
54 18 4293.100
54 19 1426.800
54 20 4894.100
54 21 8390.900
54 22 5979.200
54 23 9398.200
54 24 2764.500
54 25 3320.700
54 26 7072.600
54 27 5907.100
54 28 8945.400
54 29 4727.800
54 30 1982.900
54 31 9653.100
54 32 5217.700
54 33 7067.900
54 34 8779.200
54 35 7088.900
54 36 10314.300
54 37 5002.500
54 38 3946.100
54 39 7872.900
54 40 8649.800
54 41 5607.200
54 42 3706.900
54 43 4096.600
54 44 7047.900
54 45 3663.800
54 46 3739.500
54 47 6883.800
54 48 4719.300
54 49 8778.900
54 50 9649.300
54 51 875.100
54 52 4174.300
54 53 6599.200
54 54 0.000
54 55 4614.700
54 56 5939.900
54 57 7611.000
54 58 9060.800
54 59 8500.100
54 60 9254.300
54 61 6269.600
54 62 5512.200
54 63 2430.200
54 64 3950.800
54 65 8164.100
54 66 3568.900
54 67 9685.800
54 68 8667.800
54 69 8368.500
54 70 2041.100
54 71 5674.300
54 72 6616.000
54 73 8723.000
54 74 10063.200
54 75 6844.200
54 76 8050.700
54 77 6422.100
54 78 6900.300
54 79 7532.600
54 80 4159.700
54 81 7542.900
54 82 8526.900
54 83 9410.100
54 84 10109.700
54 85 9185.800
54 86 4174.900
54 87 4996.700
54 88 7271.000
54 89 8889.500
54 90 2161.200
54 91 4713.500
54 92 2024.800
54 93 8781.400
54 94 7972.900
54 95 7497.400
54 96 9576.500
54 97 8842.500
54 98 3892.600
54 99 9331.300
54 100 1526.000
55 0 3511.400
55 1 10025.900
55 2 4645.700
55 3 5184.300
55 4 6174.000
55 5 5013.700
55 6 4094.400
55 7 9129.000
55 8 5776.400
55 9 3155.400
55 10 9208.900
55 11 3100.900
55 12 7020.300
55 13 3333.600
55 14 2142.900
55 15 7961.600
55 16 9516.400
55 17 7666.100
55 18 6087.600
55 19 3874.600
55 20 2397.000
55 21 8030.900
55 22 4630.900
55 23 5082.500
55 24 4504.000
55 25 2319.300
55 26 2756.900
55 27 1989.600
55 28 4629.700
55 29 9347.600
55 30 3707.100
55 31 5337.500
55 32 1260.400
55 33 6707.900
55 34 8419.200
55 35 3240.900
55 36 10136.800
55 37 4890.100
55 38 5599.500
55 39 3224.400
55 40 5097.600
55 41 7493.800
55 42 4593.900
55 43 1729.400
55 44 4773.300
55 45 3945.500
55 46 8359.400
55 47 3331.700
55 48 9339.100
55 49 5226.800
55 50 6097.200
55 51 5525.700
55 52 2999.100
55 53 3047.000
55 54 5449.900
55 55 0.000
55 56 1623.000
55 57 4058.800
55 58 8700.800
55 59 4947.900
55 60 8894.200
55 61 9874.100
55 62 9108.500
55 63 2937.600
55 64 8570.700
55 65 7804.000
55 66 2491.200
55 67 5370.100
55 68 5115.700
55 69 7749.200
55 70 6688.200
55 71 10294.100
55 72 9474.100
55 73 5281.000
55 74 5747.600
55 75 3292.000
55 76 7144.200
55 77 2859.500
55 78 11520.200
55 79 12152.400
55 80 4047.300
55 81 4762.900
55 82 4211.200
55 83 5857.900
55 84 9749.700
55 85 7309.200
55 86 2224.500
55 87 9616.500
55 88 3829.000
55 89 4573.900
55 90 4019.300
55 91 9333.400
55 92 3634.000
55 93 4465.800
55 94 4420.800
55 95 3945.300
55 96 4962.300
55 97 8182.100
55 98 2995.200
55 99 8808.800
55 100 6145.800
56 0 4291.800
56 1 10806.300
56 2 5702.600
56 3 4221.900
56 4 7230.900
56 5 5375.300
56 6 4874.800
56 7 9744.900
56 8 6531.200
56 9 3792.900
56 10 9989.300
56 11 4020.300
56 12 5760.200
56 13 3971.000
56 14 2336.100
56 15 9018.600
56 16 10296.800
56 17 8446.500
56 18 6868.000
56 19 4948.300
56 20 3175.200
56 21 8646.800
56 22 5245.600
56 23 3822.500
56 24 5960.400
56 25 3238.800
56 26 1496.800
56 27 745.200
56 28 3369.600
56 29 10128.000
56 30 4626.500
56 31 4077.400
56 32 1271.200
56 33 7323.800
56 34 9035.100
56 35 2297.200
56 36 10752.700
56 37 5670.500
56 38 6656.500
56 39 2297.200
56 40 5290.800
56 41 8274.200
56 42 4955.500
56 43 2648.800
56 44 5410.700
56 45 4984.700
56 46 9139.800
56 47 2399.000
56 48 10119.500
56 49 4264.400
56 50 5139.100
56 51 6306.100
56 52 3918.600
56 53 2607.700
56 54 6230.300
56 55 1623.300
56 56 0.000
56 57 2452.000
56 58 9316.700
56 59 3341.100
56 60 9510.100
56 61 10490.000
56 62 9724.400
56 63 3857.000
56 64 9351.100
56 65 8419.900
56 66 3410.600
56 67 4110.100
56 68 5308.900
56 69 8386.700
56 70 7468.700
56 71 11074.500
56 72 10090.000
56 73 5474.200
56 74 4487.500
56 75 2693.600
56 76 7781.700
56 77 1236.500
56 78 12300.600
56 79 12932.800
56 80 4827.700
56 81 4956.100
56 82 2951.200
56 83 4251.200
56 84 10365.600
56 85 7946.700
56 86 3143.900
56 87 10396.900
56 88 4022.100
56 89 3313.800
56 90 4938.700
56 91 10113.800
56 92 4553.400
56 93 3205.700
56 94 4614.000
56 95 2982.900
56 96 4000.800
56 97 8819.500
56 98 3914.600
56 99 9424.700
56 100 6926.200
57 0 5828.400
57 1 12343.000
57 2 7239.300
57 3 2465.600
57 4 8767.600
57 5 7434.900
57 6 6411.400
57 7 9728.400
57 8 6514.700
57 9 3926.400
57 10 11525.900
57 11 6400.500
57 12 3927.800
57 13 4685.500
57 14 3050.600
57 15 9635.800
57 16 12525.300
57 17 9983.200
57 18 8404.700
57 19 6485.000
57 20 3889.700
57 21 8567.400
57 22 5229.100
57 23 2190.400
57 24 8020.100
57 25 5509.600
57 26 2633.400
57 27 2770.500
57 28 1914.000
57 29 11664.700
57 30 7700.000
57 31 2050.100
57 32 3202.900
57 33 7307.300
57 34 9018.600
57 35 2467.600
57 36 10736.200
57 37 7207.200
57 38 8193.100
57 39 3406.700
57 40 4758.300
57 41 9224.800
57 42 7015.100
57 43 4958.200
57 44 5338.000
57 45 7044.300
57 46 10676.400
57 47 1607.200
57 48 10021.700
57 49 2508.100
57 50 2126.800
57 51 7842.800
57 52 6496.900
57 53 2654.900
57 54 7766.900
57 55 4696.800
57 56 2917.800
57 57 0.000
57 58 9300.200
57 59 889.100
57 60 9513.300
57 61 10473.500
57 62 9707.900
57 63 6930.500
57 64 10887.700
57 65 8403.400
57 66 6016.800
57 67 2277.600
57 68 3283.400
57 69 8313.900
57 70 9005.300
57 71 10151.300
57 72 10073.500
57 73 5457.700
57 74 2655.100
57 75 1880.800
57 76 7708.900
57 77 2591.200
57 78 13837.200
57 79 14283.100
57 80 6364.300
57 81 4939.600
57 82 877.600
57 83 1799.100
57 84 10286.200
57 85 7435.400
57 86 5449.300
57 87 11403.600
57 88 4005.600
57 89 1784.500
57 90 8012.200
57 91 11650.400
57 92 7626.900
57 93 2533.900
57 94 4080.800
57 95 1226.600
57 96 3219.300
57 97 8308.200
57 98 6258.000
57 99 9408.200
57 100 8462.900
58 0 6911.400
58 1 8793.000
58 2 8322.300
58 3 7382.300
58 4 6512.600
58 5 9684.600
58 6 7494.400
58 7 1389.600
58 8 5331.700
58 9 5702.500
58 10 9878.100
58 11 8826.700
58 12 12169.000
58 13 5671.800
58 14 6938.400
58 15 6350.300
58 16 8475.000
58 17 8502.400
58 18 5178.600
58 19 7567.900
58 20 6618.100
58 21 1279.200
58 22 5109.300
58 23 11311.200
58 24 9538.400
58 25 7000.500
58 26 10005.800
58 27 9618.300
58 28 11779.700
58 29 11351.000
58 30 8695.500
58 31 10291.400
58 32 8150.900
58 33 2826.500
58 34 970.800
58 35 10806.100
58 36 2397.400
58 37 6209.000
58 38 6435.700
58 39 10806.100
58 40 8179.800
58 41 5641.300
58 42 10516.200
58 43 7776.300
58 44 4025.300
58 45 9397.000
58 46 9673.200
58 47 8616.500
58 48 6736.100
58 49 8030.500
58 50 9499.900
58 51 8925.800
58 52 9315.100
58 53 6953.600
58 54 8849.900
58 55 8728.300
58 56 8873.100
58 57 9333.900
58 58 0.000
58 59 9429.200
58 60 1739.900
58 61 4805.900
58 62 5308.300
58 63 7926.100
58 64 10574.000
58 65 2496.600
58 66 7248.600
58 67 10518.900
58 68 7512.900
58 69 1679.400
58 70 9495.400
58 71 5751.800
58 72 4153.000
58 73 8050.600
58 74 10896.300
58 75 7596.400
58 76 2361.200
58 77 9304.300
58 78 10478.700
58 79 11011.200
58 80 6143.100
58 81 5833.400
58 82 10211.500
58 83 10425.000
58 84 2500.900
58 85 2496.700
58 86 9321.400
58 87 8345.100
58 88 6598.500
58 89 10342.200
58 90 9007.700
58 91 11336.700
58 92 8728.800
58 93 12399.600
58 94 6006.100
58 95 8228.300
58 96 12509.700
58 97 2153.400
58 98 9765.200
58 99 2655.900
58 100 9545.800
59 0 6527.100
59 1 11793.100
59 2 7938.000
59 3 2127.000
59 4 9466.300
59 5 8324.500
59 6 7110.100
59 7 9572.200
59 8 6358.500
59 9 4573.700
59 10 13772.200
59 11 7099.200
59 12 3038.700
59 13 5234.000
59 14 3799.500
59 15 9479.600
59 16 12369.100
59 17 10681.800
59 18 8185.100
59 19 7183.600
59 20 4588.400
59 21 8228.700
59 22 5072.900
59 23 2180.800
59 24 8909.700
59 25 6208.200
59 26 3523.100
59 27 3660.100
59 28 2649.300
59 29 12363.400
59 30 8589.600
59 31 1161.000
59 32 3901.600
59 33 7151.000
59 34 8862.300
59 35 3357.300
59 36 10580.000
59 37 8012.700
59 38 8891.800
59 39 4296.300
59 40 4461.200
59 41 9068.600
59 42 7904.700
59 43 5656.900
59 44 5194.800
59 45 7933.900
59 46 11375.100
59 47 2305.900
59 48 9865.500
59 49 2211.000
59 50 1237.700
59 51 8541.500
59 52 7195.600
59 53 3111.900
59 54 8465.600
59 55 5586.400
59 56 3616.400
59 57 947.100
59 58 9144.000
59 59 0.000
59 60 9174.600
59 61 10317.300
59 62 9551.700
59 63 7820.100
59 64 11586.400
59 65 8247.200
59 66 6715.500
59 67 1388.500
59 68 2944.700
59 69 7864.800
59 70 9704.000
59 71 9995.100
59 72 9917.300
59 73 5301.500
59 74 1766.000
59 75 2202.900
59 76 7259.800
59 77 3289.800
59 78 14356.400
59 79 14126.900
59 80 7169.900
59 81 4783.400
59 82 1767.200
59 83 910.000
59 84 9947.500
59 85 7096.700
59 86 6338.900
59 87 11247.400
59 88 3849.400
59 89 1211.800
59 90 8901.800
59 91 12349.100
59 92 8516.500
59 93 3269.200
59 94 3783.700
59 95 1549.600
59 96 4113.300
59 97 7969.600
59 98 7147.600
59 99 9252.000
59 100 9161.500
60 0 7273.700
60 1 10408.300
60 2 8684.600
60 3 7301.900
60 4 8127.900
60 5 10047.000
60 6 7856.800
60 7 3004.900
60 8 5694.100
60 9 6064.900
60 10 11493.400
60 11 9189.100
60 12 10972.700
60 13 6034.100
60 14 7300.800
60 15 7965.600
60 16 10090.300
60 17 10117.700
60 18 6793.900
60 19 7930.300
60 20 6980.500
60 21 1330.600
60 22 5471.600
60 23 11673.500
60 24 9900.700
60 25 7362.800
60 26 10368.100
60 27 9980.600
60 28 12142.100
60 29 12966.200
60 30 9057.900
60 31 10653.700
60 32 8513.200
60 33 3188.800
60 34 2355.400
60 35 11168.500
60 36 2041.600
60 37 7348.300
60 38 8051.000
60 39 11168.400
60 40 9153.300
60 41 7256.600
60 42 10878.500
60 43 8138.700
60 44 4387.700
60 45 9759.300
60 46 11288.400
60 47 8978.800
60 48 8351.400
60 49 7950.100
60 50 9419.500
60 51 9288.100
60 52 9677.400
60 53 7315.900
60 54 9212.200
60 55 9090.600
60 56 9235.400
60 57 9253.500
60 58 1877.100
60 59 9348.800
60 60 0.000
60 61 6421.200
60 62 6923.600
60 63 8288.400
60 64 12189.300
60 65 2784.500
60 66 7610.900
60 67 10881.200
60 68 7432.500
60 69 2041.800
60 70 10450.600
60 71 7367.100
60 72 5768.200
60 73 8412.900
60 74 11258.700
60 75 7958.700
60 76 2723.600
60 77 9666.600
60 78 12094.000
60 79 12626.500
60 80 6505.500
60 81 6195.700
60 82 10131.100
60 83 10344.600
60 84 765.400
60 85 2416.300
60 86 9683.700
60 87 9960.400
60 88 6960.800
60 89 10704.500
60 90 9370.100
60 91 12951.900
60 92 9091.200
60 93 12762.000
60 94 7780.400
60 95 8147.900
60 96 12872.000
60 97 2208.900
60 98 10127.600
60 99 4271.100
60 100 9908.200
61 0 6790.500
61 1 3682.200
61 2 5113.200
61 3 10160.400
61 4 4019.200
61 5 10691.700
61 6 6298.400
61 7 3856.800
61 8 4593.800
61 9 6784.400
61 10 5753.400
61 11 9573.100
61 12 13250.900
61 13 6753.700
61 14 8020.300
61 15 2225.600
61 16 4350.300
61 17 4377.800
61 18 3778.900
61 19 6533.100
61 20 7700.000
61 21 5802.500
61 22 6388.600
61 23 12393.100
61 24 9504.700
61 25 8082.400
61 26 11087.700
61 27 10700.200
61 28 12861.600
61 29 7226.300
61 30 8723.100
61 31 11373.300
61 32 9232.800
61 33 7349.800
61 34 5453.600
61 35 11888.000
61 36 4864.700
61 37 4976.400
61 38 5522.700
61 39 11888.000
61 40 9261.700
61 41 2442.700
61 42 10447.100
61 43 8858.200
61 44 7674.700
61 45 10404.000
61 46 5548.500
61 47 9698.400
61 48 2611.500
61 49 10074.700
61 50 10607.100
61 51 6752.600
61 52 10397.000
61 53 8035.500
61 54 6740.200
61 55 9810.200
61 56 9955.000
61 57 10303.900
61 58 4785.200
61 59 10536.300
61 60 6263.200
61 61 0.000
61 62 1034.300
61 63 6941.300
61 64 6449.300
61 65 5586.600
61 66 8330.500
61 67 11600.800
61 68 9278.600
61 69 6202.700
61 70 5370.800
61 71 1378.800
61 72 559.600
61 73 9132.500
61 74 11978.300
61 75 8678.300
61 76 6884.600
61 77 10386.200
61 78 6354.100
61 79 6886.600
61 80 5889.200
61 81 7953.300
61 82 11181.500
61 83 11446.400
61 84 7024.200
61 85 7020.000
61 86 10915.100
61 87 3204.000
61 88 7680.400
61 89 11424.100
61 90 8010.900
61 91 7212.000
61 92 8765.000
61 93 13481.500
61 94 8583.700
61 95 9301.200
61 96 13591.600
61 97 6676.700
61 98 10632.800
61 99 4788.500
61 100 6265.500
62 0 6176.500
62 1 3794.700
62 2 4368.800
62 3 9321.800
62 4 3274.800
62 5 9947.300
62 6 5554.000
62 7 3933.400
62 8 3755.200
62 9 5945.800
62 10 5009.000
62 11 8828.700
62 12 12412.400
62 13 5915.100
62 14 7181.800
62 15 1481.200
62 16 3605.900
62 17 3633.300
62 18 2940.300
62 19 5788.700
62 20 6861.500
62 21 5879.100
62 22 5550.000
62 23 11554.500
62 24 8760.300
62 25 7070.600
62 26 10249.100
62 27 9861.600
62 28 12023.000
62 29 6481.900
62 30 7978.700
62 31 10534.700
62 32 8394.200
62 33 6639.800
62 34 5530.200
62 35 11049.400
62 36 4941.200
62 37 4137.800
62 38 4778.300
62 39 11049.400
62 40 8423.100
62 41 1604.100
62 42 9702.700
62 43 7846.500
62 44 6836.100
62 45 9659.600
62 46 4804.100
62 47 8859.800
62 48 1867.100
62 49 9236.100
62 50 9768.500
62 51 6008.200
62 52 9168.000
62 53 7196.900
62 54 5995.800
62 55 8971.600
62 56 9116.400
62 57 9465.300
62 58 4861.800
62 59 9697.700
62 60 6339.800
62 61 823.200
62 62 0.000
62 63 6196.900
62 64 5704.900
62 65 5663.100
62 66 7318.800
62 67 10762.200
62 68 8440.000
62 69 6279.300
62 70 4626.400
62 71 979.800
62 72 917.000
62 73 8293.900
62 74 11139.700
62 75 7839.700
62 76 6961.100
62 77 9547.600
62 78 5609.600
62 79 6142.200
62 80 5050.600
62 81 7114.700
62 82 10342.900
62 83 10607.800
62 84 7100.800
62 85 7096.600
62 86 10170.700
62 87 3249.100
62 88 6841.800
62 89 10585.500
62 90 7266.500
62 91 6467.600
62 92 8020.600
62 93 12642.900
62 94 7745.100
62 95 8462.700
62 96 12753.000
62 97 6753.300
62 98 9888.400
62 99 4865.100
62 100 5521.100
63 0 2079.500
63 1 6939.700
63 2 1850.400
63 3 7683.000
63 4 3378.700
63 5 3899.700
63 6 1245.100
63 7 8419.600
63 8 5005.400
63 9 4443.500
63 10 6122.600
63 11 2781.100
63 12 9750.300
63 13 3342.300
63 14 4646.600
63 15 5166.400
63 16 6430.200
63 17 4579.900
63 18 4840.900
63 19 1079.300
63 20 3840.600
63 21 7337.400
63 22 4925.600
63 23 7812.500
63 24 3753.400
63 25 2070.100
63 26 5486.900
63 27 4719.600
63 28 7359.700
63 29 6261.400
63 30 1387.300
63 31 8067.500
63 32 4164.100
63 33 6014.400
63 34 7725.700
63 35 6181.200
63 36 9427.400
63 37 3949.000
63 38 2804.200
63 39 6164.800
63 40 7596.300
63 41 6244.100
63 42 4731.200
63 43 2723.600
63 44 5994.300
63 45 3612.000
63 46 5273.100
63 47 5830.300
63 48 6252.900
63 49 7725.400
63 50 8595.800
63 51 2439.500
63 52 3582.500
63 53 5545.600
63 54 2363.600
63 55 3427.300
63 56 4352.900
63 57 6557.400
63 58 8007.300
63 59 7446.500
63 60 8200.700
63 61 6906.500
63 62 6149.100
63 63 0.000
63 64 5484.400
63 65 7110.600
63 66 1684.200
63 67 8100.100
63 68 7614.300
63 69 7315.000
63 70 3602.000
63 71 6592.600
63 72 7252.900
63 73 7669.500
63 74 8477.600
63 75 5790.700
63 76 6997.100
63 77 5368.600
63 78 8433.900
63 79 9066.200
63 80 3106.200
63 81 6489.300
63 82 6941.200
63 83 8356.600
63 84 9056.200
63 85 8132.200
63 86 4123.100
63 87 6530.300
63 88 6217.400
63 89 7303.900
63 90 1699.500
63 91 6247.100
63 92 1973.000
63 93 7195.700
63 94 6919.400
63 95 6443.900
63 96 7692.300
63 97 7788.900
63 98 3840.800
63 99 8099.400
63 100 3059.600
64 0 5112.200
64 1 5041.400
64 2 3304.400
64 3 11477.500
64 4 2598.700
64 5 7366.700
64 6 4489.600
64 7 8941.800
64 8 5638.100
64 9 8238.100
64 10 3145.400
64 11 6248.200
64 12 14077.000
64 13 7136.900
64 14 8441.100
64 15 4164.700
64 16 3523.900
64 17 2681.500
64 18 4060.900
64 19 4167.800
64 20 7635.200
64 21 10887.500
64 22 8720.200
64 23 12139.200
64 24 6179.800
64 25 6061.800
64 26 9813.600
64 27 9426.100
64 28 11686.400
64 29 1626.600
64 30 5398.200
64 31 12394.100
64 32 7958.700
64 33 9808.900
64 34 10538.600
64 35 10613.900
64 36 9949.600
64 37 5258.400
64 38 3713.900
64 39 10613.900
64 40 11390.800
64 41 5242.500
64 42 7122.200
64 43 6837.600
64 44 9788.900
64 45 7079.000
64 46 2295.900
64 47 9624.900
64 48 4354.600
64 49 11520.000
64 50 12390.400
64 51 3427.700
64 52 7589.600
64 53 9340.200
64 54 3415.300
64 55 8281.200
64 56 8680.900
64 57 10352.000
64 58 9870.200
64 59 11241.100
64 60 11348.200
64 61 5904.900
64 62 5147.500
64 63 5171.300
64 64 0.000
64 65 10019.700
64 66 6309.900
64 67 12426.800
64 68 11408.900
64 69 11109.600
64 70 1398.600
64 71 5309.600
64 72 6251.300
64 73 11464.100
64 74 12804.300
64 75 9585.200
64 76 10791.700
64 77 9163.200
64 78 6535.600
64 79 4431.300
64 80 6900.700
64 81 10283.900
64 82 11267.900
64 83 12151.100
64 84 12764.000
64 85 11926.800
64 86 7590.200
64 87 4632.000
64 88 10012.000
64 89 11630.500
64 90 5576.400
64 91 1612.300
64 92 5440.100
64 93 11522.400
64 94 10714.000
64 95 10238.500
64 96 12317.500
64 97 11583.500
64 98 7307.800
64 99 8966.600
64 100 2940.500
65 0 5398.200
65 1 7485.500
65 2 6809.100
65 3 7565.300
65 4 5211.600
65 5 8171.500
65 6 5981.200
65 7 2171.100
65 8 3818.500
65 9 4189.300
65 10 8699.800
65 11 7313.500
65 12 10655.900
65 13 4158.600
65 14 5425.300
65 15 5172.000
65 16 7296.700
65 17 7324.200
65 18 3877.600
65 19 6054.800
65 20 5105.000
65 21 2165.100
65 22 3596.100
65 23 9798.000
65 24 8025.200
65 25 5487.300
65 26 8492.600
65 27 8105.100
65 28 10266.500
65 29 10172.700
65 30 7182.400
65 31 8778.200
65 32 6637.700
65 33 2613.300
65 34 1358.200
65 35 9292.900
65 36 3178.900
65 37 5472.800
65 38 5134.600
65 39 9292.900
65 40 6666.600
65 41 4761.100
65 42 9003.000
65 43 6263.200
65 44 4665.800
65 45 7883.800
65 46 8494.900
65 47 7103.300
65 48 5557.900
65 49 7479.600
65 50 8012.000
65 51 7412.600
65 52 7801.900
65 53 5440.400
65 54 7336.700
65 55 7215.100
65 56 7359.900
65 57 7708.800
65 58 2476.700
65 59 7941.200
65 60 2625.900
65 61 5587.500
65 62 5244.100
65 63 6412.900
65 64 9395.800
65 65 0.000
65 66 5735.400
65 67 9005.700
65 68 6683.500
65 69 2565.300
65 70 8575.100
65 71 5687.600
65 72 4934.500
65 73 6537.400
65 74 9383.200
65 75 6083.200
65 76 2539.400
65 77 7791.100
65 78 9300.500
65 79 9833.000
65 80 4629.900
65 81 5160.900
65 82 8586.400
65 83 8851.300
65 84 3386.800
65 85 3382.600
65 86 7808.200
65 87 6939.900
65 88 5085.300
65 89 8829.000
65 90 7494.600
65 91 10158.400
65 92 7215.700
65 93 10886.400
65 94 5988.600
65 95 6706.200
65 96 10996.500
65 97 3039.300
65 98 8252.000
65 99 2493.200
65 100 8032.700
66 0 2143.800
66 1 8045.300
66 2 2956.000
66 3 6958.000
66 4 4484.400
66 5 2437.300
66 6 2726.900
66 7 7715.600
66 8 4301.400
66 9 3739.500
66 10 7228.300
66 11 1579.300
66 12 8739.900
66 13 2638.300
66 14 3921.600
66 15 6272.000
66 16 7535.800
66 17 5685.500
66 18 4442.500
66 19 2185.000
66 20 3115.700
66 21 6633.400
66 22 4221.600
66 23 6802.200
66 24 2291.000
66 25 830.200
66 26 4476.600
66 27 3709.200
66 28 6349.400
66 29 7367.000
66 30 1473.900
66 31 7057.100
66 32 3439.200
66 33 5310.400
66 34 7021.700
66 35 5170.900
66 36 8723.400
66 37 3245.000
66 38 3909.900
66 39 5154.400
66 40 6871.300
66 41 5848.700
66 42 3268.800
66 43 1606.100
66 44 5290.300
66 45 2149.600
66 46 6378.800
66 47 5105.400
66 48 7358.500
66 49 7000.500
66 50 7870.900
66 51 3545.100
66 52 2185.300
66 53 4820.700
66 54 3944.800
66 55 2416.900
66 56 3342.600
66 57 5832.500
66 58 7303.300
66 59 6721.600
66 60 7496.700
66 61 8012.200
66 62 7254.800
66 63 1248.000
66 64 6590.100
66 65 6406.600
66 66 0.000
66 67 7089.800
66 68 6889.400
66 69 6611.000
66 70 4707.600
66 71 7698.200
66 72 8060.700
66 73 6965.500
66 74 7467.300
66 75 5065.700
66 76 6293.100
66 77 4643.700
66 78 9539.600
66 79 10171.800
66 80 2402.200
66 81 5785.300
66 82 5930.900
66 83 7631.600
66 84 8352.200
66 85 7428.200
66 86 2874.900
66 87 7635.900
66 88 5513.400
66 89 6293.500
66 90 2329.600
66 91 7352.700
66 92 1481.500
66 93 6185.400
66 94 6194.500
66 95 5719.000
66 96 6682.000
66 97 7084.900
66 98 2517.800
66 99 7395.400
66 100 4165.200
67 0 7738.000
67 1 13574.000
67 2 9148.800
67 3 3925.900
67 4 10677.100
67 5 7663.400
67 6 8321.000
67 7 11353.100
67 8 8139.300
67 9 6362.100
67 10 15553.100
67 11 7020.800
67 12 1252.300
67 13 7413.900
67 14 5995.100
67 15 11260.500
67 16 14150.000
67 17 11892.700
67 18 9966.000
67 19 8394.500
67 20 6957.600
67 21 10255.000
67 22 6861.300
67 23 792.300
67 24 8248.500
67 25 7010.500
67 26 3479.100
67 27 3468.800
67 28 1339.800
67 29 13574.300
67 30 8377.600
67 31 1330.200
67 32 5112.500
67 33 8931.900
67 34 10643.200
67 35 2696.100
67 36 12360.900
67 37 9793.600
67 38 10102.700
67 39 3635.200
67 40 6850.800
67 41 10849.500
67 42 7243.600
67 43 6420.600
67 44 6983.200
67 45 7272.800
67 46 15348.200
67 47 4162.000
67 48 11646.300
67 49 4010.000
67 50 3036.700
67 51 9752.300
67 52 7269.600
67 53 5254.700
67 54 9676.500
67 55 5395.100
67 56 4150.400
67 57 2803.200
67 58 10924.900
67 59 3047.400
67 60 11118.300
67 61 12098.200
67 62 11332.600
67 63 7628.800
67 64 12797.300
67 65 10028.100
67 66 7182.400
67 67 0.000
67 68 4743.700
67 69 10232.600
67 70 10914.900
67 71 11776.000
67 72 11698.200
67 73 7082.400
67 74 1740.300
67 75 4435.500
67 76 9354.100
67 77 4172.900
67 78 16137.200
67 79 15907.700
67 80 8950.700
67 81 6571.800
67 82 2589.700
67 83 2690.500
67 84 11973.800
67 85 9519.200
67 86 5677.800
67 87 13028.300
67 88 5637.900
67 89 1424.900
67 90 8330.800
67 91 13560.000
67 92 7553.900
67 93 1959.800
67 94 6172.800
67 95 3781.300
67 96 2724.800
67 97 10392.000
67 98 6486.500
67 99 11032.900
67 100 10372.400
68 0 7706.800
68 1 11702.800
68 2 9117.700
68 3 1201.900
68 4 10646.000
68 5 10529.300
68 6 8289.800
68 7 7798.200
68 8 6268.200
68 9 4483.400
68 10 13681.900
68 11 8278.900
68 12 5556.500
68 13 5535.200
68 14 4155.400
68 15 9389.300
68 16 12278.800
68 17 11541.500
68 18 8094.900
68 19 8363.300
68 20 5117.900
68 21 5488.500
68 22 4982.600
68 23 5107.400
68 24 10005.900
68 25 7387.900
68 26 5808.300
68 27 5420.800
68 28 5071.200
68 29 13543.100
68 30 9209.000
68 31 4087.700
68 32 5367.900
68 33 6292.700
68 34 7246.600
68 35 5624.800
68 36 8806.100
68 37 7922.400
68 38 10071.500
68 39 6608.600
68 40 4672.600
68 41 8978.400
68 42 10109.500
68 43 6836.600
68 44 5104.500
68 45 9447.400
68 46 13477.000
68 47 3365.000
68 48 9775.200
68 49 1853.800
68 50 3323.200
68 51 9721.200
68 52 8375.300
68 53 3557.300
68 54 9645.300
68 55 6205.800
68 56 4675.600
68 57 3157.200
68 58 6670.500
68 59 3252.500
68 60 6434.400
68 61 10227.000
68 62 9461.400
68 63 8439.500
68 64 12766.100
68 65 8157.000
68 66 7895.200
68 67 4315.200
68 68 0.000
68 69 5960.400
68 70 10883.700
68 71 9904.900
68 72 9827.000
68 73 5211.200
68 74 4692.600
68 75 2648.200
68 76 5355.400
68 77 4349.000
68 78 14266.100
68 79 14036.600
68 80 7079.600
68 81 3301.000
68 82 4034.800
68 83 4162.500
68 84 7207.300
68 85 4356.500
68 86 7726.300
68 87 11157.200
68 88 3759.200
68 89 4138.500
68 90 9521.200
68 91 13528.800
68 92 9135.900
68 93 5691.100
68 94 3299.600
68 95 2051.600
68 96 6376.400
68 97 5229.400
68 98 8497.100
68 99 9064.500
68 100 10341.200
69 0 6346.600
69 1 10207.600
69 2 7757.500
69 3 6687.000
69 4 7927.200
69 5 9119.800
69 6 6929.600
69 7 2804.200
69 8 4766.900
69 9 4040.500
69 10 11292.600
69 11 8261.900
69 12 10403.000
69 13 5107.000
69 14 5165.000
69 15 7764.800
69 16 9889.500
69 17 9917.000
69 18 6593.200
69 19 7003.100
69 20 4865.100
69 21 1006.500
69 22 4544.500
69 23 9545.100
69 24 8973.600
69 25 6435.600
69 26 8232.300
69 27 7844.800
69 28 10013.700
69 29 12182.900
69 30 8130.700
69 31 8525.400
69 32 6377.400
69 33 1751.200
69 34 2154.700
69 35 9032.600
69 36 3812.000
69 37 6421.100
69 38 7850.200
69 39 9032.600
69 40 6406.300
69 41 7055.900
69 42 9951.400
69 43 6560.900
69 44 2345.900
69 45 8832.100
69 46 11087.700
69 47 6810.600
69 48 8150.700
69 49 7335.300
69 50 7751.700
69 51 8361.000
69 52 7961.200
69 53 5200.600
69 54 8285.100
69 55 6975.300
69 56 7099.600
69 57 7424.100
69 58 1676.400
69 59 7681.000
69 60 1869.900
69 61 6220.500
69 62 6722.900
69 63 7361.300
69 64 11405.900
69 65 3295.000
69 66 6683.800
69 67 8752.900
69 68 6817.700
69 69 0.000
69 70 9523.500
69 71 7166.400
69 72 5567.500
69 73 6277.100
69 74 9130.300
69 75 5798.500
69 76 681.800
69 77 7506.400
69 78 11893.300
69 79 12521.900
69 80 5578.300
69 81 4154.000
69 82 8301.700
69 83 8591.000
69 84 2725.300
69 85 1801.400
69 86 7568.400
69 87 9759.700
69 88 4256.600
69 89 8576.200
69 90 8442.900
69 91 12168.600
69 92 8164.000
69 93 9941.100
69 94 4326.700
69 95 6451.700
69 96 10736.200
69 97 1458.100
69 98 8339.100
69 99 4070.400
69 100 8981.000
70 0 4189.800
70 1 4119.000
70 2 2382.000
70 3 9887.400
70 4 1676.300
70 5 5776.600
70 6 3567.200
70 7 8019.400
70 8 4715.700
70 9 6648.000
70 10 3174.700
70 11 4658.100
70 12 12486.800
70 13 5546.700
70 14 6851.000
70 15 3242.300
70 16 3609.500
70 17 1759.100
70 18 3138.500
70 19 2577.600
70 20 6045.000
70 21 9965.100
70 22 7130.000
70 23 10549.100
70 24 4589.600
70 25 4471.600
70 26 8223.400
70 27 7836.000
70 28 10096.200
70 29 3313.500
70 30 3808.100
70 31 10804.000
70 32 6368.500
70 33 8218.800
70 34 9616.200
70 35 9023.800
70 36 9027.200
70 37 4336.000
70 38 2791.500
70 39 9023.800
70 40 9800.700
70 41 4320.100
70 42 5532.000
70 43 5247.500
70 44 8198.800
70 45 5488.900
70 46 2325.200
70 47 8034.700
70 48 3432.200
70 49 9929.800
70 50 10800.200
70 51 1622.200
70 52 5999.400
70 53 7750.000
70 54 1825.100
70 55 6691.000
70 56 7090.700
70 57 8761.900
70 58 8947.800
70 59 9651.000
70 60 10425.800
70 61 4982.500
70 62 4225.100
70 63 3581.100
70 64 2536.600
70 65 9097.300
70 66 4719.700
70 67 10836.600
70 68 9818.700
70 69 9519.400
70 70 0.000
70 71 4387.200
70 72 5328.900
70 73 9873.900
70 74 11214.100
70 75 7995.100
70 76 9201.600
70 77 7573.000
70 78 5613.200
70 79 6118.300
70 80 5310.600
70 81 8693.800
70 82 9677.800
70 83 10561.000
70 84 11841.600
70 85 10336.700
70 86 6000.100
70 87 3709.600
70 88 8421.800
70 89 10040.400
70 90 3986.300
70 91 3299.200
70 92 3850.000
70 93 9932.300
70 94 9123.800
70 95 8648.300
70 96 10727.400
70 97 9993.400
70 98 5717.700
70 99 8044.200
70 100 1350.400
71 0 6677.600
71 1 2882.100
71 2 4869.900
71 3 10169.500
71 4 3775.900
71 5 10241.400
71 6 6055.100
71 7 4871.900
71 8 4602.900
71 9 6793.500
71 10 4669.400
71 11 9122.900
71 12 13260.100
71 13 6762.800
71 14 8029.500
71 15 1982.300
71 16 3266.300
71 17 3927.500
71 18 3788.000
71 19 7042.500
71 20 7709.200
71 21 6817.500
71 22 6397.700
71 23 12402.200
71 24 9054.500
71 25 8936.400
71 26 11096.800
71 27 10709.300
71 28 12870.700
71 29 6776.000
71 30 8272.900
71 31 11382.400
71 32 9241.900
71 33 7487.500
71 34 6468.600
71 35 11897.100
71 36 5879.700
71 37 4985.500
71 38 5279.400
71 39 11897.100
71 40 9270.800
71 41 2451.800
71 42 9996.800
71 43 9712.300
71 44 7683.800
71 45 9953.700
71 46 4464.400
71 47 9707.500
71 48 954.500
71 49 10083.800
71 50 10616.200
71 51 6302.400
71 52 10464.200
71 53 8044.600
71 54 6289.900
71 55 11155.800
71 56 9964.100
71 57 10313.000
71 58 5800.200
71 59 10545.400
71 60 7278.300
71 61 1491.300
71 62 1066.600
71 63 6698.000
71 64 5999.100
71 65 6601.600
71 66 9184.600
71 67 11609.900
71 68 9287.700
71 69 7217.800
71 70 4920.500
71 71 0.000
71 72 1849.400
71 73 9141.600
71 74 11987.400
71 75 8687.400
71 76 7899.600
71 77 10395.300
71 78 5270.000
71 79 6264.500
71 80 5898.300
71 81 7962.400
71 82 11190.600
71 83 11455.500
71 84 8039.300
71 85 8035.000
71 86 10464.900
71 87 2336.500
71 88 7689.500
71 89 11433.200
71 90 8451.100
71 91 6761.700
71 92 8314.800
71 93 13490.600
71 94 8592.800
71 95 9310.400
71 96 13600.700
71 97 7691.700
71 98 10182.500
71 99 5803.600
71 100 5815.200
72 0 6404.000
72 1 4885.500
72 2 5459.600
72 3 9773.900
72 4 4365.600
72 5 10380.000
72 6 6644.800
72 7 3203.800
72 8 4207.300
72 9 6397.900
72 10 6099.800
72 11 9919.500
72 12 12864.400
72 13 6367.200
72 14 7633.800
72 15 2572.000
72 16 4696.700
72 17 4724.100
72 18 3392.400
72 19 6879.400
72 20 7313.500
72 21 5149.500
72 22 6002.100
72 23 12006.600
72 24 9851.100
72 25 7695.900
72 26 10701.200
72 27 10313.700
72 28 12475.100
72 29 7572.700
72 30 9069.500
72 31 10986.800
72 32 8846.300
72 33 6696.800
72 34 4800.600
72 35 11501.500
72 36 4211.700
72 37 4589.900
72 38 4649.400
72 39 11501.500
72 40 8875.200
72 41 2056.200
72 42 10793.500
72 43 8471.700
72 44 7288.200
72 45 10092.400
72 46 5894.900
72 47 9311.900
72 48 2957.800
72 49 9688.200
72 50 10220.500
72 51 7099.000
72 52 10010.500
72 53 7649.000
72 54 7086.600
72 55 9423.700
72 56 9568.500
72 57 9917.400
72 58 4132.200
72 59 10149.800
72 60 5610.300
72 61 559.600
72 62 1627.200
72 63 7287.700
72 64 6795.700
72 65 4933.600
72 66 7944.000
72 67 11214.300
72 68 8892.100
72 69 5549.700
72 70 5717.100
72 71 2070.600
72 72 0.000
72 73 8746.000
72 74 11591.700
72 75 8291.800
72 76 6231.600
72 77 9999.700
72 78 6700.400
72 79 7232.900
72 80 5502.700
72 81 7566.800
72 82 10795.000
72 83 11059.900
72 84 6371.200
72 85 6367.000
72 86 10016.800
72 87 4339.800
72 88 7293.900
72 89 11037.600
72 90 8357.300
72 91 7558.400
72 92 9111.400
72 93 13095.000
72 94 8197.200
72 95 8914.700
72 96 13205.100
72 97 6023.700
72 98 10979.100
72 99 4135.500
72 100 6611.800
73 0 14857.100
73 1 9220.500
73 2 12145.500
73 3 17926.100
73 4 10829.400
73 5 15560.500
73 6 13407.700
73 7 14113.500
73 8 12359.600
73 9 14550.200
73 10 8470.700
73 11 14442.000
73 12 21016.700
73 13 14519.400
73 14 15786.100
73 15 9738.900
73 16 7067.600
73 17 9246.600
73 18 11544.600
73 19 12361.600
73 20 15829.000
73 21 16059.100
73 22 14154.300
73 23 20158.800
73 24 14373.600
73 25 14255.600
73 26 18007.400
73 27 17619.900
73 28 19880.200
73 29 11264.100
73 30 13592.000
73 31 19139.000
73 32 16152.500
73 33 15244.100
73 34 15710.200
73 35 18807.700
73 36 15121.300
73 37 12742.100
73 38 12554.900
73 39 18807.700
73 40 17027.400
73 41 10208.500
73 42 15316.000
73 43 15031.400
73 44 15440.400
73 45 15272.800
73 46 8265.800
73 47 17818.700
73 48 8533.700
73 49 17840.400
73 50 18372.800
73 51 11621.500
73 52 15783.400
73 53 15801.200
73 54 11609.100
73 55 16475.000
73 56 16874.700
73 57 18545.800
73 58 15041.800
73 59 18302.100
73 60 16519.900
73 61 11355.600
73 62 10572.500
73 63 13365.100
73 64 10969.000
73 65 14985.700
73 66 14503.700
73 67 19366.500
73 68 17044.300
73 69 16459.400
73 70 10239.600
73 71 9488.700
73 72 11553.000
73 73 0.000
73 74 19744.000
73 75 16444.000
73 76 16226.900
73 77 17357.000
73 78 9054.800
73 79 8825.300
73 80 13655.000
73 81 15719.100
73 82 19461.700
73 83 19212.100
73 84 17280.900
73 85 17276.600
73 86 15784.000
73 87 8811.100
73 88 15446.100
73 89 19189.800
73 90 13770.200
73 91 9778.800
73 92 13633.900
73 93 19716.200
73 94 16349.400
73 95 17067.000
73 96 20511.300
73 97 16933.300
73 98 15501.600
73 99 13932.600
73 100 11134.300
74 0 8365.700
74 1 13693.600
74 2 9776.500
74 3 4045.600
74 4 11304.800
74 5 8749.500
74 6 8948.700
74 7 11472.700
74 8 8259.000
74 9 6481.700
74 10 15672.700
74 11 8419.700
74 12 1432.900
74 13 7533.600
74 14 6114.700
74 15 11380.100
74 16 14269.600
74 17 12520.400
74 18 10085.700
74 19 9022.200
74 20 7077.200
74 21 9454.700
74 22 6980.900
74 23 2562.800
74 24 9334.600
74 25 7638.200
74 26 3959.400
74 27 4096.500
74 28 3084.600
74 29 14201.900
74 30 9026.000
74 31 1236.100
74 32 5740.100
74 33 9051.600
74 34 10762.900
74 35 3782.200
74 36 12480.600
74 37 9913.200
74 38 10730.400
74 39 4721.200
74 40 6970.400
74 41 10969.200
74 42 8329.700
74 43 7048.300
74 44 7102.900
74 45 8358.900
74 46 15467.800
74 47 4628.400
74 48 11766.000
74 49 4129.600
74 50 3156.300
74 51 10380.000
74 52 8318.000
74 53 5374.300
74 54 10304.200
74 55 6022.800
74 56 4778.000
74 57 3269.600
74 58 11044.500
74 59 2450.200
74 60 10400.600
74 61 12217.800
74 62 11452.200
74 63 8256.500
74 64 13425.000
74 65 10147.800
74 66 7810.100
74 67 1770.500
74 68 4863.400
74 69 10352.200
74 70 11542.600
74 71 11895.700
74 72 11817.800
74 73 7202.000
74 74 0.000
74 75 4320.500
74 76 9473.800
74 77 4800.600
74 78 16256.900
74 79 16027.400
74 80 9070.400
74 81 6691.400
74 82 3197.100
74 83 1237.700
74 84 11173.500
74 85 8322.700
74 86 6763.800
74 87 13148.000
74 88 5757.500
74 89 1593.800
74 90 9338.200
74 91 14187.700
74 92 8952.800
74 93 3704.500
74 94 6292.400
74 95 3667.300
74 96 4544.200
74 97 9195.500
74 98 7572.600
74 99 11152.500
74 100 11000.100
75 0 5148.000
75 1 10203.500
75 2 6558.900
75 3 1892.300
75 4 8087.200
75 5 7970.500
75 6 5731.000
75 7 7982.600
75 8 4600.300
75 9 2180.600
75 10 12182.600
75 11 5720.100
75 12 5209.100
75 13 3031.100
75 14 1596.600
75 15 7890.000
75 16 10779.500
75 17 9302.700
75 18 6937.800
75 19 5804.500
75 20 2559.100
75 21 6884.400
75 22 3449.800
75 23 3925.900
75 24 7447.100
75 25 4829.100
75 26 3506.600
75 27 3119.100
75 28 3649.500
75 29 10984.300
75 30 6650.200
75 31 3331.400
75 32 2659.100
75 33 5561.400
75 34 7272.700
75 35 4306.900
75 36 8990.400
75 37 5740.300
75 38 7512.700
75 39 4306.900
75 40 3577.000
75 41 7479.000
75 42 7550.700
75 43 4277.800
75 44 3592.100
75 45 6888.600
75 46 9996.000
75 47 1012.100
75 48 8275.800
75 49 1934.700
75 50 2809.400
75 51 7162.400
75 52 5816.500
75 53 909.100
75 54 7086.500
75 55 3647.000
75 56 2373.900
75 57 1735.500
75 58 7554.300
75 59 2170.400
75 60 7747.800
75 61 8727.600
75 62 7962.100
75 63 5880.700
75 64 10207.300
75 65 6657.600
75 66 5336.400
75 67 3558.900
75 68 2710.100
75 69 6568.100
75 70 8324.900
75 71 8405.500
75 72 8327.700
75 73 3711.900
75 74 3936.400
75 75 0.000
75 76 5963.000
75 77 1996.100
75 78 12766.700
75 79 12537.200
75 80 4897.500
75 81 3193.800
75 82 2613.100
75 83 3080.500
75 84 8603.200
75 85 6128.100
75 86 5167.500
75 87 9657.800
75 88 2259.800
75 89 3382.200
75 90 6962.400
75 91 10970.000
75 92 6577.100
75 93 4269.400
75 94 2900.100
75 95 653.200
75 96 4954.700
75 97 7000.900
75 98 5938.300
75 99 7662.400
75 100 7782.400
76 0 5741.800
76 1 9576.300
76 2 7152.700
76 3 6079.300
76 4 8681.000
76 5 8515.100
76 6 6324.800
76 7 3916.800
76 8 4162.200
76 9 3358.700
76 10 11562.500
76 11 7183.000
76 12 9721.200
76 13 4410.500
76 14 4483.200
76 15 7262.800
76 16 10159.400
76 17 9415.000
76 18 5968.400
76 19 6398.400
76 20 4183.300
76 21 2119.200
76 22 3497.600
76 23 8863.300
76 24 8368.800
76 25 5830.900
76 26 7550.500
76 27 7163.000
76 28 9331.900
76 29 11578.100
76 30 7526.000
76 31 7843.500
76 32 5695.600
76 33 1069.400
76 34 2986.500
76 35 8350.800
76 36 4924.600
76 37 5816.400
76 38 8106.500
76 39 8350.800
76 40 5724.500
76 41 6851.900
76 42 9256.000
76 43 5879.000
76 44 1664.100
76 45 8227.400
76 46 11357.600
76 47 6128.800
76 48 7648.700
76 49 6727.500
76 50 7069.900
76 51 7756.200
76 52 7279.400
76 53 4518.800
76 54 7680.300
76 55 6293.500
76 56 6417.800
76 57 6742.300
76 58 2789.000
76 59 6999.100
76 60 2982.500
76 61 7333.100
76 62 7835.500
76 63 6756.500
76 64 10801.100
76 65 2690.200
76 66 6079.000
76 67 8071.000
76 68 6209.900
76 69 681.800
76 70 8918.700
76 71 8279.000
76 72 6680.100
76 73 5595.300
76 74 8448.500
76 75 5116.600
76 76 0.000
76 77 6824.500
76 78 11391.300
76 79 11917.200
76 80 4973.600
76 81 3472.200
76 82 7619.900
76 83 7909.200
76 84 3838.000
76 85 2006.700
76 86 6886.500
76 87 9030.700
76 88 3574.800
76 89 7894.400
76 90 7838.200
76 91 11563.800
76 92 7559.300
76 93 9259.300
76 94 3644.800
76 95 5769.900
76 96 10054.400
76 97 2570.700
76 98 7657.300
76 99 5183.000
76 100 8376.300
77 0 5180.900
77 1 11695.400
77 2 6591.700
77 3 2490.900
77 4 8120.000
77 5 6494.800
77 6 5763.900
77 7 9301.100
77 8 6087.400
77 9 3499.100
77 10 10878.300
77 11 5753.000
77 12 5143.200
77 13 4051.400
77 14 2416.500
77 15 9208.500
77 16 11185.900
77 17 9335.600
77 18 7757.100
77 19 5837.400
77 20 3255.600
77 21 8203.000
77 22 4801.800
77 23 3405.900
77 24 7079.900
77 25 4862.000
77 26 1764.100
77 27 1901.200
77 28 3129.500
77 29 11017.100
77 30 6685.500
77 31 3265.600
77 32 2555.300
77 33 6879.900
77 34 8591.200
77 35 2564.400
77 36 10308.900
77 37 6559.600
77 38 7545.500
77 39 2564.400
77 40 4895.500
77 41 8797.500
77 42 6075.000
77 43 4310.600
77 44 4910.700
77 45 6104.200
77 46 10028.900
77 47 1179.900
77 48 9594.400
77 49 2533.300
77 50 3342.300
77 51 7195.200
77 52 5849.400
77 53 2227.600
77 54 7119.300
77 55 3682.300
77 56 2270.200
77 57 1215.500
77 58 8872.900
77 59 2104.600
77 60 9066.300
77 61 10046.200
77 62 9280.600
77 63 5916.000
77 64 10240.200
77 65 7976.100
77 66 5369.200
77 67 3493.100
77 68 3308.700
77 69 7886.600
77 70 8357.700
77 71 9724.000
77 72 9646.200
77 73 5030.400
77 74 3870.600
77 75 1453.500
77 76 7281.600
77 77 0.000
77 78 13189.700
77 79 13855.800
77 80 5716.800
77 81 4512.300
77 82 1732.500
77 83 3014.600
77 84 9921.800
77 85 7460.600
77 86 4509.100
77 87 11286.000
77 88 3578.300
77 89 3000.000
77 90 6997.700
77 91 11002.800
77 92 6612.300
77 93 3577.600
77 94 4218.600
77 95 1251.800
77 96 4074.200
77 97 8333.500
77 98 5317.900
77 99 8980.900
77 100 7815.300
78 0 10389.700
78 1 4753.100
78 2 6937.100
78 3 13453.300
78 4 6362.000
78 5 11093.100
78 6 8940.200
78 7 9646.000
78 8 7892.200
78 9 10082.000
78 10 3986.100
78 11 9974.600
78 12 16543.900
78 13 10051.300
78 14 11313.300
78 15 5271.500
78 16 2588.200
78 17 4779.200
78 18 7077.200
78 19 7894.200
78 20 10997.600
78 21 11591.700
78 22 9686.200
78 23 15686.000
78 24 9906.200
78 25 9788.100
78 26 13540.000
78 27 13152.500
78 28 16154.600
78 29 3927.800
78 30 9124.600
78 31 14666.200
78 32 11685.100
78 33 10776.000
78 34 11242.800
78 35 14340.300
78 36 10653.900
78 37 8274.700
78 38 7346.600
78 39 14340.300
78 40 12554.600
78 41 5741.000
78 42 10848.500
78 43 10564.000
78 44 10972.300
78 45 10805.400
78 46 3781.200
78 47 12991.300
78 48 4066.300
78 49 13367.700
78 50 13900.000
78 51 7154.100
78 52 11315.900
78 53 11388.600
78 54 7141.700
78 55 12007.500
78 56 12407.300
78 57 13596.900
78 58 10574.400
78 59 13829.300
78 60 12052.500
78 61 6888.200
78 62 6105.000
78 63 8897.700
78 64 3632.700
78 65 10518.200
78 66 10036.300
78 67 14893.700
78 68 12571.500
78 69 11991.900
78 70 5031.300
78 71 5021.300
78 72 7085.600
78 73 12425.400
78 74 15271.200
78 75 11971.200
78 76 11758.700
78 77 12889.500
78 78 0.000
78 79 1489.000
78 80 10522.600
78 81 11907.300
78 82 14474.500
78 83 14739.300
78 84 12813.400
78 85 12893.800
78 86 11316.600
78 87 4343.700
78 88 10973.400
78 89 14717.000
78 90 9302.800
78 91 2442.500
78 92 9166.500
78 93 15248.800
78 94 11876.600
78 95 12594.200
78 96 16043.900
78 97 12550.500
78 98 11034.200
78 99 9465.200
78 100 6666.900
79 0 8900.700
79 1 3264.000
79 2 6189.000
79 3 11969.700
79 4 4872.900
79 5 9604.100
79 6 7451.200
79 7 8157.000
79 8 6403.100
79 9 8593.700
79 10 2497.100
79 11 8485.500
79 12 15060.200
79 13 8562.900
79 14 9829.600
79 15 3782.500
79 16 1099.200
79 17 3290.200
79 18 5588.200
79 19 6405.100
79 20 9872.500
79 21 10102.700
79 22 8197.900
79 23 14202.300
79 24 8417.100
79 25 8299.100
79 26 12050.900
79 27 11663.400
79 28 13923.700
79 29 6138.700
79 30 7635.500
79 31 13182.600
79 32 10196.000
79 33 9287.700
79 34 9753.800
79 35 12851.300
79 36 9164.800
79 37 6785.700
79 38 6598.500
79 39 12851.300
79 40 11071.000
79 41 4252.000
79 42 9359.500
79 43 9075.000
79 44 9484.000
79 45 9316.400
79 46 2292.100
79 47 11862.200
79 48 2577.300
79 49 11884.000
79 50 12416.300
79 51 5665.100
79 52 9826.900
79 53 9844.800
79 54 5652.600
79 55 10518.500
79 56 10918.200
79 57 12589.300
79 58 9085.400
79 59 12345.600
79 60 10563.400
79 61 5399.200
79 62 4616.000
79 63 7408.600
79 64 5361.800
79 65 9029.200
79 66 8547.200
79 67 13410.100
79 68 11087.900
79 69 10502.900
79 70 4283.200
79 71 3532.300
79 72 5596.500
79 73 10941.800
79 74 13787.500
79 75 10487.600
79 76 10270.400
79 77 11400.500
79 78 2977.900
79 79 0.000
79 80 7698.500
79 81 9762.600
79 82 13505.200
79 83 13255.600
79 84 11324.400
79 85 11320.200
79 86 9827.600
79 87 2854.700
79 88 9489.700
79 89 13233.400
79 90 7813.800
79 91 4003.200
79 92 7677.400
79 93 13759.800
79 94 10393.000
79 95 11110.500
79 96 14554.800
79 97 10976.800
79 98 9545.200
79 99 7976.100
79 100 5177.900
80 0 1085.300
80 1 7599.900
80 2 2496.200
80 3 6944.300
80 4 4024.500
80 5 5258.300
80 6 1668.300
80 7 6104.900
80 8 2011.800
80 9 3151.200
80 10 6782.800
80 11 3845.700
80 12 10495.700
80 13 2050.000
80 14 3530.500
80 15 4633.200
80 16 7090.400
80 17 5240.000
80 18 2297.100
80 19 1741.800
80 20 2724.600
80 21 6045.100
80 22 3633.300
80 23 7403.600
80 24 5112.100
80 25 2574.100
80 26 5078.000
80 27 4690.500
80 28 6950.800
80 29 6921.600
80 30 3280.400
80 31 8618.000
80 32 3223.100
80 33 4722.100
80 34 6433.400
80 35 5878.300
80 36 7112.700
80 37 1159.800
80 38 3450.000
80 39 5878.300
80 40 6504.800
80 41 3446.500
80 42 6089.800
80 43 2403.300
80 44 4702.000
80 45 4970.600
80 46 5933.300
80 47 4734.200
80 48 6913.100
80 49 6986.700
80 50 7851.800
80 51 3099.700
80 52 3942.100
80 53 4454.100
80 54 3023.800
80 55 3561.600
80 56 3945.300
80 57 5461.400
80 58 6715.000
80 59 6350.500
80 60 6908.400
80 61 5902.700
80 62 5137.100
80 63 2523.000
80 64 6144.600
80 65 5818.300
80 66 2822.300
80 67 8845.500
80 68 6523.300
80 69 6022.700
80 70 4262.200
80 71 5580.600
80 72 5502.700
80 73 6377.200
80 74 9223.000
80 75 5052.000
80 76 5704.800
80 77 4296.800
80 78 9094.100
80 79 9726.300
80 80 0.000
80 81 5197.000
80 82 6532.300
80 83 7260.500
80 84 7763.900
80 85 6839.900
80 86 4154.700
80 87 7190.500
80 88 4925.100
80 89 6894.900
80 90 3592.600
80 91 6907.300
80 92 3866.100
80 93 6786.800
80 94 5828.400
80 95 5705.300
80 96 7581.900
80 97 6496.600
80 98 4458.500
80 99 5784.700
80 100 3719.700
81 0 5576.400
81 1 9431.400
81 2 6987.200
81 3 4678.400
81 4 7157.400
81 5 8985.300
81 6 6159.400
81 7 6764.400
81 8 3996.700
81 9 2213.200
81 10 12137.900
81 11 6734.900
81 12 7849.500
81 13 3265.000
81 14 2611.400
81 15 7117.900
81 16 10734.800
81 17 9270.000
81 18 5823.400
81 19 6232.900
81 20 3573.900
81 21 5002.400
81 22 2712.400
81 23 6991.600
81 24 8461.900
81 25 5843.900
81 26 5678.700
81 27 5291.300
81 28 7460.100
81 29 11412.700
81 30 7665.000
81 31 5971.800
81 32 3823.800
81 33 3643.800
81 34 5355.100
81 35 6479.100
81 36 7772.300
81 37 5650.900
81 38 7941.100
81 39 6479.100
81 40 3128.600
81 41 6706.900
81 42 8565.500
81 43 4733.600
81 44 1334.500
81 45 7903.400
81 46 11933.000
81 47 4289.400
81 48 7503.700
81 49 4665.800
81 50 5198.100
81 51 7590.800
81 52 6831.300
81 53 2686.800
81 54 7514.900
81 55 4661.800
81 56 4546.100
81 57 4895.000
81 58 5636.700
81 59 5127.400
81 60 5948.300
81 61 7955.500
81 62 7189.900
81 63 6895.500
81 64 10635.700
81 65 4740.000
81 66 5913.600
81 67 6199.300
81 68 3145.500
81 69 4310.400
81 70 8753.300
81 71 7633.400
81 72 7555.500
81 73 3667.200
81 74 6576.800
81 75 3269.400
81 76 3705.400
81 77 4887.100
81 78 12722.100
81 79 12492.600
81 80 4808.100
81 81 0.000
81 82 5772.600
81 83 6037.400
81 84 6721.200
81 85 3870.400
81 86 6182.300
81 87 8885.700
81 88 934.000
81 89 6022.600
81 90 7977.200
81 91 11398.400
81 92 7591.800
81 93 7387.600
81 94 1792.900
81 95 3892.300
81 96 8182.700
81 97 4743.300
81 98 6953.100
81 99 6890.300
81 100 8210.800
82 0 6116.500
82 1 12631.000
82 2 7527.300
82 3 3167.700
82 4 9055.600
82 5 6797.300
82 6 6699.500
82 7 10543.300
82 8 7329.500
82 9 4741.300
82 10 11814.000
82 11 6170.500
82 12 4104.300
82 13 5104.000
82 14 3469.100
82 15 10450.700
82 16 12121.500
82 17 10271.200
82 18 8692.700
82 19 6773.000
82 20 4308.200
82 21 9269.400
82 22 6043.900
82 23 2180.300
82 24 7382.400
82 25 5389.000
82 26 1710.200
82 27 1847.300
82 28 1621.300
82 29 11952.700
82 30 6776.800
82 31 2292.700
82 32 3490.900
82 33 8122.100
82 34 9833.400
82 35 1830.000
82 36 11551.100
82 37 7495.200
82 38 8481.200
82 39 2769.100
82 40 5460.400
82 41 10039.700
82 42 6377.500
82 43 4799.100
82 44 6152.800
82 45 6406.700
82 46 10964.500
82 47 2422.100
82 48 10836.500
82 49 3210.100
82 50 2941.700
82 51 8130.800
82 52 6068.800
82 53 3469.700
82 54 8055.000
82 55 3773.600
82 56 2528.800
82 57 833.600
82 58 10115.000
82 59 1703.900
82 60 10215.400
82 61 11288.300
82 62 10522.700
82 63 6007.300
82 64 11175.800
82 65 9218.300
82 66 5560.900
82 67 2520.200
82 68 3985.500
82 69 9128.700
82 70 9293.300
82 71 10966.200
82 72 10888.300
82 73 6272.600
82 74 2831.600
82 75 2581.900
82 76 8523.700
82 77 2551.400
82 78 14125.300
82 79 15097.900
82 80 6652.400
82 81 5754.500
82 82 0.000
82 83 2614.000
82 84 10988.200
82 85 8137.500
82 86 4811.700
82 87 12221.600
82 88 4820.500
82 89 1657.900
82 90 7089.000
82 91 11938.400
82 92 6703.600
82 93 2085.100
82 94 4782.900
82 95 1928.700
82 96 2581.600
82 97 9010.300
82 98 5620.400
82 99 10223.100
82 100 8750.900
83 0 7649.400
83 1 13782.000
83 2 9060.200
83 3 3151.500
83 4 10588.500
83 5 8837.800
83 6 8232.400
83 7 10987.400
83 8 8347.400
83 9 5598.200
83 10 15761.100
83 11 8508.100
83 12 2052.100
83 13 6356.300
83 14 4921.800
83 15 11468.500
83 16 14358.000
83 17 11804.100
83 18 10174.100
83 19 8305.900
83 20 5710.600
83 21 8677.700
83 22 6097.400
83 23 2651.100
83 24 9423.000
83 25 7726.600
83 26 4047.800
83 27 4184.900
83 28 3173.000
83 29 13485.600
83 30 9114.300
83 31 1324.500
83 32 5023.800
83 33 9140.000
83 34 10851.300
83 35 3870.600
83 36 11995.300
83 37 10001.600
83 38 10014.100
83 39 4809.600
83 40 5485.800
83 41 11057.500
83 42 8418.000
83 43 7136.600
83 44 6219.400
83 45 8447.200
83 46 12497.400
83 47 3428.100
83 48 11854.400
83 49 3235.600
83 50 1763.000
83 51 9663.700
83 52 8406.400
83 53 4234.200
83 54 9587.900
83 55 6111.200
83 56 4866.400
83 57 2069.400
83 58 9859.700
83 59 1454.900
83 60 9623.600
83 61 12306.200
83 62 11540.600
83 63 8344.900
83 64 12708.700
83 65 10236.100
83 66 7898.500
83 67 1858.900
83 68 3969.300
83 69 9149.600
83 70 10826.300
83 71 11984.000
83 72 11906.200
83 73 7290.400
83 74 1097.300
83 75 3325.100
83 76 8544.600
83 77 4888.900
83 78 16345.300
83 79 16115.800
83 80 9158.800
83 81 5808.000
83 82 2947.000
83 83 0.000
83 84 10396.500
83 85 7545.700
83 86 6852.200
83 87 13236.300
83 88 4874.000
83 89 1682.200
83 90 9426.500
83 91 13471.400
83 92 9041.200
83 93 3792.900
83 94 4808.300
83 95 2671.900
83 96 4632.500
83 97 8418.600
83 98 7660.900
83 99 11240.900
83 100 10283.800
84 0 7877.900
84 1 10915.200
84 2 9288.800
84 3 7796.600
84 4 8634.800
84 5 10651.200
84 6 8460.900
84 7 3511.800
84 8 6298.200
84 9 6669.000
84 10 12000.200
84 11 9793.200
84 12 11467.500
84 13 6638.300
84 14 7905.000
84 15 8472.400
84 16 10597.100
84 17 10624.600
84 18 7300.800
84 19 8534.500
84 20 7584.700
84 21 2025.700
84 22 6075.800
84 23 12277.700
84 24 10504.900
84 25 7967.000
84 26 10972.300
84 27 10584.800
84 28 11662.200
84 29 13714.200
84 30 9662.100
84 31 11257.900
84 32 9117.400
84 33 3793.000
84 34 2862.200
84 35 11772.600
84 36 2470.100
84 37 7952.500
84 38 8557.800
84 39 11772.600
84 40 9648.100
84 41 7763.400
84 42 11482.700
84 43 8742.900
84 44 5437.200
84 45 10363.500
84 46 11795.300
84 47 9583.000
84 48 8858.300
84 49 8444.900
84 50 9914.300
84 51 9892.300
84 52 10281.600
84 53 7920.100
84 54 9816.400
84 55 9694.800
84 56 9839.600
84 57 9748.200
84 58 2384.000
84 59 9843.500
84 60 642.100
84 61 6928.100
84 62 7430.500
84 63 8892.600
84 64 12937.200
84 65 3291.300
84 66 8215.100
84 67 11485.400
84 68 7927.300
84 69 2629.500
84 70 11054.800
84 71 7873.900
84 72 6275.100
84 73 9017.100
84 74 11862.900
84 75 8562.900
84 76 3311.300
84 77 10270.800
84 78 12600.900
84 79 14053.200
84 80 7109.600
84 81 7245.300
84 82 10625.800
84 83 10839.300
84 84 0.000
84 85 2911.000
84 86 10287.900
84 87 10467.200
84 88 7565.000
84 89 11308.700
84 90 9974.300
84 91 13699.900
84 92 9695.300
84 93 12282.200
84 94 8275.100
84 95 8642.600
84 96 13476.200
84 97 1915.200
84 98 10731.700
84 99 4778.000
84 100 10512.400
85 0 6984.100
85 1 10845.200
85 2 8395.000
85 3 5276.700
85 4 8564.700
85 5 9757.400
85 6 7567.200
85 7 3441.700
85 8 5404.500
85 9 4611.800
85 10 11930.200
85 11 8436.100
85 12 8947.500
85 13 5744.500
85 14 6611.000
85 15 8402.400
85 16 10527.100
85 17 10554.500
85 18 7230.800
85 19 7640.700
85 20 5436.500
85 21 1132.000
85 22 4750.700
85 23 9178.500
85 24 9611.200
85 25 7073.200
85 26 9678.300
85 27 9290.800
85 28 9142.300
85 29 12820.400
85 30 8768.300
85 31 8158.800
85 32 7823.400
85 33 2899.200
85 34 2890.100
85 35 10478.600
85 36 4449.600
85 37 7058.700
85 38 8487.800
85 39 10478.600
85 40 7128.100
85 41 7693.400
85 42 10588.900
85 43 7132.200
85 44 2917.200
85 45 9469.700
85 46 11725.300
85 47 7436.100
85 48 8788.300
85 49 5924.900
85 50 7394.300
85 51 8998.500
85 52 8532.500
85 53 5771.900
85 54 8922.600
85 55 7546.600
85 56 8545.600
85 57 7228.300
85 58 2314.000
85 59 7323.600
85 60 2077.900
85 61 6858.100
85 62 7360.500
85 63 7998.800
85 64 12043.500
85 65 3932.600
85 66 7321.300
85 67 8386.300
85 68 5407.300
85 69 1735.700
85 70 10161.000
85 71 7803.900
85 72 6205.100
85 73 7666.800
85 74 8104.800
85 75 6369.800
85 76 2152.000
85 77 8077.700
85 78 12530.800
85 79 13159.500
85 80 6215.900
85 81 4725.300
85 82 8105.900
85 83 8319.400
85 84 2850.800
85 85 0.000
85 86 8139.700
85 87 10397.200
85 88 4827.900
85 89 8209.600
85 90 9080.500
85 91 12806.100
85 92 8801.600
85 93 9762.200
85 94 5755.100
85 95 6122.700
85 96 10447.500
85 97 872.900
85 98 8910.400
85 99 4708.000
85 100 9618.600
86 0 4120.300
86 1 9620.400
86 2 5531.200
86 3 6630.700
86 4 7045.300
86 5 2827.200
86 6 4703.300
86 7 9737.900
86 8 6385.300
86 9 3764.400
86 10 8803.400
86 11 2115.300
86 12 7452.700
86 13 3942.500
86 14 3811.900
86 15 8743.800
86 16 9110.900
86 17 7260.600
86 18 6696.500
86 19 4776.800
86 20 3005.900
86 21 8639.800
86 22 5239.900
86 23 5405.900
86 24 3412.400
86 25 2928.300
86 26 3189.400
86 27 3436.000
86 28 4662.000
86 29 8942.200
86 30 3472.100
86 31 5769.900
86 32 2706.800
86 33 7316.800
86 34 9028.100
86 35 3273.000
86 36 10745.800
86 37 5499.000
86 38 6485.000
86 39 3256.600
86 40 6544.000
86 41 8102.700
86 42 2407.400
86 43 2338.300
86 44 5382.200
86 45 1759.000
86 46 7953.900
86 47 4778.000
86 48 8933.600
86 49 6673.100
86 50 7543.500
86 51 5089.500
86 52 2364.200
86 53 4493.400
86 54 4876.600
86 55 1684.400
86 56 3069.300
86 57 5505.200
86 58 9309.700
86 59 6227.100
86 60 9503.200
86 61 10484.000
86 62 9726.600
86 63 3546.600
86 64 8165.200
86 65 8413.000
86 66 2877.100
86 67 5802.600
86 68 6562.000
86 69 8358.100
86 70 6255.500
86 71 9888.600
86 72 10083.000
86 73 6810.500
86 74 6180.000
86 75 4738.400
86 76 7753.100
86 77 4159.800
86 78 11114.700
86 79 11746.900
86 80 4656.200
86 81 5877.200
86 82 4643.700
86 83 7137.100
86 84 10358.600
86 85 7918.200
86 86 0.000
86 87 9211.000
86 88 5358.400
86 89 5006.300
86 90 3425.300
86 91 8927.900
86 92 2648.400
86 93 4498.000
86 94 5867.100
86 95 5391.600
86 96 4994.600
86 97 8791.000
86 98 808.700
86 99 9417.700
86 100 5740.300
87 0 8023.200
87 1 1045.300
87 2 5311.500
87 3 11643.300
87 4 3995.500
87 5 8726.600
87 6 6573.800
87 7 7409.400
87 8 6076.700
87 9 8267.300
87 10 3154.600
87 11 7608.100
87 12 14733.800
87 13 8496.800
87 14 9801.000
87 15 3165.800
87 16 1751.500
87 17 2412.700
87 18 5261.800
87 19 5527.700
87 20 8995.000
87 21 9355.100
87 22 7871.500
87 23 13875.900
87 24 7539.700
87 25 7421.600
87 26 11173.500
87 27 10786.000
87 28 13046.300
87 29 5261.300
87 30 6758.100
87 31 12856.200
87 32 9318.600
87 33 8961.300
87 34 9006.200
87 35 11973.800
87 36 8417.300
87 37 6459.300
87 38 5721.000
87 39 11973.800
87 40 10744.600
87 41 3925.600
87 42 8482.000
87 43 8197.500
87 44 9157.600
87 45 8438.900
87 46 2949.700
87 47 10984.800
87 48 2250.900
87 49 11557.600
87 50 12089.900
87 51 4787.600
87 52 8949.500
87 53 9518.400
87 54 4775.200
87 55 9641.100
87 56 10040.800
87 57 11711.900
87 58 8337.800
87 59 12601.000
87 60 9815.900
87 61 2598.500
87 62 4289.600
87 63 6531.200
87 64 4484.300
87 65 9139.200
87 66 7669.800
87 67 13083.700
87 68 10761.500
87 69 9755.300
87 70 3405.700
87 71 3205.900
87 72 3211.500
87 73 10615.400
87 74 13461.100
87 75 10161.200
87 76 9944.000
87 77 10523.100
87 78 3755.200
87 79 4749.700
87 80 8260.600
87 81 9436.200
87 82 12627.800
87 83 13511.000
87 84 10576.800
87 85 10572.600
87 86 8950.100
87 87 0.000
87 88 9163.300
87 89 12907.000
87 90 6936.300
87 91 5247.000
87 92 6800.000
87 93 12882.300
87 94 10066.600
87 95 10784.100
87 96 13677.400
87 97 10229.300
87 98 8667.700
87 99 7649.700
87 100 4300.400
88 0 4642.400
88 1 8497.400
88 2 6053.300
88 3 4204.200
88 4 6223.400
88 5 7596.300
88 6 5225.500
88 7 6276.500
88 8 3062.800
88 9 1279.200
88 10 10735.200
88 11 5103.500
88 12 7302.200
88 13 2331.100
88 14 2064.200
88 15 6183.900
88 16 9332.100
88 17 8336.000
88 18 4889.400
88 19 5299.000
88 20 2103.900
88 21 5105.000
88 22 1778.400
88 23 6444.400
88 24 7086.700
88 25 4212.600
88 26 5131.500
88 27 4744.100
88 28 6912.900
88 29 10478.700
88 30 6426.600
88 31 5424.600
88 32 3276.600
88 33 3855.400
88 34 5566.700
88 35 5931.900
88 36 7284.300
88 37 4717.000
88 38 7007.100
88 39 5931.900
88 40 3305.500
88 41 5772.900
88 42 7176.500
88 43 3799.600
88 44 1437.100
88 45 6528.200
88 46 10530.300
88 47 3742.200
88 48 6569.800
88 49 4118.600
88 50 4650.900
88 51 6656.800
88 52 5199.900
88 53 2139.500
88 54 6580.900
88 55 4214.000
88 56 3998.800
88 57 4347.800
88 58 5848.300
88 59 4580.200
88 60 6041.700
88 61 7021.600
88 62 6256.000
88 63 5657.100
88 64 9701.700
88 65 4951.500
88 66 4979.600
88 67 5652.100
88 68 3322.400
88 69 4413.100
88 70 7819.300
88 71 6699.400
88 72 6621.600
88 73 2264.500
88 74 6029.600
88 75 2722.100
88 76 3808.100
88 77 4430.000
88 78 11319.300
88 79 11089.800
88 80 3874.200
88 81 934.000
88 82 5225.400
88 83 5490.200
88 84 6823.800
88 85 3973.100
88 86 4807.100
88 87 7951.700
88 88 0.000
88 89 5475.400
88 90 6738.800
88 91 10464.400
88 92 6216.600
88 93 6840.400
88 94 2627.500
88 95 3345.100
88 96 7635.500
88 97 4845.900
88 98 5577.900
88 99 5956.300
88 100 7276.900
89 0 6771.900
89 1 13033.500
89 2 8182.700
89 3 3385.500
89 4 9711.000
89 5 7155.600
89 6 7354.900
89 7 10812.600
89 8 7598.900
89 9 5821.600
89 10 12469.400
89 11 6825.900
89 12 2472.600
89 13 6112.900
89 14 4478.000
89 15 10720.000
89 16 13609.500
89 17 10926.600
89 18 9425.600
89 19 7428.400
89 20 5654.400
89 21 9714.500
89 22 6320.800
89 23 1614.700
89 24 7740.800
89 25 6044.400
89 26 2365.600
89 27 2502.700
89 28 1490.800
89 29 12608.100
89 30 7432.200
89 31 789.800
89 32 4146.300
89 33 8391.500
89 34 10102.800
89 35 2188.400
89 36 11820.500
89 37 8150.600
89 38 9136.600
89 39 3127.400
89 40 6310.400
89 41 10309.100
89 42 6735.900
89 43 5454.500
89 44 6442.800
89 45 6765.000
89 46 11619.900
89 47 3034.600
89 48 11105.900
89 49 3469.500
89 50 2496.300
89 51 8786.200
89 52 6724.200
89 53 4082.300
89 54 8710.400
89 55 4429.000
89 56 3184.200
89 57 1675.800
89 58 10384.400
89 59 2316.500
89 60 10577.900
89 61 11557.700
89 62 10792.100
89 63 6662.700
89 64 11831.200
89 65 9487.700
89 66 6216.300
89 67 822.400
89 68 4203.300
89 69 9692.100
89 70 9948.700
89 71 11235.600
89 72 11157.700
89 73 6542.000
89 74 1199.900
89 75 3308.200
89 76 8813.700
89 77 3206.800
89 78 15596.800
89 79 15367.300
89 80 7307.800
89 81 6031.400
89 82 1603.300
89 83 2150.100
89 84 11433.300
89 85 8978.700
89 86 5170.000
89 87 12487.900
89 88 5097.400
89 89 0.000
89 90 7744.400
89 91 12593.800
89 92 7359.000
89 93 2110.700
89 94 5632.400
89 95 2654.000
89 96 2950.300
89 97 9851.600
89 98 5978.700
89 99 10492.400
89 100 9406.300
90 0 3152.700
90 1 6290.900
90 2 2923.600
90 3 8472.800
90 4 3715.800
90 5 2989.400
90 6 2318.300
90 7 9513.900
90 8 6099.700
90 9 5537.800
90 10 5473.800
90 11 1870.800
90 12 10308.700
90 13 4436.600
90 14 5633.200
90 15 5414.300
90 16 5781.400
90 17 3931.100
90 18 5178.000
90 19 2258.900
90 20 4827.200
90 21 8431.700
90 22 6019.900
90 23 8371.000
90 24 2240.600
90 25 2628.500
90 26 6045.400
90 27 5278.000
90 28 7918.200
90 29 5612.600
90 30 835.500
90 31 8625.900
90 32 4548.900
90 33 7108.700
90 34 8820.000
90 35 6126.800
90 36 10521.700
90 37 5043.300
90 38 4831.000
90 39 6110.300
90 40 8386.100
90 41 6492.000
90 42 3183.000
90 43 3282.000
90 44 7203.500
90 45 2701.700
90 46 4624.300
90 47 6620.100
90 48 5604.100
90 49 8515.200
90 50 9385.600
90 51 1759.900
90 52 3212.200
90 53 6335.400
90 54 1547.100
90 55 3985.700
90 56 4911.400
90 57 7347.200
90 58 9101.600
90 59 8236.300
90 60 9295.000
90 61 7154.400
90 62 6397.000
90 63 1703.100
90 64 4835.700
90 65 8204.900
90 66 2242.600
90 67 8658.600
90 68 8404.100
90 69 8409.300
90 70 2925.900
90 71 6559.100
90 72 7500.800
90 73 8763.800
90 74 9036.000
90 75 6580.500
90 76 8091.400
90 77 6147.900
90 78 7785.100
90 79 8417.400
90 80 4200.500
90 81 7698.500
90 82 7499.700
90 83 9146.400
90 84 10150.500
90 85 9226.500
90 86 3212.900
90 87 5881.500
90 88 7311.700
90 89 7862.300
90 90 0.000
90 91 5598.300
90 92 1062.700
90 93 7754.200
90 94 7709.200
90 95 7233.700
90 96 8250.800
90 97 8883.200
90 98 2930.500
90 99 9193.700
90 100 2410.800
91 0 6302.300
91 1 5096.400
91 2 4494.600
91 3 12283.100
91 4 3788.800
91 5 8556.900
91 6 5679.700
91 7 9989.400
91 8 6828.200
91 9 9043.700
91 10 1738.500
91 11 7438.300
91 12 17873.900
91 13 7942.500
91 14 9246.700
91 15 5354.900
91 16 2939.000
91 17 3871.700
91 18 5251.000
91 19 4973.400
91 20 8440.800
91 21 11935.100
91 22 9525.800
91 23 12944.800
91 24 6855.800
91 25 6867.400
91 26 10619.200
91 27 10231.700
91 28 12492.000
91 29 1485.300
91 30 6588.300
91 31 15996.200
91 32 8764.300
91 33 10614.600
91 34 11586.200
91 35 11419.500
91 36 10997.200
91 37 6448.500
91 38 4904.000
91 39 11419.500
91 40 12196.400
91 41 6084.400
91 42 7448.100
91 43 7643.300
91 44 10594.500
91 45 8269.200
91 46 2424.600
91 47 10430.500
91 48 4409.600
91 49 12325.600
91 50 15230.000
91 51 4617.800
91 52 8779.700
91 53 10145.800
91 54 4605.400
91 55 9086.800
91 56 9486.500
91 57 11157.600
91 58 10917.700
91 59 12046.700
91 60 12395.800
91 61 7231.500
91 62 6337.600
91 63 5976.900
91 64 1190.100
91 65 10861.600
91 66 7115.500
91 67 16223.700
91 68 13901.500
91 69 11915.200
91 70 2588.700
91 71 5364.600
91 72 7441.400
91 73 13755.400
91 74 16601.200
91 75 10390.800
91 76 11597.300
91 77 9968.800
91 78 5797.000
91 79 2819.100
91 80 7706.400
91 81 13237.300
91 82 12073.500
91 83 12956.700
91 84 13156.800
91 85 12732.400
91 86 8780.300
91 87 4687.000
91 88 12303.400
91 89 12436.100
91 90 6766.600
91 91 0.000
91 92 6630.200
91 93 12328.000
91 94 13206.600
91 95 11044.100
91 96 13123.100
91 97 12389.100
91 98 8498.000
91 99 9808.500
91 100 4130.700
92 0 3633.200
92 1 7237.100
92 2 3176.900
92 3 8138.300
92 4 4662.000
92 5 2151.100
92 6 2571.700
92 7 9204.900
92 8 5790.800
92 9 5228.900
92 10 6420.100
92 11 1032.600
92 12 9468.200
92 13 4127.700
92 14 5298.700
92 15 6360.500
92 16 6727.700
92 17 4877.300
92 18 6124.200
92 19 2405.900
92 20 4492.800
92 21 8122.800
92 22 5711.000
92 23 7421.400
92 24 2004.900
92 25 2319.600
92 26 5204.900
92 27 4943.600
92 28 6677.500
92 29 6558.900
92 30 1088.800
92 31 7785.400
92 32 4214.400
92 33 6799.700
92 34 8511.000
92 35 5288.500
92 36 10212.800
92 37 4734.400
92 38 4130.800
92 39 5272.100
92 40 8051.600
92 41 7438.300
92 42 2982.700
92 43 2921.700
92 44 6869.100
92 45 1863.500
92 46 5570.600
92 47 6285.700
92 48 6550.400
92 49 8180.700
92 50 9051.200
92 51 2706.200
92 52 2374.000
92 53 6001.000
92 54 2493.300
92 55 3651.300
92 56 4577.000
92 57 7012.800
92 58 8792.700
92 59 7901.900
92 60 8986.100
92 61 8100.700
92 62 7343.300
92 63 1956.400
92 64 5781.900
92 65 7895.900
92 66 1490.100
92 67 7818.100
92 68 8069.700
92 69 8100.400
92 70 3872.200
92 71 7505.400
92 72 8447.000
92 73 8454.900
92 74 8195.600
92 75 6246.000
92 76 7782.500
92 77 5813.500
92 78 8731.400
92 79 9363.600
92 80 3891.500
92 81 7364.100
92 82 6659.200
92 83 8811.900
92 84 9841.600
92 85 8917.600
92 86 2374.600
92 87 6827.800
92 88 7002.800
92 89 7021.800
92 90 1042.100
92 91 6544.600
92 92 0.000
92 93 6513.500
92 94 7374.800
92 95 6899.300
92 96 7010.100
92 97 8574.300
92 98 2092.200
92 99 8884.700
92 100 3357.000
93 0 7779.400
93 1 14293.900
93 2 9190.200
93 3 4891.600
93 4 10718.600
93 5 6252.900
93 6 8362.400
93 7 12880.700
93 8 9667.000
93 9 7280.500
93 10 13476.900
93 11 5610.300
93 12 3051.200
93 13 7458.600
93 14 5823.700
93 15 12506.200
93 16 13784.500
93 17 11934.100
93 18 10355.600
93 19 8435.900
93 20 6661.900
93 21 11782.600
93 22 8716.200
93 23 1487.400
93 24 6838.100
93 25 6149.000
93 26 2068.700
93 27 2607.200
93 28 619.900
93 29 13615.700
93 30 6967.100
93 31 2857.800
93 32 5153.900
93 33 10459.600
93 34 12170.900
93 35 1285.700
93 36 13888.600
93 37 9158.100
93 38 10144.100
93 39 2006.600
93 40 8778.400
93 41 12377.100
93 42 5833.100
93 43 5559.000
93 44 8825.100
93 45 5862.300
93 46 12627.400
93 47 4033.100
93 48 13607.200
93 49 4934.000
93 50 4564.300
93 51 9793.800
93 52 5859.200
93 53 6142.100
93 54 9717.900
93 55 4533.500
93 56 3288.800
93 57 2674.300
93 58 12452.500
93 59 3315.000
93 60 12645.900
93 61 13625.800
93 62 12860.200
93 63 6767.300
93 64 12838.700
93 65 11555.800
93 66 6372.100
93 67 2890.500
93 68 5709.300
93 69 11760.200
93 70 10956.300
93 71 13303.700
93 72 13225.800
93 73 8610.000
93 74 3268.000
93 75 4306.700
93 76 11196.000
93 77 4214.300
93 78 15788.200
93 79 16420.400
93 80 8315.300
93 81 8426.800
93 82 2096.500
93 83 4225.000
93 84 13501.400
93 85 9861.300
93 86 4267.300
93 87 13884.600
93 88 7492.800
93 89 2094.200
93 90 6920.400
93 91 13601.400
93 92 6143.400
93 93 0.000
93 94 8101.600
93 95 3652.500
93 96 755.700
93 97 10734.200
93 98 5076.000
93 99 12560.500
93 100 10413.800
94 0 6525.900
94 1 10624.400
94 2 7936.800
94 3 2765.600
94 4 9465.100
94 5 9127.100
94 6 7108.900
94 7 7621.100
94 8 5189.700
94 9 3404.900
94 10 12603.500
94 11 7098.000
94 12 6276.200
94 13 4409.100
94 14 2974.600
94 15 8310.900
94 16 11200.400
94 17 10463.000
94 18 7016.400
94 19 7182.500
94 20 3937.100
94 21 5311.300
94 22 3904.100
94 23 5418.400
94 24 8825.000
94 25 6207.100
94 26 4884.500
94 27 4497.000
94 28 5347.900
94 29 12362.200
94 30 8028.100
94 31 4398.600
94 32 4037.000
94 33 4951.600
94 34 6868.700
94 35 5684.800
94 36 8628.900
94 37 6843.900
94 38 8890.600
94 39 5684.800
94 40 1215.800
94 41 7899.900
94 42 8707.300
94 43 5655.700
94 44 2831.500
94 45 8736.500
94 46 12398.500
94 47 2725.400
94 48 8696.700
94 49 3101.800
94 50 3634.100
94 51 8540.300
94 52 7194.400
94 53 2287.000
94 54 8464.400
94 55 5024.900
94 56 3751.800
94 57 3433.900
94 58 6493.300
94 59 3563.400
94 60 6257.200
94 61 9148.500
94 62 8382.900
94 63 7258.600
94 64 11585.200
94 65 6572.500
94 66 7106.600
94 67 4626.100
94 68 1232.600
94 69 4619.300
94 70 9702.800
94 71 8826.400
94 72 8748.500
94 73 4132.800
94 74 5003.500
94 75 2008.600
94 76 4014.300
94 77 3709.400
94 78 13187.600
94 79 12958.100
94 80 6001.100
94 81 1756.800
94 82 4311.500
94 83 4473.400
94 84 7030.100
94 85 4179.300
94 86 6545.500
94 87 10078.700
94 88 2680.700
94 89 4449.400
94 90 8340.300
94 91 12347.900
94 92 7955.000
94 93 5967.800
94 94 0.000
94 95 2328.300
94 96 7388.400
94 97 5052.200
94 98 7316.200
94 99 8083.300
94 100 9160.400
95 0 5591.300
95 1 10863.600
95 2 7002.200
95 3 1239.100
95 4 8530.500
95 5 8055.900
95 6 6174.300
95 7 8642.700
95 8 5253.500
95 9 2833.900
95 10 12842.700
95 11 6163.400
95 12 4764.900
95 13 3684.400
95 14 2249.900
95 15 8550.100
95 16 11439.600
95 17 9746.000
95 18 7591.000
95 19 6247.800
95 20 3212.400
95 21 7340.800
95 22 4143.400
95 23 3330.100
95 24 8641.100
95 25 5272.400
95 26 3813.300
95 27 3425.800
95 28 3053.700
95 29 11427.600
95 30 7303.400
95 31 2887.200
95 32 2965.800
95 33 6221.500
95 34 7932.800
95 35 3607.400
95 36 9650.500
95 37 6393.500
95 38 7956.000
95 39 4613.600
95 40 3531.700
95 41 8139.100
95 42 7636.100
95 43 4721.100
95 44 4245.400
95 45 7665.300
95 46 10439.300
95 47 1370.100
95 48 8936.000
95 49 1281.500
95 50 2122.800
95 51 7605.700
95 52 6259.800
95 53 1562.300
95 54 7529.800
95 55 4300.200
95 56 2680.600
95 57 1139.700
95 58 8214.500
95 59 1574.700
95 60 8286.700
95 61 9387.800
95 62 8622.200
95 63 6533.900
95 64 10650.600
95 65 7317.700
95 66 5779.700
95 67 3114.700
95 68 2056.800
95 69 7221.300
95 70 8768.200
95 71 9065.600
95 72 8987.800
95 73 4372.000
95 74 3492.200
95 75 653.200
95 76 6616.300
95 77 2354.000
95 78 13426.800
95 79 13197.400
95 80 5550.700
95 81 3853.900
95 82 2017.300
95 83 2484.700
95 84 9059.600
95 85 6208.800
95 86 5820.800
95 87 10317.900
95 88 2919.900
95 89 2938.000
95 90 7615.600
95 91 11413.300
95 92 7230.300
95 93 3673.700
95 94 2854.200
95 95 0.000
95 96 4359.000
95 97 7081.700
95 98 6591.500
95 99 8322.500
95 100 8225.700
96 0 7023.700
96 1 13538.200
96 2 8434.500
96 3 6258.400
96 4 9962.800
96 5 6219.100
96 6 7606.700
96 7 12459.900
96 8 9246.100
96 9 6524.800
96 10 12721.200
96 11 5576.500
96 12 4137.300
96 13 6702.900
96 14 5068.000
96 15 11750.500
96 16 13028.700
96 17 11178.400
96 18 9599.900
96 19 7680.200
96 20 5906.200
96 21 11361.700
96 22 7960.500
96 23 2579.800
96 24 6804.300
96 25 6296.500
96 26 2004.700
96 27 2754.700
96 28 1959.900
96 29 12860.000
96 30 6933.300
96 31 4215.200
96 32 4398.200
96 33 10038.700
96 34 11750.000
96 35 1934.000
96 36 13467.700
96 37 8402.400
96 38 9388.400
96 39 1250.900
96 40 8022.700
96 41 11006.100
96 42 5799.300
96 43 5706.500
96 44 8069.400
96 45 5828.500
96 46 11871.700
96 47 4435.500
96 48 12851.400
96 49 6300.900
96 50 5921.800
96 51 9038.000
96 52 5825.400
96 53 5386.300
96 54 8962.200
96 55 4681.000
96 56 3436.300
96 57 3844.200
96 58 12031.600
96 59 4756.600
96 60 12225.100
96 61 13204.900
96 62 12439.300
96 63 6914.800
96 64 12083.000
96 65 11134.900
96 66 6468.400
96 67 4200.100
96 68 7076.200
96 69 11045.300
96 70 10200.600
96 71 13806.400
96 72 12804.900
96 73 8189.200
96 74 4625.400
96 75 4709.000
96 76 10440.300
96 77 3458.600
96 78 15032.500
96 79 15664.700
96 80 7559.600
96 81 7671.100
96 82 3250.500
96 83 5575.600
96 84 13080.500
96 85 10605.400
96 86 4233.500
96 87 13128.800
96 88 6737.100
96 89 3535.800
96 90 6886.600
96 91 12845.700
96 92 6109.600
96 93 1758.300
96 94 7345.900
96 95 5019.400
96 96 0.000
96 97 11478.200
96 98 5042.200
96 99 12139.700
96 100 9658.100
97 0 6687.200
97 1 10548.200
97 2 8098.100
97 3 5934.900
97 4 8267.800
97 5 9460.400
97 6 7270.200
97 7 3144.800
97 8 5107.500
97 9 5270.000
97 10 11633.300
97 11 8602.500
97 12 9605.700
97 13 5447.600
97 14 7269.200
97 15 8105.500
97 16 10230.200
97 17 10257.600
97 18 6933.800
97 19 7343.700
97 20 6094.700
97 21 835.000
97 22 4885.100
97 23 9836.800
97 24 9314.200
97 25 6776.300
97 26 10336.500
97 27 9949.000
97 28 9800.500
97 29 12523.500
97 30 8471.300
97 31 8817.000
97 32 8481.600
97 33 2602.300
97 34 2593.200
97 35 11136.800
97 36 4152.600
97 37 6761.700
97 38 8190.900
97 39 11136.800
97 40 7786.300
97 41 7396.500
97 42 10292.000
97 43 7552.100
97 44 3575.400
97 45 9172.800
97 46 11428.300
97 47 8094.400
97 48 8491.300
97 49 6583.100
97 50 8052.500
97 51 8701.600
97 52 9090.900
97 53 6430.100
97 54 8625.700
97 55 8204.800
97 56 9203.800
97 57 7886.500
97 58 2017.000
97 59 7981.800
97 60 1416.300
97 61 6561.100
97 62 7063.500
97 63 7701.900
97 64 11746.500
97 65 3635.600
97 66 7024.400
97 67 9044.500
97 68 6065.500
97 69 1438.700
97 70 9864.100
97 71 7507.000
97 72 5908.100
97 73 8325.000
97 74 8763.100
97 75 7028.000
97 76 2120.600
97 77 8735.900
97 78 12233.900
97 79 12862.500
97 80 5918.900
97 81 5383.500
97 82 8764.100
97 83 8977.600
97 84 2024.000
97 85 1049.300
97 86 8797.900
97 87 10100.300
97 88 5486.200
97 89 8867.800
97 90 8783.500
97 91 12509.200
97 92 8504.600
97 93 10420.400
97 94 6413.400
97 95 6780.900
97 96 11105.800
97 97 0.000
97 98 9568.700
97 99 4411.000
97 100 9321.600
98 0 4285.300
98 1 9341.300
98 2 5281.100
98 3 7679.000
98 4 6766.200
98 5 2239.400
98 6 4868.300
98 7 10134.600
98 8 6720.500
98 9 4812.700
98 10 8524.200
98 11 1531.600
98 12 7301.200
98 13 4990.800
98 14 4860.200
98 15 8464.700
98 16 8831.800
98 17 6981.500
98 18 6861.500
98 19 4510.000
98 20 4054.300
98 21 9052.400
98 22 6288.200
98 23 5737.500
98 24 2824.600
98 25 3022.000
98 26 3664.900
98 27 4484.300
98 28 4993.600
98 29 8663.000
98 30 3193.000
98 31 6588.500
98 32 3755.100
98 33 7729.400
98 34 9440.700
98 35 3604.600
98 36 11142.400
98 37 5664.000
98 38 6234.900
98 39 3588.200
98 40 7592.300
98 41 8267.700
98 42 1819.600
98 43 2432.000
98 44 6430.600
98 45 1085.200
98 46 7674.700
98 47 5826.400
98 48 8654.500
98 49 7721.500
98 50 8176.600
98 51 4810.300
98 52 1884.300
98 53 5541.700
98 54 4597.500
98 55 2732.800
98 56 4117.700
98 57 6068.500
98 58 9722.300
98 59 6938.900
98 60 9915.800
98 61 10204.800
98 62 9447.400
98 63 3590.200
98 64 7886.000
98 65 8825.600
98 66 2598.000
98 67 6621.100
98 68 7610.400
98 69 9030.000
98 70 5976.300
98 71 9609.500
98 72 10551.200
98 73 7858.900
98 74 6998.600
98 75 5786.700
98 76 8801.500
98 77 4969.200
98 78 10835.500
98 79 11467.800
98 80 4821.200
98 81 6925.600
98 82 5474.900
98 83 7848.900
98 84 10771.200
98 85 8966.500
98 86 1048.300
98 87 8931.900
98 88 6406.800
98 89 5824.900
98 90 3146.200
98 91 8648.700
98 92 2369.300
98 93 4829.600
98 94 6915.500
98 95 6440.000
98 96 5326.100
98 97 9504.000
98 98 0.000
98 99 9814.400
98 100 5461.200
99 0 5590.100
99 1 6020.800
99 2 4684.200
99 3 7757.200
99 4 3869.700
99 5 8363.400
99 6 6173.200
99 7 2364.100
99 8 2713.900
99 9 4381.200
99 10 7235.100
99 11 7505.400
99 12 10847.800
99 13 4350.500
99 14 5617.200
99 15 3707.300
99 16 5832.000
99 17 5859.500
99 18 2535.700
99 19 6246.700
99 20 5296.900
99 21 4309.800
99 22 3985.400
99 23 9989.900
99 24 8217.100
99 25 5679.200
99 26 8684.500
99 27 8297.000
99 28 10458.400
99 29 8708.000
99 30 7374.300
99 31 8970.100
99 32 6829.600
99 33 5075.200
99 34 3960.900
99 35 9484.800
99 36 3371.900
99 37 3566.000
99 38 3792.700
99 39 9484.800
99 40 6858.500
99 41 3296.300
99 42 9194.900
99 43 6455.100
99 44 5271.500
99 45 8075.700
99 46 7030.200
99 47 7295.200
99 48 4093.200
99 49 7671.500
99 50 8203.900
99 51 7604.500
99 52 7993.800
99 53 5632.300
99 54 7528.600
99 55 7407.000
99 56 7551.800
99 57 7900.700
99 58 3292.500
99 59 8133.200
99 60 4770.500
99 61 3410.900
99 62 2728.600
99 63 6604.800
99 64 7931.000
99 65 3097.000
99 66 5927.300
99 67 9197.600
99 68 6875.400
99 69 4710.000
99 70 6852.500
99 71 3172.000
99 72 3024.400
99 73 6729.300
99 74 9575.100
99 75 6275.100
99 76 5391.800
99 77 7983.000
99 78 7835.800
99 79 8368.300
99 80 4821.900
99 81 5550.200
99 82 8778.300
99 83 9043.200
99 84 5531.500
99 85 5527.300
99 86 8000.100
99 87 5475.200
99 88 5277.200
99 89 9020.900
99 90 7686.500
99 91 8693.700
99 92 7407.600
99 93 11078.400
99 94 6180.500
99 95 6898.100
99 96 11188.400
99 97 5183.900
99 98 8443.900
99 99 0.000
99 100 7747.200
100 0 4896.400
100 1 4471.600
100 2 2602.200
100 3 9710.600
100 4 1896.500
100 5 5599.800
100 6 3446.900
100 7 8372.000
100 8 4935.800
100 9 6471.100
100 10 3654.500
100 11 4481.200
100 12 12310.000
100 13 5369.900
100 14 6674.200
100 15 3595.000
100 16 3962.100
100 17 2111.800
100 18 3358.700
100 19 2400.800
100 20 5868.200
100 21 9365.000
100 22 6953.200
100 23 10372.200
100 24 4412.800
100 25 4294.800
100 26 8046.600
100 27 7659.100
100 28 9919.400
100 29 3793.300
100 30 3631.200
100 31 10627.200
100 32 6191.700
100 33 8042.000
100 34 9753.300
100 35 8847.000
100 36 9379.900
100 37 4556.200
100 38 3011.700
100 39 8846.900
100 40 9623.900
100 41 4672.700
100 42 5355.200
100 43 5070.700
100 44 8021.900
100 45 5312.100
100 46 2805.000
100 47 7857.900
100 48 3784.800
100 49 9753.000
100 50 10623.400
100 51 1660.700
100 52 5822.600
100 53 7573.200
100 54 1648.300
100 55 6514.200
100 56 6913.900
100 57 8585.000
100 58 9300.400
100 59 9474.100
100 60 10228.300
100 61 5335.100
100 62 4577.700
100 63 3404.300
100 64 3016.400
100 65 9138.200
100 66 4542.900
100 67 10659.800
100 68 9641.900
100 69 9342.600
100 70 1637.600
100 71 4739.800
100 72 5681.500
100 73 9697.100
100 74 11037.300
100 75 7818.300
100 76 9024.700
100 77 7396.200
100 78 5965.800
100 79 6598.100
100 80 5133.800
100 81 8516.900
100 82 9500.900
100 83 10384.200
100 84 11083.800
100 85 10159.800
100 86 5823.200
100 87 4062.200
100 88 8245.000
100 89 9863.600
100 90 3809.500
100 91 3779.000
100 92 3673.100
100 93 9755.400
100 94 8947.000
100 95 8471.500
100 96 10550.500
100 97 9816.500
100 98 5540.900
100 99 8396.900
100 100 0.000
