# i j distance_m; directed OSRM/OSM road distance for truck; i/j are zero-based CSV row indices
0 0 0.000
0 1 9249.700
0 2 8552.500
0 3 7871.900
0 4 6594.000
0 5 12529.000
0 6 4570.400
0 7 8176.400
0 8 1752.300
0 9 9045.200
0 10 8692.300
0 11 12850.500
0 12 5156.700
0 13 10187.900
0 14 11706.900
0 15 10638.300
0 16 9896.900
0 17 6595.300
0 18 3027.700
0 19 5979.500
0 20 7167.900
0 21 11755.800
0 22 3846.600
0 23 7117.900
0 24 6739.600
0 25 9865.900
0 26 6978.300
0 27 4425.300
0 28 8589.700
0 29 6117.200
0 30 897.400
0 31 3346.100
0 32 5280.000
0 33 11768.200
0 34 13087.200
0 35 8981.800
0 36 3651.600
0 37 7479.700
0 38 1351.400
0 39 7543.600
0 40 12057.800
0 41 4205.700
0 42 8163.400
0 43 10104.800
0 44 11390.400
0 45 10711.900
0 46 10977.300
0 47 4677.000
0 48 7657.700
0 49 12459.400
0 50 5285.100
0 51 9469.400
0 52 9593.900
0 53 8714.500
0 54 1719.600
0 55 3154.000
0 56 5912.600
0 57 12479.300
0 58 3129.100
0 59 4638.000
0 60 7470.800
0 61 8868.900
0 62 5398.800
0 63 10073.900
0 64 8668.800
0 65 9456.200
0 66 7326.600
0 67 10199.400
0 68 7145.400
0 69 6846.700
0 70 11218.700
0 71 2278.700
0 72 10089.900
0 73 1813.500
0 74 8432.100
0 75 7434.100
0 76 11126.700
0 77 8780.700
0 78 10693.800
0 79 3143.100
0 80 4248.200
0 81 6305.000
0 82 4012.300
0 83 2421.300
0 84 7751.600
0 85 8267.700
0 86 5568.100
0 87 4750.400
0 88 3514.300
0 89 10411.200
0 90 2994.500
0 91 2938.200
0 92 6754.900
0 93 2968.900
0 94 6681.300
0 95 6156.500
0 96 10196.500
0 97 2162.700
0 98 11070.300
0 99 4749.800
1 0 9031.600
1 1 0.000
1 2 7334.900
1 3 1947.100
1 4 4536.900
1 5 4234.900
1 6 5063.000
1 7 6739.500
1 8 7686.500
1 9 3054.900
1 10 2207.300
1 11 5735.800
1 12 4595.500
1 13 3235.400
1 14 3535.800
1 15 2059.700
1 16 6917.900
1 17 5353.900
1 18 8932.500
1 19 5560.600
1 20 5304.900
1 21 4982.600
1 22 6358.600
1 23 7037.600
1 24 3524.500
1 25 4269.200
1 26 3349.100
1 27 7418.700
1 28 1889.700
1 29 6319.200
1 30 9122.700
1 31 7081.400
1 32 4854.700
1 33 2984.600
1 34 4793.000
1 35 784.300
1 36 10709.900
1 37 2379.100
1 38 9964.700
1 39 5747.900
1 40 4704.900
1 41 7332.600
1 42 4325.600
1 43 3026.700
1 44 2140.700
1 45 4380.300
1 46 4570.700
1 47 5528.100
1 48 7577.400
1 49 6127.900
1 50 6073.200
1 51 1826.900
1 52 5766.300
1 53 6024.700
1 54 8081.400
1 55 7277.100
1 56 5702.600
1 57 3749.700
1 58 6363.600
1 59 5813.100
1 60 1636.500
1 61 6605.400
1 62 6470.500
1 63 1199.600
1 64 2718.700
1 65 1462.600
1 66 7329.200
1 67 1821.800
1 68 6569.800
1 69 4866.800
1 70 2435.100
1 71 7626.100
1 72 3758.300
1 73 11612.600
1 74 1545.100
1 75 5636.400
1 76 3238.300
1 77 2790.400
1 78 4362.200
1 79 6668.600
1 80 5763.300
1 81 3721.100
1 82 5624.500
1 83 9479.700
1 84 3269.400
1 85 5238.700
1 86 5643.500
1 87 4362.900
1 88 11951.900
1 89 5326.300
1 90 6953.000
1 91 8843.000
1 92 4080.600
1 93 10027.300
1 94 5681.700
1 95 5201.900
1 96 2440.400
1 97 10600.400
1 98 7788.400
1 99 4932.500
2 0 8690.800
2 1 7372.000
2 2 0.000
2 3 8059.400
2 4 8278.500
2 5 11367.000
2 6 7596.900
2 7 2105.200
2 8 7345.800
2 9 6718.900
2 10 9579.300
2 11 5097.400
2 12 5405.400
2 13 9793.700
2 14 10297.600
2 15 8796.900
2 16 1499.600
2 17 8080.400
2 18 8591.800
2 19 8399.900
2 20 10229.300
2 21 13002.600
2 22 6140.700
2 23 1681.200
2 24 5492.600
2 25 3441.000
2 26 8080.500
2 27 10234.600
2 28 6802.600
2 29 9181.000
2 30 8886.600
2 31 7223.800
2 32 3787.200
2 33 7809.000
2 34 10380.200
2 35 7558.400
2 36 11640.800
2 37 7208.600
2 38 8859.100
2 39 10672.200
2 40 11759.800
2 41 6819.800
2 42 3248.700
2 43 5991.000
2 44 8816.800
2 45 11650.000
2 46 3224.200
2 47 5310.200
2 48 1328.000
2 49 13397.500
2 50 6295.300
2 51 9206.900
2 52 2269.800
2 53 1390.400
2 54 7740.600
2 55 6936.400
2 56 6159.100
2 57 10881.800
2 58 6022.900
2 59 8629.000
2 60 5873.200
2 61 2149.400
2 62 9627.900
2 63 8437.400
2 64 9621.600
2 65 8834.600
2 66 11286.500
2 67 8766.900
2 68 10209.200
2 69 6834.900
2 70 8106.500
2 71 10267.900
2 72 11027.900
2 73 10507.100
2 74 8917.100
2 75 9905.500
2 76 10293.200
2 77 5184.300
2 78 11631.900
2 79 9202.500
2 80 4677.700
2 81 5822.900
2 82 8158.400
2 83 10410.600
2 84 8928.600
2 85 3025.600
2 86 8459.400
2 87 4144.900
2 88 10862.900
2 89 2658.100
2 90 6612.300
2 91 8729.200
2 92 8439.500
2 93 10958.200
2 94 9884.500
2 95 7170.100
2 96 9495.300
2 97 9511.300
2 98 1567.900
2 99 4591.700
3 0 7881.400
3 1 2029.300
3 2 7863.600
3 3 0.000
3 4 2711.800
3 5 5529.700
3 6 3237.900
3 7 7268.200
3 8 7133.000
3 9 3605.300
3 10 1551.800
3 11 7093.900
3 12 5551.300
3 13 2967.600
3 14 4486.500
3 15 3417.900
3 16 7446.600
3 17 3528.800
3 18 9337.500
3 19 3735.500
3 20 3479.900
3 21 4756.500
3 22 6838.100
3 23 7566.300
3 24 2526.400
3 25 4819.600
3 26 1524.000
3 27 5593.600
3 28 1353.500
3 29 4494.100
3 30 7297.600
3 31 5256.300
3 32 5383.400
3 33 4547.800
3 34 6087.900
3 35 1761.500
3 36 8884.800
3 37 671.500
3 38 9147.900
3 39 3922.800
3 40 5058.500
3 41 5507.500
3 42 4854.300
3 43 4664.800
3 44 4170.000
3 45 3712.600
3 46 5121.000
3 47 5971.700
3 48 8106.100
3 49 5460.100
3 50 4986.600
3 51 2249.000
3 52 6316.700
3 53 6553.400
3 54 8029.400
3 55 7805.800
3 56 4615.900
3 57 5239.400
3 58 6892.300
3 59 3988.000
3 60 2029.800
3 61 7134.100
3 62 4645.400
3 63 2853.500
3 64 1684.300
3 65 2235.900
3 66 5725.500
3 67 2979.000
3 68 4966.100
3 69 3780.200
3 70 3998.300
3 71 5801.000
3 72 3090.600
3 73 9085.200
3 74 1211.700
3 75 3811.400
3 76 3774.000
3 77 3340.700
3 78 3694.500
3 79 4843.500
3 80 6292.000
3 81 4249.800
3 82 3799.400
3 83 7654.600
3 84 1444.300
3 85 5767.400
3 86 3818.500
3 87 4891.600
3 88 11151.700
3 89 5876.700
3 90 7297.500
3 91 9248.000
3 92 2255.500
3 93 8202.200
3 94 3856.700
3 95 4115.300
3 96 2976.200
3 97 9800.100
3 98 8317.100
3 99 5461.200
4 0 6714.300
4 1 4168.600
4 2 7730.500
4 3 2790.700
4 4 0.000
4 5 6999.000
4 6 2070.700
4 7 7135.100
4 8 5965.800
4 9 5039.400
4 10 3611.200
4 11 8937.100
4 12 4106.600
4 13 5798.400
4 14 6625.800
4 15 5557.100
4 16 7313.500
4 17 2084.100
4 18 8170.300
4 19 1541.300
4 20 2755.600
4 21 6225.800
4 22 4980.400
4 23 7417.200
4 24 2228.300
4 25 6423.700
4 26 1897.100
4 27 3376.000
4 28 3508.600
4 29 2322.400
4 30 6130.400
4 31 4089.100
4 32 5234.400
4 33 6687.000
4 34 7557.200
4 35 3900.700
4 36 7717.700
4 37 2398.600
4 38 7980.700
4 39 3131.300
4 40 6527.800
4 41 4340.400
4 42 4721.200
4 43 6099.000
4 44 6309.300
4 45 5181.900
4 46 6555.200
4 47 4526.900
4 48 7957.000
4 49 5800.800
4 50 3541.800
4 51 4388.300
4 52 6442.800
4 53 6420.200
4 54 6862.200
4 55 8296.600
4 56 3171.100
4 57 6708.600
4 58 6743.300
4 59 1770.500
4 60 3463.900
4 61 7000.900
4 62 2769.400
4 63 4992.800
4 64 2731.200
4 65 4375.100
4 66 4428.000
4 67 5118.300
4 68 3350.700
4 69 2335.400
4 70 6137.500
4 71 4633.800
4 72 4559.800
4 73 7918.000
4 74 3351.000
4 75 2223.700
4 76 5596.700
4 77 4774.900
4 78 5057.700
4 79 3676.300
4 80 6142.900
4 81 4100.800
4 82 2632.200
4 83 6487.400
4 84 1755.600
4 85 5634.300
4 86 1600.900
4 87 4742.500
4 88 9984.500
4 89 7260.100
4 90 6130.300
4 91 8080.800
4 92 757.700
4 93 7035.000
4 94 2269.000
4 95 2670.500
4 96 5115.400
4 97 8632.900
4 98 8184.000
4 99 5312.100
5 0 12959.200
5 1 4268.000
5 2 11262.500
5 3 6267.900
5 4 7037.500
5 5 0.000
5 6 8034.100
5 7 10667.100
5 8 11614.100
5 9 6990.000
5 10 4058.600
5 11 8171.600
5 12 8523.100
5 13 2909.100
5 14 2144.000
5 15 5994.900
5 16 10845.500
5 17 8325.000
5 18 12860.100
5 19 7689.800
5 20 6692.600
5 21 1702.100
5 22 10286.200
5 23 10965.200
5 24 7452.100
5 25 8204.300
5 26 6320.100
5 27 9547.900
5 28 6210.500
5 29 8331.000
5 30 12093.800
5 31 10052.500
5 32 8782.300
5 33 3258.400
5 34 1921.000
5 35 5052.300
5 36 13681.000
5 37 6699.900
5 38 13892.300
5 39 6693.700
5 40 1405.500
5 41 10303.700
5 42 8253.300
5 43 6313.900
5 44 3512.000
5 45 2955.500
5 46 8505.800
5 47 9455.800
5 48 11505.000
5 49 2830.900
5 50 10000.900
5 51 4201.800
5 52 9974.900
5 53 9952.300
5 54 12009.000
5 55 11204.800
5 56 9630.200
5 57 1072.500
5 58 10291.200
5 59 7942.300
5 60 5571.600
5 61 10533.000
5 62 8599.700
5 63 3863.200
5 64 4497.700
5 65 3845.500
5 66 8082.900
5 67 2793.200
5 68 7323.500
5 69 8794.400
5 70 2760.300
5 71 10597.200
5 72 3321.900
5 73 15540.200
5 74 4940.200
5 75 7891.400
5 76 1914.500
5 77 6725.500
5 78 3479.700
5 79 9639.700
5 80 9690.900
5 81 7648.800
5 82 8595.600
5 83 12450.700
5 84 5702.400
5 85 9166.300
5 86 7772.700
5 87 8290.500
5 88 15879.500
5 89 9261.500
5 90 10880.600
5 91 12770.600
5 92 6209.800
5 93 12998.300
5 94 7354.500
5 95 9129.500
5 96 2843.000
5 97 14528.000
5 98 11716.100
5 99 8860.100
6 0 4645.900
6 1 4737.200
6 2 7729.200
6 3 3359.300
6 4 2081.400
6 5 8016.500
6 6 0.000
6 7 7133.900
6 8 3895.100
6 9 5608.000
6 10 4179.800
6 11 9283.100
6 12 4105.300
6 13 5675.400
6 14 7194.400
6 15 6125.800
6 16 7312.200
6 17 2082.800
6 18 6101.900
6 19 2202.800
6 20 4174.000
6 21 7243.300
6 22 3600.200
6 23 7416.000
6 24 2227.100
6 25 6422.400
6 26 2465.700
6 27 3011.300
6 28 4077.200
6 29 2983.900
6 30 4062.000
6 31 2018.400
6 32 5233.100
6 33 7255.600
6 34 8574.700
6 35 4469.300
6 36 5649.300
6 37 2967.200
6 38 5912.400
6 39 4549.700
6 40 7545.300
6 41 2269.600
6 42 4720.000
6 43 6445.000
6 44 6877.900
6 45 6199.400
6 46 6901.200
6 47 4430.700
6 48 7955.800
6 49 7946.900
6 50 3540.600
6 51 4956.900
6 52 6441.600
6 53 6419.000
6 54 4793.800
6 55 6228.300
6 56 3169.900
6 57 7726.100
6 58 5289.900
6 59 1443.000
6 60 4028.300
6 61 6999.700
6 62 2799.900
6 63 5561.400
6 64 4156.200
6 65 4943.700
6 66 5089.400
6 67 5686.900
6 68 4012.100
6 69 2334.100
6 70 6706.200
6 71 2565.400
6 72 5577.300
6 73 5849.600
6 74 3919.600
6 75 3708.400
6 76 6614.200
6 77 5120.900
6 78 6181.300
6 79 1607.900
6 80 6141.700
6 81 4099.500
6 82 561.500
6 83 4419.000
6 84 3239.000
6 85 5633.000
6 86 1895.000
6 87 4741.200
6 88 7916.100
6 89 7258.800
6 90 4059.600
6 91 6012.400
6 92 2242.400
6 93 4966.600
6 94 3687.400
6 95 2669.300
6 96 5684.000
6 97 6564.500
6 98 8182.800
6 99 5310.800
7 0 8306.700
7 1 6781.600
7 2 2694.000
7 3 7469.000
7 4 7688.100
7 5 10776.600
7 6 7006.500
7 7 0.000
7 8 6961.600
7 9 5560.000
7 10 8988.900
7 11 4936.000
7 12 5021.300
7 13 9632.300
7 14 10136.200
7 15 7581.500
7 16 1982.400
7 17 7490.000
7 18 8207.600
7 19 7809.400
7 20 9638.800
7 21 12412.200
7 22 5756.500
7 23 1058.500
7 24 4902.200
7 25 2850.600
7 26 7490.100
7 27 9644.100
7 28 6212.200
7 29 8590.500
7 30 8502.400
7 31 6839.600
7 32 3403.000
7 33 7647.600
7 34 11334.700
7 35 6968.000
7 36 11256.700
7 37 6618.100
7 38 8475.000
7 39 10081.800
7 40 12130.200
7 41 6435.700
7 42 2658.300
7 43 4832.000
7 44 8655.400
7 45 11059.500
7 46 3062.800
7 47 4926.100
7 48 1799.200
7 49 12807.100
7 50 5911.100
7 51 8616.500
7 52 1679.400
7 53 799.900
7 54 7356.500
7 55 6552.200
7 56 5775.000
7 57 10291.400
7 58 5638.700
7 59 8038.600
7 60 5282.800
7 61 994.800
7 62 9037.400
7 63 7739.600
7 64 9031.200
7 65 8244.200
7 66 10696.100
7 67 8605.500
7 68 9618.800
7 69 6244.500
7 70 7945.100
7 71 9569.600
7 72 10437.500
7 73 10122.900
7 74 8326.700
7 75 9315.100
7 76 11036.300
7 77 4025.300
7 78 11041.400
7 79 8612.100
7 80 4293.500
7 81 5078.400
7 82 7567.900
7 83 10026.400
7 84 8338.100
7 85 2435.200
7 86 7869.000
7 87 3760.800
7 88 10478.700
7 89 2496.700
7 90 6228.100
7 91 8345.100
7 92 7849.000
7 93 10574.000
7 94 9294.100
7 95 6579.600
7 96 9333.900
7 97 9127.200
7 98 2500.900
7 99 4207.600
8 0 2245.300
8 1 7590.600
8 2 7173.600
8 3 7299.100
8 4 5830.200
8 5 11585.600
8 6 3997.800
8 7 6797.500
8 8 0.000
8 9 7666.400
8 10 8119.600
8 11 11471.700
8 12 3777.800
8 13 9615.200
8 14 10884.700
8 15 8390.600
8 16 8518.000
8 17 6022.600
8 18 2603.200
8 19 5838.900
8 20 7686.200
8 21 11183.000
8 22 2293.800
8 23 5739.000
8 24 5711.200
8 25 8487.000
8 26 6405.500
8 27 5969.000
8 28 7021.300
8 29 6635.500
8 30 2441.000
8 31 2181.600
8 32 3901.100
8 33 10333.600
8 34 12143.800
8 35 7777.100
8 36 4642.400
8 37 6907.000
8 38 2413.600
8 39 8061.900
8 40 11485.100
8 41 3041.200
8 42 6784.500
8 43 8725.900
8 44 9489.700
8 45 10139.100
8 46 9598.500
8 47 3124.300
8 48 6278.800
8 49 11886.700
8 50 3732.400
8 51 8896.700
8 52 8215.100
8 53 7335.600
8 54 1295.100
8 55 2179.300
8 56 4359.800
8 57 11100.400
8 58 1750.200
8 59 4560.200
8 60 6091.900
8 61 7490.000
8 62 5917.100
8 63 8548.600
8 64 8096.000
8 65 9053.200
8 66 8870.300
8 67 9405.500
8 68 7663.700
8 69 5344.700
8 70 9784.100
8 71 3822.400
8 72 9517.100
8 73 4061.500
8 74 7859.400
8 75 7430.900
8 76 11845.300
8 77 7401.800
8 78 10121.000
8 79 4686.700
8 80 2869.300
8 81 4926.100
8 82 4051.600
8 83 3412.100
8 84 6962.800
8 85 6888.800
8 86 5012.100
8 87 3371.500
8 88 4417.300
8 89 9032.300
8 90 1615.700
8 91 2513.700
8 92 5964.900
8 93 3959.700
8 94 7199.600
8 95 4603.700
8 96 9623.800
8 97 3065.800
8 98 9036.500
8 99 3370.900
9 0 7500.100
9 1 3397.200
9 2 4985.800
9 3 4084.700
9 4 4779.000
9 5 7608.500
9 6 4097.300
9 7 4390.400
9 8 6155.100
9 9 0.000
9 10 5580.100
9 11 5583.400
9 12 3064.100
9 13 6608.200
9 14 6691.300
9 15 4186.900
9 16 4568.800
9 17 4580.900
9 18 7401.100
9 19 4900.300
9 20 6274.900
9 21 9244.200
9 22 4827.200
9 23 5187.100
9 24 1993.000
9 25 2900.000
9 26 4126.200
9 27 6735.000
9 28 2848.300
9 29 5681.400
9 30 7695.900
9 31 6115.700
9 32 3323.300
9 33 6140.200
9 34 8166.700
9 35 3604.100
9 36 9744.300
9 37 3254.200
9 38 8440.300
9 39 6717.900
9 40 8962.200
9 41 6367.000
9 42 1976.500
9 43 2745.300
9 44 5296.300
9 45 7675.200
9 46 3201.500
9 47 3996.700
9 48 5927.800
9 49 9422.700
9 50 4541.800
9 51 5199.700
9 52 3698.100
9 53 3675.600
9 54 6549.900
9 55 5745.700
9 56 4171.100
9 57 7123.300
9 58 4832.200
9 59 5129.400
9 60 1899.900
9 61 4256.300
9 62 6128.300
9 63 4355.200
9 64 5646.800
9 65 4835.400
9 66 7787.000
9 67 5194.600
9 68 6709.700
9 69 3335.400
9 70 5590.700
9 71 6660.400
9 72 7053.200
9 73 10088.300
9 74 4917.900
9 75 6406.000
9 76 7868.300
9 77 1421.200
9 78 7657.100
9 79 5702.900
9 80 4231.900
9 81 2189.700
9 82 4658.800
9 83 8514.000
9 84 4974.200
9 85 2889.600
9 86 4959.900
9 87 2831.400
9 88 9672.200
9 89 3957.100
9 90 5421.600
9 91 7311.600
9 92 4939.900
9 93 9061.600
9 94 6385.000
9 95 3670.500
9 96 5813.200
9 97 8320.700
9 98 5439.300
9 99 3401.000
10 0 8803.300
10 1 2188.100
10 2 9523.000
10 3 2276.600
10 4 3633.600
10 5 4216.300
10 6 4159.700
10 7 8927.600
10 8 8054.800
10 9 5229.900
10 10 0.000
10 11 7618.500
10 12 6473.200
10 13 1523.000
10 14 3041.200
10 15 4466.600
10 16 9106.000
10 17 4450.700
10 18 10259.300
10 19 4521.700
10 20 4266.000
10 21 3443.100
10 22 7760.000
10 23 9225.700
10 24 4163.400
10 25 6444.200
10 26 2445.800
10 27 6379.800
10 28 2959.500
10 29 5280.200
10 30 8219.400
10 31 6178.100
10 32 7042.800
10 33 3561.300
10 34 4774.500
10 35 1920.200
10 36 9806.700
10 37 2947.200
10 38 10069.800
10 39 4525.100
10 40 3745.100
10 41 6429.400
10 42 6513.700
10 43 5214.800
10 44 3187.800
10 45 2399.200
10 46 6745.700
10 47 6893.500
10 48 9765.500
10 49 4146.700
10 50 5908.400
10 51 1292.200
10 52 7941.300
10 53 8212.800
10 54 8951.200
10 55 10385.600
10 56 5537.700
10 57 3926.000
10 58 8551.700
10 59 4774.200
10 60 3654.500
10 61 8793.500
10 62 5431.600
10 63 1896.700
10 64 1329.600
10 65 1279.100
10 66 5914.300
10 67 1533.700
10 68 5154.900
10 69 4702.000
10 70 3011.800
10 71 6722.800
10 72 1777.200
10 73 10007.000
10 74 920.900
10 75 4733.200
10 76 2814.000
10 77 4965.400
10 78 2381.100
10 79 5765.300
10 80 7951.400
10 81 5909.200
10 82 4721.200
10 83 8576.400
10 84 2366.200
10 85 7426.800
10 86 4604.600
10 87 6551.000
10 88 12073.500
10 89 7501.400
10 90 8219.300
10 91 10169.800
10 92 3041.700
10 93 9124.000
10 94 4778.500
10 95 5037.100
10 96 1530.800
10 97 10721.900
10 98 9976.500
10 99 7120.600
11 0 12753.700
11 1 5406.500
11 2 5186.300
11 3 6094.000
11 4 8683.700
11 5 7596.400
11 6 9209.800
11 7 4911.600
11 8 11408.600
11 9 5896.400
11 10 7523.700
11 11 0.000
11 12 8317.700
11 13 6479.100
11 14 6983.100
11 15 5482.300
11 16 4577.800
11 17 9500.700
11 18 12654.600
11 19 9707.400
11 20 9451.800
11 21 8722.900
11 22 10080.700
11 23 5708.300
11 24 7246.600
11 25 3578.800
11 26 7495.900
11 27 11565.500
11 28 6036.600
11 29 10466.000
11 30 12949.400
11 31 11228.200
11 32 8052.700
11 33 4494.400
11 34 7065.600
11 35 5853.200
11 36 14856.800
11 37 6525.900
11 38 13686.800
11 39 9894.700
11 40 8445.200
11 41 11479.500
11 42 4622.000
11 43 4479.500
11 44 5502.300
11 45 8248.400
11 46 2823.600
11 47 9250.300
11 48 6449.000
11 49 9697.400
11 50 9795.400
11 51 6388.600
11 52 4201.500
11 53 4196.700
11 54 11803.500
11 55 10999.300
11 56 9424.700
11 57 7111.200
11 58 10085.800
11 59 9959.900
11 60 5358.600
11 61 4955.800
11 62 10617.300
11 63 5122.800
11 64 7656.200
11 65 5726.100
11 66 11697.400
11 67 5452.300
11 68 10938.000
11 69 8588.900
11 70 4791.900
11 71 11772.900
11 72 9062.500
11 73 15334.700
11 74 6951.600
11 75 9783.300
11 76 6978.600
11 77 4361.700
11 78 9666.400
11 79 10815.400
11 80 8943.300
11 81 7443.300
11 82 9771.300
11 83 13626.500
11 84 7416.200
11 85 5926.100
11 86 9790.400
11 87 8085.000
11 88 15674.000
11 89 2597.600
11 90 10675.100
11 91 12565.100
11 92 8227.400
11 93 14174.100
11 94 9828.600
11 95 8924.100
11 96 6180.700
11 97 14322.500
11 98 5448.400
11 99 8654.600
12 0 5183.000
12 1 4736.200
12 2 5570.900
12 3 5423.600
12 4 5095.500
12 5 8731.200
12 6 3014.000
12 7 5194.800
12 8 3837.900
12 9 4811.900
12 10 5815.200
12 11 8709.600
12 12 0.000
12 13 7971.600
12 14 8030.300
12 15 5536.100
12 16 6522.300
12 17 3497.600
12 18 5083.900
12 19 5216.800
12 20 6305.800
12 21 10366.800
12 22 1641.100
12 23 4136.300
12 24 2856.800
12 25 5632.600
12 26 4157.300
12 27 6023.000
12 28 4166.800
12 29 5997.900
12 30 5458.900
12 31 2724.200
12 32 1953.400
12 33 7479.200
12 34 9289.300
12 35 4922.600
12 36 6158.100
12 37 4558.300
12 38 5351.300
12 39 6748.800
12 40 10084.800
12 41 2320.300
12 42 3930.100
12 43 5871.500
12 44 6635.300
12 45 7965.400
12 46 6327.700
12 47 810.700
12 48 4676.100
12 49 9713.000
12 50 1576.800
12 51 6571.100
12 52 5651.700
12 53 5732.900
12 54 4232.800
12 55 3428.500
12 56 949.300
12 57 8246.000
12 58 2515.000
12 59 4457.100
12 60 3237.400
12 61 5887.300
12 62 5813.900
12 63 5694.200
12 64 5922.300
12 65 6198.800
12 66 8103.500
12 67 6551.100
12 68 7026.200
12 69 2252.100
12 70 6929.700
12 71 5140.000
12 72 7343.400
12 73 6358.500
12 74 5530.600
12 75 5775.800
12 76 8990.900
12 77 4547.400
12 78 7947.300
12 79 4619.600
12 80 3019.200
12 81 2071.600
12 82 3575.500
12 83 4927.800
12 84 5005.100
12 85 4034.400
12 86 4909.000
12 87 1423.700
12 88 7355.000
12 89 6468.900
12 90 2312.100
12 91 4994.400
12 92 4309.700
12 93 5475.400
12 94 5821.100
12 95 1789.600
12 96 7176.600
12 97 6003.500
12 98 7433.800
12 99 1993.300
13 0 11356.600
13 1 2716.100
13 2 10201.300
13 3 3111.800
13 4 5716.500
13 5 2695.300
13 6 6713.100
13 7 9455.600
13 8 10608.200
13 9 5757.900
13 10 2737.600
13 11 7146.200
13 12 7311.600
13 13 0.000
13 14 2242.600
13 15 4337.300
13 16 9592.800
13 17 7004.000
13 18 12812.700
13 19 6368.800
13 20 5383.100
13 21 2703.500
13 22 10313.300
13 23 9753.700
13 24 5204.500
13 25 6972.200
13 26 4999.100
13 27 8226.900
13 28 3794.700
13 29 7021.400
13 30 10772.800
13 31 8731.500
13 32 7570.800
13 33 3338.500
13 34 3253.500
13 35 2448.200
13 36 12360.000
13 37 3783.300
13 38 12623.100
13 39 5384.200
13 40 2425.900
13 41 8982.700
13 42 7041.700
13 43 5247.000
13 44 2682.100
13 45 1646.000
13 46 7273.700
13 47 9446.800
13 48 10293.500
13 49 3095.000
13 50 8461.800
13 51 1762.700
13 52 8469.300
13 53 8740.700
13 54 11504.600
13 55 9993.200
13 56 8091.100
13 57 2210.100
13 58 9079.700
13 59 6621.300
13 60 4182.500
13 61 9321.400
13 62 7278.700
13 63 1899.200
13 64 3176.700
13 65 1406.400
13 66 6773.400
13 67 1822.000
13 68 6014.000
13 69 7255.300
13 70 2840.400
13 71 9276.200
13 72 2012.300
13 73 12560.400
13 74 2149.100
13 75 6570.400
13 76 959.200
13 77 5493.400
13 78 3030.300
13 79 8318.700
13 80 8479.400
13 81 6437.200
13 82 7274.600
13 83 11129.700
13 84 4381.400
13 85 7954.800
13 86 6451.700
13 87 7078.900
13 88 14626.800
13 89 7612.600
13 90 9669.100
13 91 12723.200
13 92 4888.800
13 93 11677.300
13 94 6045.000
13 95 7590.500
13 96 751.000
13 97 13275.300
13 98 10463.400
13 99 7648.500
14 0 11897.500
14 1 3260.900
14 2 10219.500
14 3 4548.700
14 4 6727.900
14 5 2495.200
14 6 7254.000
14 7 9678.100
14 8 10625.100
14 9 5993.500
14 10 3606.400
14 11 7164.500
14 12 7534.100
14 13 2373.900
14 14 0.000
14 15 4397.100
14 16 9611.100
14 17 7544.900
14 18 11871.100
14 19 7754.000
14 20 7383.700
14 21 4121.100
14 22 9297.200
14 23 9976.200
14 24 6463.000
14 25 6901.800
14 26 5540.100
14 27 9612.100
14 28 4904.500
14 29 9022.000
14 30 11313.700
14 31 9272.400
14 32 7793.300
14 33 2251.300
14 34 1596.500
14 35 3623.300
14 36 12900.900
14 37 5220.200
14 38 12903.200
14 39 7384.800
14 40 3843.400
14 41 9523.600
14 42 7264.200
14 43 5306.800
14 44 2504.800
14 45 3646.600
14 46 7203.300
14 47 8466.700
14 48 10516.000
14 49 5095.600
14 50 9011.800
14 51 2937.700
14 52 8398.900
14 53 8963.200
14 54 11019.900
14 55 10215.700
14 56 8641.200
14 57 964.800
14 58 9302.200
14 59 8006.600
14 60 4575.100
14 61 9543.900
14 62 8663.900
14 63 2676.900
14 64 4773.200
14 65 2581.400
14 66 8774.000
14 67 1807.300
14 68 8014.600
14 69 7805.400
14 70 1753.200
14 71 9817.100
14 72 4012.900
14 73 14551.200
14 74 3599.500
14 75 7827.400
14 76 2376.800
14 77 5729.000
14 78 5030.900
14 79 8859.600
14 80 8701.900
14 81 6659.700
14 82 7815.500
14 83 11670.700
14 84 5460.400
14 85 8177.300
14 86 7837.000
14 87 7301.400
14 88 14890.500
14 89 7630.900
14 90 9891.600
14 91 11781.600
14 92 6274.000
14 93 12218.300
14 94 8045.600
14 95 8140.500
14 96 1578.900
14 97 13539.000
14 98 10481.600
14 99 7871.000
15 0 11200.900
15 1 3853.700
15 2 6800.300
15 3 4541.200
15 4 7130.900
15 5 5584.600
15 6 7657.000
15 7 6525.700
15 8 9855.800
15 9 5224.200
15 10 5045.400
15 11 3745.300
15 12 6764.800
15 13 4467.300
15 14 4971.200
15 15 0.000
15 16 6191.900
15 17 7947.900
15 18 11101.800
15 19 8154.600
15 20 7899.000
15 21 6711.000
15 22 8527.900
15 23 7322.300
15 24 5693.800
15 25 5192.800
15 26 5943.100
15 27 10012.700
15 28 4483.800
15 29 8913.200
15 30 11396.600
15 31 9675.400
15 32 7024.000
15 33 2482.600
15 34 5053.800
15 35 4300.400
15 36 13303.900
15 37 4973.100
15 38 12134.000
15 39 8341.900
15 40 6433.400
15 41 9926.600
15 42 6495.000
15 43 2926.600
15 44 3490.400
15 45 6236.500
15 46 4437.700
15 47 7697.500
15 48 8063.000
15 49 7685.500
15 50 8242.600
15 51 4376.700
15 52 5815.600
15 53 5810.800
15 54 10250.700
15 55 9446.400
15 56 7871.900
15 57 5099.400
15 58 8532.900
15 59 8407.100
15 60 3805.800
15 61 6569.800
15 62 9064.500
15 63 3111.000
15 64 6103.300
15 65 3714.300
15 66 10144.600
15 67 3440.400
15 68 9385.200
15 69 7036.100
15 70 2780.000
15 71 10220.100
15 72 6602.800
15 73 13781.900
15 74 5398.800
15 75 8230.500
15 76 4966.700
15 77 4959.700
15 78 8113.600
15 79 9262.600
15 80 7932.600
15 81 5890.500
15 82 8218.500
15 83 12073.700
15 84 5863.400
15 85 7408.000
15 86 8237.600
15 87 6532.200
15 88 14121.200
15 89 4211.700
15 90 9122.300
15 91 11012.300
15 92 6674.600
15 93 12621.300
15 94 8275.700
15 95 7371.200
15 96 4168.900
15 97 12769.700
15 98 7062.400
15 99 7101.800
16 0 10007.300
16 1 6991.200
16 2 1499.600
16 3 7678.700
16 4 7897.800
16 5 10986.200
16 6 7216.100
16 7 1962.500
16 8 8662.200
16 9 6215.000
16 10 9198.500
16 11 4593.500
16 12 6721.900
16 13 9289.800
16 14 9793.700
16 15 8293.000
16 16 0.000
16 17 7699.700
16 18 9908.200
16 19 8019.100
16 20 9848.500
16 21 11533.500
16 22 7457.100
16 23 2759.200
16 24 5111.800
16 25 3043.800
16 26 7699.700
16 27 9853.800
16 28 6421.900
16 29 8800.200
16 30 10203.100
16 31 9234.500
16 32 5103.600
16 33 7305.100
16 34 9876.300
16 35 7177.600
16 36 12957.300
16 37 6827.800
16 38 10175.600
16 39 10291.400
16 40 11255.900
16 41 8136.300
16 42 2868.000
16 43 5487.000
16 44 8312.900
16 45 11269.200
16 46 2720.300
16 47 6626.700
16 48 3499.900
16 49 13016.700
16 50 7660.600
16 51 8826.100
16 52 1872.600
16 53 1247.600
16 54 9057.100
16 55 8252.900
16 56 7289.900
16 57 10501.000
16 58 7339.400
16 59 8248.200
16 60 5492.500
16 61 2006.700
16 62 9247.100
16 63 7933.400
16 64 9240.800
16 65 8536.800
16 66 10905.700
16 67 8262.900
16 68 9828.400
16 69 6454.100
16 70 7602.500
16 71 9779.200
16 72 10647.200
16 73 11823.600
16 74 8536.300
16 75 9524.700
16 76 9789.200
16 77 4680.300
16 78 11251.100
16 79 8821.700
16 80 5994.200
16 81 5288.000
16 82 7777.600
16 83 11727.000
16 84 8547.800
16 85 2882.900
16 86 8078.600
16 87 5461.400
16 88 12179.400
16 89 2154.100
16 90 7928.800
16 91 10045.700
16 92 8058.700
16 93 12274.600
16 94 9503.800
16 95 6789.300
16 96 8991.400
16 97 10827.800
16 98 948.000
16 99 5908.200
17 0 7269.800
17 1 3305.300
17 2 6668.200
17 3 2348.800
17 4 2100.200
17 5 7521.100
17 6 2626.300
17 7 6072.800
17 8 6521.400
17 9 3621.600
17 10 3239.200
17 11 7519.300
17 12 4279.600
17 13 4710.400
17 14 6229.400
17 15 4341.100
17 16 6251.200
17 17 0.000
17 18 8725.900
17 19 3213.700
17 20 3729.800
17 21 6433.300
17 22 5153.400
17 23 6354.900
17 24 1166.000
17 25 4835.900
17 26 1581.300
17 27 5071.800
17 28 2146.100
17 29 3994.800
17 30 6686.000
17 31 4644.700
17 32 4172.100
17 33 5823.800
17 34 8079.200
17 35 2901.900
17 36 8273.200
17 37 1651.700
17 38 8536.300
17 39 4172.800
17 40 6735.300
17 41 4895.900
17 42 3658.900
17 43 4681.200
17 44 5417.700
17 45 5389.400
17 46 5137.400
17 47 4699.900
17 48 6894.700
17 49 7137.000
17 50 3714.800
17 51 3991.900
17 52 5380.500
17 53 5357.900
17 54 7417.800
17 55 6594.500
17 56 3344.100
17 57 7035.900
17 58 5681.000
17 59 3466.200
17 60 2047.200
17 61 5938.600
17 62 4185.000
17 63 4159.200
17 64 3346.300
17 65 4133.200
17 66 5715.700
17 67 4492.400
17 68 4589.400
17 69 2508.400
17 70 5274.300
17 71 5189.400
17 72 4767.400
17 73 8473.600
17 74 2954.600
17 75 3199.800
17 76 5804.200
17 77 3357.100
17 78 5371.300
17 79 4231.900
17 80 5080.600
17 81 3038.500
17 82 3187.800
17 83 7043.000
17 84 2429.100
17 85 4572.000
17 86 3296.700
17 87 3680.200
17 88 10540.100
17 89 5893.100
17 90 6685.900
17 91 8636.400
17 92 1733.700
17 93 7590.600
17 94 3245.000
17 95 2843.500
17 96 4719.000
17 97 9188.500
17 98 7121.700
17 99 4249.800
18 0 2436.400
18 1 10813.200
18 2 9755.100
18 3 9606.700
18 4 8328.800
18 5 14808.200
18 6 6305.200
18 7 9379.000
18 8 2666.600
18 9 9739.300
18 10 10427.100
18 11 14053.200
18 12 5850.800
18 13 11922.700
18 14 14107.300
18 15 11613.200
18 16 11099.600
18 17 8330.100
18 18 0.000
18 19 7714.300
18 20 8902.700
18 21 13490.600
18 22 4971.000
18 23 8320.500
18 24 7784.200
18 25 10560.000
18 26 8713.000
18 27 6160.100
18 28 9094.300
18 29 7852.000
18 30 2632.200
18 31 5080.900
18 32 5974.100
18 33 13556.200
18 34 15366.300
18 35 9850.000
18 36 5386.400
18 37 9214.500
18 38 1102.000
18 39 9278.400
18 40 13792.600
18 41 5940.500
18 42 8857.500
18 43 10798.900
18 44 12712.300
18 45 12446.700
18 46 11255.100
18 47 5326.400
18 48 8860.300
18 49 14194.200
18 50 6311.500
18 51 11204.200
18 52 10796.600
18 53 9917.100
18 54 1529.100
18 55 3061.300
18 56 6812.100
18 57 14323.000
18 58 3823.200
18 59 6372.800
18 60 8164.900
18 61 10071.500
18 62 7133.600
18 63 11771.200
18 64 10403.600
18 65 11191.000
18 66 9061.400
18 67 12628.100
18 68 8880.200
18 69 8581.500
18 70 13006.700
18 71 4013.500
18 72 11824.700
18 73 2749.900
18 74 10166.900
18 75 9168.900
18 76 12861.500
18 77 9474.800
18 78 12428.600
18 79 4877.900
18 80 4942.300
18 81 6999.100
18 82 5747.100
18 83 4156.100
18 84 9486.400
18 85 8961.800
18 86 7302.900
18 87 5444.500
18 88 3105.700
18 89 11613.800
18 90 4296.900
18 91 1095.200
18 92 8489.700
18 93 4703.700
18 94 8416.100
18 95 7182.800
18 96 11931.300
18 97 1754.200
18 98 11618.100
18 99 5443.900
19 0 6099.300
19 1 5146.600
19 2 8468.600
19 3 3965.500
19 4 1311.900
19 5 7662.400
19 6 1884.300
19 7 7873.300
19 8 5382.500
19 9 6214.200
19 10 4578.800
19 11 10111.900
19 12 4844.700
19 13 6461.800
19 14 7603.800
19 15 6535.100
19 16 8051.600
19 17 2822.200
19 18 7555.400
19 19 0.000
19 20 2258.700
19 21 6889.200
19 22 5087.600
19 23 8155.400
19 24 2966.500
19 25 7161.800
19 26 3068.900
19 27 2226.000
19 28 4683.400
19 29 1068.500
19 30 5515.500
19 31 3505.800
19 32 5972.500
19 33 7665.000
19 34 8220.600
19 35 4878.700
19 36 7102.700
19 37 3573.400
19 38 7365.800
19 39 2634.400
19 40 7191.200
19 41 3757.000
19 42 5459.400
19 43 7273.800
19 44 7287.300
19 45 5845.300
19 46 7730.000
19 47 5265.000
19 48 8695.200
19 49 6464.200
19 50 4280.000
19 51 5366.300
19 52 7181.000
19 53 7158.400
19 54 6247.300
19 55 7681.700
19 56 3909.300
19 57 7372.100
19 58 6777.300
19 59 1207.600
19 60 4638.700
19 61 7739.100
19 62 976.800
19 63 5970.800
19 64 3394.700
19 65 5353.100
19 66 3174.100
19 67 6096.300
19 68 2096.800
19 69 3073.500
19 70 7115.500
19 71 4018.900
19 72 5223.300
19 73 7303.100
19 74 4329.000
19 75 1691.700
19 76 6260.100
19 77 5949.700
19 78 5721.200
19 79 2974.100
19 80 6881.100
19 81 4838.900
19 82 2032.100
19 83 5872.500
19 84 2419.000
19 85 6372.400
19 86 1601.800
19 87 5480.600
19 88 9369.500
19 89 7998.200
19 90 5547.000
19 91 7465.900
19 92 1421.100
19 93 6420.000
19 94 1772.100
19 95 3408.700
19 96 6093.400
19 97 8018.000
19 98 8922.200
19 99 6050.200
20 0 7548.000
20 1 5237.800
20 2 10300.400
20 3 4077.600
20 4 2830.600
20 5 5933.300
20 6 4363.100
20 7 9705.100
20 8 7728.700
20 9 6326.300
20 10 4280.500
20 11 10223.900
20 12 6676.500
20 13 5317.500
20 14 7186.800
20 15 6626.400
20 16 9883.400
20 17 4654.000
20 18 9004.100
20 19 2331.700
20 20 0.000
20 21 4845.100
20 22 7505.000
20 23 9987.200
20 24 4798.300
20 25 7540.500
20 26 3180.900
20 27 3674.800
20 28 4795.400
20 29 1937.200
20 30 6964.200
20 31 5966.400
20 32 7804.300
20 33 7756.300
20 34 7063.600
20 35 4970.000
20 36 8551.500
20 37 3685.400
20 38 8814.500
20 39 659.700
20 40 5438.200
20 41 6217.700
20 42 7291.200
20 43 7385.800
20 44 7378.500
20 45 3801.100
20 46 7842.000
20 47 7096.800
20 48 10527.000
20 49 4209.600
20 50 6111.800
20 51 5457.500
20 52 9037.600
20 53 8990.200
20 54 7696.000
20 55 9130.400
20 56 5741.100
20 57 6215.100
20 58 9105.500
20 59 3668.200
20 60 4750.800
20 61 9570.900
20 62 2425.500
20 63 6062.000
20 64 3253.300
20 65 5444.400
20 66 2448.600
20 67 6187.500
20 68 1326.500
20 69 4905.300
20 70 7206.800
20 71 5467.600
20 72 4288.100
20 73 8751.800
20 74 4420.200
20 75 1867.000
20 76 5103.100
20 77 6061.700
20 78 3466.600
20 79 4422.800
20 80 8712.900
20 81 6670.700
20 82 4492.700
20 83 7321.200
20 84 2531.100
20 85 8204.200
20 86 3515.900
20 87 7312.400
20 88 10818.300
20 89 8597.700
20 90 7964.400
20 91 8914.600
20 92 2003.000
20 93 7868.800
20 94 661.900
20 95 5240.500
20 96 5695.200
20 97 9466.700
20 98 10754.000
20 99 7882.000
21 0 12593.700
21 1 6123.500
21 2 13029.400
21 3 6067.100
21 4 6297.300
21 5 1766.900
21 6 7950.200
21 7 12434.100
21 8 11845.300
21 9 8757.000
21 10 3974.700
21 11 9460.600
21 12 10263.600
21 13 2634.900
21 14 3911.000
21 15 7761.800
21 16 12612.400
21 17 8241.100
21 18 14049.800
21 19 6445.500
21 20 4945.200
21 21 0.000
21 22 11550.400
21 23 12732.100
21 24 7953.800
21 25 9971.300
21 26 6236.200
21 27 8010.400
21 28 6749.900
21 29 6583.500
21 30 12009.900
21 31 9968.600
21 32 10549.300
21 33 5025.300
21 34 3687.900
21 35 5855.700
21 36 13597.100
21 37 6737.700
21 38 13860.200
21 39 4946.300
21 40 605.200
21 41 10219.800
21 42 10020.200
21 43 7561.400
21 44 4996.500
21 45 1208.100
21 46 10272.700
21 47 10683.900
21 48 13271.900
21 49 1128.800
21 50 9698.800
21 51 4098.800
21 52 11741.800
21 53 11719.200
21 54 12741.700
21 55 12971.700
21 56 9328.200
21 57 2839.400
21 58 12058.200
21 59 7202.200
21 60 7589.900
21 61 12299.900
21 62 6539.400
21 63 4213.600
21 64 3757.500
21 65 3742.600
21 66 6335.500
21 67 3581.400
21 68 5576.100
21 69 8492.400
21 70 4527.200
21 71 10513.300
21 72 1605.500
21 73 13797.500
21 74 4856.300
21 75 6181.600
21 76 1811.600
21 77 8492.400
21 78 1777.600
21 79 9555.800
21 80 11457.800
21 81 9415.700
21 82 8511.700
21 83 12366.800
21 84 4962.200
21 85 10933.200
21 86 7032.600
21 87 10057.400
21 88 15863.900
21 89 9927.000
21 90 12009.700
21 91 13960.300
21 92 5469.600
21 93 12914.400
21 94 5607.100
21 95 8827.500
21 96 2740.000
21 97 14512.400
21 98 13483.000
21 99 10627.000
22 0 4185.600
22 1 6084.900
22 2 6079.400
22 3 5749.200
22 4 4688.600
22 5 10079.900
22 6 2856.300
22 7 5703.300
22 8 2295.700
22 9 6160.700
22 10 6978.100
22 11 10377.500
22 12 1641.100
22 13 8473.700
22 14 9379.100
22 15 6884.900
22 16 7423.800
22 17 4296.400
22 18 4543.500
22 19 4697.400
22 20 6544.600
22 21 10041.500
22 22 0.000
22 23 4644.800
22 24 4205.500
22 25 6981.300
22 26 5264.000
22 27 5476.300
22 28 5515.600
22 29 5493.900
22 30 3648.600
22 31 1444.600
22 32 2461.900
22 33 8827.900
22 34 10638.100
22 35 6271.400
22 36 4347.800
22 37 5357.000
22 38 4353.900
22 39 6920.300
22 40 10343.500
22 41 1169.300
22 42 5278.900
22 43 7220.200
22 44 7984.000
22 45 8997.600
22 46 7676.400
22 47 830.400
22 48 5184.600
22 49 10745.200
22 50 1438.600
22 51 7755.100
22 52 7120.900
22 53 6241.400
22 54 3235.400
22 55 3734.500
22 56 2066.000
22 57 9594.700
22 58 2821.000
22 59 3418.700
22 60 4586.200
22 61 6395.800
22 62 4775.500
22 63 7042.900
22 64 6954.500
22 65 7741.900
22 66 7599.500
22 67 7899.900
22 68 6522.200
22 69 3050.900
22 70 8278.400
22 71 3329.700
22 72 8375.600
22 73 4548.100
22 74 6717.800
22 75 6289.400
22 76 9412.400
22 77 5896.100
22 78 8979.500
22 79 4194.000
22 80 3325.200
22 81 3420.400
22 82 2910.000
22 83 3117.500
22 84 5821.200
22 85 5383.200
22 86 3870.600
22 87 1932.200
22 88 6357.600
22 89 7938.100
22 90 2449.600
22 91 4454.000
22 92 4823.300
22 93 3665.100
22 94 6058.000
22 95 2309.900
22 96 8482.300
22 97 5006.100
22 98 7942.300
22 99 2501.800
23 0 7248.100
23 1 7044.700
23 2 1635.500
23 3 7732.200
23 4 7951.300
23 5 11039.700
23 6 7269.600
23 7 1058.500
23 8 5903.100
23 9 6356.600
23 10 9252.100
23 11 5732.700
23 12 3962.800
23 13 10429.000
23 14 10932.900
23 15 7844.700
23 16 2779.100
23 17 7753.200
23 18 7149.100
23 19 8072.600
23 20 9902.000
23 21 12675.400
23 22 4698.000
23 23 0.000
23 24 5165.300
23 25 3647.300
23 26 7753.200
23 27 9907.300
23 28 6475.400
23 29 8853.700
23 30 7443.900
23 31 5781.100
23 32 2344.500
23 33 8444.300
23 34 11597.900
23 35 7231.200
23 36 10198.100
23 37 6881.300
23 38 7416.400
23 39 10345.000
23 40 12393.400
23 41 5377.100
23 42 3455.000
23 43 5628.700
23 44 9452.100
23 45 11322.700
23 46 3859.500
23 47 3867.500
23 48 740.700
23 49 13070.200
23 50 4852.600
23 51 8879.600
23 52 2476.100
23 53 1596.600
23 54 6297.900
23 55 5493.700
23 56 4716.400
23 57 10554.500
23 58 4580.200
23 59 8301.700
23 60 5546.000
23 61 1751.000
23 62 9300.600
23 63 8002.700
23 64 9294.400
23 65 8507.400
23 66 10959.300
23 67 9402.100
23 68 9882.000
23 69 6507.700
23 70 8741.700
23 71 8825.200
23 72 10700.700
23 73 9064.400
23 74 8589.800
23 75 9578.200
23 76 11299.500
23 77 4822.000
23 78 11304.600
23 79 8875.200
23 80 3235.000
23 81 4380.200
23 82 7831.100
23 83 8967.900
23 84 8601.300
23 85 2472.100
23 86 8132.100
23 87 2702.200
23 88 9420.200
23 89 3293.300
23 90 5169.600
23 91 7286.500
23 92 8112.200
23 93 9515.500
23 94 9557.300
23 95 5556.800
23 96 10130.600
23 97 8068.600
23 98 3297.600
23 99 3149.000
24 0 6747.800
24 1 3827.800
24 2 6030.000
24 3 2674.200
24 4 2786.000
24 5 7822.800
24 6 2104.300
24 7 5434.600
24 8 5999.400
24 9 3903.500
24 10 4352.800
24 11 7583.800
24 12 3113.500
24 13 6192.200
24 14 6563.300
24 15 4627.700
24 16 5612.900
24 17 2587.900
24 18 8203.900
24 19 2907.300
24 20 4878.600
24 21 7557.500
24 22 3987.400
24 23 5716.700
24 24 0.000
24 25 4723.100
24 26 2524.500
24 27 4742.000
24 28 2432.400
24 29 3688.400
24 30 6164.000
24 31 4122.700
24 32 3533.800
24 33 6110.000
24 34 8380.900
24 35 3188.100
24 36 7751.200
24 37 1977.100
24 38 8014.300
24 39 5254.200
24 40 9176.400
24 41 4373.900
24 42 3020.700
24 43 4745.700
24 44 5726.900
24 45 6513.600
24 46 5201.900
24 47 3533.800
24 48 6256.500
24 49 8261.100
24 50 2548.800
24 51 4783.700
24 52 4742.300
24 53 4719.700
24 54 6895.800
24 55 5956.200
24 56 2178.100
24 57 7337.600
24 58 5042.700
24 59 3136.400
24 60 2329.000
24 61 5300.400
24 62 4135.300
24 63 4445.400
24 64 4485.200
24 65 4419.400
24 66 5793.900
24 67 4778.600
24 68 4716.600
24 69 1342.300
24 70 5560.500
24 71 4667.400
24 72 5891.600
24 73 7951.600
24 74 4012.700
24 75 4412.900
24 76 6195.100
24 77 3421.600
24 78 6495.500
24 79 3709.900
24 80 4442.400
24 81 2400.200
24 82 2665.800
24 83 6521.000
24 84 3372.300
24 85 3933.800
24 86 2966.800
24 87 3041.900
24 88 10018.000
24 89 5559.500
24 90 5344.300
24 91 8114.400
24 92 2946.900
24 93 7068.500
24 94 4392.000
24 95 1677.500
24 96 5397.200
24 97 8666.500
24 98 6483.500
24 99 3611.500
25 0 9617.900
25 1 3741.000
25 2 3709.400
25 3 4428.400
25 4 5594.500
25 5 7743.400
25 6 6120.600
25 7 3114.000
25 8 8272.800
25 9 2613.400
25 10 5923.900
25 11 3498.200
25 12 5181.900
25 13 6952.000
25 14 7035.100
25 15 4540.900
25 16 3667.900
25 17 6411.500
25 18 9518.800
25 19 6872.900
25 20 6618.700
25 21 9379.100
25 22 6944.900
25 23 3910.700
25 24 4110.800
25 25 0.000
25 26 4469.900
25 27 8731.000
25 28 3192.100
25 29 7632.900
25 30 9813.600
25 31 8139.000
25 32 5441.100
25 33 6209.800
25 34 8301.600
25 35 3947.900
25 36 11767.500
25 37 3598.000
25 38 10558.100
25 39 7061.700
25 40 9097.100
25 41 8390.200
25 42 1393.500
25 43 1885.500
25 44 5640.000
25 45 8018.900
25 46 1116.300
25 47 6114.500
25 48 4651.400
25 49 9766.500
25 50 6659.600
25 51 5543.400
25 52 1437.600
25 53 2399.200
25 54 8667.700
25 55 7863.500
25 56 6288.900
25 57 7258.200
25 58 6950.000
25 59 7125.400
25 60 2243.700
25 61 3158.200
25 62 7784.300
25 63 4699.000
25 64 5990.600
25 65 5179.200
25 66 8850.600
25 67 5538.400
25 68 8091.200
25 69 5453.100
25 70 5934.500
25 71 8683.700
25 72 7396.900
25 73 12206.000
25 74 5261.600
25 75 6694.100
25 76 6954.800
25 77 1078.800
25 78 8000.900
25 79 7726.200
25 80 6349.600
25 81 4307.500
25 82 6682.100
25 83 10537.300
25 84 5318.000
25 85 2322.000
25 86 6955.900
25 87 4949.200
25 88 11789.900
25 89 1872.000
25 90 7539.300
25 91 9429.300
25 92 5392.900
25 93 11084.900
25 94 6739.400
25 95 5788.300
25 96 6157.000
25 97 10438.400
25 98 4538.400
25 99 5518.800
26 0 6357.500
26 1 2999.000
26 2 7219.800
26 3 1601.200
26 4 1187.800
26 5 6460.700
26 6 1713.900
26 7 6624.400
26 8 5609.000
26 9 3849.900
26 10 2466.000
26 11 7747.600
26 12 4027.400
26 13 3937.300
26 14 5456.200
26 15 4446.600
26 16 6802.800
26 17 2004.900
26 18 7813.500
26 19 2301.400
26 20 2956.600
26 21 5687.500
26 22 5314.200
26 23 6906.500
26 24 1717.600
26 25 5064.200
26 26 0.000
26 27 4159.400
26 28 2319.100
26 29 3082.500
26 30 5773.600
26 31 3732.300
26 32 4723.600
26 33 5517.500
26 34 7018.900
26 35 2731.100
26 36 7360.900
26 37 1209.100
26 38 7624.000
26 39 3195.000
26 40 5989.500
26 41 3983.600
26 42 4210.500
26 43 4909.500
26 44 5139.700
26 45 4643.600
26 46 5365.700
26 47 4447.700
26 48 7446.300
26 49 6391.100
26 50 3462.600
26 51 3218.700
26 52 5932.100
26 53 5909.500
26 54 6505.400
26 55 7939.900
26 56 3091.900
26 57 6170.400
26 58 6232.500
26 59 2553.900
26 60 2274.400
26 61 6490.200
26 62 3272.600
26 63 3823.200
26 64 2600.500
26 65 3205.500
26 66 4803.300
26 67 3948.700
26 68 3677.000
26 69 2256.200
26 70 4968.000
26 71 4277.000
26 72 4021.600
26 73 7561.200
26 74 2181.400
26 75 2287.400
26 76 5058.400
26 77 3585.400
26 78 4625.500
26 79 3319.500
26 80 5632.200
26 81 3590.100
26 82 2275.400
26 83 6130.600
26 84 1655.900
26 85 5123.600
26 86 2384.300
26 87 4231.800
26 88 9627.700
26 89 6121.300
26 90 5773.500
26 91 7724.100
26 92 821.300
26 93 6678.200
26 94 2332.700
26 95 2591.300
26 96 3945.800
26 97 8276.200
26 98 7673.300
26 99 4801.400
27 0 4604.000
27 1 6969.900
27 2 10577.500
27 3 5788.900
27 4 3109.800
27 5 9485.800
27 6 2574.200
27 7 9982.100
27 8 4784.700
27 9 8037.600
27 10 6402.100
27 11 11935.300
27 12 6202.100
27 13 8285.200
27 14 9427.100
27 15 8358.500
27 16 10160.400
27 17 4931.000
27 18 6060.100
27 19 2141.800
27 20 3330.200
27 21 8124.800
27 22 4561.000
27 23 10150.200
27 24 5075.300
27 25 9270.700
27 26 4892.300
27 27 0.000
27 28 6506.800
27 29 2279.500
27 30 4020.200
27 31 4060.500
27 32 8312.400
27 33 9488.400
27 34 10044.000
27 35 6702.100
27 36 5607.400
27 37 5396.700
27 38 5870.500
27 39 3705.900
27 40 8717.900
27 41 4920.100
27 42 7568.200
27 43 9097.200
27 44 9110.600
27 45 7080.900
27 46 9553.400
27 47 5391.400
27 48 10690.100
27 49 7489.400
27 50 5999.500
27 51 7189.700
27 52 9289.800
27 53 9267.200
27 54 4752.000
27 55 6186.400
27 56 6018.100
27 57 9195.500
27 58 6161.500
27 59 1897.600
27 60 6462.100
27 61 9847.900
27 62 1561.100
27 63 7794.100
27 64 5218.100
27 65 7176.500
27 66 2901.300
27 67 7919.700
27 68 3307.700
27 69 5182.400
27 70 8938.900
27 71 2523.600
27 72 7046.700
27 73 5807.800
27 74 6152.400
27 75 3596.400
27 76 8083.500
27 77 7773.100
27 78 6746.300
27 79 1478.800
27 80 7280.600
27 81 6947.800
27 82 2348.000
27 83 4377.200
27 84 4242.400
27 85 8481.300
27 86 2291.800
27 87 7782.700
27 88 7874.200
27 89 10107.000
27 90 5020.300
27 91 5970.600
27 92 3244.500
27 93 4924.700
27 94 2843.600
27 95 5517.500
27 96 7916.800
27 97 6522.700
27 98 11031.000
27 99 7782.200
28 0 9021.600
28 1 1159.200
28 2 7413.200
28 3 1262.200
28 4 3851.900
28 5 5374.900
28 6 4378.000
28 7 6817.900
28 8 7764.800
28 9 2969.500
28 10 2731.800
28 11 5871.000
28 12 4354.600
28 13 3759.900
28 14 4130.900
28 15 2194.900
28 16 6996.200
28 17 4669.000
28 18 9010.800
28 19 4875.700
28 20 4620.000
28 21 5507.000
28 22 6436.900
28 23 7115.900
28 24 2974.600
28 25 4183.800
28 26 2664.100
28 27 6733.800
28 28 0.000
28 29 5634.200
28 30 8437.700
28 31 6396.400
28 32 4933.100
28 33 3677.600
28 34 5933.100
28 35 755.800
28 36 10025.000
28 37 1694.100
28 38 10043.000
28 39 5062.900
28 40 5229.400
28 41 6647.700
28 42 4404.000
28 43 3642.400
28 44 3271.600
28 45 4852.700
28 46 4485.300
28 47 5606.500
28 48 7655.700
28 49 6600.300
28 50 5523.400
28 51 2351.400
28 52 5680.900
28 53 6103.000
28 54 8159.700
28 55 7355.500
28 56 5152.700
28 57 4889.700
28 58 6442.000
28 59 5128.200
28 60 1394.000
28 61 6683.700
28 62 5785.600
28 63 2013.100
28 64 2824.400
28 65 1987.100
28 66 6865.600
28 67 2346.300
28 68 6106.200
28 69 4316.900
28 70 3128.200
28 71 6941.100
28 72 4230.700
28 73 11690.900
28 74 2069.500
28 75 4951.500
28 76 3762.700
28 77 2704.900
28 78 4834.600
28 79 5983.600
28 80 5841.600
28 81 3799.500
28 82 4939.500
28 83 8794.700
28 84 2584.500
28 85 5317.000
28 86 4958.600
28 87 4441.200
28 88 12030.300
28 89 5240.900
28 90 7031.300
28 91 8921.300
28 92 3395.600
28 93 9342.300
28 94 4996.800
28 95 4652.100
28 96 2964.900
28 97 10678.700
28 98 7866.800
28 99 5010.800
29 0 6303.100
29 1 5911.600
29 2 9233.700
29 3 4730.600
29 4 2077.000
29 5 7844.000
29 6 3099.900
29 7 8638.300
29 8 6483.700
29 9 6979.300
29 10 5343.800
29 11 10877.000
29 12 5609.800
29 13 6370.000
29 14 8368.800
29 15 7300.200
29 16 8816.700
29 17 3587.300
29 18 7759.200
29 19 1086.700
29 20 1521.200
29 21 6755.800
29 22 6260.000
29 23 8920.400
29 24 3731.500
29 25 7926.900
29 26 3833.900
29 27 2429.800
29 28 5448.500
29 29 0.000
29 30 5719.300
29 31 4721.500
29 32 6737.600
29 33 8430.100
29 34 8128.800
29 35 5643.800
29 36 7306.500
29 37 4338.400
29 38 7569.600
29 39 1896.900
29 40 7348.900
29 41 4972.700
29 42 6224.500
29 43 8038.800
29 44 8052.300
29 45 5711.900
29 46 8495.100
29 47 6030.100
29 48 9460.300
29 49 6120.300
29 50 5045.000
29 51 6131.300
29 52 7946.000
29 53 7923.500
29 54 6451.100
29 55 7885.500
29 56 4674.400
29 57 7280.300
29 58 7860.600
29 59 2423.300
29 60 5403.800
29 61 8504.200
29 62 1180.600
29 63 6735.800
29 64 4159.700
29 65 6118.200
29 66 2121.000
29 67 6861.300
29 68 1043.700
29 69 3838.600
29 70 7880.600
29 71 4222.700
29 72 5131.500
29 73 7506.800
29 74 5094.000
29 75 1868.800
29 76 6168.300
29 77 6714.700
29 78 5377.300
29 79 3177.900
29 80 7646.200
29 81 5604.000
29 82 3247.800
29 83 6076.200
29 84 3184.100
29 85 7137.500
29 86 2270.900
29 87 6245.700
29 88 9573.300
29 89 8763.300
29 90 6719.400
29 91 7669.700
29 92 2186.200
29 93 6623.800
29 94 1034.600
29 95 4173.700
29 96 6858.500
29 97 8221.800
29 98 9687.200
29 99 6815.300
30 0 2859.800
30 1 8999.600
30 2 9840.600
30 3 7621.700
30 4 6343.800
30 5 12278.900
30 6 4320.300
30 7 9464.600
30 8 3040.400
30 9 9870.400
30 10 8442.200
30 11 13545.500
30 12 4590.300
30 13 9937.800
30 14 11456.800
30 15 10388.100
30 16 11185.100
30 17 6345.200
30 18 4315.900
30 19 5729.400
30 20 6917.800
30 21 11505.600
30 22 2949.200
30 23 8406.000
30 24 6489.500
30 25 10684.800
30 26 6728.100
30 27 4175.200
30 28 8339.600
30 29 5867.000
30 30 0.000
30 31 2448.700
30 32 6568.200
30 33 11518.000
30 34 12837.100
30 35 8731.700
30 36 2754.300
30 37 7229.600
30 38 2214.100
30 39 7293.400
30 40 11807.700
30 41 3308.300
30 42 8982.400
30 43 10707.400
30 44 11140.300
30 45 10461.700
30 46 11163.600
30 47 3779.600
30 48 8945.900
30 49 12209.300
30 50 4387.800
30 51 9219.300
30 52 10704.000
30 53 10002.600
30 54 3007.800
30 55 4442.200
30 56 5015.200
30 57 11988.500
30 58 4417.300
30 59 4387.900
30 60 8290.700
30 61 10157.000
30 62 5148.600
30 63 9823.800
30 64 8418.600
30 65 9206.100
30 66 6936.200
30 67 9949.300
30 68 6895.300
30 69 6596.500
30 70 10968.500
30 71 2028.500
30 72 9839.700
30 73 2149.600
30 74 8182.000
30 75 7184.000
30 76 10876.600
30 77 9383.300
30 78 10443.700
30 79 2892.900
30 80 5536.400
30 81 7593.100
30 82 3762.200
30 83 1524.000
30 84 7501.400
30 85 9895.400
30 86 5318.000
30 87 6038.500
30 88 4377.000
30 89 11521.200
30 90 3408.600
30 91 4226.400
30 92 6504.700
30 93 2071.600
30 94 6431.200
30 95 5259.100
30 96 9946.400
30 97 3025.500
30 98 12358.400
30 99 6037.900
31 0 3706.600
31 1 6770.200
31 2 8742.300
31 3 5392.300
31 4 3923.400
31 5 10049.500
31 6 2091.000
31 7 8366.200
31 8 1924.100
31 9 7641.000
31 10 6212.800
31 11 11316.100
31 12 3270.400
31 13 7708.400
31 14 9227.400
31 15 8158.700
31 16 9345.200
31 17 4115.800
31 18 4171.900
31 19 3932.100
31 20 5779.400
31 21 9276.200
31 22 1629.200
31 23 7307.700
31 24 4260.100
31 25 8455.400
31 26 4498.700
31 27 4259.000
31 28 6110.200
31 29 4728.700
31 30 3122.800
31 31 0.000
31 32 5469.800
31 33 9288.600
31 34 10607.600
31 35 6502.300
31 36 3821.900
31 37 5000.200
31 38 3982.300
31 39 6155.100
31 40 9578.300
31 41 1242.600
31 42 6753.000
31 43 8478.000
31 44 8910.900
31 45 8232.300
31 46 8934.200
31 47 2459.700
31 48 7847.500
31 49 9979.900
31 50 3067.800
31 51 6989.900
31 52 8474.600
31 53 8904.300
31 54 2863.800
31 55 3748.000
31 56 3695.300
31 57 9759.100
31 58 3318.900
31 59 2653.400
31 60 6061.300
31 61 9058.700
31 62 4010.300
31 63 7594.400
31 64 6189.200
31 65 6976.700
31 66 6834.200
31 67 7719.900
31 68 5756.900
31 69 4367.100
31 70 8739.100
31 71 2803.800
31 72 7610.300
31 73 4022.300
31 74 5952.600
31 75 5524.100
31 76 8647.200
31 77 7153.900
31 78 8214.300
31 79 2741.700
31 80 4438.000
31 81 6132.500
31 82 2144.800
31 83 2591.700
31 84 5056.000
31 85 7666.000
31 86 3105.400
31 87 4940.200
31 88 5986.000
31 89 9291.800
31 90 2088.600
31 91 4082.400
31 92 4058.100
31 93 3139.300
31 94 5292.800
31 95 3939.100
31 96 7717.000
31 97 4634.500
31 98 10605.200
31 99 4939.600
32 0 5656.400
32 1 5453.000
32 2 3629.400
32 3 6140.500
32 4 6359.600
32 5 9448.000
32 6 5677.900
32 7 3253.300
32 8 4311.400
32 9 5528.800
32 10 7660.400
32 11 7927.500
32 12 2371.000
32 13 8688.400
32 14 8747.100
32 15 6253.000
32 16 4973.800
32 17 6161.500
32 18 5557.400
32 19 6480.900
32 20 8310.300
32 21 11083.700
32 22 3106.300
32 23 2194.800
32 24 3573.600
32 25 5842.100
32 26 6161.500
32 27 8315.600
32 28 4883.700
32 29 7262.000
32 30 5852.200
32 31 4189.400
32 32 0.000
32 33 8196.000
32 34 10006.200
32 35 5639.400
32 36 8606.400
32 37 5289.600
32 38 5824.700
32 39 8753.200
32 40 10801.600
32 41 3785.400
32 42 4646.900
32 43 6588.300
32 44 7352.100
32 45 9731.000
32 46 6054.300
32 47 2275.800
32 48 2734.600
32 49 11478.500
32 50 3260.900
32 51 7287.900
32 52 4670.900
32 53 3791.400
32 54 4706.200
32 55 3902.000
32 56 3124.700
32 57 8962.800
32 58 2988.500
32 59 6710.000
32 60 3954.300
32 61 3945.800
32 62 7708.900
32 63 6411.000
32 64 7702.600
32 65 6915.600
32 66 9367.500
32 67 7267.900
32 68 8290.300
32 69 4916.000
32 70 7646.500
32 71 7233.500
32 72 9109.000
32 73 7472.700
32 74 6998.100
32 75 7986.500
32 76 9707.700
32 77 5264.200
32 78 9712.900
32 79 7283.500
32 80 1643.300
32 81 2788.500
32 82 6239.400
32 83 7376.200
32 84 7009.600
32 85 2689.500
32 86 6540.400
32 87 1110.500
32 88 7828.500
32 89 5488.100
32 90 3577.900
32 91 5467.900
32 92 6520.500
32 93 7923.700
32 94 7965.600
32 95 3965.100
32 96 7893.400
32 97 6476.900
32 98 5492.300
32 99 1557.300
33 0 11231.400
33 1 2522.100
33 2 8224.500
33 3 4469.300
33 4 7286.600
33 5 3860.300
33 6 7812.800
33 7 7949.800
33 8 9886.300
33 9 5254.800
33 10 4165.100
33 11 5169.400
33 12 6795.400
33 13 3587.000
33 14 2447.200
33 15 2099.900
33 16 7616.000
33 17 8103.700
33 18 11132.300
33 19 8082.700
33 20 7827.100
33 21 5830.800
33 22 8558.400
33 23 8746.500
33 24 5724.300
33 25 6617.000
33 26 6098.800
33 27 9940.800
33 28 4411.900
33 29 8841.300
33 30 11427.200
33 31 9831.200
33 32 7054.600
33 33 0.000
33 34 3336.100
33 35 3306.400
33 36 13459.700
33 37 4901.200
33 38 12164.500
33 39 8553.200
33 40 5553.100
33 41 10082.400
33 42 6525.500
33 43 4350.800
33 44 1766.100
33 45 5356.300
33 46 5861.800
33 47 7728.000
33 48 9487.200
33 49 6805.300
33 50 8273.100
33 51 3496.500
33 52 7239.700
33 53 7235.000
33 54 10281.200
33 55 9477.000
33 56 7902.400
33 57 3375.100
33 58 8563.500
33 59 8335.300
33 60 3836.300
33 61 7994.000
33 62 8992.600
33 63 2230.700
33 64 5331.900
33 65 2834.000
33 66 9942.500
33 67 2560.200
33 68 9183.000
33 69 7066.700
33 70 954.400
33 71 10375.900
33 72 5722.600
33 73 13812.500
33 74 4158.300
33 75 8386.200
33 76 4086.500
33 77 4990.200
33 78 6740.600
33 79 9418.400
33 80 7963.200
33 81 5921.000
33 82 8374.300
33 83 12229.400
33 84 5791.500
33 85 7438.600
33 86 8165.700
33 87 6562.700
33 88 14151.800
33 89 5635.800
33 90 9152.900
33 91 11042.900
33 92 6602.700
33 93 12777.000
33 94 8431.500
33 95 7401.800
33 96 3288.600
33 97 12800.200
33 98 8486.600
33 99 7132.300
34 0 13615.900
34 1 4924.800
34 2 10779.600
34 3 6924.700
34 4 7694.200
34 5 1971.800
34 6 8690.800
34 7 11323.900
34 8 12270.900
34 9 7646.800
34 10 4715.300
34 11 7724.500
34 12 9179.900
34 13 3565.800
34 14 2171.900
34 15 6651.600
34 16 10171.100
34 17 8981.700
34 18 13516.900
34 19 8346.600
34 20 7349.400
34 21 3607.400
34 22 10943.000
34 23 11621.900
34 24 8108.800
34 25 8861.100
34 26 6976.900
34 27 10204.600
34 28 6867.300
34 29 8987.700
34 30 12750.500
34 31 10709.200
34 32 9439.100
34 33 3915.200
34 34 0.000
34 35 5446.400
34 36 14337.800
34 37 7356.600
34 38 14549.000
34 39 7350.500
34 40 3310.800
34 41 10960.500
34 42 8910.000
34 43 6905.900
34 44 4168.700
34 45 3612.300
34 46 8416.900
34 47 10112.500
34 48 12161.800
34 49 4736.200
34 50 10657.600
34 51 4760.800
34 52 10631.600
34 53 10609.000
34 54 12665.700
34 55 11861.500
34 56 10286.900
34 57 1620.200
34 58 10948.000
34 59 8599.100
34 60 6228.400
34 61 11189.700
34 62 9256.400
34 63 4520.000
34 64 5154.400
34 65 4404.600
34 66 8739.700
34 67 3630.400
34 68 7980.300
34 69 9451.200
34 70 3417.100
34 71 11253.900
34 72 3978.600
34 73 16197.000
34 74 5597.000
34 75 8548.100
34 76 2571.300
34 77 7382.300
34 78 4996.600
34 79 10296.400
34 80 10347.700
34 81 8305.500
34 82 9252.300
34 83 13107.500
34 84 6359.100
34 85 9823.100
34 86 8429.500
34 87 8947.200
34 88 16536.300
34 89 8190.900
34 90 11537.400
34 91 13427.400
34 92 6866.500
34 93 13655.100
34 94 8011.300
34 95 9786.300
34 96 3402.000
34 97 15184.700
34 98 11041.700
34 99 9516.800
35 0 9575.200
35 1 685.500
35 2 8020.400
35 3 1838.400
35 4 4405.600
35 5 4682.200
35 6 4931.700
35 7 7425.000
35 8 8372.000
35 9 3491.300
35 10 1939.500
35 11 6290.500
35 12 4876.400
35 13 2967.600
35 14 3657.300
35 15 2614.500
35 16 7603.400
35 17 5222.600
35 18 9618.000
35 19 5431.700
35 20 5176.100
35 21 4714.700
35 22 7044.100
35 23 7723.100
35 24 3291.100
35 25 4705.600
35 26 3217.800
35 27 7289.800
35 28 1704.400
35 29 6190.300
35 30 8991.400
35 31 6950.100
35 32 5540.200
35 33 3204.000
35 34 5240.300
35 35 0.000
35 36 10578.600
35 37 2193.800
35 38 10650.200
35 39 5672.200
35 40 4437.100
35 41 7201.300
35 42 5011.100
35 43 3712.200
35 44 2830.500
35 45 4112.400
35 46 5007.100
35 47 6213.600
35 48 8262.900
35 49 5860.000
35 50 5839.900
35 51 1515.400
35 52 6202.700
35 53 6710.200
35 54 8766.900
35 55 7962.600
35 56 5469.200
35 57 4197.000
35 58 7049.100
35 59 5684.200
35 60 1915.800
35 61 7290.900
35 62 6341.600
35 63 1539.400
35 64 2450.900
35 65 1513.400
35 66 7061.400
35 67 1872.600
35 68 6301.900
35 69 4633.500
35 70 2654.500
35 71 7494.800
35 72 3490.400
35 73 12298.100
35 74 1277.200
35 75 5505.100
35 76 2970.400
35 77 3226.800
35 78 4094.300
35 79 6537.300
35 80 6448.800
35 81 4406.600
35 82 5493.200
35 83 9348.400
35 84 3138.100
35 85 5924.200
35 86 5514.700
35 87 5048.400
35 88 12637.400
35 89 5762.700
35 90 7638.500
35 91 9528.500
35 92 3951.700
35 93 9896.000
35 94 5550.400
35 95 4968.600
35 96 2172.600
35 97 11285.900
35 98 8473.900
35 99 5618.000
36 0 4230.500
36 1 10370.300
36 2 11211.400
36 3 8992.500
36 4 7714.600
36 5 13649.700
36 6 5691.100
36 7 10835.300
36 8 4411.200
36 9 11241.200
36 10 9813.000
36 11 14916.300
36 12 5961.100
36 13 11308.600
36 14 12827.500
36 15 11758.900
36 16 12555.800
36 17 7716.000
36 18 5686.600
36 19 7100.100
36 20 8288.500
36 21 12876.400
36 22 4320.000
36 23 9776.800
36 24 7860.200
36 25 12055.600
36 26 8098.900
36 27 5545.900
36 28 9710.300
36 29 7237.800
36 30 3646.700
36 31 3819.500
36 32 7938.900
36 33 12888.800
36 34 14207.800
36 35 10102.400
36 36 0.000
36 37 8600.300
36 38 3465.700
36 39 8664.200
36 40 13178.400
36 41 4679.100
36 42 10353.100
36 43 12078.100
36 44 12511.000
36 45 11832.500
36 46 12534.400
36 47 5150.400
36 48 10316.600
36 49 13580.100
36 50 5758.500
36 51 10590.000
36 52 12074.700
36 53 11373.400
36 54 4378.500
36 55 5812.900
36 56 6386.000
36 57 13359.300
36 58 5788.000
36 59 5758.600
36 60 9661.500
36 61 11527.800
36 62 6519.400
36 63 11194.500
36 64 9789.400
36 65 10576.800
36 66 8447.200
36 67 11320.000
36 68 8266.100
36 69 7967.300
36 70 12339.300
36 71 3399.300
36 72 11210.500
36 73 1788.000
36 74 9552.700
36 75 8554.700
36 76 12247.300
36 77 10754.000
36 78 11814.400
36 79 4263.700
36 80 6907.100
36 81 8963.900
36 82 5132.900
36 83 1698.500
36 84 8872.200
36 85 11266.200
36 86 6688.800
36 87 7409.300
36 88 6323.700
36 89 12892.000
36 90 4779.300
36 91 5597.100
36 92 7875.500
36 93 965.200
36 94 7801.900
36 95 6629.900
36 96 11317.200
36 97 4972.200
36 98 13729.200
36 99 7408.700
37 0 7904.000
37 1 2316.000
37 2 7192.100
37 3 671.500
37 4 2734.300
37 5 6531.800
37 6 3260.400
37 7 6596.700
37 8 7155.500
37 9 2933.800
37 10 2223.300
37 11 6831.500
37 12 4968.400
37 13 3639.100
37 14 5158.000
37 15 3351.700
37 16 6775.100
37 17 3551.400
37 18 8789.700
37 19 4012.800
37 20 3758.500
37 21 5428.000
37 22 5842.200
37 23 6894.800
37 24 1854.900
37 25 4148.100
37 26 1609.800
37 27 5870.900
37 28 1263.900
37 29 4772.700
37 30 7320.100
37 31 5278.800
37 32 4711.900
37 33 4834.400
37 34 7089.900
37 35 1912.600
37 36 8907.400
37 37 0.000
37 38 9170.400
37 39 4201.500
37 40 5730.000
37 41 5530.100
37 42 4182.800
37 43 3993.300
37 44 4428.400
37 45 4384.100
37 46 4449.500
37 47 5388.700
37 48 7434.600
37 49 6131.700
37 50 4403.600
37 51 2920.500
37 52 5645.200
37 53 5881.900
37 54 8051.900
37 55 7134.300
37 56 4033.000
37 57 6046.500
37 58 6220.800
37 59 4265.300
37 60 1358.300
37 61 6462.600
37 62 4924.100
37 63 3169.900
37 64 2355.800
37 65 2907.400
37 66 6397.000
37 67 3503.100
37 68 5637.600
37 69 3197.200
37 70 4285.000
37 71 5823.500
37 72 3762.100
37 73 9107.700
37 74 1883.200
37 75 3833.900
37 76 4445.500
37 77 2669.200
37 78 4366.000
37 79 4866.000
37 80 5620.500
37 81 3578.300
37 82 3821.900
37 83 7677.100
37 84 2115.800
37 85 5095.900
37 86 4095.700
37 87 4220.000
37 88 11174.200
37 89 5205.200
37 90 6810.200
37 91 8700.200
37 92 2532.700
37 93 8224.700
37 94 3879.200
37 95 3532.300
37 96 3647.700
37 97 9822.600
37 98 7645.600
37 99 4789.600
38 0 1352.400
38 1 8578.000
38 2 8366.600
38 3 9169.900
38 4 7892.000
38 5 12573.000
38 6 5868.400
38 7 7990.600
38 8 2229.800
38 9 8653.700
38 10 9990.400
38 11 12664.700
38 12 4765.200
38 13 11486.000
38 14 11872.100
38 15 9377.900
38 16 9711.100
38 17 7893.300
38 18 1849.300
38 19 7277.500
38 20 8465.900
38 21 13053.800
38 22 4534.200
38 23 6932.000
38 24 6698.600
38 25 9474.300
38 26 8276.300
38 27 5723.300
38 28 8008.600
38 29 7415.200
38 30 2195.400
38 31 4644.100
38 32 4888.500
38 33 11320.900
38 34 13131.100
38 35 8764.400
38 36 3432.000
38 37 8777.700
38 38 0.000
38 39 8841.600
38 40 13355.800
38 41 5503.700
38 42 7771.900
38 43 9713.300
38 44 10477.000
38 45 12009.900
38 46 10169.500
38 47 4240.800
38 48 7471.800
38 49 13757.400
38 50 5225.900
38 51 10767.400
38 52 9408.100
38 53 8528.600
38 54 1092.300
38 55 1975.600
38 56 5726.400
38 57 12087.800
38 58 2737.600
38 59 5936.000
38 60 7079.200
38 61 8683.000
38 62 6696.800
38 63 9535.900
38 64 9966.800
38 65 10040.600
38 66 8624.600
38 67 10392.900
38 68 8443.400
38 69 8144.700
38 70 10771.500
38 71 3576.700
38 72 11387.900
38 73 1678.700
38 74 9730.100
38 75 8732.100
38 76 12832.700
38 77 8389.200
38 78 11991.800
38 79 4441.100
38 80 3856.700
38 81 5913.400
38 82 5310.300
38 83 3719.400
38 84 9049.600
38 85 7876.200
38 86 6866.200
38 87 4358.800
38 88 2162.900
38 89 10225.400
38 90 3211.200
38 91 1759.800
38 92 8052.900
38 93 4266.900
38 94 7979.300
38 95 6097.200
38 96 11494.500
38 97 811.400
38 98 10229.600
38 99 4358.200
39 0 8067.800
39 1 5341.100
39 2 10687.800
39 3 4180.800
39 4 4114.000
39 5 6041.000
39 6 4998.100
39 7 10092.400
39 8 8248.500
39 9 6429.500
39 10 4388.200
39 11 10327.200
39 12 7311.500
39 13 5425.300
39 14 7294.500
39 15 6729.600
39 16 10270.800
39 17 5289.000
39 18 9523.900
39 19 3123.700
39 20 1138.200
39 21 4952.800
39 22 8024.800
39 23 10390.500
39 24 5001.800
39 25 7643.800
39 26 3284.100
39 27 3463.800
39 28 4898.700
39 29 2037.000
39 30 7484.000
39 31 6758.400
39 32 8207.600
39 33 7859.500
39 34 7171.400
39 35 5073.200
39 36 9071.200
39 37 3788.600
39 38 9334.300
39 39 0.000
39 40 5545.900
39 41 7009.700
39 42 7678.500
39 43 7489.000
39 44 7481.800
39 45 3908.900
39 46 7945.200
39 47 7731.800
39 48 10930.300
39 49 4317.400
39 50 6746.800
39 51 5560.800
39 52 9140.900
39 53 9377.600
39 54 8215.800
39 55 9650.200
39 56 6376.100
39 57 6322.800
39 58 9625.300
39 59 4460.200
39 60 4854.000
39 61 9958.300
39 62 3217.500
39 63 6165.200
39 64 3361.100
39 65 5547.600
39 66 1788.900
39 67 6290.800
39 68 1029.500
39 69 5540.300
39 70 7310.000
39 71 5987.400
39 72 4395.800
39 73 9271.600
39 74 4523.500
39 75 2594.300
39 76 5210.900
39 77 6164.900
39 78 3574.300
39 79 4942.600
39 80 9116.200
39 81 7074.100
39 82 5284.800
39 83 7841.000
39 84 2634.300
39 85 8591.600
39 86 4307.900
39 87 7715.800
39 88 11338.000
39 89 8700.900
39 90 8484.100
39 91 9434.400
39 92 2709.200
39 93 8388.600
39 94 1389.200
39 95 5875.500
39 96 5802.900
39 97 9986.500
39 98 11141.300
39 99 8285.400
40 0 12605.700
40 1 5429.700
40 2 12424.200
40 3 5902.100
40 4 6965.600
40 5 1161.700
40 6 7962.200
40 7 11828.900
40 8 12775.800
40 9 8151.800
40 10 3986.700
40 11 9333.300
40 12 9684.900
40 13 2998.400
40 14 3305.800
40 15 7156.600
40 16 12007.200
40 17 8253.100
40 18 14021.800
40 19 7662.700
40 20 6162.400
40 21 1150.600
40 22 11447.900
40 23 12126.900
40 24 8613.800
40 25 9366.100
40 26 6248.300
40 27 9227.600
40 28 7372.200
40 29 7800.700
40 30 12021.900
40 31 9980.600
40 32 9944.100
40 33 4420.100
40 34 3082.700
40 35 4976.700
40 36 13609.200
40 37 6749.700
40 38 15054.000
40 39 6163.500
40 40 0.000
40 41 10231.900
40 42 9415.000
40 43 7475.700
40 44 4673.700
40 45 2425.300
40 46 9667.500
40 47 10617.500
40 48 12666.700
40 49 2279.400
40 50 11162.600
40 51 4291.100
40 52 11136.600
40 53 11114.000
40 54 13170.700
40 55 12366.500
40 56 10791.900
40 57 2234.200
40 58 11453.000
40 59 7870.500
40 60 6733.300
40 61 11694.700
40 62 7756.600
40 63 4405.900
40 64 4425.800
40 65 3934.900
40 66 7552.700
40 67 3773.700
40 68 6793.300
40 69 9956.100
40 70 3922.000
40 71 10525.300
40 72 2756.000
40 73 16701.900
40 74 4868.400
40 75 7398.800
40 76 2003.900
40 77 7887.200
40 78 2928.200
40 79 9567.800
40 80 10852.700
40 81 8810.500
40 82 8523.700
40 83 12378.900
40 84 5630.500
40 85 10328.000
40 86 7700.900
40 87 9452.200
40 88 17041.300
40 89 10423.200
40 90 12042.300
40 91 13932.300
40 92 6137.900
40 93 12926.500
40 94 6824.300
40 95 10291.300
40 96 2932.400
40 97 15689.700
40 98 12877.800
40 99 10021.800
41 0 4547.800
41 1 7191.400
41 2 7703.900
41 3 5813.600
41 4 4344.600
41 5 10470.700
41 6 2512.300
41 7 7327.800
41 8 2765.300
41 9 8062.200
41 10 6634.100
41 11 11737.400
41 12 3265.700
41 13 8129.600
41 14 9648.600
41 15 8580.000
41 16 9048.400
41 17 4537.000
41 18 5013.000
41 19 4353.300
41 20 6200.600
41 21 9697.500
41 22 1624.500
41 23 6269.300
41 24 4681.300
41 25 8876.700
41 26 4920.000
41 27 4680.300
41 28 6531.400
41 29 5149.900
41 30 3963.900
41 31 1229.200
41 32 4086.400
41 33 9709.900
41 34 11028.900
41 35 6923.500
41 36 4663.100
41 37 5421.400
41 38 4823.400
41 39 6576.300
41 40 9999.500
41 41 0.000
41 42 7174.200
41 43 8899.200
41 44 9332.100
41 45 8653.600
41 46 9355.400
41 47 2455.000
41 48 6809.100
41 49 10401.100
41 50 3063.100
41 51 7411.100
41 52 8745.400
41 53 7865.900
41 54 3704.900
41 55 4589.100
41 56 3690.500
41 57 10180.400
41 58 4160.100
41 59 3074.700
41 60 6482.500
41 61 8020.300
41 62 4431.500
41 63 8015.600
41 64 6610.500
41 65 7397.900
41 66 7255.500
41 67 8141.100
41 68 6178.200
41 69 4675.400
41 70 9160.400
41 71 3645.000
41 72 8031.600
41 73 4863.400
41 74 6373.800
41 75 5945.400
41 76 9068.400
41 77 7575.100
41 78 8635.500
41 79 4509.400
41 80 5279.200
41 81 5044.900
41 82 2566.000
41 83 3432.800
41 84 5477.200
41 85 8087.300
41 86 3526.600
41 87 3556.800
41 88 6827.200
41 89 9713.000
41 90 2929.800
41 91 4923.500
41 92 4479.300
41 93 3980.400
41 94 5714.000
41 95 3934.400
41 96 8138.200
41 97 5475.600
41 98 9566.900
41 99 4126.400
42 0 8313.200
42 1 4705.900
42 2 3276.300
42 3 5393.400
42 4 5612.500
42 5 8700.900
42 6 4930.800
42 7 2680.900
42 8 6968.100
42 9 4190.000
42 10 6913.300
42 11 4624.300
42 12 3897.600
42 13 7941.400
42 14 8000.100
42 15 5505.900
42 16 2859.300
42 17 5414.400
42 18 8214.100
42 19 5733.800
42 20 7563.200
42 21 10336.600
42 22 5640.200
42 23 3477.600
42 24 2826.500
42 25 1480.700
42 26 5414.400
42 27 7568.500
42 28 4136.600
42 29 6514.900
42 30 8508.900
42 31 6949.200
42 32 4136.300
42 33 7335.900
42 34 9259.100
42 35 4892.400
42 36 10577.800
42 37 4542.500
42 38 9253.300
42 39 8006.200
42 40 10054.600
42 41 7200.500
42 42 0.000
42 43 3462.100
42 44 6605.000
42 45 8983.900
42 46 2242.400
42 47 4809.800
42 48 4218.300
42 49 10731.500
42 50 5375.300
42 51 6540.800
42 52 1988.600
42 53 1966.000
42 54 7363.000
42 55 6558.700
42 56 5004.600
42 57 8215.700
42 58 5645.200
42 59 5962.900
42 60 3207.200
42 61 2546.700
42 62 6961.800
42 63 5663.900
42 64 6955.600
42 65 6168.600
42 66 8620.500
42 67 6520.900
42 68 7543.200
42 69 4168.900
42 70 6899.400
42 71 7493.900
42 72 8361.900
42 73 10901.300
42 74 6251.000
42 75 7239.400
42 76 8960.700
42 77 2655.400
42 78 8965.800
42 79 6536.400
42 80 5044.900
42 81 3002.800
42 82 5492.300
42 83 9347.500
42 84 6262.500
42 85 1180.100
42 86 5793.300
42 87 3644.500
42 88 10485.200
42 89 2805.900
42 90 6234.600
42 91 8124.600
42 92 5773.400
42 93 9895.100
42 94 7218.500
42 95 4504.000
42 96 7146.400
42 97 9133.700
42 98 3729.800
42 99 4214.100
43 0 10113.300
43 1 2766.100
43 2 5693.500
43 3 3453.500
43 4 6043.300
43 5 6768.500
43 6 6569.400
43 7 5418.800
43 8 8768.200
43 9 3128.700
43 10 4883.300
43 11 4731.100
43 12 5677.200
43 13 4903.100
43 14 5355.400
43 15 1788.300
43 16 5085.100
43 17 6860.300
43 18 10014.200
43 19 7067.000
43 20 6811.300
43 21 7146.800
43 22 7440.300
43 23 6215.500
43 24 4606.200
43 25 2047.700
43 26 4855.400
43 27 8925.100
43 28 3396.100
43 29 7825.500
43 30 10309.000
43 31 8587.800
43 32 5936.400
43 33 4201.600
43 34 7326.700
43 35 3212.700
43 36 12216.300
43 37 3885.500
43 38 11046.400
43 39 7254.300
43 40 6869.200
43 41 8839.000
43 42 3965.400
43 43 0.000
43 44 3960.400
43 45 7044.100
43 46 2349.200
43 47 6609.800
43 48 6956.200
43 49 8791.600
43 50 7154.900
43 51 3896.200
43 52 3544.800
43 53 4704.000
43 54 9163.100
43 55 8358.800
43 56 6784.300
43 57 6283.300
43 58 7445.300
43 59 7319.500
43 60 2718.200
43 61 5463.000
43 62 7976.900
43 63 3019.300
43 64 5015.700
43 65 3541.600
43 66 9057.000
43 67 3876.200
43 68 8297.500
43 69 5948.500
43 70 4254.800
43 71 9132.500
43 72 6422.100
43 73 12694.300
43 74 4311.200
43 75 7142.800
43 76 5402.500
43 77 2247.000
43 78 7026.000
43 79 8175.000
43 80 6845.000
43 81 4802.800
43 82 7130.900
43 83 10986.100
43 84 4775.800
43 85 4893.900
43 86 7149.900
43 87 5444.600
43 88 13033.600
43 89 3104.800
43 90 8034.700
43 91 9924.700
43 92 5587.000
43 93 11533.600
43 94 7188.100
43 95 6283.600
43 96 4604.700
43 97 11682.100
43 98 5955.600
43 99 6014.200
44 0 11042.800
44 1 2333.500
44 2 9292.200
44 3 4280.700
44 4 6537.200
44 5 2094.200
44 6 7063.400
44 7 8750.800
44 8 9697.700
44 9 5066.100
44 10 3415.700
44 11 6237.100
44 12 6606.800
44 13 2132.600
44 14 1395.100
44 15 3469.800
44 16 8683.700
44 17 7354.300
44 18 10943.700
44 19 7563.400
44 20 7142.300
44 21 3729.800
44 22 8369.800
44 23 9048.800
44 24 5535.700
44 25 5974.500
44 26 5349.400
44 27 9421.500
44 28 4223.300
44 29 8780.700
44 30 11123.000
44 31 9081.800
44 32 6865.900
44 33 1323.900
44 34 2652.300
44 35 3117.800
44 36 12710.300
44 37 4712.600
44 38 11975.900
44 39 7143.400
44 40 3447.800
44 41 9333.000
44 42 6336.900
44 43 4379.500
44 44 0.000
44 45 3405.200
44 46 6275.900
44 47 7539.400
44 48 9588.600
44 49 4858.700
44 50 8084.500
44 51 2747.100
44 52 7471.600
44 53 8035.900
44 54 10092.600
44 55 9288.400
44 56 7713.800
44 57 1609.000
44 58 8374.800
44 59 7815.900
44 60 3647.700
44 61 8616.600
44 62 8473.300
44 63 1928.700
44 64 4936.000
44 65 2390.800
44 66 8532.700
44 67 1616.600
44 68 7773.200
44 69 6878.000
44 70 825.800
44 71 9626.400
44 72 3771.600
44 73 13623.800
44 74 3408.900
44 75 7636.800
44 76 2186.100
44 77 4801.600
44 78 4789.600
44 79 8669.000
44 80 7774.500
44 81 5732.400
44 82 7624.800
44 83 11480.000
44 84 5269.800
44 85 7249.900
44 86 7646.300
44 87 6374.100
44 88 13963.100
44 89 6703.500
44 90 8964.200
44 91 10854.200
44 92 6083.400
44 93 12027.600
44 94 7804.300
44 95 7213.200
44 96 1388.300
44 97 12611.600
44 98 9554.300
44 99 6943.700
45 0 11095.100
45 1 4625.000
45 2 12880.300
45 3 4568.500
45 4 5455.000
45 5 2255.700
45 6 6451.600
45 7 12284.900
45 8 10346.700
45 9 7666.800
45 10 2476.100
45 11 9007.800
45 12 8765.000
45 13 1792.600
45 14 3661.900
45 15 6758.500
45 16 12463.200
45 17 6742.500
45 18 12551.200
45 19 5603.200
45 20 4102.900
45 21 1043.900
45 22 10051.800
45 23 12582.900
45 24 6455.300
45 25 8881.100
45 26 4737.700
45 27 7168.100
45 28 5251.300
45 29 5741.200
45 30 10511.300
45 31 8470.000
45 32 10400.100
45 33 4757.800
45 34 3538.700
45 35 4357.100
45 36 12098.500
45 37 5239.100
45 38 12361.600
45 39 4104.000
45 40 1609.700
45 41 8721.200
45 42 9871.000
45 43 7108.500
45 44 4543.600
45 45 0.000
45 46 9182.600
45 47 9185.400
45 48 13122.800
45 49 1449.000
45 50 8200.300
45 51 3758.800
45 52 10378.200
45 53 11570.000
45 54 11243.100
45 55 12677.500
45 56 7829.600
45 57 2690.200
45 58 11909.000
45 59 6359.900
45 60 6091.400
45 61 12150.700
45 62 5697.100
45 63 3760.800
45 64 2915.200
45 65 3402.500
45 66 5493.200
45 67 3241.300
45 68 4733.800
45 69 6993.900
45 70 4259.700
45 71 9014.700
45 72 763.200
45 73 12298.900
45 74 3357.800
45 75 5339.300
45 76 1578.300
45 77 7402.300
45 78 1750.100
45 79 8057.200
45 80 11308.700
45 81 9266.500
45 82 7013.100
45 83 10868.300
45 84 4119.900
45 85 10784.100
45 86 6190.300
45 87 9908.200
45 88 14365.400
45 89 9474.200
45 90 10511.200
45 91 12461.700
45 92 4627.300
45 93 11415.900
45 94 4764.800
45 95 7329.000
45 96 2170.300
45 97 13013.800
45 98 13333.800
45 99 10477.800
46 0 10477.400
46 1 4600.500
46 2 3465.100
46 3 5288.000
46 4 6454.000
46 5 8603.000
46 6 6980.200
46 7 3190.400
46 8 9132.400
46 9 3473.000
46 10 6783.400
46 11 2697.900
46 12 6041.400
46 13 7394.200
46 14 7898.100
46 15 5400.500
46 16 2856.700
46 17 7271.100
46 18 10378.400
46 19 7732.500
46 20 7478.200
46 21 10238.600
46 22 7804.500
46 23 3987.100
46 24 4970.300
46 25 1155.300
46 26 5329.500
46 27 9590.600
46 28 4051.600
46 29 8492.500
46 30 10673.200
46 31 8998.500
46 32 6331.600
46 33 5409.500
46 34 7980.700
46 35 4807.400
46 36 12627.100
46 37 4457.500
46 38 11417.600
46 39 7921.200
46 40 9956.600
46 41 9249.800
46 42 2198.600
46 43 2745.000
46 44 6417.300
46 45 8878.500
46 46 0.000
46 47 6974.000
46 48 4727.800
46 49 10626.000
46 50 7519.100
46 51 6403.000
46 52 1778.100
46 53 2475.600
46 54 9527.200
46 55 8723.000
46 56 7148.400
46 57 8117.800
46 58 7809.500
46 59 7985.000
46 60 3103.200
46 61 3234.600
46 62 8643.800
46 63 5558.500
46 64 6850.100
46 65 6038.700
46 66 9710.100
46 67 6367.400
46 68 8950.700
46 69 6312.700
46 70 5707.000
46 71 9543.200
46 72 8256.500
46 73 13065.500
46 74 6121.200
46 75 7553.600
46 76 7893.600
46 77 1938.300
46 78 8860.400
46 79 8585.800
46 80 7222.100
46 81 5167.000
46 82 7541.600
46 83 11396.800
46 84 6177.500
46 85 3127.100
46 86 7815.400
46 87 5808.700
46 88 12649.500
46 89 876.400
46 90 8398.900
46 91 10288.900
46 92 6252.500
46 93 11944.400
46 94 7598.900
46 95 6647.800
46 96 7095.800
46 97 11297.900
46 98 3727.200
46 99 6378.300
47 0 4658.500
47 1 5254.500
47 2 5248.900
47 3 5295.700
47 4 5028.900
47 5 9249.500
47 6 3359.300
47 7 4872.900
47 8 3449.600
47 9 5330.200
47 10 6160.400
47 11 9547.000
47 12 810.700
47 13 8489.900
47 14 8548.600
47 15 6054.500
47 16 6593.400
47 17 3842.900
47 18 4559.500
47 19 5037.700
47 20 6651.100
47 21 9354.600
47 22 830.400
47 23 3814.300
47 24 3375.100
47 25 6150.900
47 26 4502.500
47 27 5364.600
47 28 4685.100
47 29 5834.200
47 30 4648.300
47 31 1913.500
47 32 1631.500
47 33 7997.500
47 34 9807.700
47 35 5440.900
47 36 5347.400
47 37 4903.500
47 38 4826.800
47 39 7094.000
47 40 10603.100
47 41 1509.600
47 42 4448.400
47 43 6389.800
47 44 7153.600
47 45 8310.700
47 46 6846.000
47 47 0.000
47 48 4354.200
47 49 10058.200
47 50 985.100
47 51 7089.400
47 52 6290.400
47 53 5410.900
47 54 3708.300
47 55 2904.100
47 56 1612.500
47 57 8764.300
47 58 1990.600
47 59 3759.000
47 60 3755.700
47 61 5565.300
47 62 5115.800
47 63 6212.500
47 64 6267.600
47 65 6717.100
47 66 7939.800
47 67 7069.400
47 68 6862.500
47 69 2597.300
47 70 7448.000
47 71 4329.300
47 72 7688.700
47 73 5547.800
47 74 5875.900
47 75 6121.000
47 76 9509.200
47 77 5065.700
47 78 8292.600
47 79 5193.700
47 80 2494.800
47 81 2590.000
47 82 3250.300
47 83 4117.200
47 84 5350.400
47 85 4552.700
47 86 4210.900
47 87 1101.800
47 88 6830.600
47 89 7107.700
47 90 1810.400
47 91 4470.000
47 92 4655.000
47 93 4664.700
47 94 6166.300
47 95 1856.400
47 96 7694.900
47 97 5479.000
47 98 7111.900
47 99 1671.400
48 0 8263.600
48 1 8060.200
48 2 894.800
48 3 8747.600
48 4 8966.700
48 5 12055.200
48 6 8285.000
48 7 2312.500
48 8 6918.500
48 9 7610.600
48 10 10267.500
48 11 6986.600
48 12 4978.200
48 13 11295.600
48 14 11354.300
48 15 8860.100
48 16 2394.400
48 17 8768.600
48 18 8164.500
48 19 9088.000
48 20 10917.400
48 21 13690.800
48 22 5713.400
48 23 1253.900
48 24 6180.800
48 25 4901.200
48 26 8768.700
48 27 10922.700
48 28 7490.800
48 29 9869.100
48 30 8459.300
48 31 6796.500
48 32 3359.900
48 33 9698.200
48 34 12613.300
48 35 8246.600
48 36 11213.600
48 37 7896.700
48 38 8431.900
48 39 11360.400
48 40 13408.800
48 41 6392.600
48 42 4708.900
48 43 6882.600
48 44 9959.200
48 45 12338.100
48 46 5113.400
48 47 4883.000
48 48 0.000
48 49 14085.700
48 50 5868.000
48 51 9895.100
48 52 3730.000
48 53 2850.500
48 54 7313.400
48 55 6509.100
48 56 5731.900
48 57 11570.000
48 58 5595.600
48 59 9317.100
48 60 6561.400
48 61 3004.900
48 62 10316.000
48 63 9018.100
48 64 10309.800
48 65 9522.800
48 66 11974.700
48 67 9875.100
48 68 10897.400
48 69 7523.100
48 70 9995.600
48 71 9840.600
48 72 11716.100
48 73 10079.800
48 74 9605.200
48 75 10593.700
48 76 12314.900
48 77 6075.900
48 78 12320.000
48 79 9890.700
48 80 4250.400
48 81 5395.600
48 82 8846.500
48 83 9983.300
48 84 9616.700
48 85 3726.000
48 86 9147.600
48 87 3717.700
48 88 10435.600
48 89 4547.200
48 90 6185.000
48 91 8302.000
48 92 9127.600
48 93 10530.900
48 94 10572.700
48 95 6572.200
48 96 10500.600
48 97 9084.100
48 98 3412.600
48 99 4164.500
49 0 12080.400
49 1 5610.300
49 2 12945.200
49 3 5553.800
49 4 6440.600
49 5 3460.900
49 6 7436.900
49 7 12349.800
49 8 11332.000
49 9 8652.100
49 10 3461.400
49 11 11419.900
49 12 9750.400
49 13 3784.700
49 14 5605.000
49 15 7743.800
49 16 12528.200
49 17 7727.800
49 18 13536.500
49 19 6407.500
49 20 4907.200
49 21 1733.400
49 22 11037.100
49 23 12647.900
49 24 7440.600
49 25 9866.400
49 26 5723.000
49 27 7972.400
49 28 6236.700
49 29 6545.500
49 30 11496.600
49 31 9455.300
49 32 10465.000
49 33 7022.700
49 34 5382.000
49 35 5342.400
49 36 13083.900
49 37 6224.400
49 38 13346.900
49 39 4908.300
49 40 2299.200
49 41 9706.600
49 42 9935.900
49 43 8637.000
49 44 6649.200
49 45 2357.800
49 46 10167.900
49 47 10170.700
49 48 13187.700
49 49 0.000
49 50 9185.600
49 51 4753.700
49 52 11363.500
49 53 11634.900
49 54 12228.400
49 55 13662.800
49 56 8814.900
49 57 4533.400
49 58 11973.900
49 59 7345.400
49 60 7076.700
49 61 12215.700
49 62 6501.300
49 63 5358.100
49 64 3900.800
49 65 4740.500
49 66 6297.500
49 67 4995.100
49 68 5538.000
49 69 7979.200
49 70 6221.300
49 71 10000.000
49 72 2755.200
49 73 13284.200
49 74 4343.100
49 75 6143.600
49 76 3505.600
49 77 8387.600
49 78 1264.300
49 79 9042.500
49 80 11373.600
49 81 9331.400
49 82 7998.400
49 83 11853.600
49 84 5105.500
49 85 10849.000
49 86 7175.900
49 87 9973.100
49 88 15350.700
49 89 10923.500
49 90 11496.500
49 91 13447.000
49 92 5612.900
49 93 12401.200
49 94 5569.100
49 95 8314.300
49 96 4162.300
49 97 13999.100
49 98 13398.700
49 99 10542.700
50 0 5840.200
50 1 6302.000
50 2 6234.000
50 3 4310.600
50 4 4455.700
50 5 10297.100
50 6 2374.200
50 7 5857.900
50 8 4057.700
50 9 6377.800
50 10 5175.400
50 11 10058.100
50 12 1576.800
50 13 6646.600
50 14 8165.600
50 15 7102.000
50 16 7578.500
50 17 2857.800
50 18 5544.500
50 19 4577.000
50 20 5666.000
50 21 8369.500
50 22 1438.600
50 23 4799.400
50 24 3002.100
50 25 7197.400
50 26 3517.500
50 27 5383.200
50 28 4906.600
50 29 5358.100
50 30 5256.400
50 31 2521.700
50 32 2616.500
50 33 8584.300
50 34 10855.200
50 35 5662.400
50 36 5955.600
50 37 3918.400
50 38 6115.900
50 39 6109.000
50 40 8671.500
50 41 2117.800
50 42 5495.000
50 43 7220.000
50 44 8201.100
50 45 7325.600
50 46 7676.200
50 47 985.100
50 48 5339.200
50 49 9073.200
50 50 0.000
50 51 5928.100
50 52 7216.500
50 53 6396.000
50 54 4997.400
50 55 3889.200
50 56 627.400
50 57 9811.800
50 58 2975.700
50 59 3817.300
50 60 4803.300
50 61 6550.400
50 62 5174.100
50 63 6919.700
50 64 5282.500
50 65 5914.900
50 66 7463.600
50 67 6658.100
50 68 6386.300
50 69 1612.300
50 70 8034.800
50 71 4937.300
50 72 6703.600
50 73 6155.900
50 74 4890.800
50 75 5135.900
50 76 7740.400
50 77 5895.900
50 78 7307.500
50 79 3979.800
50 80 3479.800
50 81 3479.800
50 82 2935.700
50 83 4725.300
50 84 4365.300
50 85 6408.000
50 86 4269.200
50 87 2086.900
50 88 8119.600
50 89 8033.800
50 90 2795.500
50 91 5455.000
50 92 3669.900
50 93 5272.900
50 94 5181.200
50 95 871.300
50 96 6655.200
50 97 6768.100
50 98 8097.000
50 99 2656.500
51 0 9347.800
51 1 953.400
51 2 8288.300
51 3 1611.000
51 4 4178.100
51 5 4228.300
51 6 4704.300
51 7 7693.000
51 8 8639.900
51 9 3995.300
51 10 1712.000
51 11 6794.500
51 12 5549.000
51 13 2488.100
51 14 3203.400
51 15 3118.500
51 16 7871.300
51 17 4995.200
51 18 9885.900
51 19 5204.300
51 20 4948.600
51 21 4235.200
51 22 7312.000
51 23 7991.000
51 24 3703.600
51 25 5209.600
51 26 2990.300
51 27 7062.400
51 28 2293.800
51 29 5962.900
51 30 8763.900
51 31 6722.700
51 32 5808.200
51 33 3471.900
51 34 4786.500
51 35 685.600
51 36 10351.200
51 37 2282.500
51 38 10918.100
51 39 5444.700
51 40 3957.600
51 41 6973.900
51 42 5279.100
51 43 3980.200
51 44 3094.100
51 45 3885.000
51 46 5511.100
51 47 6481.600
51 48 8530.800
51 49 5632.500
51 50 6252.400
51 51 0.000
51 52 6706.700
51 53 6978.100
51 54 9495.800
51 55 8230.600
51 56 5881.700
51 57 3743.100
51 58 7317.100
51 59 5456.800
51 60 2419.800
51 61 7558.800
51 62 6114.200
51 63 1640.400
51 64 2223.400
51 65 1022.700
51 66 6833.900
51 67 1695.900
51 68 6074.500
51 69 5046.000
51 70 2922.400
51 71 7267.400
51 72 3263.000
51 73 10551.500
51 74 1049.800
51 75 5277.700
51 76 2490.900
51 77 3730.700
51 78 3866.900
51 79 6309.900
51 80 6716.700
51 81 4674.600
51 82 5265.800
51 83 9120.900
51 84 2910.700
51 85 6192.100
51 86 5287.200
51 87 5316.300
51 88 12905.300
51 89 6266.700
51 90 7906.400
51 91 9796.400
51 92 3724.300
51 93 9668.500
51 94 5323.000
51 95 5381.100
51 96 1693.000
51 97 11553.800
51 98 8741.900
51 99 5885.900
52 0 9721.200
52 1 5008.100
52 2 2271.800
52 3 5695.600
52 4 7123.300
52 5 9010.600
52 6 6441.600
52 7 1676.400
52 8 8376.200
52 9 3880.600
52 10 7191.000
52 11 4240.700
52 12 6435.900
52 13 8219.100
52 14 8302.200
52 15 5808.100
52 16 1854.800
52 17 6925.200
52 18 9622.200
52 19 7244.600
52 20 7885.800
52 21 10646.200
52 22 7171.100
52 23 2473.100
52 24 4337.400
52 25 1171.200
52 26 5737.100
52 27 9079.300
52 28 4459.200
52 29 8025.700
52 30 9917.000
52 31 8460.000
52 32 4817.600
52 33 6952.300
52 34 9568.700
52 35 5215.000
52 36 12088.600
52 37 4865.100
52 38 9889.500
52 39 8328.800
52 40 10364.200
52 41 7850.200
52 42 2093.500
52 43 3152.600
52 44 6907.200
52 45 9286.100
52 46 1932.900
52 47 6340.600
52 48 3213.800
52 49 11033.600
52 50 6886.100
52 51 6810.600
52 52 0.000
52 53 961.600
52 54 8771.000
52 55 7966.800
52 56 6515.500
52 57 8525.400
52 58 7053.300
52 59 7473.700
52 60 3510.800
52 61 1720.600
52 62 8472.600
52 63 5966.100
52 64 7257.700
52 65 6446.300
52 66 10131.300
52 67 6805.500
52 68 9054.000
52 69 5679.700
52 70 7249.800
52 71 9004.700
52 72 8664.100
52 73 11537.500
52 74 6528.700
52 75 7961.200
52 76 8221.900
52 77 2345.900
52 78 9268.000
52 79 8047.200
52 80 5708.100
52 81 4513.600
52 82 7003.100
52 83 10858.300
52 84 6585.100
52 85 2690.900
52 86 7304.200
52 87 5175.300
52 88 11893.300
52 89 1801.400
52 90 7642.700
52 91 9759.700
52 92 6660.100
52 93 11405.900
52 94 8006.500
52 95 6014.800
52 96 7424.100
52 97 10541.700
52 98 2725.300
52 99 5622.100
53 0 8856.500
53 1 6046.800
53 2 1407.100
53 3 6734.300
53 4 6953.400
53 5 10041.800
53 6 6271.700
53 7 811.700
53 8 7511.500
53 9 4825.200
53 10 8254.200
53 11 4201.300
53 12 5571.200
53 13 8897.500
53 14 9401.500
53 15 6846.800
53 16 1247.600
53 17 6755.300
53 18 8757.500
53 19 7074.700
53 20 8904.100
53 21 11677.500
53 22 6306.400
53 23 1608.400
53 24 4167.400
53 25 2115.900
53 26 6755.300
53 27 8909.400
53 28 5477.500
53 29 7855.800
53 30 9052.300
53 31 8290.100
53 32 3952.900
53 33 6912.900
53 34 10600.000
53 35 6233.300
53 36 11806.500
53 37 5883.400
53 38 9024.800
53 39 9347.100
53 40 11395.500
53 41 6985.500
53 42 1923.600
53 43 4097.300
53 44 7920.700
53 45 10324.800
53 46 2328.100
53 47 5475.900
53 48 2349.100
53 49 12072.300
53 50 6716.200
53 51 7881.700
53 52 944.700
53 53 0.000
53 54 7906.300
53 55 7102.100
53 56 6345.500
53 57 9556.600
53 58 6188.600
53 59 7303.800
53 60 4548.100
53 61 759.000
53 62 8302.700
53 63 7004.800
53 64 8296.500
53 65 7509.400
53 66 9961.400
53 67 7870.700
53 68 8884.100
53 69 5509.800
53 70 7210.300
53 71 8834.800
53 72 9702.800
53 73 10672.800
53 74 7591.900
53 75 8580.300
53 76 10301.600
53 77 3290.600
53 78 10306.700
53 79 7877.300
53 80 4843.400
53 81 4343.600
53 82 6833.200
53 83 10576.300
53 84 7603.400
53 85 1635.200
53 86 7134.200
53 87 4310.600
53 88 11028.600
53 89 1761.900
53 90 6778.000
53 91 8895.000
53 92 7114.300
53 93 11123.900
53 94 8559.400
53 95 5844.900
53 96 8599.100
53 97 9677.000
53 98 1766.100
53 99 4757.400
54 0 2613.900
54 1 8036.700
54 2 7825.400
54 3 8724.200
54 4 8506.200
54 5 12031.700
54 6 6482.700
54 7 7449.300
54 8 2757.700
54 9 8112.500
54 10 10604.600
54 11 12123.500
54 12 4223.900
54 13 11272.100
54 14 11330.800
54 15 8836.700
54 16 9169.800
54 17 8507.600
54 18 1308.100
54 19 7891.800
54 20 9080.100
54 21 13667.400
54 22 4696.100
54 23 6390.800
54 24 6157.300
54 25 8933.100
54 26 8890.500
54 27 6337.600
54 28 7467.400
54 29 8029.400
54 30 2809.600
54 31 4583.900
54 32 4347.200
54 33 10779.700
54 34 12589.900
54 35 8223.200
54 36 5563.900
54 37 7873.300
54 38 1118.500
54 39 9455.800
54 40 13385.300
54 41 5443.500
54 42 7230.600
54 43 9172.000
54 44 9935.800
54 45 12624.100
54 46 9628.200
54 47 3699.600
54 48 6930.600
54 49 14371.700
54 50 4684.600
54 51 9871.600
54 52 8866.900
54 53 7987.400
54 54 0.000
54 55 1434.400
54 56 5185.200
54 57 11546.500
54 58 2196.300
54 59 6550.300
54 60 6538.000
54 61 8141.800
54 62 7311.000
54 63 8994.700
54 64 10581.000
54 65 9499.300
54 66 9238.900
54 67 9851.600
54 68 9057.700
54 69 6296.900
54 70 10230.200
54 71 4190.900
54 72 12002.100
54 73 2766.500
54 74 10344.400
54 75 9346.400
54 76 12291.400
54 77 7847.900
54 78 12606.000
54 79 5055.300
54 80 3315.400
54 81 5372.200
54 82 5924.600
54 83 4333.600
54 84 9663.800
54 85 7334.900
54 86 7480.400
54 87 3817.600
54 88 3122.200
54 89 9684.100
54 90 2670.000
54 91 1218.600
54 92 8667.100
54 93 4881.200
54 94 8593.500
54 95 5555.900
54 96 10477.100
54 97 1770.700
54 98 9688.400
54 99 3817.000
55 0 3245.600
55 1 7386.500
55 2 6349.000
55 3 8073.900
55 4 9138.000
55 5 11381.500
55 6 5749.900
55 7 5972.900
55 8 2107.500
55 9 7462.200
55 10 9593.800
55 11 10647.000
55 12 3573.700
55 13 10621.900
55 14 10680.600
55 15 8186.400
55 16 7693.400
55 17 9139.300
55 18 1939.800
55 19 8523.500
55 20 9711.900
55 21 13017.100
55 22 4045.900
55 23 4914.400
55 24 5507.100
55 25 8282.800
55 26 8095.000
55 27 6969.300
55 28 6817.100
55 29 8661.200
55 30 3441.400
55 31 3933.700
55 32 3697.000
55 33 10129.400
55 34 11939.600
55 35 7572.900
55 36 6195.600
55 37 7223.000
55 38 2780.100
55 39 10087.600
55 40 12735.100
55 41 4793.200
55 42 6580.400
55 43 8521.800
55 44 9285.500
55 45 11664.400
55 46 8978.000
55 47 3049.300
55 48 5454.200
55 49 13412.000
55 50 4034.400
55 51 9221.400
55 52 7390.400
55 53 6511.000
55 54 2338.300
55 55 0.000
55 56 4534.900
55 57 10896.300
55 58 1546.100
55 59 7182.000
55 60 5887.700
55 61 6665.400
55 62 7942.800
55 63 8344.400
55 64 9636.100
55 65 8849.100
55 66 9870.600
55 67 9201.400
55 68 9689.400
55 69 5646.600
55 70 9580.000
55 71 4822.700
55 72 11042.400
55 73 4428.100
55 74 8931.500
55 75 9978.100
55 76 11641.200
55 77 7197.700
55 78 11646.300
55 79 5687.100
55 80 2665.200
55 81 4721.900
55 82 6556.300
55 83 4965.400
55 84 10295.600
55 85 6684.700
55 86 6764.200
55 87 3167.300
55 88 4783.900
55 89 8207.700
55 90 2019.700
55 91 1850.400
55 92 9298.900
55 93 5512.900
55 94 9225.300
55 95 4905.700
55 96 9826.900
55 97 3432.300
55 98 8211.900
55 99 3166.700
56 0 6722.100
56 1 5516.900
56 2 6520.200
56 3 4015.000
56 4 4160.100
56 5 9511.900
56 6 2078.600
56 7 6144.100
56 8 4685.200
56 9 5592.600
56 10 4879.800
56 11 9762.500
56 12 949.300
56 13 6351.000
56 14 7870.000
56 15 6316.900
56 16 7791.600
56 17 2562.200
56 18 6033.200
56 19 4281.400
56 20 5370.400
56 21 8073.900
56 22 2066.000
56 23 5085.600
56 24 2706.400
56 25 6901.800
56 26 3221.900
56 27 5087.600
56 28 4611.000
56 29 5062.500
56 30 6138.300
56 31 3149.100
56 32 2902.700
56 33 8288.700
56 34 10070.100
56 35 5366.800
56 36 6583.000
56 37 3622.800
56 38 6743.300
56 39 5813.400
56 40 8375.900
56 41 2745.200
56 42 5199.400
56 43 6924.400
56 44 7416.000
56 45 7030.000
56 46 7380.600
56 47 1612.500
56 48 5625.400
56 49 8777.600
56 50 627.400
56 51 5632.500
56 52 6920.900
56 53 6682.200
56 54 5624.800
56 55 4377.900
56 56 0.000
56 57 9026.700
56 58 3464.300
56 59 3521.700
56 60 4018.200
56 61 6836.600
56 62 4878.500
56 63 6624.100
56 64 4986.900
56 65 5619.300
56 66 7168.000
56 67 6362.500
56 68 6090.700
56 69 1316.700
56 70 7739.200
56 71 4641.700
56 72 6408.000
56 73 6783.300
56 74 4595.200
56 75 4840.300
56 76 7444.800
56 77 5600.300
56 78 7011.900
56 79 3684.200
56 80 3968.500
56 81 2852.400
56 82 2640.100
56 83 5352.700
56 84 4069.700
56 85 4815.100
56 86 3973.600
56 87 2373.000
56 88 8747.100
56 89 7738.200
56 90 3261.400
56 91 5943.700
56 92 3374.300
56 93 5900.300
56 94 4885.600
56 95 840.300
56 96 6359.600
56 97 7395.500
56 98 8662.100
56 99 2942.600
57 0 12107.100
57 1 3416.000
57 2 10410.500
57 3 5415.900
57 4 6632.800
57 5 1196.900
57 6 7629.400
57 7 9815.100
57 8 10762.100
57 9 6138.000
57 10 3653.900
57 11 7319.600
57 12 7671.100
57 13 2504.400
57 14 773.600
57 15 5142.800
57 16 9993.500
57 17 7920.300
57 18 12008.100
57 19 7285.100
57 20 6288.000
57 21 2881.400
57 22 9434.200
57 23 10113.200
57 24 6600.000
57 25 7352.300
57 26 5915.500
57 27 9143.200
57 28 5358.500
57 29 7926.300
57 30 12302.900
57 31 9647.800
57 32 7930.300
57 33 2406.400
57 34 1499.700
57 35 4200.200
57 36 13276.300
57 37 5847.800
57 38 13040.200
57 39 6289.100
57 40 2603.700
57 41 9899.000
57 42 7401.200
57 43 5461.900
57 44 2659.900
57 45 2550.900
57 46 7653.800
57 47 8603.700
57 48 10653.000
57 49 4010.200
57 50 9148.800
57 51 3797.100
57 52 9122.800
57 53 9100.200
57 54 11156.900
57 55 10352.700
57 56 8778.100
57 57 0.000
57 58 9439.200
57 59 7537.600
57 60 4719.600
57 61 9680.900
57 62 8195.000
57 63 3011.200
57 64 4093.000
57 65 3440.800
57 66 7678.300
57 67 2380.400
57 68 6918.800
57 69 7942.400
57 70 1908.300
57 71 10192.500
57 72 2917.200
57 73 14688.200
57 74 4535.500
57 75 7486.700
57 76 1509.800
57 77 5873.500
57 78 3935.200
57 79 9235.000
57 80 8838.900
57 81 6796.700
57 82 8190.900
57 83 12046.100
57 84 5297.700
57 85 8314.300
57 86 7368.100
57 87 7438.400
57 88 15027.500
57 89 8409.400
57 90 10028.600
57 91 11918.600
57 92 5805.100
57 93 12593.700
57 94 6949.900
57 95 8277.500
57 96 2438.300
57 97 13676.000
57 98 10864.000
57 99 8008.000
58 0 2667.900
58 1 6530.900
58 2 5989.400
58 3 7218.400
58 4 6797.600
58 5 10525.900
58 6 4965.300
58 7 5613.300
58 8 1322.900
58 9 6606.700
58 10 8738.300
58 11 10287.500
58 12 2718.100
58 13 9766.400
58 14 9825.100
58 15 7330.900
58 16 7333.800
58 17 6990.000
58 18 2568.900
58 19 6806.300
58 20 9134.200
58 21 12161.600
58 22 3261.300
58 23 4554.800
58 24 4651.500
58 25 7427.300
58 26 7239.400
58 27 6391.600
58 28 5961.600
58 29 8083.500
58 30 2863.700
58 31 3149.000
58 32 2841.500
58 33 9273.900
58 34 11084.100
58 35 6717.400
58 36 5617.900
58 37 6367.500
58 38 2836.200
58 39 9509.900
58 40 11879.600
58 41 4008.600
58 42 5724.900
58 43 7666.200
58 44 8430.000
58 45 10808.900
58 46 8414.300
58 47 2193.800
58 48 5094.600
58 49 12556.500
58 50 3178.800
58 51 8365.800
58 52 7030.900
58 53 6151.400
58 54 1717.700
58 55 913.500
58 56 3679.400
58 57 10040.700
58 58 0.000
58 59 5527.700
58 60 5032.200
58 61 6305.800
58 62 7365.100
58 63 7488.900
58 64 8780.600
58 65 7993.600
58 66 9292.900
58 67 8345.900
58 68 9111.800
58 69 4791.100
58 70 8724.400
58 71 4245.000
58 72 10186.900
58 73 4484.200
58 74 8076.000
58 75 8398.300
58 76 10785.700
58 77 6342.100
58 78 10790.800
58 79 5109.400
58 80 1809.700
58 81 3866.400
58 82 5019.000
58 83 4387.700
58 84 8087.500
58 85 5829.200
58 86 5979.600
58 87 2311.800
58 88 4840.000
58 89 7848.100
58 90 1235.100
58 91 2479.400
58 92 6932.300
58 93 4935.300
58 94 8647.600
58 95 4050.100
58 96 8971.400
58 97 3488.400
58 98 7852.300
58 99 2311.200
59 0 5003.400
59 1 5458.900
59 2 8755.500
59 3 4277.900
59 4 1598.800
59 5 7974.800
59 6 1063.200
59 7 8160.100
59 8 4561.500
59 9 6526.600
59 10 4891.100
59 11 10424.300
59 12 5131.600
59 13 6774.200
59 14 7916.100
59 15 6847.500
59 16 8338.500
59 17 3109.100
59 18 6459.500
59 19 1607.500
59 20 3272.900
59 21 7201.600
59 22 4266.600
59 23 8442.200
59 24 3253.300
59 25 7448.700
59 26 3381.300
59 27 1752.500
59 28 4995.800
59 29 2222.200
59 30 4419.600
59 31 2684.800
59 32 6259.400
59 33 7977.400
59 34 8533.000
59 35 5191.100
59 36 6006.800
59 37 3885.700
59 38 6269.900
59 39 3648.600
59 40 7503.600
59 41 2936.000
59 42 5746.300
59 43 7586.200
59 44 7599.600
59 45 6157.700
59 46 8042.400
59 47 5097.000
59 48 8982.100
59 49 6776.600
59 50 4566.800
59 51 5678.700
59 52 7467.800
59 53 7445.300
59 54 5151.400
59 55 6585.800
59 56 4196.200
59 57 7684.500
59 58 5956.300
59 59 0.000
59 60 4951.100
59 61 8026.000
59 62 1503.800
59 63 6283.100
59 64 3707.100
59 65 5665.500
59 66 4327.700
59 67 6408.700
59 68 3250.400
59 69 3360.400
59 70 7427.900
59 71 2923.000
59 72 5535.700
59 73 6207.200
59 74 4641.300
59 75 3199.500
59 76 6572.500
59 77 6262.100
59 78 6033.600
59 79 1878.200
59 80 7075.400
59 81 5125.800
59 82 1211.100
59 83 4776.500
59 84 2731.400
59 85 6659.300
59 86 780.800
59 87 5767.500
59 88 8273.600
59 89 8285.100
59 90 4725.900
59 91 6370.000
59 92 1733.500
59 93 5324.100
59 94 2786.300
59 95 3695.500
59 96 6405.800
59 97 6922.100
59 98 9209.000
59 99 6337.100
60 0 7530.500
60 1 1497.300
60 2 5833.800
60 3 2184.800
60 4 3490.500
60 5 5499.800
60 6 4127.600
60 7 5238.400
60 8 6185.400
60 9 1574.500
60 10 3704.600
60 11 5472.200
60 12 3094.400
60 13 4732.700
60 14 4791.400
60 15 2297.300
60 16 5416.800
60 17 4307.600
60 18 7431.400
60 19 4930.600
60 20 4514.700
60 21 7135.400
60 22 4857.500
60 23 5536.500
60 24 2023.400
60 25 2788.800
60 26 2366.000
60 27 6765.300
60 28 1088.100
60 29 5529.000
60 30 7726.200
60 31 6146.000
60 32 3353.600
60 33 4240.300
60 34 6057.900
60 35 1843.900
60 36 9774.600
60 37 1494.000
60 38 8470.600
60 39 4957.700
60 40 6853.400
60 41 6397.300
60 42 2824.500
60 43 2634.100
60 44 3396.400
60 45 5775.300
60 46 3090.300
60 47 4027.000
60 48 6076.300
60 49 7522.800
60 50 4572.100
60 51 3332.200
60 52 4285.900
60 53 4523.600
60 54 6580.300
60 55 5776.000
60 56 4201.500
60 57 5014.500
60 58 4862.500
60 59 5159.700
60 60 0.000
60 61 5104.300
60 62 5680.300
60 63 2455.300
60 64 3746.900
60 65 2959.900
60 66 6746.600
60 67 3312.200
60 68 5987.200
60 69 3365.700
60 70 3690.800
60 71 6690.700
60 72 5153.300
60 73 10118.600
60 74 3042.400
60 75 4590.100
60 76 4735.600
60 77 1310.000
60 78 5757.200
60 79 5733.300
60 80 4262.200
60 81 2220.000
60 82 4689.100
60 83 8544.300
60 84 3214.000
60 85 3737.600
60 86 4990.200
60 87 2861.800
60 88 9702.500
60 89 3845.900
60 90 5451.900
60 91 7341.900
60 92 3289.000
60 93 9091.900
60 94 4635.400
60 95 3700.800
60 96 3937.700
60 97 8351.000
60 98 6287.300
60 99 3431.400
61 0 8999.100
61 1 5972.600
61 2 2166.200
61 3 6660.100
61 4 6879.200
61 5 9967.600
61 6 6197.500
61 7 994.800
61 8 7654.100
61 9 5323.100
61 10 8180.000
61 11 4960.300
61 12 5164.300
61 13 9208.100
61 14 9266.800
61 15 6772.600
61 16 2006.700
61 17 6681.100
61 18 8900.100
61 19 7000.500
61 20 8829.900
61 21 11603.300
61 22 6449.000
61 23 1751.000
61 24 4093.200
61 25 2613.700
61 26 6681.100
61 27 8835.200
61 28 5403.300
61 29 7781.600
61 30 9194.900
61 31 8215.900
61 32 4095.500
61 33 7671.900
61 34 10525.800
61 35 6159.100
61 36 11844.400
61 37 5809.200
61 38 9167.400
61 39 9272.900
61 40 11321.300
61 41 8467.200
61 42 1849.400
61 43 4595.200
61 44 7871.700
61 45 10250.600
61 46 3087.100
61 47 5618.500
61 48 2491.700
61 49 11998.200
61 50 6642.000
61 51 7807.500
61 52 1703.700
61 53 759.000
61 54 8048.900
61 55 7244.700
61 56 6271.300
61 57 9482.400
61 58 6331.200
61 59 7229.600
61 60 4473.900
61 61 0.000
61 62 8228.500
61 63 6930.600
61 64 8222.300
61 65 7435.300
61 66 9887.200
61 67 7787.600
61 68 8809.900
61 69 5435.600
61 70 8166.100
61 71 8760.600
61 72 9628.600
61 73 10815.400
61 74 7517.700
61 75 8506.100
61 76 10227.400
61 77 3788.400
61 78 10232.500
61 79 7803.100
61 80 4986.000
61 81 4269.400
61 82 6759.000
61 83 10614.200
61 84 7529.200
61 85 1501.700
61 86 7060.000
61 87 4453.200
61 88 11171.200
61 89 2520.900
61 90 6920.600
61 91 9037.500
61 92 7040.100
61 93 11161.800
61 94 8485.200
61 95 5770.700
61 96 8413.100
61 97 9819.600
61 98 2525.200
61 99 4900.000
62 0 5122.500
62 1 6315.100
62 2 9611.700
62 3 5134.100
62 4 2454.900
62 5 8831.000
62 6 1919.400
62 7 9016.300
62 8 5303.200
62 9 7382.700
62 10 5747.300
62 11 11280.400
62 12 5987.700
62 13 7630.400
62 14 8772.300
62 15 7703.700
62 16 9194.600
62 17 3965.200
62 18 6578.600
62 19 1303.500
62 20 2491.900
62 21 7286.500
62 22 5079.500
62 23 9298.400
62 24 4109.500
62 25 8304.900
62 26 4237.400
62 27 1249.200
62 28 5851.900
62 29 1441.200
62 30 4538.700
62 31 3540.900
62 32 7115.500
62 33 8833.600
62 34 9389.100
62 35 6047.200
62 36 6125.900
62 37 4741.900
62 38 6389.000
62 39 2867.600
62 40 7879.600
62 41 3792.100
62 42 6602.400
62 43 8442.300
62 44 8455.800
62 45 6242.600
62 46 8898.500
62 47 5909.900
62 48 9838.200
62 49 6651.100
62 50 5423.000
62 51 6534.800
62 52 8324.000
62 53 8301.400
62 54 5270.500
62 55 6704.900
62 56 5052.300
62 57 8540.600
62 58 6680.000
62 59 1242.700
62 60 5807.300
62 61 8882.100
62 62 0.000
62 63 7139.300
62 64 4563.200
62 65 6521.600
62 66 3546.800
62 67 7264.800
62 68 2469.500
62 69 4216.600
62 70 8284.100
62 71 3042.100
62 72 6391.800
62 73 6326.300
62 74 5497.500
62 75 2758.100
62 76 7428.600
62 77 7118.200
62 78 5908.000
62 79 1997.300
62 80 7799.100
62 81 5982.000
62 82 2067.200
62 83 4895.700
62 84 3587.600
62 85 7515.500
62 86 1636.900
62 87 6623.700
62 88 8392.800
62 89 9141.200
62 90 5538.800
62 91 6489.100
62 92 2589.600
62 93 5443.300
62 94 2005.300
62 95 4551.700
62 96 7261.900
62 97 7041.200
62 98 10065.200
62 99 7193.300
63 0 10379.600
63 1 1517.700
63 2 8896.100
63 3 2830.100
63 4 5209.900
63 5 3471.100
63 6 5736.000
63 7 8257.300
63 8 9204.200
63 9 4559.600
63 10 2088.400
63 11 5841.100
63 12 5944.700
63 13 1857.500
63 14 2615.300
63 15 3032.100
63 16 8287.700
63 17 6027.000
63 18 10450.200
63 19 6236.100
63 20 5980.400
63 21 4101.200
63 22 7876.300
63 23 8555.300
63 24 4359.400
63 25 5773.900
63 26 4022.100
63 27 8094.200
63 28 2772.700
63 29 6994.600
63 30 9795.700
63 31 7754.400
63 32 6372.500
63 33 1783.800
63 34 4029.200
63 35 1649.900
63 36 11383.000
63 37 3262.100
63 38 11482.400
63 39 6476.500
63 40 3823.600
63 41 8005.700
63 42 5843.400
63 43 3941.800
63 44 1376.900
63 45 3626.700
63 46 6075.400
63 47 7045.900
63 48 9095.100
63 49 5075.800
63 50 6908.200
63 51 1419.800
63 52 7271.000
63 53 7542.400
63 54 9599.100
63 55 8794.900
63 56 6537.500
63 57 2985.900
63 58 7881.400
63 59 6488.600
63 60 2984.100
63 61 8123.100
63 62 7146.000
63 63 0.000
63 64 3255.200
63 65 733.500
63 66 7865.700
63 67 830.600
63 68 7106.300
63 69 5701.800
63 70 1234.300
63 71 8299.100
63 72 3993.100
63 73 13130.300
63 74 2081.500
63 75 6309.500
63 76 2356.900
63 77 4295.100
63 78 4898.700
63 79 7341.600
63 80 7281.100
63 81 5238.900
63 82 6297.500
63 83 10152.700
63 84 3942.500
63 85 6756.400
63 86 6319.000
63 87 5880.600
63 88 13469.700
63 89 6307.500
63 90 8470.700
63 91 10360.700
63 92 4756.100
63 93 10700.300
63 94 6354.800
63 95 6036.900
63 96 1559.100
63 97 12118.100
63 98 9158.200
63 99 6450.200
64 0 8812.100
64 1 3086.900
64 2 9693.800
64 3 2285.400
64 4 2827.000
64 5 4529.800
64 6 4168.600
64 7 9098.400
64 8 8063.600
64 9 5457.000
64 10 1446.100
64 11 8151.500
64 12 6482.000
64 13 3329.200
64 14 5317.900
64 15 4475.500
64 16 9276.700
64 17 4459.500
64 18 10268.100
64 19 3479.300
64 20 3223.700
64 21 3756.500
64 22 7768.800
64 23 9396.500
64 24 4172.200
64 25 6671.300
64 26 2454.600
64 27 5337.400
64 28 2968.300
64 29 4237.900
64 30 8228.200
64 31 6187.000
64 32 7213.600
64 33 5192.900
64 34 5087.900
64 35 2819.000
64 36 9815.500
64 37 2957.000
64 38 10078.600
64 39 3892.500
64 40 4058.600
64 41 6438.200
64 42 6684.500
64 43 5922.900
64 44 4819.500
64 45 2712.600
64 46 6972.800
64 47 6902.300
64 48 9936.300
64 49 4161.700
64 50 5917.200
64 51 2923.900
64 52 8168.400
64 53 8383.500
64 54 8960.100
64 55 10394.500
64 56 5546.600
64 57 4239.400
64 58 8722.500
64 59 3731.800
64 60 3881.500
64 61 8964.200
64 62 4389.200
64 63 3528.400
64 64 0.000
64 65 2910.700
64 66 5281.700
64 67 2979.800
64 68 4522.300
64 69 4710.800
64 70 4643.500
64 71 6731.600
64 72 2090.600
64 73 10015.800
64 74 1771.200
64 75 3680.900
64 76 3127.500
64 77 5192.500
64 78 2717.400
64 79 5774.200
64 80 8122.200
64 81 6080.000
64 82 4730.000
64 83 8585.200
64 84 1491.900
64 85 7597.600
64 86 3562.300
64 87 6721.700
64 88 12082.300
64 89 7728.400
64 90 8228.100
64 91 10178.700
64 92 1999.300
64 93 9132.800
64 94 3885.600
64 95 5045.900
64 96 2976.900
64 97 10730.800
64 98 10147.300
64 99 7291.300
65 0 9633.400
65 1 1627.000
65 2 8961.900
65 3 2284.500
65 4 4463.700
65 5 3487.400
65 6 4989.800
65 7 8366.500
65 8 8884.900
65 9 4504.500
65 10 1342.200
65 11 6450.000
65 12 5889.600
65 13 1344.600
65 14 2462.500
65 15 3627.700
65 16 8544.900
65 17 5280.800
65 18 10559.500
65 19 5489.900
65 20 5234.200
65 21 3646.900
65 22 8590.100
65 23 8664.600
65 24 4377.200
65 25 5718.800
65 26 3275.900
65 27 7348.000
65 28 2967.400
65 29 6248.400
65 30 9049.500
65 31 7008.200
65 32 6481.700
65 33 2392.800
65 34 4045.600
65 35 1359.100
65 36 10636.800
65 37 2956.000
65 38 11591.600
65 39 5730.300
65 40 3369.300
65 41 7259.500
65 42 5952.600
65 43 4653.700
65 44 1985.900
65 45 3059.400
65 46 6020.300
65 47 7155.100
65 48 9204.400
65 49 4508.500
65 50 6738.500
65 51 673.600
65 52 7215.900
65 53 7651.600
65 54 9781.300
65 55 8904.100
65 56 6367.800
65 57 3002.200
65 58 7990.600
65 59 5742.400
65 60 2929.000
65 61 8232.300
65 62 6399.800
65 63 733.500
65 64 2509.000
65 65 0.000
65 66 7119.500
65 67 677.800
65 68 6360.100
65 69 5532.100
65 70 1843.300
65 71 7552.900
65 72 3548.600
65 73 10837.100
65 74 1335.300
65 75 5563.300
65 76 1902.600
65 77 4239.900
65 78 4152.500
65 79 6595.400
65 80 7390.300
65 81 5348.100
65 82 5551.300
65 83 9406.500
65 84 3196.300
65 85 6865.700
65 86 5572.800
65 87 5989.800
65 88 12903.600
65 89 6775.900
65 90 8580.000
65 91 10470.000
65 92 4009.900
65 93 9954.100
65 94 5608.600
65 95 5867.200
65 96 1104.800
65 97 11552.000
65 98 9415.400
65 99 6559.400
66 0 7798.800
66 1 7407.700
66 2 10729.400
66 3 5772.200
66 4 3572.700
66 5 7654.500
66 6 4595.700
66 7 10134.100
66 8 7979.500
66 9 8020.900
66 10 6001.700
66 11 11918.600
66 12 7105.500
66 13 7038.800
66 14 8908.000
66 15 8796.200
66 16 10312.400
66 17 5083.000
66 18 9254.900
66 19 2582.500
66 20 1778.900
66 21 6566.300
66 22 7755.800
66 23 10416.200
66 24 5227.300
66 25 9422.600
66 26 4875.600
66 27 3232.100
66 28 6490.100
66 29 1495.700
66 30 7215.000
66 31 6217.200
66 32 8233.300
66 33 9563.000
66 34 8784.900
66 35 7139.800
66 36 8802.200
66 37 5380.100
66 38 9065.300
66 39 2190.200
66 40 7159.400
66 41 6468.400
66 42 7720.200
66 43 9080.500
66 44 9189.500
66 45 5522.400
66 46 9536.700
66 47 7525.800
66 48 10956.000
66 49 5930.900
66 50 6540.800
66 51 7294.000
66 52 9441.800
66 53 9419.200
66 54 7946.800
66 55 9381.200
66 56 6170.100
66 57 7936.400
66 58 9356.300
66 59 3919.000
66 60 6445.500
66 61 9999.900
66 62 2676.300
66 63 7898.500
66 64 4974.600
66 65 7280.800
66 66 0.000
66 67 7535.400
66 68 854.200
66 69 5334.300
66 70 9505.800
66 71 5718.400
66 72 6009.300
66 73 9002.600
66 74 6590.100
66 75 3210.100
66 76 6824.400
66 77 7756.400
66 78 5187.800
66 79 4673.600
66 80 9141.900
66 81 7099.700
66 82 4743.500
66 83 7572.000
66 84 4225.700
66 85 8633.200
66 86 3766.600
66 87 7741.400
66 88 11069.000
66 89 10259.000
66 90 8215.100
66 91 9165.400
66 92 3681.900
66 93 8119.600
66 94 2005.000
66 95 5669.500
66 96 7416.400
66 97 9717.500
66 98 11183.000
66 99 8311.000
67 0 10372.800
67 1 1842.200
67 2 9171.700
67 3 3154.700
67 4 5203.100
67 5 2809.600
67 6 5729.300
67 7 8588.700
67 8 9535.600
67 9 4884.100
67 10 2081.600
67 11 6116.600
67 12 6444.700
67 13 1901.200
67 14 1784.700
67 15 3307.700
67 16 8563.200
67 17 6020.200
67 18 10781.600
67 19 6229.300
67 20 5973.700
67 21 3648.400
67 22 8207.700
67 23 8886.700
67 24 4683.900
67 25 5812.400
67 26 4015.300
67 27 8087.400
67 28 3097.200
67 29 6987.900
67 30 9789.000
67 31 7747.700
67 32 6703.900
67 33 2059.400
67 34 3367.700
67 35 1974.400
67 36 11376.200
67 37 3586.600
67 38 11813.800
67 39 6912.100
67 40 3370.700
67 41 7998.900
67 42 6174.800
67 43 4217.400
67 44 1652.500
67 45 3173.900
67 46 6113.800
67 47 7377.300
67 48 9426.500
67 49 4622.900
67 50 7232.700
67 51 1413.000
67 52 7309.500
67 53 7873.800
67 54 9930.500
67 55 9126.300
67 56 6862.000
67 57 2324.400
67 58 8212.800
67 59 6481.800
67 60 3308.600
67 61 8454.500
67 62 7139.200
67 63 869.600
67 64 3248.400
67 65 677.800
67 66 8301.300
67 67 0.000
67 68 7541.800
67 69 6026.300
67 70 1509.900
67 71 8292.400
67 72 3540.200
67 73 13461.700
67 74 2074.800
67 75 6302.700
67 76 1904.100
67 77 4619.600
67 78 4558.200
67 79 7334.900
67 80 7612.400
67 81 5570.300
67 82 6290.800
67 83 10146.000
67 84 3935.700
67 85 7087.800
67 86 6312.300
67 87 6212.000
67 88 13801.000
67 89 6583.000
67 90 8802.100
67 91 10692.100
67 92 4749.300
67 93 10693.500
67 94 6348.000
67 95 6361.400
67 96 1106.200
67 97 12449.500
67 98 9433.800
67 99 6781.600
68 0 7332.300
68 1 6592.400
68 2 10262.900
68 3 5555.700
68 4 3106.100
68 5 6839.300
68 6 4129.100
68 7 9667.500
68 8 7512.900
68 9 7804.400
68 10 5186.500
68 11 11657.000
68 12 6639.000
68 13 6223.500
68 14 8092.800
68 15 7981.000
68 16 9845.800
68 17 4616.400
68 18 8788.300
68 19 2115.900
68 20 1312.400
68 21 5751.100
68 22 7289.200
68 23 9949.600
68 24 4760.700
68 25 8956.100
68 26 4659.100
68 27 2791.200
68 28 6273.600
68 29 1029.200
68 30 6748.400
68 31 5750.600
68 32 7766.700
68 33 8747.800
68 34 7969.600
68 35 6324.500
68 36 8335.700
68 37 5163.600
68 38 8598.700
68 39 1374.900
68 40 6344.200
68 41 6001.900
68 42 7253.600
68 43 8864.000
68 44 8374.300
68 45 4707.200
68 46 9320.200
68 47 7059.300
68 48 10489.400
68 49 5115.600
68 50 6074.200
68 51 6478.700
68 52 8975.200
68 53 8952.600
68 54 7480.200
68 55 8914.600
68 56 5703.500
68 57 7121.100
68 58 8889.700
68 59 3452.400
68 60 6228.900
68 61 9533.300
68 62 2209.700
68 63 7083.200
68 64 4159.400
68 65 6465.500
68 66 1116.300
68 67 6720.200
68 68 0.000
68 69 4867.800
68 70 8690.600
68 71 5251.800
68 72 5194.100
68 73 8536.000
68 74 5774.800
68 75 2898.000
68 76 6009.200
68 77 7539.900
68 78 4372.600
68 79 4207.000
68 80 8675.300
68 81 6633.200
68 82 4277.000
68 83 7105.400
68 84 4009.200
68 85 8166.700
68 86 3300.100
68 87 7274.900
68 88 10602.500
68 89 9792.500
68 90 7748.600
68 91 8698.800
68 92 3215.300
68 93 7653.000
68 94 1538.400
68 95 5202.900
68 96 6601.200
68 97 9250.900
68 98 10716.400
68 99 7844.500
69 0 5405.500
69 1 5499.100
69 2 8491.200
69 3 4121.300
69 4 2843.400
69 5 8778.500
69 6 761.900
69 7 7895.800
69 8 4657.000
69 9 6370.000
69 10 4941.800
69 11 10045.100
69 12 4867.300
69 13 6437.400
69 14 7956.300
69 15 6887.700
69 16 8074.200
69 17 2844.800
69 18 6861.500
69 19 2964.700
69 20 4936.000
69 21 8005.200
69 22 4362.200
69 23 8177.900
69 24 2989.000
69 25 7184.400
69 26 3227.700
69 27 3770.900
69 28 4839.100
69 29 3745.800
69 30 4821.600
69 31 2780.300
69 32 5995.000
69 33 8017.600
69 34 9336.600
69 35 5231.200
69 36 6408.900
69 37 3729.100
69 38 6672.000
69 39 5311.700
69 40 8307.200
69 41 3031.600
69 42 5481.900
69 43 7207.000
69 44 7639.800
69 45 6961.300
69 46 7663.200
69 47 5192.600
69 48 8717.700
69 49 8708.900
69 50 2281.500
69 51 5718.800
69 52 7203.500
69 53 7180.900
69 54 5553.400
69 55 6987.900
69 56 2250.500
69 57 8488.100
69 58 6051.800
69 59 2205.000
69 60 4790.300
69 61 7761.600
69 62 3561.800
69 63 6323.300
69 64 4918.200
69 65 5705.600
69 66 5851.400
69 67 6448.800
69 68 4774.100
69 69 0.000
69 70 7468.100
69 71 3325.000
69 72 6339.300
69 73 6609.200
69 74 4681.500
69 75 4470.300
69 76 7376.100
69 77 5882.800
69 78 6943.200
69 79 2367.500
69 80 7170.900
69 81 4861.500
69 82 1323.400
69 83 5178.600
69 84 4001.000
69 85 6395.000
69 86 2656.900
69 87 5503.200
69 88 8675.700
69 89 8020.800
69 90 4821.500
69 91 6772.100
69 92 3004.300
69 93 5726.200
69 94 4449.400
69 95 1410.200
69 96 6446.000
69 97 7324.200
69 98 8944.700
69 99 6072.800
70 0 10277.000
70 1 1567.700
70 2 8526.400
70 3 3514.900
70 4 6104.600
70 5 2905.900
70 6 6630.700
70 7 7985.000
70 8 8931.900
70 9 4300.400
70 10 3097.300
70 11 5471.300
70 12 5841.000
70 13 2944.300
70 14 2206.800
70 15 2704.000
70 16 7917.900
70 17 6921.600
70 18 10177.900
70 19 7128.300
70 20 6872.700
70 21 4541.500
70 22 7604.000
70 23 8283.000
70 24 4769.900
70 25 5208.700
70 26 4916.800
70 27 8986.400
70 28 3457.500
70 29 7886.900
70 30 10472.700
70 31 8649.100
70 32 6100.200
70 33 954.300
70 34 3464.000
70 35 2352.000
70 36 12277.700
70 37 3946.800
70 38 11210.100
70 39 7315.600
70 40 4259.500
70 41 8900.400
70 42 5571.100
70 43 3613.700
70 44 811.700
70 45 4216.900
70 46 5510.200
70 47 6773.600
70 48 8822.900
70 49 5670.400
70 50 7318.700
70 51 2428.700
70 52 6705.800
70 53 7270.100
70 54 9326.800
70 55 8522.600
70 56 6948.000
70 57 2420.700
70 58 7609.100
70 59 7380.900
70 60 2881.900
70 61 7850.800
70 62 8038.200
70 63 1162.900
70 64 4286.500
70 65 1766.300
70 66 8897.000
70 67 1492.400
70 68 8137.600
70 69 6112.200
70 70 0.000
70 71 9193.800
70 72 4583.300
70 73 12858.100
70 74 3112.800
70 75 7204.200
70 76 2997.800
70 77 4035.800
70 78 5601.300
70 79 8236.300
70 80 7008.800
70 81 4966.600
70 82 7192.200
70 83 11047.400
70 84 4837.100
70 85 6484.200
70 86 7211.300
70 87 5608.300
70 88 13197.400
70 89 5937.700
70 90 8198.400
70 91 10088.500
70 92 5648.300
70 93 11595.000
70 94 7249.500
70 95 6447.400
70 96 2200.000
70 97 11845.800
70 98 8788.500
70 99 6177.900
71 0 2080.400
71 1 8148.700
71 2 9061.300
71 3 6770.800
71 4 5492.900
71 5 11428.000
71 6 3469.400
71 7 8685.200
71 8 2261.100
71 9 9019.500
71 10 7591.300
71 11 12694.600
71 12 3678.500
71 13 9086.900
71 14 10605.900
71 15 9537.200
71 16 10405.700
71 17 5494.300
71 18 3536.500
71 19 4878.500
71 20 6066.900
71 21 10654.800
71 22 2037.400
71 23 7626.700
71 24 5638.600
71 25 9833.900
71 26 5877.200
71 27 3324.300
71 28 7488.700
71 29 5016.100
71 30 1496.600
71 31 1536.900
71 32 5788.800
71 33 10667.100
71 34 11986.200
71 35 7880.800
71 36 3083.800
71 37 6378.700
71 38 3346.900
71 39 6442.500
71 40 10956.800
71 41 2396.500
71 42 8131.500
71 43 9856.500
71 44 10289.400
71 45 9610.900
71 46 10312.700
71 47 2867.800
71 48 8166.500
71 49 11358.400
71 50 3476.000
71 51 8368.400
71 52 10102.700
71 53 9223.300
71 54 2228.400
71 55 3662.800
71 56 4103.400
71 57 11137.600
71 58 3637.900
71 59 3537.000
71 60 7439.800
71 61 9377.700
71 62 4297.700
71 63 8972.900
71 64 7567.700
71 65 8355.200
71 66 6225.600
71 67 9098.400
71 68 6044.400
71 69 5745.600
71 70 10117.600
71 71 0.000
71 72 8988.800
71 73 3284.200
71 74 7331.100
71 75 6333.100
71 76 10025.700
71 77 8532.400
71 78 9592.800
71 79 2042.000
71 80 4757.000
71 81 6813.800
71 82 2911.300
71 83 1853.600
71 84 6650.500
71 85 9044.500
71 86 4467.100
71 87 5259.200
71 88 5350.700
71 89 10670.300
71 90 2496.700
71 91 3447.000
71 92 5653.800
71 93 2401.200
71 94 5580.300
71 95 4347.300
71 96 9095.500
71 97 3999.100
71 98 11579.100
71 99 5258.600
72 0 10364.300
72 1 3894.200
72 2 11229.100
72 3 3837.700
72 4 4724.200
72 5 2494.200
72 6 5720.800
72 7 10633.700
72 8 9615.900
72 9 6936.000
72 10 1745.300
72 11 8508.700
72 12 8034.300
72 13 1293.600
72 14 3282.300
72 15 6027.700
72 16 10812.100
72 17 6011.700
72 18 11820.400
72 19 5376.600
72 20 4320.000
72 21 2300.600
72 22 9321.000
72 23 10931.800
72 24 5724.500
72 25 8150.300
72 26 4006.900
72 27 7234.700
72 28 4520.600
72 29 5958.300
72 30 9780.500
72 31 7739.200
72 32 8748.900
72 33 4389.800
72 34 3052.400
72 35 3626.300
72 36 11367.800
72 37 4508.300
72 38 11630.800
72 39 4321.100
72 40 2023.000
72 41 7990.500
72 42 8219.800
72 43 6920.900
72 44 4044.600
72 45 1198.600
72 46 8451.800
72 47 8454.600
72 48 11471.600
72 49 2647.700
72 50 7469.500
72 51 3037.600
72 52 9647.400
72 53 9918.800
72 54 10512.300
72 55 11946.700
72 56 7098.800
72 57 2203.900
72 58 10257.800
72 59 5629.100
72 60 5360.600
72 61 10499.600
72 62 6286.500
72 63 3261.700
72 64 2184.400
72 65 3022.900
72 66 5710.300
72 67 2861.700
72 68 4950.900
72 69 6263.100
72 70 3891.700
72 71 8283.900
72 72 0.000
72 73 11568.100
72 74 2627.000
72 75 5578.100
72 76 1091.900
72 77 6671.500
72 78 2255.200
72 79 7326.400
72 80 9657.500
72 81 7615.300
72 82 6282.300
72 83 10137.500
72 84 3389.100
72 85 9132.900
72 86 5459.500
72 87 8257.000
72 88 13634.600
72 89 8975.100
72 90 9780.400
72 91 11730.900
72 92 3896.500
72 93 10685.100
72 94 4981.900
72 95 6598.200
72 96 1671.200
72 97 12283.000
72 98 11682.600
72 99 8826.600
73 0 1813.500
73 1 10243.900
73 2 10032.600
73 3 9192.500
73 4 7914.600
73 5 14238.900
73 6 5891.100
73 7 9656.500
73 8 3895.700
73 9 10319.600
73 10 10013.000
73 11 14330.600
73 12 6431.100
73 13 11508.600
73 14 13027.500
73 15 11043.900
73 16 11377.000
73 17 7915.900
73 18 3515.300
73 19 7300.100
73 20 8488.500
73 21 13076.400
73 22 4520.000
73 23 8598.000
73 24 8364.500
73 25 11140.300
73 26 8298.900
73 27 5745.900
73 28 9674.500
73 29 7437.800
73 30 2710.800
73 31 4019.500
73 32 6554.400
73 33 12986.900
73 34 14797.100
73 35 10430.300
73 36 1753.200
73 37 8800.300
73 38 1677.700
73 39 8864.200
73 40 13378.400
73 41 4879.000
73 42 9437.800
73 43 11379.200
73 44 12143.000
73 45 12032.500
73 46 11835.400
73 47 5906.700
73 48 9137.800
73 49 13780.000
73 50 6891.800
73 51 10790.000
73 52 11074.000
73 53 10194.600
73 54 2758.200
73 55 3641.600
73 56 7392.300
73 57 13753.700
73 58 4403.500
73 59 5958.600
73 60 8745.100
73 61 10349.000
73 62 6719.400
73 63 11201.900
73 64 9989.400
73 65 10776.800
73 66 8507.000
73 67 12058.800
73 68 8466.100
73 69 8167.300
73 70 12437.400
73 71 3599.300
73 72 11410.500
73 73 0.000
73 74 9752.700
73 75 8754.700
73 76 12447.300
73 77 10055.100
73 78 12014.400
73 79 4463.700
73 80 5522.600
73 81 7579.400
73 82 5332.900
73 83 2926.800
73 84 9072.200
73 85 9542.100
73 86 6888.800
73 87 6024.700
73 88 3840.600
73 89 11891.300
73 90 4877.200
73 91 3425.800
73 92 8075.500
73 93 2193.400
73 94 8001.900
73 95 7763.100
73 96 11517.100
73 97 2489.100
73 98 11895.500
73 99 6024.200
74 0 8575.900
74 1 1545.100
74 2 8764.300
74 3 1356.000
74 4 3406.200
74 5 4623.000
74 6 3932.400
74 7 8168.900
74 8 7827.400
74 9 4527.500
74 10 940.100
74 11 7222.000
74 12 6245.800
74 13 2149.100
74 14 3598.100
74 15 3546.000
74 16 8347.300
74 17 4223.300
74 18 10031.900
74 19 4432.400
74 20 4176.700
74 21 4157.000
74 22 7532.600
74 23 8467.000
74 24 3448.600
74 25 5741.800
74 26 2218.400
74 27 6290.500
74 28 2038.800
74 29 5190.900
74 30 7992.000
74 31 5950.700
74 32 6284.100
74 33 3699.600
74 34 5181.200
74 35 1277.200
74 36 9579.300
74 37 2027.500
74 38 9842.400
74 39 4672.800
74 40 4459.000
74 41 6202.000
74 42 5755.100
74 43 4571.800
74 44 3326.200
74 45 3113.100
74 46 6043.300
74 47 6666.100
74 48 9006.800
74 49 4860.600
74 50 5681.000
74 51 1430.600
74 52 7238.900
74 53 7454.100
74 54 8723.900
74 55 8706.600
74 56 5310.400
74 57 4137.800
74 58 7793.000
74 59 4684.900
74 60 2952.100
74 61 8034.800
74 62 5342.300
74 63 2035.100
74 64 1451.500
74 65 1417.400
74 66 6062.000
74 67 2090.600
74 68 5302.600
74 69 4474.600
74 70 3150.200
74 71 6495.400
74 72 2491.100
74 73 9779.600
74 74 0.000
74 75 4505.800
74 76 2885.600
74 77 4263.000
74 78 3095.000
74 79 5538.000
74 80 7192.700
74 81 5150.600
74 82 4493.800
74 83 8349.000
74 84 2138.800
74 85 6668.100
74 86 4515.300
74 87 5792.300
74 88 11846.100
74 89 6798.900
74 90 7991.900
74 91 9942.500
74 92 2952.400
74 93 8896.600
74 94 4551.100
74 95 4809.700
74 96 2087.700
74 97 10494.600
74 98 9217.900
74 99 6361.900
75 0 7844.300
75 1 4522.800
75 2 9138.100
75 3 3224.100
75 4 1668.300
75 5 7038.700
75 6 3200.700
75 7 8542.700
75 8 6674.500
75 9 5472.800
75 10 3955.000
75 11 9370.500
75 12 5514.200
75 13 5838.000
75 14 6980.000
75 15 5911.400
75 16 8721.100
75 17 3491.700
75 18 9300.300
75 19 2157.400
75 20 2406.900
75 21 6265.400
75 22 6379.600
75 23 8824.800
75 24 3635.900
75 25 6687.100
75 26 2330.500
75 27 4109.500
75 28 3942.000
75 29 2708.900
75 30 7260.400
75 31 4797.800
75 32 6642.000
75 33 7041.200
75 34 7596.800
75 35 4254.900
75 36 8847.700
75 37 2832.000
75 38 9110.800
75 39 2782.500
75 40 6567.400
75 41 5049.000
75 42 6128.800
75 43 6532.400
75 44 6663.500
75 45 5221.500
75 46 6988.600
75 47 5934.500
75 48 9364.600
75 49 5840.400
75 50 4949.400
75 51 4742.500
75 52 7850.400
75 53 7827.900
75 54 7992.200
75 55 9426.700
75 56 4578.800
75 57 6748.300
75 58 8150.900
75 59 2499.600
75 60 3897.400
75 61 8408.600
75 62 2860.200
75 63 5347.000
75 64 2770.900
75 65 4729.300
75 66 4390.900
75 67 5472.500
75 68 3264.600
75 69 3743.000
75 70 6491.800
75 71 5763.800
75 72 4599.500
75 73 9048.000
75 74 3705.200
75 75 0.000
75 76 5636.300
75 77 5208.300
75 78 5097.400
75 79 4806.300
75 80 7550.600
75 81 5508.400
75 82 3324.100
75 83 7617.400
75 84 1795.200
75 85 7041.900
75 86 2330.000
75 87 6150.100
75 88 11114.500
75 89 7744.200
75 90 6838.900
75 91 9210.900
75 92 840.600
75 93 8165.000
75 94 1920.300
75 95 4078.100
75 96 5469.600
75 97 9763.000
75 98 9591.600
75 99 6719.700
76 0 11162.400
76 1 3240.700
76 2 10704.100
76 3 3898.200
76 4 5522.300
76 5 1988.400
76 6 6518.900
76 7 9980.200
76 8 10414.000
76 9 6282.500
76 10 2543.400
76 11 7649.000
76 12 8832.400
76 13 994.500
76 14 2190.400
76 15 4840.100
76 16 10095.700
76 17 6809.800
76 18 12618.500
76 19 6174.700
76 20 5177.500
76 21 1770.900
76 22 10119.100
76 23 10278.300
76 24 5990.900
76 25 7496.800
76 26 4805.000
76 27 8032.800
76 28 4581.100
76 29 6815.800
76 30 10578.600
76 31 8537.300
76 32 8095.400
76 33 3286.300
76 34 2625.400
76 35 2972.800
76 36 12165.900
76 37 4569.700
76 38 12428.900
76 39 5178.600
76 40 1493.300
76 41 8788.600
76 42 7566.300
76 43 5749.800
76 44 3184.900
76 45 1440.400
76 46 7798.300
76 47 9252.700
76 48 10818.100
76 49 2899.800
76 50 8267.600
76 51 2287.300
76 52 8993.900
76 53 9265.400
76 54 11310.400
76 55 10517.800
76 56 7896.900
76 57 1776.800
76 58 9604.300
76 59 6427.200
76 60 4707.100
76 61 9846.100
76 62 7084.600
76 63 2402.000
76 64 2982.600
76 65 1931.000
76 66 6567.800
76 67 1769.800
76 68 5808.400
76 69 7061.200
76 70 2788.200
76 71 9082.000
76 72 1806.700
76 73 12366.200
76 74 2949.100
76 75 6376.200
76 76 0.000
76 77 6018.000
76 78 2824.700
76 79 8124.500
76 80 9004.000
76 81 6961.800
76 82 7080.400
76 83 10935.600
76 84 4187.200
76 85 8479.400
76 86 6257.600
76 87 7603.600
76 88 14432.700
76 89 8115.400
76 90 10578.500
76 91 12529.000
76 92 4694.600
76 93 11483.200
76 94 5839.400
76 95 7396.300
76 96 928.500
76 97 13081.100
76 98 10966.200
76 99 8173.200
77 0 8539.100
77 1 2662.200
77 2 5810.800
77 3 3349.600
77 4 4515.700
77 5 6664.700
77 6 5041.800
77 7 4955.200
77 8 7194.000
77 9 1534.700
77 10 4845.100
77 11 4848.400
77 12 4103.100
77 13 5873.200
77 14 5956.300
77 15 3462.200
77 16 5202.300
77 17 5332.800
77 18 8440.100
77 19 5794.200
77 20 5539.900
77 21 8300.300
77 22 5866.100
77 23 5751.900
77 24 3032.000
77 25 2165.000
77 26 3391.200
77 27 7652.300
77 28 2113.300
77 29 6554.100
77 30 8734.900
77 31 7060.200
77 32 4362.300
77 33 5405.200
77 34 7222.800
77 35 2869.100
77 36 10688.800
77 37 2519.200
77 38 9479.300
77 39 5982.900
77 40 8018.300
77 41 7311.500
77 42 2541.300
77 43 2010.300
77 44 4561.300
77 45 6940.200
77 46 2466.500
77 47 5035.700
77 48 6492.600
77 49 8687.700
77 50 5580.800
77 51 4464.700
77 52 3662.100
77 53 4240.300
77 54 7588.900
77 55 6784.700
77 56 5210.100
77 57 6179.400
77 58 5871.200
77 59 6046.700
77 60 1164.900
77 61 4821.000
77 62 6705.500
77 63 3620.200
77 64 4911.800
77 65 4100.400
77 66 7771.800
77 67 4459.600
77 68 7012.400
77 69 4374.400
77 70 4855.700
77 71 7604.900
77 72 6318.200
77 73 11127.200
77 74 4182.800
77 75 5615.300
77 76 5876.000
77 77 0.000
77 78 6922.100
77 79 6647.400
77 80 5270.900
77 81 3228.700
77 82 5603.300
77 83 9458.500
77 84 4239.200
77 85 3454.400
77 86 5877.100
77 87 3870.400
77 88 10711.200
77 89 3222.100
77 90 6460.600
77 91 8350.600
77 92 4314.200
77 93 10006.100
77 94 5660.600
77 95 4709.500
77 96 5078.200
77 97 9359.600
77 98 6072.900
77 99 4440.000
78 0 10784.700
78 1 4314.500
78 2 11649.400
78 3 4258.000
78 4 5138.900
78 5 3689.900
78 6 6141.100
78 7 11054.000
78 8 10036.200
78 9 7356.300
78 10 2165.600
78 11 10124.100
78 12 8454.600
78 13 3074.100
78 14 4943.400
78 15 6448.000
78 16 11232.400
78 17 6432.100
78 18 12240.700
78 19 5113.000
78 20 3612.600
78 21 1862.000
78 22 9741.400
78 23 11352.100
78 24 6144.800
78 25 8570.600
78 26 4427.200
78 27 6677.800
78 28 4940.900
78 29 5251.000
78 30 10200.800
78 31 8159.500
78 32 9169.200
78 33 5726.900
78 34 4820.200
78 35 4046.600
78 36 11788.100
78 37 4928.600
78 38 12051.100
78 39 3613.700
78 40 2427.800
78 41 8410.800
78 42 8640.100
78 43 7341.200
78 44 5353.400
78 45 1557.800
78 46 8872.100
78 47 8874.900
78 48 11891.900
78 49 743.000
78 50 7889.800
78 51 3457.900
78 52 10067.700
78 53 10339.200
78 54 10932.600
78 55 12367.000
78 56 7519.100
78 57 3971.700
78 58 10678.100
78 59 6043.700
78 60 5780.900
78 61 10919.900
78 62 5206.800
78 63 4062.400
78 64 2604.800
78 65 3444.700
78 66 5002.900
78 67 3699.300
78 68 4243.500
78 69 6683.400
78 70 5541.200
78 71 8704.200
78 72 2044.700
78 73 11988.400
78 74 3047.300
78 75 4849.000
78 76 2859.700
78 77 7091.800
78 78 0.000
78 79 7746.700
78 80 10077.800
78 81 8035.600
78 82 6702.600
78 83 10557.800
78 84 3803.800
78 85 9553.200
78 86 5874.100
78 87 8677.400
78 88 14054.900
78 89 9627.800
78 90 10200.700
78 91 12151.200
78 92 4311.200
78 93 11105.400
78 94 4274.500
78 95 7018.500
78 96 3451.800
78 97 12703.300
78 98 12102.900
78 99 9247.000
79 0 3827.300
79 1 6106.600
79 2 9098.700
79 3 4728.800
79 4 3450.900
79 5 9386.000
79 6 1427.400
79 7 8503.300
79 8 4008.000
79 9 6977.500
79 10 5549.300
79 11 10652.600
79 12 5474.800
79 13 7044.900
79 14 8563.800
79 15 7495.200
79 16 8681.700
79 17 3452.300
79 18 5283.400
79 19 2510.700
79 20 4495.300
79 21 8612.700
79 22 3784.300
79 23 8785.400
79 24 3596.500
79 25 7791.900
79 26 3835.200
79 27 2192.700
79 28 5446.700
79 29 3444.600
79 30 3243.500
79 31 3283.800
79 32 6602.600
79 33 8625.100
79 34 9944.100
79 35 5838.800
79 36 4830.700
79 37 4336.600
79 38 5093.800
79 39 4871.000
79 40 8914.700
79 41 4143.400
79 42 6089.400
79 43 7814.500
79 44 8247.300
79 45 7568.800
79 46 8270.700
79 47 4614.700
79 48 9325.200
79 49 9316.400
79 50 4910.000
79 51 6326.300
79 52 7811.000
79 53 7788.500
79 54 3975.300
79 55 5409.700
79 56 4539.300
79 57 9095.600
79 58 5384.800
79 59 1494.900
79 60 5397.800
79 61 8369.200
79 62 2726.200
79 63 6930.800
79 64 5525.700
79 65 6313.100
79 66 5094.000
79 67 7056.300
79 68 4472.800
79 69 3703.600
79 70 8075.600
79 71 1746.900
79 72 6946.800
79 73 5031.100
79 74 5289.000
79 75 5077.900
79 76 7983.600
79 77 6490.400
79 78 7550.700
79 79 0.000
79 80 6503.900
79 81 5469.000
79 82 869.300
79 83 3600.500
79 84 4608.500
79 85 7002.500
79 86 2425.100
79 87 6110.700
79 88 7097.500
79 89 8628.300
79 90 4243.600
79 91 5193.900
79 92 3611.800
79 93 4148.100
79 94 4008.700
79 95 4038.700
79 96 7053.500
79 97 5746.000
79 98 9552.200
79 99 6680.300
80 0 3963.000
80 1 5758.300
80 2 4659.900
80 3 6445.800
80 4 6664.900
80 5 9753.300
80 6 5983.200
80 7 4283.900
80 8 2617.900
80 9 5834.000
80 10 7965.600
80 11 8958.000
80 12 2538.600
80 13 8993.700
80 14 9052.400
80 15 6558.300
80 16 6004.400
80 17 6466.800
80 18 3863.900
80 19 6786.200
80 20 8615.600
80 21 11389.000
80 22 3509.700
80 23 3225.300
80 24 3878.900
80 25 6872.600
80 26 6466.800
80 27 7686.700
80 28 5189.000
80 29 7567.300
80 30 4158.800
80 31 4444.100
80 32 1186.700
80 33 8501.300
80 34 10311.500
80 35 5944.700
80 36 6913.000
80 37 5594.900
80 38 4131.300
80 39 9058.500
80 40 11106.900
80 41 4188.800
80 42 4952.200
80 43 6893.600
80 44 7657.400
80 45 10036.300
80 46 7084.800
80 47 2679.200
80 48 3765.100
80 49 11783.800
80 50 3664.300
80 51 7593.200
80 52 5701.400
80 53 4821.900
80 54 3012.800
80 55 2208.600
80 56 3430.000
80 57 9268.100
80 58 1295.100
80 59 6822.700
80 60 4259.600
80 61 4976.300
80 62 8660.200
80 63 6716.300
80 64 8007.900
80 65 7220.900
80 66 9672.800
80 67 7573.200
80 68 8595.500
80 69 5221.200
80 70 7951.800
80 71 5540.100
80 72 9414.300
80 73 5779.300
80 74 7303.400
80 75 8291.800
80 76 10013.000
80 77 5569.500
80 78 10018.200
80 79 6404.500
80 80 0.000
80 81 3093.800
80 82 6314.100
80 83 5682.800
80 84 7314.900
80 85 3742.300
80 86 6845.700
80 87 1539.200
80 88 6135.100
80 89 6518.600
80 90 1884.500
80 91 3774.500
80 92 6825.800
80 93 6230.300
80 94 8270.900
80 95 4535.600
80 96 8198.700
80 97 4783.500
80 98 6522.900
80 99 858.000
81 0 5310.400
81 1 4984.200
81 2 4751.000
81 3 5671.600
81 4 5890.700
81 5 8979.200
81 6 5209.100
81 7 4375.000
81 8 3965.300
81 9 5059.900
81 10 7191.500
81 11 9049.100
81 12 1902.200
81 13 8219.600
81 14 8278.300
81 15 5784.200
81 16 6095.500
81 17 5692.600
81 18 5211.300
81 19 6012.100
81 20 7841.500
81 21 10614.800
81 22 2637.400
81 23 3316.400
81 24 3104.800
81 25 4816.500
81 26 5692.700
81 27 7846.800
81 28 4414.900
81 29 6793.200
81 30 5506.200
81 31 3720.500
81 32 1133.600
81 33 7727.200
81 34 9537.400
81 35 5170.600
81 36 8260.400
81 37 4820.800
81 38 5478.700
81 39 8284.400
81 40 10332.800
81 41 3316.600
81 42 4178.100
81 43 6119.500
81 44 6883.300
81 45 9262.200
81 46 7175.900
81 47 1807.000
81 48 3856.300
81 49 11009.700
81 50 2792.100
81 51 6819.100
81 52 5792.500
81 53 4913.000
81 54 4360.200
81 55 3556.000
81 56 2655.900
81 57 8494.000
81 58 2642.500
81 59 6241.200
81 60 3485.400
81 61 3484.100
81 62 7240.100
81 63 5942.200
81 64 7233.800
81 65 6446.800
81 66 8898.700
81 67 6799.100
81 68 7821.400
81 69 4447.100
81 70 7177.700
81 71 6887.500
81 72 8640.200
81 73 7126.700
81 74 6529.300
81 75 7517.700
81 76 9238.900
81 77 4795.400
81 78 9244.100
81 79 6814.700
81 80 2042.200
81 81 0.000
81 82 5770.600
81 83 7030.200
81 84 6540.800
81 85 1962.800
81 86 6071.600
81 87 641.700
81 88 7482.500
81 89 6609.800
81 90 3231.900
81 91 5121.900
81 92 6051.700
81 93 7577.700
81 94 7496.700
81 95 3496.200
81 96 7424.600
81 97 6130.900
81 98 6614.000
81 99 1211.300
82 0 4145.800
82 1 5237.200
82 2 8229.300
82 3 3859.400
82 4 2581.500
82 5 8516.600
82 6 558.100
82 7 7633.900
82 8 4326.500
82 9 6108.100
82 10 4679.900
82 11 9783.200
82 12 4605.400
82 13 6175.500
82 14 7694.400
82 15 6625.800
82 16 7812.300
82 17 2582.900
82 18 5601.900
82 19 2382.600
82 20 4229.900
82 21 7743.300
82 22 3556.100
82 23 7916.000
82 24 2727.100
82 25 6922.500
82 26 2965.800
82 27 2511.300
82 28 4577.300
82 29 3179.100
82 30 3562.000
82 31 2371.900
82 32 5733.200
82 33 7755.700
82 34 9074.700
82 35 4969.400
82 36 5149.300
82 37 3467.200
82 38 5412.300
82 39 4605.600
82 40 8045.400
82 41 2827.800
82 42 5220.000
82 43 6945.100
82 44 7377.900
82 45 6699.400
82 46 7401.300
82 47 4386.500
82 48 8455.900
82 49 8447.000
82 50 4040.600
82 51 5457.000
82 52 6941.600
82 53 6919.100
82 54 4293.800
82 55 5728.200
82 56 3670.000
82 57 8226.200
82 58 5703.300
82 59 1103.900
82 60 4528.400
82 61 7499.800
82 62 2460.700
82 63 6061.400
82 64 4656.300
82 65 5443.800
82 66 5284.700
82 67 6187.000
82 68 4207.400
82 69 2834.200
82 70 7206.200
82 71 2065.400
82 72 6077.400
82 73 5349.600
82 74 4419.600
82 75 4208.500
82 76 7114.300
82 77 5621.000
82 78 6681.300
82 79 1107.900
82 80 6822.400
82 81 4599.600
82 82 0.000
82 83 3919.000
82 84 3506.500
82 85 6133.100
82 86 1555.800
82 87 5241.300
82 88 7416.100
82 89 7758.900
82 90 4015.500
82 91 5512.400
82 92 2508.500
82 93 4466.600
82 94 3743.300
82 95 3169.300
82 96 6184.100
82 97 6064.500
82 98 8682.800
82 99 5810.900
83 0 2858.900
83 1 8998.700
83 2 9839.800
83 3 7620.900
83 4 6343.000
83 5 12278.000
83 6 4319.400
83 7 9463.700
83 8 3039.600
83 9 9869.500
83 10 8441.400
83 11 13544.700
83 12 4589.500
83 13 9937.000
83 14 11455.900
83 15 10387.300
83 16 11184.200
83 17 6344.300
83 18 4315.000
83 19 5728.500
83 20 6916.900
83 21 11504.800
83 22 2948.400
83 23 8405.200
83 24 6488.600
83 25 10684.000
83 26 6727.300
83 27 4174.300
83 28 8338.700
83 29 5866.200
83 30 2275.100
83 31 2447.900
83 32 6567.300
83 33 11517.200
83 34 12836.200
83 35 8730.800
83 36 1965.100
83 37 7228.700
83 38 3117.400
83 39 7292.600
83 40 11806.800
83 41 3307.400
83 42 8981.500
83 43 10706.500
83 44 11139.400
83 45 10460.900
83 46 11162.700
83 47 3778.800
83 48 8945.000
83 49 12208.400
83 50 4386.900
83 51 9218.400
83 52 10703.100
83 53 10001.800
83 54 3006.900
83 55 4441.300
83 56 5014.400
83 57 11987.700
83 58 4416.400
83 59 4387.000
83 60 8289.900
83 61 10156.200
83 62 5147.800
83 63 9822.900
83 64 8417.800
83 65 9205.200
83 66 6489.400
83 67 9948.400
83 68 6894.500
83 69 6595.700
83 70 10967.700
83 71 2027.700
83 72 9838.900
83 73 3306.300
83 74 8181.100
83 75 7183.100
83 76 10875.700
83 77 9382.400
83 78 10442.800
83 79 2892.100
83 80 5535.500
83 81 7592.300
83 82 3761.300
83 83 0.000
83 84 7500.600
83 85 9894.600
83 86 5317.200
83 87 6037.700
83 88 6129.200
83 89 11520.300
83 90 3407.700
83 91 4225.500
83 92 6503.900
83 93 1282.400
83 94 6430.300
83 95 5258.200
83 96 9945.500
83 97 4777.600
83 98 12357.600
83 99 6037.100
84 0 7471.500
84 1 3167.300
84 2 8517.700
84 3 2010.600
84 4 1783.000
84 5 5683.100
84 6 2827.900
84 7 7922.300
84 8 6723.000
84 9 4259.300
84 10 2599.500
84 11 8157.000
84 12 5141.400
84 13 4482.500
84 14 5624.500
84 15 4555.800
84 16 8100.600
84 17 3118.900
84 18 8927.500
84 19 2435.300
84 20 2179.600
84 21 4909.900
84 22 6428.200
84 23 8220.300
84 24 2831.600
84 25 5473.600
84 26 1114.000
84 27 4293.400
84 28 2728.500
84 29 3193.800
84 30 6887.600
84 31 4846.300
84 32 6037.500
84 33 5685.700
84 34 6241.300
84 35 2899.400
84 36 8474.900
84 37 1618.500
84 38 8737.900
84 39 2622.600
84 40 5211.900
84 41 5097.600
84 42 5508.400
84 43 5318.900
84 44 5308.000
84 45 3866.000
84 46 5775.100
84 47 5561.700
84 48 8760.200
84 49 4484.900
84 50 4576.600
84 51 3387.000
84 52 6970.700
84 53 7207.400
84 54 7619.400
84 55 9053.800
84 56 4205.900
84 57 5392.800
84 58 7546.400
84 59 2687.800
84 60 2683.900
84 61 7788.100
84 62 3345.200
84 63 3991.500
84 64 1415.400
84 65 3373.800
84 66 4411.500
84 67 4117.000
84 68 3652.100
84 69 3370.200
84 70 5136.200
84 71 5391.000
84 72 3244.000
84 73 8675.200
84 74 2349.700
84 75 2636.800
84 76 4280.800
84 77 3994.800
84 78 3741.900
84 79 4433.500
84 80 6946.100
84 81 4903.900
84 82 3389.400
84 83 7244.600
84 84 0.000
84 85 6421.500
84 86 2518.200
84 87 5545.600
84 88 10741.700
84 89 6530.700
84 90 6887.500
84 91 8838.000
84 92 955.300
84 93 7792.200
84 94 2841.500
84 95 3705.300
84 96 4114.100
84 97 9390.100
84 98 8971.200
84 99 6115.200
85 0 7079.600
85 1 4664.300
85 2 3040.800
85 3 5351.700
85 4 5570.800
85 5 8659.300
85 6 4889.200
85 7 2445.500
85 8 5734.600
85 9 4740.000
85 10 6871.600
85 11 5835.000
85 12 3671.400
85 13 7899.700
85 14 7958.400
85 15 5464.300
85 16 2881.400
85 17 5372.700
85 18 6980.600
85 19 5692.200
85 20 7521.600
85 21 10294.900
85 22 4406.700
85 23 2452.300
85 24 2784.900
85 25 2851.200
85 26 5372.800
85 27 7526.900
85 28 4094.900
85 29 6473.300
85 30 7275.400
85 31 6907.600
85 32 2902.800
85 33 7407.300
85 34 9217.500
85 35 4850.700
85 36 10536.100
85 37 4500.900
85 38 7247.900
85 39 7964.500
85 40 10012.900
85 41 5085.800
85 42 1588.200
85 43 4832.600
85 44 6563.400
85 45 8942.300
85 46 3612.900
85 47 3576.200
85 48 3193.000
85 49 10689.800
85 50 5333.700
85 51 6499.200
85 52 2578.400
85 53 1633.700
85 54 6129.400
85 55 5325.200
85 56 4963.000
85 57 8174.100
85 58 4411.700
85 59 5921.300
85 60 3165.500
85 61 1518.700
85 62 6920.200
85 63 5622.300
85 64 6913.900
85 65 6126.900
85 66 8578.800
85 67 6479.200
85 68 7501.500
85 69 4127.200
85 70 6857.800
85 71 7452.300
85 72 8320.300
85 73 8895.900
85 74 6209.400
85 75 7197.800
85 76 8919.000
85 77 4025.900
85 78 8924.200
85 79 6494.800
85 80 3811.400
85 81 2961.100
85 82 5450.700
85 83 9305.800
85 84 6220.900
85 85 0.000
85 86 5751.700
85 87 2410.900
85 88 9251.700
85 89 3395.600
85 90 5001.100
85 91 6891.100
85 92 5731.800
85 93 9853.400
85 94 7176.800
85 95 4462.400
85 96 7104.700
85 97 7900.100
85 98 3399.900
85 99 2980.500
86 0 6090.400
86 1 4678.200
86 2 7974.700
86 3 3497.100
86 4 818.000
86 5 7194.100
86 6 1858.100
86 7 7379.400
86 8 5356.400
86 9 5745.800
86 10 4110.400
86 11 9643.500
86 12 4350.800
86 13 5993.400
86 14 7135.400
86 15 6066.800
86 16 7557.700
86 17 2328.300
86 18 7546.500
86 19 826.700
86 20 2798.000
86 21 6420.800
86 22 5061.500
86 23 7661.500
86 24 2472.600
86 25 6667.900
86 26 2600.500
86 27 2787.100
86 28 4215.000
86 29 1607.800
86 30 5506.600
86 31 3479.700
86 32 5478.600
86 33 7196.600
86 34 7752.200
86 35 4410.300
86 36 7093.800
86 37 3105.000
86 38 7356.900
86 39 3173.700
86 40 6722.800
86 41 3730.900
86 42 4965.500
86 43 6805.400
86 44 6818.900
86 45 5376.900
86 46 7261.600
86 47 4771.100
86 48 8201.300
86 49 5995.800
86 50 3786.100
86 51 4897.900
86 52 6687.100
86 53 6664.500
86 54 6238.400
86 55 7672.800
86 56 3415.400
86 57 6903.700
86 58 6987.500
86 59 1181.500
86 60 4170.400
86 61 7245.200
86 62 2054.700
86 63 5502.400
86 64 2926.300
86 65 4884.700
86 66 3713.400
86 67 5627.900
86 68 2636.100
86 69 2579.600
86 70 6647.200
86 71 4010.000
86 72 4754.900
86 73 7294.100
86 74 3860.600
86 75 2418.800
86 76 5791.700
86 77 5481.300
86 78 5252.800
86 79 3052.500
86 80 6387.200
86 81 4345.000
86 82 2006.000
86 83 5863.500
86 84 1950.600
86 85 5878.500
86 86 0.000
86 87 4986.700
86 88 9360.600
86 89 7504.300
86 90 5520.900
86 91 7457.000
86 92 952.700
86 93 6411.100
86 94 2311.400
86 95 2914.800
86 96 5625.000
86 97 8009.100
86 98 8428.300
86 99 5556.300
87 0 4668.700
87 1 4342.500
87 2 4270.500
87 3 5029.900
87 4 5249.000
87 5 8337.500
87 6 4567.400
87 7 3894.400
87 8 3323.600
87 9 4418.200
87 10 6549.800
87 11 8315.900
87 12 1260.500
87 13 7577.900
87 14 7636.600
87 15 5142.500
87 16 5614.900
87 17 5050.900
87 18 4569.600
87 19 5370.400
87 20 7199.800
87 21 9973.100
87 22 1995.700
87 23 2835.900
87 24 2463.100
87 25 5238.900
87 26 5051.000
87 27 7205.100
87 28 3773.100
87 29 6151.500
87 30 4864.400
87 31 3078.800
87 32 653.000
87 33 7085.500
87 34 8895.700
87 35 4528.900
87 36 7618.700
87 37 4179.100
87 38 4837.000
87 39 7642.700
87 40 9691.100
87 41 2674.900
87 42 3536.400
87 43 5477.800
87 44 6241.600
87 45 8620.500
87 46 5934.000
87 47 1165.300
87 48 3375.700
87 49 10368.000
87 50 2150.400
87 51 6177.400
87 52 5312.000
87 53 4432.500
87 54 3718.500
87 55 2914.300
87 56 2014.200
87 57 7852.300
87 58 2000.800
87 59 5599.500
87 60 2843.700
87 61 4586.900
87 62 6598.400
87 63 5300.500
87 64 6592.100
87 65 5805.100
87 66 8257.000
87 67 6157.400
87 68 7179.700
87 69 3805.400
87 70 6536.000
87 71 6245.800
87 72 7998.400
87 73 6485.000
87 74 5887.600
87 75 6876.000
87 76 8597.200
87 77 4153.700
87 78 8602.400
87 79 6173.000
87 80 1400.500
87 81 1677.900
87 82 5128.900
87 83 6388.400
87 84 5899.100
87 85 3640.700
87 86 5429.900
87 87 0.000
87 88 6840.700
87 89 6129.200
87 90 2590.100
87 91 4480.200
87 92 5410.000
87 93 6936.000
87 94 6855.000
87 95 2854.500
87 96 6782.900
87 97 5489.200
87 98 6133.400
87 99 569.600
88 0 3904.600
88 1 11156.400
88 2 10950.500
88 3 11843.900
88 4 10475.800
88 5 15151.400
88 6 8452.300
88 7 10574.400
88 8 4813.600
88 9 11236.800
88 10 12574.200
88 11 15134.500
88 12 7349.000
88 13 14391.900
88 14 14450.500
88 15 11956.400
88 16 12294.900
88 17 10477.200
88 18 4433.200
88 19 9861.400
88 20 11049.700
88 21 16787.100
88 22 7118.100
88 23 9515.900
88 24 9281.700
88 25 12057.500
88 26 10860.100
88 27 8307.200
88 28 10591.700
88 29 9999.000
88 30 4779.200
88 31 6487.000
88 32 7472.300
88 33 13899.400
88 34 15709.600
88 35 11603.100
88 36 2934.500
88 37 10997.600
88 38 2588.200
88 39 11425.400
88 40 16505.100
88 41 7346.600
88 42 10355.000
88 43 12296.400
88 44 13055.500
88 45 14593.700
88 46 12752.600
88 47 6824.600
88 48 10055.700
88 49 16341.300
88 50 7809.700
88 51 12991.300
88 52 11991.900
88 53 11112.500
88 54 3676.100
88 55 4559.500
88 56 8310.300
88 57 14666.200
88 58 5321.400
88 59 8519.800
88 60 9662.300
88 61 11266.900
88 62 9280.600
88 63 12114.400
88 64 12550.600
88 65 12619.100
88 66 11208.400
88 67 12971.400
88 68 11027.300
88 69 10624.000
88 70 13349.900
88 71 6160.500
88 72 13971.700
88 73 2636.700
88 74 12701.500
88 75 11315.900
88 76 15411.200
88 77 10972.300
88 78 14575.600
88 79 7024.900
88 80 6440.500
88 81 8497.300
88 82 7894.200
88 83 4366.000
88 84 11633.400
88 85 11268.100
88 86 9450.000
88 87 6942.700
88 88 0.000
88 89 12893.800
88 90 5795.100
88 91 4343.700
88 92 10636.700
88 93 3632.700
88 94 10563.100
88 95 8681.000
88 96 13596.900
88 97 3115.400
88 98 12813.400
88 99 6942.100
89 0 10358.800
89 1 6454.100
89 2 2588.700
89 3 7141.500
89 4 7760.900
89 5 8644.000
89 6 7079.200
89 7 2314.000
89 8 9013.700
89 9 4451.900
89 10 7762.300
89 11 2830.400
89 12 7073.400
89 13 7526.700
89 14 8030.600
89 15 6529.900
89 16 1980.200
89 17 7562.800
89 18 10259.700
89 19 7882.200
89 20 8457.200
89 21 9770.400
89 22 7808.600
89 23 3110.700
89 24 4974.900
89 25 2134.200
89 26 6308.400
89 27 9716.900
89 28 5030.600
89 29 8663.300
89 30 10554.500
89 31 9097.600
89 32 5455.100
89 33 5542.000
89 34 8113.200
89 35 5786.300
89 36 12726.100
89 37 5436.500
89 38 10527.100
89 39 8900.100
89 40 9492.800
89 41 8487.800
89 42 2731.100
89 43 3723.900
89 44 6549.800
89 45 9295.900
89 46 957.200
89 47 6978.200
89 48 3851.400
89 49 10744.900
89 50 7523.700
89 51 7436.100
89 52 1735.700
89 53 1599.100
89 54 9408.600
89 55 8604.400
89 56 7153.000
89 57 8158.800
89 58 7690.900
89 59 8111.300
89 60 4082.100
89 61 2358.200
89 62 9110.200
89 63 6170.400
89 64 8703.700
89 65 6773.700
89 66 10768.900
89 67 6499.800
89 68 9691.600
89 69 6317.300
89 70 5839.400
89 71 9642.300
89 72 10110.000
89 73 12175.100
89 74 7100.100
89 75 8532.500
89 76 8026.100
89 77 2917.200
89 78 10714.000
89 79 8684.800
89 80 6345.700
89 81 5151.100
89 82 7640.700
89 83 11495.900
89 84 7156.500
89 85 3328.500
89 86 7941.700
89 87 5812.900
89 88 12530.800
89 89 0.000
89 90 8280.200
89 91 10397.200
89 92 7231.400
89 93 12043.500
89 94 8577.800
89 95 6652.400
89 96 7228.300
89 97 11179.300
89 98 2850.800
89 99 6259.700
90 0 3703.800
90 1 6524.700
90 2 6650.900
90 3 7212.100
90 4 5985.900
90 5 10519.700
90 6 4153.600
90 7 6274.800
90 8 1814.000
90 9 6600.400
90 10 8275.300
90 11 10949.000
90 12 2312.100
90 13 9760.100
90 14 9818.800
90 15 7324.600
90 16 7995.400
90 17 6178.300
90 18 3312.000
90 19 5994.600
90 20 7841.900
90 21 12155.300
90 22 2449.600
90 23 5216.300
90 24 4645.300
90 25 7421.100
90 26 6561.200
90 27 5926.600
90 28 5955.300
90 29 6791.200
90 30 3899.600
90 31 2337.300
90 32 2835.200
90 33 9267.700
90 34 11077.800
90 35 6711.100
90 36 4798.100
90 37 6361.200
90 38 3872.100
90 39 8217.600
90 40 11873.300
90 41 3196.900
90 42 5718.600
90 43 7660.000
90 44 8423.700
90 45 10294.900
90 46 8116.200
90 47 1810.400
90 48 5756.100
90 49 12042.400
90 50 2795.500
90 51 8359.600
90 52 7692.400
90 53 6812.900
90 54 2753.600
90 55 1656.600
90 56 3261.400
90 57 10034.500
90 58 1227.600
90 59 4716.000
90 60 5025.900
90 61 6967.300
90 62 6072.800
90 63 7482.600
90 64 8251.800
90 65 7987.300
90 66 8827.900
90 67 8339.600
90 68 7819.500
90 69 4407.800
90 70 8718.200
90 71 3780.000
90 72 9672.900
90 73 5520.100
90 74 8015.100
90 75 7586.600
90 76 10779.400
90 77 6335.900
90 78 10276.800
90 79 4644.400
90 80 1803.400
90 81 3860.100
90 82 4207.300
90 83 3567.800
90 84 7118.500
90 85 5822.900
90 86 5167.900
90 87 2305.500
90 88 5875.900
90 89 8509.600
90 90 0.000
90 91 3222.500
90 92 6120.600
90 93 4115.400
90 94 7355.300
90 95 3666.800
90 96 8965.100
90 97 4524.300
90 98 8513.900
90 99 2304.900
91 0 2217.000
91 1 9346.400
91 2 8713.900
91 3 9387.200
91 4 8109.300
91 5 13341.400
91 6 6085.800
91 7 8337.800
91 8 2447.100
91 9 9422.100
91 10 10207.700
91 11 13011.900
91 12 5533.600
91 13 11703.300
91 14 13222.200
91 15 10146.300
91 16 10058.300
91 17 8110.700
91 18 911.200
91 19 7494.900
91 20 8683.200
91 21 13271.100
91 22 4751.600
91 23 7279.300
91 24 7467.000
91 25 10242.700
91 26 8493.600
91 27 5940.700
91 28 8777.000
91 29 7632.500
91 30 2412.700
91 31 4861.400
91 32 5656.900
91 33 12089.300
91 34 13899.500
91 35 9532.800
91 36 5167.000
91 37 8995.000
91 38 1751.500
91 39 9058.900
91 40 13573.200
91 41 5721.000
91 42 8540.300
91 43 10481.700
91 44 11245.400
91 45 12227.200
91 46 11138.700
91 47 5009.200
91 48 7819.100
91 49 13974.800
91 50 5994.300
91 51 10984.800
91 52 9755.300
91 53 8875.900
91 54 1309.600
91 55 2744.100
91 56 6494.800
91 57 12856.200
91 58 3506.000
91 59 6153.400
91 60 7847.600
91 61 9030.200
91 62 6914.100
91 63 10304.300
91 64 10184.100
91 65 10971.600
91 66 8841.900
91 67 11714.800
91 68 8660.800
91 69 8362.000
91 70 11539.900
91 71 3794.000
91 72 11605.200
91 73 3399.400
91 74 9947.500
91 75 8949.500
91 76 12642.100
91 77 9157.600
91 78 12209.100
91 79 4658.400
91 80 4625.100
91 81 6681.800
91 82 5527.700
91 83 3936.700
91 84 9266.900
91 85 8644.600
91 86 7083.500
91 87 5127.200
91 88 3755.200
91 89 10572.600
91 90 3689.400
91 91 0.000
91 92 8270.200
91 93 4484.300
91 94 8196.600
91 95 6865.600
91 96 11711.900
91 97 2403.700
91 98 10576.800
91 99 5126.600
92 0 7046.900
92 1 3725.500
92 2 8340.800
92 3 2544.400
92 4 827.700
92 5 6241.300
92 6 2403.400
92 7 7745.400
92 8 5907.400
92 9 4793.100
92 10 3157.700
92 11 8690.800
92 12 4716.900
92 13 5040.700
92 14 6182.700
92 15 5114.000
92 16 7923.700
92 17 2694.300
92 18 8503.000
92 19 1480.000
92 20 1997.900
92 21 5468.100
92 22 5612.500
92 23 8027.500
92 24 2838.600
92 25 6007.400
92 26 1647.800
92 27 3338.100
92 28 3262.300
92 29 2261.100
92 30 6463.100
92 31 4030.700
92 32 5844.600
92 33 6243.900
92 34 6799.500
92 35 3457.600
92 36 8050.400
92 37 2152.300
92 38 8313.400
92 39 2373.600
92 40 5770.100
92 41 4282.000
92 42 5331.500
92 43 5852.700
92 44 5866.200
92 45 4424.200
92 46 6308.900
92 47 5137.200
92 48 8567.300
92 49 5043.100
92 50 4152.100
92 51 3945.200
92 52 7053.100
92 53 7030.500
92 54 7194.900
92 55 8629.300
92 56 3781.400
92 57 5951.000
92 58 7353.500
92 59 1732.500
92 60 3217.600
92 61 7611.200
92 62 2451.300
92 63 4549.600
92 64 1973.600
92 65 3932.000
92 66 3981.900
92 67 4675.200
92 68 2855.700
92 69 2945.700
92 70 5694.400
92 71 4966.500
92 72 3802.200
92 73 8250.700
92 74 2907.900
92 75 1466.000
92 76 4839.000
92 77 4528.600
92 78 4300.100
92 79 4009.000
92 80 6753.200
92 81 4711.100
92 82 2557.000
92 83 6820.100
92 84 997.900
92 85 6244.600
92 86 1562.900
92 87 5352.800
92 88 10317.200
92 89 7064.500
92 90 6071.900
92 91 8413.500
92 92 0.000
92 93 7367.700
92 94 1511.300
92 95 3280.800
92 96 4672.300
92 97 8965.600
92 98 8794.300
92 99 5922.400
93 0 3265.400
93 1 9405.200
93 2 10246.200
93 3 8027.300
93 4 6749.400
93 5 12684.500
93 6 4725.900
93 7 9870.200
93 8 3446.000
93 9 10276.000
93 10 8847.800
93 11 13951.100
93 12 4995.900
93 13 10343.400
93 14 11862.400
93 15 10793.700
93 16 11590.700
93 17 6750.800
93 18 4721.500
93 19 6135.000
93 20 7323.400
93 21 11911.300
93 22 3354.800
93 23 8811.600
93 24 6895.100
93 25 11090.400
93 26 7133.700
93 27 4580.800
93 28 8745.200
93 29 6272.600
93 30 2681.500
93 31 2854.300
93 32 6973.800
93 33 11923.600
93 34 13242.700
93 35 9137.300
93 36 1532.300
93 37 7635.200
93 38 3523.900
93 39 7699.000
93 40 12213.300
93 41 3713.900
93 42 9388.000
93 43 11113.000
93 44 11545.900
93 45 10867.300
93 46 11569.200
93 47 4185.300
93 48 9351.500
93 49 12614.900
93 50 4793.400
93 51 9624.900
93 52 11109.600
93 53 10408.200
93 54 3413.400
93 55 4847.800
93 56 5420.800
93 57 12394.100
93 58 4822.900
93 59 4793.500
93 60 8696.300
93 61 10562.600
93 62 5554.200
93 63 10229.400
93 64 8824.200
93 65 9611.700
93 66 7482.100
93 67 10354.900
93 68 7300.900
93 69 7002.100
93 70 11374.100
93 71 2434.100
93 72 10245.300
93 73 2873.500
93 74 8587.600
93 75 7589.600
93 76 11282.200
93 77 9788.900
93 78 10849.300
93 79 3298.500
93 80 5942.000
93 81 7998.700
93 82 4167.800
93 83 733.400
93 84 7907.000
93 85 10301.000
93 86 5723.600
93 87 6444.100
93 88 6535.600
93 89 11926.800
93 90 3814.200
93 91 4632.000
93 92 6910.300
93 93 0.000
93 94 6836.800
93 95 5664.700
93 96 10352.000
93 97 5184.100
93 98 12764.000
93 99 6443.500
94 0 6886.100
94 1 5023.200
94 2 9638.500
94 3 3724.600
94 4 2168.700
94 5 6749.000
94 6 3701.200
94 7 9043.100
94 8 7066.800
94 9 5973.300
94 10 4455.400
94 11 9871.000
94 12 6014.600
94 13 5788.500
94 14 7480.400
94 15 6411.800
94 16 9221.500
94 17 3992.100
94 18 8342.200
94 19 1669.800
94 20 755.500
94 21 5660.800
94 22 6843.100
94 23 9325.300
94 24 4136.400
94 25 7187.600
94 26 2831.000
94 27 3012.800
94 28 4442.400
94 29 1612.200
94 30 6302.300
94 31 5304.500
94 32 7142.400
94 33 7541.700
94 34 7547.300
94 35 4755.300
94 36 7889.500
94 37 3332.400
94 38 8152.600
94 39 1131.200
94 40 6253.900
94 41 5555.700
94 42 6629.300
94 43 7032.800
94 44 7163.900
94 45 4616.900
94 46 7489.000
94 47 6434.900
94 48 9865.100
94 49 5025.400
94 50 5449.900
94 51 5242.900
94 52 8350.900
94 53 8328.300
94 54 7034.100
94 55 8468.500
94 56 5079.200
94 57 6698.800
94 58 8443.600
94 59 3006.300
94 60 4397.800
94 61 8909.000
94 62 1763.600
94 63 5847.400
94 64 3271.300
94 65 5229.700
94 66 2739.500
94 67 5972.900
94 68 1613.200
94 69 4243.400
94 70 6992.200
94 71 4805.700
94 72 4550.000
94 73 8089.900
94 74 4205.600
94 75 1205.100
94 76 5586.800
94 77 5708.700
94 78 4282.300
94 79 3760.900
94 80 8051.000
94 81 6008.800
94 82 3830.800
94 83 6659.300
94 84 2295.700
94 85 7542.300
94 86 2853.900
94 87 6650.500
94 88 10156.400
94 89 8244.700
94 90 7302.400
94 91 8252.700
94 92 1341.000
94 93 7206.900
94 94 0.000
94 95 4578.500
94 96 5970.000
94 97 8804.800
94 98 10092.100
94 99 7220.100
95 0 6146.400
95 1 5430.700
95 2 7105.300
95 3 3439.300
95 4 3584.400
95 5 9425.700
95 6 1502.900
95 7 7037.500
95 8 4929.000
95 9 5506.500
95 10 4304.100
95 11 9186.800
95 12 1789.600
95 13 5775.300
95 14 7294.300
95 15 6230.700
95 16 7215.900
95 17 1986.500
95 18 7602.500
95 19 3705.700
95 20 4794.700
95 21 7498.200
95 22 2309.900
95 23 5670.700
95 24 2130.700
95 25 6326.100
95 26 2646.200
95 27 4511.900
95 28 4035.300
95 29 4486.800
95 30 5562.600
95 31 3521.300
95 32 3487.800
95 33 7713.000
95 34 9983.900
95 35 4791.100
95 36 7149.800
95 37 3047.100
95 38 7412.900
95 39 5237.600
95 40 7800.200
95 41 2989.100
95 42 4623.600
95 43 6348.700
95 44 7329.800
95 45 6454.300
95 46 6804.900
95 47 1856.400
95 48 6210.500
95 49 8201.900
95 50 871.300
95 51 5056.800
95 52 6345.200
95 53 6322.700
95 54 6294.400
95 55 4760.500
95 56 840.300
95 57 8940.500
95 58 3847.000
95 59 2946.000
95 60 3932.000
95 61 6903.400
95 62 4302.800
95 63 6048.400
95 64 4411.200
95 65 5043.600
95 66 6592.300
95 67 5786.800
95 68 5515.000
95 69 741.000
95 70 7163.500
95 71 4066.000
95 72 5832.300
95 73 7350.200
95 74 4019.500
95 75 4264.600
95 76 6869.100
95 77 5024.600
95 78 6436.200
95 79 3108.500
95 80 4351.100
95 81 4003.200
95 82 2064.400
95 83 5919.600
95 84 3494.000
95 85 5536.700
95 86 3397.900
95 87 2958.200
95 88 9416.700
95 89 7162.500
95 90 3666.800
95 91 7513.000
95 92 2798.600
95 93 6467.200
95 94 4309.900
95 95 0.000
95 96 5783.900
95 97 8065.100
95 98 8086.400
95 99 3527.800
96 0 10567.000
96 1 2560.600
96 2 10024.100
96 3 3218.200
96 4 5397.400
96 5 2535.300
96 6 5923.500
96 7 9300.200
96 8 9818.600
96 9 5602.500
96 10 2275.800
96 11 6969.000
96 12 7156.200
96 13 795.000
96 14 1510.400
96 15 4160.000
96 16 9415.600
96 17 6214.400
96 18 11493.100
96 19 6790.500
96 20 5804.700
96 21 2542.100
96 22 9523.700
96 23 9598.200
96 24 5310.800
96 25 6816.800
96 26 4209.500
96 27 8648.600
96 28 3901.000
96 29 7443.100
96 30 9983.200
96 31 7941.900
96 32 7415.400
96 33 2606.200
96 34 3093.400
96 35 2292.800
96 36 11570.400
96 37 3889.700
96 38 12525.300
96 39 5805.800
96 40 2264.500
96 41 8193.100
96 42 6886.300
96 43 5069.700
96 44 2504.800
96 45 2067.600
96 46 7118.300
96 47 8088.800
96 48 10138.000
96 49 3516.700
96 50 7672.200
96 51 1607.200
96 52 8313.900
96 53 8585.300
96 54 10715.000
96 55 9837.800
96 56 7301.500
96 57 2050.100
96 58 8924.300
96 59 7043.000
96 60 4027.000
96 61 9166.000
96 62 7700.400
96 63 1722.000
96 64 3598.400
96 65 1250.900
96 66 7195.100
96 67 1089.800
96 68 6435.600
96 69 6465.700
96 70 2108.100
96 71 8486.600
96 72 2434.000
96 73 11770.800
96 74 2269.000
96 75 6496.900
96 76 797.900
96 77 5338.000
96 78 3452.000
96 79 7529.100
96 80 8324.000
96 81 6281.800
96 82 6485.000
96 83 10340.200
96 84 4803.100
96 85 7799.300
96 86 6873.400
96 87 6923.500
96 88 13837.200
96 89 7435.400
96 90 9513.600
96 91 11403.600
96 92 5310.500
96 93 10887.700
96 94 6466.700
96 95 6800.900
96 96 0.000
96 97 12485.700
96 98 10286.200
96 99 7493.100
97 0 4761.600
97 1 12013.400
97 2 11807.500
97 3 12700.900
97 4 11332.800
97 5 16008.400
97 6 9309.300
97 7 11431.400
97 8 5670.600
97 9 12093.800
97 10 13431.200
97 11 15991.500
97 12 8206.000
97 13 15248.900
97 14 15307.600
97 15 12813.400
97 16 13151.900
97 17 11334.200
97 18 5290.200
97 19 10718.400
97 20 11906.700
97 21 17644.100
97 22 7975.100
97 23 10372.900
97 24 10138.700
97 25 12914.500
97 26 11717.100
97 27 9164.200
97 28 11448.700
97 29 10856.000
97 30 5636.200
97 31 7344.000
97 32 8329.300
97 33 14756.400
97 34 16566.600
97 35 12460.100
97 36 3791.500
97 37 11854.600
97 38 3445.200
97 39 12282.400
97 40 17362.100
97 41 8203.600
97 42 11212.000
97 43 13153.400
97 44 13912.500
97 45 15450.700
97 46 13609.600
97 47 7681.600
97 48 10912.700
97 49 17198.300
97 50 8666.700
97 51 13848.300
97 52 12848.900
97 53 11969.500
97 54 4533.100
97 55 5416.500
97 56 9167.300
97 57 15523.200
97 58 6178.400
97 59 9376.800
97 60 10519.300
97 61 12123.900
97 62 10137.600
97 63 12971.400
97 64 13407.600
97 65 13476.100
97 66 12065.400
97 67 13828.400
97 68 11884.300
97 69 11481.000
97 70 14206.900
97 71 7017.500
97 72 14828.700
97 73 3493.700
97 74 13558.500
97 75 12173.000
97 76 16268.200
97 77 11829.300
97 78 15432.600
97 79 7881.900
97 80 7297.500
97 81 9354.300
97 82 8751.200
97 83 5223.100
97 84 12490.400
97 85 12125.100
97 86 10307.000
97 87 7799.700
97 88 1351.500
97 89 13750.800
97 90 6652.100
97 91 5200.700
97 92 11493.700
97 93 4489.700
97 94 11420.100
97 95 9538.000
97 96 14453.900
97 97 0.000
97 98 13670.400
97 99 7799.100
98 0 10428.800
98 1 7748.100
98 2 1444.600
98 3 8435.500
98 4 8654.600
98 5 11743.100
98 6 7973.000
98 7 2384.000
98 8 9083.800
98 9 6971.800
98 10 9955.400
98 11 5350.400
98 12 7143.400
98 13 10046.600
98 14 10550.600
98 15 9049.800
98 16 806.500
98 17 8456.500
98 18 10329.800
98 19 8776.000
98 20 10605.400
98 21 12290.400
98 22 7878.700
98 23 3180.700
98 24 5868.700
98 25 3800.700
98 26 8456.600
98 27 10610.700
98 28 7178.700
98 29 9557.100
98 30 10624.600
98 31 9991.400
98 32 5525.100
98 33 8062.000
98 34 10633.200
98 35 7934.500
98 36 13619.900
98 37 7584.700
98 38 10597.100
98 39 11048.300
98 40 12012.700
98 41 8557.800
98 42 3624.800
98 43 6243.900
98 44 9069.800
98 45 12026.100
98 46 3477.200
98 47 7048.200
98 48 2772.600
98 49 13773.600
98 50 8417.500
98 51 9583.000
98 52 2629.500
98 53 1669.200
98 54 9478.600
98 55 8674.400
98 56 8046.800
98 57 11257.900
98 58 7760.900
98 59 9005.100
98 60 6249.300
98 61 2428.200
98 62 10004.000
98 63 8690.300
98 64 9997.700
98 65 9293.600
98 66 11662.600
98 67 9019.800
98 68 10585.300
98 69 7211.000
98 70 8359.400
98 71 10536.100
98 72 11404.000
98 73 12245.100
98 74 9293.200
98 75 10281.600
98 76 10546.100
98 77 5437.200
98 78 12008.000
98 79 9578.600
98 80 6415.700
98 81 6044.900
98 82 8534.500
98 83 12389.600
98 84 9304.700
98 85 3304.400
98 86 8835.500
98 87 5882.900
98 88 12600.900
98 89 2911.000
98 90 8350.300
98 91 10467.200
98 92 8815.600
98 93 12937.200
98 94 10260.600
98 95 7546.200
98 96 9748.200
98 97 11249.300
98 98 0.000
98 99 6329.700
99 0 4291.700
99 1 5066.000
99 2 4327.100
99 3 5753.500
99 4 5972.600
99 5 9061.000
99 6 5290.900
99 7 3951.000
99 8 2946.600
99 9 5141.800
99 10 7273.400
99 11 8625.200
99 12 2027.500
99 13 8301.500
99 14 8360.200
99 15 5866.000
99 16 5671.500
99 17 5774.500
99 18 4192.600
99 19 6093.900
99 20 7923.300
99 21 10696.700
99 22 2536.100
99 23 2892.500
99 24 3186.600
99 25 5962.400
99 26 5774.500
99 27 8015.400
99 28 4496.700
99 29 6875.000
99 30 4487.400
99 31 4772.800
99 32 719.800
99 33 7809.000
99 34 9619.200
99 35 5252.500
99 36 7241.700
99 37 4902.600
99 38 4460.000
99 39 8366.300
99 40 10414.700
99 41 3215.300
99 42 4260.000
99 43 6201.300
99 44 6965.100
99 45 9344.000
99 46 6752.000
99 47 1705.700
99 48 3432.300
99 49 11091.600
99 50 2690.700
99 51 6900.900
99 52 5368.600
99 53 4489.100
99 54 3341.500
99 55 2537.200
99 56 2737.800
99 57 8575.800
99 58 1623.700
99 59 6323.000
99 60 3567.300
99 61 4643.500
99 62 7321.900
99 63 6024.000
99 64 7315.700
99 65 6528.700
99 66 8980.600
99 67 6881.000
99 68 7903.300
99 69 4529.000
99 70 7259.500
99 71 5868.700
99 72 8722.000
99 73 6107.900
99 74 6611.100
99 75 7599.500
99 76 9320.800
99 77 4877.200
99 78 9325.900
99 79 6733.100
99 80 1023.400
99 81 2401.500
99 82 5852.400
99 83 6011.400
99 84 6622.600
99 85 3409.500
99 86 6153.500
99 87 723.600
99 88 6463.700
99 89 6185.800
99 90 2213.100
99 91 4103.100
99 92 6133.500
99 93 6559.000
99 94 7578.600
99 95 3562.100
99 96 7506.500
99 97 5112.200
99 98 6190.000
99 99 0.000
