# i j vmax_ij_m_per_s; symmetric values generated with Uniform(0.7,0.95)*15.6
0 1 13.356990
0 2 13.718261
0 3 11.611864
0 4 13.268567
0 5 13.152262
0 6 11.419108
0 7 13.444891
0 8 14.516501
0 9 11.493202
0 10 11.977113
0 11 13.532574
0 12 11.249833
0 13 13.664198
0 14 12.949385
0 15 14.634579
0 16 13.416511
0 17 14.333034
0 18 11.741005
0 19 13.264251
0 20 13.430418
0 21 12.417936
0 22 13.955832
0 23 13.793818
0 24 12.568870
0 25 13.479434
0 26 11.272301
0 27 12.010275
0 28 13.450271
0 29 11.344994
0 30 11.001398
0 31 11.862223
0 32 11.632652
0 33 11.738273
0 34 13.023686
0 35 12.560963
0 36 11.907453
0 37 13.437964
0 38 12.919812
0 39 13.550199
0 40 11.798046
0 41 12.187624
0 42 14.617484
0 43 13.581030
0 44 14.523706
0 45 11.576430
0 46 13.294978
0 47 11.475272
0 48 14.719289
0 49 13.318816
0 50 14.203676
0 51 11.929688
0 52 13.232749
0 53 13.913809
0 54 14.778959
0 55 13.389465
0 56 12.233484
0 57 12.039837
0 58 13.152302
0 59 11.349360
0 60 11.763666
0 61 14.118608
0 62 11.746098
0 63 11.240541
0 64 14.491980
0 65 12.653772
0 66 14.425512
0 67 12.814688
0 68 10.927159
0 69 12.756883
0 70 11.818090
0 71 12.096668
0 72 11.552799
0 73 12.994329
0 74 12.424947
0 75 12.622328
0 76 10.936401
0 77 11.177845
0 78 11.475799
0 79 14.698472
0 80 12.335026
0 81 13.780823
0 82 14.353465
0 83 11.990416
0 84 14.569181
0 85 11.034533
0 86 11.071765
0 87 12.666212
0 88 14.801763
0 89 14.700003
0 90 12.999368
0 91 13.167347
0 92 14.146267
0 93 12.566254
0 94 11.053357
0 95 14.575251
0 96 11.623117
0 97 12.948922
0 98 12.401939
0 99 14.774574
0 100 13.161525
1 0 13.356990
1 2 13.766180
1 3 11.936495
1 4 13.129700
1 5 11.967444
1 6 12.957870
1 7 12.908325
1 8 12.039678
1 9 12.408668
1 10 11.915469
1 11 12.066983
1 12 13.597146
1 13 11.977649
1 14 11.754652
1 15 13.374694
1 16 14.130859
1 17 11.177185
1 18 12.777447
1 19 12.083454
1 20 11.582365
1 21 13.286860
1 22 14.574225
1 23 11.912386
1 24 12.056404
1 25 14.693959
1 26 14.670184
1 27 12.624200
1 28 12.042887
1 29 11.883864
1 30 11.332988
1 31 12.295918
1 32 11.615651
1 33 12.860170
1 34 11.047278
1 35 12.091439
1 36 12.700454
1 37 14.709358
1 38 13.766705
1 39 11.997880
1 40 13.818139
1 41 13.494960
1 42 12.145732
1 43 13.154102
1 44 13.770515
1 45 13.037317
1 46 11.849156
1 47 11.084376
1 48 13.655674
1 49 12.198435
1 50 14.579325
1 51 11.851663
1 52 13.337231
1 53 13.616583
1 54 11.247619
1 55 12.586745
1 56 11.964878
1 57 14.491651
1 58 14.084899
1 59 13.965727
1 60 13.139103
1 61 12.330544
1 62 14.791387
1 63 12.801803
1 64 14.543657
1 65 11.141539
1 66 11.510778
1 67 12.110935
1 68 14.518642
1 69 12.555812
1 70 14.005051
1 71 10.993982
1 72 11.054997
1 73 11.270238
1 74 11.888859
1 75 12.232077
1 76 13.124109
1 77 11.077101
1 78 13.732660
1 79 14.604651
1 80 12.908814
1 81 11.153108
1 82 11.232937
1 83 11.194045
1 84 13.620043
1 85 11.394871
1 86 13.477892
1 87 11.355189
1 88 13.984448
1 89 12.511302
1 90 11.337829
1 91 12.691510
1 92 11.039085
1 93 13.250604
1 94 12.496470
1 95 14.599798
1 96 12.920116
1 97 14.484739
1 98 11.525505
1 99 14.594435
1 100 14.212689
2 0 13.718261
2 1 13.766180
2 3 11.824171
2 4 11.944005
2 5 12.724561
2 6 12.965833
2 7 11.564809
2 8 14.631335
2 9 12.379852
2 10 12.774576
2 11 13.796890
2 12 14.095206
2 13 12.064170
2 14 13.406762
2 15 13.834563
2 16 13.371192
2 17 12.023439
2 18 14.403388
2 19 14.364401
2 20 12.802581
2 21 14.471846
2 22 14.207109
2 23 14.395783
2 24 12.274056
2 25 14.167016
2 26 13.022790
2 27 13.459650
2 28 13.067321
2 29 11.481384
2 30 14.425581
2 31 11.762986
2 32 14.749012
2 33 10.994701
2 34 14.223064
2 35 14.095164
2 36 12.263721
2 37 11.979192
2 38 14.734345
2 39 11.288194
2 40 11.048424
2 41 13.083322
2 42 11.125697
2 43 12.028875
2 44 13.514037
2 45 11.670450
2 46 11.364909
2 47 13.922802
2 48 14.375527
2 49 12.214144
2 50 13.574550
2 51 13.304862
2 52 11.299162
2 53 11.669845
2 54 12.078619
2 55 14.059299
2 56 14.490884
2 57 14.443789
2 58 12.485850
2 59 14.218186
2 60 12.350844
2 61 13.158096
2 62 14.729638
2 63 11.206724
2 64 11.256085
2 65 11.136254
2 66 13.742190
2 67 13.236550
2 68 12.258916
2 69 11.416746
2 70 12.263737
2 71 11.941626
2 72 12.036849
2 73 11.671298
2 74 10.935699
2 75 12.986267
2 76 12.673813
2 77 11.730557
2 78 13.020786
2 79 14.745206
2 80 10.973222
2 81 14.024172
2 82 11.611499
2 83 12.712612
2 84 11.455983
2 85 13.534438
2 86 12.379944
2 87 11.406569
2 88 11.735255
2 89 14.622207
2 90 13.864764
2 91 12.933707
2 92 10.979267
2 93 12.474354
2 94 13.115143
2 95 12.374113
2 96 14.141951
2 97 14.381700
2 98 11.206656
2 99 13.564496
2 100 14.558953
3 0 11.611864
3 1 11.936495
3 2 11.824171
3 4 12.495306
3 5 12.557897
3 6 11.083243
3 7 11.544154
3 8 12.130087
3 9 13.900661
3 10 12.518549
3 11 12.989410
3 12 13.069240
3 13 12.447227
3 14 13.382227
3 15 13.645366
3 16 11.941241
3 17 12.183326
3 18 11.739180
3 19 14.208655
3 20 11.824142
3 21 14.236140
3 22 11.107948
3 23 12.501396
3 24 13.239532
3 25 14.153463
3 26 13.900076
3 27 13.489748
3 28 13.703589
3 29 13.378448
3 30 13.116447
3 31 11.777936
3 32 14.150686
3 33 12.083091
3 34 13.644839
3 35 13.386179
3 36 11.944944
3 37 12.571280
3 38 14.726688
3 39 14.505934
3 40 14.813183
3 41 13.014216
3 42 11.066080
3 43 11.007527
3 44 11.101144
3 45 11.015334
3 46 11.251657
3 47 13.605737
3 48 12.909634
3 49 12.941850
3 50 11.071261
3 51 12.743759
3 52 13.800731
3 53 11.956651
3 54 13.754033
3 55 14.518992
3 56 13.130379
3 57 13.823493
3 58 11.330607
3 59 12.580667
3 60 13.451386
3 61 11.884563
3 62 13.666014
3 63 11.310072
3 64 12.133973
3 65 12.185126
3 66 11.616096
3 67 11.189589
3 68 14.499895
3 69 13.400077
3 70 14.784499
3 71 14.810728
3 72 13.467466
3 73 12.949140
3 74 12.532243
3 75 13.299257
3 76 10.981489
3 77 12.637082
3 78 11.125081
3 79 12.133854
3 80 14.307322
3 81 11.026408
3 82 12.577638
3 83 14.105553
3 84 12.400633
3 85 11.523291
3 86 13.037312
3 87 14.343594
3 88 11.487038
3 89 12.751376
3 90 13.817613
3 91 12.407692
3 92 13.538410
3 93 11.114891
3 94 12.496768
3 95 14.462118
3 96 12.713050
3 97 12.849889
3 98 11.271097
3 99 13.204520
3 100 13.359286
4 0 13.268567
4 1 13.129700
4 2 11.944005
4 3 12.495306
4 5 14.597356
4 6 11.343184
4 7 14.766800
4 8 12.806382
4 9 14.699804
4 10 12.215220
4 11 12.298336
4 12 13.697367
4 13 12.805151
4 14 11.425171
4 15 14.522203
4 16 11.497590
4 17 12.936827
4 18 13.521827
4 19 12.472664
4 20 14.541768
4 21 14.002177
4 22 11.135816
4 23 12.815465
4 24 11.729660
4 25 12.351878
4 26 13.411163
4 27 13.954845
4 28 11.399431
4 29 14.120926
4 30 11.582683
4 31 11.956290
4 32 13.987385
4 33 13.976564
4 34 11.791173
4 35 11.146458
4 36 13.660890
4 37 13.039168
4 38 11.745117
4 39 11.174345
4 40 12.241203
4 41 13.370609
4 42 11.585960
4 43 12.674650
4 44 12.525377
4 45 13.210872
4 46 13.689499
4 47 11.645893
4 48 13.024222
4 49 11.996996
4 50 13.175497
4 51 11.866876
4 52 13.878933
4 53 12.748161
4 54 11.869619
4 55 11.953437
4 56 13.540916
4 57 13.749009
4 58 12.651775
4 59 14.216676
4 60 14.434688
4 61 12.753214
4 62 13.792599
4 63 11.391337
4 64 13.459111
4 65 13.599644
4 66 13.774424
4 67 12.825027
4 68 11.863852
4 69 11.893693
4 70 11.564009
4 71 12.619370
4 72 12.242308
4 73 13.614114
4 74 13.338369
4 75 13.380747
4 76 11.396846
4 77 12.856017
4 78 12.826783
4 79 12.566679
4 80 14.598429
4 81 12.398642
4 82 11.532002
4 83 11.581325
4 84 14.310843
4 85 13.263236
4 86 14.196853
4 87 13.482555
4 88 14.108397
4 89 12.426800
4 90 13.548829
4 91 12.815145
4 92 12.669608
4 93 10.945178
4 94 11.683915
4 95 13.656722
4 96 14.178039
4 97 11.444828
4 98 12.084309
4 99 11.730805
4 100 12.293085
5 0 13.152262
5 1 11.967444
5 2 12.724561
5 3 12.557897
5 4 14.597356
5 6 14.438622
5 7 11.292640
5 8 11.645043
5 9 13.403269
5 10 13.821850
5 11 11.657530
5 12 14.015438
5 13 11.181707
5 14 11.952742
5 15 14.601415
5 16 14.157126
5 17 14.491096
5 18 11.807131
5 19 14.715685
5 20 13.728937
5 21 12.543803
5 22 13.272740
5 23 14.679283
5 24 11.154780
5 25 11.008496
5 26 13.151706
5 27 14.439145
5 28 14.666867
5 29 11.942361
5 30 13.299887
5 31 12.501374
5 32 11.637457
5 33 12.776017
5 34 14.261860
5 35 12.569054
5 36 12.320261
5 37 13.046643
5 38 11.731501
5 39 13.963329
5 40 14.179647
5 41 11.958846
5 42 11.999138
5 43 11.984846
5 44 13.711963
5 45 14.392349
5 46 13.355861
5 47 13.993210
5 48 12.747350
5 49 13.353760
5 50 13.441424
5 51 13.814120
5 52 12.483622
5 53 12.949416
5 54 12.923183
5 55 11.414292
5 56 12.964585
5 57 13.994688
5 58 14.313904
5 59 12.400557
5 60 13.482382
5 61 11.267990
5 62 13.506030
5 63 14.765056
5 64 11.755211
5 65 12.817229
5 66 11.043884
5 67 13.831697
5 68 14.415278
5 69 13.195002
5 70 14.379578
5 71 11.899087
5 72 11.098124
5 73 12.463950
5 74 11.339710
5 75 12.863459
5 76 13.110949
5 77 14.220631
5 78 12.291951
5 79 11.895987
5 80 13.538548
5 81 14.506187
5 82 13.096829
5 83 13.538970
5 84 12.631025
5 85 14.550308
5 86 13.559920
5 87 11.815358
5 88 14.724716
5 89 13.882727
5 90 11.270194
5 91 12.450063
5 92 13.737216
5 93 13.675462
5 94 12.193453
5 95 14.584887
5 96 12.575550
5 97 11.852674
5 98 13.122268
5 99 14.490438
5 100 11.719310
6 0 11.419108
6 1 12.957870
6 2 12.965833
6 3 11.083243
6 4 11.343184
6 5 14.438622
6 7 12.973906
6 8 11.520328
6 9 13.868326
6 10 12.758404
6 11 11.880675
6 12 13.232411
6 13 13.413260
6 14 14.774684
6 15 14.391881
6 16 11.030855
6 17 11.754242
6 18 11.304801
6 19 11.485481
6 20 13.493511
6 21 12.752449
6 22 11.413869
6 23 14.633460
6 24 12.984311
6 25 14.131856
6 26 12.469128
6 27 14.790984
6 28 11.229319
6 29 12.451650
6 30 13.836059
6 31 11.657833
6 32 13.530090
6 33 14.352605
6 34 13.883040
6 35 11.342968
6 36 14.626412
6 37 13.147195
6 38 13.454887
6 39 11.800533
6 40 11.601450
6 41 12.217291
6 42 12.202691
6 43 12.285637
6 44 13.481071
6 45 13.448274
6 46 13.920803
6 47 11.133510
6 48 11.098363
6 49 11.056896
6 50 12.288150
6 51 12.922836
6 52 10.953571
6 53 13.068077
6 54 13.687154
6 55 14.469717
6 56 11.414169
6 57 11.571723
6 58 11.963668
6 59 11.755868
6 60 14.284405
6 61 14.154067
6 62 11.590390
6 63 12.988455
6 64 13.100648
6 65 13.012245
6 66 12.192200
6 67 14.618255
6 68 11.141566
6 69 13.122686
6 70 14.002264
6 71 12.433440
6 72 12.240047
6 73 14.781124
6 74 11.944896
6 75 14.721135
6 76 14.661138
6 77 12.117374
6 78 13.483653
6 79 14.267138
6 80 11.204354
6 81 13.287467
6 82 11.840219
6 83 13.504346
6 84 11.803651
6 85 13.846803
6 86 11.492587
6 87 14.140747
6 88 10.969211
6 89 14.551325
6 90 11.999352
6 91 13.664869
6 92 12.338820
6 93 11.732646
6 94 13.659804
6 95 14.202033
6 96 13.940479
6 97 13.157024
6 98 14.665764
6 99 14.481894
6 100 11.777021
7 0 13.444891
7 1 12.908325
7 2 11.564809
7 3 11.544154
7 4 14.766800
7 5 11.292640
7 6 12.973906
7 8 12.751820
7 9 11.801522
7 10 11.101325
7 11 11.251284
7 12 12.038357
7 13 12.843811
7 14 14.398624
7 15 14.221270
7 16 12.642329
7 17 12.594415
7 18 13.553291
7 19 14.214003
7 20 14.612069
7 21 13.875659
7 22 13.230841
7 23 13.177044
7 24 12.009905
7 25 14.377040
7 26 12.640971
7 27 14.358460
7 28 12.562088
7 29 13.394883
7 30 13.662820
7 31 11.547450
7 32 11.859201
7 33 12.546707
7 34 11.975259
7 35 12.710470
7 36 12.754539
7 37 14.413594
7 38 11.905874
7 39 14.581396
7 40 11.129681
7 41 13.085721
7 42 13.964307
7 43 12.541464
7 44 14.365279
7 45 14.596818
7 46 10.942995
7 47 12.295259
7 48 11.023725
7 49 12.103125
7 50 13.268138
7 51 13.290809
7 52 12.584733
7 53 14.668606
7 54 13.672659
7 55 13.343337
7 56 13.717276
7 57 11.815030
7 58 14.238582
7 59 12.882138
7 60 14.810723
7 61 14.675624
7 62 11.557099
7 63 12.079220
7 64 14.509525
7 65 14.079949
7 66 14.454490
7 67 13.524954
7 68 13.318507
7 69 13.892595
7 70 13.206812
7 71 12.048814
7 72 11.527195
7 73 13.726312
7 74 13.196423
7 75 13.914673
7 76 12.891362
7 77 11.184213
7 78 14.332895
7 79 11.101645
7 80 11.475337
7 81 14.364599
7 82 14.483963
7 83 14.000087
7 84 13.797306
7 85 12.804778
7 86 11.704762
7 87 12.141832
7 88 13.419307
7 89 13.205009
7 90 11.386587
7 91 14.333987
7 92 11.831224
7 93 12.277816
7 94 14.403865
7 95 11.088073
7 96 10.977172
7 97 14.779863
7 98 12.418894
7 99 11.108427
7 100 12.877438
8 0 14.516501
8 1 12.039678
8 2 14.631335
8 3 12.130087
8 4 12.806382
8 5 11.645043
8 6 11.520328
8 7 12.751820
8 9 13.504008
8 10 12.502847
8 11 14.560169
8 12 13.739213
8 13 14.311464
8 14 12.884565
8 15 14.764195
8 16 14.819170
8 17 12.018841
8 18 13.748300
8 19 12.388363
8 20 14.300905
8 21 11.272395
8 22 13.067167
8 23 13.057981
8 24 13.816995
8 25 13.926293
8 26 14.501059
8 27 12.355087
8 28 11.231715
8 29 13.077890
8 30 13.187920
8 31 14.738603
8 32 12.207563
8 33 13.916545
8 34 12.288182
8 35 12.419935
8 36 13.161228
8 37 14.608694
8 38 12.434910
8 39 12.050799
8 40 14.253203
8 41 13.713473
8 42 13.639645
8 43 13.049069
8 44 11.153668
8 45 13.893101
8 46 12.818423
8 47 11.851811
8 48 11.709533
8 49 14.367268
8 50 12.882264
8 51 13.526643
8 52 13.415313
8 53 11.589909
8 54 13.199765
8 55 11.586765
8 56 14.102171
8 57 11.865309
8 58 13.205678
8 59 14.626858
8 60 13.003901
8 61 11.480129
8 62 11.141531
8 63 12.130311
8 64 11.551243
8 65 11.229393
8 66 14.281544
8 67 10.937990
8 68 12.716296
8 69 14.079052
8 70 13.674895
8 71 13.869152
8 72 11.816252
8 73 12.595034
8 74 11.479807
8 75 11.054387
8 76 13.065205
8 77 13.573892
8 78 12.411597
8 79 13.791402
8 80 12.885600
8 81 12.431121
8 82 12.077432
8 83 12.276184
8 84 11.176651
8 85 10.983314
8 86 13.731037
8 87 12.101949
8 88 14.275065
8 89 12.530031
8 90 13.829633
8 91 13.394628
8 92 13.136184
8 93 12.368135
8 94 11.888452
8 95 12.714977
8 96 12.179079
8 97 11.221954
8 98 13.266273
8 99 13.590421
8 100 12.395054
9 0 11.493202
9 1 12.408668
9 2 12.379852
9 3 13.900661
9 4 14.699804
9 5 13.403269
9 6 13.868326
9 7 11.801522
9 8 13.504008
9 10 11.910754
9 11 12.651820
9 12 11.749269
9 13 12.376446
9 14 11.448058
9 15 14.548684
9 16 11.761726
9 17 14.714907
9 18 11.736093
9 19 14.145876
9 20 13.249473
9 21 11.080289
9 22 13.691501
9 23 11.525215
9 24 14.322155
9 25 13.553632
9 26 11.049601
9 27 13.859032
9 28 11.138451
9 29 11.195572
9 30 13.601138
9 31 12.089363
9 32 11.800052
9 33 14.581950
9 34 12.917643
9 35 13.372607
9 36 14.488710
9 37 12.001204
9 38 14.334087
9 39 14.041647
9 40 14.493715
9 41 13.146984
9 42 11.734849
9 43 11.114887
9 44 13.477569
9 45 10.921775
9 46 10.956584
9 47 14.397142
9 48 12.419550
9 49 12.987802
9 50 11.705452
9 51 11.535607
9 52 13.758632
9 53 13.087640
9 54 13.562263
9 55 12.091303
9 56 12.535294
9 57 11.061014
9 58 10.934250
9 59 14.231081
9 60 11.101898
9 61 14.745799
9 62 10.944446
9 63 11.720596
9 64 11.028770
9 65 13.748236
9 66 14.081324
9 67 11.312788
9 68 12.503088
9 69 14.339994
9 70 14.515666
9 71 13.255113
9 72 13.630347
9 73 14.054583
9 74 11.808621
9 75 11.850845
9 76 14.334964
9 77 11.537960
9 78 12.313343
9 79 13.516629
9 80 12.645499
9 81 12.955178
9 82 13.466552
9 83 13.688538
9 84 11.742024
9 85 13.386474
9 86 14.383514
9 87 13.951400
9 88 14.086680
9 89 11.064149
9 90 14.014849
9 91 11.282614
9 92 13.827120
9 93 12.013669
9 94 12.618861
9 95 14.309347
9 96 13.254578
9 97 11.535296
9 98 13.916375
9 99 13.199089
9 100 13.436266
10 0 11.977113
10 1 11.915469
10 2 12.774576
10 3 12.518549
10 4 12.215220
10 5 13.821850
10 6 12.758404
10 7 11.101325
10 8 12.502847
10 9 11.910754
10 11 11.936919
10 12 14.166430
10 13 13.169761
10 14 13.329439
10 15 11.867488
10 16 11.655576
10 17 12.329020
10 18 14.524468
10 19 12.848516
10 20 13.675511
10 21 12.798728
10 22 12.580003
10 23 13.181171
10 24 13.161655
10 25 11.963799
10 26 14.013851
10 27 14.333927
10 28 13.097975
10 29 12.080834
10 30 13.328789
10 31 12.768631
10 32 14.436808
10 33 13.991614
10 34 11.302371
10 35 11.214359
10 36 12.770929
10 37 13.571528
10 38 12.219949
10 39 11.986924
10 40 13.602361
10 41 12.279178
10 42 13.352382
10 43 13.858858
10 44 12.456808
10 45 13.640705
10 46 11.065550
10 47 11.046144
10 48 11.538010
10 49 13.670131
10 50 13.414934
10 51 12.815894
10 52 11.852742
10 53 11.849271
10 54 14.188332
10 55 12.013458
10 56 14.527185
10 57 11.997792
10 58 11.258951
10 59 12.282136
10 60 13.203821
10 61 12.301533
10 62 12.652753
10 63 12.445569
10 64 14.662308
10 65 13.636112
10 66 14.264931
10 67 14.281951
10 68 13.057396
10 69 12.543130
10 70 13.767657
10 71 13.477163
10 72 14.215201
10 73 11.577814
10 74 12.041676
10 75 14.091115
10 76 11.036566
10 77 12.197933
10 78 11.268820
10 79 12.847257
10 80 11.077687
10 81 14.675818
10 82 13.447803
10 83 14.628832
10 84 13.620589
10 85 12.071533
10 86 11.264684
10 87 12.111911
10 88 11.981714
10 89 12.300772
10 90 13.445843
10 91 12.352737
10 92 11.770681
10 93 12.784589
10 94 14.006775
10 95 12.009777
10 96 10.987481
10 97 12.000094
10 98 12.338955
10 99 12.012087
10 100 12.646033
11 0 13.532574
11 1 12.066983
11 2 13.796890
11 3 12.989410
11 4 12.298336
11 5 11.657530
11 6 11.880675
11 7 11.251284
11 8 14.560169
11 9 12.651820
11 10 11.936919
11 12 13.366188
11 13 14.427275
11 14 12.394942
11 15 11.320194
11 16 11.327693
11 17 13.930920
11 18 14.575379
11 19 13.686088
11 20 13.406833
11 21 14.611086
11 22 11.254895
11 23 13.452765
11 24 11.023015
11 25 13.142011
11 26 12.185987
11 27 14.502933
11 28 12.425723
11 29 10.990495
11 30 11.985568
11 31 12.016328
11 32 11.490918
11 33 11.821036
11 34 10.939107
11 35 11.878099
11 36 11.552530
11 37 13.555894
11 38 11.426017
11 39 14.447808
11 40 13.269303
11 41 12.338082
11 42 11.680120
11 43 11.922574
11 44 13.284018
11 45 12.000755
11 46 13.494590
11 47 12.654687
11 48 11.999708
11 49 14.539210
11 50 11.585718
11 51 12.636095
11 52 14.460030
11 53 14.819370
11 54 13.997110
11 55 11.320530
11 56 11.660990
11 57 14.691394
11 58 14.757732
11 59 11.273490
11 60 10.964908
11 61 12.335775
11 62 13.430909
11 63 13.033517
11 64 13.121676
11 65 11.024875
11 66 12.278759
11 67 12.299148
11 68 11.909141
11 69 14.715142
11 70 11.474117
11 71 11.585966
11 72 14.777550
11 73 12.403001
11 74 11.333158
11 75 14.282457
11 76 12.272518
11 77 12.373020
11 78 14.279964
11 79 13.172155
11 80 11.123163
11 81 11.596889
11 82 11.909300
11 83 13.441814
11 84 13.898681
11 85 11.916619
11 86 11.751917
11 87 13.621652
11 88 14.726425
11 89 13.269968
11 90 11.232246
11 91 13.621071
11 92 14.260492
11 93 14.186698
11 94 11.283092
11 95 12.079250
11 96 13.044306
11 97 12.411417
11 98 12.137982
11 99 13.715364
11 100 11.920374
12 0 11.249833
12 1 13.597146
12 2 14.095206
12 3 13.069240
12 4 13.697367
12 5 14.015438
12 6 13.232411
12 7 12.038357
12 8 13.739213
12 9 11.749269
12 10 14.166430
12 11 13.366188
12 13 14.467123
12 14 14.268670
12 15 13.805587
12 16 13.379863
12 17 12.762734
12 18 11.598713
12 19 13.416346
12 20 11.542038
12 21 12.064260
12 22 14.345020
12 23 13.643561
12 24 11.379776
12 25 12.694791
12 26 12.719105
12 27 12.707217
12 28 13.431913
12 29 11.784995
12 30 12.524712
12 31 11.668877
12 32 12.185258
12 33 11.535762
12 34 11.303318
12 35 13.539865
12 36 14.438304
12 37 14.573135
12 38 11.456741
12 39 13.607300
12 40 13.910530
12 41 14.225027
12 42 14.324631
12 43 14.413478
12 44 11.368019
12 45 11.999234
12 46 11.835858
12 47 12.906128
12 48 14.360131
12 49 13.045289
12 50 12.729150
12 51 11.473688
12 52 10.975812
12 53 11.135405
12 54 12.569035
12 55 11.229098
12 56 11.275869
12 57 13.828747
12 58 14.320546
12 59 14.819235
12 60 13.409807
12 61 13.406600
12 62 11.500176
12 63 13.677570
12 64 14.364806
12 65 12.579729
12 66 13.229303
12 67 14.777068
12 68 11.972012
12 69 14.315365
12 70 14.261501
12 71 10.982232
12 72 11.180012
12 73 12.146138
12 74 13.968972
12 75 11.000006
12 76 12.969889
12 77 13.892679
12 78 11.203377
12 79 11.953872
12 80 12.509547
12 81 11.233660
12 82 12.392820
12 83 11.105028
12 84 13.315369
12 85 10.927880
12 86 14.252946
12 87 13.939756
12 88 11.198049
12 89 14.237029
12 90 12.668886
12 91 12.471901
12 92 14.657776
12 93 14.404076
12 94 12.730950
12 95 11.230690
12 96 13.467639
12 97 10.941338
12 98 13.299848
12 99 11.960983
12 100 13.756063
13 0 13.664198
13 1 11.977649
13 2 12.064170
13 3 12.447227
13 4 12.805151
13 5 11.181707
13 6 13.413260
13 7 12.843811
13 8 14.311464
13 9 12.376446
13 10 13.169761
13 11 14.427275
13 12 14.467123
13 14 11.061064
13 15 13.694444
13 16 12.815451
13 17 11.743592
13 18 13.069127
13 19 12.279348
13 20 12.969170
13 21 12.076457
13 22 14.077107
13 23 11.743897
13 24 14.104738
13 25 14.239155
13 26 13.081750
13 27 12.733732
13 28 13.927608
13 29 13.200984
13 30 13.610256
13 31 14.299963
13 32 14.576294
13 33 13.209147
13 34 12.191372
13 35 13.152920
13 36 14.629040
13 37 13.056437
13 38 12.907176
13 39 11.689540
13 40 12.833589
13 41 12.993268
13 42 12.383815
13 43 13.086337
13 44 11.043168
13 45 11.746886
13 46 14.460637
13 47 11.707614
13 48 11.817091
13 49 13.028677
13 50 11.433550
13 51 11.330216
13 52 13.929252
13 53 12.419337
13 54 14.702635
13 55 11.979176
13 56 13.024957
13 57 14.176534
13 58 13.856682
13 59 11.465149
13 60 12.157210
13 61 13.765062
13 62 11.207819
13 63 12.361155
13 64 12.347965
13 65 12.951440
13 66 13.138806
13 67 14.674456
13 68 13.176813
13 69 13.187423
13 70 13.200002
13 71 13.330290
13 72 14.553455
13 73 11.920192
13 74 10.921445
13 75 11.518928
13 76 14.390896
13 77 14.781677
13 78 13.903852
13 79 13.468621
13 80 11.150669
13 81 12.969085
13 82 13.650903
13 83 14.682535
13 84 13.604071
13 85 13.978448
13 86 13.765544
13 87 14.217495
13 88 11.842079
13 89 11.777672
13 90 11.184012
13 91 13.938618
13 92 13.157279
13 93 11.552469
13 94 12.711925
13 95 13.263172
13 96 12.360434
13 97 14.432951
13 98 14.708619
13 99 14.466949
13 100 11.100677
14 0 12.949385
14 1 11.754652
14 2 13.406762
14 3 13.382227
14 4 11.425171
14 5 11.952742
14 6 14.774684
14 7 14.398624
14 8 12.884565
14 9 11.448058
14 10 13.329439
14 11 12.394942
14 12 14.268670
14 13 11.061064
14 15 11.593336
14 16 10.970927
14 17 12.189956
14 18 14.157203
14 19 12.301685
14 20 14.258508
14 21 11.898323
14 22 14.558768
14 23 11.828051
14 24 11.252713
14 25 11.895819
14 26 12.321396
14 27 14.749198
14 28 14.127534
14 29 13.155247
14 30 11.496879
14 31 14.704589
14 32 12.792797
14 33 11.629696
14 34 14.582322
14 35 11.577369
14 36 14.641451
14 37 14.321322
14 38 14.334647
14 39 11.837072
14 40 11.024978
14 41 11.127508
14 42 12.878942
14 43 12.364540
14 44 12.413902
14 45 12.964254
14 46 12.376155
14 47 12.809167
14 48 13.508718
14 49 12.321562
14 50 12.372710
14 51 14.650576
14 52 12.653060
14 53 11.374329
14 54 12.512767
14 55 12.679016
14 56 12.812512
14 57 13.472814
14 58 12.714857
14 59 13.313083
14 60 12.616027
14 61 14.090386
14 62 11.655029
14 63 13.940819
14 64 11.865437
14 65 11.316718
14 66 13.999809
14 67 10.930989
14 68 11.882526
14 69 14.166490
14 70 14.642212
14 71 11.278609
14 72 11.669188
14 73 11.976891
14 74 11.227402
14 75 13.259671
14 76 14.349166
14 77 13.328522
14 78 12.904434
14 79 11.658480
14 80 12.789585
14 81 14.802022
14 82 12.955299
14 83 12.427634
14 84 11.980290
14 85 12.186261
14 86 11.554295
14 87 13.798198
14 88 11.026934
14 89 11.922015
14 90 13.022805
14 91 12.449902
14 92 13.023568
14 93 13.382629
14 94 14.751516
14 95 11.221234
14 96 11.077894
14 97 14.093355
14 98 13.016337
14 99 13.492953
14 100 14.787225
15 0 14.634579
15 1 13.374694
15 2 13.834563
15 3 13.645366
15 4 14.522203
15 5 14.601415
15 6 14.391881
15 7 14.221270
15 8 14.764195
15 9 14.548684
15 10 11.867488
15 11 11.320194
15 12 13.805587
15 13 13.694444
15 14 11.593336
15 16 13.640020
15 17 14.487868
15 18 11.345912
15 19 11.017027
15 20 11.804429
15 21 11.024955
15 22 12.735431
15 23 12.694196
15 24 12.459331
15 25 14.794852
15 26 12.812677
15 27 11.588162
15 28 12.313090
15 29 11.637463
15 30 12.155861
15 31 14.793081
15 32 11.320871
15 33 12.563336
15 34 13.937310
15 35 14.530637
15 36 12.739733
15 37 13.316566
15 38 12.434150
15 39 11.469303
15 40 13.552371
15 41 13.535533
15 42 13.995293
15 43 14.611898
15 44 14.022176
15 45 12.017191
15 46 13.760835
15 47 13.654499
15 48 13.758361
15 49 14.666976
15 50 12.750557
15 51 13.747741
15 52 13.876621
15 53 14.686567
15 54 11.786613
15 55 12.148708
15 56 14.748685
15 57 14.411135
15 58 14.771127
15 59 13.341134
15 60 13.109269
15 61 13.508186
15 62 13.837298
15 63 13.839763
15 64 11.240984
15 65 12.748799
15 66 13.408867
15 67 13.481159
15 68 11.138282
15 69 14.358387
15 70 12.391396
15 71 12.399682
15 72 11.270261
15 73 12.663371
15 74 11.545718
15 75 13.720283
15 76 11.012275
15 77 13.829571
15 78 12.980970
15 79 14.437242
15 80 12.014928
15 81 12.217957
15 82 13.295483
15 83 14.539403
15 84 11.447021
15 85 14.023936
15 86 12.322941
15 87 14.618768
15 88 11.247128
15 89 12.831142
15 90 12.193887
15 91 12.040631
15 92 12.836115
15 93 13.895940
15 94 11.082025
15 95 12.104385
15 96 11.920791
15 97 11.876740
15 98 13.607729
15 99 12.746927
15 100 12.304175
16 0 13.416511
16 1 14.130859
16 2 13.371192
16 3 11.941241
16 4 11.497590
16 5 14.157126
16 6 11.030855
16 7 12.642329
16 8 14.819170
16 9 11.761726
16 10 11.655576
16 11 11.327693
16 12 13.379863
16 13 12.815451
16 14 10.970927
16 15 13.640020
16 17 13.444949
16 18 11.136583
16 19 14.083361
16 20 11.738345
16 21 13.158780
16 22 13.116068
16 23 14.790906
16 24 12.989981
16 25 14.519137
16 26 11.871583
16 27 12.489153
16 28 11.618280
16 29 14.394506
16 30 11.101635
16 31 11.596665
16 32 13.779712
16 33 11.961247
16 34 14.492423
16 35 12.992843
16 36 13.984751
16 37 12.261659
16 38 14.595788
16 39 10.937738
16 40 14.388588
16 41 13.638546
16 42 12.407385
16 43 11.948695
16 44 13.696938
16 45 11.868283
16 46 11.567418
16 47 12.806360
16 48 13.705611
16 49 13.170203
16 50 11.399733
16 51 13.878096
16 52 10.971541
16 53 11.565284
16 54 11.641800
16 55 11.553009
16 56 13.440862
16 57 13.570871
16 58 13.114358
16 59 11.282482
16 60 11.591131
16 61 13.472502
16 62 14.689374
16 63 14.017805
16 64 14.566646
16 65 13.133692
16 66 11.630186
16 67 13.445036
16 68 14.410604
16 69 13.467730
16 70 13.696123
16 71 12.862014
16 72 12.109623
16 73 11.054708
16 74 13.709724
16 75 11.902747
16 76 12.248917
16 77 12.864346
16 78 12.566127
16 79 11.263441
16 80 12.606347
16 81 13.963664
16 82 10.966010
16 83 11.356527
16 84 11.475229
16 85 13.762873
16 86 11.887527
16 87 14.255060
16 88 12.046745
16 89 14.692788
16 90 14.354060
16 91 11.844199
16 92 14.643310
16 93 11.858164
16 94 11.016796
16 95 11.991231
16 96 13.336979
16 97 14.490608
16 98 12.050175
16 99 11.995737
16 100 12.919765
17 0 14.333034
17 1 11.177185
17 2 12.023439
17 3 12.183326
17 4 12.936827
17 5 14.491096
17 6 11.754242
17 7 12.594415
17 8 12.018841
17 9 14.714907
17 10 12.329020
17 11 13.930920
17 12 12.762734
17 13 11.743592
17 14 12.189956
17 15 14.487868
17 16 13.444949
17 18 13.132938
17 19 12.945056
17 20 13.025991
17 21 12.017880
17 22 11.013309
17 23 14.370971
17 24 11.275114
17 25 13.658318
17 26 11.075491
17 27 11.633446
17 28 11.328282
17 29 13.206226
17 30 13.976667
17 31 12.289476
17 32 12.352560
17 33 10.921140
17 34 14.079169
17 35 14.441943
17 36 12.505455
17 37 12.079177
17 38 14.110277
17 39 11.748596
17 40 11.230897
17 41 13.347206
17 42 12.638077
17 43 12.602914
17 44 13.049493
17 45 12.686788
17 46 11.712397
17 47 14.810114
17 48 13.588027
17 49 11.524565
17 50 13.526387
17 51 13.663507
17 52 13.076348
17 53 11.625391
17 54 11.397006
17 55 14.524647
17 56 13.631862
17 57 12.808340
17 58 12.351084
17 59 11.672134
17 60 13.895674
17 61 13.969928
17 62 13.771516
17 63 11.973756
17 64 14.314781
17 65 12.472404
17 66 11.054029
17 67 12.091118
17 68 14.191744
17 69 13.802431
17 70 14.245707
17 71 12.001320
17 72 12.291167
17 73 14.034209
17 74 12.144651
17 75 11.827522
17 76 12.578404
17 77 13.973313
17 78 13.898394
17 79 14.446098
17 80 13.718568
17 81 11.177665
17 82 12.288722
17 83 14.349648
17 84 12.888573
17 85 11.331923
17 86 12.800183
17 87 12.778053
17 88 13.432121
17 89 11.068301
17 90 14.391601
17 91 11.001053
17 92 13.680655
17 93 13.854822
17 94 13.260531
17 95 14.179231
17 96 13.635078
17 97 14.258223
17 98 14.019370
17 99 14.507312
17 100 11.787653
18 0 11.741005
18 1 12.777447
18 2 14.403388
18 3 11.739180
18 4 13.521827
18 5 11.807131
18 6 11.304801
18 7 13.553291
18 8 13.748300
18 9 11.736093
18 10 14.524468
18 11 14.575379
18 12 11.598713
18 13 13.069127
18 14 14.157203
18 15 11.345912
18 16 11.136583
18 17 13.132938
18 19 13.640979
18 20 12.519975
18 21 11.106485
18 22 10.958406
18 23 13.126073
18 24 14.219737
18 25 14.214673
18 26 12.075314
18 27 11.776992
18 28 13.752318
18 29 13.533500
18 30 11.108993
18 31 11.262881
18 32 13.399925
18 33 12.405357
18 34 11.448235
18 35 11.694060
18 36 14.090502
18 37 13.087267
18 38 13.625026
18 39 14.806133
18 40 13.170619
18 41 11.628259
18 42 11.574920
18 43 12.897738
18 44 13.408187
18 45 10.922569
18 46 13.890627
18 47 11.492138
18 48 11.247801
18 49 14.459021
18 50 14.326908
18 51 11.590489
18 52 14.690650
18 53 12.143685
18 54 11.322952
18 55 11.644257
18 56 11.491037
18 57 13.840933
18 58 13.877108
18 59 13.378359
18 60 11.862529
18 61 14.037859
18 62 12.137218
18 63 14.243859
18 64 11.093894
18 65 13.732650
18 66 12.322976
18 67 14.447732
18 68 12.888330
18 69 13.595858
18 70 11.309716
18 71 14.456684
18 72 13.360794
18 73 12.390896
18 74 12.955706
18 75 11.725924
18 76 11.403158
18 77 14.122657
18 78 11.171233
18 79 11.961972
18 80 12.446688
18 81 12.619798
18 82 13.198858
18 83 13.289109
18 84 11.734470
18 85 11.545104
18 86 13.196678
18 87 11.665724
18 88 14.335096
18 89 12.026058
18 90 12.393487
18 91 13.298873
18 92 12.323552
18 93 14.362662
18 94 14.430007
18 95 14.603911
18 96 12.445418
18 97 13.953438
18 98 14.295541
18 99 12.172927
18 100 11.781473
19 0 13.264251
19 1 12.083454
19 2 14.364401
19 3 14.208655
19 4 12.472664
19 5 14.715685
19 6 11.485481
19 7 14.214003
19 8 12.388363
19 9 14.145876
19 10 12.848516
19 11 13.686088
19 12 13.416346
19 13 12.279348
19 14 12.301685
19 15 11.017027
19 16 14.083361
19 17 12.945056
19 18 13.640979
19 20 13.299241
19 21 12.744839
19 22 13.213853
19 23 13.073711
19 24 14.603822
19 25 12.100295
19 26 11.152226
19 27 13.263734
19 28 10.961225
19 29 11.210753
19 30 14.165429
19 31 14.620678
19 32 11.792114
19 33 14.581562
19 34 13.288987
19 35 13.774281
19 36 12.174855
19 37 11.430063
19 38 12.077631
19 39 13.490526
19 40 12.428294
19 41 11.188482
19 42 13.365183
19 43 12.691284
19 44 13.569233
19 45 11.397219
19 46 12.588513
19 47 12.092378
19 48 11.106296
19 49 11.668880
19 50 12.545810
19 51 13.006280
19 52 11.621020
19 53 12.627310
19 54 13.044033
19 55 12.513660
19 56 13.210979
19 57 13.756984
19 58 11.099959
19 59 12.475199
19 60 13.324040
19 61 11.573686
19 62 11.753941
19 63 14.189149
19 64 11.413477
19 65 14.819602
19 66 12.835967
19 67 14.079908
19 68 11.075944
19 69 14.303614
19 70 13.175999
19 71 13.610741
19 72 12.103603
19 73 14.572761
19 74 12.945610
19 75 14.694044
19 76 13.680708
19 77 11.239245
19 78 11.181470
19 79 13.759739
19 80 11.239469
19 81 14.528912
19 82 11.474722
19 83 14.638665
19 84 14.054470
19 85 11.477600
19 86 14.777363
19 87 11.025119
19 88 12.578244
19 89 12.630831
19 90 14.772071
19 91 12.582021
19 92 13.048279
19 93 12.348699
19 94 14.488403
19 95 14.480785
19 96 12.943307
19 97 11.463169
19 98 12.283530
19 99 11.747661
19 100 12.016426
20 0 13.430418
20 1 11.582365
20 2 12.802581
20 3 11.824142
20 4 14.541768
20 5 13.728937
20 6 13.493511
20 7 14.612069
20 8 14.300905
20 9 13.249473
20 10 13.675511
20 11 13.406833
20 12 11.542038
20 13 12.969170
20 14 14.258508
20 15 11.804429
20 16 11.738345
20 17 13.025991
20 18 12.519975
20 19 13.299241
20 21 13.166038
20 22 12.512600
20 23 11.021315
20 24 14.328093
20 25 12.054174
20 26 11.821924
20 27 14.378761
20 28 12.891913
20 29 12.633230
20 30 12.716456
20 31 12.879982
20 32 13.598026
20 33 14.163773
20 34 13.920096
20 35 12.755251
20 36 11.692682
20 37 12.616503
20 38 11.564212
20 39 12.287002
20 40 11.851116
20 41 13.371467
20 42 14.667754
20 43 11.610127
20 44 13.160881
20 45 11.608059
20 46 12.765059
20 47 12.412404
20 48 11.239054
20 49 13.295490
20 50 11.803789
20 51 11.151015
20 52 14.318964
20 53 14.157705
20 54 14.417622
20 55 13.848864
20 56 13.224155
20 57 13.767888
20 58 11.857179
20 59 14.167813
20 60 13.503405
20 61 11.301424
20 62 11.119346
20 63 12.512802
20 64 12.675515
20 65 14.647991
20 66 11.282076
20 67 11.549852
20 68 11.518987
20 69 10.983518
20 70 12.795768
20 71 13.146473
20 72 11.907796
20 73 13.000603
20 74 12.843706
20 75 11.855329
20 76 14.335482
20 77 12.134356
20 78 13.371014
20 79 13.681037
20 80 14.174089
20 81 13.191471
20 82 12.457798
20 83 12.944822
20 84 13.298712
20 85 11.524732
20 86 13.812984
20 87 13.828803
20 88 13.064461
20 89 12.010995
20 90 12.248333
20 91 14.555651
20 92 13.846627
20 93 14.183925
20 94 12.316645
20 95 14.798922
20 96 14.076807
20 97 13.361812
20 98 11.506938
20 99 14.248294
20 100 10.996475
21 0 12.417936
21 1 13.286860
21 2 14.471846
21 3 14.236140
21 4 14.002177
21 5 12.543803
21 6 12.752449
21 7 13.875659
21 8 11.272395
21 9 11.080289
21 10 12.798728
21 11 14.611086
21 12 12.064260
21 13 12.076457
21 14 11.898323
21 15 11.024955
21 16 13.158780
21 17 12.017880
21 18 11.106485
21 19 12.744839
21 20 13.166038
21 22 14.607739
21 23 11.575233
21 24 13.832668
21 25 12.392648
21 26 11.719868
21 27 13.506516
21 28 12.275745
21 29 12.458705
21 30 12.643593
21 31 14.148779
21 32 14.020006
21 33 13.682994
21 34 14.530000
21 35 11.027908
21 36 14.389558
21 37 14.345701
21 38 12.658652
21 39 13.916943
21 40 11.601004
21 41 11.798968
21 42 11.250126
21 43 14.783843
21 44 14.446813
21 45 14.539805
21 46 14.819674
21 47 14.502841
21 48 11.448673
21 49 11.221057
21 50 14.458431
21 51 13.174729
21 52 14.216284
21 53 12.241990
21 54 14.318117
21 55 12.529174
21 56 13.262268
21 57 12.252883
21 58 12.860812
21 59 11.375494
21 60 14.408272
21 61 11.035299
21 62 11.680799
21 63 13.129310
21 64 14.765961
21 65 12.805793
21 66 13.432426
21 67 14.018532
21 68 11.052898
21 69 14.502552
21 70 12.485293
21 71 12.451114
21 72 12.847145
21 73 13.143483
21 74 14.097719
21 75 14.507421
21 76 13.149631
21 77 11.310671
21 78 11.815043
21 79 12.075392
21 80 11.511142
21 81 13.201313
21 82 14.466931
21 83 14.806785
21 84 14.430307
21 85 11.622768
21 86 11.598752
21 87 13.934660
21 88 14.690981
21 89 12.626401
21 90 11.192235
21 91 11.590150
21 92 11.217097
21 93 13.323255
21 94 14.596206
21 95 12.770614
21 96 12.321358
21 97 11.956726
21 98 11.629860
21 99 13.566737
21 100 13.003809
22 0 13.955832
22 1 14.574225
22 2 14.207109
22 3 11.107948
22 4 11.135816
22 5 13.272740
22 6 11.413869
22 7 13.230841
22 8 13.067167
22 9 13.691501
22 10 12.580003
22 11 11.254895
22 12 14.345020
22 13 14.077107
22 14 14.558768
22 15 12.735431
22 16 13.116068
22 17 11.013309
22 18 10.958406
22 19 13.213853
22 20 12.512600
22 21 14.607739
22 23 10.985624
22 24 14.531351
22 25 12.235814
22 26 14.080283
22 27 11.486203
22 28 13.684751
22 29 14.249603
22 30 12.246060
22 31 11.633282
22 32 14.104193
22 33 11.583364
22 34 12.005082
22 35 13.348610
22 36 12.467780
22 37 14.249674
22 38 14.720832
22 39 14.408001
22 40 14.703610
22 41 11.827275
22 42 11.467671
22 43 11.899678
22 44 13.519613
22 45 13.734080
22 46 12.449804
22 47 11.491085
22 48 13.328572
22 49 13.796062
22 50 14.641431
22 51 13.898445
22 52 13.895244
22 53 12.928309
22 54 14.270017
22 55 13.377246
22 56 11.266290
22 57 11.439915
22 58 12.690977
22 59 12.068025
22 60 13.516489
22 61 12.542768
22 62 12.379466
22 63 13.112386
22 64 11.189275
22 65 12.848777
22 66 13.323288
22 67 12.239614
22 68 12.948830
22 69 13.749845
22 70 13.365311
22 71 13.052623
22 72 13.077642
22 73 11.865606
22 74 14.403740
22 75 13.561773
22 76 12.276468
22 77 11.056561
22 78 13.778401
22 79 14.055138
22 80 13.502322
22 81 12.529878
22 82 11.654166
22 83 14.261586
22 84 14.151749
22 85 12.646779
22 86 14.148628
22 87 12.316163
22 88 13.888191
22 89 14.033050
22 90 11.880654
22 91 11.896423
22 92 11.117556
22 93 12.737629
22 94 13.446765
22 95 13.960821
22 96 13.038389
22 97 12.809880
22 98 11.281682
22 99 11.971471
22 100 11.852173
23 0 13.793818
23 1 11.912386
23 2 14.395783
23 3 12.501396
23 4 12.815465
23 5 14.679283
23 6 14.633460
23 7 13.177044
23 8 13.057981
23 9 11.525215
23 10 13.181171
23 11 13.452765
23 12 13.643561
23 13 11.743897
23 14 11.828051
23 15 12.694196
23 16 14.790906
23 17 14.370971
23 18 13.126073
23 19 13.073711
23 20 11.021315
23 21 11.575233
23 22 10.985624
23 24 12.339731
23 25 11.678758
23 26 14.724833
23 27 10.999569
23 28 14.453804
23 29 14.544883
23 30 14.773062
23 31 13.163102
23 32 12.633741
23 33 13.734956
23 34 14.217924
23 35 13.364406
23 36 13.157834
23 37 11.552074
23 38 14.640400
23 39 14.336594
23 40 11.701660
23 41 13.543967
23 42 13.069403
23 43 13.359271
23 44 12.319046
23 45 14.283811
23 46 11.277585
23 47 13.404318
23 48 12.760435
23 49 13.001240
23 50 13.801667
23 51 11.959721
23 52 12.560746
23 53 14.803065
23 54 14.562494
23 55 14.493493
23 56 14.274689
23 57 12.728376
23 58 13.861177
23 59 14.695059
23 60 12.984330
23 61 13.861556
23 62 13.378036
23 63 14.480242
23 64 13.601119
23 65 13.544624
23 66 14.585646
23 67 12.701820
23 68 13.603896
23 69 14.408372
23 70 11.409447
23 71 11.681125
23 72 11.663770
23 73 14.464417
23 74 13.820836
23 75 14.039800
23 76 13.235513
23 77 14.286613
23 78 14.071073
23 79 11.141179
23 80 11.849258
23 81 11.420641
23 82 14.056795
23 83 11.669031
23 84 12.260557
23 85 13.655757
23 86 12.798807
23 87 13.676807
23 88 14.213473
23 89 13.155071
23 90 14.155319
23 91 13.467901
23 92 14.613566
23 93 12.824224
23 94 11.931982
23 95 12.576082
23 96 11.584252
23 97 13.504782
23 98 12.273111
23 99 12.352537
23 100 14.289768
24 0 12.568870
24 1 12.056404
24 2 12.274056
24 3 13.239532
24 4 11.729660
24 5 11.154780
24 6 12.984311
24 7 12.009905
24 8 13.816995
24 9 14.322155
24 10 13.161655
24 11 11.023015
24 12 11.379776
24 13 14.104738
24 14 11.252713
24 15 12.459331
24 16 12.989981
24 17 11.275114
24 18 14.219737
24 19 14.603822
24 20 14.328093
24 21 13.832668
24 22 14.531351
24 23 12.339731
24 25 11.385289
24 26 10.928254
24 27 13.389907
24 28 14.587347
24 29 13.359877
24 30 13.096481
24 31 14.675934
24 32 11.231107
24 33 11.283851
24 34 14.015132
24 35 12.766658
24 36 11.843440
24 37 11.414053
24 38 13.500072
24 39 12.252400
24 40 12.172121
24 41 13.604737
24 42 14.803388
24 43 14.731635
24 44 12.891789
24 45 12.207953
24 46 13.853881
24 47 12.230135
24 48 14.253421
24 49 12.270458
24 50 11.827373
24 51 12.098255
24 52 14.453388
24 53 12.507809
24 54 14.735785
24 55 13.150530
24 56 11.336306
24 57 14.354111
24 58 12.448091
24 59 11.805422
24 60 11.894136
24 61 12.382214
24 62 13.094246
24 63 12.792779
24 64 11.928657
24 65 14.541787
24 66 13.283421
24 67 14.268348
24 68 14.772322
24 69 11.029974
24 70 12.327917
24 71 12.671630
24 72 13.195951
24 73 11.102078
24 74 10.959520
24 75 12.047233
24 76 11.216659
24 77 11.062245
24 78 13.419789
24 79 13.660761
24 80 11.905841
24 81 12.286041
24 82 12.096961
24 83 13.067998
24 84 13.415733
24 85 13.056282
24 86 12.258218
24 87 12.162542
24 88 12.918352
24 89 12.637627
24 90 10.941686
24 91 14.522551
24 92 12.356979
24 93 13.030851
24 94 11.827774
24 95 13.719136
24 96 13.776739
24 97 11.390742
24 98 12.560363
24 99 12.818760
24 100 14.110383
25 0 13.479434
25 1 14.693959
25 2 14.167016
25 3 14.153463
25 4 12.351878
25 5 11.008496
25 6 14.131856
25 7 14.377040
25 8 13.926293
25 9 13.553632
25 10 11.963799
25 11 13.142011
25 12 12.694791
25 13 14.239155
25 14 11.895819
25 15 14.794852
25 16 14.519137
25 17 13.658318
25 18 14.214673
25 19 12.100295
25 20 12.054174
25 21 12.392648
25 22 12.235814
25 23 11.678758
25 24 11.385289
25 26 11.451594
25 27 11.781523
25 28 11.980610
25 29 13.201871
25 30 12.037843
25 31 13.045632
25 32 14.431222
25 33 12.005237
25 34 12.177209
25 35 12.393390
25 36 13.626686
25 37 13.503011
25 38 10.998993
25 39 11.904792
25 40 11.140491
25 41 13.341435
25 42 12.667206
25 43 12.908878
25 44 14.546324
25 45 11.275544
25 46 11.372898
25 47 13.850771
25 48 11.950766
25 49 13.827189
25 50 11.560682
25 51 11.968550
25 52 14.380330
25 53 13.317930
25 54 11.418219
25 55 11.960844
25 56 12.372707
25 57 13.764188
25 58 14.582006
25 59 13.682553
25 60 11.123331
25 61 11.324133
25 62 12.873400
25 63 14.415005
25 64 11.876699
25 65 14.378155
25 66 12.297155
25 67 14.656273
25 68 12.147447
25 69 14.077191
25 70 11.792999
25 71 12.189119
25 72 12.515286
25 73 13.629899
25 74 13.281164
25 75 11.315437
25 76 11.532541
25 77 14.559990
25 78 12.096337
25 79 11.796744
25 80 12.617237
25 81 14.009918
25 82 11.943858
25 83 11.132224
25 84 12.794614
25 85 12.877332
25 86 13.014962
25 87 14.214009
25 88 13.480718
25 89 13.676805
25 90 11.550985
25 91 12.838422
25 92 12.735726
25 93 14.171871
25 94 12.402173
25 95 14.467275
25 96 11.877683
25 97 12.906307
25 98 12.486116
25 99 13.250558
25 100 11.952550
26 0 11.272301
26 1 14.670184
26 2 13.022790
26 3 13.900076
26 4 13.411163
26 5 13.151706
26 6 12.469128
26 7 12.640971
26 8 14.501059
26 9 11.049601
26 10 14.013851
26 11 12.185987
26 12 12.719105
26 13 13.081750
26 14 12.321396
26 15 12.812677
26 16 11.871583
26 17 11.075491
26 18 12.075314
26 19 11.152226
26 20 11.821924
26 21 11.719868
26 22 14.080283
26 23 14.724833
26 24 10.928254
26 25 11.451594
26 27 14.017915
26 28 12.490696
26 29 12.583259
26 30 13.170915
26 31 11.325894
26 32 12.258884
26 33 11.341595
26 34 11.472195
26 35 11.802991
26 36 11.443194
26 37 14.802663
26 38 12.270976
26 39 13.619301
26 40 11.455100
26 41 12.891968
26 42 12.128255
26 43 12.372872
26 44 12.567679
26 45 13.152332
26 46 12.032020
26 47 13.464553
26 48 11.535634
26 49 14.045404
26 50 13.472616
26 51 14.333325
26 52 12.125166
26 53 14.077666
26 54 14.757536
26 55 12.745127
26 56 10.953045
26 57 12.803078
26 58 13.396540
26 59 11.516407
26 60 11.171159
26 61 13.403623
26 62 13.264607
26 63 11.273075
26 64 11.612069
26 65 13.382315
26 66 11.990463
26 67 14.725274
26 68 12.177298
26 69 11.583325
26 70 11.204860
26 71 13.343018
26 72 11.128444
26 73 11.274016
26 74 14.401129
26 75 12.604678
26 76 12.923453
26 77 13.576984
26 78 14.099011
26 79 12.477868
26 80 14.789269
26 81 13.514485
26 82 13.614723
26 83 12.583982
26 84 13.923447
26 85 12.982993
26 86 12.777013
26 87 12.601274
26 88 12.112544
26 89 11.688451
26 90 14.292025
26 91 11.884561
26 92 12.018856
26 93 12.242185
26 94 11.554837
26 95 12.108222
26 96 14.296703
26 97 11.970521
26 98 11.266529
26 99 14.512976
26 100 11.536552
27 0 12.010275
27 1 12.624200
27 2 13.459650
27 3 13.489748
27 4 13.954845
27 5 14.439145
27 6 14.790984
27 7 14.358460
27 8 12.355087
27 9 13.859032
27 10 14.333927
27 11 14.502933
27 12 12.707217
27 13 12.733732
27 14 14.749198
27 15 11.588162
27 16 12.489153
27 17 11.633446
27 18 11.776992
27 19 13.263734
27 20 14.378761
27 21 13.506516
27 22 11.486203
27 23 10.999569
27 24 13.389907
27 25 11.781523
27 26 14.017915
27 28 11.505874
27 29 11.305725
27 30 12.330178
27 31 14.610543
27 32 12.703961
27 33 14.611651
27 34 13.927819
27 35 14.462528
27 36 13.158156
27 37 13.998671
27 38 11.588393
27 39 13.797756
27 40 12.042762
27 41 11.661077
27 42 14.786378
27 43 13.550120
27 44 13.825816
27 45 13.977007
27 46 11.504860
27 47 11.437306
27 48 10.998014
27 49 13.580156
27 50 11.184188
27 51 11.353850
27 52 13.728895
27 53 12.889798
27 54 12.564543
27 55 14.184268
27 56 12.833031
27 57 13.738782
27 58 14.171241
27 59 13.908302
27 60 12.032445
27 61 12.843741
27 62 13.042451
27 63 14.185469
27 64 11.976428
27 65 12.072024
27 66 11.802625
27 67 13.307805
27 68 11.881002
27 69 11.783292
27 70 13.450192
27 71 12.452405
27 72 11.430612
27 73 12.887019
27 74 13.362601
27 75 10.968180
27 76 14.631514
27 77 11.365992
27 78 10.928550
27 79 13.907105
27 80 14.703801
27 81 12.559739
27 82 12.183996
27 83 12.032723
27 84 11.907966
27 85 11.426531
27 86 13.473835
27 87 14.566085
27 88 12.840581
27 89 13.629393
27 90 11.076745
27 91 11.249386
27 92 12.248647
27 93 14.404102
27 94 11.457949
27 95 11.327316
27 96 11.575581
27 97 12.728919
27 98 11.608288
27 99 12.719268
27 100 13.630398
28 0 13.450271
28 1 12.042887
28 2 13.067321
28 3 13.703589
28 4 11.399431
28 5 14.666867
28 6 11.229319
28 7 12.562088
28 8 11.231715
28 9 11.138451
28 10 13.097975
28 11 12.425723
28 12 13.431913
28 13 13.927608
28 14 14.127534
28 15 12.313090
28 16 11.618280
28 17 11.328282
28 18 13.752318
28 19 10.961225
28 20 12.891913
28 21 12.275745
28 22 13.684751
28 23 14.453804
28 24 14.587347
28 25 11.980610
28 26 12.490696
28 27 11.505874
28 29 12.039424
28 30 12.593818
28 31 14.657674
28 32 13.097136
28 33 12.584745
28 34 11.722795
28 35 12.569884
28 36 13.186752
28 37 14.493574
28 38 12.814334
28 39 13.725363
28 40 12.335245
28 41 14.576805
28 42 11.737595
28 43 10.949588
28 44 11.032778
28 45 14.268879
28 46 10.969240
28 47 13.413526
28 48 11.986132
28 49 14.466110
28 50 14.264551
28 51 10.936235
28 52 13.053105
28 53 11.513782
28 54 11.962853
28 55 14.719276
28 56 13.863992
28 57 12.535369
28 58 14.753404
28 59 11.300226
28 60 14.549611
28 61 12.027757
28 62 13.536257
28 63 14.697689
28 64 12.139716
28 65 12.274288
28 66 12.357994
28 67 12.265002
28 68 13.762567
28 69 14.779290
28 70 13.268698
28 71 12.453696
28 72 14.430951
28 73 10.961973
28 74 12.412936
28 75 11.238113
28 76 12.509356
28 77 12.214498
28 78 12.280593
28 79 11.547261
28 80 13.749338
28 81 10.968196
28 82 11.420602
28 83 14.014642
28 84 13.170490
28 85 12.501945
28 86 11.985473
28 87 13.639455
28 88 12.458571
28 89 13.289521
28 90 13.971592
28 91 14.068386
28 92 11.721684
28 93 12.536303
28 94 14.024996
28 95 11.806150
28 96 13.129063
28 97 11.086866
28 98 12.247832
28 99 11.838068
28 100 13.436306
29 0 11.344994
29 1 11.883864
29 2 11.481384
29 3 13.378448
29 4 14.120926
29 5 11.942361
29 6 12.451650
29 7 13.394883
29 8 13.077890
29 9 11.195572
29 10 12.080834
29 11 10.990495
29 12 11.784995
29 13 13.200984
29 14 13.155247
29 15 11.637463
29 16 14.394506
29 17 13.206226
29 18 13.533500
29 19 11.210753
29 20 12.633230
29 21 12.458705
29 22 14.249603
29 23 14.544883
29 24 13.359877
29 25 13.201871
29 26 12.583259
29 27 11.305725
29 28 12.039424
29 30 13.965598
29 31 11.470586
29 32 10.994632
29 33 12.168326
29 34 14.765366
29 35 14.156427
29 36 11.134379
29 37 13.146578
29 38 11.011423
29 39 13.288838
29 40 12.121612
29 41 12.515338
29 42 13.310577
29 43 11.199921
29 44 14.489525
29 45 11.873562
29 46 13.022454
29 47 11.294009
29 48 11.098456
29 49 11.155789
29 50 13.894091
29 51 14.709371
29 52 12.455065
29 53 12.785776
29 54 11.171007
29 55 13.249505
29 56 14.021073
29 57 11.468107
29 58 14.194401
29 59 14.211543
29 60 14.368917
29 61 11.173030
29 62 12.401913
29 63 13.189562
29 64 12.645392
29 65 12.144505
29 66 13.669886
29 67 14.090110
29 68 11.598785
29 69 10.980550
29 70 12.773452
29 71 14.248222
29 72 11.089991
29 73 12.725973
29 74 11.677605
29 75 11.910811
29 76 13.735778
29 77 13.735448
29 78 13.950720
29 79 13.401742
29 80 11.800378
29 81 13.621283
29 82 12.140677
29 83 13.342443
29 84 12.302641
29 85 11.310571
29 86 11.549778
29 87 12.571845
29 88 11.524790
29 89 13.507976
29 90 12.121333
29 91 13.023096
29 92 14.552744
29 93 13.650553
29 94 14.505245
29 95 12.301960
29 96 13.675340
29 97 11.789335
29 98 12.669761
29 99 12.651587
29 100 11.273591
30 0 11.001398
30 1 11.332988
30 2 14.425581
30 3 13.116447
30 4 11.582683
30 5 13.299887
30 6 13.836059
30 7 13.662820
30 8 13.187920
30 9 13.601138
30 10 13.328789
30 11 11.985568
30 12 12.524712
30 13 13.610256
30 14 11.496879
30 15 12.155861
30 16 11.101635
30 17 13.976667
30 18 11.108993
30 19 14.165429
30 20 12.716456
30 21 12.643593
30 22 12.246060
30 23 14.773062
30 24 13.096481
30 25 12.037843
30 26 13.170915
30 27 12.330178
30 28 12.593818
30 29 13.965598
30 31 12.995483
30 32 13.563474
30 33 12.377217
30 34 11.683909
30 35 11.510516
30 36 11.653278
30 37 13.010746
30 38 11.556471
30 39 11.191078
30 40 12.061012
30 41 13.602920
30 42 14.209598
30 43 11.934424
30 44 14.127419
30 45 12.769496
30 46 14.463630
30 47 14.536860
30 48 11.024475
30 49 12.287905
30 50 12.755683
30 51 14.347603
30 52 11.569411
30 53 13.002076
30 54 12.649361
30 55 11.339572
30 56 13.664642
30 57 14.768792
30 58 12.681636
30 59 14.034595
30 60 11.809233
30 61 11.876652
30 62 11.171967
30 63 11.859383
30 64 11.195692
30 65 12.507498
30 66 13.345283
30 67 13.666357
30 68 11.539512
30 69 11.455616
30 70 14.128742
30 71 14.071260
30 72 13.789026
30 73 13.336600
30 74 11.100497
30 75 14.140275
30 76 13.302877
30 77 14.084574
30 78 12.488526
30 79 11.035218
30 80 11.450019
30 81 11.462619
30 82 12.095570
30 83 10.965447
30 84 14.238326
30 85 11.520488
30 86 11.342126
30 87 14.231613
30 88 12.026719
30 89 13.700373
30 90 13.159143
30 91 12.493970
30 92 13.442343
30 93 14.077247
30 94 11.881365
30 95 12.169574
30 96 12.115277
30 97 14.127902
30 98 11.259990
30 99 13.183854
30 100 13.072132
31 0 11.862223
31 1 12.295918
31 2 11.762986
31 3 11.777936
31 4 11.956290
31 5 12.501374
31 6 11.657833
31 7 11.547450
31 8 14.738603
31 9 12.089363
31 10 12.768631
31 11 12.016328
31 12 11.668877
31 13 14.299963
31 14 14.704589
31 15 14.793081
31 16 11.596665
31 17 12.289476
31 18 11.262881
31 19 14.620678
31 20 12.879982
31 21 14.148779
31 22 11.633282
31 23 13.163102
31 24 14.675934
31 25 13.045632
31 26 11.325894
31 27 14.610543
31 28 14.657674
31 29 11.470586
31 30 12.995483
31 32 13.576047
31 33 11.886957
31 34 11.955872
31 35 11.819810
31 36 12.800674
31 37 12.792866
31 38 12.416052
31 39 14.355181
31 40 12.352842
31 41 12.800649
31 42 12.112436
31 43 13.417669
31 44 14.561007
31 45 14.061230
31 46 14.158461
31 47 13.640766
31 48 13.921366
31 49 14.609682
31 50 12.573132
31 51 14.273308
31 52 12.673625
31 53 12.067415
31 54 11.203882
31 55 14.010168
31 56 12.262162
31 57 11.446900
31 58 11.593888
31 59 13.224061
31 60 12.261615
31 61 11.409772
31 62 14.148118
31 63 12.923556
31 64 13.651346
31 65 14.009621
31 66 11.605238
31 67 11.817584
31 68 11.980993
31 69 14.798536
31 70 13.808914
31 71 13.201660
31 72 14.802463
31 73 12.826172
31 74 11.829289
31 75 12.842756
31 76 14.494640
31 77 12.936347
31 78 12.003117
31 79 12.908378
31 80 14.699866
31 81 12.451207
31 82 12.456945
31 83 11.086784
31 84 11.325368
31 85 11.259292
31 86 14.345491
31 87 12.235027
31 88 14.051734
31 89 12.800207
31 90 12.759947
31 91 11.729625
31 92 12.140910
31 93 11.898041
31 94 10.999555
31 95 14.478471
31 96 13.069678
31 97 13.087359
31 98 13.540314
31 99 11.471881
31 100 11.370534
32 0 11.632652
32 1 11.615651
32 2 14.749012
32 3 14.150686
32 4 13.987385
32 5 11.637457
32 6 13.530090
32 7 11.859201
32 8 12.207563
32 9 11.800052
32 10 14.436808
32 11 11.490918
32 12 12.185258
32 13 14.576294
32 14 12.792797
32 15 11.320871
32 16 13.779712
32 17 12.352560
32 18 13.399925
32 19 11.792114
32 20 13.598026
32 21 14.020006
32 22 14.104193
32 23 12.633741
32 24 11.231107
32 25 14.431222
32 26 12.258884
32 27 12.703961
32 28 13.097136
32 29 10.994632
32 30 13.563474
32 31 13.576047
32 33 12.705599
32 34 13.730630
32 35 11.360227
32 36 11.071717
32 37 11.242589
32 38 11.942859
32 39 14.077319
32 40 11.050844
32 41 12.893045
32 42 12.349142
32 43 12.008947
32 44 11.286791
32 45 14.680180
32 46 12.560246
32 47 14.434493
32 48 14.756228
32 49 14.419602
32 50 12.881713
32 51 14.541283
32 52 13.976084
32 53 14.222346
32 54 13.527894
32 55 11.080975
32 56 14.220707
32 57 13.879884
32 58 12.278030
32 59 11.522511
32 60 11.478803
32 61 14.663354
32 62 12.883937
32 63 11.593020
32 64 14.791539
32 65 13.026121
32 66 11.795778
32 67 14.253717
32 68 14.164125
32 69 14.593986
32 70 13.747124
32 71 14.650453
32 72 12.360548
32 73 13.094305
32 74 12.092002
32 75 11.688590
32 76 11.496954
32 77 13.017235
32 78 11.555024
32 79 12.319450
32 80 12.233203
32 81 12.494250
32 82 12.573462
32 83 12.197257
32 84 13.420555
32 85 12.294591
32 86 13.648697
32 87 12.683727
32 88 12.098105
32 89 13.272936
32 90 12.084203
32 91 11.338827
32 92 14.139021
32 93 12.161433
32 94 13.562936
32 95 13.961496
32 96 12.891062
32 97 14.291247
32 98 14.095678
32 99 11.332420
32 100 11.737994
33 0 11.738273
33 1 12.860170
33 2 10.994701
33 3 12.083091
33 4 13.976564
33 5 12.776017
33 6 14.352605
33 7 12.546707
33 8 13.916545
33 9 14.581950
33 10 13.991614
33 11 11.821036
33 12 11.535762
33 13 13.209147
33 14 11.629696
33 15 12.563336
33 16 11.961247
33 17 10.921140
33 18 12.405357
33 19 14.581562
33 20 14.163773
33 21 13.682994
33 22 11.583364
33 23 13.734956
33 24 11.283851
33 25 12.005237
33 26 11.341595
33 27 14.611651
33 28 12.584745
33 29 12.168326
33 30 12.377217
33 31 11.886957
33 32 12.705599
33 34 14.063460
33 35 13.026107
33 36 14.518585
33 37 10.924462
33 38 14.439855
33 39 12.343748
33 40 12.919102
33 41 11.705014
33 42 11.595413
33 43 11.613370
33 44 11.729654
33 45 12.727805
33 46 14.321291
33 47 14.671456
33 48 14.335346
33 49 12.203886
33 50 12.268180
33 51 11.828931
33 52 11.208720
33 53 12.805926
33 54 14.227068
33 55 12.632346
33 56 13.458220
33 57 14.440037
33 58 12.330465
33 59 12.346125
33 60 13.146636
33 61 11.853737
33 62 14.291258
33 63 13.891290
33 64 14.587191
33 65 12.628442
33 66 11.811932
33 67 11.142668
33 68 14.417212
33 69 12.088342
33 70 14.235779
33 71 14.205969
33 72 12.060797
33 73 11.067507
33 74 14.347679
33 75 13.721281
33 76 11.389174
33 77 12.382077
33 78 11.000338
33 79 12.263086
33 80 14.253591
33 81 11.655738
33 82 11.870865
33 83 12.599663
33 84 12.882594
33 85 13.144206
33 86 14.707278
33 87 13.548307
33 88 12.053043
33 89 14.562008
33 90 11.641664
33 91 14.337158
33 92 13.649198
33 93 12.104397
33 94 14.609654
33 95 11.318213
33 96 11.562978
33 97 11.810904
33 98 11.545786
33 99 13.861654
33 100 11.763975
34 0 13.023686
34 1 11.047278
34 2 14.223064
34 3 13.644839
34 4 11.791173
34 5 14.261860
34 6 13.883040
34 7 11.975259
34 8 12.288182
34 9 12.917643
34 10 11.302371
34 11 10.939107
34 12 11.303318
34 13 12.191372
34 14 14.582322
34 15 13.937310
34 16 14.492423
34 17 14.079169
34 18 11.448235
34 19 13.288987
34 20 13.920096
34 21 14.530000
34 22 12.005082
34 23 14.217924
34 24 14.015132
34 25 12.177209
34 26 11.472195
34 27 13.927819
34 28 11.722795
34 29 14.765366
34 30 11.683909
34 31 11.955872
34 32 13.730630
34 33 14.063460
34 35 13.898842
34 36 14.663243
34 37 11.560349
34 38 13.502563
34 39 12.783094
34 40 11.983923
34 41 11.912978
34 42 11.589157
34 43 11.974935
34 44 11.696951
34 45 13.375229
34 46 11.746485
34 47 11.387617
34 48 13.972667
34 49 12.561642
34 50 14.134298
34 51 14.111538
34 52 13.043546
34 53 12.232342
34 54 11.244803
34 55 12.903863
34 56 13.872153
34 57 12.990143
34 58 11.811332
34 59 13.044781
34 60 13.724923
34 61 11.908432
34 62 14.346685
34 63 14.005990
34 64 11.997610
34 65 11.317537
34 66 11.366857
34 67 11.795567
34 68 14.636539
34 69 13.290228
34 70 12.297350
34 71 11.298501
34 72 14.329825
34 73 14.632392
34 74 11.026990
34 75 14.660996
34 76 11.308562
34 77 11.525559
34 78 13.878974
34 79 13.378660
34 80 13.789546
34 81 11.686966
34 82 13.604306
34 83 11.799176
34 84 12.576902
34 85 13.067766
34 86 13.929663
34 87 11.460568
34 88 10.982476
34 89 12.866431
34 90 11.854739
34 91 11.557756
34 92 11.767811
34 93 13.684709
34 94 13.133626
34 95 12.605373
34 96 13.872445
34 97 12.390790
34 98 13.084736
34 99 14.249933
34 100 12.639385
35 0 12.560963
35 1 12.091439
35 2 14.095164
35 3 13.386179
35 4 11.146458
35 5 12.569054
35 6 11.342968
35 7 12.710470
35 8 12.419935
35 9 13.372607
35 10 11.214359
35 11 11.878099
35 12 13.539865
35 13 13.152920
35 14 11.577369
35 15 14.530637
35 16 12.992843
35 17 14.441943
35 18 11.694060
35 19 13.774281
35 20 12.755251
35 21 11.027908
35 22 13.348610
35 23 13.364406
35 24 12.766658
35 25 12.393390
35 26 11.802991
35 27 14.462528
35 28 12.569884
35 29 14.156427
35 30 11.510516
35 31 11.819810
35 32 11.360227
35 33 13.026107
35 34 13.898842
35 36 11.807773
35 37 13.589480
35 38 14.205808
35 39 13.715601
35 40 13.601226
35 41 13.163229
35 42 12.100899
35 43 12.103647
35 44 13.343901
35 45 12.471006
35 46 13.316308
35 47 12.329650
35 48 13.896172
35 49 11.753838
35 50 14.599733
35 51 14.461022
35 52 11.383552
35 53 11.640508
35 54 11.199455
35 55 11.734279
35 56 14.304182
35 57 13.659734
35 58 12.225631
35 59 11.754658
35 60 12.394391
35 61 11.116727
35 62 11.429406
35 63 11.012755
35 64 14.381396
35 65 13.543839
35 66 13.803777
35 67 14.352549
35 68 11.127158
35 69 11.583433
35 70 11.905431
35 71 14.102986
35 72 13.633376
35 73 11.454005
35 74 11.558531
35 75 14.646432
35 76 13.403958
35 77 10.995685
35 78 12.550248
35 79 12.828953
35 80 12.400532
35 81 14.331344
35 82 12.971544
35 83 13.547091
35 84 14.632435
35 85 13.092744
35 86 11.544313
35 87 14.237969
35 88 13.218027
35 89 12.601702
35 90 11.751921
35 91 12.756475
35 92 12.346964
35 93 11.017932
35 94 13.593047
35 95 13.248512
35 96 11.103127
35 97 10.923137
35 98 12.766301
35 99 14.180461
35 100 11.757764
36 0 11.907453
36 1 12.700454
36 2 12.263721
36 3 11.944944
36 4 13.660890
36 5 12.320261
36 6 14.626412
36 7 12.754539
36 8 13.161228
36 9 14.488710
36 10 12.770929
36 11 11.552530
36 12 14.438304
36 13 14.629040
36 14 14.641451
36 15 12.739733
36 16 13.984751
36 17 12.505455
36 18 14.090502
36 19 12.174855
36 20 11.692682
36 21 14.389558
36 22 12.467780
36 23 13.157834
36 24 11.843440
36 25 13.626686
36 26 11.443194
36 27 13.158156
36 28 13.186752
36 29 11.134379
36 30 11.653278
36 31 12.800674
36 32 11.071717
36 33 14.518585
36 34 14.663243
36 35 11.807773
36 37 11.380837
36 38 12.328116
36 39 11.484171
36 40 14.220426
36 41 12.325512
36 42 14.095277
36 43 13.468801
36 44 13.671370
36 45 12.898204
36 46 13.008443
36 47 13.990180
36 48 12.328107
36 49 12.537687
36 50 13.191700
36 51 11.346990
36 52 12.809585
36 53 12.531078
36 54 12.085931
36 55 13.513322
36 56 14.044279
36 57 14.370024
36 58 14.643146
36 59 11.490048
36 60 13.242287
36 61 13.921183
36 62 11.071149
36 63 14.142106
36 64 12.163992
36 65 13.269816
36 66 12.090719
36 67 11.757845
36 68 11.881671
36 69 14.624115
36 70 13.490206
36 71 13.621220
36 72 14.130774
36 73 12.838966
36 74 11.181300
36 75 13.852071
36 76 12.625605
36 77 13.262852
36 78 11.955739
36 79 13.067777
36 80 12.713508
36 81 14.133730
36 82 11.402563
36 83 14.424630
36 84 10.945932
36 85 13.139134
36 86 11.561050
36 87 14.103070
36 88 14.037951
36 89 14.154054
36 90 12.390962
36 91 13.957228
36 92 14.039804
36 93 13.521682
36 94 12.153956
36 95 13.406027
36 96 13.438386
36 97 14.671439
36 98 14.035113
36 99 14.256380
36 100 11.441556
37 0 13.437964
37 1 14.709358
37 2 11.979192
37 3 12.571280
37 4 13.039168
37 5 13.046643
37 6 13.147195
37 7 14.413594
37 8 14.608694
37 9 12.001204
37 10 13.571528
37 11 13.555894
37 12 14.573135
37 13 13.056437
37 14 14.321322
37 15 13.316566
37 16 12.261659
37 17 12.079177
37 18 13.087267
37 19 11.430063
37 20 12.616503
37 21 14.345701
37 22 14.249674
37 23 11.552074
37 24 11.414053
37 25 13.503011
37 26 14.802663
37 27 13.998671
37 28 14.493574
37 29 13.146578
37 30 13.010746
37 31 12.792866
37 32 11.242589
37 33 10.924462
37 34 11.560349
37 35 13.589480
37 36 11.380837
37 38 13.101885
37 39 13.876923
37 40 12.683187
37 41 12.004266
37 42 12.257356
37 43 13.964953
37 44 12.508476
37 45 14.365478
37 46 11.389106
37 47 11.201005
37 48 12.856030
37 49 12.253907
37 50 11.660425
37 51 12.772070
37 52 11.416577
37 53 12.798776
37 54 12.102502
37 55 13.280093
37 56 14.222523
37 57 14.806970
37 58 12.142509
37 59 14.384950
37 60 12.180724
37 61 12.953238
37 62 13.935572
37 63 11.314576
37 64 11.350452
37 65 14.613008
37 66 13.428250
37 67 11.494448
37 68 11.880309
37 69 13.196964
37 70 14.573653
37 71 12.874889
37 72 11.647984
37 73 12.405971
37 74 14.593162
37 75 12.709046
37 76 11.980951
37 77 12.823622
37 78 10.920731
37 79 11.483384
37 80 14.816994
37 81 14.660462
37 82 12.601604
37 83 14.159425
37 84 13.859487
37 85 11.720816
37 86 13.374203
37 87 12.603895
37 88 13.640882
37 89 11.389656
37 90 12.893992
37 91 14.371658
37 92 14.009687
37 93 11.584794
37 94 13.854423
37 95 12.065770
37 96 14.156708
37 97 13.360311
37 98 12.874294
37 99 14.332354
37 100 14.287402
38 0 12.919812
38 1 13.766705
38 2 14.734345
38 3 14.726688
38 4 11.745117
38 5 11.731501
38 6 13.454887
38 7 11.905874
38 8 12.434910
38 9 14.334087
38 10 12.219949
38 11 11.426017
38 12 11.456741
38 13 12.907176
38 14 14.334647
38 15 12.434150
38 16 14.595788
38 17 14.110277
38 18 13.625026
38 19 12.077631
38 20 11.564212
38 21 12.658652
38 22 14.720832
38 23 14.640400
38 24 13.500072
38 25 10.998993
38 26 12.270976
38 27 11.588393
38 28 12.814334
38 29 11.011423
38 30 11.556471
38 31 12.416052
38 32 11.942859
38 33 14.439855
38 34 13.502563
38 35 14.205808
38 36 12.328116
38 37 13.101885
38 39 13.111667
38 40 14.035870
38 41 13.744662
38 42 12.427039
38 43 12.563070
38 44 11.341993
38 45 13.623196
38 46 12.667834
38 47 14.422650
38 48 11.492697
38 49 13.596097
38 50 11.861973
38 51 12.946649
38 52 13.382417
38 53 11.324643
38 54 11.245408
38 55 11.561922
38 56 13.757144
38 57 13.424235
38 58 14.402800
38 59 14.167482
38 60 11.221342
38 61 11.011349
38 62 14.797617
38 63 12.866923
38 64 12.856098
38 65 11.043671
38 66 14.285550
38 67 11.566907
38 68 14.661899
38 69 14.603682
38 70 11.939817
38 71 11.150120
38 72 11.973529
38 73 12.165431
38 74 12.408047
38 75 11.009855
38 76 11.163039
38 77 11.839138
38 78 12.870849
38 79 10.963615
38 80 13.394019
38 81 13.370108
38 82 13.984224
38 83 13.745308
38 84 13.185267
38 85 14.235422
38 86 12.290878
38 87 11.681180
38 88 13.059945
38 89 11.153482
38 90 14.812489
38 91 13.096107
38 92 12.133324
38 93 12.657168
38 94 11.034072
38 95 11.343984
38 96 12.864393
38 97 13.223874
38 98 12.441953
38 99 12.825456
38 100 12.364331
39 0 13.550199
39 1 11.997880
39 2 11.288194
39 3 14.505934
39 4 11.174345
39 5 13.963329
39 6 11.800533
39 7 14.581396
39 8 12.050799
39 9 14.041647
39 10 11.986924
39 11 14.447808
39 12 13.607300
39 13 11.689540
39 14 11.837072
39 15 11.469303
39 16 10.937738
39 17 11.748596
39 18 14.806133
39 19 13.490526
39 20 12.287002
39 21 13.916943
39 22 14.408001
39 23 14.336594
39 24 12.252400
39 25 11.904792
39 26 13.619301
39 27 13.797756
39 28 13.725363
39 29 13.288838
39 30 11.191078
39 31 14.355181
39 32 14.077319
39 33 12.343748
39 34 12.783094
39 35 13.715601
39 36 11.484171
39 37 13.876923
39 38 13.111667
39 40 14.757940
39 41 12.770484
39 42 11.824724
39 43 13.988708
39 44 14.580387
39 45 14.423155
39 46 13.653879
39 47 13.262686
39 48 14.816226
39 49 11.219666
39 50 12.696881
39 51 14.080086
39 52 13.327395
39 53 13.042948
39 54 14.480590
39 55 11.875923
39 56 14.503306
39 57 11.251242
39 58 13.460169
39 59 11.809130
39 60 12.395160
39 61 14.399712
39 62 14.707909
39 63 14.240737
39 64 13.797257
39 65 14.543004
39 66 11.142415
39 67 12.940853
39 68 12.650064
39 69 14.742148
39 70 14.623458
39 71 12.310124
39 72 13.462146
39 73 12.301776
39 74 12.447808
39 75 12.269591
39 76 11.613207
39 77 12.414389
39 78 10.966539
39 79 11.347719
39 80 11.990324
39 81 14.475496
39 82 13.458149
39 83 11.285999
39 84 14.738767
39 85 13.407384
39 86 12.001150
39 87 13.613209
39 88 13.630542
39 89 14.138435
39 90 13.612697
39 91 13.061336
39 92 11.494021
39 93 11.230231
39 94 13.616966
39 95 14.451331
39 96 13.294675
39 97 11.807129
39 98 12.100248
39 99 11.168743
39 100 10.956413
40 0 11.798046
40 1 13.818139
40 2 11.048424
40 3 14.813183
40 4 12.241203
40 5 14.179647
40 6 11.601450
40 7 11.129681
40 8 14.253203
40 9 14.493715
40 10 13.602361
40 11 13.269303
40 12 13.910530
40 13 12.833589
40 14 11.024978
40 15 13.552371
40 16 14.388588
40 17 11.230897
40 18 13.170619
40 19 12.428294
40 20 11.851116
40 21 11.601004
40 22 14.703610
40 23 11.701660
40 24 12.172121
40 25 11.140491
40 26 11.455100
40 27 12.042762
40 28 12.335245
40 29 12.121612
40 30 12.061012
40 31 12.352842
40 32 11.050844
40 33 12.919102
40 34 11.983923
40 35 13.601226
40 36 14.220426
40 37 12.683187
40 38 14.035870
40 39 14.757940
40 41 12.069681
40 42 14.788952
40 43 14.693172
40 44 14.034503
40 45 11.978178
40 46 11.773224
40 47 14.068483
40 48 14.058391
40 49 12.021354
40 50 14.151146
40 51 14.150517
40 52 11.899295
40 53 14.357601
40 54 14.463534
40 55 13.445866
40 56 11.801412
40 57 12.876061
40 58 13.610774
40 59 12.029684
40 60 13.769926
40 61 14.250693
40 62 13.340739
40 63 14.451297
40 64 12.869466
40 65 13.160823
40 66 11.809032
40 67 11.445347
40 68 12.886520
40 69 10.951062
40 70 13.169990
40 71 11.886537
40 72 14.297631
40 73 14.350855
40 74 12.660194
40 75 11.126003
40 76 11.585719
40 77 13.159671
40 78 12.709595
40 79 13.336834
40 80 12.774604
40 81 14.540532
40 82 11.475406
40 83 12.465193
40 84 12.936785
40 85 14.686687
40 86 14.238101
40 87 11.632936
40 88 11.219709
40 89 13.371400
40 90 14.395910
40 91 12.695008
40 92 11.469363
40 93 14.495357
40 94 13.186902
40 95 11.134782
40 96 13.866587
40 97 14.334390
40 98 11.480540
40 99 11.523997
40 100 11.679101
41 0 12.187624
41 1 13.494960
41 2 13.083322
41 3 13.014216
41 4 13.370609
41 5 11.958846
41 6 12.217291
41 7 13.085721
41 8 13.713473
41 9 13.146984
41 10 12.279178
41 11 12.338082
41 12 14.225027
41 13 12.993268
41 14 11.127508
41 15 13.535533
41 16 13.638546
41 17 13.347206
41 18 11.628259
41 19 11.188482
41 20 13.371467
41 21 11.798968
41 22 11.827275
41 23 13.543967
41 24 13.604737
41 25 13.341435
41 26 12.891968
41 27 11.661077
41 28 14.576805
41 29 12.515338
41 30 13.602920
41 31 12.800649
41 32 12.893045
41 33 11.705014
41 34 11.912978
41 35 13.163229
41 36 12.325512
41 37 12.004266
41 38 13.744662
41 39 12.770484
41 40 12.069681
41 42 13.527123
41 43 14.145154
41 44 13.176435
41 45 13.284033
41 46 12.548014
41 47 12.788884
41 48 14.550044
41 49 12.343706
41 50 11.722155
41 51 13.740164
41 52 12.201989
41 53 12.834185
41 54 11.956565
41 55 12.654411
41 56 11.902529
41 57 12.925639
41 58 14.158509
41 59 13.805212
41 60 13.005647
41 61 11.775262
41 62 12.016940
41 63 12.938489
41 64 11.942777
41 65 11.792252
41 66 11.960271
41 67 11.500125
41 68 12.437383
41 69 11.571218
41 70 11.659613
41 71 14.064921
41 72 12.550743
41 73 12.325546
41 74 11.801835
41 75 11.944284
41 76 12.323708
41 77 12.634066
41 78 13.634195
41 79 10.981038
41 80 12.910280
41 81 12.882862
41 82 11.119025
41 83 13.776716
41 84 14.432226
41 85 12.041984
41 86 11.402524
41 87 11.886962
41 88 14.617793
41 89 12.019101
41 90 12.565450
41 91 13.109101
41 92 14.746525
41 93 11.226394
41 94 14.583969
41 95 14.547902
41 96 14.460150
41 97 13.777988
41 98 14.685718
41 99 12.227148
41 100 13.149110
42 0 14.617484
42 1 12.145732
42 2 11.125697
42 3 11.066080
42 4 11.585960
42 5 11.999138
42 6 12.202691
42 7 13.964307
42 8 13.639645
42 9 11.734849
42 10 13.352382
42 11 11.680120
42 12 14.324631
42 13 12.383815
42 14 12.878942
42 15 13.995293
42 16 12.407385
42 17 12.638077
42 18 11.574920
42 19 13.365183
42 20 14.667754
42 21 11.250126
42 22 11.467671
42 23 13.069403
42 24 14.803388
42 25 12.667206
42 26 12.128255
42 27 14.786378
42 28 11.737595
42 29 13.310577
42 30 14.209598
42 31 12.112436
42 32 12.349142
42 33 11.595413
42 34 11.589157
42 35 12.100899
42 36 14.095277
42 37 12.257356
42 38 12.427039
42 39 11.824724
42 40 14.788952
42 41 13.527123
42 43 12.302501
42 44 11.190936
42 45 13.366234
42 46 11.156821
42 47 14.193866
42 48 11.403445
42 49 11.197647
42 50 13.924957
42 51 13.068875
42 52 14.443320
42 53 13.413515
42 54 11.079716
42 55 14.164451
42 56 14.743089
42 57 14.597743
42 58 12.528001
42 59 14.263593
42 60 13.702527
42 61 14.715273
42 62 11.623577
42 63 12.229016
42 64 13.336816
42 65 13.961619
42 66 11.267246
42 67 11.372149
42 68 14.597486
42 69 10.987659
42 70 11.324435
42 71 11.149300
42 72 14.196284
42 73 13.537534
42 74 13.891203
42 75 13.693340
42 76 11.259291
42 77 12.442176
42 78 13.040928
42 79 11.515022
42 80 13.118860
42 81 14.364212
42 82 12.654690
42 83 13.957234
42 84 12.808030
42 85 14.166977
42 86 13.362272
42 87 13.085097
42 88 12.302428
42 89 14.097930
42 90 14.055372
42 91 14.414953
42 92 14.133496
42 93 13.195115
42 94 13.055709
42 95 12.583207
42 96 10.930569
42 97 12.801527
42 98 13.081167
42 99 13.580049
42 100 11.576514
43 0 13.581030
43 1 13.154102
43 2 12.028875
43 3 11.007527
43 4 12.674650
43 5 11.984846
43 6 12.285637
43 7 12.541464
43 8 13.049069
43 9 11.114887
43 10 13.858858
43 11 11.922574
43 12 14.413478
43 13 13.086337
43 14 12.364540
43 15 14.611898
43 16 11.948695
43 17 12.602914
43 18 12.897738
43 19 12.691284
43 20 11.610127
43 21 14.783843
43 22 11.899678
43 23 13.359271
43 24 14.731635
43 25 12.908878
43 26 12.372872
43 27 13.550120
43 28 10.949588
43 29 11.199921
43 30 11.934424
43 31 13.417669
43 32 12.008947
43 33 11.613370
43 34 11.974935
43 35 12.103647
43 36 13.468801
43 37 13.964953
43 38 12.563070
43 39 13.988708
43 40 14.693172
43 41 14.145154
43 42 12.302501
43 44 11.221378
43 45 14.503990
43 46 13.414288
43 47 13.783375
43 48 14.747162
43 49 13.155093
43 50 11.090764
43 51 13.760606
43 52 14.180040
43 53 11.800847
43 54 13.486043
43 55 11.121477
43 56 11.588678
43 57 13.927272
43 58 13.177540
43 59 14.323378
43 60 13.919675
43 61 12.470926
43 62 11.913833
43 63 13.710406
43 64 13.453714
43 65 11.510426
43 66 12.857916
43 67 13.035046
43 68 11.786218
43 69 13.767917
43 70 11.046574
43 71 12.190180
43 72 12.140569
43 73 13.746128
43 74 13.436093
43 75 13.520222
43 76 12.167877
43 77 13.097045
43 78 11.557256
43 79 11.001711
43 80 14.586362
43 81 11.127505
43 82 11.281090
43 83 12.572953
43 84 13.116826
43 85 12.670188
43 86 13.241386
43 87 12.170004
43 88 13.299691
43 89 14.586270
43 90 14.740917
43 91 14.458464
43 92 11.053901
43 93 11.409989
43 94 11.010863
43 95 13.945620
43 96 13.447414
43 97 11.925047
43 98 11.321675
43 99 11.278509
43 100 12.982954
44 0 14.523706
44 1 13.770515
44 2 13.514037
44 3 11.101144
44 4 12.525377
44 5 13.711963
44 6 13.481071
44 7 14.365279
44 8 11.153668
44 9 13.477569
44 10 12.456808
44 11 13.284018
44 12 11.368019
44 13 11.043168
44 14 12.413902
44 15 14.022176
44 16 13.696938
44 17 13.049493
44 18 13.408187
44 19 13.569233
44 20 13.160881
44 21 14.446813
44 22 13.519613
44 23 12.319046
44 24 12.891789
44 25 14.546324
44 26 12.567679
44 27 13.825816
44 28 11.032778
44 29 14.489525
44 30 14.127419
44 31 14.561007
44 32 11.286791
44 33 11.729654
44 34 11.696951
44 35 13.343901
44 36 13.671370
44 37 12.508476
44 38 11.341993
44 39 14.580387
44 40 14.034503
44 41 13.176435
44 42 11.190936
44 43 11.221378
44 45 13.946889
44 46 12.466414
44 47 12.129824
44 48 14.235431
44 49 11.517669
44 50 11.107550
44 51 14.144274
44 52 11.541532
44 53 13.426789
44 54 11.090172
44 55 14.005856
44 56 14.438824
44 57 14.358825
44 58 13.197498
44 59 12.715168
44 60 12.826223
44 61 12.779938
44 62 11.405199
44 63 11.940022
44 64 13.989673
44 65 13.448263
44 66 14.086406
44 67 14.048288
44 68 11.255960
44 69 13.778154
44 70 12.486898
44 71 12.905346
44 72 12.930196
44 73 13.900964
44 74 11.734046
44 75 12.903625
44 76 14.758820
44 77 11.918458
44 78 12.714512
44 79 12.104482
44 80 12.901941
44 81 11.623905
44 82 13.931917
44 83 13.459779
44 84 11.617816
44 85 14.370296
44 86 14.074028
44 87 12.572842
44 88 14.316528
44 89 11.845300
44 90 11.495351
44 91 12.158903
44 92 11.168012
44 93 12.765705
44 94 11.332185
44 95 14.717851
44 96 11.765754
44 97 12.559343
44 98 12.657219
44 99 13.043143
44 100 14.135125
45 0 11.576430
45 1 13.037317
45 2 11.670450
45 3 11.015334
45 4 13.210872
45 5 14.392349
45 6 13.448274
45 7 14.596818
45 8 13.893101
45 9 10.921775
45 10 13.640705
45 11 12.000755
45 12 11.999234
45 13 11.746886
45 14 12.964254
45 15 12.017191
45 16 11.868283
45 17 12.686788
45 18 10.922569
45 19 11.397219
45 20 11.608059
45 21 14.539805
45 22 13.734080
45 23 14.283811
45 24 12.207953
45 25 11.275544
45 26 13.152332
45 27 13.977007
45 28 14.268879
45 29 11.873562
45 30 12.769496
45 31 14.061230
45 32 14.680180
45 33 12.727805
45 34 13.375229
45 35 12.471006
45 36 12.898204
45 37 14.365478
45 38 13.623196
45 39 14.423155
45 40 11.978178
45 41 13.284033
45 42 13.366234
45 43 14.503990
45 44 13.946889
45 46 13.181102
45 47 11.454585
45 48 13.425983
45 49 14.759737
45 50 12.061147
45 51 14.113803
45 52 13.600136
45 53 11.720783
45 54 14.327825
45 55 12.815010
45 56 13.303778
45 57 11.880323
45 58 14.542537
45 59 11.792660
45 60 14.102760
45 61 12.601720
45 62 14.742502
45 63 12.041497
45 64 12.200094
45 65 13.888480
45 66 13.045423
45 67 13.009227
45 68 13.678101
45 69 12.180067
45 70 11.455602
45 71 13.894585
45 72 13.011266
45 73 12.075577
45 74 14.678540
45 75 12.930425
45 76 12.901726
45 77 13.609438
45 78 10.938485
45 79 11.625055
45 80 12.104120
45 81 12.367899
45 82 14.121053
45 83 11.260536
45 84 12.577466
45 85 12.193771
45 86 14.297130
45 87 11.948758
45 88 14.239975
45 89 12.934578
45 90 13.553572
45 91 11.235336
45 92 12.800387
45 93 13.994789
45 94 12.856339
45 95 14.460804
45 96 11.903674
45 97 11.651305
45 98 11.774737
45 99 13.148221
45 100 12.488903
46 0 13.294978
46 1 11.849156
46 2 11.364909
46 3 11.251657
46 4 13.689499
46 5 13.355861
46 6 13.920803
46 7 10.942995
46 8 12.818423
46 9 10.956584
46 10 11.065550
46 11 13.494590
46 12 11.835858
46 13 14.460637
46 14 12.376155
46 15 13.760835
46 16 11.567418
46 17 11.712397
46 18 13.890627
46 19 12.588513
46 20 12.765059
46 21 14.819674
46 22 12.449804
46 23 11.277585
46 24 13.853881
46 25 11.372898
46 26 12.032020
46 27 11.504860
46 28 10.969240
46 29 13.022454
46 30 14.463630
46 31 14.158461
46 32 12.560246
46 33 14.321291
46 34 11.746485
46 35 13.316308
46 36 13.008443
46 37 11.389106
46 38 12.667834
46 39 13.653879
46 40 11.773224
46 41 12.548014
46 42 11.156821
46 43 13.414288
46 44 12.466414
46 45 13.181102
46 47 14.452691
46 48 11.149084
46 49 11.768624
46 50 11.221593
46 51 11.865453
46 52 14.353023
46 53 12.656054
46 54 11.657505
46 55 11.500056
46 56 13.705075
46 57 11.888017
46 58 13.650168
46 59 11.474475
46 60 13.976250
46 61 12.689323
46 62 14.807782
46 63 12.910837
46 64 13.251452
46 65 11.503964
46 66 12.049360
46 67 13.897498
46 68 14.581927
46 69 13.377874
46 70 11.066321
46 71 13.540000
46 72 12.942456
46 73 11.389676
46 74 13.449038
46 75 12.581000
46 76 13.473290
46 77 13.567915
46 78 11.304162
46 79 13.731719
46 80 12.451211
46 81 11.902289
46 82 14.442576
46 83 12.287141
46 84 13.252341
46 85 11.688942
46 86 12.325636
46 87 13.804249
46 88 13.801354
46 89 11.670019
46 90 13.483894
46 91 13.175625
46 92 12.388995
46 93 12.996582
46 94 13.398632
46 95 14.526213
46 96 12.761495
46 97 12.743533
46 98 12.571665
46 99 13.311257
46 100 12.762056
47 0 11.475272
47 1 11.084376
47 2 13.922802
47 3 13.605737
47 4 11.645893
47 5 13.993210
47 6 11.133510
47 7 12.295259
47 8 11.851811
47 9 14.397142
47 10 11.046144
47 11 12.654687
47 12 12.906128
47 13 11.707614
47 14 12.809167
47 15 13.654499
47 16 12.806360
47 17 14.810114
47 18 11.492138
47 19 12.092378
47 20 12.412404
47 21 14.502841
47 22 11.491085
47 23 13.404318
47 24 12.230135
47 25 13.850771
47 26 13.464553
47 27 11.437306
47 28 13.413526
47 29 11.294009
47 30 14.536860
47 31 13.640766
47 32 14.434493
47 33 14.671456
47 34 11.387617
47 35 12.329650
47 36 13.990180
47 37 11.201005
47 38 14.422650
47 39 13.262686
47 40 14.068483
47 41 12.788884
47 42 14.193866
47 43 13.783375
47 44 12.129824
47 45 11.454585
47 46 14.452691
47 48 13.020890
47 49 13.180266
47 50 11.138572
47 51 11.163241
47 52 14.317302
47 53 13.491669
47 54 13.612914
47 55 11.895112
47 56 13.032105
47 57 12.725832
47 58 12.556981
47 59 13.092096
47 60 11.407756
47 61 13.394236
47 62 12.196200
47 63 11.177696
47 64 13.061610
47 65 13.530788
47 66 11.411907
47 67 12.146936
47 68 12.179516
47 69 13.720044
47 70 13.675766
47 71 12.162460
47 72 12.719598
47 73 11.636709
47 74 11.224738
47 75 12.628062
47 76 13.423114
47 77 13.844764
47 78 14.307823
47 79 12.184371
47 80 13.913272
47 81 11.937214
47 82 14.639819
47 83 13.036779
47 84 14.174194
47 85 14.797659
47 86 13.629350
47 87 11.451348
47 88 12.683774
47 89 14.102138
47 90 11.270911
47 91 14.126021
47 92 13.240873
47 93 11.791961
47 94 11.417377
47 95 12.974310
47 96 12.946098
47 97 13.250061
47 98 13.264443
47 99 12.600776
47 100 12.819991
48 0 14.719289
48 1 13.655674
48 2 14.375527
48 3 12.909634
48 4 13.024222
48 5 12.747350
48 6 11.098363
48 7 11.023725
48 8 11.709533
48 9 12.419550
48 10 11.538010
48 11 11.999708
48 12 14.360131
48 13 11.817091
48 14 13.508718
48 15 13.758361
48 16 13.705611
48 17 13.588027
48 18 11.247801
48 19 11.106296
48 20 11.239054
48 21 11.448673
48 22 13.328572
48 23 12.760435
48 24 14.253421
48 25 11.950766
48 26 11.535634
48 27 10.998014
48 28 11.986132
48 29 11.098456
48 30 11.024475
48 31 13.921366
48 32 14.756228
48 33 14.335346
48 34 13.972667
48 35 13.896172
48 36 12.328107
48 37 12.856030
48 38 11.492697
48 39 14.816226
48 40 14.058391
48 41 14.550044
48 42 11.403445
48 43 14.747162
48 44 14.235431
48 45 13.425983
48 46 11.149084
48 47 13.020890
48 49 14.318811
48 50 11.162867
48 51 13.254852
48 52 13.410089
48 53 11.558805
48 54 11.892082
48 55 13.489297
48 56 12.828029
48 57 12.634543
48 58 12.858853
48 59 13.934783
48 60 13.000006
48 61 11.472789
48 62 13.955911
48 63 12.861855
48 64 12.638831
48 65 14.504163
48 66 12.748704
48 67 11.416994
48 68 11.641602
48 69 13.891654
48 70 11.722148
48 71 14.261760
48 72 13.001462
48 73 12.403904
48 74 12.846917
48 75 12.635034
48 76 11.302394
48 77 11.469639
48 78 11.284446
48 79 14.046258
48 80 11.323247
48 81 14.414221
48 82 14.172034
48 83 13.975902
48 84 13.152064
48 85 13.608636
48 86 11.892963
48 87 10.972908
48 88 14.676557
48 89 14.333490
48 90 11.649165
48 91 11.810979
48 92 12.446836
48 93 12.145169
48 94 11.227240
48 95 13.556151
48 96 14.535003
48 97 12.671366
48 98 11.798824
48 99 12.332932
48 100 12.752395
49 0 13.318816
49 1 12.198435
49 2 12.214144
49 3 12.941850
49 4 11.996996
49 5 13.353760
49 6 11.056896
49 7 12.103125
49 8 14.367268
49 9 12.987802
49 10 13.670131
49 11 14.539210
49 12 13.045289
49 13 13.028677
49 14 12.321562
49 15 14.666976
49 16 13.170203
49 17 11.524565
49 18 14.459021
49 19 11.668880
49 20 13.295490
49 21 11.221057
49 22 13.796062
49 23 13.001240
49 24 12.270458
49 25 13.827189
49 26 14.045404
49 27 13.580156
49 28 14.466110
49 29 11.155789
49 30 12.287905
49 31 14.609682
49 32 14.419602
49 33 12.203886
49 34 12.561642
49 35 11.753838
49 36 12.537687
49 37 12.253907
49 38 13.596097
49 39 11.219666
49 40 12.021354
49 41 12.343706
49 42 11.197647
49 43 13.155093
49 44 11.517669
49 45 14.759737
49 46 11.768624
49 47 13.180266
49 48 14.318811
49 50 12.661963
49 51 12.710339
49 52 12.738361
49 53 11.591375
49 54 11.512218
49 55 13.450866
49 56 11.831796
49 57 13.292318
49 58 12.164362
49 59 12.087724
49 60 11.794062
49 61 13.937319
49 62 11.294156
49 63 11.378981
49 64 11.098789
49 65 11.949001
49 66 11.078513
49 67 14.037954
49 68 13.188879
49 69 12.598880
49 70 13.516585
49 71 13.435188
49 72 14.769304
49 73 12.563361
49 74 11.562830
49 75 12.322670
49 76 12.192762
49 77 12.967975
49 78 14.567445
49 79 14.373673
49 80 10.933508
49 81 11.694815
49 82 13.182157
49 83 11.241685
49 84 11.833342
49 85 13.040612
49 86 13.955143
49 87 12.797933
49 88 11.458303
49 89 12.340891
49 90 12.694274
49 91 13.496726
49 92 14.446168
49 93 11.190291
49 94 13.588782
49 95 14.542776
49 96 12.826221
49 97 11.508351
49 98 14.736785
49 99 13.438962
49 100 11.992256
50 0 14.203676
50 1 14.579325
50 2 13.574550
50 3 11.071261
50 4 13.175497
50 5 13.441424
50 6 12.288150
50 7 13.268138
50 8 12.882264
50 9 11.705452
50 10 13.414934
50 11 11.585718
50 12 12.729150
50 13 11.433550
50 14 12.372710
50 15 12.750557
50 16 11.399733
50 17 13.526387
50 18 14.326908
50 19 12.545810
50 20 11.803789
50 21 14.458431
50 22 14.641431
50 23 13.801667
50 24 11.827373
50 25 11.560682
50 26 13.472616
50 27 11.184188
50 28 14.264551
50 29 13.894091
50 30 12.755683
50 31 12.573132
50 32 12.881713
50 33 12.268180
50 34 14.134298
50 35 14.599733
50 36 13.191700
50 37 11.660425
50 38 11.861973
50 39 12.696881
50 40 14.151146
50 41 11.722155
50 42 13.924957
50 43 11.090764
50 44 11.107550
50 45 12.061147
50 46 11.221593
50 47 11.138572
50 48 11.162867
50 49 12.661963
50 51 11.696034
50 52 11.946340
50 53 12.827193
50 54 11.073426
50 55 12.764566
50 56 14.597641
50 57 14.620284
50 58 11.895412
50 59 13.174846
50 60 12.621325
50 61 13.458933
50 62 10.938003
50 63 13.691370
50 64 13.602772
50 65 11.633767
50 66 11.375994
50 67 13.296909
50 68 12.609999
50 69 14.289144
50 70 12.178123
50 71 13.946296
50 72 12.257712
50 73 12.549909
50 74 14.535615
50 75 14.148060
50 76 13.518755
50 77 10.941667
50 78 11.596994
50 79 13.770631
50 80 14.738805
50 81 14.027413
50 82 13.984070
50 83 11.167431
50 84 13.825491
50 85 14.516059
50 86 12.244318
50 87 12.503215
50 88 14.511323
50 89 13.130670
50 90 14.250113
50 91 11.720260
50 92 12.524133
50 93 13.252436
50 94 11.455037
50 95 14.763024
50 96 13.408329
50 97 12.502363
50 98 12.239117
50 99 11.178061
50 100 11.968912
51 0 11.929688
51 1 11.851663
51 2 13.304862
51 3 12.743759
51 4 11.866876
51 5 13.814120
51 6 12.922836
51 7 13.290809
51 8 13.526643
51 9 11.535607
51 10 12.815894
51 11 12.636095
51 12 11.473688
51 13 11.330216
51 14 14.650576
51 15 13.747741
51 16 13.878096
51 17 13.663507
51 18 11.590489
51 19 13.006280
51 20 11.151015
51 21 13.174729
51 22 13.898445
51 23 11.959721
51 24 12.098255
51 25 11.968550
51 26 14.333325
51 27 11.353850
51 28 10.936235
51 29 14.709371
51 30 14.347603
51 31 14.273308
51 32 14.541283
51 33 11.828931
51 34 14.111538
51 35 14.461022
51 36 11.346990
51 37 12.772070
51 38 12.946649
51 39 14.080086
51 40 14.150517
51 41 13.740164
51 42 13.068875
51 43 13.760606
51 44 14.144274
51 45 14.113803
51 46 11.865453
51 47 11.163241
51 48 13.254852
51 49 12.710339
51 50 11.696034
51 52 11.347587
51 53 14.023762
51 54 12.695373
51 55 11.438787
51 56 14.672513
51 57 12.186848
51 58 11.055478
51 59 12.531870
51 60 11.936874
51 61 14.756680
51 62 12.041679
51 63 11.473777
51 64 12.052001
51 65 13.818911
51 66 12.598936
51 67 13.230337
51 68 13.266180
51 69 13.711036
51 70 13.962737
51 71 14.803040
51 72 12.602831
51 73 11.822726
51 74 14.749842
51 75 14.068274
51 76 14.197654
51 77 13.665877
51 78 12.763590
51 79 12.649916
51 80 11.568613
51 81 14.041813
51 82 11.838085
51 83 11.648251
51 84 11.946001
51 85 14.546583
51 86 11.776399
51 87 14.748115
51 88 13.576000
51 89 11.420110
51 90 12.530322
51 91 13.443559
51 92 14.227968
51 93 13.613725
51 94 12.139171
51 95 14.474339
51 96 14.060555
51 97 14.281025
51 98 13.597455
51 99 12.975669
51 100 14.264905
52 0 13.232749
52 1 13.337231
52 2 11.299162
52 3 13.800731
52 4 13.878933
52 5 12.483622
52 6 10.953571
52 7 12.584733
52 8 13.415313
52 9 13.758632
52 10 11.852742
52 11 14.460030
52 12 10.975812
52 13 13.929252
52 14 12.653060
52 15 13.876621
52 16 10.971541
52 17 13.076348
52 18 14.690650
52 19 11.621020
52 20 14.318964
52 21 14.216284
52 22 13.895244
52 23 12.560746
52 24 14.453388
52 25 14.380330
52 26 12.125166
52 27 13.728895
52 28 13.053105
52 29 12.455065
52 30 11.569411
52 31 12.673625
52 32 13.976084
52 33 11.208720
52 34 13.043546
52 35 11.383552
52 36 12.809585
52 37 11.416577
52 38 13.382417
52 39 13.327395
52 40 11.899295
52 41 12.201989
52 42 14.443320
52 43 14.180040
52 44 11.541532
52 45 13.600136
52 46 14.353023
52 47 14.317302
52 48 13.410089
52 49 12.738361
52 50 11.946340
52 51 11.347587
52 53 12.436132
52 54 14.170025
52 55 14.211788
52 56 13.952614
52 57 13.937045
52 58 14.507267
52 59 11.717245
52 60 13.105189
52 61 14.063646
52 62 12.069857
52 63 11.670800
52 64 12.445292
52 65 14.244027
52 66 12.892368
52 67 11.414033
52 68 13.530245
52 69 11.566823
52 70 11.354476
52 71 12.439217
52 72 11.445713
52 73 13.741466
52 74 14.770828
52 75 13.183843
52 76 13.617354
52 77 14.069685
52 78 13.475450
52 79 12.386025
52 80 12.160268
52 81 13.250644
52 82 14.755015
52 83 10.933035
52 84 11.853199
52 85 14.354045
52 86 14.218726
52 87 13.538122
52 88 11.768789
52 89 14.725558
52 90 14.124392
52 91 14.804873
52 92 11.271206
52 93 11.401216
52 94 11.575283
52 95 13.025858
52 96 12.461954
52 97 13.975458
52 98 11.791669
52 99 14.610518
52 100 12.003628
53 0 13.913809
53 1 13.616583
53 2 11.669845
53 3 11.956651
53 4 12.748161
53 5 12.949416
53 6 13.068077
53 7 14.668606
53 8 11.589909
53 9 13.087640
53 10 11.849271
53 11 14.819370
53 12 11.135405
53 13 12.419337
53 14 11.374329
53 15 14.686567
53 16 11.565284
53 17 11.625391
53 18 12.143685
53 19 12.627310
53 20 14.157705
53 21 12.241990
53 22 12.928309
53 23 14.803065
53 24 12.507809
53 25 13.317930
53 26 14.077666
53 27 12.889798
53 28 11.513782
53 29 12.785776
53 30 13.002076
53 31 12.067415
53 32 14.222346
53 33 12.805926
53 34 12.232342
53 35 11.640508
53 36 12.531078
53 37 12.798776
53 38 11.324643
53 39 13.042948
53 40 14.357601
53 41 12.834185
53 42 13.413515
53 43 11.800847
53 44 13.426789
53 45 11.720783
53 46 12.656054
53 47 13.491669
53 48 11.558805
53 49 11.591375
53 50 12.827193
53 51 14.023762
53 52 12.436132
53 54 12.567146
53 55 12.727844
53 56 12.149030
53 57 12.909382
53 58 12.635034
53 59 13.247629
53 60 11.644255
53 61 12.745423
53 62 13.777313
53 63 14.735732
53 64 13.064962
53 65 14.022957
53 66 12.547847
53 67 11.445847
53 68 14.271144
53 69 13.763262
53 70 13.516928
53 71 11.157693
53 72 11.469380
53 73 13.398012
53 74 12.191329
53 75 12.175440
53 76 12.058859
53 77 14.460062
53 78 13.555970
53 79 14.557807
53 80 11.590204
53 81 10.921043
53 82 13.491484
53 83 14.240981
53 84 14.334501
53 85 13.254227
53 86 13.840525
53 87 11.565425
53 88 13.229276
53 89 13.551833
53 90 14.747911
53 91 13.251022
53 92 14.143498
53 93 12.339883
53 94 13.365338
53 95 13.732751
53 96 12.340350
53 97 14.023258
53 98 13.996825
53 99 11.020840
53 100 14.544133
54 0 14.778959
54 1 11.247619
54 2 12.078619
54 3 13.754033
54 4 11.869619
54 5 12.923183
54 6 13.687154
54 7 13.672659
54 8 13.199765
54 9 13.562263
54 10 14.188332
54 11 13.997110
54 12 12.569035
54 13 14.702635
54 14 12.512767
54 15 11.786613
54 16 11.641800
54 17 11.397006
54 18 11.322952
54 19 13.044033
54 20 14.417622
54 21 14.318117
54 22 14.270017
54 23 14.562494
54 24 14.735785
54 25 11.418219
54 26 14.757536
54 27 12.564543
54 28 11.962853
54 29 11.171007
54 30 12.649361
54 31 11.203882
54 32 13.527894
54 33 14.227068
54 34 11.244803
54 35 11.199455
54 36 12.085931
54 37 12.102502
54 38 11.245408
54 39 14.480590
54 40 14.463534
54 41 11.956565
54 42 11.079716
54 43 13.486043
54 44 11.090172
54 45 14.327825
54 46 11.657505
54 47 13.612914
54 48 11.892082
54 49 11.512218
54 50 11.073426
54 51 12.695373
54 52 14.170025
54 53 12.567146
54 55 12.534733
54 56 13.890724
54 57 10.938803
54 58 13.458810
54 59 12.195494
54 60 14.637700
54 61 12.546974
54 62 12.118729
54 63 13.667357
54 64 12.020062
54 65 14.486668
54 66 13.774130
54 67 14.554126
54 68 13.312438
54 69 14.087417
54 70 11.239298
54 71 11.867877
54 72 11.019542
54 73 11.257375
54 74 12.771162
54 75 12.519872
54 76 11.849657
54 77 14.766823
54 78 11.762204
54 79 11.152546
54 80 11.401302
54 81 12.756383
54 82 14.518604
54 83 12.498603
54 84 12.981042
54 85 13.360462
54 86 13.754966
54 87 12.654377
54 88 11.239531
54 89 11.434163
54 90 14.694462
54 91 12.886385
54 92 13.741818
54 93 14.225770
54 94 12.678269
54 95 12.666904
54 96 12.276703
54 97 13.241902
54 98 14.271323
54 99 11.900783
54 100 11.406482
55 0 13.389465
55 1 12.586745
55 2 14.059299
55 3 14.518992
55 4 11.953437
55 5 11.414292
55 6 14.469717
55 7 13.343337
55 8 11.586765
55 9 12.091303
55 10 12.013458
55 11 11.320530
55 12 11.229098
55 13 11.979176
55 14 12.679016
55 15 12.148708
55 16 11.553009
55 17 14.524647
55 18 11.644257
55 19 12.513660
55 20 13.848864
55 21 12.529174
55 22 13.377246
55 23 14.493493
55 24 13.150530
55 25 11.960844
55 26 12.745127
55 27 14.184268
55 28 14.719276
55 29 13.249505
55 30 11.339572
55 31 14.010168
55 32 11.080975
55 33 12.632346
55 34 12.903863
55 35 11.734279
55 36 13.513322
55 37 13.280093
55 38 11.561922
55 39 11.875923
55 40 13.445866
55 41 12.654411
55 42 14.164451
55 43 11.121477
55 44 14.005856
55 45 12.815010
55 46 11.500056
55 47 11.895112
55 48 13.489297
55 49 13.450866
55 50 12.764566
55 51 11.438787
55 52 14.211788
55 53 12.727844
55 54 12.534733
55 56 11.418650
55 57 11.239321
55 58 14.064093
55 59 14.015563
55 60 12.271469
55 61 12.788193
55 62 13.889650
55 63 12.769972
55 64 12.996606
55 65 12.715006
55 66 14.215434
55 67 11.215953
55 68 14.663616
55 69 12.216856
55 70 10.977053
55 71 11.437085
55 72 12.882463
55 73 13.514515
55 74 11.385044
55 75 12.120403
55 76 11.395446
55 77 11.766598
55 78 14.706107
55 79 12.907132
55 80 11.034233
55 81 14.040440
55 82 11.030144
55 83 13.924587
55 84 12.729024
55 85 14.454522
55 86 12.839350
55 87 14.647714
55 88 13.648392
55 89 14.353221
55 90 12.028190
55 91 11.230565
55 92 12.221162
55 93 13.113068
55 94 12.581967
55 95 11.730902
55 96 11.591630
55 97 11.274544
55 98 14.551387
55 99 11.942127
55 100 11.094261
56 0 12.233484
56 1 11.964878
56 2 14.490884
56 3 13.130379
56 4 13.540916
56 5 12.964585
56 6 11.414169
56 7 13.717276
56 8 14.102171
56 9 12.535294
56 10 14.527185
56 11 11.660990
56 12 11.275869
56 13 13.024957
56 14 12.812512
56 15 14.748685
56 16 13.440862
56 17 13.631862
56 18 11.491037
56 19 13.210979
56 20 13.224155
56 21 13.262268
56 22 11.266290
56 23 14.274689
56 24 11.336306
56 25 12.372707
56 26 10.953045
56 27 12.833031
56 28 13.863992
56 29 14.021073
56 30 13.664642
56 31 12.262162
56 32 14.220707
56 33 13.458220
56 34 13.872153
56 35 14.304182
56 36 14.044279
56 37 14.222523
56 38 13.757144
56 39 14.503306
56 40 11.801412
56 41 11.902529
56 42 14.743089
56 43 11.588678
56 44 14.438824
56 45 13.303778
56 46 13.705075
56 47 13.032105
56 48 12.828029
56 49 11.831796
56 50 14.597641
56 51 14.672513
56 52 13.952614
56 53 12.149030
56 54 13.890724
56 55 11.418650
56 57 11.475361
56 58 13.863846
56 59 13.279921
56 60 13.182058
56 61 12.703444
56 62 12.124777
56 63 12.582811
56 64 14.277309
56 65 14.481329
56 66 12.766771
56 67 14.512429
56 68 12.886445
56 69 11.675918
56 70 12.172584
56 71 13.695970
56 72 11.694784
56 73 12.134344
56 74 11.556261
56 75 14.359563
56 76 11.578018
56 77 13.165376
56 78 11.613015
56 79 11.044002
56 80 13.902052
56 81 13.016372
56 82 12.572637
56 83 11.997980
56 84 13.241519
56 85 13.289633
56 86 11.322783
56 87 11.807331
56 88 14.189182
56 89 12.121157
56 90 11.776545
56 91 13.595133
56 92 12.254669
56 93 12.896148
56 94 12.529576
56 95 14.532665
56 96 13.879781
56 97 12.319576
56 98 11.364196
56 99 13.551298
56 100 14.672206
57 0 12.039837
57 1 14.491651
57 2 14.443789
57 3 13.823493
57 4 13.749009
57 5 13.994688
57 6 11.571723
57 7 11.815030
57 8 11.865309
57 9 11.061014
57 10 11.997792
57 11 14.691394
57 12 13.828747
57 13 14.176534
57 14 13.472814
57 15 14.411135
57 16 13.570871
57 17 12.808340
57 18 13.840933
57 19 13.756984
57 20 13.767888
57 21 12.252883
57 22 11.439915
57 23 12.728376
57 24 14.354111
57 25 13.764188
57 26 12.803078
57 27 13.738782
57 28 12.535369
57 29 11.468107
57 30 14.768792
57 31 11.446900
57 32 13.879884
57 33 14.440037
57 34 12.990143
57 35 13.659734
57 36 14.370024
57 37 14.806970
57 38 13.424235
57 39 11.251242
57 40 12.876061
57 41 12.925639
57 42 14.597743
57 43 13.927272
57 44 14.358825
57 45 11.880323
57 46 11.888017
57 47 12.725832
57 48 12.634543
57 49 13.292318
57 50 14.620284
57 51 12.186848
57 52 13.937045
57 53 12.909382
57 54 10.938803
57 55 11.239321
57 56 11.475361
57 58 11.775672
57 59 11.933700
57 60 14.030552
57 61 13.665869
57 62 11.554186
57 63 11.897114
57 64 13.206475
57 65 13.522351
57 66 12.265329
57 67 12.319834
57 68 14.241503
57 69 13.216419
57 70 11.646381
57 71 14.657373
57 72 12.584659
57 73 12.634580
57 74 11.319612
57 75 14.220326
57 76 12.878562
57 77 11.957296
57 78 12.413824
57 79 12.725215
57 80 12.720957
57 81 12.192227
57 82 13.400444
57 83 12.868178
57 84 14.315745
57 85 12.099410
57 86 14.415425
57 87 11.040017
57 88 13.862823
57 89 12.741962
57 90 11.004173
57 91 12.450903
57 92 13.740981
57 93 13.954247
57 94 13.429790
57 95 12.659438
57 96 13.326302
57 97 13.726552
57 98 13.008554
57 99 13.940212
57 100 14.475452
58 0 13.152302
58 1 14.084899
58 2 12.485850
58 3 11.330607
58 4 12.651775
58 5 14.313904
58 6 11.963668
58 7 14.238582
58 8 13.205678
58 9 10.934250
58 10 11.258951
58 11 14.757732
58 12 14.320546
58 13 13.856682
58 14 12.714857
58 15 14.771127
58 16 13.114358
58 17 12.351084
58 18 13.877108
58 19 11.099959
58 20 11.857179
58 21 12.860812
58 22 12.690977
58 23 13.861177
58 24 12.448091
58 25 14.582006
58 26 13.396540
58 27 14.171241
58 28 14.753404
58 29 14.194401
58 30 12.681636
58 31 11.593888
58 32 12.278030
58 33 12.330465
58 34 11.811332
58 35 12.225631
58 36 14.643146
58 37 12.142509
58 38 14.402800
58 39 13.460169
58 40 13.610774
58 41 14.158509
58 42 12.528001
58 43 13.177540
58 44 13.197498
58 45 14.542537
58 46 13.650168
58 47 12.556981
58 48 12.858853
58 49 12.164362
58 50 11.895412
58 51 11.055478
58 52 14.507267
58 53 12.635034
58 54 13.458810
58 55 14.064093
58 56 13.863846
58 57 11.775672
58 59 13.102329
58 60 10.944101
58 61 14.610026
58 62 14.394296
58 63 11.502886
58 64 12.318261
58 65 12.622619
58 66 13.437367
58 67 14.550797
58 68 13.181411
58 69 12.530900
58 70 11.224754
58 71 11.854023
58 72 14.698982
58 73 12.986014
58 74 11.514804
58 75 11.410313
58 76 13.048308
58 77 11.004699
58 78 13.314367
58 79 14.067608
58 80 13.839281
58 81 12.176791
58 82 11.189340
58 83 14.259406
58 84 11.946595
58 85 14.557278
58 86 12.976611
58 87 12.169634
58 88 13.453977
58 89 11.108136
58 90 13.674012
58 91 14.402817
58 92 12.916527
58 93 12.761705
58 94 14.304571
58 95 12.384068
58 96 14.305641
58 97 11.095180
58 98 12.059296
58 99 11.192793
58 100 14.049465
59 0 11.349360
59 1 13.965727
59 2 14.218186
59 3 12.580667
59 4 14.216676
59 5 12.400557
59 6 11.755868
59 7 12.882138
59 8 14.626858
59 9 14.231081
59 10 12.282136
59 11 11.273490
59 12 14.819235
59 13 11.465149
59 14 13.313083
59 15 13.341134
59 16 11.282482
59 17 11.672134
59 18 13.378359
59 19 12.475199
59 20 14.167813
59 21 11.375494
59 22 12.068025
59 23 14.695059
59 24 11.805422
59 25 13.682553
59 26 11.516407
59 27 13.908302
59 28 11.300226
59 29 14.211543
59 30 14.034595
59 31 13.224061
59 32 11.522511
59 33 12.346125
59 34 13.044781
59 35 11.754658
59 36 11.490048
59 37 14.384950
59 38 14.167482
59 39 11.809130
59 40 12.029684
59 41 13.805212
59 42 14.263593
59 43 14.323378
59 44 12.715168
59 45 11.792660
59 46 11.474475
59 47 13.092096
59 48 13.934783
59 49 12.087724
59 50 13.174846
59 51 12.531870
59 52 11.717245
59 53 13.247629
59 54 12.195494
59 55 14.015563
59 56 13.279921
59 57 11.933700
59 58 13.102329
59 60 14.681567
59 61 12.011724
59 62 14.216327
59 63 12.579570
59 64 12.510465
59 65 11.413445
59 66 14.038456
59 67 12.347179
59 68 14.662922
59 69 11.006439
59 70 12.618946
59 71 11.294375
59 72 11.292768
59 73 14.108688
59 74 13.739833
59 75 11.781128
59 76 11.709146
59 77 14.081447
59 78 13.003283
59 79 13.984963
59 80 14.148682
59 81 13.581854
59 82 13.621922
59 83 13.266911
59 84 13.277265
59 85 12.364624
59 86 12.399779
59 87 14.138583
59 88 13.451559
59 89 11.762379
59 90 14.459923
59 91 13.718262
59 92 13.481939
59 93 13.599774
59 94 13.231679
59 95 12.469513
59 96 11.937515
59 97 12.370353
59 98 13.339486
59 99 14.419063
59 100 11.614866
60 0 11.763666
60 1 13.139103
60 2 12.350844
60 3 13.451386
60 4 14.434688
60 5 13.482382
60 6 14.284405
60 7 14.810723
60 8 13.003901
60 9 11.101898
60 10 13.203821
60 11 10.964908
60 12 13.409807
60 13 12.157210
60 14 12.616027
60 15 13.109269
60 16 11.591131
60 17 13.895674
60 18 11.862529
60 19 13.324040
60 20 13.503405
60 21 14.408272
60 22 13.516489
60 23 12.984330
60 24 11.894136
60 25 11.123331
60 26 11.171159
60 27 12.032445
60 28 14.549611
60 29 14.368917
60 30 11.809233
60 31 12.261615
60 32 11.478803
60 33 13.146636
60 34 13.724923
60 35 12.394391
60 36 13.242287
60 37 12.180724
60 38 11.221342
60 39 12.395160
60 40 13.769926
60 41 13.005647
60 42 13.702527
60 43 13.919675
60 44 12.826223
60 45 14.102760
60 46 13.976250
60 47 11.407756
60 48 13.000006
60 49 11.794062
60 50 12.621325
60 51 11.936874
60 52 13.105189
60 53 11.644255
60 54 14.637700
60 55 12.271469
60 56 13.182058
60 57 14.030552
60 58 10.944101
60 59 14.681567
60 61 12.879040
60 62 14.544251
60 63 11.044022
60 64 12.291257
60 65 11.429013
60 66 12.189846
60 67 13.586691
60 68 12.486260
60 69 11.355890
60 70 12.281803
60 71 11.637148
60 72 13.614972
60 73 13.803692
60 74 12.150031
60 75 12.903688
60 76 13.808074
60 77 11.532788
60 78 14.718642
60 79 12.569465
60 80 12.675610
60 81 13.219509
60 82 11.866091
60 83 13.375707
60 84 12.993682
60 85 13.162004
60 86 12.148188
60 87 12.853137
60 88 14.583351
60 89 11.700074
60 90 13.641735
60 91 13.876409
60 92 11.675442
60 93 13.698637
60 94 13.143187
60 95 14.499806
60 96 12.619738
60 97 14.021467
60 98 11.055829
60 99 14.663615
60 100 12.589153
61 0 14.118608
61 1 12.330544
61 2 13.158096
61 3 11.884563
61 4 12.753214
61 5 11.267990
61 6 14.154067
61 7 14.675624
61 8 11.480129
61 9 14.745799
61 10 12.301533
61 11 12.335775
61 12 13.406600
61 13 13.765062
61 14 14.090386
61 15 13.508186
61 16 13.472502
61 17 13.969928
61 18 14.037859
61 19 11.573686
61 20 11.301424
61 21 11.035299
61 22 12.542768
61 23 13.861556
61 24 12.382214
61 25 11.324133
61 26 13.403623
61 27 12.843741
61 28 12.027757
61 29 11.173030
61 30 11.876652
61 31 11.409772
61 32 14.663354
61 33 11.853737
61 34 11.908432
61 35 11.116727
61 36 13.921183
61 37 12.953238
61 38 11.011349
61 39 14.399712
61 40 14.250693
61 41 11.775262
61 42 14.715273
61 43 12.470926
61 44 12.779938
61 45 12.601720
61 46 12.689323
61 47 13.394236
61 48 11.472789
61 49 13.937319
61 50 13.458933
61 51 14.756680
61 52 14.063646
61 53 12.745423
61 54 12.546974
61 55 12.788193
61 56 12.703444
61 57 13.665869
61 58 14.610026
61 59 12.011724
61 60 12.879040
61 62 11.198664
61 63 12.052258
61 64 11.336857
61 65 12.617115
61 66 14.234379
61 67 12.344449
61 68 12.590274
61 69 11.850673
61 70 13.851653
61 71 11.339335
61 72 14.338002
61 73 13.258179
61 74 13.682388
61 75 12.929605
61 76 14.038634
61 77 11.364058
61 78 13.154437
61 79 12.295869
61 80 14.374429
61 81 13.114756
61 82 13.402722
61 83 11.284916
61 84 11.574953
61 85 11.476554
61 86 11.365507
61 87 11.231436
61 88 14.259625
61 89 14.228274
61 90 13.692710
61 91 12.495488
61 92 14.280210
61 93 13.643727
61 94 13.864552
61 95 11.216247
61 96 14.025038
61 97 11.708425
61 98 14.677222
61 99 12.206436
61 100 11.351552
62 0 11.746098
62 1 14.791387
62 2 14.729638
62 3 13.666014
62 4 13.792599
62 5 13.506030
62 6 11.590390
62 7 11.557099
62 8 11.141531
62 9 10.944446
62 10 12.652753
62 11 13.430909
62 12 11.500176
62 13 11.207819
62 14 11.655029
62 15 13.837298
62 16 14.689374
62 17 13.771516
62 18 12.137218
62 19 11.753941
62 20 11.119346
62 21 11.680799
62 22 12.379466
62 23 13.378036
62 24 13.094246
62 25 12.873400
62 26 13.264607
62 27 13.042451
62 28 13.536257
62 29 12.401913
62 30 11.171967
62 31 14.148118
62 32 12.883937
62 33 14.291258
62 34 14.346685
62 35 11.429406
62 36 11.071149
62 37 13.935572
62 38 14.797617
62 39 14.707909
62 40 13.340739
62 41 12.016940
62 42 11.623577
62 43 11.913833
62 44 11.405199
62 45 14.742502
62 46 14.807782
62 47 12.196200
62 48 13.955911
62 49 11.294156
62 50 10.938003
62 51 12.041679
62 52 12.069857
62 53 13.777313
62 54 12.118729
62 55 13.889650
62 56 12.124777
62 57 11.554186
62 58 14.394296
62 59 14.216327
62 60 14.544251
62 61 11.198664
62 63 11.839758
62 64 12.570154
62 65 14.097722
62 66 14.429461
62 67 13.540603
62 68 12.141130
62 69 14.616016
62 70 14.771309
62 71 12.643719
62 72 12.356410
62 73 13.394785
62 74 13.621831
62 75 11.464018
62 76 13.890390
62 77 14.452811
62 78 13.612354
62 79 11.099677
62 80 14.539384
62 81 11.302984
62 82 11.333926
62 83 11.036223
62 84 13.910094
62 85 12.755496
62 86 13.200714
62 87 10.992015
62 88 14.586498
62 89 14.148225
62 90 13.651733
62 91 14.180290
62 92 11.851532
62 93 13.886258
62 94 13.826133
62 95 13.075290
62 96 11.210243
62 97 14.709258
62 98 11.290755
62 99 12.469191
62 100 13.007599
63 0 11.240541
63 1 12.801803
63 2 11.206724
63 3 11.310072
63 4 11.391337
63 5 14.765056
63 6 12.988455
63 7 12.079220
63 8 12.130311
63 9 11.720596
63 10 12.445569
63 11 13.033517
63 12 13.677570
63 13 12.361155
63 14 13.940819
63 15 13.839763
63 16 14.017805
63 17 11.973756
63 18 14.243859
63 19 14.189149
63 20 12.512802
63 21 13.129310
63 22 13.112386
63 23 14.480242
63 24 12.792779
63 25 14.415005
63 26 11.273075
63 27 14.185469
63 28 14.697689
63 29 13.189562
63 30 11.859383
63 31 12.923556
63 32 11.593020
63 33 13.891290
63 34 14.005990
63 35 11.012755
63 36 14.142106
63 37 11.314576
63 38 12.866923
63 39 14.240737
63 40 14.451297
63 41 12.938489
63 42 12.229016
63 43 13.710406
63 44 11.940022
63 45 12.041497
63 46 12.910837
63 47 11.177696
63 48 12.861855
63 49 11.378981
63 50 13.691370
63 51 11.473777
63 52 11.670800
63 53 14.735732
63 54 13.667357
63 55 12.769972
63 56 12.582811
63 57 11.897114
63 58 11.502886
63 59 12.579570
63 60 11.044022
63 61 12.052258
63 62 11.839758
63 64 13.064516
63 65 11.198244
63 66 12.838473
63 67 11.040783
63 68 11.763094
63 69 12.066311
63 70 12.641490
63 71 13.531841
63 72 14.024748
63 73 11.435295
63 74 11.005850
63 75 11.788979
63 76 12.911102
63 77 11.388218
63 78 12.420963
63 79 14.377924
63 80 14.703032
63 81 11.451252
63 82 12.722908
63 83 11.853739
63 84 12.901249
63 85 14.294537
63 86 12.621388
63 87 13.354123
63 88 13.255374
63 89 11.148916
63 90 12.710033
63 91 14.732776
63 92 12.216845
63 93 14.469084
63 94 14.208724
63 95 10.990240
63 96 12.369586
63 97 11.033817
63 98 13.349807
63 99 13.697337
63 100 14.563204
64 0 14.491980
64 1 14.543657
64 2 11.256085
64 3 12.133973
64 4 13.459111
64 5 11.755211
64 6 13.100648
64 7 14.509525
64 8 11.551243
64 9 11.028770
64 10 14.662308
64 11 13.121676
64 12 14.364806
64 13 12.347965
64 14 11.865437
64 15 11.240984
64 16 14.566646
64 17 14.314781
64 18 11.093894
64 19 11.413477
64 20 12.675515
64 21 14.765961
64 22 11.189275
64 23 13.601119
64 24 11.928657
64 25 11.876699
64 26 11.612069
64 27 11.976428
64 28 12.139716
64 29 12.645392
64 30 11.195692
64 31 13.651346
64 32 14.791539
64 33 14.587191
64 34 11.997610
64 35 14.381396
64 36 12.163992
64 37 11.350452
64 38 12.856098
64 39 13.797257
64 40 12.869466
64 41 11.942777
64 42 13.336816
64 43 13.453714
64 44 13.989673
64 45 12.200094
64 46 13.251452
64 47 13.061610
64 48 12.638831
64 49 11.098789
64 50 13.602772
64 51 12.052001
64 52 12.445292
64 53 13.064962
64 54 12.020062
64 55 12.996606
64 56 14.277309
64 57 13.206475
64 58 12.318261
64 59 12.510465
64 60 12.291257
64 61 11.336857
64 62 12.570154
64 63 13.064516
64 65 11.660153
64 66 14.772861
64 67 12.508488
64 68 14.037214
64 69 14.072589
64 70 12.722578
64 71 13.778104
64 72 10.948230
64 73 11.160424
64 74 13.522424
64 75 12.358616
64 76 14.158480
64 77 13.313135
64 78 13.521208
64 79 13.478514
64 80 10.943410
64 81 14.816137
64 82 11.479442
64 83 11.148886
64 84 11.971995
64 85 14.330991
64 86 12.171830
64 87 11.817213
64 88 13.931770
64 89 13.705020
64 90 12.747589
64 91 12.528821
64 92 12.720580
64 93 11.811225
64 94 14.498389
64 95 12.241909
64 96 13.340060
64 97 11.990331
64 98 11.223143
64 99 14.524373
64 100 12.472958
65 0 12.653772
65 1 11.141539
65 2 11.136254
65 3 12.185126
65 4 13.599644
65 5 12.817229
65 6 13.012245
65 7 14.079949
65 8 11.229393
65 9 13.748236
65 10 13.636112
65 11 11.024875
65 12 12.579729
65 13 12.951440
65 14 11.316718
65 15 12.748799
65 16 13.133692
65 17 12.472404
65 18 13.732650
65 19 14.819602
65 20 14.647991
65 21 12.805793
65 22 12.848777
65 23 13.544624
65 24 14.541787
65 25 14.378155
65 26 13.382315
65 27 12.072024
65 28 12.274288
65 29 12.144505
65 30 12.507498
65 31 14.009621
65 32 13.026121
65 33 12.628442
65 34 11.317537
65 35 13.543839
65 36 13.269816
65 37 14.613008
65 38 11.043671
65 39 14.543004
65 40 13.160823
65 41 11.792252
65 42 13.961619
65 43 11.510426
65 44 13.448263
65 45 13.888480
65 46 11.503964
65 47 13.530788
65 48 14.504163
65 49 11.949001
65 50 11.633767
65 51 13.818911
65 52 14.244027
65 53 14.022957
65 54 14.486668
65 55 12.715006
65 56 14.481329
65 57 13.522351
65 58 12.622619
65 59 11.413445
65 60 11.429013
65 61 12.617115
65 62 14.097722
65 63 11.198244
65 64 11.660153
65 66 13.776012
65 67 13.074253
65 68 13.673845
65 69 12.910761
65 70 12.584954
65 71 14.486830
65 72 10.941235
65 73 14.147413
65 74 13.371522
65 75 14.463696
65 76 11.184849
65 77 11.572901
65 78 11.577608
65 79 14.094431
65 80 11.412478
65 81 14.338246
65 82 12.814297
65 83 14.023126
65 84 12.113733
65 85 11.837236
65 86 13.496152
65 87 14.045283
65 88 13.830540
65 89 14.793347
65 90 13.822671
65 91 11.029098
65 92 12.694988
65 93 14.573394
65 94 11.519643
65 95 11.290162
65 96 11.525759
65 97 12.701030
65 98 13.479357
65 99 13.582093
65 100 12.417588
66 0 14.425512
66 1 11.510778
66 2 13.742190
66 3 11.616096
66 4 13.774424
66 5 11.043884
66 6 12.192200
66 7 14.454490
66 8 14.281544
66 9 14.081324
66 10 14.264931
66 11 12.278759
66 12 13.229303
66 13 13.138806
66 14 13.999809
66 15 13.408867
66 16 11.630186
66 17 11.054029
66 18 12.322976
66 19 12.835967
66 20 11.282076
66 21 13.432426
66 22 13.323288
66 23 14.585646
66 24 13.283421
66 25 12.297155
66 26 11.990463
66 27 11.802625
66 28 12.357994
66 29 13.669886
66 30 13.345283
66 31 11.605238
66 32 11.795778
66 33 11.811932
66 34 11.366857
66 35 13.803777
66 36 12.090719
66 37 13.428250
66 38 14.285550
66 39 11.142415
66 40 11.809032
66 41 11.960271
66 42 11.267246
66 43 12.857916
66 44 14.086406
66 45 13.045423
66 46 12.049360
66 47 11.411907
66 48 12.748704
66 49 11.078513
66 50 11.375994
66 51 12.598936
66 52 12.892368
66 53 12.547847
66 54 13.774130
66 55 14.215434
66 56 12.766771
66 57 12.265329
66 58 13.437367
66 59 14.038456
66 60 12.189846
66 61 14.234379
66 62 14.429461
66 63 12.838473
66 64 14.772861
66 65 13.776012
66 67 12.437217
66 68 11.276707
66 69 11.245927
66 70 14.074075
66 71 11.250376
66 72 12.794436
66 73 13.256756
66 74 11.179789
66 75 13.473455
66 76 14.036527
66 77 12.490397
66 78 11.306986
66 79 11.276007
66 80 12.352089
66 81 12.999410
66 82 14.691307
66 83 14.146839
66 84 13.367136
66 85 13.816678
66 86 11.976520
66 87 12.079165
66 88 11.493891
66 89 13.508861
66 90 11.295920
66 91 13.841075
66 92 12.746601
66 93 11.513885
66 94 13.896515
66 95 11.189037
66 96 11.783809
66 97 11.144443
66 98 13.093682
66 99 14.360710
66 100 12.440736
67 0 12.814688
67 1 12.110935
67 2 13.236550
67 3 11.189589
67 4 12.825027
67 5 13.831697
67 6 14.618255
67 7 13.524954
67 8 10.937990
67 9 11.312788
67 10 14.281951
67 11 12.299148
67 12 14.777068
67 13 14.674456
67 14 10.930989
67 15 13.481159
67 16 13.445036
67 17 12.091118
67 18 14.447732
67 19 14.079908
67 20 11.549852
67 21 14.018532
67 22 12.239614
67 23 12.701820
67 24 14.268348
67 25 14.656273
67 26 14.725274
67 27 13.307805
67 28 12.265002
67 29 14.090110
67 30 13.666357
67 31 11.817584
67 32 14.253717
67 33 11.142668
67 34 11.795567
67 35 14.352549
67 36 11.757845
67 37 11.494448
67 38 11.566907
67 39 12.940853
67 40 11.445347
67 41 11.500125
67 42 11.372149
67 43 13.035046
67 44 14.048288
67 45 13.009227
67 46 13.897498
67 47 12.146936
67 48 11.416994
67 49 14.037954
67 50 13.296909
67 51 13.230337
67 52 11.414033
67 53 11.445847
67 54 14.554126
67 55 11.215953
67 56 14.512429
67 57 12.319834
67 58 14.550797
67 59 12.347179
67 60 13.586691
67 61 12.344449
67 62 13.540603
67 63 11.040783
67 64 12.508488
67 65 13.074253
67 66 12.437217
67 68 11.665815
67 69 13.251957
67 70 11.607885
67 71 13.748892
67 72 14.594330
67 73 11.923871
67 74 11.237399
67 75 14.401718
67 76 12.306368
67 77 13.955679
67 78 12.472496
67 79 12.147644
67 80 13.084147
67 81 12.850717
67 82 12.661097
67 83 12.686110
67 84 13.380892
67 85 12.350783
67 86 11.409592
67 87 14.621293
67 88 12.646446
67 89 13.628576
67 90 13.917284
67 91 14.096810
67 92 11.432025
67 93 12.468897
67 94 13.817331
67 95 14.291825
67 96 11.608404
67 97 12.213508
67 98 13.466876
67 99 13.448633
67 100 13.457225
68 0 10.927159
68 1 14.518642
68 2 12.258916
68 3 14.499895
68 4 11.863852
68 5 14.415278
68 6 11.141566
68 7 13.318507
68 8 12.716296
68 9 12.503088
68 10 13.057396
68 11 11.909141
68 12 11.972012
68 13 13.176813
68 14 11.882526
68 15 11.138282
68 16 14.410604
68 17 14.191744
68 18 12.888330
68 19 11.075944
68 20 11.518987
68 21 11.052898
68 22 12.948830
68 23 13.603896
68 24 14.772322
68 25 12.147447
68 26 12.177298
68 27 11.881002
68 28 13.762567
68 29 11.598785
68 30 11.539512
68 31 11.980993
68 32 14.164125
68 33 14.417212
68 34 14.636539
68 35 11.127158
68 36 11.881671
68 37 11.880309
68 38 14.661899
68 39 12.650064
68 40 12.886520
68 41 12.437383
68 42 14.597486
68 43 11.786218
68 44 11.255960
68 45 13.678101
68 46 14.581927
68 47 12.179516
68 48 11.641602
68 49 13.188879
68 50 12.609999
68 51 13.266180
68 52 13.530245
68 53 14.271144
68 54 13.312438
68 55 14.663616
68 56 12.886445
68 57 14.241503
68 58 13.181411
68 59 14.662922
68 60 12.486260
68 61 12.590274
68 62 12.141130
68 63 11.763094
68 64 14.037214
68 65 13.673845
68 66 11.276707
68 67 11.665815
68 69 12.988470
68 70 12.638680
68 71 11.926883
68 72 14.805832
68 73 13.271890
68 74 11.733680
68 75 13.750165
68 76 14.511600
68 77 11.139866
68 78 13.415796
68 79 11.892135
68 80 11.846315
68 81 11.195505
68 82 13.475067
68 83 13.207247
68 84 13.324348
68 85 11.257145
68 86 13.168412
68 87 12.580073
68 88 14.566445
68 89 14.355533
68 90 11.421132
68 91 12.587855
68 92 11.601021
68 93 14.278840
68 94 14.454702
68 95 12.284287
68 96 14.617006
68 97 11.303966
68 98 13.804240
68 99 12.616023
68 100 12.242861
69 0 12.756883
69 1 12.555812
69 2 11.416746
69 3 13.400077
69 4 11.893693
69 5 13.195002
69 6 13.122686
69 7 13.892595
69 8 14.079052
69 9 14.339994
69 10 12.543130
69 11 14.715142
69 12 14.315365
69 13 13.187423
69 14 14.166490
69 15 14.358387
69 16 13.467730
69 17 13.802431
69 18 13.595858
69 19 14.303614
69 20 10.983518
69 21 14.502552
69 22 13.749845
69 23 14.408372
69 24 11.029974
69 25 14.077191
69 26 11.583325
69 27 11.783292
69 28 14.779290
69 29 10.980550
69 30 11.455616
69 31 14.798536
69 32 14.593986
69 33 12.088342
69 34 13.290228
69 35 11.583433
69 36 14.624115
69 37 13.196964
69 38 14.603682
69 39 14.742148
69 40 10.951062
69 41 11.571218
69 42 10.987659
69 43 13.767917
69 44 13.778154
69 45 12.180067
69 46 13.377874
69 47 13.720044
69 48 13.891654
69 49 12.598880
69 50 14.289144
69 51 13.711036
69 52 11.566823
69 53 13.763262
69 54 14.087417
69 55 12.216856
69 56 11.675918
69 57 13.216419
69 58 12.530900
69 59 11.006439
69 60 11.355890
69 61 11.850673
69 62 14.616016
69 63 12.066311
69 64 14.072589
69 65 12.910761
69 66 11.245927
69 67 13.251957
69 68 12.988470
69 70 12.292885
69 71 13.360926
69 72 11.237010
69 73 13.415605
69 74 12.016227
69 75 14.406125
69 76 12.119253
69 77 12.510912
69 78 11.947181
69 79 12.624288
69 80 13.630949
69 81 12.836583
69 82 12.656306
69 83 13.315636
69 84 11.600083
69 85 12.093693
69 86 14.807386
69 87 12.127473
69 88 11.734676
69 89 12.362684
69 90 13.886432
69 91 11.463817
69 92 13.880431
69 93 12.307195
69 94 14.020046
69 95 12.547542
69 96 13.667798
69 97 11.691026
69 98 12.412489
69 99 11.986196
69 100 13.550988
70 0 11.818090
70 1 14.005051
70 2 12.263737
70 3 14.784499
70 4 11.564009
70 5 14.379578
70 6 14.002264
70 7 13.206812
70 8 13.674895
70 9 14.515666
70 10 13.767657
70 11 11.474117
70 12 14.261501
70 13 13.200002
70 14 14.642212
70 15 12.391396
70 16 13.696123
70 17 14.245707
70 18 11.309716
70 19 13.175999
70 20 12.795768
70 21 12.485293
70 22 13.365311
70 23 11.409447
70 24 12.327917
70 25 11.792999
70 26 11.204860
70 27 13.450192
70 28 13.268698
70 29 12.773452
70 30 14.128742
70 31 13.808914
70 32 13.747124
70 33 14.235779
70 34 12.297350
70 35 11.905431
70 36 13.490206
70 37 14.573653
70 38 11.939817
70 39 14.623458
70 40 13.169990
70 41 11.659613
70 42 11.324435
70 43 11.046574
70 44 12.486898
70 45 11.455602
70 46 11.066321
70 47 13.675766
70 48 11.722148
70 49 13.516585
70 50 12.178123
70 51 13.962737
70 52 11.354476
70 53 13.516928
70 54 11.239298
70 55 10.977053
70 56 12.172584
70 57 11.646381
70 58 11.224754
70 59 12.618946
70 60 12.281803
70 61 13.851653
70 62 14.771309
70 63 12.641490
70 64 12.722578
70 65 12.584954
70 66 14.074075
70 67 11.607885
70 68 12.638680
70 69 12.292885
70 71 14.557146
70 72 12.224918
70 73 13.292705
70 74 12.167584
70 75 12.322199
70 76 11.597392
70 77 13.543469
70 78 12.437914
70 79 14.026359
70 80 12.418967
70 81 14.374991
70 82 12.669677
70 83 12.086934
70 84 11.943277
70 85 12.244786
70 86 10.983127
70 87 11.382884
70 88 14.362604
70 89 14.788276
70 90 14.179447
70 91 11.513688
70 92 11.072632
70 93 11.857655
70 94 14.693807
70 95 12.148670
70 96 10.942017
70 97 13.827132
70 98 11.457454
70 99 12.937511
70 100 12.823140
71 0 12.096668
71 1 10.993982
71 2 11.941626
71 3 14.810728
71 4 12.619370
71 5 11.899087
71 6 12.433440
71 7 12.048814
71 8 13.869152
71 9 13.255113
71 10 13.477163
71 11 11.585966
71 12 10.982232
71 13 13.330290
71 14 11.278609
71 15 12.399682
71 16 12.862014
71 17 12.001320
71 18 14.456684
71 19 13.610741
71 20 13.146473
71 21 12.451114
71 22 13.052623
71 23 11.681125
71 24 12.671630
71 25 12.189119
71 26 13.343018
71 27 12.452405
71 28 12.453696
71 29 14.248222
71 30 14.071260
71 31 13.201660
71 32 14.650453
71 33 14.205969
71 34 11.298501
71 35 14.102986
71 36 13.621220
71 37 12.874889
71 38 11.150120
71 39 12.310124
71 40 11.886537
71 41 14.064921
71 42 11.149300
71 43 12.190180
71 44 12.905346
71 45 13.894585
71 46 13.540000
71 47 12.162460
71 48 14.261760
71 49 13.435188
71 50 13.946296
71 51 14.803040
71 52 12.439217
71 53 11.157693
71 54 11.867877
71 55 11.437085
71 56 13.695970
71 57 14.657373
71 58 11.854023
71 59 11.294375
71 60 11.637148
71 61 11.339335
71 62 12.643719
71 63 13.531841
71 64 13.778104
71 65 14.486830
71 66 11.250376
71 67 13.748892
71 68 11.926883
71 69 13.360926
71 70 14.557146
71 72 11.626884
71 73 11.014637
71 74 11.762634
71 75 13.683192
71 76 13.205751
71 77 13.187942
71 78 11.781478
71 79 12.310003
71 80 11.767043
71 81 11.508409
71 82 11.475811
71 83 11.787135
71 84 13.038221
71 85 14.625480
71 86 14.190258
71 87 14.386563
71 88 14.794555
71 89 14.431425
71 90 11.772560
71 91 14.154943
71 92 13.913697
71 93 14.262672
71 94 13.161541
71 95 14.482138
71 96 14.694116
71 97 13.828480
71 98 13.463062
71 99 13.048655
71 100 14.490696
72 0 11.552799
72 1 11.054997
72 2 12.036849
72 3 13.467466
72 4 12.242308
72 5 11.098124
72 6 12.240047
72 7 11.527195
72 8 11.816252
72 9 13.630347
72 10 14.215201
72 11 14.777550
72 12 11.180012
72 13 14.553455
72 14 11.669188
72 15 11.270261
72 16 12.109623
72 17 12.291167
72 18 13.360794
72 19 12.103603
72 20 11.907796
72 21 12.847145
72 22 13.077642
72 23 11.663770
72 24 13.195951
72 25 12.515286
72 26 11.128444
72 27 11.430612
72 28 14.430951
72 29 11.089991
72 30 13.789026
72 31 14.802463
72 32 12.360548
72 33 12.060797
72 34 14.329825
72 35 13.633376
72 36 14.130774
72 37 11.647984
72 38 11.973529
72 39 13.462146
72 40 14.297631
72 41 12.550743
72 42 14.196284
72 43 12.140569
72 44 12.930196
72 45 13.011266
72 46 12.942456
72 47 12.719598
72 48 13.001462
72 49 14.769304
72 50 12.257712
72 51 12.602831
72 52 11.445713
72 53 11.469380
72 54 11.019542
72 55 12.882463
72 56 11.694784
72 57 12.584659
72 58 14.698982
72 59 11.292768
72 60 13.614972
72 61 14.338002
72 62 12.356410
72 63 14.024748
72 64 10.948230
72 65 10.941235
72 66 12.794436
72 67 14.594330
72 68 14.805832
72 69 11.237010
72 70 12.224918
72 71 11.626884
72 73 12.112016
72 74 13.300522
72 75 12.666053
72 76 12.078162
72 77 13.040151
72 78 12.258772
72 79 13.327443
72 80 13.744109
72 81 12.537490
72 82 11.767162
72 83 13.283577
72 84 13.807613
72 85 14.080256
72 86 11.771619
72 87 12.687643
72 88 11.162876
72 89 12.787211
72 90 13.949522
72 91 12.600918
72 92 13.293786
72 93 13.789183
72 94 11.877534
72 95 14.603934
72 96 11.088266
72 97 12.136152
72 98 11.530344
72 99 12.058323
72 100 11.892158
73 0 12.994329
73 1 11.270238
73 2 11.671298
73 3 12.949140
73 4 13.614114
73 5 12.463950
73 6 14.781124
73 7 13.726312
73 8 12.595034
73 9 14.054583
73 10 11.577814
73 11 12.403001
73 12 12.146138
73 13 11.920192
73 14 11.976891
73 15 12.663371
73 16 11.054708
73 17 14.034209
73 18 12.390896
73 19 14.572761
73 20 13.000603
73 21 13.143483
73 22 11.865606
73 23 14.464417
73 24 11.102078
73 25 13.629899
73 26 11.274016
73 27 12.887019
73 28 10.961973
73 29 12.725973
73 30 13.336600
73 31 12.826172
73 32 13.094305
73 33 11.067507
73 34 14.632392
73 35 11.454005
73 36 12.838966
73 37 12.405971
73 38 12.165431
73 39 12.301776
73 40 14.350855
73 41 12.325546
73 42 13.537534
73 43 13.746128
73 44 13.900964
73 45 12.075577
73 46 11.389676
73 47 11.636709
73 48 12.403904
73 49 12.563361
73 50 12.549909
73 51 11.822726
73 52 13.741466
73 53 13.398012
73 54 11.257375
73 55 13.514515
73 56 12.134344
73 57 12.634580
73 58 12.986014
73 59 14.108688
73 60 13.803692
73 61 13.258179
73 62 13.394785
73 63 11.435295
73 64 11.160424
73 65 14.147413
73 66 13.256756
73 67 11.923871
73 68 13.271890
73 69 13.415605
73 70 13.292705
73 71 11.014637
73 72 12.112016
73 74 11.652135
73 75 14.285937
73 76 13.307609
73 77 11.876707
73 78 11.689503
73 79 11.730764
73 80 11.884114
73 81 13.888324
73 82 13.711585
73 83 12.857649
73 84 11.462366
73 85 10.968687
73 86 13.658764
73 87 14.390953
73 88 13.868220
73 89 14.482881
73 90 11.666303
73 91 12.932167
73 92 12.438918
73 93 12.771347
73 94 11.650715
73 95 11.655214
73 96 12.688282
73 97 14.541581
73 98 12.826129
73 99 11.548694
73 100 14.264976
74 0 12.424947
74 1 11.888859
74 2 10.935699
74 3 12.532243
74 4 13.338369
74 5 11.339710
74 6 11.944896
74 7 13.196423
74 8 11.479807
74 9 11.808621
74 10 12.041676
74 11 11.333158
74 12 13.968972
74 13 10.921445
74 14 11.227402
74 15 11.545718
74 16 13.709724
74 17 12.144651
74 18 12.955706
74 19 12.945610
74 20 12.843706
74 21 14.097719
74 22 14.403740
74 23 13.820836
74 24 10.959520
74 25 13.281164
74 26 14.401129
74 27 13.362601
74 28 12.412936
74 29 11.677605
74 30 11.100497
74 31 11.829289
74 32 12.092002
74 33 14.347679
74 34 11.026990
74 35 11.558531
74 36 11.181300
74 37 14.593162
74 38 12.408047
74 39 12.447808
74 40 12.660194
74 41 11.801835
74 42 13.891203
74 43 13.436093
74 44 11.734046
74 45 14.678540
74 46 13.449038
74 47 11.224738
74 48 12.846917
74 49 11.562830
74 50 14.535615
74 51 14.749842
74 52 14.770828
74 53 12.191329
74 54 12.771162
74 55 11.385044
74 56 11.556261
74 57 11.319612
74 58 11.514804
74 59 13.739833
74 60 12.150031
74 61 13.682388
74 62 13.621831
74 63 11.005850
74 64 13.522424
74 65 13.371522
74 66 11.179789
74 67 11.237399
74 68 11.733680
74 69 12.016227
74 70 12.167584
74 71 11.762634
74 72 13.300522
74 73 11.652135
74 75 11.966141
74 76 12.798739
74 77 12.845228
74 78 10.995454
74 79 11.503371
74 80 13.053835
74 81 12.363511
74 82 14.052030
74 83 12.614191
74 84 12.388639
74 85 13.394512
74 86 14.439647
74 87 13.766438
74 88 12.179501
74 89 14.713160
74 90 12.431463
74 91 11.627318
74 92 14.317039
74 93 14.737132
74 94 12.492339
74 95 14.781582
74 96 14.414266
74 97 12.516532
74 98 14.165956
74 99 12.056592
74 100 12.802024
75 0 12.622328
75 1 12.232077
75 2 12.986267
75 3 13.299257
75 4 13.380747
75 5 12.863459
75 6 14.721135
75 7 13.914673
75 8 11.054387
75 9 11.850845
75 10 14.091115
75 11 14.282457
75 12 11.000006
75 13 11.518928
75 14 13.259671
75 15 13.720283
75 16 11.902747
75 17 11.827522
75 18 11.725924
75 19 14.694044
75 20 11.855329
75 21 14.507421
75 22 13.561773
75 23 14.039800
75 24 12.047233
75 25 11.315437
75 26 12.604678
75 27 10.968180
75 28 11.238113
75 29 11.910811
75 30 14.140275
75 31 12.842756
75 32 11.688590
75 33 13.721281
75 34 14.660996
75 35 14.646432
75 36 13.852071
75 37 12.709046
75 38 11.009855
75 39 12.269591
75 40 11.126003
75 41 11.944284
75 42 13.693340
75 43 13.520222
75 44 12.903625
75 45 12.930425
75 46 12.581000
75 47 12.628062
75 48 12.635034
75 49 12.322670
75 50 14.148060
75 51 14.068274
75 52 13.183843
75 53 12.175440
75 54 12.519872
75 55 12.120403
75 56 14.359563
75 57 14.220326
75 58 11.410313
75 59 11.781128
75 60 12.903688
75 61 12.929605
75 62 11.464018
75 63 11.788979
75 64 12.358616
75 65 14.463696
75 66 13.473455
75 67 14.401718
75 68 13.750165
75 69 14.406125
75 70 12.322199
75 71 13.683192
75 72 12.666053
75 73 14.285937
75 74 11.966141
75 76 13.015126
75 77 13.553729
75 78 12.848640
75 79 13.646123
75 80 14.405460
75 81 12.671669
75 82 14.748035
75 83 13.453081
75 84 12.761842
75 85 14.274062
75 86 13.465685
75 87 13.249270
75 88 13.267452
75 89 11.811722
75 90 11.728735
75 91 14.231511
75 92 13.631270
75 93 11.950466
75 94 14.610923
75 95 12.100090
75 96 11.785937
75 97 11.559332
75 98 13.921686
75 99 11.765026
75 100 14.110680
76 0 10.936401
76 1 13.124109
76 2 12.673813
76 3 10.981489
76 4 11.396846
76 5 13.110949
76 6 14.661138
76 7 12.891362
76 8 13.065205
76 9 14.334964
76 10 11.036566
76 11 12.272518
76 12 12.969889
76 13 14.390896
76 14 14.349166
76 15 11.012275
76 16 12.248917
76 17 12.578404
76 18 11.403158
76 19 13.680708
76 20 14.335482
76 21 13.149631
76 22 12.276468
76 23 13.235513
76 24 11.216659
76 25 11.532541
76 26 12.923453
76 27 14.631514
76 28 12.509356
76 29 13.735778
76 30 13.302877
76 31 14.494640
76 32 11.496954
76 33 11.389174
76 34 11.308562
76 35 13.403958
76 36 12.625605
76 37 11.980951
76 38 11.163039
76 39 11.613207
76 40 11.585719
76 41 12.323708
76 42 11.259291
76 43 12.167877
76 44 14.758820
76 45 12.901726
76 46 13.473290
76 47 13.423114
76 48 11.302394
76 49 12.192762
76 50 13.518755
76 51 14.197654
76 52 13.617354
76 53 12.058859
76 54 11.849657
76 55 11.395446
76 56 11.578018
76 57 12.878562
76 58 13.048308
76 59 11.709146
76 60 13.808074
76 61 14.038634
76 62 13.890390
76 63 12.911102
76 64 14.158480
76 65 11.184849
76 66 14.036527
76 67 12.306368
76 68 14.511600
76 69 12.119253
76 70 11.597392
76 71 13.205751
76 72 12.078162
76 73 13.307609
76 74 12.798739
76 75 13.015126
76 77 10.963441
76 78 13.063794
76 79 14.617721
76 80 14.629197
76 81 14.108282
76 82 14.783635
76 83 14.610272
76 84 14.535180
76 85 11.966038
76 86 11.137392
76 87 12.551414
76 88 11.737123
76 89 14.071842
76 90 12.296895
76 91 13.972990
76 92 12.912441
76 93 11.884900
76 94 14.121282
76 95 13.818298
76 96 12.638964
76 97 11.778084
76 98 13.864871
76 99 12.745750
76 100 12.666134
77 0 11.177845
77 1 11.077101
77 2 11.730557
77 3 12.637082
77 4 12.856017
77 5 14.220631
77 6 12.117374
77 7 11.184213
77 8 13.573892
77 9 11.537960
77 10 12.197933
77 11 12.373020
77 12 13.892679
77 13 14.781677
77 14 13.328522
77 15 13.829571
77 16 12.864346
77 17 13.973313
77 18 14.122657
77 19 11.239245
77 20 12.134356
77 21 11.310671
77 22 11.056561
77 23 14.286613
77 24 11.062245
77 25 14.559990
77 26 13.576984
77 27 11.365992
77 28 12.214498
77 29 13.735448
77 30 14.084574
77 31 12.936347
77 32 13.017235
77 33 12.382077
77 34 11.525559
77 35 10.995685
77 36 13.262852
77 37 12.823622
77 38 11.839138
77 39 12.414389
77 40 13.159671
77 41 12.634066
77 42 12.442176
77 43 13.097045
77 44 11.918458
77 45 13.609438
77 46 13.567915
77 47 13.844764
77 48 11.469639
77 49 12.967975
77 50 10.941667
77 51 13.665877
77 52 14.069685
77 53 14.460062
77 54 14.766823
77 55 11.766598
77 56 13.165376
77 57 11.957296
77 58 11.004699
77 59 14.081447
77 60 11.532788
77 61 11.364058
77 62 14.452811
77 63 11.388218
77 64 13.313135
77 65 11.572901
77 66 12.490397
77 67 13.955679
77 68 11.139866
77 69 12.510912
77 70 13.543469
77 71 13.187942
77 72 13.040151
77 73 11.876707
77 74 12.845228
77 75 13.553729
77 76 10.963441
77 78 12.881770
77 79 14.256765
77 80 12.478685
77 81 13.828594
77 82 11.384794
77 83 11.944723
77 84 13.140675
77 85 12.858163
77 86 13.063991
77 87 11.224396
77 88 11.873041
77 89 14.266888
77 90 14.803930
77 91 12.426608
77 92 13.622147
77 93 12.062031
77 94 11.157721
77 95 12.228288
77 96 11.299175
77 97 13.914640
77 98 13.675008
77 99 14.385751
77 100 11.309970
78 0 11.475799
78 1 13.732660
78 2 13.020786
78 3 11.125081
78 4 12.826783
78 5 12.291951
78 6 13.483653
78 7 14.332895
78 8 12.411597
78 9 12.313343
78 10 11.268820
78 11 14.279964
78 12 11.203377
78 13 13.903852
78 14 12.904434
78 15 12.980970
78 16 12.566127
78 17 13.898394
78 18 11.171233
78 19 11.181470
78 20 13.371014
78 21 11.815043
78 22 13.778401
78 23 14.071073
78 24 13.419789
78 25 12.096337
78 26 14.099011
78 27 10.928550
78 28 12.280593
78 29 13.950720
78 30 12.488526
78 31 12.003117
78 32 11.555024
78 33 11.000338
78 34 13.878974
78 35 12.550248
78 36 11.955739
78 37 10.920731
78 38 12.870849
78 39 10.966539
78 40 12.709595
78 41 13.634195
78 42 13.040928
78 43 11.557256
78 44 12.714512
78 45 10.938485
78 46 11.304162
78 47 14.307823
78 48 11.284446
78 49 14.567445
78 50 11.596994
78 51 12.763590
78 52 13.475450
78 53 13.555970
78 54 11.762204
78 55 14.706107
78 56 11.613015
78 57 12.413824
78 58 13.314367
78 59 13.003283
78 60 14.718642
78 61 13.154437
78 62 13.612354
78 63 12.420963
78 64 13.521208
78 65 11.577608
78 66 11.306986
78 67 12.472496
78 68 13.415796
78 69 11.947181
78 70 12.437914
78 71 11.781478
78 72 12.258772
78 73 11.689503
78 74 10.995454
78 75 12.848640
78 76 13.063794
78 77 12.881770
78 79 13.644776
78 80 12.065189
78 81 11.899533
78 82 14.080938
78 83 11.482136
78 84 12.437945
78 85 11.195719
78 86 10.924184
78 87 11.062418
78 88 12.873127
78 89 12.423938
78 90 13.338896
78 91 13.125156
78 92 12.858824
78 93 14.666378
78 94 13.187691
78 95 11.908970
78 96 13.601404
78 97 13.682740
78 98 12.081276
78 99 13.255598
78 100 13.915647
79 0 14.698472
79 1 14.604651
79 2 14.745206
79 3 12.133854
79 4 12.566679
79 5 11.895987
79 6 14.267138
79 7 11.101645
79 8 13.791402
79 9 13.516629
79 10 12.847257
79 11 13.172155
79 12 11.953872
79 13 13.468621
79 14 11.658480
79 15 14.437242
79 16 11.263441
79 17 14.446098
79 18 11.961972
79 19 13.759739
79 20 13.681037
79 21 12.075392
79 22 14.055138
79 23 11.141179
79 24 13.660761
79 25 11.796744
79 26 12.477868
79 27 13.907105
79 28 11.547261
79 29 13.401742
79 30 11.035218
79 31 12.908378
79 32 12.319450
79 33 12.263086
79 34 13.378660
79 35 12.828953
79 36 13.067777
79 37 11.483384
79 38 10.963615
79 39 11.347719
79 40 13.336834
79 41 10.981038
79 42 11.515022
79 43 11.001711
79 44 12.104482
79 45 11.625055
79 46 13.731719
79 47 12.184371
79 48 14.046258
79 49 14.373673
79 50 13.770631
79 51 12.649916
79 52 12.386025
79 53 14.557807
79 54 11.152546
79 55 12.907132
79 56 11.044002
79 57 12.725215
79 58 14.067608
79 59 13.984963
79 60 12.569465
79 61 12.295869
79 62 11.099677
79 63 14.377924
79 64 13.478514
79 65 14.094431
79 66 11.276007
79 67 12.147644
79 68 11.892135
79 69 12.624288
79 70 14.026359
79 71 12.310003
79 72 13.327443
79 73 11.730764
79 74 11.503371
79 75 13.646123
79 76 14.617721
79 77 14.256765
79 78 13.644776
79 80 11.361226
79 81 14.540056
79 82 12.649115
79 83 12.659856
79 84 14.129891
79 85 12.310107
79 86 12.427014
79 87 12.313795
79 88 11.014729
79 89 12.641721
79 90 13.038025
79 91 12.828149
79 92 13.812949
79 93 13.280369
79 94 14.786894
79 95 11.376476
79 96 12.464142
79 97 13.689589
79 98 11.519682
79 99 12.657821
79 100 13.664914
80 0 12.335026
80 1 12.908814
80 2 10.973222
80 3 14.307322
80 4 14.598429
80 5 13.538548
80 6 11.204354
80 7 11.475337
80 8 12.885600
80 9 12.645499
80 10 11.077687
80 11 11.123163
80 12 12.509547
80 13 11.150669
80 14 12.789585
80 15 12.014928
80 16 12.606347
80 17 13.718568
80 18 12.446688
80 19 11.239469
80 20 14.174089
80 21 11.511142
80 22 13.502322
80 23 11.849258
80 24 11.905841
80 25 12.617237
80 26 14.789269
80 27 14.703801
80 28 13.749338
80 29 11.800378
80 30 11.450019
80 31 14.699866
80 32 12.233203
80 33 14.253591
80 34 13.789546
80 35 12.400532
80 36 12.713508
80 37 14.816994
80 38 13.394019
80 39 11.990324
80 40 12.774604
80 41 12.910280
80 42 13.118860
80 43 14.586362
80 44 12.901941
80 45 12.104120
80 46 12.451211
80 47 13.913272
80 48 11.323247
80 49 10.933508
80 50 14.738805
80 51 11.568613
80 52 12.160268
80 53 11.590204
80 54 11.401302
80 55 11.034233
80 56 13.902052
80 57 12.720957
80 58 13.839281
80 59 14.148682
80 60 12.675610
80 61 14.374429
80 62 14.539384
80 63 14.703032
80 64 10.943410
80 65 11.412478
80 66 12.352089
80 67 13.084147
80 68 11.846315
80 69 13.630949
80 70 12.418967
80 71 11.767043
80 72 13.744109
80 73 11.884114
80 74 13.053835
80 75 14.405460
80 76 14.629197
80 77 12.478685
80 78 12.065189
80 79 11.361226
80 81 13.523815
80 82 10.960546
80 83 12.282601
80 84 12.562817
80 85 12.907625
80 86 11.477260
80 87 12.502556
80 88 13.732612
80 89 13.299369
80 90 11.023766
80 91 13.128863
80 92 14.251700
80 93 13.148561
80 94 13.638889
80 95 12.024054
80 96 12.099396
80 97 11.586326
80 98 13.940010
80 99 13.205430
80 100 12.821736
81 0 13.780823
81 1 11.153108
81 2 14.024172
81 3 11.026408
81 4 12.398642
81 5 14.506187
81 6 13.287467
81 7 14.364599
81 8 12.431121
81 9 12.955178
81 10 14.675818
81 11 11.596889
81 12 11.233660
81 13 12.969085
81 14 14.802022
81 15 12.217957
81 16 13.963664
81 17 11.177665
81 18 12.619798
81 19 14.528912
81 20 13.191471
81 21 13.201313
81 22 12.529878
81 23 11.420641
81 24 12.286041
81 25 14.009918
81 26 13.514485
81 27 12.559739
81 28 10.968196
81 29 13.621283
81 30 11.462619
81 31 12.451207
81 32 12.494250
81 33 11.655738
81 34 11.686966
81 35 14.331344
81 36 14.133730
81 37 14.660462
81 38 13.370108
81 39 14.475496
81 40 14.540532
81 41 12.882862
81 42 14.364212
81 43 11.127505
81 44 11.623905
81 45 12.367899
81 46 11.902289
81 47 11.937214
81 48 14.414221
81 49 11.694815
81 50 14.027413
81 51 14.041813
81 52 13.250644
81 53 10.921043
81 54 12.756383
81 55 14.040440
81 56 13.016372
81 57 12.192227
81 58 12.176791
81 59 13.581854
81 60 13.219509
81 61 13.114756
81 62 11.302984
81 63 11.451252
81 64 14.816137
81 65 14.338246
81 66 12.999410
81 67 12.850717
81 68 11.195505
81 69 12.836583
81 70 14.374991
81 71 11.508409
81 72 12.537490
81 73 13.888324
81 74 12.363511
81 75 12.671669
81 76 14.108282
81 77 13.828594
81 78 11.899533
81 79 14.540056
81 80 13.523815
81 82 13.864284
81 83 14.184956
81 84 11.370613
81 85 14.357514
81 86 13.463484
81 87 11.746079
81 88 12.666088
81 89 14.308220
81 90 14.134041
81 91 14.755430
81 92 12.082773
81 93 11.483401
81 94 12.852752
81 95 13.259191
81 96 14.549318
81 97 13.183244
81 98 14.403255
81 99 12.826373
81 100 12.482537
82 0 14.353465
82 1 11.232937
82 2 11.611499
82 3 12.577638
82 4 11.532002
82 5 13.096829
82 6 11.840219
82 7 14.483963
82 8 12.077432
82 9 13.466552
82 10 13.447803
82 11 11.909300
82 12 12.392820
82 13 13.650903
82 14 12.955299
82 15 13.295483
82 16 10.966010
82 17 12.288722
82 18 13.198858
82 19 11.474722
82 20 12.457798
82 21 14.466931
82 22 11.654166
82 23 14.056795
82 24 12.096961
82 25 11.943858
82 26 13.614723
82 27 12.183996
82 28 11.420602
82 29 12.140677
82 30 12.095570
82 31 12.456945
82 32 12.573462
82 33 11.870865
82 34 13.604306
82 35 12.971544
82 36 11.402563
82 37 12.601604
82 38 13.984224
82 39 13.458149
82 40 11.475406
82 41 11.119025
82 42 12.654690
82 43 11.281090
82 44 13.931917
82 45 14.121053
82 46 14.442576
82 47 14.639819
82 48 14.172034
82 49 13.182157
82 50 13.984070
82 51 11.838085
82 52 14.755015
82 53 13.491484
82 54 14.518604
82 55 11.030144
82 56 12.572637
82 57 13.400444
82 58 11.189340
82 59 13.621922
82 60 11.866091
82 61 13.402722
82 62 11.333926
82 63 12.722908
82 64 11.479442
82 65 12.814297
82 66 14.691307
82 67 12.661097
82 68 13.475067
82 69 12.656306
82 70 12.669677
82 71 11.475811
82 72 11.767162
82 73 13.711585
82 74 14.052030
82 75 14.748035
82 76 14.783635
82 77 11.384794
82 78 14.080938
82 79 12.649115
82 80 10.960546
82 81 13.864284
82 83 11.270734
82 84 13.042513
82 85 11.542466
82 86 12.779627
82 87 11.487751
82 88 14.704268
82 89 11.042269
82 90 11.856807
82 91 13.450020
82 92 13.114674
82 93 11.566956
82 94 11.783656
82 95 11.458314
82 96 12.577014
82 97 14.499054
82 98 13.510604
82 99 14.634319
82 100 11.790740
83 0 11.990416
83 1 11.194045
83 2 12.712612
83 3 14.105553
83 4 11.581325
83 5 13.538970
83 6 13.504346
83 7 14.000087
83 8 12.276184
83 9 13.688538
83 10 14.628832
83 11 13.441814
83 12 11.105028
83 13 14.682535
83 14 12.427634
83 15 14.539403
83 16 11.356527
83 17 14.349648
83 18 13.289109
83 19 14.638665
83 20 12.944822
83 21 14.806785
83 22 14.261586
83 23 11.669031
83 24 13.067998
83 25 11.132224
83 26 12.583982
83 27 12.032723
83 28 14.014642
83 29 13.342443
83 30 10.965447
83 31 11.086784
83 32 12.197257
83 33 12.599663
83 34 11.799176
83 35 13.547091
83 36 14.424630
83 37 14.159425
83 38 13.745308
83 39 11.285999
83 40 12.465193
83 41 13.776716
83 42 13.957234
83 43 12.572953
83 44 13.459779
83 45 11.260536
83 46 12.287141
83 47 13.036779
83 48 13.975902
83 49 11.241685
83 50 11.167431
83 51 11.648251
83 52 10.933035
83 53 14.240981
83 54 12.498603
83 55 13.924587
83 56 11.997980
83 57 12.868178
83 58 14.259406
83 59 13.266911
83 60 13.375707
83 61 11.284916
83 62 11.036223
83 63 11.853739
83 64 11.148886
83 65 14.023126
83 66 14.146839
83 67 12.686110
83 68 13.207247
83 69 13.315636
83 70 12.086934
83 71 11.787135
83 72 13.283577
83 73 12.857649
83 74 12.614191
83 75 13.453081
83 76 14.610272
83 77 11.944723
83 78 11.482136
83 79 12.659856
83 80 12.282601
83 81 14.184956
83 82 11.270734
83 84 13.745360
83 85 12.865395
83 86 14.814551
83 87 14.719688
83 88 13.445889
83 89 13.979194
83 90 12.631445
83 91 13.990022
83 92 12.695120
83 93 11.333789
83 94 11.893665
83 95 13.935170
83 96 14.315726
83 97 12.467597
83 98 11.965115
83 99 13.270251
83 100 11.721275
84 0 14.569181
84 1 13.620043
84 2 11.455983
84 3 12.400633
84 4 14.310843
84 5 12.631025
84 6 11.803651
84 7 13.797306
84 8 11.176651
84 9 11.742024
84 10 13.620589
84 11 13.898681
84 12 13.315369
84 13 13.604071
84 14 11.980290
84 15 11.447021
84 16 11.475229
84 17 12.888573
84 18 11.734470
84 19 14.054470
84 20 13.298712
84 21 14.430307
84 22 14.151749
84 23 12.260557
84 24 13.415733
84 25 12.794614
84 26 13.923447
84 27 11.907966
84 28 13.170490
84 29 12.302641
84 30 14.238326
84 31 11.325368
84 32 13.420555
84 33 12.882594
84 34 12.576902
84 35 14.632435
84 36 10.945932
84 37 13.859487
84 38 13.185267
84 39 14.738767
84 40 12.936785
84 41 14.432226
84 42 12.808030
84 43 13.116826
84 44 11.617816
84 45 12.577466
84 46 13.252341
84 47 14.174194
84 48 13.152064
84 49 11.833342
84 50 13.825491
84 51 11.946001
84 52 11.853199
84 53 14.334501
84 54 12.981042
84 55 12.729024
84 56 13.241519
84 57 14.315745
84 58 11.946595
84 59 13.277265
84 60 12.993682
84 61 11.574953
84 62 13.910094
84 63 12.901249
84 64 11.971995
84 65 12.113733
84 66 13.367136
84 67 13.380892
84 68 13.324348
84 69 11.600083
84 70 11.943277
84 71 13.038221
84 72 13.807613
84 73 11.462366
84 74 12.388639
84 75 12.761842
84 76 14.535180
84 77 13.140675
84 78 12.437945
84 79 14.129891
84 80 12.562817
84 81 11.370613
84 82 13.042513
84 83 13.745360
84 85 14.425951
84 86 13.153855
84 87 12.632160
84 88 13.809263
84 89 12.636898
84 90 14.677623
84 91 11.610941
84 92 13.107139
84 93 11.846111
84 94 11.682570
84 95 13.392266
84 96 13.831192
84 97 13.672502
84 98 11.605281
84 99 12.700078
84 100 12.593093
85 0 11.034533
85 1 11.394871
85 2 13.534438
85 3 11.523291
85 4 13.263236
85 5 14.550308
85 6 13.846803
85 7 12.804778
85 8 10.983314
85 9 13.386474
85 10 12.071533
85 11 11.916619
85 12 10.927880
85 13 13.978448
85 14 12.186261
85 15 14.023936
85 16 13.762873
85 17 11.331923
85 18 11.545104
85 19 11.477600
85 20 11.524732
85 21 11.622768
85 22 12.646779
85 23 13.655757
85 24 13.056282
85 25 12.877332
85 26 12.982993
85 27 11.426531
85 28 12.501945
85 29 11.310571
85 30 11.520488
85 31 11.259292
85 32 12.294591
85 33 13.144206
85 34 13.067766
85 35 13.092744
85 36 13.139134
85 37 11.720816
85 38 14.235422
85 39 13.407384
85 40 14.686687
85 41 12.041984
85 42 14.166977
85 43 12.670188
85 44 14.370296
85 45 12.193771
85 46 11.688942
85 47 14.797659
85 48 13.608636
85 49 13.040612
85 50 14.516059
85 51 14.546583
85 52 14.354045
85 53 13.254227
85 54 13.360462
85 55 14.454522
85 56 13.289633
85 57 12.099410
85 58 14.557278
85 59 12.364624
85 60 13.162004
85 61 11.476554
85 62 12.755496
85 63 14.294537
85 64 14.330991
85 65 11.837236
85 66 13.816678
85 67 12.350783
85 68 11.257145
85 69 12.093693
85 70 12.244786
85 71 14.625480
85 72 14.080256
85 73 10.968687
85 74 13.394512
85 75 14.274062
85 76 11.966038
85 77 12.858163
85 78 11.195719
85 79 12.310107
85 80 12.907625
85 81 14.357514
85 82 11.542466
85 83 12.865395
85 84 14.425951
85 86 12.361200
85 87 12.029307
85 88 11.678051
85 89 13.210491
85 90 12.568430
85 91 12.214605
85 92 13.696095
85 93 11.693349
85 94 11.311050
85 95 14.672944
85 96 14.694024
85 97 14.741954
85 98 11.305897
85 99 13.219815
85 100 14.679906
86 0 11.071765
86 1 13.477892
86 2 12.379944
86 3 13.037312
86 4 14.196853
86 5 13.559920
86 6 11.492587
86 7 11.704762
86 8 13.731037
86 9 14.383514
86 10 11.264684
86 11 11.751917
86 12 14.252946
86 13 13.765544
86 14 11.554295
86 15 12.322941
86 16 11.887527
86 17 12.800183
86 18 13.196678
86 19 14.777363
86 20 13.812984
86 21 11.598752
86 22 14.148628
86 23 12.798807
86 24 12.258218
86 25 13.014962
86 26 12.777013
86 27 13.473835
86 28 11.985473
86 29 11.549778
86 30 11.342126
86 31 14.345491
86 32 13.648697
86 33 14.707278
86 34 13.929663
86 35 11.544313
86 36 11.561050
86 37 13.374203
86 38 12.290878
86 39 12.001150
86 40 14.238101
86 41 11.402524
86 42 13.362272
86 43 13.241386
86 44 14.074028
86 45 14.297130
86 46 12.325636
86 47 13.629350
86 48 11.892963
86 49 13.955143
86 50 12.244318
86 51 11.776399
86 52 14.218726
86 53 13.840525
86 54 13.754966
86 55 12.839350
86 56 11.322783
86 57 14.415425
86 58 12.976611
86 59 12.399779
86 60 12.148188
86 61 11.365507
86 62 13.200714
86 63 12.621388
86 64 12.171830
86 65 13.496152
86 66 11.976520
86 67 11.409592
86 68 13.168412
86 69 14.807386
86 70 10.983127
86 71 14.190258
86 72 11.771619
86 73 13.658764
86 74 14.439647
86 75 13.465685
86 76 11.137392
86 77 13.063991
86 78 10.924184
86 79 12.427014
86 80 11.477260
86 81 13.463484
86 82 12.779627
86 83 14.814551
86 84 13.153855
86 85 12.361200
86 87 12.654121
86 88 14.732820
86 89 11.093056
86 90 12.258115
86 91 11.092505
86 92 13.405950
86 93 13.597587
86 94 12.017492
86 95 13.775360
86 96 11.715103
86 97 12.405331
86 98 13.082478
86 99 13.006502
86 100 13.225821
87 0 12.666212
87 1 11.355189
87 2 11.406569
87 3 14.343594
87 4 13.482555
87 5 11.815358
87 6 14.140747
87 7 12.141832
87 8 12.101949
87 9 13.951400
87 10 12.111911
87 11 13.621652
87 12 13.939756
87 13 14.217495
87 14 13.798198
87 15 14.618768
87 16 14.255060
87 17 12.778053
87 18 11.665724
87 19 11.025119
87 20 13.828803
87 21 13.934660
87 22 12.316163
87 23 13.676807
87 24 12.162542
87 25 14.214009
87 26 12.601274
87 27 14.566085
87 28 13.639455
87 29 12.571845
87 30 14.231613
87 31 12.235027
87 32 12.683727
87 33 13.548307
87 34 11.460568
87 35 14.237969
87 36 14.103070
87 37 12.603895
87 38 11.681180
87 39 13.613209
87 40 11.632936
87 41 11.886962
87 42 13.085097
87 43 12.170004
87 44 12.572842
87 45 11.948758
87 46 13.804249
87 47 11.451348
87 48 10.972908
87 49 12.797933
87 50 12.503215
87 51 14.748115
87 52 13.538122
87 53 11.565425
87 54 12.654377
87 55 14.647714
87 56 11.807331
87 57 11.040017
87 58 12.169634
87 59 14.138583
87 60 12.853137
87 61 11.231436
87 62 10.992015
87 63 13.354123
87 64 11.817213
87 65 14.045283
87 66 12.079165
87 67 14.621293
87 68 12.580073
87 69 12.127473
87 70 11.382884
87 71 14.386563
87 72 12.687643
87 73 14.390953
87 74 13.766438
87 75 13.249270
87 76 12.551414
87 77 11.224396
87 78 11.062418
87 79 12.313795
87 80 12.502556
87 81 11.746079
87 82 11.487751
87 83 14.719688
87 84 12.632160
87 85 12.029307
87 86 12.654121
87 88 12.333099
87 89 11.573537
87 90 12.134874
87 91 11.594853
87 92 11.490270
87 93 13.758993
87 94 11.147374
87 95 12.608413
87 96 14.756235
87 97 14.523992
87 98 13.186663
87 99 14.401948
87 100 13.171030
88 0 14.801763
88 1 13.984448
88 2 11.735255
88 3 11.487038
88 4 14.108397
88 5 14.724716
88 6 10.969211
88 7 13.419307
88 8 14.275065
88 9 14.086680
88 10 11.981714
88 11 14.726425
88 12 11.198049
88 13 11.842079
88 14 11.026934
88 15 11.247128
88 16 12.046745
88 17 13.432121
88 18 14.335096
88 19 12.578244
88 20 13.064461
88 21 14.690981
88 22 13.888191
88 23 14.213473
88 24 12.918352
88 25 13.480718
88 26 12.112544
88 27 12.840581
88 28 12.458571
88 29 11.524790
88 30 12.026719
88 31 14.051734
88 32 12.098105
88 33 12.053043
88 34 10.982476
88 35 13.218027
88 36 14.037951
88 37 13.640882
88 38 13.059945
88 39 13.630542
88 40 11.219709
88 41 14.617793
88 42 12.302428
88 43 13.299691
88 44 14.316528
88 45 14.239975
88 46 13.801354
88 47 12.683774
88 48 14.676557
88 49 11.458303
88 50 14.511323
88 51 13.576000
88 52 11.768789
88 53 13.229276
88 54 11.239531
88 55 13.648392
88 56 14.189182
88 57 13.862823
88 58 13.453977
88 59 13.451559
88 60 14.583351
88 61 14.259625
88 62 14.586498
88 63 13.255374
88 64 13.931770
88 65 13.830540
88 66 11.493891
88 67 12.646446
88 68 14.566445
88 69 11.734676
88 70 14.362604
88 71 14.794555
88 72 11.162876
88 73 13.868220
88 74 12.179501
88 75 13.267452
88 76 11.737123
88 77 11.873041
88 78 12.873127
88 79 11.014729
88 80 13.732612
88 81 12.666088
88 82 14.704268
88 83 13.445889
88 84 13.809263
88 85 11.678051
88 86 14.732820
88 87 12.333099
88 89 12.012308
88 90 11.452207
88 91 11.664345
88 92 14.447946
88 93 12.402387
88 94 12.950157
88 95 13.639398
88 96 11.914925
88 97 14.304397
88 98 12.494071
88 99 14.628204
88 100 11.362222
89 0 14.700003
89 1 12.511302
89 2 14.622207
89 3 12.751376
89 4 12.426800
89 5 13.882727
89 6 14.551325
89 7 13.205009
89 8 12.530031
89 9 11.064149
89 10 12.300772
89 11 13.269968
89 12 14.237029
89 13 11.777672
89 14 11.922015
89 15 12.831142
89 16 14.692788
89 17 11.068301
89 18 12.026058
89 19 12.630831
89 20 12.010995
89 21 12.626401
89 22 14.033050
89 23 13.155071
89 24 12.637627
89 25 13.676805
89 26 11.688451
89 27 13.629393
89 28 13.289521
89 29 13.507976
89 30 13.700373
89 31 12.800207
89 32 13.272936
89 33 14.562008
89 34 12.866431
89 35 12.601702
89 36 14.154054
89 37 11.389656
89 38 11.153482
89 39 14.138435
89 40 13.371400
89 41 12.019101
89 42 14.097930
89 43 14.586270
89 44 11.845300
89 45 12.934578
89 46 11.670019
89 47 14.102138
89 48 14.333490
89 49 12.340891
89 50 13.130670
89 51 11.420110
89 52 14.725558
89 53 13.551833
89 54 11.434163
89 55 14.353221
89 56 12.121157
89 57 12.741962
89 58 11.108136
89 59 11.762379
89 60 11.700074
89 61 14.228274
89 62 14.148225
89 63 11.148916
89 64 13.705020
89 65 14.793347
89 66 13.508861
89 67 13.628576
89 68 14.355533
89 69 12.362684
89 70 14.788276
89 71 14.431425
89 72 12.787211
89 73 14.482881
89 74 14.713160
89 75 11.811722
89 76 14.071842
89 77 14.266888
89 78 12.423938
89 79 12.641721
89 80 13.299369
89 81 14.308220
89 82 11.042269
89 83 13.979194
89 84 12.636898
89 85 13.210491
89 86 11.093056
89 87 11.573537
89 88 12.012308
89 90 12.513075
89 91 14.818948
89 92 13.336174
89 93 11.554855
89 94 11.598681
89 95 11.358949
89 96 12.535612
89 97 12.756246
89 98 13.358819
89 99 13.516755
89 100 11.988780
90 0 12.999368
90 1 11.337829
90 2 13.864764
90 3 13.817613
90 4 13.548829
90 5 11.270194
90 6 11.999352
90 7 11.386587
90 8 13.829633
90 9 14.014849
90 10 13.445843
90 11 11.232246
90 12 12.668886
90 13 11.184012
90 14 13.022805
90 15 12.193887
90 16 14.354060
90 17 14.391601
90 18 12.393487
90 19 14.772071
90 20 12.248333
90 21 11.192235
90 22 11.880654
90 23 14.155319
90 24 10.941686
90 25 11.550985
90 26 14.292025
90 27 11.076745
90 28 13.971592
90 29 12.121333
90 30 13.159143
90 31 12.759947
90 32 12.084203
90 33 11.641664
90 34 11.854739
90 35 11.751921
90 36 12.390962
90 37 12.893992
90 38 14.812489
90 39 13.612697
90 40 14.395910
90 41 12.565450
90 42 14.055372
90 43 14.740917
90 44 11.495351
90 45 13.553572
90 46 13.483894
90 47 11.270911
90 48 11.649165
90 49 12.694274
90 50 14.250113
90 51 12.530322
90 52 14.124392
90 53 14.747911
90 54 14.694462
90 55 12.028190
90 56 11.776545
90 57 11.004173
90 58 13.674012
90 59 14.459923
90 60 13.641735
90 61 13.692710
90 62 13.651733
90 63 12.710033
90 64 12.747589
90 65 13.822671
90 66 11.295920
90 67 13.917284
90 68 11.421132
90 69 13.886432
90 70 14.179447
90 71 11.772560
90 72 13.949522
90 73 11.666303
90 74 12.431463
90 75 11.728735
90 76 12.296895
90 77 14.803930
90 78 13.338896
90 79 13.038025
90 80 11.023766
90 81 14.134041
90 82 11.856807
90 83 12.631445
90 84 14.677623
90 85 12.568430
90 86 12.258115
90 87 12.134874
90 88 11.452207
90 89 12.513075
90 91 12.205416
90 92 13.117616
90 93 11.834070
90 94 12.581666
90 95 12.364489
90 96 13.980953
90 97 11.105783
90 98 12.688529
90 99 11.475741
90 100 13.715325
91 0 13.167347
91 1 12.691510
91 2 12.933707
91 3 12.407692
91 4 12.815145
91 5 12.450063
91 6 13.664869
91 7 14.333987
91 8 13.394628
91 9 11.282614
91 10 12.352737
91 11 13.621071
91 12 12.471901
91 13 13.938618
91 14 12.449902
91 15 12.040631
91 16 11.844199
91 17 11.001053
91 18 13.298873
91 19 12.582021
91 20 14.555651
91 21 11.590150
91 22 11.896423
91 23 13.467901
91 24 14.522551
91 25 12.838422
91 26 11.884561
91 27 11.249386
91 28 14.068386
91 29 13.023096
91 30 12.493970
91 31 11.729625
91 32 11.338827
91 33 14.337158
91 34 11.557756
91 35 12.756475
91 36 13.957228
91 37 14.371658
91 38 13.096107
91 39 13.061336
91 40 12.695008
91 41 13.109101
91 42 14.414953
91 43 14.458464
91 44 12.158903
91 45 11.235336
91 46 13.175625
91 47 14.126021
91 48 11.810979
91 49 13.496726
91 50 11.720260
91 51 13.443559
91 52 14.804873
91 53 13.251022
91 54 12.886385
91 55 11.230565
91 56 13.595133
91 57 12.450903
91 58 14.402817
91 59 13.718262
91 60 13.876409
91 61 12.495488
91 62 14.180290
91 63 14.732776
91 64 12.528821
91 65 11.029098
91 66 13.841075
91 67 14.096810
91 68 12.587855
91 69 11.463817
91 70 11.513688
91 71 14.154943
91 72 12.600918
91 73 12.932167
91 74 11.627318
91 75 14.231511
91 76 13.972990
91 77 12.426608
91 78 13.125156
91 79 12.828149
91 80 13.128863
91 81 14.755430
91 82 13.450020
91 83 13.990022
91 84 11.610941
91 85 12.214605
91 86 11.092505
91 87 11.594853
91 88 11.664345
91 89 14.818948
91 90 12.205416
91 92 14.102939
91 93 13.391561
91 94 12.611414
91 95 13.356132
91 96 11.297586
91 97 12.042074
91 98 11.216661
91 99 13.809473
91 100 11.962885
92 0 14.146267
92 1 11.039085
92 2 10.979267
92 3 13.538410
92 4 12.669608
92 5 13.737216
92 6 12.338820
92 7 11.831224
92 8 13.136184
92 9 13.827120
92 10 11.770681
92 11 14.260492
92 12 14.657776
92 13 13.157279
92 14 13.023568
92 15 12.836115
92 16 14.643310
92 17 13.680655
92 18 12.323552
92 19 13.048279
92 20 13.846627
92 21 11.217097
92 22 11.117556
92 23 14.613566
92 24 12.356979
92 25 12.735726
92 26 12.018856
92 27 12.248647
92 28 11.721684
92 29 14.552744
92 30 13.442343
92 31 12.140910
92 32 14.139021
92 33 13.649198
92 34 11.767811
92 35 12.346964
92 36 14.039804
92 37 14.009687
92 38 12.133324
92 39 11.494021
92 40 11.469363
92 41 14.746525
92 42 14.133496
92 43 11.053901
92 44 11.168012
92 45 12.800387
92 46 12.388995
92 47 13.240873
92 48 12.446836
92 49 14.446168
92 50 12.524133
92 51 14.227968
92 52 11.271206
92 53 14.143498
92 54 13.741818
92 55 12.221162
92 56 12.254669
92 57 13.740981
92 58 12.916527
92 59 13.481939
92 60 11.675442
92 61 14.280210
92 62 11.851532
92 63 12.216845
92 64 12.720580
92 65 12.694988
92 66 12.746601
92 67 11.432025
92 68 11.601021
92 69 13.880431
92 70 11.072632
92 71 13.913697
92 72 13.293786
92 73 12.438918
92 74 14.317039
92 75 13.631270
92 76 12.912441
92 77 13.622147
92 78 12.858824
92 79 13.812949
92 80 14.251700
92 81 12.082773
92 82 13.114674
92 83 12.695120
92 84 13.107139
92 85 13.696095
92 86 13.405950
92 87 11.490270
92 88 14.447946
92 89 13.336174
92 90 13.117616
92 91 14.102939
92 93 11.274808
92 94 13.153274
92 95 11.212327
92 96 14.200017
92 97 14.624651
92 98 11.400683
92 99 14.582252
92 100 13.090397
93 0 12.566254
93 1 13.250604
93 2 12.474354
93 3 11.114891
93 4 10.945178
93 5 13.675462
93 6 11.732646
93 7 12.277816
93 8 12.368135
93 9 12.013669
93 10 12.784589
93 11 14.186698
93 12 14.404076
93 13 11.552469
93 14 13.382629
93 15 13.895940
93 16 11.858164
93 17 13.854822
93 18 14.362662
93 19 12.348699
93 20 14.183925
93 21 13.323255
93 22 12.737629
93 23 12.824224
93 24 13.030851
93 25 14.171871
93 26 12.242185
93 27 14.404102
93 28 12.536303
93 29 13.650553
93 30 14.077247
93 31 11.898041
93 32 12.161433
93 33 12.104397
93 34 13.684709
93 35 11.017932
93 36 13.521682
93 37 11.584794
93 38 12.657168
93 39 11.230231
93 40 14.495357
93 41 11.226394
93 42 13.195115
93 43 11.409989
93 44 12.765705
93 45 13.994789
93 46 12.996582
93 47 11.791961
93 48 12.145169
93 49 11.190291
93 50 13.252436
93 51 13.613725
93 52 11.401216
93 53 12.339883
93 54 14.225770
93 55 13.113068
93 56 12.896148
93 57 13.954247
93 58 12.761705
93 59 13.599774
93 60 13.698637
93 61 13.643727
93 62 13.886258
93 63 14.469084
93 64 11.811225
93 65 14.573394
93 66 11.513885
93 67 12.468897
93 68 14.278840
93 69 12.307195
93 70 11.857655
93 71 14.262672
93 72 13.789183
93 73 12.771347
93 74 14.737132
93 75 11.950466
93 76 11.884900
93 77 12.062031
93 78 14.666378
93 79 13.280369
93 80 13.148561
93 81 11.483401
93 82 11.566956
93 83 11.333789
93 84 11.846111
93 85 11.693349
93 86 13.597587
93 87 13.758993
93 88 12.402387
93 89 11.554855
93 90 11.834070
93 91 13.391561
93 92 11.274808
93 94 11.560245
93 95 13.976495
93 96 14.305499
93 97 13.208069
93 98 13.314859
93 99 11.536049
93 100 11.359735
94 0 11.053357
94 1 12.496470
94 2 13.115143
94 3 12.496768
94 4 11.683915
94 5 12.193453
94 6 13.659804
94 7 14.403865
94 8 11.888452
94 9 12.618861
94 10 14.006775
94 11 11.283092
94 12 12.730950
94 13 12.711925
94 14 14.751516
94 15 11.082025
94 16 11.016796
94 17 13.260531
94 18 14.430007
94 19 14.488403
94 20 12.316645
94 21 14.596206
94 22 13.446765
94 23 11.931982
94 24 11.827774
94 25 12.402173
94 26 11.554837
94 27 11.457949
94 28 14.024996
94 29 14.505245
94 30 11.881365
94 31 10.999555
94 32 13.562936
94 33 14.609654
94 34 13.133626
94 35 13.593047
94 36 12.153956
94 37 13.854423
94 38 11.034072
94 39 13.616966
94 40 13.186902
94 41 14.583969
94 42 13.055709
94 43 11.010863
94 44 11.332185
94 45 12.856339
94 46 13.398632
94 47 11.417377
94 48 11.227240
94 49 13.588782
94 50 11.455037
94 51 12.139171
94 52 11.575283
94 53 13.365338
94 54 12.678269
94 55 12.581967
94 56 12.529576
94 57 13.429790
94 58 14.304571
94 59 13.231679
94 60 13.143187
94 61 13.864552
94 62 13.826133
94 63 14.208724
94 64 14.498389
94 65 11.519643
94 66 13.896515
94 67 13.817331
94 68 14.454702
94 69 14.020046
94 70 14.693807
94 71 13.161541
94 72 11.877534
94 73 11.650715
94 74 12.492339
94 75 14.610923
94 76 14.121282
94 77 11.157721
94 78 13.187691
94 79 14.786894
94 80 13.638889
94 81 12.852752
94 82 11.783656
94 83 11.893665
94 84 11.682570
94 85 11.311050
94 86 12.017492
94 87 11.147374
94 88 12.950157
94 89 11.598681
94 90 12.581666
94 91 12.611414
94 92 13.153274
94 93 11.560245
94 95 14.498766
94 96 14.281116
94 97 11.450983
94 98 13.676479
94 99 12.764312
94 100 13.127362
95 0 14.575251
95 1 14.599798
95 2 12.374113
95 3 14.462118
95 4 13.656722
95 5 14.584887
95 6 14.202033
95 7 11.088073
95 8 12.714977
95 9 14.309347
95 10 12.009777
95 11 12.079250
95 12 11.230690
95 13 13.263172
95 14 11.221234
95 15 12.104385
95 16 11.991231
95 17 14.179231
95 18 14.603911
95 19 14.480785
95 20 14.798922
95 21 12.770614
95 22 13.960821
95 23 12.576082
95 24 13.719136
95 25 14.467275
95 26 12.108222
95 27 11.327316
95 28 11.806150
95 29 12.301960
95 30 12.169574
95 31 14.478471
95 32 13.961496
95 33 11.318213
95 34 12.605373
95 35 13.248512
95 36 13.406027
95 37 12.065770
95 38 11.343984
95 39 14.451331
95 40 11.134782
95 41 14.547902
95 42 12.583207
95 43 13.945620
95 44 14.717851
95 45 14.460804
95 46 14.526213
95 47 12.974310
95 48 13.556151
95 49 14.542776
95 50 14.763024
95 51 14.474339
95 52 13.025858
95 53 13.732751
95 54 12.666904
95 55 11.730902
95 56 14.532665
95 57 12.659438
95 58 12.384068
95 59 12.469513
95 60 14.499806
95 61 11.216247
95 62 13.075290
95 63 10.990240
95 64 12.241909
95 65 11.290162
95 66 11.189037
95 67 14.291825
95 68 12.284287
95 69 12.547542
95 70 12.148670
95 71 14.482138
95 72 14.603934
95 73 11.655214
95 74 14.781582
95 75 12.100090
95 76 13.818298
95 77 12.228288
95 78 11.908970
95 79 11.376476
95 80 12.024054
95 81 13.259191
95 82 11.458314
95 83 13.935170
95 84 13.392266
95 85 14.672944
95 86 13.775360
95 87 12.608413
95 88 13.639398
95 89 11.358949
95 90 12.364489
95 91 13.356132
95 92 11.212327
95 93 13.976495
95 94 14.498766
95 96 14.410692
95 97 13.559297
95 98 12.379072
95 99 10.958539
95 100 12.763961
96 0 11.623117
96 1 12.920116
96 2 14.141951
96 3 12.713050
96 4 14.178039
96 5 12.575550
96 6 13.940479
96 7 10.977172
96 8 12.179079
96 9 13.254578
96 10 10.987481
96 11 13.044306
96 12 13.467639
96 13 12.360434
96 14 11.077894
96 15 11.920791
96 16 13.336979
96 17 13.635078
96 18 12.445418
96 19 12.943307
96 20 14.076807
96 21 12.321358
96 22 13.038389
96 23 11.584252
96 24 13.776739
96 25 11.877683
96 26 14.296703
96 27 11.575581
96 28 13.129063
96 29 13.675340
96 30 12.115277
96 31 13.069678
96 32 12.891062
96 33 11.562978
96 34 13.872445
96 35 11.103127
96 36 13.438386
96 37 14.156708
96 38 12.864393
96 39 13.294675
96 40 13.866587
96 41 14.460150
96 42 10.930569
96 43 13.447414
96 44 11.765754
96 45 11.903674
96 46 12.761495
96 47 12.946098
96 48 14.535003
96 49 12.826221
96 50 13.408329
96 51 14.060555
96 52 12.461954
96 53 12.340350
96 54 12.276703
96 55 11.591630
96 56 13.879781
96 57 13.326302
96 58 14.305641
96 59 11.937515
96 60 12.619738
96 61 14.025038
96 62 11.210243
96 63 12.369586
96 64 13.340060
96 65 11.525759
96 66 11.783809
96 67 11.608404
96 68 14.617006
96 69 13.667798
96 70 10.942017
96 71 14.694116
96 72 11.088266
96 73 12.688282
96 74 14.414266
96 75 11.785937
96 76 12.638964
96 77 11.299175
96 78 13.601404
96 79 12.464142
96 80 12.099396
96 81 14.549318
96 82 12.577014
96 83 14.315726
96 84 13.831192
96 85 14.694024
96 86 11.715103
96 87 14.756235
96 88 11.914925
96 89 12.535612
96 90 13.980953
96 91 11.297586
96 92 14.200017
96 93 14.305499
96 94 14.281116
96 95 14.410692
96 97 13.146130
96 98 12.371664
96 99 11.129214
96 100 13.937670
97 0 12.948922
97 1 14.484739
97 2 14.381700
97 3 12.849889
97 4 11.444828
97 5 11.852674
97 6 13.157024
97 7 14.779863
97 8 11.221954
97 9 11.535296
97 10 12.000094
97 11 12.411417
97 12 10.941338
97 13 14.432951
97 14 14.093355
97 15 11.876740
97 16 14.490608
97 17 14.258223
97 18 13.953438
97 19 11.463169
97 20 13.361812
97 21 11.956726
97 22 12.809880
97 23 13.504782
97 24 11.390742
97 25 12.906307
97 26 11.970521
97 27 12.728919
97 28 11.086866
97 29 11.789335
97 30 14.127902
97 31 13.087359
97 32 14.291247
97 33 11.810904
97 34 12.390790
97 35 10.923137
97 36 14.671439
97 37 13.360311
97 38 13.223874
97 39 11.807129
97 40 14.334390
97 41 13.777988
97 42 12.801527
97 43 11.925047
97 44 12.559343
97 45 11.651305
97 46 12.743533
97 47 13.250061
97 48 12.671366
97 49 11.508351
97 50 12.502363
97 51 14.281025
97 52 13.975458
97 53 14.023258
97 54 13.241902
97 55 11.274544
97 56 12.319576
97 57 13.726552
97 58 11.095180
97 59 12.370353
97 60 14.021467
97 61 11.708425
97 62 14.709258
97 63 11.033817
97 64 11.990331
97 65 12.701030
97 66 11.144443
97 67 12.213508
97 68 11.303966
97 69 11.691026
97 70 13.827132
97 71 13.828480
97 72 12.136152
97 73 14.541581
97 74 12.516532
97 75 11.559332
97 76 11.778084
97 77 13.914640
97 78 13.682740
97 79 13.689589
97 80 11.586326
97 81 13.183244
97 82 14.499054
97 83 12.467597
97 84 13.672502
97 85 14.741954
97 86 12.405331
97 87 14.523992
97 88 14.304397
97 89 12.756246
97 90 11.105783
97 91 12.042074
97 92 14.624651
97 93 13.208069
97 94 11.450983
97 95 13.559297
97 96 13.146130
97 98 12.683356
97 99 14.765582
97 100 10.920328
98 0 12.401939
98 1 11.525505
98 2 11.206656
98 3 11.271097
98 4 12.084309
98 5 13.122268
98 6 14.665764
98 7 12.418894
98 8 13.266273
98 9 13.916375
98 10 12.338955
98 11 12.137982
98 12 13.299848
98 13 14.708619
98 14 13.016337
98 15 13.607729
98 16 12.050175
98 17 14.019370
98 18 14.295541
98 19 12.283530
98 20 11.506938
98 21 11.629860
98 22 11.281682
98 23 12.273111
98 24 12.560363
98 25 12.486116
98 26 11.266529
98 27 11.608288
98 28 12.247832
98 29 12.669761
98 30 11.259990
98 31 13.540314
98 32 14.095678
98 33 11.545786
98 34 13.084736
98 35 12.766301
98 36 14.035113
98 37 12.874294
98 38 12.441953
98 39 12.100248
98 40 11.480540
98 41 14.685718
98 42 13.081167
98 43 11.321675
98 44 12.657219
98 45 11.774737
98 46 12.571665
98 47 13.264443
98 48 11.798824
98 49 14.736785
98 50 12.239117
98 51 13.597455
98 52 11.791669
98 53 13.996825
98 54 14.271323
98 55 14.551387
98 56 11.364196
98 57 13.008554
98 58 12.059296
98 59 13.339486
98 60 11.055829
98 61 14.677222
98 62 11.290755
98 63 13.349807
98 64 11.223143
98 65 13.479357
98 66 13.093682
98 67 13.466876
98 68 13.804240
98 69 12.412489
98 70 11.457454
98 71 13.463062
98 72 11.530344
98 73 12.826129
98 74 14.165956
98 75 13.921686
98 76 13.864871
98 77 13.675008
98 78 12.081276
98 79 11.519682
98 80 13.940010
98 81 14.403255
98 82 13.510604
98 83 11.965115
98 84 11.605281
98 85 11.305897
98 86 13.082478
98 87 13.186663
98 88 12.494071
98 89 13.358819
98 90 12.688529
98 91 11.216661
98 92 11.400683
98 93 13.314859
98 94 13.676479
98 95 12.379072
98 96 12.371664
98 97 12.683356
98 99 12.955084
98 100 13.949192
99 0 14.774574
99 1 14.594435
99 2 13.564496
99 3 13.204520
99 4 11.730805
99 5 14.490438
99 6 14.481894
99 7 11.108427
99 8 13.590421
99 9 13.199089
99 10 12.012087
99 11 13.715364
99 12 11.960983
99 13 14.466949
99 14 13.492953
99 15 12.746927
99 16 11.995737
99 17 14.507312
99 18 12.172927
99 19 11.747661
99 20 14.248294
99 21 13.566737
99 22 11.971471
99 23 12.352537
99 24 12.818760
99 25 13.250558
99 26 14.512976
99 27 12.719268
99 28 11.838068
99 29 12.651587
99 30 13.183854
99 31 11.471881
99 32 11.332420
99 33 13.861654
99 34 14.249933
99 35 14.180461
99 36 14.256380
99 37 14.332354
99 38 12.825456
99 39 11.168743
99 40 11.523997
99 41 12.227148
99 42 13.580049
99 43 11.278509
99 44 13.043143
99 45 13.148221
99 46 13.311257
99 47 12.600776
99 48 12.332932
99 49 13.438962
99 50 11.178061
99 51 12.975669
99 52 14.610518
99 53 11.020840
99 54 11.900783
99 55 11.942127
99 56 13.551298
99 57 13.940212
99 58 11.192793
99 59 14.419063
99 60 14.663615
99 61 12.206436
99 62 12.469191
99 63 13.697337
99 64 14.524373
99 65 13.582093
99 66 14.360710
99 67 13.448633
99 68 12.616023
99 69 11.986196
99 70 12.937511
99 71 13.048655
99 72 12.058323
99 73 11.548694
99 74 12.056592
99 75 11.765026
99 76 12.745750
99 77 14.385751
99 78 13.255598
99 79 12.657821
99 80 13.205430
99 81 12.826373
99 82 14.634319
99 83 13.270251
99 84 12.700078
99 85 13.219815
99 86 13.006502
99 87 14.401948
99 88 14.628204
99 89 13.516755
99 90 11.475741
99 91 13.809473
99 92 14.582252
99 93 11.536049
99 94 12.764312
99 95 10.958539
99 96 11.129214
99 97 14.765582
99 98 12.955084
99 100 12.800111
100 0 13.161525
100 1 14.212689
100 2 14.558953
100 3 13.359286
100 4 12.293085
100 5 11.719310
100 6 11.777021
100 7 12.877438
100 8 12.395054
100 9 13.436266
100 10 12.646033
100 11 11.920374
100 12 13.756063
100 13 11.100677
100 14 14.787225
100 15 12.304175
100 16 12.919765
100 17 11.787653
100 18 11.781473
100 19 12.016426
100 20 10.996475
100 21 13.003809
100 22 11.852173
100 23 14.289768
100 24 14.110383
100 25 11.952550
100 26 11.536552
100 27 13.630398
100 28 13.436306
100 29 11.273591
100 30 13.072132
100 31 11.370534
100 32 11.737994
100 33 11.763975
100 34 12.639385
100 35 11.757764
100 36 11.441556
100 37 14.287402
100 38 12.364331
100 39 10.956413
100 40 11.679101
100 41 13.149110
100 42 11.576514
100 43 12.982954
100 44 14.135125
100 45 12.488903
100 46 12.762056
100 47 12.819991
100 48 12.752395
100 49 11.992256
100 50 11.968912
100 51 14.264905
100 52 12.003628
100 53 14.544133
100 54 11.406482
100 55 11.094261
100 56 14.672206
100 57 14.475452
100 58 14.049465
100 59 11.614866
100 60 12.589153
100 61 11.351552
100 62 13.007599
100 63 14.563204
100 64 12.472958
100 65 12.417588
100 66 12.440736
100 67 13.457225
100 68 12.242861
100 69 13.550988
100 70 12.823140
100 71 14.490696
100 72 11.892158
100 73 14.264976
100 74 12.802024
100 75 14.110680
100 76 12.666134
100 77 11.309970
100 78 13.915647
100 79 13.664914
100 80 12.821736
100 81 12.482537
100 82 11.790740
100 83 11.721275
100 84 12.593093
100 85 14.679906
100 86 13.225821
100 87 13.171030
100 88 11.362222
100 89 11.988780
100 90 13.715325
100 91 11.962885
100 92 13.090397
100 93 11.359735
100 94 13.127362
100 95 12.763961
100 96 13.937670
100 97 10.920328
100 98 13.949192
100 99 12.800111
