# i j vmax_ij_m_per_s; symmetric values generated with Uniform(0.7,0.95)*15.6
0 1 12.314838
0 2 12.582349
0 3 11.424979
0 4 11.157859
0 5 12.976789
0 6 11.747645
0 7 12.586316
0 8 12.771811
0 9 11.089412
0 10 13.068256
0 11 14.397794
0 12 13.689425
0 13 12.801197
0 14 12.078791
0 15 12.827349
0 16 11.085175
0 17 13.717991
0 18 13.566102
0 19 13.430012
0 20 11.867156
0 21 11.525552
0 22 12.059799
0 23 13.660773
0 24 12.166804
0 25 13.404387
0 26 12.285524
0 27 12.778499
0 28 13.377819
0 29 13.261657
0 30 12.173893
0 31 12.967947
0 32 11.047217
0 33 12.647819
0 34 13.392123
0 35 13.694013
0 36 14.174819
0 37 12.004796
0 38 11.095649
0 39 13.411136
0 40 11.655530
0 41 13.900906
0 42 14.064000
0 43 11.654937
0 44 13.927123
0 45 12.747941
0 46 13.277701
0 47 12.892209
0 48 12.316139
0 49 13.790794
0 50 13.853926
0 51 12.747118
0 52 12.872632
0 53 11.645466
0 54 11.840572
0 55 12.103230
0 56 12.582725
0 57 12.220437
0 58 14.487177
0 59 13.389723
0 60 11.301005
0 61 14.201187
0 62 11.877983
0 63 12.525003
0 64 13.069384
0 65 14.010209
0 66 14.410634
0 67 14.558359
0 68 12.551526
0 69 14.221572
0 70 14.449379
0 71 13.850050
0 72 13.520774
0 73 14.029629
0 74 14.526212
0 75 12.341965
0 76 12.211825
0 77 12.612764
0 78 12.664224
0 79 11.532497
0 80 11.172544
0 81 11.817348
0 82 12.271138
0 83 11.191392
0 84 14.633263
0 85 13.209346
0 86 12.736641
0 87 12.564007
0 88 11.540664
0 89 11.678861
0 90 14.257553
0 91 13.470687
0 92 13.956946
0 93 13.526924
0 94 11.615914
0 95 11.741369
0 96 11.804161
0 97 13.125394
0 98 14.376072
0 99 12.131012
0 100 13.141400
1 0 12.314838
1 2 13.438142
1 3 11.607083
1 4 11.525602
1 5 13.800104
1 6 11.191310
1 7 12.585870
1 8 14.196314
1 9 13.755873
1 10 14.219830
1 11 14.336206
1 12 13.296836
1 13 13.324607
1 14 11.564334
1 15 10.987531
1 16 14.250978
1 17 12.786143
1 18 13.809735
1 19 12.110141
1 20 14.472237
1 21 13.198123
1 22 13.278236
1 23 11.164301
1 24 12.036882
1 25 13.723167
1 26 11.137727
1 27 11.689164
1 28 14.050116
1 29 14.453134
1 30 14.527174
1 31 14.471741
1 32 11.742796
1 33 14.787211
1 34 13.476652
1 35 12.192138
1 36 12.598047
1 37 10.947206
1 38 11.514852
1 39 12.394764
1 40 11.690505
1 41 13.443115
1 42 12.539331
1 43 12.766923
1 44 12.350530
1 45 11.598256
1 46 10.928107
1 47 13.086099
1 48 14.183999
1 49 14.108062
1 50 12.943778
1 51 12.415994
1 52 13.692091
1 53 12.846327
1 54 11.233831
1 55 14.553312
1 56 14.742367
1 57 14.560645
1 58 11.248876
1 59 14.555206
1 60 13.348901
1 61 13.663950
1 62 12.217551
1 63 11.158801
1 64 13.871621
1 65 11.601942
1 66 13.999890
1 67 12.735132
1 68 14.753067
1 69 11.462501
1 70 13.404549
1 71 14.144151
1 72 11.518959
1 73 11.919369
1 74 11.168382
1 75 13.471719
1 76 11.486297
1 77 11.944101
1 78 12.286821
1 79 13.713251
1 80 11.296882
1 81 14.547717
1 82 14.435370
1 83 12.147082
1 84 11.713042
1 85 11.668800
1 86 13.791940
1 87 12.062513
1 88 12.712795
1 89 13.309329
1 90 12.766083
1 91 14.139927
1 92 12.237103
1 93 12.667953
1 94 13.760855
1 95 13.261991
1 96 11.229008
1 97 13.667271
1 98 13.897452
1 99 11.067578
1 100 12.746176
2 0 12.582349
2 1 13.438142
2 3 14.054988
2 4 14.291987
2 5 12.450758
2 6 13.473171
2 7 11.312276
2 8 14.407965
2 9 13.512552
2 10 12.459692
2 11 13.914947
2 12 14.609241
2 13 13.172781
2 14 13.677503
2 15 11.062950
2 16 13.817541
2 17 12.304646
2 18 12.253742
2 19 13.184162
2 20 12.050509
2 21 12.303652
2 22 13.642299
2 23 11.001306
2 24 14.047609
2 25 11.127546
2 26 11.610322
2 27 11.572459
2 28 13.192903
2 29 12.978817
2 30 12.829280
2 31 11.278931
2 32 12.970845
2 33 12.966133
2 34 13.243455
2 35 11.436355
2 36 11.399741
2 37 11.087628
2 38 11.409537
2 39 12.989776
2 40 11.771836
2 41 12.463965
2 42 13.668170
2 43 11.288278
2 44 11.046757
2 45 11.825270
2 46 14.280656
2 47 11.206185
2 48 13.462292
2 49 12.619713
2 50 11.335859
2 51 11.183287
2 52 12.772864
2 53 11.137849
2 54 11.017445
2 55 13.222916
2 56 12.029265
2 57 12.388738
2 58 10.966181
2 59 12.058032
2 60 13.709821
2 61 11.775003
2 62 11.383040
2 63 12.650200
2 64 14.293272
2 65 13.969457
2 66 14.250218
2 67 14.233671
2 68 11.638035
2 69 12.809654
2 70 11.428307
2 71 14.690798
2 72 13.376446
2 73 14.261658
2 74 10.956051
2 75 11.265273
2 76 13.467351
2 77 14.583792
2 78 12.071147
2 79 13.079278
2 80 13.851611
2 81 13.511025
2 82 14.511374
2 83 12.950056
2 84 12.927638
2 85 13.898436
2 86 12.476871
2 87 12.523685
2 88 11.816725
2 89 13.789064
2 90 14.218581
2 91 14.637527
2 92 11.792086
2 93 11.217649
2 94 14.803222
2 95 12.008895
2 96 13.625761
2 97 13.066136
2 98 12.855442
2 99 11.169176
2 100 11.039585
3 0 11.424979
3 1 11.607083
3 2 14.054988
3 4 14.263584
3 5 12.491693
3 6 11.013311
3 7 13.970315
3 8 12.385543
3 9 11.950129
3 10 14.429824
3 11 13.146013
3 12 10.961639
3 13 14.015722
3 14 11.434110
3 15 13.759512
3 16 11.615808
3 17 14.170493
3 18 14.050438
3 19 13.094158
3 20 13.309778
3 21 13.384377
3 22 12.443095
3 23 11.116246
3 24 12.777754
3 25 11.262858
3 26 13.136578
3 27 11.609530
3 28 12.041077
3 29 14.658556
3 30 11.183348
3 31 13.504524
3 32 12.080118
3 33 12.383919
3 34 14.160711
3 35 11.736197
3 36 12.965506
3 37 12.877204
3 38 12.925734
3 39 14.253672
3 40 14.672478
3 41 14.600286
3 42 14.690498
3 43 13.622545
3 44 12.198997
3 45 12.263751
3 46 11.799524
3 47 12.933306
3 48 12.763114
3 49 14.141052
3 50 12.984571
3 51 14.784584
3 52 13.649007
3 53 13.675596
3 54 12.871194
3 55 11.345199
3 56 11.901956
3 57 11.575216
3 58 13.849035
3 59 12.807987
3 60 11.986926
3 61 13.085324
3 62 12.158375
3 63 14.017393
3 64 14.145773
3 65 13.690723
3 66 12.047143
3 67 14.100161
3 68 11.197614
3 69 12.850123
3 70 14.462471
3 71 12.847420
3 72 11.000880
3 73 11.568701
3 74 11.071356
3 75 14.636299
3 76 12.842473
3 77 11.117686
3 78 12.821965
3 79 13.782191
3 80 11.286744
3 81 13.080031
3 82 11.008243
3 83 14.241184
3 84 14.671276
3 85 13.209819
3 86 13.811052
3 87 12.094415
3 88 13.815218
3 89 13.080707
3 90 13.069773
3 91 12.991996
3 92 13.960604
3 93 13.062416
3 94 14.802327
3 95 11.513340
3 96 13.010266
3 97 13.507458
3 98 13.806561
3 99 11.395537
3 100 13.491912
4 0 11.157859
4 1 11.525602
4 2 14.291987
4 3 14.263584
4 5 13.482334
4 6 11.380663
4 7 14.807579
4 8 13.440328
4 9 11.683848
4 10 14.805606
4 11 13.588605
4 12 14.384845
4 13 12.939758
4 14 11.004250
4 15 12.089172
4 16 13.895114
4 17 14.435651
4 18 12.756578
4 19 12.322798
4 20 11.072685
4 21 12.083600
4 22 13.798811
4 23 13.480634
4 24 12.312211
4 25 11.972484
4 26 13.917258
4 27 12.934920
4 28 14.401374
4 29 11.891205
4 30 13.049622
4 31 12.575479
4 32 12.852880
4 33 14.735978
4 34 12.527344
4 35 11.365140
4 36 13.274570
4 37 13.447056
4 38 12.520911
4 39 13.740041
4 40 11.151711
4 41 14.749484
4 42 13.343169
4 43 11.362667
4 44 13.210519
4 45 14.801176
4 46 12.932810
4 47 13.527276
4 48 13.257290
4 49 10.933010
4 50 13.319648
4 51 11.151855
4 52 11.671382
4 53 13.500142
4 54 12.784174
4 55 13.945794
4 56 13.890468
4 57 13.911710
4 58 13.929451
4 59 11.892595
4 60 10.963069
4 61 11.751833
4 62 13.025858
4 63 12.958955
4 64 13.900413
4 65 11.976100
4 66 11.156847
4 67 12.032473
4 68 13.902214
4 69 12.715505
4 70 14.368154
4 71 11.734491
4 72 11.623437
4 73 14.373837
4 74 14.553231
4 75 13.050369
4 76 13.055174
4 77 12.385030
4 78 13.007194
4 79 14.030545
4 80 11.355889
4 81 14.341175
4 82 13.698613
4 83 13.486499
4 84 13.472562
4 85 14.467365
4 86 12.819223
4 87 14.190511
4 88 11.020151
4 89 12.730358
4 90 14.454861
4 91 14.264926
4 92 12.610940
4 93 14.576880
4 94 13.191479
4 95 10.953039
4 96 11.880435
4 97 13.741612
4 98 13.794098
4 99 14.344252
4 100 11.677716
5 0 12.976789
5 1 13.800104
5 2 12.450758
5 3 12.491693
5 4 13.482334
5 6 11.389290
5 7 11.549032
5 8 12.431550
5 9 13.425157
5 10 13.349506
5 11 14.204045
5 12 12.464575
5 13 11.877941
5 14 13.554800
5 15 13.649177
5 16 13.028814
5 17 12.245087
5 18 13.516325
5 19 14.528865
5 20 14.153997
5 21 11.189170
5 22 12.657205
5 23 10.948248
5 24 14.736538
5 25 11.790846
5 26 14.306682
5 27 12.344108
5 28 14.796078
5 29 12.551900
5 30 11.407426
5 31 12.703299
5 32 12.242996
5 33 12.245508
5 34 13.184872
5 35 13.013085
5 36 12.332416
5 37 13.355277
5 38 13.481069
5 39 12.179680
5 40 14.525821
5 41 13.764237
5 42 13.167111
5 43 14.359728
5 44 13.738735
5 45 11.686555
5 46 12.283003
5 47 14.687650
5 48 11.384729
5 49 13.447059
5 50 14.818713
5 51 13.310023
5 52 14.279645
5 53 11.780255
5 54 13.635403
5 55 11.121905
5 56 13.636571
5 57 11.385210
5 58 12.579175
5 59 14.179280
5 60 12.512648
5 61 11.558827
5 62 13.142259
5 63 12.355650
5 64 11.912634
5 65 13.014779
5 66 13.911891
5 67 13.244807
5 68 14.418307
5 69 14.510021
5 70 14.678545
5 71 11.996544
5 72 10.980842
5 73 14.238622
5 74 11.125363
5 75 13.079946
5 76 11.474766
5 77 12.776164
5 78 11.159370
5 79 11.469159
5 80 14.227179
5 81 12.868430
5 82 12.463990
5 83 13.442741
5 84 14.581038
5 85 13.924254
5 86 13.253619
5 87 14.375822
5 88 11.432842
5 89 14.587232
5 90 13.983443
5 91 10.925898
5 92 13.002387
5 93 11.330284
5 94 13.940387
5 95 14.179015
5 96 13.392885
5 97 11.845797
5 98 12.937600
5 99 11.692824
5 100 11.000268
6 0 11.747645
6 1 11.191310
6 2 13.473171
6 3 11.013311
6 4 11.380663
6 5 11.389290
6 7 12.686556
6 8 13.520259
6 9 13.770796
6 10 13.337119
6 11 11.599878
6 12 12.539777
6 13 14.062861
6 14 11.725056
6 15 14.499844
6 16 13.588298
6 17 13.253469
6 18 10.983384
6 19 12.249768
6 20 13.173540
6 21 13.555952
6 22 11.895217
6 23 12.588281
6 24 13.094215
6 25 11.836893
6 26 12.224273
6 27 12.305344
6 28 13.034525
6 29 13.498580
6 30 13.559235
6 31 11.988364
6 32 12.516285
6 33 13.498117
6 34 11.869471
6 35 13.954727
6 36 12.580503
6 37 12.377310
6 38 14.469814
6 39 11.135730
6 40 12.563866
6 41 14.094123
6 42 14.097217
6 43 14.721793
6 44 12.071746
6 45 12.201113
6 46 11.517322
6 47 10.961136
6 48 13.817191
6 49 13.834145
6 50 12.860782
6 51 12.920244
6 52 13.158841
6 53 10.983637
6 54 13.649387
6 55 13.595690
6 56 11.677998
6 57 14.147011
6 58 13.964156
6 59 12.708344
6 60 13.526371
6 61 14.036253
6 62 13.626789
6 63 12.013211
6 64 13.401694
6 65 14.306752
6 66 14.130962
6 67 14.367541
6 68 12.967086
6 69 12.156825
6 70 13.331211
6 71 12.542608
6 72 12.763329
6 73 14.048348
6 74 11.170905
6 75 13.902730
6 76 14.463349
6 77 13.371798
6 78 12.116405
6 79 13.404239
6 80 12.631241
6 81 13.552400
6 82 14.185238
6 83 13.860973
6 84 14.363837
6 85 12.139795
6 86 11.685466
6 87 11.121114
6 88 13.594504
6 89 11.205120
6 90 12.853655
6 91 14.075420
6 92 14.295834
6 93 12.142731
6 94 11.923452
6 95 13.444184
6 96 11.423456
6 97 14.778627
6 98 12.090291
6 99 13.064314
6 100 14.192636
7 0 12.586316
7 1 12.585870
7 2 11.312276
7 3 13.970315
7 4 14.807579
7 5 11.549032
7 6 12.686556
7 8 13.967321
7 9 12.740348
7 10 14.048652
7 11 13.258633
7 12 13.474979
7 13 13.437358
7 14 14.309636
7 15 13.458318
7 16 13.197062
7 17 13.154522
7 18 12.077638
7 19 12.994371
7 20 11.391908
7 21 13.587661
7 22 12.468621
7 23 13.547207
7 24 14.105681
7 25 13.304229
7 26 12.212349
7 27 12.340505
7 28 12.373737
7 29 14.204396
7 30 12.602201
7 31 14.803110
7 32 13.262712
7 33 12.748963
7 34 11.197426
7 35 13.611315
7 36 11.862395
7 37 12.193706
7 38 11.254509
7 39 13.521240
7 40 12.512053
7 41 11.365937
7 42 12.420173
7 43 14.548187
7 44 13.795780
7 45 11.618429
7 46 13.673721
7 47 14.247762
7 48 12.161559
7 49 13.121469
7 50 13.796906
7 51 12.879037
7 52 14.366407
7 53 11.890622
7 54 14.234329
7 55 12.170730
7 56 11.362053
7 57 14.265598
7 58 11.033319
7 59 12.610630
7 60 11.031143
7 61 13.473127
7 62 14.128853
7 63 11.162792
7 64 13.016482
7 65 13.954693
7 66 14.585352
7 67 14.295326
7 68 11.910482
7 69 13.717650
7 70 13.444319
7 71 13.190650
7 72 11.063766
7 73 11.710655
7 74 11.401385
7 75 13.080946
7 76 11.362902
7 77 13.871091
7 78 13.082751
7 79 13.771101
7 80 13.177961
7 81 13.917333
7 82 11.850033
7 83 12.494849
7 84 11.477989
7 85 13.584806
7 86 14.653459
7 87 14.056136
7 88 13.273138
7 89 11.617022
7 90 13.659016
7 91 11.890545
7 92 13.775497
7 93 11.237372
7 94 13.325355
7 95 12.986767
7 96 12.389179
7 97 11.023977
7 98 12.244736
7 99 10.974443
7 100 14.646042
8 0 12.771811
8 1 14.196314
8 2 14.407965
8 3 12.385543
8 4 13.440328
8 5 12.431550
8 6 13.520259
8 7 13.967321
8 9 14.341009
8 10 11.629377
8 11 12.825137
8 12 10.925737
8 13 13.248379
8 14 11.848030
8 15 12.429261
8 16 10.947023
8 17 13.983985
8 18 14.657869
8 19 12.218264
8 20 13.895812
8 21 12.906881
8 22 12.160629
8 23 11.940823
8 24 12.529080
8 25 11.777577
8 26 13.659765
8 27 13.637332
8 28 14.077682
8 29 14.795560
8 30 10.989086
8 31 11.648303
8 32 14.275552
8 33 12.574771
8 34 14.252414
8 35 11.437557
8 36 12.716318
8 37 14.733926
8 38 14.487754
8 39 12.865118
8 40 11.464176
8 41 12.181679
8 42 11.539543
8 43 14.581852
8 44 11.287439
8 45 12.594072
8 46 13.448741
8 47 14.611957
8 48 13.510726
8 49 13.604834
8 50 14.514030
8 51 14.213630
8 52 10.969998
8 53 12.339485
8 54 14.070820
8 55 14.145889
8 56 14.333781
8 57 14.253722
8 58 13.815901
8 59 13.420029
8 60 14.388092
8 61 13.465859
8 62 12.901606
8 63 13.817206
8 64 12.239435
8 65 12.083502
8 66 13.767664
8 67 14.594965
8 68 13.538126
8 69 12.123563
8 70 14.146487
8 71 12.933924
8 72 14.228703
8 73 14.476646
8 74 14.216429
8 75 11.890987
8 76 14.694330
8 77 12.456167
8 78 12.207178
8 79 13.256982
8 80 14.068315
8 81 11.855239
8 82 13.866221
8 83 11.722220
8 84 14.138696
8 85 12.260235
8 86 12.857024
8 87 11.798257
8 88 14.224411
8 89 12.538754
8 90 12.091691
8 91 13.018444
8 92 11.055396
8 93 14.190435
8 94 13.468469
8 95 11.189172
8 96 11.116993
8 97 13.220802
8 98 11.666072
8 99 14.114748
8 100 13.013285
9 0 11.089412
9 1 13.755873
9 2 13.512552
9 3 11.950129
9 4 11.683848
9 5 13.425157
9 6 13.770796
9 7 12.740348
9 8 14.341009
9 10 12.265361
9 11 14.469342
9 12 14.264085
9 13 14.678286
9 14 13.711229
9 15 13.528731
9 16 14.579157
9 17 12.358687
9 18 14.762171
9 19 13.696404
9 20 11.719888
9 21 12.732610
9 22 12.998550
9 23 12.744817
9 24 14.754670
9 25 13.909783
9 26 11.224170
9 27 11.134624
9 28 13.154057
9 29 11.913754
9 30 12.671018
9 31 11.231875
9 32 13.444597
9 33 12.400498
9 34 13.229333
9 35 12.351069
9 36 14.578769
9 37 11.704748
9 38 14.588301
9 39 11.515360
9 40 11.329718
9 41 12.404265
9 42 12.341462
9 43 13.673742
9 44 13.228805
9 45 11.134192
9 46 12.992978
9 47 13.723943
9 48 12.954951
9 49 14.694652
9 50 12.064932
9 51 13.298009
9 52 14.322168
9 53 14.342517
9 54 13.420320
9 55 12.162860
9 56 12.755354
9 57 14.610950
9 58 14.401064
9 59 13.956009
9 60 13.849806
9 61 12.990968
9 62 11.163181
9 63 13.219081
9 64 13.460350
9 65 13.060123
9 66 11.115391
9 67 11.044720
9 68 11.020341
9 69 11.513713
9 70 13.267790
9 71 14.507471
9 72 11.567331
9 73 14.508279
9 74 12.753886
9 75 11.141280
9 76 13.120143
9 77 13.747265
9 78 12.198566
9 79 12.300478
9 80 14.212067
9 81 12.312548
9 82 11.819271
9 83 13.695840
9 84 13.107719
9 85 11.170425
9 86 12.455190
9 87 13.836245
9 88 14.241425
9 89 11.732974
9 90 11.518103
9 91 13.982276
9 92 12.878599
9 93 13.667143
9 94 11.329399
9 95 14.647148
9 96 12.103037
9 97 14.191426
9 98 11.563850
9 99 12.036568
9 100 14.349497
10 0 13.068256
10 1 14.219830
10 2 12.459692
10 3 14.429824
10 4 14.805606
10 5 13.349506
10 6 13.337119
10 7 14.048652
10 8 11.629377
10 9 12.265361
10 11 11.113949
10 12 11.259601
10 13 11.354296
10 14 14.721672
10 15 13.232555
10 16 11.914669
10 17 13.523273
10 18 13.047297
10 19 14.210981
10 20 13.080550
10 21 12.711574
10 22 14.764080
10 23 12.525421
10 24 12.562961
10 25 12.963186
10 26 12.833930
10 27 12.374181
10 28 13.216824
10 29 13.271946
10 30 13.261485
10 31 12.237933
10 32 11.192497
10 33 11.866644
10 34 10.984617
10 35 14.308033
10 36 12.016539
10 37 12.069949
10 38 11.113753
10 39 13.404370
10 40 12.195524
10 41 13.653678
10 42 12.603963
10 43 13.892613
10 44 12.003877
10 45 10.927102
10 46 12.746485
10 47 11.205879
10 48 11.039999
10 49 14.580848
10 50 13.271196
10 51 13.064146
10 52 11.488892
10 53 13.214017
10 54 11.377973
10 55 14.575733
10 56 12.702280
10 57 13.656295
10 58 11.990177
10 59 12.470384
10 60 13.090715
10 61 12.656611
10 62 14.112518
10 63 13.908026
10 64 13.537288
10 65 11.210891
10 66 14.743209
10 67 13.686540
10 68 12.267958
10 69 14.498309
10 70 14.629423
10 71 13.110332
10 72 11.883249
10 73 12.664545
10 74 14.001635
10 75 12.812779
10 76 10.973158
10 77 13.892706
10 78 11.273143
10 79 11.391106
10 80 12.016292
10 81 14.456707
10 82 11.530782
10 83 13.815852
10 84 12.907070
10 85 12.513028
10 86 14.651445
10 87 12.024508
10 88 13.774559
10 89 11.939936
10 90 12.002624
10 91 12.141460
10 92 14.018328
10 93 12.527786
10 94 11.596632
10 95 13.674970
10 96 10.983101
10 97 13.770950
10 98 11.374228
10 99 11.956462
10 100 14.621371
11 0 14.397794
11 1 14.336206
11 2 13.914947
11 3 13.146013
11 4 13.588605
11 5 14.204045
11 6 11.599878
11 7 13.258633
11 8 12.825137
11 9 14.469342
11 10 11.113949
11 12 14.188948
11 13 12.636159
11 14 14.252112
11 15 14.423956
11 16 14.612733
11 17 13.276063
11 18 14.393833
11 19 13.922550
11 20 13.340119
11 21 14.124284
11 22 14.596175
11 23 12.250839
11 24 10.937654
11 25 11.712585
11 26 14.294161
11 27 11.106563
11 28 12.548644
11 29 12.364276
11 30 11.835018
11 31 10.921991
11 32 12.811005
11 33 14.540507
11 34 12.265154
11 35 13.525095
11 36 13.579162
11 37 10.975074
11 38 12.712520
11 39 13.963419
11 40 13.629394
11 41 12.220735
11 42 13.019124
11 43 12.885137
11 44 12.276778
11 45 12.314399
11 46 13.151828
11 47 12.038041
11 48 12.840358
11 49 12.656819
11 50 11.259944
11 51 11.111048
11 52 12.417940
11 53 11.846813
11 54 14.734120
11 55 13.926320
11 56 14.071243
11 57 14.742357
11 58 14.525228
11 59 11.814355
11 60 14.376730
11 61 14.367080
11 62 14.071128
11 63 14.304802
11 64 11.462799
11 65 13.307409
11 66 12.309419
11 67 11.137922
11 68 14.615883
11 69 12.390568
11 70 12.997274
11 71 14.377274
11 72 13.372691
11 73 12.082912
11 74 12.068728
11 75 12.960617
11 76 12.911178
11 77 11.648728
11 78 12.646037
11 79 13.086483
11 80 11.322364
11 81 12.706065
11 82 12.392612
11 83 13.870220
11 84 12.105847
11 85 10.937817
11 86 13.325427
11 87 14.477084
11 88 14.021939
11 89 13.017199
11 90 11.777383
11 91 11.771767
11 92 12.838099
11 93 12.969551
11 94 13.328524
11 95 12.172835
11 96 12.380414
11 97 13.307739
11 98 13.739899
11 99 13.434886
11 100 14.377057
12 0 13.689425
12 1 13.296836
12 2 14.609241
12 3 10.961639
12 4 14.384845
12 5 12.464575
12 6 12.539777
12 7 13.474979
12 8 10.925737
12 9 14.264085
12 10 11.259601
12 11 14.188948
12 13 11.788065
12 14 12.040858
12 15 13.534431
12 16 14.233357
12 17 13.830606
12 18 13.623094
12 19 11.585992
12 20 11.185927
12 21 12.050166
12 22 13.732607
12 23 11.776064
12 24 12.404860
12 25 12.766640
12 26 12.964814
12 27 12.499108
12 28 14.544038
12 29 12.094901
12 30 14.594869
12 31 12.737822
12 32 11.442496
12 33 11.372603
12 34 12.399078
12 35 13.591263
12 36 14.419601
12 37 12.156502
12 38 11.958309
12 39 14.370238
12 40 11.089973
12 41 11.292199
12 42 12.612360
12 43 10.964768
12 44 13.066934
12 45 11.097824
12 46 12.520039
12 47 11.827886
12 48 12.068778
12 49 12.813535
12 50 12.874343
12 51 13.104879
12 52 12.019212
12 53 14.419371
12 54 11.860960
12 55 11.220808
12 56 14.686847
12 57 11.948122
12 58 12.496226
12 59 13.276396
12 60 11.486949
12 61 14.720841
12 62 12.556563
12 63 12.526983
12 64 12.675078
12 65 13.855844
12 66 14.620866
12 67 12.436726
12 68 11.679899
12 69 12.842989
12 70 12.542680
12 71 12.976451
12 72 12.106287
12 73 11.009760
12 74 14.695906
12 75 11.049447
12 76 13.992190
12 77 13.127844
12 78 14.564703
12 79 11.550946
12 80 11.319685
12 81 12.457204
12 82 11.277486
12 83 11.687840
12 84 14.587425
12 85 12.547462
12 86 13.482024
12 87 14.187116
12 88 12.264647
12 89 11.866196
12 90 10.934751
12 91 11.376577
12 92 14.301877
12 93 10.939195
12 94 11.653140
12 95 11.805334
12 96 14.341548
12 97 12.525045
12 98 12.668352
12 99 14.100217
12 100 12.906495
13 0 12.801197
13 1 13.324607
13 2 13.172781
13 3 14.015722
13 4 12.939758
13 5 11.877941
13 6 14.062861
13 7 13.437358
13 8 13.248379
13 9 14.678286
13 10 11.354296
13 11 12.636159
13 12 11.788065
13 14 12.652403
13 15 10.973146
13 16 12.455555
13 17 14.765421
13 18 14.611881
13 19 12.290057
13 20 11.989565
13 21 13.245284
13 22 11.403704
13 23 11.535309
13 24 12.335087
13 25 11.439224
13 26 11.053501
13 27 13.237316
13 28 14.483622
13 29 14.009454
13 30 11.999641
13 31 14.700240
13 32 11.702245
13 33 11.994817
13 34 13.317559
13 35 12.026061
13 36 11.534118
13 37 12.307176
13 38 11.425208
13 39 13.522533
13 40 11.697849
13 41 14.668961
13 42 12.092699
13 43 12.372695
13 44 13.255154
13 45 13.100118
13 46 13.847540
13 47 13.100823
13 48 12.504199
13 49 12.968226
13 50 11.609645
13 51 11.664205
13 52 12.638414
13 53 13.061955
13 54 14.061901
13 55 14.339136
13 56 14.285743
13 57 13.382786
13 58 14.303999
13 59 13.965758
13 60 14.666439
13 61 12.982446
13 62 14.578887
13 63 14.454895
13 64 11.787830
13 65 12.875483
13 66 14.666089
13 67 14.240147
13 68 11.340402
13 69 12.397796
13 70 13.846263
13 71 11.195655
13 72 11.335704
13 73 13.428371
13 74 14.723584
13 75 14.030147
13 76 13.295913
13 77 12.855199
13 78 14.165751
13 79 11.502145
13 80 11.445174
13 81 12.031172
13 82 12.164196
13 83 11.598033
13 84 12.348258
13 85 13.013427
13 86 13.259181
13 87 14.521746
13 88 11.846668
13 89 14.610532
13 90 12.544488
13 91 11.482138
13 92 13.789967
13 93 14.791087
13 94 13.886745
13 95 13.190429
13 96 12.992625
13 97 14.054806
13 98 13.591170
13 99 13.043006
13 100 14.001759
14 0 12.078791
14 1 11.564334
14 2 13.677503
14 3 11.434110
14 4 11.004250
14 5 13.554800
14 6 11.725056
14 7 14.309636
14 8 11.848030
14 9 13.711229
14 10 14.721672
14 11 14.252112
14 12 12.040858
14 13 12.652403
14 15 13.241698
14 16 12.368150
14 17 12.352491
14 18 13.539145
14 19 11.892632
14 20 11.304478
14 21 13.827603
14 22 12.237662
14 23 13.464791
14 24 11.751643
14 25 12.740773
14 26 12.422499
14 27 11.431000
14 28 13.955976
14 29 14.623532
14 30 10.924912
14 31 13.139611
14 32 12.422651
14 33 12.649720
14 34 11.362571
14 35 12.322372
14 36 11.936559
14 37 14.329063
14 38 12.903526
14 39 14.734320
14 40 14.280725
14 41 13.456052
14 42 12.096127
14 43 13.316536
14 44 13.255285
14 45 12.920913
14 46 12.996743
14 47 11.740092
14 48 14.016229
14 49 12.509634
14 50 14.763232
14 51 13.029365
14 52 12.869291
14 53 12.393145
14 54 11.276933
14 55 12.003068
14 56 12.309175
14 57 13.745584
14 58 13.427608
14 59 11.248986
14 60 10.996949
14 61 12.898965
14 62 13.326509
14 63 11.982662
14 64 12.300056
14 65 13.437254
14 66 12.585008
14 67 11.490056
14 68 13.071007
14 69 14.214780
14 70 13.672796
14 71 12.129591
14 72 13.578144
14 73 14.803041
14 74 12.271036
14 75 14.695768
14 76 14.274935
14 77 11.621951
14 78 12.233099
14 79 11.500620
14 80 13.538488
14 81 14.082431
14 82 11.393746
14 83 12.125649
14 84 12.445387
14 85 14.520654
14 86 12.039807
14 87 12.687455
14 88 12.437146
14 89 11.645951
14 90 12.910559
14 91 13.544784
14 92 12.400954
14 93 12.611912
14 94 13.623281
14 95 12.441498
14 96 13.249503
14 97 12.329330
14 98 13.742796
14 99 11.006811
14 100 13.420501
15 0 12.827349
15 1 10.987531
15 2 11.062950
15 3 13.759512
15 4 12.089172
15 5 13.649177
15 6 14.499844
15 7 13.458318
15 8 12.429261
15 9 13.528731
15 10 13.232555
15 11 14.423956
15 12 13.534431
15 13 10.973146
15 14 13.241698
15 16 12.093675
15 17 12.184852
15 18 13.165914
15 19 12.981174
15 20 12.339033
15 21 14.373390
15 22 12.113449
15 23 12.193465
15 24 13.600273
15 25 13.812954
15 26 13.295528
15 27 12.260633
15 28 11.249239
15 29 12.199490
15 30 14.779429
15 31 14.305513
15 32 12.987960
15 33 14.059405
15 34 12.364975
15 35 14.223092
15 36 14.700285
15 37 13.340285
15 38 13.220254
15 39 13.422234
15 40 11.330887
15 41 12.419454
15 42 12.934086
15 43 10.998328
15 44 13.364784
15 45 11.323380
15 46 11.995676
15 47 12.525668
15 48 12.543215
15 49 13.650442
15 50 14.490819
15 51 11.996935
15 52 12.153765
15 53 12.434327
15 54 12.679204
15 55 11.933370
15 56 11.334530
15 57 12.263916
15 58 13.764531
15 59 13.975177
15 60 10.964323
15 61 12.545808
15 62 11.062350
15 63 11.388198
15 64 13.941167
15 65 12.171285
15 66 12.420196
15 67 13.816573
15 68 12.715261
15 69 11.526202
15 70 12.733445
15 71 14.359089
15 72 12.875756
15 73 14.157533
15 74 11.659091
15 75 13.167811
15 76 12.016439
15 77 14.814764
15 78 14.512076
15 79 13.496704
15 80 13.129428
15 81 13.821035
15 82 11.257294
15 83 11.285720
15 84 10.971425
15 85 11.180118
15 86 12.599845
15 87 12.596482
15 88 13.199795
15 89 13.390029
15 90 12.415336
15 91 13.856969
15 92 14.435184
15 93 13.367312
15 94 14.449761
15 95 13.359515
15 96 12.156915
15 97 11.817148
15 98 14.635717
15 99 13.938385
15 100 14.327282
16 0 11.085175
16 1 14.250978
16 2 13.817541
16 3 11.615808
16 4 13.895114
16 5 13.028814
16 6 13.588298
16 7 13.197062
16 8 10.947023
16 9 14.579157
16 10 11.914669
16 11 14.612733
16 12 14.233357
16 13 12.455555
16 14 12.368150
16 15 12.093675
16 17 11.648213
16 18 12.533985
16 19 13.570784
16 20 13.928508
16 21 11.403629
16 22 13.818776
16 23 12.694496
16 24 13.322342
16 25 13.381698
16 26 13.678153
16 27 14.755354
16 28 12.952481
16 29 14.313767
16 30 11.017181
16 31 12.052694
16 32 14.216449
16 33 11.206600
16 34 12.623223
16 35 13.075643
16 36 13.012432
16 37 14.002416
16 38 13.523276
16 39 12.745135
16 40 12.532550
16 41 11.824271
16 42 14.334253
16 43 11.131684
16 44 12.532747
16 45 12.589839
16 46 11.904746
16 47 10.950772
16 48 14.074517
16 49 13.396601
16 50 11.050415
16 51 11.763786
16 52 11.609130
16 53 12.743496
16 54 12.673901
16 55 13.760326
16 56 11.513264
16 57 11.194698
16 58 12.490388
16 59 11.141669
16 60 12.851924
16 61 11.919564
16 62 13.688299
16 63 10.921211
16 64 13.144055
16 65 13.059563
16 66 13.011749
16 67 12.800354
16 68 12.965585
16 69 11.585133
16 70 11.197204
16 71 13.913539
16 72 11.259039
16 73 13.104529
16 74 13.121027
16 75 11.617307
16 76 11.183931
16 77 12.528893
16 78 12.609401
16 79 11.321012
16 80 13.579028
16 81 13.860741
16 82 12.123800
16 83 14.627277
16 84 13.778173
16 85 11.794427
16 86 11.337747
16 87 14.686886
16 88 13.789002
16 89 13.327184
16 90 11.384425
16 91 13.911618
16 92 11.440903
16 93 13.559908
16 94 11.513894
16 95 14.137342
16 96 13.672292
16 97 11.631453
16 98 11.663016
16 99 12.849676
16 100 14.659931
17 0 13.717991
17 1 12.786143
17 2 12.304646
17 3 14.170493
17 4 14.435651
17 5 12.245087
17 6 13.253469
17 7 13.154522
17 8 13.983985
17 9 12.358687
17 10 13.523273
17 11 13.276063
17 12 13.830606
17 13 14.765421
17 14 12.352491
17 15 12.184852
17 16 11.648213
17 18 11.520591
17 19 14.299157
17 20 11.897658
17 21 12.226141
17 22 14.061073
17 23 12.899491
17 24 12.855227
17 25 11.662191
17 26 14.621040
17 27 11.113373
17 28 13.637316
17 29 12.886505
17 30 14.394996
17 31 10.924224
17 32 14.523920
17 33 11.657962
17 34 12.815215
17 35 13.472984
17 36 11.183628
17 37 12.897604
17 38 11.746222
17 39 11.157135
17 40 12.322319
17 41 12.356547
17 42 12.689074
17 43 13.944017
17 44 11.595165
17 45 12.772043
17 46 12.391945
17 47 12.361820
17 48 11.182712
17 49 12.537173
17 50 11.993702
17 51 13.718293
17 52 14.450951
17 53 11.380848
17 54 13.251981
17 55 13.767337
17 56 14.273330
17 57 12.297882
17 58 13.957102
17 59 14.411206
17 60 11.007301
17 61 13.837897
17 62 12.222001
17 63 12.511547
17 64 13.802084
17 65 11.134728
17 66 13.690752
17 67 11.756736
17 68 14.710043
17 69 12.180265
17 70 13.806590
17 71 14.614204
17 72 12.224418
17 73 11.240221
17 74 14.613446
17 75 12.086706
17 76 12.511369
17 77 11.159989
17 78 14.062129
17 79 13.261987
17 80 11.858188
17 81 12.854337
17 82 14.525427
17 83 12.957122
17 84 12.732591
17 85 14.706776
17 86 12.790182
17 87 11.170228
17 88 13.182997
17 89 13.526983
17 90 14.281762
17 91 14.567647
17 92 13.106866
17 93 14.570540
17 94 13.905691
17 95 11.865875
17 96 13.942615
17 97 13.155701
17 98 13.886880
17 99 13.953235
17 100 14.240893
18 0 13.566102
18 1 13.809735
18 2 12.253742
18 3 14.050438
18 4 12.756578
18 5 13.516325
18 6 10.983384
18 7 12.077638
18 8 14.657869
18 9 14.762171
18 10 13.047297
18 11 14.393833
18 12 13.623094
18 13 14.611881
18 14 13.539145
18 15 13.165914
18 16 12.533985
18 17 11.520591
18 19 14.282369
18 20 14.714993
18 21 11.152564
18 22 13.827067
18 23 11.419795
18 24 14.221230
18 25 13.065227
18 26 12.135708
18 27 12.507554
18 28 13.433031
18 29 12.643285
18 30 12.592234
18 31 11.446243
18 32 13.008238
18 33 14.370509
18 34 11.948122
18 35 13.299860
18 36 12.145509
18 37 10.974606
18 38 12.344369
18 39 11.577204
18 40 11.060709
18 41 14.254614
18 42 11.518470
18 43 13.962352
18 44 14.418435
18 45 11.745679
18 46 13.580302
18 47 13.443822
18 48 12.764427
18 49 12.637034
18 50 12.567751
18 51 12.662467
18 52 13.547919
18 53 12.412148
18 54 13.481591
18 55 12.375190
18 56 11.501636
18 57 14.155121
18 58 12.794290
18 59 14.334350
18 60 14.414279
18 61 10.975658
18 62 11.376387
18 63 12.684036
18 64 12.820423
18 65 14.289069
18 66 13.617559
18 67 11.338218
18 68 13.966520
18 69 12.025814
18 70 14.041974
18 71 13.940765
18 72 11.563745
18 73 12.419548
18 74 12.537601
18 75 12.681144
18 76 14.570805
18 77 14.791563
18 78 14.410360
18 79 11.779412
18 80 13.553885
18 81 11.202263
18 82 13.279225
18 83 11.844733
18 84 12.055249
18 85 12.279182
18 86 12.911658
18 87 12.580273
18 88 11.022455
18 89 11.046936
18 90 11.731946
18 91 14.688119
18 92 11.410645
18 93 13.167134
18 94 12.694095
18 95 13.867496
18 96 12.351986
18 97 13.168533
18 98 11.727837
18 99 12.310226
18 100 14.556353
19 0 13.430012
19 1 12.110141
19 2 13.184162
19 3 13.094158
19 4 12.322798
19 5 14.528865
19 6 12.249768
19 7 12.994371
19 8 12.218264
19 9 13.696404
19 10 14.210981
19 11 13.922550
19 12 11.585992
19 13 12.290057
19 14 11.892632
19 15 12.981174
19 16 13.570784
19 17 14.299157
19 18 14.282369
19 20 14.418824
19 21 13.863008
19 22 11.317912
19 23 13.483666
19 24 13.409045
19 25 13.826003
19 26 13.587362
19 27 12.843272
19 28 12.552168
19 29 11.207496
19 30 11.408945
19 31 13.107066
19 32 11.561351
19 33 11.642823
19 34 13.600739
19 35 10.957112
19 36 13.787397
19 37 11.882947
19 38 13.856212
19 39 12.276991
19 40 14.448123
19 41 14.657110
19 42 10.974786
19 43 12.323782
19 44 12.654436
19 45 12.040814
19 46 13.149930
19 47 11.046752
19 48 12.284469
19 49 14.716375
19 50 12.889479
19 51 12.500419
19 52 14.622709
19 53 12.820845
19 54 13.513311
19 55 11.596026
19 56 14.022940
19 57 11.752536
19 58 11.976813
19 59 13.182398
19 60 14.107749
19 61 12.677231
19 62 12.099170
19 63 14.407398
19 64 11.352340
19 65 12.661572
19 66 13.614812
19 67 11.021359
19 68 12.372439
19 69 13.991806
19 70 14.312883
19 71 12.170217
19 72 12.458406
19 73 14.555680
19 74 14.482451
19 75 12.981441
19 76 13.436697
19 77 11.277310
19 78 13.014246
19 79 11.597349
19 80 12.751943
19 81 14.267705
19 82 10.989861
19 83 11.951639
19 84 13.421789
19 85 13.082286
19 86 12.529810
19 87 13.613391
19 88 12.145279
19 89 11.127085
19 90 14.473492
19 91 12.084087
19 92 13.279557
19 93 12.336359
19 94 11.595015
19 95 12.402538
19 96 11.000985
19 97 11.414099
19 98 14.142307
19 99 14.047980
19 100 12.766818
20 0 11.867156
20 1 14.472237
20 2 12.050509
20 3 13.309778
20 4 11.072685
20 5 14.153997
20 6 13.173540
20 7 11.391908
20 8 13.895812
20 9 11.719888
20 10 13.080550
20 11 13.340119
20 12 11.185927
20 13 11.989565
20 14 11.304478
20 15 12.339033
20 16 13.928508
20 17 11.897658
20 18 14.714993
20 19 14.418824
20 21 13.731290
20 22 12.615818
20 23 12.223646
20 24 11.413656
20 25 12.583767
20 26 11.420523
20 27 10.971255
20 28 12.723399
20 29 13.270436
20 30 14.504230
20 31 12.747228
20 32 12.554829
20 33 12.497224
20 34 13.710058
20 35 11.245976
20 36 14.356908
20 37 13.638922
20 38 11.201643
20 39 11.859962
20 40 11.610087
20 41 14.495279
20 42 12.410283
20 43 11.609017
20 44 14.738029
20 45 12.287353
20 46 13.964528
20 47 13.946431
20 48 11.483468
20 49 11.074302
20 50 13.998638
20 51 12.316124
20 52 12.634772
20 53 11.912203
20 54 11.257822
20 55 13.229214
20 56 11.149901
20 57 13.001169
20 58 13.810433
20 59 14.246861
20 60 11.337971
20 61 13.723875
20 62 14.335607
20 63 13.460892
20 64 12.791461
20 65 14.777110
20 66 13.093381
20 67 11.328828
20 68 14.551497
20 69 11.937086
20 70 13.022067
20 71 11.772107
20 72 12.089201
20 73 12.685482
20 74 13.240952
20 75 12.978292
20 76 14.377548
20 77 14.073891
20 78 14.774037
20 79 13.904180
20 80 12.281751
20 81 11.435965
20 82 14.144051
20 83 14.307445
20 84 13.950456
20 85 12.486013
20 86 13.628620
20 87 11.759228
20 88 14.241034
20 89 11.233027
20 90 11.301281
20 91 10.946676
20 92 11.032505
20 93 13.126810
20 94 11.939248
20 95 12.983744
20 96 12.310241
20 97 14.650346
20 98 13.438134
20 99 14.796807
20 100 13.282019
21 0 11.525552
21 1 13.198123
21 2 12.303652
21 3 13.384377
21 4 12.083600
21 5 11.189170
21 6 13.555952
21 7 13.587661
21 8 12.906881
21 9 12.732610
21 10 12.711574
21 11 14.124284
21 12 12.050166
21 13 13.245284
21 14 13.827603
21 15 14.373390
21 16 11.403629
21 17 12.226141
21 18 11.152564
21 19 13.863008
21 20 13.731290
21 22 14.571810
21 23 11.380809
21 24 14.347339
21 25 13.942034
21 26 13.081267
21 27 14.169777
21 28 12.688943
21 29 13.707673
21 30 13.400699
21 31 13.883224
21 32 12.611974
21 33 11.997925
21 34 12.084756
21 35 14.399715
21 36 12.513798
21 37 12.700996
21 38 12.275492
21 39 11.566965
21 40 13.167613
21 41 10.953754
21 42 12.558881
21 43 11.586553
21 44 12.103162
21 45 14.321658
21 46 12.810463
21 47 14.194830
21 48 14.649043
21 49 14.429795
21 50 11.517533
21 51 14.509670
21 52 13.859156
21 53 13.090176
21 54 13.812772
21 55 13.186605
21 56 13.819233
21 57 11.951908
21 58 12.275765
21 59 14.018594
21 60 12.712776
21 61 14.335256
21 62 11.109402
21 63 11.953518
21 64 11.725146
21 65 12.872939
21 66 14.453882
21 67 12.787592
21 68 13.134270
21 69 11.048876
21 70 11.974592
21 71 14.135715
21 72 14.141598
21 73 11.968313
21 74 13.001642
21 75 13.461124
21 76 11.978248
21 77 13.106021
21 78 11.289246
21 79 12.247056
21 80 12.570445
21 81 13.468694
21 82 12.121520
21 83 11.478475
21 84 13.280316
21 85 13.566443
21 86 13.089880
21 87 12.821756
21 88 11.970451
21 89 13.640118
21 90 14.623052
21 91 14.757837
21 92 14.788982
21 93 11.015110
21 94 11.344432
21 95 14.277014
21 96 13.821352
21 97 11.817867
21 98 14.367042
21 99 12.106336
21 100 13.788828
22 0 12.059799
22 1 13.278236
22 2 13.642299
22 3 12.443095
22 4 13.798811
22 5 12.657205
22 6 11.895217
22 7 12.468621
22 8 12.160629
22 9 12.998550
22 10 14.764080
22 11 14.596175
22 12 13.732607
22 13 11.403704
22 14 12.237662
22 15 12.113449
22 16 13.818776
22 17 14.061073
22 18 13.827067
22 19 11.317912
22 20 12.615818
22 21 14.571810
22 23 11.826950
22 24 11.199200
22 25 14.165243
22 26 14.415212
22 27 13.670035
22 28 14.648696
22 29 14.791865
22 30 11.698491
22 31 13.033728
22 32 14.373814
22 33 14.215218
22 34 13.786132
22 35 11.304457
22 36 13.105475
22 37 12.488608
22 38 12.029013
22 39 11.472484
22 40 12.422941
22 41 11.148310
22 42 14.580293
22 43 13.434314
22 44 14.561062
22 45 11.990193
22 46 13.263265
22 47 14.815660
22 48 11.578392
22 49 14.176516
22 50 11.093164
22 51 14.061857
22 52 11.427868
22 53 11.247585
22 54 13.920301
22 55 14.298075
22 56 11.575296
22 57 11.261807
22 58 14.350683
22 59 12.791184
22 60 12.894394
22 61 14.686379
22 62 14.219831
22 63 11.272319
22 64 11.993814
22 65 11.196317
22 66 11.801295
22 67 12.859444
22 68 11.776097
22 69 13.141805
22 70 11.120714
22 71 11.176913
22 72 10.967434
22 73 11.886010
22 74 12.131685
22 75 12.942127
22 76 14.379968
22 77 11.811234
22 78 13.123775
22 79 12.403638
22 80 13.668151
22 81 14.756721
22 82 12.338715
22 83 14.614456
22 84 14.523868
22 85 12.592499
22 86 12.419617
22 87 11.149561
22 88 11.017953
22 89 14.350413
22 90 14.076705
22 91 11.713692
22 92 10.925099
22 93 14.610489
22 94 13.772156
22 95 13.410795
22 96 12.762035
22 97 11.561494
22 98 12.014997
22 99 11.919242
22 100 12.630575
23 0 13.660773
23 1 11.164301
23 2 11.001306
23 3 11.116246
23 4 13.480634
23 5 10.948248
23 6 12.588281
23 7 13.547207
23 8 11.940823
23 9 12.744817
23 10 12.525421
23 11 12.250839
23 12 11.776064
23 13 11.535309
23 14 13.464791
23 15 12.193465
23 16 12.694496
23 17 12.899491
23 18 11.419795
23 19 13.483666
23 20 12.223646
23 21 11.380809
23 22 11.826950
23 24 12.316280
23 25 13.479322
23 26 11.386830
23 27 12.101467
23 28 12.057074
23 29 14.136426
23 30 13.826590
23 31 14.511874
23 32 13.984962
23 33 10.920707
23 34 11.579394
23 35 13.960406
23 36 12.239904
23 37 11.273817
23 38 13.926804
23 39 12.781289
23 40 13.452253
23 41 12.380647
23 42 12.412066
23 43 13.507925
23 44 14.155149
23 45 14.216461
23 46 14.650245
23 47 11.520992
23 48 14.553304
23 49 13.709491
23 50 12.839707
23 51 14.488035
23 52 11.894030
23 53 12.173078
23 54 14.395104
23 55 11.420473
23 56 11.896549
23 57 12.936348
23 58 13.840331
23 59 12.624751
23 60 14.145156
23 61 14.398237
23 62 14.739495
23 63 12.802750
23 64 14.620376
23 65 14.511973
23 66 13.072333
23 67 10.947154
23 68 11.219328
23 69 13.233934
23 70 11.647898
23 71 14.442907
23 72 12.531088
23 73 13.400270
23 74 11.174024
23 75 14.019354
23 76 11.262068
23 77 13.274192
23 78 13.987437
23 79 13.225055
23 80 12.515298
23 81 12.843535
23 82 11.669636
23 83 14.489080
23 84 13.946569
23 85 11.547185
23 86 11.586485
23 87 11.289335
23 88 14.664010
23 89 12.543639
23 90 12.829954
23 91 13.209377
23 92 12.908283
23 93 12.523994
23 94 14.786678
23 95 12.271651
23 96 12.114839
23 97 11.349756
23 98 14.363125
23 99 14.538554
23 100 14.460230
24 0 12.166804
24 1 12.036882
24 2 14.047609
24 3 12.777754
24 4 12.312211
24 5 14.736538
24 6 13.094215
24 7 14.105681
24 8 12.529080
24 9 14.754670
24 10 12.562961
24 11 10.937654
24 12 12.404860
24 13 12.335087
24 14 11.751643
24 15 13.600273
24 16 13.322342
24 17 12.855227
24 18 14.221230
24 19 13.409045
24 20 11.413656
24 21 14.347339
24 22 11.199200
24 23 12.316280
24 25 14.367233
24 26 14.171562
24 27 14.251317
24 28 14.587152
24 29 11.709768
24 30 13.948250
24 31 12.953408
24 32 12.466116
24 33 12.744834
24 34 12.267992
24 35 12.085104
24 36 13.943389
24 37 11.475853
24 38 12.877162
24 39 12.946261
24 40 14.293944
24 41 13.390387
24 42 12.120215
24 43 11.493698
24 44 13.849188
24 45 11.120663
24 46 12.989873
24 47 12.113849
24 48 13.501379
24 49 12.072889
24 50 14.533000
24 51 12.271554
24 52 12.938349
24 53 14.583646
24 54 14.329340
24 55 14.375644
24 56 12.777230
24 57 13.022303
24 58 13.746090
24 59 14.793527
24 60 13.722911
24 61 11.416294
24 62 13.075130
24 63 10.947162
24 64 12.526999
24 65 11.103498
24 66 14.281633
24 67 13.460811
24 68 11.032043
24 69 11.068239
24 70 12.021734
24 71 13.893626
24 72 11.109807
24 73 12.785855
24 74 14.196400
24 75 14.441804
24 76 13.847204
24 77 12.325131
24 78 13.912387
24 79 13.594101
24 80 14.332612
24 81 14.290933
24 82 13.385908
24 83 13.744450
24 84 14.331747
24 85 11.734711
24 86 12.390952
24 87 13.656648
24 88 14.462801
24 89 11.613451
24 90 14.667754
24 91 13.933070
24 92 11.945306
24 93 12.049962
24 94 12.669480
24 95 12.967077
24 96 13.418330
24 97 12.040140
24 98 12.390383
24 99 14.597792
24 100 14.700842
25 0 13.404387
25 1 13.723167
25 2 11.127546
25 3 11.262858
25 4 11.972484
25 5 11.790846
25 6 11.836893
25 7 13.304229
25 8 11.777577
25 9 13.909783
25 10 12.963186
25 11 11.712585
25 12 12.766640
25 13 11.439224
25 14 12.740773
25 15 13.812954
25 16 13.381698
25 17 11.662191
25 18 13.065227
25 19 13.826003
25 20 12.583767
25 21 13.942034
25 22 14.165243
25 23 13.479322
25 24 14.367233
25 26 12.686228
25 27 12.258416
25 28 10.954479
25 29 14.359542
25 30 14.540657
25 31 12.890453
25 32 14.506688
25 33 11.168142
25 34 11.889005
25 35 12.109813
25 36 13.737067
25 37 13.137072
25 38 11.901494
25 39 14.585480
25 40 13.565443
25 41 14.428956
25 42 11.943197
25 43 11.696596
25 44 12.536522
25 45 12.374358
25 46 13.515705
25 47 13.051120
25 48 14.817253
25 49 11.162984
25 50 11.615902
25 51 13.625560
25 52 11.924474
25 53 11.320352
25 54 13.833894
25 55 14.625035
25 56 12.508981
25 57 11.016336
25 58 10.930512
25 59 13.036736
25 60 12.951341
25 61 11.093467
25 62 13.243580
25 63 13.313333
25 64 12.693490
25 65 14.748496
25 66 11.200360
25 67 13.275584
25 68 14.218846
25 69 14.048758
25 70 14.516000
25 71 12.281165
25 72 13.493031
25 73 11.773313
25 74 11.644069
25 75 12.474340
25 76 12.501391
25 77 11.569792
25 78 14.344524
25 79 12.799674
25 80 11.828966
25 81 14.281004
25 82 13.341830
25 83 12.963203
25 84 13.543376
25 85 13.970270
25 86 12.936511
25 87 14.195919
25 88 12.934389
25 89 12.182685
25 90 13.490391
25 91 13.366502
25 92 13.590472
25 93 14.058046
25 94 11.591121
25 95 11.736578
25 96 13.902259
25 97 12.624920
25 98 12.690288
25 99 12.866212
25 100 13.449575
26 0 12.285524
26 1 11.137727
26 2 11.610322
26 3 13.136578
26 4 13.917258
26 5 14.306682
26 6 12.224273
26 7 12.212349
26 8 13.659765
26 9 11.224170
26 10 12.833930
26 11 14.294161
26 12 12.964814
26 13 11.053501
26 14 12.422499
26 15 13.295528
26 16 13.678153
26 17 14.621040
26 18 12.135708
26 19 13.587362
26 20 11.420523
26 21 13.081267
26 22 14.415212
26 23 11.386830
26 24 14.171562
26 25 12.686228
26 27 13.099027
26 28 11.675842
26 29 12.595828
26 30 12.566325
26 31 13.229671
26 32 11.040599
26 33 11.681815
26 34 11.094528
26 35 12.914125
26 36 12.570770
26 37 11.488633
26 38 11.206437
26 39 14.327164
26 40 13.236280
26 41 14.271755
26 42 13.271439
26 43 14.809002
26 44 12.625288
26 45 12.202698
26 46 13.332828
26 47 13.367439
26 48 13.946689
26 49 11.839515
26 50 13.043620
26 51 14.038574
26 52 13.277242
26 53 12.938391
26 54 12.962329
26 55 13.742648
26 56 11.487699
26 57 12.969740
26 58 12.800316
26 59 13.310956
26 60 13.061551
26 61 12.905158
26 62 14.685290
26 63 13.879960
26 64 12.459569
26 65 11.864143
26 66 12.143866
26 67 14.660682
26 68 14.427498
26 69 12.116275
26 70 14.767926
26 71 11.626071
26 72 11.337514
26 73 13.497299
26 74 12.690946
26 75 14.492687
26 76 14.512439
26 77 13.009491
26 78 14.495424
26 79 11.141875
26 80 10.965524
26 81 13.994424
26 82 11.688930
26 83 11.987080
26 84 11.707912
26 85 13.272717
26 86 14.763023
26 87 12.927017
26 88 13.488105
26 89 11.703177
26 90 12.769719
26 91 13.194326
26 92 12.379930
26 93 13.009751
26 94 12.694704
26 95 12.363401
26 96 12.222848
26 97 13.232990
26 98 14.445821
26 99 13.689611
26 100 12.011197
27 0 12.778499
27 1 11.689164
27 2 11.572459
27 3 11.609530
27 4 12.934920
27 5 12.344108
27 6 12.305344
27 7 12.340505
27 8 13.637332
27 9 11.134624
27 10 12.374181
27 11 11.106563
27 12 12.499108
27 13 13.237316
27 14 11.431000
27 15 12.260633
27 16 14.755354
27 17 11.113373
27 18 12.507554
27 19 12.843272
27 20 10.971255
27 21 14.169777
27 22 13.670035
27 23 12.101467
27 24 14.251317
27 25 12.258416
27 26 13.099027
27 28 13.278554
27 29 14.419775
27 30 12.919414
27 31 14.164593
27 32 12.032157
27 33 12.767761
27 34 11.463041
27 35 11.424263
27 36 13.796468
27 37 12.499012
27 38 12.855674
27 39 11.186412
27 40 12.567084
27 41 14.322773
27 42 12.187785
27 43 12.226415
27 44 13.408299
27 45 11.050408
27 46 13.963382
27 47 12.738949
27 48 12.197065
27 49 12.524595
27 50 11.030092
27 51 14.651035
27 52 12.434936
27 53 12.961444
27 54 13.604847
27 55 13.320671
27 56 11.058195
27 57 13.028637
27 58 13.429862
27 59 14.583442
27 60 11.107950
27 61 13.066794
27 62 13.236452
27 63 11.799457
27 64 13.356709
27 65 12.543578
27 66 11.482516
27 67 11.094584
27 68 14.621231
27 69 13.662954
27 70 12.097406
27 71 11.170525
27 72 12.488308
27 73 13.353856
27 74 14.275719
27 75 11.842691
27 76 14.418501
27 77 11.101115
27 78 13.498205
27 79 13.498835
27 80 13.307123
27 81 13.377408
27 82 12.580418
27 83 12.781128
27 84 14.741381
27 85 13.540689
27 86 13.713119
27 87 12.530373
27 88 11.672167
27 89 13.960042
27 90 13.451227
27 91 11.745574
27 92 12.101846
27 93 13.220300
27 94 14.483421
27 95 14.651894
27 96 13.442136
27 97 11.700261
27 98 12.448193
27 99 14.140059
27 100 14.525652
28 0 13.377819
28 1 14.050116
28 2 13.192903
28 3 12.041077
28 4 14.401374
28 5 14.796078
28 6 13.034525
28 7 12.373737
28 8 14.077682
28 9 13.154057
28 10 13.216824
28 11 12.548644
28 12 14.544038
28 13 14.483622
28 14 13.955976
28 15 11.249239
28 16 12.952481
28 17 13.637316
28 18 13.433031
28 19 12.552168
28 20 12.723399
28 21 12.688943
28 22 14.648696
28 23 12.057074
28 24 14.587152
28 25 10.954479
28 26 11.675842
28 27 13.278554
28 29 11.624025
28 30 13.634610
28 31 11.583911
28 32 11.661151
28 33 14.355379
28 34 14.272395
28 35 13.306480
28 36 11.212534
28 37 12.190367
28 38 11.086351
28 39 14.666479
28 40 11.300230
28 41 12.119880
28 42 13.190370
28 43 13.631632
28 44 14.353496
28 45 12.981958
28 46 12.956269
28 47 12.173167
28 48 13.865719
28 49 13.853031
28 50 14.561175
28 51 12.532820
28 52 11.863505
28 53 14.444009
28 54 13.057220
28 55 11.066031
28 56 14.462251
28 57 11.559799
28 58 12.866033
28 59 13.737587
28 60 14.086932
28 61 14.426008
28 62 13.549099
28 63 12.493723
28 64 10.991941
28 65 13.318246
28 66 11.617300
28 67 14.300463
28 68 12.830742
28 69 14.241540
28 70 11.418505
28 71 11.579585
28 72 14.533514
28 73 13.578549
28 74 12.877739
28 75 12.897114
28 76 12.269077
28 77 13.660263
28 78 12.778818
28 79 13.628756
28 80 12.203838
28 81 11.650355
28 82 12.204394
28 83 14.450054
28 84 14.692142
28 85 13.852436
28 86 11.438210
28 87 12.933664
28 88 11.744101
28 89 11.996317
28 90 13.919258
28 91 13.278456
28 92 13.863801
28 93 14.199760
28 94 11.264603
28 95 14.068701
28 96 11.517394
28 97 13.265010
28 98 11.701475
28 99 14.288720
28 100 12.286677
29 0 13.261657
29 1 14.453134
29 2 12.978817
29 3 14.658556
29 4 11.891205
29 5 12.551900
29 6 13.498580
29 7 14.204396
29 8 14.795560
29 9 11.913754
29 10 13.271946
29 11 12.364276
29 12 12.094901
29 13 14.009454
29 14 14.623532
29 15 12.199490
29 16 14.313767
29 17 12.886505
29 18 12.643285
29 19 11.207496
29 20 13.270436
29 21 13.707673
29 22 14.791865
29 23 14.136426
29 24 11.709768
29 25 14.359542
29 26 12.595828
29 27 14.419775
29 28 11.624025
29 30 11.585768
29 31 13.384018
29 32 13.064727
29 33 11.918805
29 34 12.421270
29 35 12.300606
29 36 12.021163
29 37 13.845886
29 38 12.730875
29 39 14.185685
29 40 11.223969
29 41 12.147131
29 42 11.736611
29 43 11.015252
29 44 11.405444
29 45 13.474653
29 46 13.325426
29 47 13.313764
29 48 11.314454
29 49 12.671275
29 50 10.968945
29 51 11.860657
29 52 12.457970
29 53 11.274390
29 54 12.855714
29 55 13.468548
29 56 13.866705
29 57 13.762166
29 58 12.026301
29 59 12.778743
29 60 12.275302
29 61 14.165975
29 62 13.771391
29 63 13.699550
29 64 13.589178
29 65 12.216941
29 66 11.445901
29 67 14.378502
29 68 13.757275
29 69 13.749659
29 70 12.097720
29 71 14.643506
29 72 14.393540
29 73 11.970835
29 74 11.432315
29 75 13.343082
29 76 12.500153
29 77 14.035402
29 78 11.045945
29 79 11.955498
29 80 12.112545
29 81 11.554301
29 82 11.269198
29 83 13.620327
29 84 13.846440
29 85 14.247061
29 86 11.606272
29 87 12.977344
29 88 14.315129
29 89 11.217610
29 90 13.016250
29 91 12.434532
29 92 12.742193
29 93 11.440797
29 94 13.669234
29 95 13.136134
29 96 13.189798
29 97 11.712022
29 98 13.425763
29 99 13.808458
29 100 13.453418
30 0 12.173893
30 1 14.527174
30 2 12.829280
30 3 11.183348
30 4 13.049622
30 5 11.407426
30 6 13.559235
30 7 12.602201
30 8 10.989086
30 9 12.671018
30 10 13.261485
30 11 11.835018
30 12 14.594869
30 13 11.999641
30 14 10.924912
30 15 14.779429
30 16 11.017181
30 17 14.394996
30 18 12.592234
30 19 11.408945
30 20 14.504230
30 21 13.400699
30 22 11.698491
30 23 13.826590
30 24 13.948250
30 25 14.540657
30 26 12.566325
30 27 12.919414
30 28 13.634610
30 29 11.585768
30 31 12.063299
30 32 13.958833
30 33 13.297566
30 34 12.888920
30 35 11.610261
30 36 13.205292
30 37 11.939942
30 38 13.445146
30 39 11.757842
30 40 13.312476
30 41 13.909865
30 42 12.457840
30 43 11.706269
30 44 12.130894
30 45 13.841689
30 46 13.059804
30 47 12.404264
30 48 11.626586
30 49 12.515222
30 50 12.587733
30 51 13.486059
30 52 13.880618
30 53 13.343668
30 54 11.607463
30 55 11.127746
30 56 12.752719
30 57 14.234119
30 58 11.231014
30 59 14.245491
30 60 11.758797
30 61 11.791007
30 62 11.019281
30 63 13.765466
30 64 11.807009
30 65 13.254953
30 66 14.341863
30 67 13.998201
30 68 13.329545
30 69 14.413698
30 70 14.804562
30 71 14.383161
30 72 11.688266
30 73 13.231587
30 74 12.222329
30 75 12.957930
30 76 11.303040
30 77 12.065410
30 78 11.741864
30 79 11.541375
30 80 14.168795
30 81 14.331861
30 82 12.939285
30 83 11.929098
30 84 14.302252
30 85 14.491063
30 86 13.535232
30 87 10.998177
30 88 12.544965
30 89 10.929947
30 90 13.426819
30 91 12.422775
30 92 14.301294
30 93 11.306278
30 94 11.662045
30 95 13.568577
30 96 11.425658
30 97 12.916821
30 98 12.108275
30 99 11.528701
30 100 10.982763
31 0 12.967947
31 1 14.471741
31 2 11.278931
31 3 13.504524
31 4 12.575479
31 5 12.703299
31 6 11.988364
31 7 14.803110
31 8 11.648303
31 9 11.231875
31 10 12.237933
31 11 10.921991
31 12 12.737822
31 13 14.700240
31 14 13.139611
31 15 14.305513
31 16 12.052694
31 17 10.924224
31 18 11.446243
31 19 13.107066
31 20 12.747228
31 21 13.883224
31 22 13.033728
31 23 14.511874
31 24 12.953408
31 25 12.890453
31 26 13.229671
31 27 14.164593
31 28 11.583911
31 29 13.384018
31 30 12.063299
31 32 11.594647
31 33 11.598930
31 34 14.035943
31 35 13.286895
31 36 13.813402
31 37 11.404883
31 38 14.356332
31 39 14.658263
31 40 12.953446
31 41 14.603829
31 42 14.088052
31 43 13.296911
31 44 11.258402
31 45 11.125653
31 46 11.368023
31 47 14.655021
31 48 12.691246
31 49 12.002810
31 50 12.943912
31 51 12.366891
31 52 14.449574
31 53 12.421850
31 54 14.059458
31 55 13.175314
31 56 11.593789
31 57 14.003610
31 58 11.967146
31 59 13.106880
31 60 14.781046
31 61 13.843702
31 62 11.681916
31 63 13.713337
31 64 11.204117
31 65 14.469668
31 66 12.383925
31 67 11.379267
31 68 12.590990
31 69 13.833963
31 70 12.140171
31 71 12.231324
31 72 12.885609
31 73 14.205176
31 74 13.074503
31 75 11.378725
31 76 11.376501
31 77 12.340023
31 78 11.733938
31 79 11.804694
31 80 13.729943
31 81 12.452337
31 82 11.457393
31 83 14.783006
31 84 14.241975
31 85 11.140168
31 86 11.270730
31 87 14.661598
31 88 12.350882
31 89 13.709429
31 90 14.786829
31 91 14.702500
31 92 12.291742
31 93 14.314565
31 94 13.115685
31 95 11.597155
31 96 12.102264
31 97 14.016838
31 98 11.156539
31 99 13.272826
31 100 13.924103
32 0 11.047217
32 1 11.742796
32 2 12.970845
32 3 12.080118
32 4 12.852880
32 5 12.242996
32 6 12.516285
32 7 13.262712
32 8 14.275552
32 9 13.444597
32 10 11.192497
32 11 12.811005
32 12 11.442496
32 13 11.702245
32 14 12.422651
32 15 12.987960
32 16 14.216449
32 17 14.523920
32 18 13.008238
32 19 11.561351
32 20 12.554829
32 21 12.611974
32 22 14.373814
32 23 13.984962
32 24 12.466116
32 25 14.506688
32 26 11.040599
32 27 12.032157
32 28 11.661151
32 29 13.064727
32 30 13.958833
32 31 11.594647
32 33 14.023814
32 34 14.699673
32 35 11.370841
32 36 13.306157
32 37 14.295410
32 38 14.077657
32 39 14.144133
32 40 11.209899
32 41 13.193119
32 42 13.111844
32 43 12.575420
32 44 13.287828
32 45 12.738842
32 46 12.154353
32 47 13.621253
32 48 13.445258
32 49 11.135015
32 50 14.570249
32 51 14.496470
32 52 12.563845
32 53 12.179765
32 54 11.421624
32 55 11.206863
32 56 11.984832
32 57 14.621226
32 58 11.493725
32 59 12.816977
32 60 12.778266
32 61 13.156836
32 62 13.656092
32 63 12.208569
32 64 11.165243
32 65 13.036725
32 66 12.579121
32 67 11.965310
32 68 12.920338
32 69 12.884097
32 70 14.047289
32 71 14.525791
32 72 13.026730
32 73 14.220697
32 74 11.532832
32 75 14.270065
32 76 14.103797
32 77 13.768791
32 78 13.564531
32 79 13.181047
32 80 13.619466
32 81 11.961249
32 82 12.440855
32 83 14.543416
32 84 13.251160
32 85 12.073353
32 86 14.589897
32 87 14.254306
32 88 13.820300
32 89 12.359142
32 90 12.010346
32 91 11.324951
32 92 11.301315
32 93 14.195275
32 94 12.344905
32 95 14.398361
32 96 12.711568
32 97 14.219380
32 98 14.818151
32 99 14.815467
32 100 13.535437
33 0 12.647819
33 1 14.787211
33 2 12.966133
33 3 12.383919
33 4 14.735978
33 5 12.245508
33 6 13.498117
33 7 12.748963
33 8 12.574771
33 9 12.400498
33 10 11.866644
33 11 14.540507
33 12 11.372603
33 13 11.994817
33 14 12.649720
33 15 14.059405
33 16 11.206600
33 17 11.657962
33 18 14.370509
33 19 11.642823
33 20 12.497224
33 21 11.997925
33 22 14.215218
33 23 10.920707
33 24 12.744834
33 25 11.168142
33 26 11.681815
33 27 12.767761
33 28 14.355379
33 29 11.918805
33 30 13.297566
33 31 11.598930
33 32 14.023814
33 34 12.251200
33 35 13.025988
33 36 11.051373
33 37 12.316820
33 38 11.440980
33 39 14.018263
33 40 13.178038
33 41 14.357947
33 42 11.933080
33 43 12.014580
33 44 12.918976
33 45 11.472763
33 46 12.526277
33 47 12.871384
33 48 13.157800
33 49 11.173151
33 50 13.066145
33 51 10.954568
33 52 12.426771
33 53 14.739818
33 54 12.442662
33 55 14.202339
33 56 14.199668
33 57 11.587742
33 58 11.526966
33 59 11.249092
33 60 11.322177
33 61 11.576900
33 62 11.523419
33 63 11.257518
33 64 11.221983
33 65 13.840014
33 66 11.165780
33 67 14.191185
33 68 11.986315
33 69 13.249681
33 70 13.382197
33 71 13.018001
33 72 11.284893
33 73 12.563716
33 74 14.561636
33 75 12.667298
33 76 14.639735
33 77 12.028381
33 78 13.983143
33 79 14.313999
33 80 11.058592
33 81 11.724117
33 82 12.421007
33 83 11.523456
33 84 14.229130
33 85 14.222874
33 86 12.562122
33 87 11.263560
33 88 11.052401
33 89 12.443622
33 90 12.030948
33 91 12.578288
33 92 14.011319
33 93 14.350653
33 94 13.921097
33 95 12.277853
33 96 11.076938
33 97 11.342976
33 98 12.310669
33 99 12.761228
33 100 12.497129
34 0 13.392123
34 1 13.476652
34 2 13.243455
34 3 14.160711
34 4 12.527344
34 5 13.184872
34 6 11.869471
34 7 11.197426
34 8 14.252414
34 9 13.229333
34 10 10.984617
34 11 12.265154
34 12 12.399078
34 13 13.317559
34 14 11.362571
34 15 12.364975
34 16 12.623223
34 17 12.815215
34 18 11.948122
34 19 13.600739
34 20 13.710058
34 21 12.084756
34 22 13.786132
34 23 11.579394
34 24 12.267992
34 25 11.889005
34 26 11.094528
34 27 11.463041
34 28 14.272395
34 29 12.421270
34 30 12.888920
34 31 14.035943
34 32 14.699673
34 33 12.251200
34 35 14.434987
34 36 10.935275
34 37 13.153449
34 38 11.425525
34 39 13.408848
34 40 13.671199
34 41 13.351074
34 42 13.738541
34 43 14.355614
34 44 14.083361
34 45 12.389733
34 46 11.054272
34 47 13.839487
34 48 14.191335
34 49 11.964978
34 50 11.926343
34 51 12.165024
34 52 11.949153
34 53 12.460160
34 54 12.093708
34 55 11.931703
34 56 14.729479
34 57 13.700761
34 58 11.605179
34 59 11.833873
34 60 11.800586
34 61 14.067019
34 62 11.379325
34 63 12.260072
34 64 14.347210
34 65 11.629280
34 66 14.564762
34 67 14.708043
34 68 14.780593
34 69 11.109943
34 70 13.232764
34 71 13.565452
34 72 11.977468
34 73 10.993377
34 74 13.741691
34 75 12.660279
34 76 12.183767
34 77 12.127383
34 78 12.316827
34 79 12.923273
34 80 11.090693
34 81 13.777622
34 82 11.689927
34 83 12.844721
34 84 14.006653
34 85 11.886492
34 86 13.855141
34 87 14.758752
34 88 11.446670
34 89 12.316206
34 90 13.881099
34 91 12.119266
34 92 11.890563
34 93 11.272580
34 94 13.308627
34 95 14.401639
34 96 12.480339
34 97 11.202403
34 98 13.002479
34 99 12.407877
34 100 14.399210
35 0 13.694013
35 1 12.192138
35 2 11.436355
35 3 11.736197
35 4 11.365140
35 5 13.013085
35 6 13.954727
35 7 13.611315
35 8 11.437557
35 9 12.351069
35 10 14.308033
35 11 13.525095
35 12 13.591263
35 13 12.026061
35 14 12.322372
35 15 14.223092
35 16 13.075643
35 17 13.472984
35 18 13.299860
35 19 10.957112
35 20 11.245976
35 21 14.399715
35 22 11.304457
35 23 13.960406
35 24 12.085104
35 25 12.109813
35 26 12.914125
35 27 11.424263
35 28 13.306480
35 29 12.300606
35 30 11.610261
35 31 13.286895
35 32 11.370841
35 33 13.025988
35 34 14.434987
35 36 11.733700
35 37 14.020060
35 38 12.535768
35 39 14.130052
35 40 12.978968
35 41 11.407632
35 42 11.049688
35 43 11.438172
35 44 13.874393
35 45 13.335769
35 46 12.908026
35 47 11.872002
35 48 11.541462
35 49 13.733962
35 50 14.489019
35 51 13.025074
35 52 12.733936
35 53 12.492225
35 54 12.666667
35 55 14.431629
35 56 14.181079
35 57 13.621723
35 58 12.208156
35 59 12.133979
35 60 12.422242
35 61 11.612124
35 62 11.259813
35 63 11.083566
35 64 13.182216
35 65 11.290137
35 66 14.452003
35 67 14.808210
35 68 11.298011
35 69 13.060575
35 70 13.097825
35 71 10.927817
35 72 14.422420
35 73 13.505693
35 74 14.662739
35 75 14.237494
35 76 14.211710
35 77 13.156806
35 78 11.456552
35 79 14.298204
35 80 13.766223
35 81 12.730453
35 82 11.683241
35 83 14.281059
35 84 14.729568
35 85 12.063756
35 86 13.293754
35 87 11.350039
35 88 14.146383
35 89 13.641895
35 90 12.366987
35 91 13.359696
35 92 14.620718
35 93 12.019347
35 94 11.467318
35 95 11.828905
35 96 14.265034
35 97 12.662958
35 98 13.114266
35 99 13.054816
35 100 11.009323
36 0 14.174819
36 1 12.598047
36 2 11.399741
36 3 12.965506
36 4 13.274570
36 5 12.332416
36 6 12.580503
36 7 11.862395
36 8 12.716318
36 9 14.578769
36 10 12.016539
36 11 13.579162
36 12 14.419601
36 13 11.534118
36 14 11.936559
36 15 14.700285
36 16 13.012432
36 17 11.183628
36 18 12.145509
36 19 13.787397
36 20 14.356908
36 21 12.513798
36 22 13.105475
36 23 12.239904
36 24 13.943389
36 25 13.737067
36 26 12.570770
36 27 13.796468
36 28 11.212534
36 29 12.021163
36 30 13.205292
36 31 13.813402
36 32 13.306157
36 33 11.051373
36 34 10.935275
36 35 11.733700
36 37 14.777809
36 38 12.059407
36 39 11.167652
36 40 11.707132
36 41 14.345325
36 42 11.879677
36 43 13.778297
36 44 11.344903
36 45 13.078565
36 46 11.759926
36 47 12.206237
36 48 13.679217
36 49 11.052435
36 50 13.069703
36 51 13.518020
36 52 12.128326
36 53 11.687311
36 54 11.981208
36 55 13.963767
36 56 13.794872
36 57 13.763564
36 58 13.710463
36 59 12.922573
36 60 14.799009
36 61 14.678797
36 62 13.137818
36 63 13.256417
36 64 12.870430
36 65 13.765975
36 66 14.067129
36 67 13.719867
36 68 12.604939
36 69 11.126107
36 70 14.475221
36 71 14.282965
36 72 13.183848
36 73 13.355131
36 74 14.529631
36 75 14.788011
36 76 11.797593
36 77 11.677871
36 78 12.046566
36 79 12.799123
36 80 14.410413
36 81 11.547463
36 82 13.783061
36 83 12.745832
36 84 13.335853
36 85 11.622523
36 86 13.032961
36 87 13.380967
36 88 12.891509
36 89 12.539489
36 90 11.173724
36 91 14.661493
36 92 13.248387
36 93 12.561692
36 94 10.927826
36 95 12.843539
36 96 12.893695
36 97 12.793752
36 98 14.772398
36 99 12.056537
36 100 14.108914
37 0 12.004796
37 1 10.947206
37 2 11.087628
37 3 12.877204
37 4 13.447056
37 5 13.355277
37 6 12.377310
37 7 12.193706
37 8 14.733926
37 9 11.704748
37 10 12.069949
37 11 10.975074
37 12 12.156502
37 13 12.307176
37 14 14.329063
37 15 13.340285
37 16 14.002416
37 17 12.897604
37 18 10.974606
37 19 11.882947
37 20 13.638922
37 21 12.700996
37 22 12.488608
37 23 11.273817
37 24 11.475853
37 25 13.137072
37 26 11.488633
37 27 12.499012
37 28 12.190367
37 29 13.845886
37 30 11.939942
37 31 11.404883
37 32 14.295410
37 33 12.316820
37 34 13.153449
37 35 14.020060
37 36 14.777809
37 38 12.524987
37 39 13.021750
37 40 11.113929
37 41 12.778707
37 42 14.326169
37 43 13.050505
37 44 12.574152
37 45 11.116382
37 46 12.050642
37 47 12.206110
37 48 11.785985
37 49 13.210133
37 50 12.819299
37 51 13.174402
37 52 12.666762
37 53 11.893113
37 54 13.780367
37 55 14.644046
37 56 11.728347
37 57 14.493863
37 58 11.826119
37 59 12.645988
37 60 13.919653
37 61 14.381945
37 62 12.800482
37 63 12.067947
37 64 13.517361
37 65 13.299022
37 66 11.594688
37 67 12.939736
37 68 14.422480
37 69 10.935285
37 70 13.004554
37 71 13.359368
37 72 10.922653
37 73 12.218243
37 74 11.197667
37 75 12.571762
37 76 11.388765
37 77 11.470454
37 78 14.816662
37 79 13.887310
37 80 12.913291
37 81 11.097760
37 82 14.471031
37 83 11.380553
37 84 13.989810
37 85 12.453637
37 86 10.924351
37 87 14.049948
37 88 13.520653
37 89 11.911217
37 90 11.346827
37 91 11.279950
37 92 12.954744
37 93 11.005374
37 94 13.201416
37 95 10.929046
37 96 13.910582
37 97 13.573805
37 98 11.986871
37 99 13.080643
37 100 14.078223
38 0 11.095649
38 1 11.514852
38 2 11.409537
38 3 12.925734
38 4 12.520911
38 5 13.481069
38 6 14.469814
38 7 11.254509
38 8 14.487754
38 9 14.588301
38 10 11.113753
38 11 12.712520
38 12 11.958309
38 13 11.425208
38 14 12.903526
38 15 13.220254
38 16 13.523276
38 17 11.746222
38 18 12.344369
38 19 13.856212
38 20 11.201643
38 21 12.275492
38 22 12.029013
38 23 13.926804
38 24 12.877162
38 25 11.901494
38 26 11.206437
38 27 12.855674
38 28 11.086351
38 29 12.730875
38 30 13.445146
38 31 14.356332
38 32 14.077657
38 33 11.440980
38 34 11.425525
38 35 12.535768
38 36 12.059407
38 37 12.524987
38 39 11.339015
38 40 14.224499
38 41 13.008435
38 42 14.096242
38 43 12.653796
38 44 14.681846
38 45 14.562432
38 46 12.462573
38 47 13.334581
38 48 13.777239
38 49 12.552357
38 50 13.504247
38 51 11.249927
38 52 12.306461
38 53 13.977476
38 54 14.190867
38 55 13.156563
38 56 11.813786
38 57 12.491123
38 58 14.396147
38 59 12.915159
38 60 11.700173
38 61 13.001456
38 62 13.939297
38 63 12.181455
38 64 12.064105
38 65 11.678679
38 66 12.257081
38 67 12.158407
38 68 11.263241
38 69 13.704624
38 70 13.328689
38 71 14.795791
38 72 12.969901
38 73 14.075277
38 74 12.259919
38 75 11.102431
38 76 13.114952
38 77 14.440931
38 78 14.392614
38 79 14.541393
38 80 11.685822
38 81 12.207179
38 82 13.783168
38 83 11.717402
38 84 13.853343
38 85 11.499379
38 86 13.004862
38 87 13.044602
38 88 13.357617
38 89 11.268213
38 90 13.915356
38 91 13.878022
38 92 14.234021
38 93 11.356140
38 94 14.774266
38 95 13.839109
38 96 13.721099
38 97 13.986921
38 98 11.899593
38 99 13.816963
38 100 12.830416
39 0 13.411136
39 1 12.394764
39 2 12.989776
39 3 14.253672
39 4 13.740041
39 5 12.179680
39 6 11.135730
39 7 13.521240
39 8 12.865118
39 9 11.515360
39 10 13.404370
39 11 13.963419
39 12 14.370238
39 13 13.522533
39 14 14.734320
39 15 13.422234
39 16 12.745135
39 17 11.157135
39 18 11.577204
39 19 12.276991
39 20 11.859962
39 21 11.566965
39 22 11.472484
39 23 12.781289
39 24 12.946261
39 25 14.585480
39 26 14.327164
39 27 11.186412
39 28 14.666479
39 29 14.185685
39 30 11.757842
39 31 14.658263
39 32 14.144133
39 33 14.018263
39 34 13.408848
39 35 14.130052
39 36 11.167652
39 37 13.021750
39 38 11.339015
39 40 11.788741
39 41 13.930311
39 42 11.499453
39 43 12.450503
39 44 11.713523
39 45 13.275510
39 46 13.187272
39 47 12.914530
39 48 13.559330
39 49 11.781550
39 50 11.309612
39 51 13.185798
39 52 14.671363
39 53 13.515243
39 54 11.557551
39 55 14.133582
39 56 13.162273
39 57 12.384514
39 58 14.156418
39 59 11.998405
39 60 11.577527
39 61 11.420019
39 62 13.496929
39 63 13.727962
39 64 13.203577
39 65 14.227955
39 66 14.665075
39 67 12.162714
39 68 12.882916
39 69 12.048624
39 70 13.782670
39 71 13.579629
39 72 11.802115
39 73 14.675260
39 74 13.422855
39 75 11.019179
39 76 12.356820
39 77 13.746978
39 78 14.507580
39 79 12.552410
39 80 12.876912
39 81 12.769081
39 82 11.182249
39 83 11.068956
39 84 14.028920
39 85 13.802260
39 86 13.774554
39 87 13.385772
39 88 13.897683
39 89 14.725775
39 90 12.905045
39 91 12.306209
39 92 14.240986
39 93 12.759372
39 94 13.436013
39 95 11.727469
39 96 12.755635
39 97 11.814121
39 98 13.241219
39 99 14.279531
39 100 12.780713
40 0 11.655530
40 1 11.690505
40 2 11.771836
40 3 14.672478
40 4 11.151711
40 5 14.525821
40 6 12.563866
40 7 12.512053
40 8 11.464176
40 9 11.329718
40 10 12.195524
40 11 13.629394
40 12 11.089973
40 13 11.697849
40 14 14.280725
40 15 11.330887
40 16 12.532550
40 17 12.322319
40 18 11.060709
40 19 14.448123
40 20 11.610087
40 21 13.167613
40 22 12.422941
40 23 13.452253
40 24 14.293944
40 25 13.565443
40 26 13.236280
40 27 12.567084
40 28 11.300230
40 29 11.223969
40 30 13.312476
40 31 12.953446
40 32 11.209899
40 33 13.178038
40 34 13.671199
40 35 12.978968
40 36 11.707132
40 37 11.113929
40 38 14.224499
40 39 11.788741
40 41 11.694540
40 42 14.441293
40 43 12.771838
40 44 12.166885
40 45 13.122016
40 46 12.427188
40 47 11.329788
40 48 12.975813
40 49 13.095379
40 50 14.075289
40 51 14.532006
40 52 13.645629
40 53 13.143774
40 54 12.977285
40 55 11.368495
40 56 13.874122
40 57 13.386017
40 58 12.055143
40 59 11.766230
40 60 11.825949
40 61 11.305149
40 62 14.462792
40 63 11.228865
40 64 12.255496
40 65 13.893174
40 66 11.621366
40 67 12.658642
40 68 10.927127
40 69 13.262464
40 70 11.874539
40 71 13.422465
40 72 14.100304
40 73 14.024680
40 74 12.254969
40 75 11.640831
40 76 14.358303
40 77 11.082514
40 78 11.543926
40 79 14.696666
40 80 14.049422
40 81 13.149570
40 82 11.883436
40 83 12.832667
40 84 12.838626
40 85 12.856056
40 86 14.196715
40 87 14.084405
40 88 13.145986
40 89 13.383947
40 90 11.918108
40 91 11.526491
40 92 11.317741
40 93 14.119179
40 94 11.065851
40 95 14.371299
40 96 13.337967
40 97 11.103396
40 98 11.864841
40 99 13.102246
40 100 12.826990
41 0 13.900906
41 1 13.443115
41 2 12.463965
41 3 14.600286
41 4 14.749484
41 5 13.764237
41 6 14.094123
41 7 11.365937
41 8 12.181679
41 9 12.404265
41 10 13.653678
41 11 12.220735
41 12 11.292199
41 13 14.668961
41 14 13.456052
41 15 12.419454
41 16 11.824271
41 17 12.356547
41 18 14.254614
41 19 14.657110
41 20 14.495279
41 21 10.953754
41 22 11.148310
41 23 12.380647
41 24 13.390387
41 25 14.428956
41 26 14.271755
41 27 14.322773
41 28 12.119880
41 29 12.147131
41 30 13.909865
41 31 14.603829
41 32 13.193119
41 33 14.357947
41 34 13.351074
41 35 11.407632
41 36 14.345325
41 37 12.778707
41 38 13.008435
41 39 13.930311
41 40 11.694540
41 42 14.562307
41 43 13.313630
41 44 12.890802
41 45 13.721600
41 46 14.542595
41 47 11.269555
41 48 14.295221
41 49 10.982018
41 50 12.075336
41 51 13.950587
41 52 13.009882
41 53 13.739188
41 54 13.157133
41 55 14.741043
41 56 14.390175
41 57 12.875003
41 58 14.132271
41 59 11.801824
41 60 12.931910
41 61 12.532967
41 62 14.025244
41 63 14.299023
41 64 14.762166
41 65 13.960580
41 66 11.249566
41 67 11.579646
41 68 14.786405
41 69 13.207972
41 70 11.805705
41 71 14.490643
41 72 12.278878
41 73 13.587597
41 74 12.613333
41 75 13.792755
41 76 11.163888
41 77 13.764899
41 78 12.267698
41 79 11.545035
41 80 12.581301
41 81 11.580722
41 82 13.418465
41 83 13.485302
41 84 11.138442
41 85 12.083738
41 86 13.178198
41 87 12.600177
41 88 14.218156
41 89 13.566988
41 90 14.704599
41 91 12.878502
41 92 13.745635
41 93 13.281201
41 94 13.609700
41 95 12.917170
41 96 12.911000
41 97 11.041517
41 98 14.133183
41 99 12.854292
41 100 11.221312
42 0 14.064000
42 1 12.539331
42 2 13.668170
42 3 14.690498
42 4 13.343169
42 5 13.167111
42 6 14.097217
42 7 12.420173
42 8 11.539543
42 9 12.341462
42 10 12.603963
42 11 13.019124
42 12 12.612360
42 13 12.092699
42 14 12.096127
42 15 12.934086
42 16 14.334253
42 17 12.689074
42 18 11.518470
42 19 10.974786
42 20 12.410283
42 21 12.558881
42 22 14.580293
42 23 12.412066
42 24 12.120215
42 25 11.943197
42 26 13.271439
42 27 12.187785
42 28 13.190370
42 29 11.736611
42 30 12.457840
42 31 14.088052
42 32 13.111844
42 33 11.933080
42 34 13.738541
42 35 11.049688
42 36 11.879677
42 37 14.326169
42 38 14.096242
42 39 11.499453
42 40 14.441293
42 41 14.562307
42 43 13.477508
42 44 14.539632
42 45 13.649775
42 46 12.137286
42 47 11.977209
42 48 12.453267
42 49 12.979377
42 50 12.493393
42 51 11.706201
42 52 14.710233
42 53 14.445599
42 54 11.561333
42 55 11.487289
42 56 11.604054
42 57 12.334918
42 58 14.731112
42 59 11.114162
42 60 12.863731
42 61 14.745687
42 62 11.925895
42 63 13.990569
42 64 11.864921
42 65 13.646580
42 66 11.911797
42 67 14.360564
42 68 14.791307
42 69 14.417525
42 70 13.933976
42 71 11.684150
42 72 13.332178
42 73 11.653822
42 74 11.657041
42 75 11.365624
42 76 14.027868
42 77 13.188215
42 78 12.154830
42 79 14.355191
42 80 13.669254
42 81 13.759305
42 82 12.490294
42 83 13.498074
42 84 11.437445
42 85 13.895875
42 86 11.149068
42 87 14.490353
42 88 14.149272
42 89 13.155379
42 90 11.658679
42 91 13.811365
42 92 13.495837
42 93 13.517039
42 94 14.123591
42 95 12.848400
42 96 12.355209
42 97 12.811310
42 98 13.678646
42 99 11.796522
42 100 12.556928
43 0 11.654937
43 1 12.766923
43 2 11.288278
43 3 13.622545
43 4 11.362667
43 5 14.359728
43 6 14.721793
43 7 14.548187
43 8 14.581852
43 9 13.673742
43 10 13.892613
43 11 12.885137
43 12 10.964768
43 13 12.372695
43 14 13.316536
43 15 10.998328
43 16 11.131684
43 17 13.944017
43 18 13.962352
43 19 12.323782
43 20 11.609017
43 21 11.586553
43 22 13.434314
43 23 13.507925
43 24 11.493698
43 25 11.696596
43 26 14.809002
43 27 12.226415
43 28 13.631632
43 29 11.015252
43 30 11.706269
43 31 13.296911
43 32 12.575420
43 33 12.014580
43 34 14.355614
43 35 11.438172
43 36 13.778297
43 37 13.050505
43 38 12.653796
43 39 12.450503
43 40 12.771838
43 41 13.313630
43 42 13.477508
43 44 13.429432
43 45 13.072202
43 46 11.729176
43 47 12.861451
43 48 14.076079
43 49 11.821311
43 50 12.668277
43 51 14.688222
43 52 11.682044
43 53 13.165635
43 54 11.246099
43 55 13.081474
43 56 12.993115
43 57 12.647494
43 58 11.763417
43 59 13.487138
43 60 14.653136
43 61 14.113727
43 62 11.715885
43 63 12.462110
43 64 12.585381
43 65 12.394274
43 66 12.686223
43 67 13.733998
43 68 11.926142
43 69 12.809706
43 70 13.813414
43 71 14.328256
43 72 14.364114
43 73 13.607825
43 74 11.792237
43 75 13.040182
43 76 14.039605
43 77 12.487485
43 78 11.679587
43 79 11.872646
43 80 11.294121
43 81 12.029431
43 82 11.523291
43 83 11.885965
43 84 12.840346
43 85 14.273003
43 86 14.686957
43 87 13.434374
43 88 13.612827
43 89 14.634739
43 90 14.638515
43 91 11.531687
43 92 11.286303
43 93 14.104984
43 94 14.363361
43 95 11.017389
43 96 14.238041
43 97 12.409983
43 98 10.972324
43 99 14.774998
43 100 14.540575
44 0 13.927123
44 1 12.350530
44 2 11.046757
44 3 12.198997
44 4 13.210519
44 5 13.738735
44 6 12.071746
44 7 13.795780
44 8 11.287439
44 9 13.228805
44 10 12.003877
44 11 12.276778
44 12 13.066934
44 13 13.255154
44 14 13.255285
44 15 13.364784
44 16 12.532747
44 17 11.595165
44 18 14.418435
44 19 12.654436
44 20 14.738029
44 21 12.103162
44 22 14.561062
44 23 14.155149
44 24 13.849188
44 25 12.536522
44 26 12.625288
44 27 13.408299
44 28 14.353496
44 29 11.405444
44 30 12.130894
44 31 11.258402
44 32 13.287828
44 33 12.918976
44 34 14.083361
44 35 13.874393
44 36 11.344903
44 37 12.574152
44 38 14.681846
44 39 11.713523
44 40 12.166885
44 41 12.890802
44 42 14.539632
44 43 13.429432
44 45 12.597327
44 46 13.140153
44 47 13.181331
44 48 14.162052
44 49 12.952255
44 50 14.001995
44 51 11.369605
44 52 11.632437
44 53 12.215885
44 54 12.008376
44 55 14.328879
44 56 13.429159
44 57 11.703708
44 58 12.404030
44 59 14.165915
44 60 11.148783
44 61 14.143284
44 62 14.280627
44 63 13.613394
44 64 11.468593
44 65 13.882042
44 66 11.920789
44 67 11.884354
44 68 14.228976
44 69 11.203992
44 70 13.592561
44 71 11.703880
44 72 13.222832
44 73 14.526988
44 74 11.499029
44 75 14.008899
44 76 14.680589
44 77 14.278738
44 78 13.129812
44 79 13.372868
44 80 11.184491
44 81 10.960163
44 82 12.679153
44 83 12.188455
44 84 14.031628
44 85 12.751752
44 86 11.655870
44 87 14.121276
44 88 11.754091
44 89 13.539143
44 90 11.414276
44 91 11.661693
44 92 14.788105
44 93 13.168334
44 94 13.848164
44 95 11.400138
44 96 14.403657
44 97 11.952057
44 98 14.478993
44 99 12.086328
44 100 12.294237
45 0 12.747941
45 1 11.598256
45 2 11.825270
45 3 12.263751
45 4 14.801176
45 5 11.686555
45 6 12.201113
45 7 11.618429
45 8 12.594072
45 9 11.134192
45 10 10.927102
45 11 12.314399
45 12 11.097824
45 13 13.100118
45 14 12.920913
45 15 11.323380
45 16 12.589839
45 17 12.772043
45 18 11.745679
45 19 12.040814
45 20 12.287353
45 21 14.321658
45 22 11.990193
45 23 14.216461
45 24 11.120663
45 25 12.374358
45 26 12.202698
45 27 11.050408
45 28 12.981958
45 29 13.474653
45 30 13.841689
45 31 11.125653
45 32 12.738842
45 33 11.472763
45 34 12.389733
45 35 13.335769
45 36 13.078565
45 37 11.116382
45 38 14.562432
45 39 13.275510
45 40 13.122016
45 41 13.721600
45 42 13.649775
45 43 13.072202
45 44 12.597327
45 46 12.158776
45 47 14.485585
45 48 11.945359
45 49 11.231797
45 50 13.772368
45 51 12.867067
45 52 14.541089
45 53 13.166320
45 54 13.987961
45 55 12.453061
45 56 12.726135
45 57 12.405512
45 58 13.114281
45 59 13.490643
45 60 14.232352
45 61 11.889330
45 62 11.635327
45 63 11.151146
45 64 12.138064
45 65 13.950006
45 66 12.353621
45 67 11.193108
45 68 14.350676
45 69 14.391873
45 70 13.678156
45 71 11.802847
45 72 13.621678
45 73 11.582433
45 74 11.967365
45 75 11.272701
45 76 11.696531
45 77 13.236547
45 78 14.481702
45 79 12.054898
45 80 13.048879
45 81 13.473850
45 82 13.977346
45 83 13.552308
45 84 13.837674
45 85 11.413166
45 86 11.804281
45 87 14.661579
45 88 13.499817
45 89 11.379799
45 90 13.498601
45 91 12.761550
45 92 14.491639
45 93 13.395821
45 94 10.936701
45 95 14.220526
45 96 12.809674
45 97 11.813612
45 98 14.767624
45 99 12.820221
45 100 12.536814
46 0 13.277701
46 1 10.928107
46 2 14.280656
46 3 11.799524
46 4 12.932810
46 5 12.283003
46 6 11.517322
46 7 13.673721
46 8 13.448741
46 9 12.992978
46 10 12.746485
46 11 13.151828
46 12 12.520039
46 13 13.847540
46 14 12.996743
46 15 11.995676
46 16 11.904746
46 17 12.391945
46 18 13.580302
46 19 13.149930
46 20 13.964528
46 21 12.810463
46 22 13.263265
46 23 14.650245
46 24 12.989873
46 25 13.515705
46 26 13.332828
46 27 13.963382
46 28 12.956269
46 29 13.325426
46 30 13.059804
46 31 11.368023
46 32 12.154353
46 33 12.526277
46 34 11.054272
46 35 12.908026
46 36 11.759926
46 37 12.050642
46 38 12.462573
46 39 13.187272
46 40 12.427188
46 41 14.542595
46 42 12.137286
46 43 11.729176
46 44 13.140153
46 45 12.158776
46 47 14.431147
46 48 13.229895
46 49 11.072132
46 50 12.480503
46 51 14.381500
46 52 13.147257
46 53 12.476428
46 54 13.625142
46 55 11.740304
46 56 14.035352
46 57 11.431819
46 58 11.327578
46 59 13.335756
46 60 13.567661
46 61 11.661913
46 62 13.630937
46 63 13.198004
46 64 12.590063
46 65 11.979866
46 66 11.781070
46 67 12.383117
46 68 13.787328
46 69 14.081041
46 70 14.791491
46 71 11.083217
46 72 14.744050
46 73 11.899645
46 74 12.563698
46 75 11.138465
46 76 13.860461
46 77 14.584539
46 78 14.561854
46 79 13.197153
46 80 11.330785
46 81 14.334905
46 82 12.117096
46 83 11.624487
46 84 12.107964
46 85 14.241500
46 86 12.042080
46 87 12.341171
46 88 14.620854
46 89 12.480343
46 90 11.991715
46 91 12.814775
46 92 14.749192
46 93 14.797874
46 94 14.607368
46 95 12.486279
46 96 12.298294
46 97 12.998914
46 98 13.191452
46 99 11.243229
46 100 14.582328
47 0 12.892209
47 1 13.086099
47 2 11.206185
47 3 12.933306
47 4 13.527276
47 5 14.687650
47 6 10.961136
47 7 14.247762
47 8 14.611957
47 9 13.723943
47 10 11.205879
47 11 12.038041
47 12 11.827886
47 13 13.100823
47 14 11.740092
47 15 12.525668
47 16 10.950772
47 17 12.361820
47 18 13.443822
47 19 11.046752
47 20 13.946431
47 21 14.194830
47 22 14.815660
47 23 11.520992
47 24 12.113849
47 25 13.051120
47 26 13.367439
47 27 12.738949
47 28 12.173167
47 29 13.313764
47 30 12.404264
47 31 14.655021
47 32 13.621253
47 33 12.871384
47 34 13.839487
47 35 11.872002
47 36 12.206237
47 37 12.206110
47 38 13.334581
47 39 12.914530
47 40 11.329788
47 41 11.269555
47 42 11.977209
47 43 12.861451
47 44 13.181331
47 45 14.485585
47 46 14.431147
47 48 12.792959
47 49 13.356245
47 50 13.312962
47 51 13.504974
47 52 11.333948
47 53 14.628002
47 54 14.354911
47 55 12.317244
47 56 12.501110
47 57 13.304325
47 58 11.106769
47 59 11.437658
47 60 14.803846
47 61 12.401138
47 62 11.905861
47 63 13.849643
47 64 14.317183
47 65 14.196597
47 66 12.068430
47 67 12.348194
47 68 13.345696
47 69 12.746790
47 70 11.801929
47 71 13.128544
47 72 13.980185
47 73 11.015536
47 74 12.951197
47 75 13.444000
47 76 11.132092
47 77 13.025345
47 78 11.165821
47 79 14.375913
47 80 11.492509
47 81 13.691877
47 82 13.457660
47 83 11.338479
47 84 14.696110
47 85 12.776716
47 86 11.870477
47 87 12.930404
47 88 14.500680
47 89 11.648822
47 90 12.480010
47 91 11.461957
47 92 14.118072
47 93 12.183959
47 94 11.837591
47 95 11.737081
47 96 14.540114
47 97 11.334800
47 98 13.670643
47 99 11.043862
47 100 12.890948
48 0 12.316139
48 1 14.183999
48 2 13.462292
48 3 12.763114
48 4 13.257290
48 5 11.384729
48 6 13.817191
48 7 12.161559
48 8 13.510726
48 9 12.954951
48 10 11.039999
48 11 12.840358
48 12 12.068778
48 13 12.504199
48 14 14.016229
48 15 12.543215
48 16 14.074517
48 17 11.182712
48 18 12.764427
48 19 12.284469
48 20 11.483468
48 21 14.649043
48 22 11.578392
48 23 14.553304
48 24 13.501379
48 25 14.817253
48 26 13.946689
48 27 12.197065
48 28 13.865719
48 29 11.314454
48 30 11.626586
48 31 12.691246
48 32 13.445258
48 33 13.157800
48 34 14.191335
48 35 11.541462
48 36 13.679217
48 37 11.785985
48 38 13.777239
48 39 13.559330
48 40 12.975813
48 41 14.295221
48 42 12.453267
48 43 14.076079
48 44 14.162052
48 45 11.945359
48 46 13.229895
48 47 12.792959
48 49 13.747007
48 50 12.138784
48 51 12.020936
48 52 11.798386
48 53 13.990983
48 54 11.675747
48 55 13.448672
48 56 12.896351
48 57 13.793223
48 58 13.589969
48 59 14.523786
48 60 11.118664
48 61 11.426924
48 62 13.479569
48 63 12.600062
48 64 13.457007
48 65 12.478987
48 66 14.746656
48 67 13.500145
48 68 12.773604
48 69 11.176538
48 70 13.636482
48 71 14.535023
48 72 13.747906
48 73 11.204232
48 74 13.307200
48 75 11.578697
48 76 14.006499
48 77 14.157523
48 78 12.708044
48 79 13.306509
48 80 12.107021
48 81 14.691511
48 82 13.178874
48 83 11.571950
48 84 12.487239
48 85 11.274309
48 86 11.364317
48 87 12.825338
48 88 11.331717
48 89 14.100008
48 90 12.579669
48 91 14.662681
48 92 14.265232
48 93 11.317203
48 94 11.560907
48 95 14.259168
48 96 11.138654
48 97 14.640568
48 98 12.202438
48 99 12.161996
48 100 12.280696
49 0 13.790794
49 1 14.108062
49 2 12.619713
49 3 14.141052
49 4 10.933010
49 5 13.447059
49 6 13.834145
49 7 13.121469
49 8 13.604834
49 9 14.694652
49 10 14.580848
49 11 12.656819
49 12 12.813535
49 13 12.968226
49 14 12.509634
49 15 13.650442
49 16 13.396601
49 17 12.537173
49 18 12.637034
49 19 14.716375
49 20 11.074302
49 21 14.429795
49 22 14.176516
49 23 13.709491
49 24 12.072889
49 25 11.162984
49 26 11.839515
49 27 12.524595
49 28 13.853031
49 29 12.671275
49 30 12.515222
49 31 12.002810
49 32 11.135015
49 33 11.173151
49 34 11.964978
49 35 13.733962
49 36 11.052435
49 37 13.210133
49 38 12.552357
49 39 11.781550
49 40 13.095379
49 41 10.982018
49 42 12.979377
49 43 11.821311
49 44 12.952255
49 45 11.231797
49 46 11.072132
49 47 13.356245
49 48 13.747007
49 50 14.155232
49 51 11.923900
49 52 12.020305
49 53 12.861244
49 54 14.113131
49 55 14.457328
49 56 11.040109
49 57 13.041049
49 58 12.211209
49 59 11.018727
49 60 14.299719
49 61 13.108832
49 62 12.167542
49 63 13.919708
49 64 14.741299
49 65 11.825081
49 66 10.942049
49 67 14.294473
49 68 12.043696
49 69 12.066098
49 70 14.402798
49 71 14.125971
49 72 12.195317
49 73 11.515075
49 74 14.463560
49 75 13.407593
49 76 12.282148
49 77 14.355080
49 78 11.822114
49 79 13.112885
49 80 12.380733
49 81 11.081444
49 82 12.959725
49 83 11.737000
49 84 13.727721
49 85 14.197710
49 86 12.968930
49 87 14.579552
49 88 12.635775
49 89 13.787600
49 90 13.567778
49 91 14.042163
49 92 14.003414
49 93 12.235330
49 94 12.337259
49 95 13.946841
49 96 11.584109
49 97 13.557329
49 98 13.708566
49 99 12.456236
49 100 12.078736
50 0 13.853926
50 1 12.943778
50 2 11.335859
50 3 12.984571
50 4 13.319648
50 5 14.818713
50 6 12.860782
50 7 13.796906
50 8 14.514030
50 9 12.064932
50 10 13.271196
50 11 11.259944
50 12 12.874343
50 13 11.609645
50 14 14.763232
50 15 14.490819
50 16 11.050415
50 17 11.993702
50 18 12.567751
50 19 12.889479
50 20 13.998638
50 21 11.517533
50 22 11.093164
50 23 12.839707
50 24 14.533000
50 25 11.615902
50 26 13.043620
50 27 11.030092
50 28 14.561175
50 29 10.968945
50 30 12.587733
50 31 12.943912
50 32 14.570249
50 33 13.066145
50 34 11.926343
50 35 14.489019
50 36 13.069703
50 37 12.819299
50 38 13.504247
50 39 11.309612
50 40 14.075289
50 41 12.075336
50 42 12.493393
50 43 12.668277
50 44 14.001995
50 45 13.772368
50 46 12.480503
50 47 13.312962
50 48 12.138784
50 49 14.155232
50 51 13.914239
50 52 12.273832
50 53 14.254248
50 54 14.271647
50 55 11.829697
50 56 14.802538
50 57 11.858019
50 58 11.434805
50 59 13.829728
50 60 12.599669
50 61 11.478692
50 62 12.234782
50 63 11.194130
50 64 11.628852
50 65 14.185126
50 66 14.581284
50 67 11.236389
50 68 11.794537
50 69 11.529419
50 70 13.459893
50 71 13.997780
50 72 11.434192
50 73 12.403085
50 74 12.388740
50 75 14.475299
50 76 12.490494
50 77 14.299996
50 78 13.188514
50 79 11.501148
50 80 14.719367
50 81 11.807401
50 82 11.948301
50 83 11.103021
50 84 12.531292
50 85 12.543714
50 86 12.245022
50 87 12.484820
50 88 11.116255
50 89 11.307179
50 90 12.901711
50 91 14.461343
50 92 13.748360
50 93 12.149952
50 94 11.651832
50 95 13.794959
50 96 11.447328
50 97 12.014950
50 98 11.507126
50 99 14.242482
50 100 13.748738
51 0 12.747118
51 1 12.415994
51 2 11.183287
51 3 14.784584
51 4 11.151855
51 5 13.310023
51 6 12.920244
51 7 12.879037
51 8 14.213630
51 9 13.298009
51 10 13.064146
51 11 11.111048
51 12 13.104879
51 13 11.664205
51 14 13.029365
51 15 11.996935
51 16 11.763786
51 17 13.718293
51 18 12.662467
51 19 12.500419
51 20 12.316124
51 21 14.509670
51 22 14.061857
51 23 14.488035
51 24 12.271554
51 25 13.625560
51 26 14.038574
51 27 14.651035
51 28 12.532820
51 29 11.860657
51 30 13.486059
51 31 12.366891
51 32 14.496470
51 33 10.954568
51 34 12.165024
51 35 13.025074
51 36 13.518020
51 37 13.174402
51 38 11.249927
51 39 13.185798
51 40 14.532006
51 41 13.950587
51 42 11.706201
51 43 14.688222
51 44 11.369605
51 45 12.867067
51 46 14.381500
51 47 13.504974
51 48 12.020936
51 49 11.923900
51 50 13.914239
51 52 12.395918
51 53 12.353319
51 54 13.782182
51 55 13.108105
51 56 13.967235
51 57 14.753875
51 58 14.714967
51 59 14.013361
51 60 14.072653
51 61 11.727893
51 62 14.096456
51 63 12.406580
51 64 12.435162
51 65 11.527877
51 66 13.563286
51 67 11.185616
51 68 12.271341
51 69 11.114627
51 70 13.369635
51 71 13.160151
51 72 11.605999
51 73 13.403242
51 74 14.062318
51 75 11.932167
51 76 14.650471
51 77 11.006948
51 78 13.174770
51 79 13.360829
51 80 13.794085
51 81 11.950199
51 82 11.366062
51 83 13.489159
51 84 12.064864
51 85 13.579456
51 86 14.597427
51 87 11.985486
51 88 11.534014
51 89 13.582337
51 90 14.270467
51 91 13.944036
51 92 13.505257
51 93 13.364066
51 94 12.618478
51 95 11.126628
51 96 14.223872
51 97 11.140538
51 98 13.745834
51 99 14.676165
51 100 12.006789
52 0 12.872632
52 1 13.692091
52 2 12.772864
52 3 13.649007
52 4 11.671382
52 5 14.279645
52 6 13.158841
52 7 14.366407
52 8 10.969998
52 9 14.322168
52 10 11.488892
52 11 12.417940
52 12 12.019212
52 13 12.638414
52 14 12.869291
52 15 12.153765
52 16 11.609130
52 17 14.450951
52 18 13.547919
52 19 14.622709
52 20 12.634772
52 21 13.859156
52 22 11.427868
52 23 11.894030
52 24 12.938349
52 25 11.924474
52 26 13.277242
52 27 12.434936
52 28 11.863505
52 29 12.457970
52 30 13.880618
52 31 14.449574
52 32 12.563845
52 33 12.426771
52 34 11.949153
52 35 12.733936
52 36 12.128326
52 37 12.666762
52 38 12.306461
52 39 14.671363
52 40 13.645629
52 41 13.009882
52 42 14.710233
52 43 11.682044
52 44 11.632437
52 45 14.541089
52 46 13.147257
52 47 11.333948
52 48 11.798386
52 49 12.020305
52 50 12.273832
52 51 12.395918
52 53 12.365949
52 54 11.520482
52 55 13.243218
52 56 12.967915
52 57 11.278017
52 58 13.141785
52 59 11.942980
52 60 13.716760
52 61 13.064291
52 62 14.138257
52 63 11.257748
52 64 11.547466
52 65 11.169500
52 66 12.260140
52 67 14.028818
52 68 13.068585
52 69 12.634738
52 70 14.136420
52 71 13.026003
52 72 11.496196
52 73 13.238476
52 74 14.163877
52 75 14.209359
52 76 12.584136
52 77 12.048436
52 78 11.023358
52 79 11.193907
52 80 12.980204
52 81 13.545997
52 82 11.116622
52 83 14.649921
52 84 12.376853
52 85 13.946634
52 86 14.540350
52 87 12.671754
52 88 14.753816
52 89 10.967271
52 90 12.561022
52 91 11.731135
52 92 11.486680
52 93 14.145373
52 94 13.043328
52 95 12.604998
52 96 13.331694
52 97 13.032060
52 98 12.457909
52 99 13.613084
52 100 14.231611
53 0 11.645466
53 1 12.846327
53 2 11.137849
53 3 13.675596
53 4 13.500142
53 5 11.780255
53 6 10.983637
53 7 11.890622
53 8 12.339485
53 9 14.342517
53 10 13.214017
53 11 11.846813
53 12 14.419371
53 13 13.061955
53 14 12.393145
53 15 12.434327
53 16 12.743496
53 17 11.380848
53 18 12.412148
53 19 12.820845
53 20 11.912203
53 21 13.090176
53 22 11.247585
53 23 12.173078
53 24 14.583646
53 25 11.320352
53 26 12.938391
53 27 12.961444
53 28 14.444009
53 29 11.274390
53 30 13.343668
53 31 12.421850
53 32 12.179765
53 33 14.739818
53 34 12.460160
53 35 12.492225
53 36 11.687311
53 37 11.893113
53 38 13.977476
53 39 13.515243
53 40 13.143774
53 41 13.739188
53 42 14.445599
53 43 13.165635
53 44 12.215885
53 45 13.166320
53 46 12.476428
53 47 14.628002
53 48 13.990983
53 49 12.861244
53 50 14.254248
53 51 12.353319
53 52 12.365949
53 54 14.549405
53 55 10.928224
53 56 13.258127
53 57 14.210099
53 58 12.268117
53 59 12.410030
53 60 12.843178
53 61 13.170890
53 62 13.421303
53 63 11.517992
53 64 12.663764
53 65 13.007981
53 66 12.251100
53 67 14.598760
53 68 12.680514
53 69 13.228402
53 70 13.392136
53 71 13.561410
53 72 11.786942
53 73 12.769364
53 74 14.732493
53 75 11.845887
53 76 11.636090
53 77 13.102925
53 78 11.626313
53 79 14.090624
53 80 12.233555
53 81 14.357889
53 82 14.717182
53 83 12.570723
53 84 12.829343
53 85 11.683544
53 86 13.688528
53 87 11.188799
53 88 13.547231
53 89 11.482687
53 90 13.896816
53 91 14.157371
53 92 13.710564
53 93 12.869543
53 94 13.497847
53 95 11.112928
53 96 12.996199
53 97 11.633472
53 98 11.485145
53 99 12.247506
53 100 12.400599
54 0 11.840572
54 1 11.233831
54 2 11.017445
54 3 12.871194
54 4 12.784174
54 5 13.635403
54 6 13.649387
54 7 14.234329
54 8 14.070820
54 9 13.420320
54 10 11.377973
54 11 14.734120
54 12 11.860960
54 13 14.061901
54 14 11.276933
54 15 12.679204
54 16 12.673901
54 17 13.251981
54 18 13.481591
54 19 13.513311
54 20 11.257822
54 21 13.812772
54 22 13.920301
54 23 14.395104
54 24 14.329340
54 25 13.833894
54 26 12.962329
54 27 13.604847
54 28 13.057220
54 29 12.855714
54 30 11.607463
54 31 14.059458
54 32 11.421624
54 33 12.442662
54 34 12.093708
54 35 12.666667
54 36 11.981208
54 37 13.780367
54 38 14.190867
54 39 11.557551
54 40 12.977285
54 41 13.157133
54 42 11.561333
54 43 11.246099
54 44 12.008376
54 45 13.987961
54 46 13.625142
54 47 14.354911
54 48 11.675747
54 49 14.113131
54 50 14.271647
54 51 13.782182
54 52 11.520482
54 53 14.549405
54 55 12.067735
54 56 11.461857
54 57 13.190611
54 58 12.532789
54 59 13.192015
54 60 12.508827
54 61 12.589091
54 62 11.949017
54 63 13.146307
54 64 13.372337
54 65 13.863995
54 66 13.961010
54 67 13.922387
54 68 12.628715
54 69 14.258473
54 70 11.560473
54 71 11.947936
54 72 14.774779
54 73 14.261095
54 74 13.050439
54 75 14.320695
54 76 12.807954
54 77 12.263432
54 78 12.899718
54 79 14.679559
54 80 12.972134
54 81 13.289630
54 82 13.211141
54 83 11.888838
54 84 14.218831
54 85 12.615619
54 86 13.674347
54 87 11.081763
54 88 14.291045
54 89 12.035958
54 90 11.005994
54 91 11.256381
54 92 11.751573
54 93 12.770886
54 94 12.454921
54 95 13.463457
54 96 12.316655
54 97 14.114430
54 98 11.312878
54 99 12.434743
54 100 13.349000
55 0 12.103230
55 1 14.553312
55 2 13.222916
55 3 11.345199
55 4 13.945794
55 5 11.121905
55 6 13.595690
55 7 12.170730
55 8 14.145889
55 9 12.162860
55 10 14.575733
55 11 13.926320
55 12 11.220808
55 13 14.339136
55 14 12.003068
55 15 11.933370
55 16 13.760326
55 17 13.767337
55 18 12.375190
55 19 11.596026
55 20 13.229214
55 21 13.186605
55 22 14.298075
55 23 11.420473
55 24 14.375644
55 25 14.625035
55 26 13.742648
55 27 13.320671
55 28 11.066031
55 29 13.468548
55 30 11.127746
55 31 13.175314
55 32 11.206863
55 33 14.202339
55 34 11.931703
55 35 14.431629
55 36 13.963767
55 37 14.644046
55 38 13.156563
55 39 14.133582
55 40 11.368495
55 41 14.741043
55 42 11.487289
55 43 13.081474
55 44 14.328879
55 45 12.453061
55 46 11.740304
55 47 12.317244
55 48 13.448672
55 49 14.457328
55 50 11.829697
55 51 13.108105
55 52 13.243218
55 53 10.928224
55 54 12.067735
55 56 13.277830
55 57 13.954372
55 58 14.473086
55 59 14.736853
55 60 11.489626
55 61 12.008030
55 62 13.287069
55 63 12.871940
55 64 11.103514
55 65 12.754235
55 66 11.500796
55 67 11.016851
55 68 11.509368
55 69 11.579490
55 70 11.854763
55 71 12.905106
55 72 11.029658
55 73 11.867915
55 74 11.940750
55 75 14.015657
55 76 14.203703
55 77 13.767821
55 78 11.703867
55 79 13.733778
55 80 13.420531
55 81 11.793517
55 82 11.033258
55 83 14.525442
55 84 13.541455
55 85 11.607879
55 86 12.732784
55 87 11.866787
55 88 13.658364
55 89 12.657671
55 90 12.176295
55 91 12.497843
55 92 11.413088
55 93 12.195948
55 94 12.962811
55 95 11.340839
55 96 13.778168
55 97 11.773232
55 98 14.702573
55 99 13.318208
55 100 14.751247
56 0 12.582725
56 1 14.742367
56 2 12.029265
56 3 11.901956
56 4 13.890468
56 5 13.636571
56 6 11.677998
56 7 11.362053
56 8 14.333781
56 9 12.755354
56 10 12.702280
56 11 14.071243
56 12 14.686847
56 13 14.285743
56 14 12.309175
56 15 11.334530
56 16 11.513264
56 17 14.273330
56 18 11.501636
56 19 14.022940
56 20 11.149901
56 21 13.819233
56 22 11.575296
56 23 11.896549
56 24 12.777230
56 25 12.508981
56 26 11.487699
56 27 11.058195
56 28 14.462251
56 29 13.866705
56 30 12.752719
56 31 11.593789
56 32 11.984832
56 33 14.199668
56 34 14.729479
56 35 14.181079
56 36 13.794872
56 37 11.728347
56 38 11.813786
56 39 13.162273
56 40 13.874122
56 41 14.390175
56 42 11.604054
56 43 12.993115
56 44 13.429159
56 45 12.726135
56 46 14.035352
56 47 12.501110
56 48 12.896351
56 49 11.040109
56 50 14.802538
56 51 13.967235
56 52 12.967915
56 53 13.258127
56 54 11.461857
56 55 13.277830
56 57 13.515564
56 58 12.003627
56 59 12.704302
56 60 12.679976
56 61 11.724031
56 62 12.584677
56 63 12.672690
56 64 11.494221
56 65 14.739215
56 66 11.337903
56 67 13.720630
56 68 11.674587
56 69 12.137796
56 70 14.179640
56 71 12.945375
56 72 12.954659
56 73 14.042115
56 74 14.025793
56 75 11.112287
56 76 13.393375
56 77 12.609241
56 78 13.858061
56 79 13.032644
56 80 13.387534
56 81 11.588175
56 82 12.597681
56 83 14.439711
56 84 11.299598
56 85 14.114191
56 86 12.297966
56 87 13.409064
56 88 12.718084
56 89 11.399319
56 90 14.745022
56 91 11.868096
56 92 13.665108
56 93 12.960495
56 94 14.052367
56 95 13.560710
56 96 14.392852
56 97 11.692304
56 98 13.693933
56 99 13.410022
56 100 13.300422
57 0 12.220437
57 1 14.560645
57 2 12.388738
57 3 11.575216
57 4 13.911710
57 5 11.385210
57 6 14.147011
57 7 14.265598
57 8 14.253722
57 9 14.610950
57 10 13.656295
57 11 14.742357
57 12 11.948122
57 13 13.382786
57 14 13.745584
57 15 12.263916
57 16 11.194698
57 17 12.297882
57 18 14.155121
57 19 11.752536
57 20 13.001169
57 21 11.951908
57 22 11.261807
57 23 12.936348
57 24 13.022303
57 25 11.016336
57 26 12.969740
57 27 13.028637
57 28 11.559799
57 29 13.762166
57 30 14.234119
57 31 14.003610
57 32 14.621226
57 33 11.587742
57 34 13.700761
57 35 13.621723
57 36 13.763564
57 37 14.493863
57 38 12.491123
57 39 12.384514
57 40 13.386017
57 41 12.875003
57 42 12.334918
57 43 12.647494
57 44 11.703708
57 45 12.405512
57 46 11.431819
57 47 13.304325
57 48 13.793223
57 49 13.041049
57 50 11.858019
57 51 14.753875
57 52 11.278017
57 53 14.210099
57 54 13.190611
57 55 13.954372
57 56 13.515564
57 58 11.686338
57 59 11.321876
57 60 11.355904
57 61 10.981791
57 62 14.501198
57 63 12.575677
57 64 11.722716
57 65 14.805431
57 66 11.404731
57 67 14.180370
57 68 10.953274
57 69 12.060219
57 70 11.179992
57 71 14.601996
57 72 11.392804
57 73 11.211486
57 74 12.197942
57 75 11.463454
57 76 13.958491
57 77 12.193693
57 78 13.784746
57 79 14.386200
57 80 13.403662
57 81 12.137522
57 82 11.629643
57 83 13.472231
57 84 11.614912
57 85 12.097469
57 86 14.321361
57 87 14.271037
57 88 12.614160
57 89 11.483195
57 90 13.636708
57 91 13.632533
57 92 13.232902
57 93 13.226789
57 94 12.629436
57 95 13.537095
57 96 12.653765
57 97 11.980122
57 98 13.047007
57 99 11.320590
57 100 14.668326
58 0 14.487177
58 1 11.248876
58 2 10.966181
58 3 13.849035
58 4 13.929451
58 5 12.579175
58 6 13.964156
58 7 11.033319
58 8 13.815901
58 9 14.401064
58 10 11.990177
58 11 14.525228
58 12 12.496226
58 13 14.303999
58 14 13.427608
58 15 13.764531
58 16 12.490388
58 17 13.957102
58 18 12.794290
58 19 11.976813
58 20 13.810433
58 21 12.275765
58 22 14.350683
58 23 13.840331
58 24 13.746090
58 25 10.930512
58 26 12.800316
58 27 13.429862
58 28 12.866033
58 29 12.026301
58 30 11.231014
58 31 11.967146
58 32 11.493725
58 33 11.526966
58 34 11.605179
58 35 12.208156
58 36 13.710463
58 37 11.826119
58 38 14.396147
58 39 14.156418
58 40 12.055143
58 41 14.132271
58 42 14.731112
58 43 11.763417
58 44 12.404030
58 45 13.114281
58 46 11.327578
58 47 11.106769
58 48 13.589969
58 49 12.211209
58 50 11.434805
58 51 14.714967
58 52 13.141785
58 53 12.268117
58 54 12.532789
58 55 14.473086
58 56 12.003627
58 57 11.686338
58 59 14.647324
58 60 13.878180
58 61 11.056130
58 62 12.958108
58 63 11.593357
58 64 13.771483
58 65 13.332412
58 66 10.973515
58 67 11.430015
58 68 13.080144
58 69 12.800528
58 70 12.730522
58 71 14.537724
58 72 14.706947
58 73 14.048939
58 74 13.187299
58 75 12.985468
58 76 11.931757
58 77 12.264769
58 78 13.416022
58 79 13.195631
58 80 12.608930
58 81 11.763369
58 82 14.436162
58 83 12.553772
58 84 11.215518
58 85 12.586371
58 86 12.432929
58 87 13.834725
58 88 11.288672
58 89 11.994163
58 90 12.475517
58 91 11.801963
58 92 11.059987
58 93 13.695940
58 94 13.121373
58 95 12.227343
58 96 11.486954
58 97 13.684656
58 98 12.859126
58 99 11.055925
58 100 11.904381
59 0 13.389723
59 1 14.555206
59 2 12.058032
59 3 12.807987
59 4 11.892595
59 5 14.179280
59 6 12.708344
59 7 12.610630
59 8 13.420029
59 9 13.956009
59 10 12.470384
59 11 11.814355
59 12 13.276396
59 13 13.965758
59 14 11.248986
59 15 13.975177
59 16 11.141669
59 17 14.411206
59 18 14.334350
59 19 13.182398
59 20 14.246861
59 21 14.018594
59 22 12.791184
59 23 12.624751
59 24 14.793527
59 25 13.036736
59 26 13.310956
59 27 14.583442
59 28 13.737587
59 29 12.778743
59 30 14.245491
59 31 13.106880
59 32 12.816977
59 33 11.249092
59 34 11.833873
59 35 12.133979
59 36 12.922573
59 37 12.645988
59 38 12.915159
59 39 11.998405
59 40 11.766230
59 41 11.801824
59 42 11.114162
59 43 13.487138
59 44 14.165915
59 45 13.490643
59 46 13.335756
59 47 11.437658
59 48 14.523786
59 49 11.018727
59 50 13.829728
59 51 14.013361
59 52 11.942980
59 53 12.410030
59 54 13.192015
59 55 14.736853
59 56 12.704302
59 57 11.321876
59 58 14.647324
59 60 12.396053
59 61 13.523770
59 62 11.026803
59 63 13.686775
59 64 12.748501
59 65 11.617067
59 66 14.006841
59 67 13.185968
59 68 12.945709
59 69 11.515172
59 70 12.786098
59 71 14.119552
59 72 14.526045
59 73 11.994354
59 74 11.546533
59 75 12.626132
59 76 13.428625
59 77 13.001484
59 78 14.412531
59 79 11.017730
59 80 12.679053
59 81 12.462256
59 82 12.236804
59 83 12.408266
59 84 11.914272
59 85 12.207493
59 86 11.107546
59 87 11.130635
59 88 12.721303
59 89 11.680464
59 90 12.626638
59 91 13.367527
59 92 10.933097
59 93 11.319246
59 94 10.971474
59 95 12.471727
59 96 11.898640
59 97 12.787055
59 98 11.523784
59 99 11.629906
59 100 12.206064
60 0 11.301005
60 1 13.348901
60 2 13.709821
60 3 11.986926
60 4 10.963069
60 5 12.512648
60 6 13.526371
60 7 11.031143
60 8 14.388092
60 9 13.849806
60 10 13.090715
60 11 14.376730
60 12 11.486949
60 13 14.666439
60 14 10.996949
60 15 10.964323
60 16 12.851924
60 17 11.007301
60 18 14.414279
60 19 14.107749
60 20 11.337971
60 21 12.712776
60 22 12.894394
60 23 14.145156
60 24 13.722911
60 25 12.951341
60 26 13.061551
60 27 11.107950
60 28 14.086932
60 29 12.275302
60 30 11.758797
60 31 14.781046
60 32 12.778266
60 33 11.322177
60 34 11.800586
60 35 12.422242
60 36 14.799009
60 37 13.919653
60 38 11.700173
60 39 11.577527
60 40 11.825949
60 41 12.931910
60 42 12.863731
60 43 14.653136
60 44 11.148783
60 45 14.232352
60 46 13.567661
60 47 14.803846
60 48 11.118664
60 49 14.299719
60 50 12.599669
60 51 14.072653
60 52 13.716760
60 53 12.843178
60 54 12.508827
60 55 11.489626
60 56 12.679976
60 57 11.355904
60 58 13.878180
60 59 12.396053
60 61 11.298342
60 62 11.096288
60 63 13.198378
60 64 14.763851
60 65 11.807487
60 66 12.028525
60 67 12.681715
60 68 11.730659
60 69 12.075296
60 70 14.323483
60 71 14.449447
60 72 14.680180
60 73 13.305929
60 74 11.456043
60 75 13.593445
60 76 13.668526
60 77 12.046710
60 78 12.325753
60 79 13.793406
60 80 11.743170
60 81 13.643531
60 82 13.814551
60 83 13.828682
60 84 11.712560
60 85 12.586958
60 86 13.716035
60 87 12.902868
60 88 14.320846
60 89 12.137563
60 90 14.138884
60 91 12.848851
60 92 14.221803
60 93 13.131694
60 94 13.337766
60 95 13.378496
60 96 14.203035
60 97 12.601329
60 98 12.952154
60 99 11.257356
60 100 12.183124
61 0 14.201187
61 1 13.663950
61 2 11.775003
61 3 13.085324
61 4 11.751833
61 5 11.558827
61 6 14.036253
61 7 13.473127
61 8 13.465859
61 9 12.990968
61 10 12.656611
61 11 14.367080
61 12 14.720841
61 13 12.982446
61 14 12.898965
61 15 12.545808
61 16 11.919564
61 17 13.837897
61 18 10.975658
61 19 12.677231
61 20 13.723875
61 21 14.335256
61 22 14.686379
61 23 14.398237
61 24 11.416294
61 25 11.093467
61 26 12.905158
61 27 13.066794
61 28 14.426008
61 29 14.165975
61 30 11.791007
61 31 13.843702
61 32 13.156836
61 33 11.576900
61 34 14.067019
61 35 11.612124
61 36 14.678797
61 37 14.381945
61 38 13.001456
61 39 11.420019
61 40 11.305149
61 41 12.532967
61 42 14.745687
61 43 14.113727
61 44 14.143284
61 45 11.889330
61 46 11.661913
61 47 12.401138
61 48 11.426924
61 49 13.108832
61 50 11.478692
61 51 11.727893
61 52 13.064291
61 53 13.170890
61 54 12.589091
61 55 12.008030
61 56 11.724031
61 57 10.981791
61 58 11.056130
61 59 13.523770
61 60 11.298342
61 62 14.476808
61 63 13.556396
61 64 14.150900
61 65 13.424697
61 66 14.455814
61 67 11.459990
61 68 13.416776
61 69 13.083969
61 70 12.194072
61 71 13.466016
61 72 14.732057
61 73 14.750741
61 74 12.655858
61 75 12.255616
61 76 12.230378
61 77 12.845007
61 78 14.712497
61 79 14.600635
61 80 11.919101
61 81 11.359869
61 82 12.236847
61 83 13.798562
61 84 12.277749
61 85 13.367696
61 86 14.607922
61 87 13.259158
61 88 12.066761
61 89 13.385357
61 90 14.358923
61 91 13.051801
61 92 12.972873
61 93 13.224516
61 94 13.787037
61 95 12.924759
61 96 10.970597
61 97 12.314389
61 98 12.966749
61 99 14.796778
61 100 14.601614
62 0 11.877983
62 1 12.217551
62 2 11.383040
62 3 12.158375
62 4 13.025858
62 5 13.142259
62 6 13.626789
62 7 14.128853
62 8 12.901606
62 9 11.163181
62 10 14.112518
62 11 14.071128
62 12 12.556563
62 13 14.578887
62 14 13.326509
62 15 11.062350
62 16 13.688299
62 17 12.222001
62 18 11.376387
62 19 12.099170
62 20 14.335607
62 21 11.109402
62 22 14.219831
62 23 14.739495
62 24 13.075130
62 25 13.243580
62 26 14.685290
62 27 13.236452
62 28 13.549099
62 29 13.771391
62 30 11.019281
62 31 11.681916
62 32 13.656092
62 33 11.523419
62 34 11.379325
62 35 11.259813
62 36 13.137818
62 37 12.800482
62 38 13.939297
62 39 13.496929
62 40 14.462792
62 41 14.025244
62 42 11.925895
62 43 11.715885
62 44 14.280627
62 45 11.635327
62 46 13.630937
62 47 11.905861
62 48 13.479569
62 49 12.167542
62 50 12.234782
62 51 14.096456
62 52 14.138257
62 53 13.421303
62 54 11.949017
62 55 13.287069
62 56 12.584677
62 57 14.501198
62 58 12.958108
62 59 11.026803
62 60 11.096288
62 61 14.476808
62 63 14.178890
62 64 14.225248
62 65 11.275424
62 66 13.407973
62 67 12.377153
62 68 11.894707
62 69 12.971101
62 70 12.800312
62 71 14.237635
62 72 11.203170
62 73 13.745348
62 74 11.134251
62 75 14.726896
62 76 12.753928
62 77 13.435226
62 78 12.314265
62 79 14.601051
62 80 12.348518
62 81 14.006543
62 82 13.164729
62 83 10.928459
62 84 12.806827
62 85 11.345996
62 86 14.180145
62 87 12.774962
62 88 12.922016
62 89 13.497576
62 90 11.580636
62 91 14.456002
62 92 14.116531
62 93 13.275549
62 94 13.633189
62 95 12.895513
62 96 14.467164
62 97 13.292377
62 98 12.866892
62 99 13.674790
62 100 13.382331
63 0 12.525003
63 1 11.158801
63 2 12.650200
63 3 14.017393
63 4 12.958955
63 5 12.355650
63 6 12.013211
63 7 11.162792
63 8 13.817206
63 9 13.219081
63 10 13.908026
63 11 14.304802
63 12 12.526983
63 13 14.454895
63 14 11.982662
63 15 11.388198
63 16 10.921211
63 17 12.511547
63 18 12.684036
63 19 14.407398
63 20 13.460892
63 21 11.953518
63 22 11.272319
63 23 12.802750
63 24 10.947162
63 25 13.313333
63 26 13.879960
63 27 11.799457
63 28 12.493723
63 29 13.699550
63 30 13.765466
63 31 13.713337
63 32 12.208569
63 33 11.257518
63 34 12.260072
63 35 11.083566
63 36 13.256417
63 37 12.067947
63 38 12.181455
63 39 13.727962
63 40 11.228865
63 41 14.299023
63 42 13.990569
63 43 12.462110
63 44 13.613394
63 45 11.151146
63 46 13.198004
63 47 13.849643
63 48 12.600062
63 49 13.919708
63 50 11.194130
63 51 12.406580
63 52 11.257748
63 53 11.517992
63 54 13.146307
63 55 12.871940
63 56 12.672690
63 57 12.575677
63 58 11.593357
63 59 13.686775
63 60 13.198378
63 61 13.556396
63 62 14.178890
63 64 11.950401
63 65 10.929712
63 66 11.082393
63 67 13.660735
63 68 11.201432
63 69 13.861342
63 70 11.028683
63 71 13.616152
63 72 12.078766
63 73 11.036181
63 74 13.464991
63 75 14.688246
63 76 12.234938
63 77 13.194562
63 78 11.564012
63 79 14.019845
63 80 13.009587
63 81 12.432874
63 82 13.040189
63 83 13.059766
63 84 12.196536
63 85 14.003366
63 86 12.801007
63 87 12.062555
63 88 14.700609
63 89 13.783245
63 90 13.192121
63 91 14.249415
63 92 13.266097
63 93 13.448737
63 94 11.045649
63 95 13.144808
63 96 12.866717
63 97 12.105093
63 98 11.394993
63 99 12.602177
63 100 10.993835
64 0 13.069384
64 1 13.871621
64 2 14.293272
64 3 14.145773
64 4 13.900413
64 5 11.912634
64 6 13.401694
64 7 13.016482
64 8 12.239435
64 9 13.460350
64 10 13.537288
64 11 11.462799
64 12 12.675078
64 13 11.787830
64 14 12.300056
64 15 13.941167
64 16 13.144055
64 17 13.802084
64 18 12.820423
64 19 11.352340
64 20 12.791461
64 21 11.725146
64 22 11.993814
64 23 14.620376
64 24 12.526999
64 25 12.693490
64 26 12.459569
64 27 13.356709
64 28 10.991941
64 29 13.589178
64 30 11.807009
64 31 11.204117
64 32 11.165243
64 33 11.221983
64 34 14.347210
64 35 13.182216
64 36 12.870430
64 37 13.517361
64 38 12.064105
64 39 13.203577
64 40 12.255496
64 41 14.762166
64 42 11.864921
64 43 12.585381
64 44 11.468593
64 45 12.138064
64 46 12.590063
64 47 14.317183
64 48 13.457007
64 49 14.741299
64 50 11.628852
64 51 12.435162
64 52 11.547466
64 53 12.663764
64 54 13.372337
64 55 11.103514
64 56 11.494221
64 57 11.722716
64 58 13.771483
64 59 12.748501
64 60 14.763851
64 61 14.150900
64 62 14.225248
64 63 11.950401
64 65 13.078424
64 66 12.808495
64 67 13.489136
64 68 14.313584
64 69 13.661862
64 70 14.600511
64 71 13.653628
64 72 13.988917
64 73 11.487371
64 74 12.407710
64 75 14.435499
64 76 13.244156
64 77 11.304178
64 78 13.651539
64 79 11.307601
64 80 12.035549
64 81 13.659772
64 82 14.641830
64 83 13.151164
64 84 13.554471
64 85 12.663631
64 86 13.428039
64 87 13.409120
64 88 12.524132
64 89 12.929312
64 90 13.470236
64 91 11.678957
64 92 11.962564
64 93 11.583127
64 94 12.470838
64 95 14.258354
64 96 11.951017
64 97 14.700073
64 98 13.961720
64 99 13.536109
64 100 12.346060
65 0 14.010209
65 1 11.601942
65 2 13.969457
65 3 13.690723
65 4 11.976100
65 5 13.014779
65 6 14.306752
65 7 13.954693
65 8 12.083502
65 9 13.060123
65 10 11.210891
65 11 13.307409
65 12 13.855844
65 13 12.875483
65 14 13.437254
65 15 12.171285
65 16 13.059563
65 17 11.134728
65 18 14.289069
65 19 12.661572
65 20 14.777110
65 21 12.872939
65 22 11.196317
65 23 14.511973
65 24 11.103498
65 25 14.748496
65 26 11.864143
65 27 12.543578
65 28 13.318246
65 29 12.216941
65 30 13.254953
65 31 14.469668
65 32 13.036725
65 33 13.840014
65 34 11.629280
65 35 11.290137
65 36 13.765975
65 37 13.299022
65 38 11.678679
65 39 14.227955
65 40 13.893174
65 41 13.960580
65 42 13.646580
65 43 12.394274
65 44 13.882042
65 45 13.950006
65 46 11.979866
65 47 14.196597
65 48 12.478987
65 49 11.825081
65 50 14.185126
65 51 11.527877
65 52 11.169500
65 53 13.007981
65 54 13.863995
65 55 12.754235
65 56 14.739215
65 57 14.805431
65 58 13.332412
65 59 11.617067
65 60 11.807487
65 61 13.424697
65 62 11.275424
65 63 10.929712
65 64 13.078424
65 66 11.542212
65 67 13.462419
65 68 13.550229
65 69 12.219207
65 70 12.017067
65 71 12.550337
65 72 12.717299
65 73 13.395421
65 74 14.383871
65 75 14.713275
65 76 12.048256
65 77 13.397471
65 78 12.178474
65 79 13.767151
65 80 11.252905
65 81 12.138148
65 82 12.250947
65 83 12.102916
65 84 13.841838
65 85 12.442066
65 86 12.208174
65 87 11.243378
65 88 11.733526
65 89 11.454692
65 90 12.021472
65 91 11.475698
65 92 11.551516
65 93 11.339868
65 94 13.481153
65 95 11.390070
65 96 12.139984
65 97 14.425043
65 98 12.563569
65 99 14.327870
65 100 13.324167
66 0 14.410634
66 1 13.999890
66 2 14.250218
66 3 12.047143
66 4 11.156847
66 5 13.911891
66 6 14.130962
66 7 14.585352
66 8 13.767664
66 9 11.115391
66 10 14.743209
66 11 12.309419
66 12 14.620866
66 13 14.666089
66 14 12.585008
66 15 12.420196
66 16 13.011749
66 17 13.690752
66 18 13.617559
66 19 13.614812
66 20 13.093381
66 21 14.453882
66 22 11.801295
66 23 13.072333
66 24 14.281633
66 25 11.200360
66 26 12.143866
66 27 11.482516
66 28 11.617300
66 29 11.445901
66 30 14.341863
66 31 12.383925
66 32 12.579121
66 33 11.165780
66 34 14.564762
66 35 14.452003
66 36 14.067129
66 37 11.594688
66 38 12.257081
66 39 14.665075
66 40 11.621366
66 41 11.249566
66 42 11.911797
66 43 12.686223
66 44 11.920789
66 45 12.353621
66 46 11.781070
66 47 12.068430
66 48 14.746656
66 49 10.942049
66 50 14.581284
66 51 13.563286
66 52 12.260140
66 53 12.251100
66 54 13.961010
66 55 11.500796
66 56 11.337903
66 57 11.404731
66 58 10.973515
66 59 14.006841
66 60 12.028525
66 61 14.455814
66 62 13.407973
66 63 11.082393
66 64 12.808495
66 65 11.542212
66 67 13.292483
66 68 13.302184
66 69 12.322387
66 70 13.735828
66 71 10.997780
66 72 13.913453
66 73 14.344128
66 74 12.198574
66 75 13.601632
66 76 14.799797
66 77 11.463469
66 78 13.892880
66 79 12.842668
66 80 11.901248
66 81 11.016282
66 82 14.113863
66 83 11.382587
66 84 13.514174
66 85 13.173551
66 86 13.015072
66 87 14.682354
66 88 13.828309
66 89 14.395897
66 90 14.319777
66 91 14.808189
66 92 14.072696
66 93 12.599459
66 94 14.337706
66 95 13.330090
66 96 14.529105
66 97 13.420860
66 98 13.551462
66 99 11.310342
66 100 14.466259
67 0 14.558359
67 1 12.735132
67 2 14.233671
67 3 14.100161
67 4 12.032473
67 5 13.244807
67 6 14.367541
67 7 14.295326
67 8 14.594965
67 9 11.044720
67 10 13.686540
67 11 11.137922
67 12 12.436726
67 13 14.240147
67 14 11.490056
67 15 13.816573
67 16 12.800354
67 17 11.756736
67 18 11.338218
67 19 11.021359
67 20 11.328828
67 21 12.787592
67 22 12.859444
67 23 10.947154
67 24 13.460811
67 25 13.275584
67 26 14.660682
67 27 11.094584
67 28 14.300463
67 29 14.378502
67 30 13.998201
67 31 11.379267
67 32 11.965310
67 33 14.191185
67 34 14.708043
67 35 14.808210
67 36 13.719867
67 37 12.939736
67 38 12.158407
67 39 12.162714
67 40 12.658642
67 41 11.579646
67 42 14.360564
67 43 13.733998
67 44 11.884354
67 45 11.193108
67 46 12.383117
67 47 12.348194
67 48 13.500145
67 49 14.294473
67 50 11.236389
67 51 11.185616
67 52 14.028818
67 53 14.598760
67 54 13.922387
67 55 11.016851
67 56 13.720630
67 57 14.180370
67 58 11.430015
67 59 13.185968
67 60 12.681715
67 61 11.459990
67 62 12.377153
67 63 13.660735
67 64 13.489136
67 65 13.462419
67 66 13.292483
67 68 14.803621
67 69 12.771414
67 70 11.029273
67 71 11.254099
67 72 13.987625
67 73 11.495009
67 74 12.981900
67 75 14.586703
67 76 11.816799
67 77 11.704692
67 78 13.903817
67 79 11.397950
67 80 12.080779
67 81 14.515815
67 82 14.082329
67 83 11.161262
67 84 13.730175
67 85 14.608545
67 86 12.632215
67 87 11.836670
67 88 11.581339
67 89 11.342331
67 90 11.440815
67 91 14.773400
67 92 13.489336
67 93 11.954000
67 94 11.588631
67 95 11.742350
67 96 13.692010
67 97 13.993187
67 98 12.242181
67 99 14.200557
67 100 11.865249
68 0 12.551526
68 1 14.753067
68 2 11.638035
68 3 11.197614
68 4 13.902214
68 5 14.418307
68 6 12.967086
68 7 11.910482
68 8 13.538126
68 9 11.020341
68 10 12.267958
68 11 14.615883
68 12 11.679899
68 13 11.340402
68 14 13.071007
68 15 12.715261
68 16 12.965585
68 17 14.710043
68 18 13.966520
68 19 12.372439
68 20 14.551497
68 21 13.134270
68 22 11.776097
68 23 11.219328
68 24 11.032043
68 25 14.218846
68 26 14.427498
68 27 14.621231
68 28 12.830742
68 29 13.757275
68 30 13.329545
68 31 12.590990
68 32 12.920338
68 33 11.986315
68 34 14.780593
68 35 11.298011
68 36 12.604939
68 37 14.422480
68 38 11.263241
68 39 12.882916
68 40 10.927127
68 41 14.786405
68 42 14.791307
68 43 11.926142
68 44 14.228976
68 45 14.350676
68 46 13.787328
68 47 13.345696
68 48 12.773604
68 49 12.043696
68 50 11.794537
68 51 12.271341
68 52 13.068585
68 53 12.680514
68 54 12.628715
68 55 11.509368
68 56 11.674587
68 57 10.953274
68 58 13.080144
68 59 12.945709
68 60 11.730659
68 61 13.416776
68 62 11.894707
68 63 11.201432
68 64 14.313584
68 65 13.550229
68 66 13.302184
68 67 14.803621
68 69 13.582938
68 70 13.828059
68 71 12.759867
68 72 12.440469
68 73 12.268418
68 74 11.836869
68 75 14.180844
68 76 11.723755
68 77 13.296192
68 78 11.372618
68 79 12.290993
68 80 11.343464
68 81 13.949699
68 82 13.790013
68 83 11.519347
68 84 12.127315
68 85 14.158350
68 86 13.002663
68 87 11.116499
68 88 13.307555
68 89 11.276077
68 90 12.655177
68 91 13.404320
68 92 11.131098
68 93 14.440042
68 94 14.549569
68 95 11.293767
68 96 11.188470
68 97 11.038474
68 98 12.720284
68 99 13.155782
68 100 13.965852
69 0 14.221572
69 1 11.462501
69 2 12.809654
69 3 12.850123
69 4 12.715505
69 5 14.510021
69 6 12.156825
69 7 13.717650
69 8 12.123563
69 9 11.513713
69 10 14.498309
69 11 12.390568
69 12 12.842989
69 13 12.397796
69 14 14.214780
69 15 11.526202
69 16 11.585133
69 17 12.180265
69 18 12.025814
69 19 13.991806
69 20 11.937086
69 21 11.048876
69 22 13.141805
69 23 13.233934
69 24 11.068239
69 25 14.048758
69 26 12.116275
69 27 13.662954
69 28 14.241540
69 29 13.749659
69 30 14.413698
69 31 13.833963
69 32 12.884097
69 33 13.249681
69 34 11.109943
69 35 13.060575
69 36 11.126107
69 37 10.935285
69 38 13.704624
69 39 12.048624
69 40 13.262464
69 41 13.207972
69 42 14.417525
69 43 12.809706
69 44 11.203992
69 45 14.391873
69 46 14.081041
69 47 12.746790
69 48 11.176538
69 49 12.066098
69 50 11.529419
69 51 11.114627
69 52 12.634738
69 53 13.228402
69 54 14.258473
69 55 11.579490
69 56 12.137796
69 57 12.060219
69 58 12.800528
69 59 11.515172
69 60 12.075296
69 61 13.083969
69 62 12.971101
69 63 13.861342
69 64 13.661862
69 65 12.219207
69 66 12.322387
69 67 12.771414
69 68 13.582938
69 70 12.155699
69 71 12.854070
69 72 13.663030
69 73 14.643000
69 74 11.773731
69 75 13.630736
69 76 11.027728
69 77 12.811277
69 78 13.291296
69 79 14.107291
69 80 13.697976
69 81 13.340046
69 82 14.224437
69 83 13.591220
69 84 11.236195
69 85 11.866969
69 86 11.593693
69 87 14.750162
69 88 11.413631
69 89 11.498769
69 90 12.500005
69 91 13.130867
69 92 12.647743
69 93 11.244824
69 94 14.790317
69 95 11.173745
69 96 11.957400
69 97 12.893820
69 98 13.226771
69 99 12.629297
69 100 11.020908
70 0 14.449379
70 1 13.404549
70 2 11.428307
70 3 14.462471
70 4 14.368154
70 5 14.678545
70 6 13.331211
70 7 13.444319
70 8 14.146487
70 9 13.267790
70 10 14.629423
70 11 12.997274
70 12 12.542680
70 13 13.846263
70 14 13.672796
70 15 12.733445
70 16 11.197204
70 17 13.806590
70 18 14.041974
70 19 14.312883
70 20 13.022067
70 21 11.974592
70 22 11.120714
70 23 11.647898
70 24 12.021734
70 25 14.516000
70 26 14.767926
70 27 12.097406
70 28 11.418505
70 29 12.097720
70 30 14.804562
70 31 12.140171
70 32 14.047289
70 33 13.382197
70 34 13.232764
70 35 13.097825
70 36 14.475221
70 37 13.004554
70 38 13.328689
70 39 13.782670
70 40 11.874539
70 41 11.805705
70 42 13.933976
70 43 13.813414
70 44 13.592561
70 45 13.678156
70 46 14.791491
70 47 11.801929
70 48 13.636482
70 49 14.402798
70 50 13.459893
70 51 13.369635
70 52 14.136420
70 53 13.392136
70 54 11.560473
70 55 11.854763
70 56 14.179640
70 57 11.179992
70 58 12.730522
70 59 12.786098
70 60 14.323483
70 61 12.194072
70 62 12.800312
70 63 11.028683
70 64 14.600511
70 65 12.017067
70 66 13.735828
70 67 11.029273
70 68 13.828059
70 69 12.155699
70 71 11.610995
70 72 11.180648
70 73 14.541307
70 74 13.371586
70 75 14.258345
70 76 11.719308
70 77 11.611714
70 78 13.038005
70 79 14.018606
70 80 12.366670
70 81 12.150236
70 82 12.717887
70 83 12.989795
70 84 11.741598
70 85 14.708936
70 86 12.100429
70 87 11.602956
70 88 12.140520
70 89 14.528726
70 90 12.580365
70 91 14.061012
70 92 13.600163
70 93 13.449838
70 94 11.341259
70 95 12.062470
70 96 13.098948
70 97 13.436745
70 98 11.944661
70 99 11.198516
70 100 14.680207
71 0 13.850050
71 1 14.144151
71 2 14.690798
71 3 12.847420
71 4 11.734491
71 5 11.996544
71 6 12.542608
71 7 13.190650
71 8 12.933924
71 9 14.507471
71 10 13.110332
71 11 14.377274
71 12 12.976451
71 13 11.195655
71 14 12.129591
71 15 14.359089
71 16 13.913539
71 17 14.614204
71 18 13.940765
71 19 12.170217
71 20 11.772107
71 21 14.135715
71 22 11.176913
71 23 14.442907
71 24 13.893626
71 25 12.281165
71 26 11.626071
71 27 11.170525
71 28 11.579585
71 29 14.643506
71 30 14.383161
71 31 12.231324
71 32 14.525791
71 33 13.018001
71 34 13.565452
71 35 10.927817
71 36 14.282965
71 37 13.359368
71 38 14.795791
71 39 13.579629
71 40 13.422465
71 41 14.490643
71 42 11.684150
71 43 14.328256
71 44 11.703880
71 45 11.802847
71 46 11.083217
71 47 13.128544
71 48 14.535023
71 49 14.125971
71 50 13.997780
71 51 13.160151
71 52 13.026003
71 53 13.561410
71 54 11.947936
71 55 12.905106
71 56 12.945375
71 57 14.601996
71 58 14.537724
71 59 14.119552
71 60 14.449447
71 61 13.466016
71 62 14.237635
71 63 13.616152
71 64 13.653628
71 65 12.550337
71 66 10.997780
71 67 11.254099
71 68 12.759867
71 69 12.854070
71 70 11.610995
71 72 13.970884
71 73 12.595505
71 74 14.627352
71 75 13.630292
71 76 11.420580
71 77 12.849153
71 78 11.367129
71 79 13.955822
71 80 11.051428
71 81 13.630159
71 82 14.207037
71 83 11.758381
71 84 13.738657
71 85 10.920139
71 86 14.564678
71 87 11.434760
71 88 13.651251
71 89 14.533401
71 90 11.615033
71 91 14.106906
71 92 13.083062
71 93 13.258882
71 94 13.711013
71 95 12.547956
71 96 13.580769
71 97 11.072815
71 98 12.797254
71 99 13.323622
71 100 11.775526
72 0 13.520774
72 1 11.518959
72 2 13.376446
72 3 11.000880
72 4 11.623437
72 5 10.980842
72 6 12.763329
72 7 11.063766
72 8 14.228703
72 9 11.567331
72 10 11.883249
72 11 13.372691
72 12 12.106287
72 13 11.335704
72 14 13.578144
72 15 12.875756
72 16 11.259039
72 17 12.224418
72 18 11.563745
72 19 12.458406
72 20 12.089201
72 21 14.141598
72 22 10.967434
72 23 12.531088
72 24 11.109807
72 25 13.493031
72 26 11.337514
72 27 12.488308
72 28 14.533514
72 29 14.393540
72 30 11.688266
72 31 12.885609
72 32 13.026730
72 33 11.284893
72 34 11.977468
72 35 14.422420
72 36 13.183848
72 37 10.922653
72 38 12.969901
72 39 11.802115
72 40 14.100304
72 41 12.278878
72 42 13.332178
72 43 14.364114
72 44 13.222832
72 45 13.621678
72 46 14.744050
72 47 13.980185
72 48 13.747906
72 49 12.195317
72 50 11.434192
72 51 11.605999
72 52 11.496196
72 53 11.786942
72 54 14.774779
72 55 11.029658
72 56 12.954659
72 57 11.392804
72 58 14.706947
72 59 14.526045
72 60 14.680180
72 61 14.732057
72 62 11.203170
72 63 12.078766
72 64 13.988917
72 65 12.717299
72 66 13.913453
72 67 13.987625
72 68 12.440469
72 69 13.663030
72 70 11.180648
72 71 13.970884
72 73 12.104343
72 74 12.502626
72 75 12.880020
72 76 14.665408
72 77 11.020170
72 78 13.748383
72 79 13.298518
72 80 12.570770
72 81 11.951161
72 82 14.285408
72 83 14.039346
72 84 11.121394
72 85 14.114393
72 86 12.896187
72 87 14.327698
72 88 14.014431
72 89 11.654026
72 90 11.058828
72 91 14.122210
72 92 12.247902
72 93 11.547353
72 94 12.232993
72 95 12.412441
72 96 12.045990
72 97 14.234705
72 98 11.755670
72 99 13.768446
72 100 12.988580
73 0 14.029629
73 1 11.919369
73 2 14.261658
73 3 11.568701
73 4 14.373837
73 5 14.238622
73 6 14.048348
73 7 11.710655
73 8 14.476646
73 9 14.508279
73 10 12.664545
73 11 12.082912
73 12 11.009760
73 13 13.428371
73 14 14.803041
73 15 14.157533
73 16 13.104529
73 17 11.240221
73 18 12.419548
73 19 14.555680
73 20 12.685482
73 21 11.968313
73 22 11.886010
73 23 13.400270
73 24 12.785855
73 25 11.773313
73 26 13.497299
73 27 13.353856
73 28 13.578549
73 29 11.970835
73 30 13.231587
73 31 14.205176
73 32 14.220697
73 33 12.563716
73 34 10.993377
73 35 13.505693
73 36 13.355131
73 37 12.218243
73 38 14.075277
73 39 14.675260
73 40 14.024680
73 41 13.587597
73 42 11.653822
73 43 13.607825
73 44 14.526988
73 45 11.582433
73 46 11.899645
73 47 11.015536
73 48 11.204232
73 49 11.515075
73 50 12.403085
73 51 13.403242
73 52 13.238476
73 53 12.769364
73 54 14.261095
73 55 11.867915
73 56 14.042115
73 57 11.211486
73 58 14.048939
73 59 11.994354
73 60 13.305929
73 61 14.750741
73 62 13.745348
73 63 11.036181
73 64 11.487371
73 65 13.395421
73 66 14.344128
73 67 11.495009
73 68 12.268418
73 69 14.643000
73 70 14.541307
73 71 12.595505
73 72 12.104343
73 74 14.496860
73 75 11.969033
73 76 10.933776
73 77 13.728835
73 78 11.708777
73 79 13.458421
73 80 13.422539
73 81 14.357993
73 82 14.372183
73 83 13.836257
73 84 11.868363
73 85 12.203024
73 86 13.811540
73 87 12.385637
73 88 14.797001
73 89 13.724839
73 90 14.468132
73 91 14.328868
73 92 13.969089
73 93 14.251776
73 94 14.405679
73 95 13.439257
73 96 12.527626
73 97 14.025813
73 98 13.982260
73 99 13.282504
73 100 11.171523
74 0 14.526212
74 1 11.168382
74 2 10.956051
74 3 11.071356
74 4 14.553231
74 5 11.125363
74 6 11.170905
74 7 11.401385
74 8 14.216429
74 9 12.753886
74 10 14.001635
74 11 12.068728
74 12 14.695906
74 13 14.723584
74 14 12.271036
74 15 11.659091
74 16 13.121027
74 17 14.613446
74 18 12.537601
74 19 14.482451
74 20 13.240952
74 21 13.001642
74 22 12.131685
74 23 11.174024
74 24 14.196400
74 25 11.644069
74 26 12.690946
74 27 14.275719
74 28 12.877739
74 29 11.432315
74 30 12.222329
74 31 13.074503
74 32 11.532832
74 33 14.561636
74 34 13.741691
74 35 14.662739
74 36 14.529631
74 37 11.197667
74 38 12.259919
74 39 13.422855
74 40 12.254969
74 41 12.613333
74 42 11.657041
74 43 11.792237
74 44 11.499029
74 45 11.967365
74 46 12.563698
74 47 12.951197
74 48 13.307200
74 49 14.463560
74 50 12.388740
74 51 14.062318
74 52 14.163877
74 53 14.732493
74 54 13.050439
74 55 11.940750
74 56 14.025793
74 57 12.197942
74 58 13.187299
74 59 11.546533
74 60 11.456043
74 61 12.655858
74 62 11.134251
74 63 13.464991
74 64 12.407710
74 65 14.383871
74 66 12.198574
74 67 12.981900
74 68 11.836869
74 69 11.773731
74 70 13.371586
74 71 14.627352
74 72 12.502626
74 73 14.496860
74 75 11.521147
74 76 10.990596
74 77 12.643374
74 78 11.162989
74 79 13.785433
74 80 11.533005
74 81 11.859733
74 82 11.110610
74 83 14.118456
74 84 13.473097
74 85 13.906012
74 86 13.915772
74 87 13.625390
74 88 12.359338
74 89 13.024563
74 90 12.498295
74 91 14.419953
74 92 13.851281
74 93 13.107845
74 94 11.904292
74 95 13.549411
74 96 11.839426
74 97 13.086958
74 98 11.866348
74 99 13.446572
74 100 14.262594
75 0 12.341965
75 1 13.471719
75 2 11.265273
75 3 14.636299
75 4 13.050369
75 5 13.079946
75 6 13.902730
75 7 13.080946
75 8 11.890987
75 9 11.141280
75 10 12.812779
75 11 12.960617
75 12 11.049447
75 13 14.030147
75 14 14.695768
75 15 13.167811
75 16 11.617307
75 17 12.086706
75 18 12.681144
75 19 12.981441
75 20 12.978292
75 21 13.461124
75 22 12.942127
75 23 14.019354
75 24 14.441804
75 25 12.474340
75 26 14.492687
75 27 11.842691
75 28 12.897114
75 29 13.343082
75 30 12.957930
75 31 11.378725
75 32 14.270065
75 33 12.667298
75 34 12.660279
75 35 14.237494
75 36 14.788011
75 37 12.571762
75 38 11.102431
75 39 11.019179
75 40 11.640831
75 41 13.792755
75 42 11.365624
75 43 13.040182
75 44 14.008899
75 45 11.272701
75 46 11.138465
75 47 13.444000
75 48 11.578697
75 49 13.407593
75 50 14.475299
75 51 11.932167
75 52 14.209359
75 53 11.845887
75 54 14.320695
75 55 14.015657
75 56 11.112287
75 57 11.463454
75 58 12.985468
75 59 12.626132
75 60 13.593445
75 61 12.255616
75 62 14.726896
75 63 14.688246
75 64 14.435499
75 65 14.713275
75 66 13.601632
75 67 14.586703
75 68 14.180844
75 69 13.630736
75 70 14.258345
75 71 13.630292
75 72 12.880020
75 73 11.969033
75 74 11.521147
75 76 12.588920
75 77 12.646725
75 78 14.423450
75 79 14.432399
75 80 12.066874
75 81 11.908641
75 82 13.423268
75 83 12.196950
75 84 12.664879
75 85 12.218715
75 86 14.465913
75 87 11.135278
75 88 12.100304
75 89 11.540107
75 90 14.571941
75 91 12.549153
75 92 13.038446
75 93 14.604193
75 94 13.982677
75 95 14.331689
75 96 13.918120
75 97 13.322579
75 98 11.597616
75 99 13.722082
75 100 13.566375
76 0 12.211825
76 1 11.486297
76 2 13.467351
76 3 12.842473
76 4 13.055174
76 5 11.474766
76 6 14.463349
76 7 11.362902
76 8 14.694330
76 9 13.120143
76 10 10.973158
76 11 12.911178
76 12 13.992190
76 13 13.295913
76 14 14.274935
76 15 12.016439
76 16 11.183931
76 17 12.511369
76 18 14.570805
76 19 13.436697
76 20 14.377548
76 21 11.978248
76 22 14.379968
76 23 11.262068
76 24 13.847204
76 25 12.501391
76 26 14.512439
76 27 14.418501
76 28 12.269077
76 29 12.500153
76 30 11.303040
76 31 11.376501
76 32 14.103797
76 33 14.639735
76 34 12.183767
76 35 14.211710
76 36 11.797593
76 37 11.388765
76 38 13.114952
76 39 12.356820
76 40 14.358303
76 41 11.163888
76 42 14.027868
76 43 14.039605
76 44 14.680589
76 45 11.696531
76 46 13.860461
76 47 11.132092
76 48 14.006499
76 49 12.282148
76 50 12.490494
76 51 14.650471
76 52 12.584136
76 53 11.636090
76 54 12.807954
76 55 14.203703
76 56 13.393375
76 57 13.958491
76 58 11.931757
76 59 13.428625
76 60 13.668526
76 61 12.230378
76 62 12.753928
76 63 12.234938
76 64 13.244156
76 65 12.048256
76 66 14.799797
76 67 11.816799
76 68 11.723755
76 69 11.027728
76 70 11.719308
76 71 11.420580
76 72 14.665408
76 73 10.933776
76 74 10.990596
76 75 12.588920
76 77 14.120933
76 78 13.855207
76 79 11.500229
76 80 11.858249
76 81 13.487546
76 82 12.357215
76 83 13.277020
76 84 14.621131
76 85 14.030627
76 86 11.529799
76 87 14.274578
76 88 11.178973
76 89 12.545270
76 90 13.050352
76 91 14.227889
76 92 12.885671
76 93 11.032436
76 94 13.229793
76 95 11.864337
76 96 12.080776
76 97 11.456422
76 98 13.969700
76 99 12.290600
76 100 12.663099
77 0 12.612764
77 1 11.944101
77 2 14.583792
77 3 11.117686
77 4 12.385030
77 5 12.776164
77 6 13.371798
77 7 13.871091
77 8 12.456167
77 9 13.747265
77 10 13.892706
77 11 11.648728
77 12 13.127844
77 13 12.855199
77 14 11.621951
77 15 14.814764
77 16 12.528893
77 17 11.159989
77 18 14.791563
77 19 11.277310
77 20 14.073891
77 21 13.106021
77 22 11.811234
77 23 13.274192
77 24 12.325131
77 25 11.569792
77 26 13.009491
77 27 11.101115
77 28 13.660263
77 29 14.035402
77 30 12.065410
77 31 12.340023
77 32 13.768791
77 33 12.028381
77 34 12.127383
77 35 13.156806
77 36 11.677871
77 37 11.470454
77 38 14.440931
77 39 13.746978
77 40 11.082514
77 41 13.764899
77 42 13.188215
77 43 12.487485
77 44 14.278738
77 45 13.236547
77 46 14.584539
77 47 13.025345
77 48 14.157523
77 49 14.355080
77 50 14.299996
77 51 11.006948
77 52 12.048436
77 53 13.102925
77 54 12.263432
77 55 13.767821
77 56 12.609241
77 57 12.193693
77 58 12.264769
77 59 13.001484
77 60 12.046710
77 61 12.845007
77 62 13.435226
77 63 13.194562
77 64 11.304178
77 65 13.397471
77 66 11.463469
77 67 11.704692
77 68 13.296192
77 69 12.811277
77 70 11.611714
77 71 12.849153
77 72 11.020170
77 73 13.728835
77 74 12.643374
77 75 12.646725
77 76 14.120933
77 78 12.471437
77 79 12.136781
77 80 11.744006
77 81 11.694039
77 82 12.502395
77 83 12.997443
77 84 12.794162
77 85 14.355677
77 86 11.429602
77 87 12.692830
77 88 11.411643
77 89 11.517538
77 90 14.299260
77 91 14.806793
77 92 13.195170
77 93 12.317474
77 94 13.578412
77 95 13.343624
77 96 12.256419
77 97 11.848778
77 98 13.352584
77 99 12.179388
77 100 14.813913
78 0 12.664224
78 1 12.286821
78 2 12.071147
78 3 12.821965
78 4 13.007194
78 5 11.159370
78 6 12.116405
78 7 13.082751
78 8 12.207178
78 9 12.198566
78 10 11.273143
78 11 12.646037
78 12 14.564703
78 13 14.165751
78 14 12.233099
78 15 14.512076
78 16 12.609401
78 17 14.062129
78 18 14.410360
78 19 13.014246
78 20 14.774037
78 21 11.289246
78 22 13.123775
78 23 13.987437
78 24 13.912387
78 25 14.344524
78 26 14.495424
78 27 13.498205
78 28 12.778818
78 29 11.045945
78 30 11.741864
78 31 11.733938
78 32 13.564531
78 33 13.983143
78 34 12.316827
78 35 11.456552
78 36 12.046566
78 37 14.816662
78 38 14.392614
78 39 14.507580
78 40 11.543926
78 41 12.267698
78 42 12.154830
78 43 11.679587
78 44 13.129812
78 45 14.481702
78 46 14.561854
78 47 11.165821
78 48 12.708044
78 49 11.822114
78 50 13.188514
78 51 13.174770
78 52 11.023358
78 53 11.626313
78 54 12.899718
78 55 11.703867
78 56 13.858061
78 57 13.784746
78 58 13.416022
78 59 14.412531
78 60 12.325753
78 61 14.712497
78 62 12.314265
78 63 11.564012
78 64 13.651539
78 65 12.178474
78 66 13.892880
78 67 13.903817
78 68 11.372618
78 69 13.291296
78 70 13.038005
78 71 11.367129
78 72 13.748383
78 73 11.708777
78 74 11.162989
78 75 14.423450
78 76 13.855207
78 77 12.471437
78 79 12.627917
78 80 14.001056
78 81 13.787019
78 82 12.145593
78 83 11.007854
78 84 12.669076
78 85 11.094866
78 86 13.581606
78 87 13.850602
78 88 11.021776
78 89 13.609635
78 90 13.117736
78 91 12.231809
78 92 13.948820
78 93 12.080168
78 94 12.448789
78 95 14.193848
78 96 11.684561
78 97 13.216343
78 98 12.902578
78 99 14.694385
78 100 12.006661
79 0 11.532497
79 1 13.713251
79 2 13.079278
79 3 13.782191
79 4 14.030545
79 5 11.469159
79 6 13.404239
79 7 13.771101
79 8 13.256982
79 9 12.300478
79 10 11.391106
79 11 13.086483
79 12 11.550946
79 13 11.502145
79 14 11.500620
79 15 13.496704
79 16 11.321012
79 17 13.261987
79 18 11.779412
79 19 11.597349
79 20 13.904180
79 21 12.247056
79 22 12.403638
79 23 13.225055
79 24 13.594101
79 25 12.799674
79 26 11.141875
79 27 13.498835
79 28 13.628756
79 29 11.955498
79 30 11.541375
79 31 11.804694
79 32 13.181047
79 33 14.313999
79 34 12.923273
79 35 14.298204
79 36 12.799123
79 37 13.887310
79 38 14.541393
79 39 12.552410
79 40 14.696666
79 41 11.545035
79 42 14.355191
79 43 11.872646
79 44 13.372868
79 45 12.054898
79 46 13.197153
79 47 14.375913
79 48 13.306509
79 49 13.112885
79 50 11.501148
79 51 13.360829
79 52 11.193907
79 53 14.090624
79 54 14.679559
79 55 13.733778
79 56 13.032644
79 57 14.386200
79 58 13.195631
79 59 11.017730
79 60 13.793406
79 61 14.600635
79 62 14.601051
79 63 14.019845
79 64 11.307601
79 65 13.767151
79 66 12.842668
79 67 11.397950
79 68 12.290993
79 69 14.107291
79 70 14.018606
79 71 13.955822
79 72 13.298518
79 73 13.458421
79 74 13.785433
79 75 14.432399
79 76 11.500229
79 77 12.136781
79 78 12.627917
79 80 11.411142
79 81 14.676839
79 82 13.007617
79 83 11.273373
79 84 13.929692
79 85 13.313128
79 86 12.768139
79 87 14.448095
79 88 13.510305
79 89 13.258573
79 90 12.229362
79 91 14.773925
79 92 13.336542
79 93 10.993114
79 94 12.599073
79 95 13.384210
79 96 14.338569
79 97 12.831683
79 98 12.129281
79 99 13.652250
79 100 12.570483
80 0 11.172544
80 1 11.296882
80 2 13.851611
80 3 11.286744
80 4 11.355889
80 5 14.227179
80 6 12.631241
80 7 13.177961
80 8 14.068315
80 9 14.212067
80 10 12.016292
80 11 11.322364
80 12 11.319685
80 13 11.445174
80 14 13.538488
80 15 13.129428
80 16 13.579028
80 17 11.858188
80 18 13.553885
80 19 12.751943
80 20 12.281751
80 21 12.570445
80 22 13.668151
80 23 12.515298
80 24 14.332612
80 25 11.828966
80 26 10.965524
80 27 13.307123
80 28 12.203838
80 29 12.112545
80 30 14.168795
80 31 13.729943
80 32 13.619466
80 33 11.058592
80 34 11.090693
80 35 13.766223
80 36 14.410413
80 37 12.913291
80 38 11.685822
80 39 12.876912
80 40 14.049422
80 41 12.581301
80 42 13.669254
80 43 11.294121
80 44 11.184491
80 45 13.048879
80 46 11.330785
80 47 11.492509
80 48 12.107021
80 49 12.380733
80 50 14.719367
80 51 13.794085
80 52 12.980204
80 53 12.233555
80 54 12.972134
80 55 13.420531
80 56 13.387534
80 57 13.403662
80 58 12.608930
80 59 12.679053
80 60 11.743170
80 61 11.919101
80 62 12.348518
80 63 13.009587
80 64 12.035549
80 65 11.252905
80 66 11.901248
80 67 12.080779
80 68 11.343464
80 69 13.697976
80 70 12.366670
80 71 11.051428
80 72 12.570770
80 73 13.422539
80 74 11.533005
80 75 12.066874
80 76 11.858249
80 77 11.744006
80 78 14.001056
80 79 11.411142
80 81 11.915675
80 82 11.840842
80 83 13.019988
80 84 14.277290
80 85 13.140080
80 86 11.292486
80 87 14.770906
80 88 14.628446
80 89 13.589659
80 90 14.593360
80 91 14.121177
80 92 13.949206
80 93 11.918479
80 94 12.642068
80 95 14.381577
80 96 12.691732
80 97 12.987344
80 98 12.843600
80 99 14.112304
80 100 11.540093
81 0 11.817348
81 1 14.547717
81 2 13.511025
81 3 13.080031
81 4 14.341175
81 5 12.868430
81 6 13.552400
81 7 13.917333
81 8 11.855239
81 9 12.312548
81 10 14.456707
81 11 12.706065
81 12 12.457204
81 13 12.031172
81 14 14.082431
81 15 13.821035
81 16 13.860741
81 17 12.854337
81 18 11.202263
81 19 14.267705
81 20 11.435965
81 21 13.468694
81 22 14.756721
81 23 12.843535
81 24 14.290933
81 25 14.281004
81 26 13.994424
81 27 13.377408
81 28 11.650355
81 29 11.554301
81 30 14.331861
81 31 12.452337
81 32 11.961249
81 33 11.724117
81 34 13.777622
81 35 12.730453
81 36 11.547463
81 37 11.097760
81 38 12.207179
81 39 12.769081
81 40 13.149570
81 41 11.580722
81 42 13.759305
81 43 12.029431
81 44 10.960163
81 45 13.473850
81 46 14.334905
81 47 13.691877
81 48 14.691511
81 49 11.081444
81 50 11.807401
81 51 11.950199
81 52 13.545997
81 53 14.357889
81 54 13.289630
81 55 11.793517
81 56 11.588175
81 57 12.137522
81 58 11.763369
81 59 12.462256
81 60 13.643531
81 61 11.359869
81 62 14.006543
81 63 12.432874
81 64 13.659772
81 65 12.138148
81 66 11.016282
81 67 14.515815
81 68 13.949699
81 69 13.340046
81 70 12.150236
81 71 13.630159
81 72 11.951161
81 73 14.357993
81 74 11.859733
81 75 11.908641
81 76 13.487546
81 77 11.694039
81 78 13.787019
81 79 14.676839
81 80 11.915675
81 82 13.130058
81 83 14.213477
81 84 12.029982
81 85 14.802765
81 86 12.937418
81 87 11.582106
81 88 11.551413
81 89 14.800850
81 90 12.140192
81 91 11.062897
81 92 11.358896
81 93 13.323770
81 94 13.076171
81 95 12.781189
81 96 12.722374
81 97 13.175284
81 98 14.528461
81 99 14.520696
81 100 13.833750
82 0 12.271138
82 1 14.435370
82 2 14.511374
82 3 11.008243
82 4 13.698613
82 5 12.463990
82 6 14.185238
82 7 11.850033
82 8 13.866221
82 9 11.819271
82 10 11.530782
82 11 12.392612
82 12 11.277486
82 13 12.164196
82 14 11.393746
82 15 11.257294
82 16 12.123800
82 17 14.525427
82 18 13.279225
82 19 10.989861
82 20 14.144051
82 21 12.121520
82 22 12.338715
82 23 11.669636
82 24 13.385908
82 25 13.341830
82 26 11.688930
82 27 12.580418
82 28 12.204394
82 29 11.269198
82 30 12.939285
82 31 11.457393
82 32 12.440855
82 33 12.421007
82 34 11.689927
82 35 11.683241
82 36 13.783061
82 37 14.471031
82 38 13.783168
82 39 11.182249
82 40 11.883436
82 41 13.418465
82 42 12.490294
82 43 11.523291
82 44 12.679153
82 45 13.977346
82 46 12.117096
82 47 13.457660
82 48 13.178874
82 49 12.959725
82 50 11.948301
82 51 11.366062
82 52 11.116622
82 53 14.717182
82 54 13.211141
82 55 11.033258
82 56 12.597681
82 57 11.629643
82 58 14.436162
82 59 12.236804
82 60 13.814551
82 61 12.236847
82 62 13.164729
82 63 13.040189
82 64 14.641830
82 65 12.250947
82 66 14.113863
82 67 14.082329
82 68 13.790013
82 69 14.224437
82 70 12.717887
82 71 14.207037
82 72 14.285408
82 73 14.372183
82 74 11.110610
82 75 13.423268
82 76 12.357215
82 77 12.502395
82 78 12.145593
82 79 13.007617
82 80 11.840842
82 81 13.130058
82 83 12.444122
82 84 14.602416
82 85 11.649848
82 86 13.514934
82 87 12.469666
82 88 14.149593
82 89 12.599949
82 90 12.547972
82 91 11.798477
82 92 12.116908
82 93 11.287049
82 94 11.505289
82 95 11.172510
82 96 13.253902
82 97 13.133503
82 98 12.067369
82 99 12.401830
82 100 11.281869
83 0 11.191392
83 1 12.147082
83 2 12.950056
83 3 14.241184
83 4 13.486499
83 5 13.442741
83 6 13.860973
83 7 12.494849
83 8 11.722220
83 9 13.695840
83 10 13.815852
83 11 13.870220
83 12 11.687840
83 13 11.598033
83 14 12.125649
83 15 11.285720
83 16 14.627277
83 17 12.957122
83 18 11.844733
83 19 11.951639
83 20 14.307445
83 21 11.478475
83 22 14.614456
83 23 14.489080
83 24 13.744450
83 25 12.963203
83 26 11.987080
83 27 12.781128
83 28 14.450054
83 29 13.620327
83 30 11.929098
83 31 14.783006
83 32 14.543416
83 33 11.523456
83 34 12.844721
83 35 14.281059
83 36 12.745832
83 37 11.380553
83 38 11.717402
83 39 11.068956
83 40 12.832667
83 41 13.485302
83 42 13.498074
83 43 11.885965
83 44 12.188455
83 45 13.552308
83 46 11.624487
83 47 11.338479
83 48 11.571950
83 49 11.737000
83 50 11.103021
83 51 13.489159
83 52 14.649921
83 53 12.570723
83 54 11.888838
83 55 14.525442
83 56 14.439711
83 57 13.472231
83 58 12.553772
83 59 12.408266
83 60 13.828682
83 61 13.798562
83 62 10.928459
83 63 13.059766
83 64 13.151164
83 65 12.102916
83 66 11.382587
83 67 11.161262
83 68 11.519347
83 69 13.591220
83 70 12.989795
83 71 11.758381
83 72 14.039346
83 73 13.836257
83 74 14.118456
83 75 12.196950
83 76 13.277020
83 77 12.997443
83 78 11.007854
83 79 11.273373
83 80 13.019988
83 81 14.213477
83 82 12.444122
83 84 14.667244
83 85 14.587556
83 86 12.200587
83 87 14.670741
83 88 11.527950
83 89 11.450534
83 90 11.057701
83 91 14.405183
83 92 12.679340
83 93 12.708281
83 94 13.665832
83 95 13.142660
83 96 11.978914
83 97 13.361876
83 98 13.746292
83 99 11.594499
83 100 14.487810
84 0 14.633263
84 1 11.713042
84 2 12.927638
84 3 14.671276
84 4 13.472562
84 5 14.581038
84 6 14.363837
84 7 11.477989
84 8 14.138696
84 9 13.107719
84 10 12.907070
84 11 12.105847
84 12 14.587425
84 13 12.348258
84 14 12.445387
84 15 10.971425
84 16 13.778173
84 17 12.732591
84 18 12.055249
84 19 13.421789
84 20 13.950456
84 21 13.280316
84 22 14.523868
84 23 13.946569
84 24 14.331747
84 25 13.543376
84 26 11.707912
84 27 14.741381
84 28 14.692142
84 29 13.846440
84 30 14.302252
84 31 14.241975
84 32 13.251160
84 33 14.229130
84 34 14.006653
84 35 14.729568
84 36 13.335853
84 37 13.989810
84 38 13.853343
84 39 14.028920
84 40 12.838626
84 41 11.138442
84 42 11.437445
84 43 12.840346
84 44 14.031628
84 45 13.837674
84 46 12.107964
84 47 14.696110
84 48 12.487239
84 49 13.727721
84 50 12.531292
84 51 12.064864
84 52 12.376853
84 53 12.829343
84 54 14.218831
84 55 13.541455
84 56 11.299598
84 57 11.614912
84 58 11.215518
84 59 11.914272
84 60 11.712560
84 61 12.277749
84 62 12.806827
84 63 12.196536
84 64 13.554471
84 65 13.841838
84 66 13.514174
84 67 13.730175
84 68 12.127315
84 69 11.236195
84 70 11.741598
84 71 13.738657
84 72 11.121394
84 73 11.868363
84 74 13.473097
84 75 12.664879
84 76 14.621131
84 77 12.794162
84 78 12.669076
84 79 13.929692
84 80 14.277290
84 81 12.029982
84 82 14.602416
84 83 14.667244
84 85 13.926061
84 86 14.585138
84 87 12.469135
84 88 13.497510
84 89 11.104135
84 90 11.774753
84 91 11.219687
84 92 12.008064
84 93 12.491865
84 94 10.932813
84 95 11.362967
84 96 12.188087
84 97 14.666842
84 98 13.457161
84 99 12.888319
84 100 11.221580
85 0 13.209346
85 1 11.668800
85 2 13.898436
85 3 13.209819
85 4 14.467365
85 5 13.924254
85 6 12.139795
85 7 13.584806
85 8 12.260235
85 9 11.170425
85 10 12.513028
85 11 10.937817
85 12 12.547462
85 13 13.013427
85 14 14.520654
85 15 11.180118
85 16 11.794427
85 17 14.706776
85 18 12.279182
85 19 13.082286
85 20 12.486013
85 21 13.566443
85 22 12.592499
85 23 11.547185
85 24 11.734711
85 25 13.970270
85 26 13.272717
85 27 13.540689
85 28 13.852436
85 29 14.247061
85 30 14.491063
85 31 11.140168
85 32 12.073353
85 33 14.222874
85 34 11.886492
85 35 12.063756
85 36 11.622523
85 37 12.453637
85 38 11.499379
85 39 13.802260
85 40 12.856056
85 41 12.083738
85 42 13.895875
85 43 14.273003
85 44 12.751752
85 45 11.413166
85 46 14.241500
85 47 12.776716
85 48 11.274309
85 49 14.197710
85 50 12.543714
85 51 13.579456
85 52 13.946634
85 53 11.683544
85 54 12.615619
85 55 11.607879
85 56 14.114191
85 57 12.097469
85 58 12.586371
85 59 12.207493
85 60 12.586958
85 61 13.367696
85 62 11.345996
85 63 14.003366
85 64 12.663631
85 65 12.442066
85 66 13.173551
85 67 14.608545
85 68 14.158350
85 69 11.866969
85 70 14.708936
85 71 10.920139
85 72 14.114393
85 73 12.203024
85 74 13.906012
85 75 12.218715
85 76 14.030627
85 77 14.355677
85 78 11.094866
85 79 13.313128
85 80 13.140080
85 81 14.802765
85 82 11.649848
85 83 14.587556
85 84 13.926061
85 86 13.419877
85 87 11.426433
85 88 11.068904
85 89 11.560125
85 90 13.930327
85 91 11.148411
85 92 14.342798
85 93 12.444787
85 94 11.358413
85 95 14.432974
85 96 12.641202
85 97 14.735118
85 98 12.411421
85 99 11.217481
85 100 14.564884
86 0 12.736641
86 1 13.791940
86 2 12.476871
86 3 13.811052
86 4 12.819223
86 5 13.253619
86 6 11.685466
86 7 14.653459
86 8 12.857024
86 9 12.455190
86 10 14.651445
86 11 13.325427
86 12 13.482024
86 13 13.259181
86 14 12.039807
86 15 12.599845
86 16 11.337747
86 17 12.790182
86 18 12.911658
86 19 12.529810
86 20 13.628620
86 21 13.089880
86 22 12.419617
86 23 11.586485
86 24 12.390952
86 25 12.936511
86 26 14.763023
86 27 13.713119
86 28 11.438210
86 29 11.606272
86 30 13.535232
86 31 11.270730
86 32 14.589897
86 33 12.562122
86 34 13.855141
86 35 13.293754
86 36 13.032961
86 37 10.924351
86 38 13.004862
86 39 13.774554
86 40 14.196715
86 41 13.178198
86 42 11.149068
86 43 14.686957
86 44 11.655870
86 45 11.804281
86 46 12.042080
86 47 11.870477
86 48 11.364317
86 49 12.968930
86 50 12.245022
86 51 14.597427
86 52 14.540350
86 53 13.688528
86 54 13.674347
86 55 12.732784
86 56 12.297966
86 57 14.321361
86 58 12.432929
86 59 11.107546
86 60 13.716035
86 61 14.607922
86 62 14.180145
86 63 12.801007
86 64 13.428039
86 65 12.208174
86 66 13.015072
86 67 12.632215
86 68 13.002663
86 69 11.593693
86 70 12.100429
86 71 14.564678
86 72 12.896187
86 73 13.811540
86 74 13.915772
86 75 14.465913
86 76 11.529799
86 77 11.429602
86 78 13.581606
86 79 12.768139
86 80 11.292486
86 81 12.937418
86 82 13.514934
86 83 12.200587
86 84 14.585138
86 85 13.419877
86 87 12.555364
86 88 11.998937
86 89 12.277447
86 90 11.456792
86 91 14.518826
86 92 13.899627
86 93 12.767451
86 94 11.688437
86 95 13.607850
86 96 14.245262
86 97 12.603124
86 98 14.201603
86 99 12.727456
86 100 14.459940
87 0 12.564007
87 1 12.062513
87 2 12.523685
87 3 12.094415
87 4 14.190511
87 5 14.375822
87 6 11.121114
87 7 14.056136
87 8 11.798257
87 9 13.836245
87 10 12.024508
87 11 14.477084
87 12 14.187116
87 13 14.521746
87 14 12.687455
87 15 12.596482
87 16 14.686886
87 17 11.170228
87 18 12.580273
87 19 13.613391
87 20 11.759228
87 21 12.821756
87 22 11.149561
87 23 11.289335
87 24 13.656648
87 25 14.195919
87 26 12.927017
87 27 12.530373
87 28 12.933664
87 29 12.977344
87 30 10.998177
87 31 14.661598
87 32 14.254306
87 33 11.263560
87 34 14.758752
87 35 11.350039
87 36 13.380967
87 37 14.049948
87 38 13.044602
87 39 13.385772
87 40 14.084405
87 41 12.600177
87 42 14.490353
87 43 13.434374
87 44 14.121276
87 45 14.661579
87 46 12.341171
87 47 12.930404
87 48 12.825338
87 49 14.579552
87 50 12.484820
87 51 11.985486
87 52 12.671754
87 53 11.188799
87 54 11.081763
87 55 11.866787
87 56 13.409064
87 57 14.271037
87 58 13.834725
87 59 11.130635
87 60 12.902868
87 61 13.259158
87 62 12.774962
87 63 12.062555
87 64 13.409120
87 65 11.243378
87 66 14.682354
87 67 11.836670
87 68 11.116499
87 69 14.750162
87 70 11.602956
87 71 11.434760
87 72 14.327698
87 73 12.385637
87 74 13.625390
87 75 11.135278
87 76 14.274578
87 77 12.692830
87 78 13.850602
87 79 14.448095
87 80 14.770906
87 81 11.582106
87 82 12.469666
87 83 14.670741
87 84 12.469135
87 85 11.426433
87 86 12.555364
87 88 12.031353
87 89 12.580765
87 90 11.258553
87 91 12.693893
87 92 14.384720
87 93 12.819944
87 94 12.369209
87 95 12.325181
87 96 13.667167
87 97 14.750850
87 98 12.833740
87 99 11.991962
87 100 11.754444
88 0 11.540664
88 1 12.712795
88 2 11.816725
88 3 13.815218
88 4 11.020151
88 5 11.432842
88 6 13.594504
88 7 13.273138
88 8 14.224411
88 9 14.241425
88 10 13.774559
88 11 14.021939
88 12 12.264647
88 13 11.846668
88 14 12.437146
88 15 13.199795
88 16 13.789002
88 17 13.182997
88 18 11.022455
88 19 12.145279
88 20 14.241034
88 21 11.970451
88 22 11.017953
88 23 14.664010
88 24 14.462801
88 25 12.934389
88 26 13.488105
88 27 11.672167
88 28 11.744101
88 29 14.315129
88 30 12.544965
88 31 12.350882
88 32 13.820300
88 33 11.052401
88 34 11.446670
88 35 14.146383
88 36 12.891509
88 37 13.520653
88 38 13.357617
88 39 13.897683
88 40 13.145986
88 41 14.218156
88 42 14.149272
88 43 13.612827
88 44 11.754091
88 45 13.499817
88 46 14.620854
88 47 14.500680
88 48 11.331717
88 49 12.635775
88 50 11.116255
88 51 11.534014
88 52 14.753816
88 53 13.547231
88 54 14.291045
88 55 13.658364
88 56 12.718084
88 57 12.614160
88 58 11.288672
88 59 12.721303
88 60 14.320846
88 61 12.066761
88 62 12.922016
88 63 14.700609
88 64 12.524132
88 65 11.733526
88 66 13.828309
88 67 11.581339
88 68 13.307555
88 69 11.413631
88 70 12.140520
88 71 13.651251
88 72 14.014431
88 73 14.797001
88 74 12.359338
88 75 12.100304
88 76 11.178973
88 77 11.411643
88 78 11.021776
88 79 13.510305
88 80 14.628446
88 81 11.551413
88 82 14.149593
88 83 11.527950
88 84 13.497510
88 85 11.068904
88 86 11.998937
88 87 12.031353
88 89 12.839083
88 90 12.895804
88 91 12.980797
88 92 12.581641
88 93 12.152245
88 94 14.159434
88 95 13.063736
88 96 10.961359
88 97 10.949650
88 98 12.209333
88 99 12.654830
88 100 11.482561
89 0 11.678861
89 1 13.309329
89 2 13.789064
89 3 13.080707
89 4 12.730358
89 5 14.587232
89 6 11.205120
89 7 11.617022
89 8 12.538754
89 9 11.732974
89 10 11.939936
89 11 13.017199
89 12 11.866196
89 13 14.610532
89 14 11.645951
89 15 13.390029
89 16 13.327184
89 17 13.526983
89 18 11.046936
89 19 11.127085
89 20 11.233027
89 21 13.640118
89 22 14.350413
89 23 12.543639
89 24 11.613451
89 25 12.182685
89 26 11.703177
89 27 13.960042
89 28 11.996317
89 29 11.217610
89 30 10.929947
89 31 13.709429
89 32 12.359142
89 33 12.443622
89 34 12.316206
89 35 13.641895
89 36 12.539489
89 37 11.911217
89 38 11.268213
89 39 14.725775
89 40 13.383947
89 41 13.566988
89 42 13.155379
89 43 14.634739
89 44 13.539143
89 45 11.379799
89 46 12.480343
89 47 11.648822
89 48 14.100008
89 49 13.787600
89 50 11.307179
89 51 13.582337
89 52 10.967271
89 53 11.482687
89 54 12.035958
89 55 12.657671
89 56 11.399319
89 57 11.483195
89 58 11.994163
89 59 11.680464
89 60 12.137563
89 61 13.385357
89 62 13.497576
89 63 13.783245
89 64 12.929312
89 65 11.454692
89 66 14.395897
89 67 11.342331
89 68 11.276077
89 69 11.498769
89 70 14.528726
89 71 14.533401
89 72 11.654026
89 73 13.724839
89 74 13.024563
89 75 11.540107
89 76 12.545270
89 77 11.517538
89 78 13.609635
89 79 13.258573
89 80 13.589659
89 81 14.800850
89 82 12.599949
89 83 11.450534
89 84 11.104135
89 85 11.560125
89 86 12.277447
89 87 12.580765
89 88 12.839083
89 90 11.839732
89 91 11.167065
89 92 14.469937
89 93 11.262198
89 94 13.878832
89 95 14.598396
89 96 10.989406
89 97 13.420017
89 98 14.464668
89 99 13.224824
89 100 11.584511
90 0 14.257553
90 1 12.766083
90 2 14.218581
90 3 13.069773
90 4 14.454861
90 5 13.983443
90 6 12.853655
90 7 13.659016
90 8 12.091691
90 9 11.518103
90 10 12.002624
90 11 11.777383
90 12 10.934751
90 13 12.544488
90 14 12.910559
90 15 12.415336
90 16 11.384425
90 17 14.281762
90 18 11.731946
90 19 14.473492
90 20 11.301281
90 21 14.623052
90 22 14.076705
90 23 12.829954
90 24 14.667754
90 25 13.490391
90 26 12.769719
90 27 13.451227
90 28 13.919258
90 29 13.016250
90 30 13.426819
90 31 14.786829
90 32 12.010346
90 33 12.030948
90 34 13.881099
90 35 12.366987
90 36 11.173724
90 37 11.346827
90 38 13.915356
90 39 12.905045
90 40 11.918108
90 41 14.704599
90 42 11.658679
90 43 14.638515
90 44 11.414276
90 45 13.498601
90 46 11.991715
90 47 12.480010
90 48 12.579669
90 49 13.567778
90 50 12.901711
90 51 14.270467
90 52 12.561022
90 53 13.896816
90 54 11.005994
90 55 12.176295
90 56 14.745022
90 57 13.636708
90 58 12.475517
90 59 12.626638
90 60 14.138884
90 61 14.358923
90 62 11.580636
90 63 13.192121
90 64 13.470236
90 65 12.021472
90 66 14.319777
90 67 11.440815
90 68 12.655177
90 69 12.500005
90 70 12.580365
90 71 11.615033
90 72 11.058828
90 73 14.468132
90 74 12.498295
90 75 14.571941
90 76 13.050352
90 77 14.299260
90 78 13.117736
90 79 12.229362
90 80 14.593360
90 81 12.140192
90 82 12.547972
90 83 11.057701
90 84 11.774753
90 85 13.930327
90 86 11.456792
90 87 11.258553
90 88 12.895804
90 89 11.839732
90 91 11.420615
90 92 14.165056
90 93 11.537253
90 94 11.600714
90 95 14.510484
90 96 13.566755
90 97 11.938588
90 98 11.104811
90 99 11.517458
90 100 13.933064
91 0 13.470687
91 1 14.139927
91 2 14.637527
91 3 12.991996
91 4 14.264926
91 5 10.925898
91 6 14.075420
91 7 11.890545
91 8 13.018444
91 9 13.982276
91 10 12.141460
91 11 11.771767
91 12 11.376577
91 13 11.482138
91 14 13.544784
91 15 13.856969
91 16 13.911618
91 17 14.567647
91 18 14.688119
91 19 12.084087
91 20 10.946676
91 21 14.757837
91 22 11.713692
91 23 13.209377
91 24 13.933070
91 25 13.366502
91 26 13.194326
91 27 11.745574
91 28 13.278456
91 29 12.434532
91 30 12.422775
91 31 14.702500
91 32 11.324951
91 33 12.578288
91 34 12.119266
91 35 13.359696
91 36 14.661493
91 37 11.279950
91 38 13.878022
91 39 12.306209
91 40 11.526491
91 41 12.878502
91 42 13.811365
91 43 11.531687
91 44 11.661693
91 45 12.761550
91 46 12.814775
91 47 11.461957
91 48 14.662681
91 49 14.042163
91 50 14.461343
91 51 13.944036
91 52 11.731135
91 53 14.157371
91 54 11.256381
91 55 12.497843
91 56 11.868096
91 57 13.632533
91 58 11.801963
91 59 13.367527
91 60 12.848851
91 61 13.051801
91 62 14.456002
91 63 14.249415
91 64 11.678957
91 65 11.475698
91 66 14.808189
91 67 14.773400
91 68 13.404320
91 69 13.130867
91 70 14.061012
91 71 14.106906
91 72 14.122210
91 73 14.328868
91 74 14.419953
91 75 12.549153
91 76 14.227889
91 77 14.806793
91 78 12.231809
91 79 14.773925
91 80 14.121177
91 81 11.062897
91 82 11.798477
91 83 14.405183
91 84 11.219687
91 85 11.148411
91 86 14.518826
91 87 12.693893
91 88 12.980797
91 89 11.167065
91 90 11.420615
91 92 14.271147
91 93 13.756713
91 94 13.354241
91 95 11.966681
91 96 12.918070
91 97 14.297074
91 98 11.107390
91 99 14.771504
91 100 14.657847
92 0 13.956946
92 1 12.237103
92 2 11.792086
92 3 13.960604
92 4 12.610940
92 5 13.002387
92 6 14.295834
92 7 13.775497
92 8 11.055396
92 9 12.878599
92 10 14.018328
92 11 12.838099
92 12 14.301877
92 13 13.789967
92 14 12.400954
92 15 14.435184
92 16 11.440903
92 17 13.106866
92 18 11.410645
92 19 13.279557
92 20 11.032505
92 21 14.788982
92 22 10.925099
92 23 12.908283
92 24 11.945306
92 25 13.590472
92 26 12.379930
92 27 12.101846
92 28 13.863801
92 29 12.742193
92 30 14.301294
92 31 12.291742
92 32 11.301315
92 33 14.011319
92 34 11.890563
92 35 14.620718
92 36 13.248387
92 37 12.954744
92 38 14.234021
92 39 14.240986
92 40 11.317741
92 41 13.745635
92 42 13.495837
92 43 11.286303
92 44 14.788105
92 45 14.491639
92 46 14.749192
92 47 14.118072
92 48 14.265232
92 49 14.003414
92 50 13.748360
92 51 13.505257
92 52 11.486680
92 53 13.710564
92 54 11.751573
92 55 11.413088
92 56 13.665108
92 57 13.232902
92 58 11.059987
92 59 10.933097
92 60 14.221803
92 61 12.972873
92 62 14.116531
92 63 13.266097
92 64 11.962564
92 65 11.551516
92 66 14.072696
92 67 13.489336
92 68 11.131098
92 69 12.647743
92 70 13.600163
92 71 13.083062
92 72 12.247902
92 73 13.969089
92 74 13.851281
92 75 13.038446
92 76 12.885671
92 77 13.195170
92 78 13.948820
92 79 13.336542
92 80 13.949206
92 81 11.358896
92 82 12.116908
92 83 12.679340
92 84 12.008064
92 85 14.342798
92 86 13.899627
92 87 14.384720
92 88 12.581641
92 89 14.469937
92 90 14.165056
92 91 14.271147
92 93 14.371748
92 94 12.296024
92 95 11.135227
92 96 13.939086
92 97 11.593451
92 98 14.028008
92 99 14.366122
92 100 11.951341
93 0 13.526924
93 1 12.667953
93 2 11.217649
93 3 13.062416
93 4 14.576880
93 5 11.330284
93 6 12.142731
93 7 11.237372
93 8 14.190435
93 9 13.667143
93 10 12.527786
93 11 12.969551
93 12 10.939195
93 13 14.791087
93 14 12.611912
93 15 13.367312
93 16 13.559908
93 17 14.570540
93 18 13.167134
93 19 12.336359
93 20 13.126810
93 21 11.015110
93 22 14.610489
93 23 12.523994
93 24 12.049962
93 25 14.058046
93 26 13.009751
93 27 13.220300
93 28 14.199760
93 29 11.440797
93 30 11.306278
93 31 14.314565
93 32 14.195275
93 33 14.350653
93 34 11.272580
93 35 12.019347
93 36 12.561692
93 37 11.005374
93 38 11.356140
93 39 12.759372
93 40 14.119179
93 41 13.281201
93 42 13.517039
93 43 14.104984
93 44 13.168334
93 45 13.395821
93 46 14.797874
93 47 12.183959
93 48 11.317203
93 49 12.235330
93 50 12.149952
93 51 13.364066
93 52 14.145373
93 53 12.869543
93 54 12.770886
93 55 12.195948
93 56 12.960495
93 57 13.226789
93 58 13.695940
93 59 11.319246
93 60 13.131694
93 61 13.224516
93 62 13.275549
93 63 13.448737
93 64 11.583127
93 65 11.339868
93 66 12.599459
93 67 11.954000
93 68 14.440042
93 69 11.244824
93 70 13.449838
93 71 13.258882
93 72 11.547353
93 73 14.251776
93 74 13.107845
93 75 14.604193
93 76 11.032436
93 77 12.317474
93 78 12.080168
93 79 10.993114
93 80 11.918479
93 81 13.323770
93 82 11.287049
93 83 12.708281
93 84 12.491865
93 85 12.444787
93 86 12.767451
93 87 12.819944
93 88 12.152245
93 89 11.262198
93 90 11.537253
93 91 13.756713
93 92 14.371748
93 94 13.023444
93 95 14.734673
93 96 10.979094
93 97 13.397701
93 98 11.872842
93 99 12.982518
93 100 13.594358
94 0 11.615914
94 1 13.760855
94 2 14.803222
94 3 14.802327
94 4 13.191479
94 5 13.940387
94 6 11.923452
94 7 13.325355
94 8 13.468469
94 9 11.329399
94 10 11.596632
94 11 13.328524
94 12 11.653140
94 13 13.886745
94 14 13.623281
94 15 14.449761
94 16 11.513894
94 17 13.905691
94 18 12.694095
94 19 11.595015
94 20 11.939248
94 21 11.344432
94 22 13.772156
94 23 14.786678
94 24 12.669480
94 25 11.591121
94 26 12.694704
94 27 14.483421
94 28 11.264603
94 29 13.669234
94 30 11.662045
94 31 13.115685
94 32 12.344905
94 33 13.921097
94 34 13.308627
94 35 11.467318
94 36 10.927826
94 37 13.201416
94 38 14.774266
94 39 13.436013
94 40 11.065851
94 41 13.609700
94 42 14.123591
94 43 14.363361
94 44 13.848164
94 45 10.936701
94 46 14.607368
94 47 11.837591
94 48 11.560907
94 49 12.337259
94 50 11.651832
94 51 12.618478
94 52 13.043328
94 53 13.497847
94 54 12.454921
94 55 12.962811
94 56 14.052367
94 57 12.629436
94 58 13.121373
94 59 10.971474
94 60 13.337766
94 61 13.787037
94 62 13.633189
94 63 11.045649
94 64 12.470838
94 65 13.481153
94 66 14.337706
94 67 11.588631
94 68 14.549569
94 69 14.790317
94 70 11.341259
94 71 13.711013
94 72 12.232993
94 73 14.405679
94 74 11.904292
94 75 13.982677
94 76 13.229793
94 77 13.578412
94 78 12.448789
94 79 12.599073
94 80 12.642068
94 81 13.076171
94 82 11.505289
94 83 13.665832
94 84 10.932813
94 85 11.358413
94 86 11.688437
94 87 12.369209
94 88 14.159434
94 89 13.878832
94 90 11.600714
94 91 13.354241
94 92 12.296024
94 93 13.023444
94 95 12.348262
94 96 11.750062
94 97 13.930725
94 98 12.787745
94 99 12.644973
94 100 12.208064
95 0 11.741369
95 1 13.261991
95 2 12.008895
95 3 11.513340
95 4 10.953039
95 5 14.179015
95 6 13.444184
95 7 12.986767
95 8 11.189172
95 9 14.647148
95 10 13.674970
95 11 12.172835
95 12 11.805334
95 13 13.190429
95 14 12.441498
95 15 13.359515
95 16 14.137342
95 17 11.865875
95 18 13.867496
95 19 12.402538
95 20 12.983744
95 21 14.277014
95 22 13.410795
95 23 12.271651
95 24 12.967077
95 25 11.736578
95 26 12.363401
95 27 14.651894
95 28 14.068701
95 29 13.136134
95 30 13.568577
95 31 11.597155
95 32 14.398361
95 33 12.277853
95 34 14.401639
95 35 11.828905
95 36 12.843539
95 37 10.929046
95 38 13.839109
95 39 11.727469
95 40 14.371299
95 41 12.917170
95 42 12.848400
95 43 11.017389
95 44 11.400138
95 45 14.220526
95 46 12.486279
95 47 11.737081
95 48 14.259168
95 49 13.946841
95 50 13.794959
95 51 11.126628
95 52 12.604998
95 53 11.112928
95 54 13.463457
95 55 11.340839
95 56 13.560710
95 57 13.537095
95 58 12.227343
95 59 12.471727
95 60 13.378496
95 61 12.924759
95 62 12.895513
95 63 13.144808
95 64 14.258354
95 65 11.390070
95 66 13.330090
95 67 11.742350
95 68 11.293767
95 69 11.173745
95 70 12.062470
95 71 12.547956
95 72 12.412441
95 73 13.439257
95 74 13.549411
95 75 14.331689
95 76 11.864337
95 77 13.343624
95 78 14.193848
95 79 13.384210
95 80 14.381577
95 81 12.781189
95 82 11.172510
95 83 13.142660
95 84 11.362967
95 85 14.432974
95 86 13.607850
95 87 12.325181
95 88 13.063736
95 89 14.598396
95 90 14.510484
95 91 11.966681
95 92 11.135227
95 93 14.734673
95 94 12.348262
95 96 13.017374
95 97 13.778022
95 98 11.043996
95 99 14.005539
95 100 13.734474
96 0 11.804161
96 1 11.229008
96 2 13.625761
96 3 13.010266
96 4 11.880435
96 5 13.392885
96 6 11.423456
96 7 12.389179
96 8 11.116993
96 9 12.103037
96 10 10.983101
96 11 12.380414
96 12 14.341548
96 13 12.992625
96 14 13.249503
96 15 12.156915
96 16 13.672292
96 17 13.942615
96 18 12.351986
96 19 11.000985
96 20 12.310241
96 21 13.821352
96 22 12.762035
96 23 12.114839
96 24 13.418330
96 25 13.902259
96 26 12.222848
96 27 13.442136
96 28 11.517394
96 29 13.189798
96 30 11.425658
96 31 12.102264
96 32 12.711568
96 33 11.076938
96 34 12.480339
96 35 14.265034
96 36 12.893695
96 37 13.910582
96 38 13.721099
96 39 12.755635
96 40 13.337967
96 41 12.911000
96 42 12.355209
96 43 14.238041
96 44 14.403657
96 45 12.809674
96 46 12.298294
96 47 14.540114
96 48 11.138654
96 49 11.584109
96 50 11.447328
96 51 14.223872
96 52 13.331694
96 53 12.996199
96 54 12.316655
96 55 13.778168
96 56 14.392852
96 57 12.653765
96 58 11.486954
96 59 11.898640
96 60 14.203035
96 61 10.970597
96 62 14.467164
96 63 12.866717
96 64 11.951017
96 65 12.139984
96 66 14.529105
96 67 13.692010
96 68 11.188470
96 69 11.957400
96 70 13.098948
96 71 13.580769
96 72 12.045990
96 73 12.527626
96 74 11.839426
96 75 13.918120
96 76 12.080776
96 77 12.256419
96 78 11.684561
96 79 14.338569
96 80 12.691732
96 81 12.722374
96 82 13.253902
96 83 11.978914
96 84 12.188087
96 85 12.641202
96 86 14.245262
96 87 13.667167
96 88 10.961359
96 89 10.989406
96 90 13.566755
96 91 12.918070
96 92 13.939086
96 93 10.979094
96 94 11.750062
96 95 13.017374
96 97 12.554998
96 98 13.627058
96 99 14.684738
96 100 14.456493
97 0 13.125394
97 1 13.667271
97 2 13.066136
97 3 13.507458
97 4 13.741612
97 5 11.845797
97 6 14.778627
97 7 11.023977
97 8 13.220802
97 9 14.191426
97 10 13.770950
97 11 13.307739
97 12 12.525045
97 13 14.054806
97 14 12.329330
97 15 11.817148
97 16 11.631453
97 17 13.155701
97 18 13.168533
97 19 11.414099
97 20 14.650346
97 21 11.817867
97 22 11.561494
97 23 11.349756
97 24 12.040140
97 25 12.624920
97 26 13.232990
97 27 11.700261
97 28 13.265010
97 29 11.712022
97 30 12.916821
97 31 14.016838
97 32 14.219380
97 33 11.342976
97 34 11.202403
97 35 12.662958
97 36 12.793752
97 37 13.573805
97 38 13.986921
97 39 11.814121
97 40 11.103396
97 41 11.041517
97 42 12.811310
97 43 12.409983
97 44 11.952057
97 45 11.813612
97 46 12.998914
97 47 11.334800
97 48 14.640568
97 49 13.557329
97 50 12.014950
97 51 11.140538
97 52 13.032060
97 53 11.633472
97 54 14.114430
97 55 11.773232
97 56 11.692304
97 57 11.980122
97 58 13.684656
97 59 12.787055
97 60 12.601329
97 61 12.314389
97 62 13.292377
97 63 12.105093
97 64 14.700073
97 65 14.425043
97 66 13.420860
97 67 13.993187
97 68 11.038474
97 69 12.893820
97 70 13.436745
97 71 11.072815
97 72 14.234705
97 73 14.025813
97 74 13.086958
97 75 13.322579
97 76 11.456422
97 77 11.848778
97 78 13.216343
97 79 12.831683
97 80 12.987344
97 81 13.175284
97 82 13.133503
97 83 13.361876
97 84 14.666842
97 85 14.735118
97 86 12.603124
97 87 14.750850
97 88 10.949650
97 89 13.420017
97 90 11.938588
97 91 14.297074
97 92 11.593451
97 93 13.397701
97 94 13.930725
97 95 13.778022
97 96 12.554998
97 98 11.090349
97 99 10.957067
97 100 14.339365
98 0 14.376072
98 1 13.897452
98 2 12.855442
98 3 13.806561
98 4 13.794098
98 5 12.937600
98 6 12.090291
98 7 12.244736
98 8 11.666072
98 9 11.563850
98 10 11.374228
98 11 13.739899
98 12 12.668352
98 13 13.591170
98 14 13.742796
98 15 14.635717
98 16 11.663016
98 17 13.886880
98 18 11.727837
98 19 14.142307
98 20 13.438134
98 21 14.367042
98 22 12.014997
98 23 14.363125
98 24 12.390383
98 25 12.690288
98 26 14.445821
98 27 12.448193
98 28 11.701475
98 29 13.425763
98 30 12.108275
98 31 11.156539
98 32 14.818151
98 33 12.310669
98 34 13.002479
98 35 13.114266
98 36 14.772398
98 37 11.986871
98 38 11.899593
98 39 13.241219
98 40 11.864841
98 41 14.133183
98 42 13.678646
98 43 10.972324
98 44 14.478993
98 45 14.767624
98 46 13.191452
98 47 13.670643
98 48 12.202438
98 49 13.708566
98 50 11.507126
98 51 13.745834
98 52 12.457909
98 53 11.485145
98 54 11.312878
98 55 14.702573
98 56 13.693933
98 57 13.047007
98 58 12.859126
98 59 11.523784
98 60 12.952154
98 61 12.966749
98 62 12.866892
98 63 11.394993
98 64 13.961720
98 65 12.563569
98 66 13.551462
98 67 12.242181
98 68 12.720284
98 69 13.226771
98 70 11.944661
98 71 12.797254
98 72 11.755670
98 73 13.982260
98 74 11.866348
98 75 11.597616
98 76 13.969700
98 77 13.352584
98 78 12.902578
98 79 12.129281
98 80 12.843600
98 81 14.528461
98 82 12.067369
98 83 13.746292
98 84 13.457161
98 85 12.411421
98 86 14.201603
98 87 12.833740
98 88 12.209333
98 89 14.464668
98 90 11.104811
98 91 11.107390
98 92 14.028008
98 93 11.872842
98 94 12.787745
98 95 11.043996
98 96 13.627058
98 97 11.090349
98 99 12.401075
98 100 11.975468
99 0 12.131012
99 1 11.067578
99 2 11.169176
99 3 11.395537
99 4 14.344252
99 5 11.692824
99 6 13.064314
99 7 10.974443
99 8 14.114748
99 9 12.036568
99 10 11.956462
99 11 13.434886
99 12 14.100217
99 13 13.043006
99 14 11.006811
99 15 13.938385
99 16 12.849676
99 17 13.953235
99 18 12.310226
99 19 14.047980
99 20 14.796807
99 21 12.106336
99 22 11.919242
99 23 14.538554
99 24 14.597792
99 25 12.866212
99 26 13.689611
99 27 14.140059
99 28 14.288720
99 29 13.808458
99 30 11.528701
99 31 13.272826
99 32 14.815467
99 33 12.761228
99 34 12.407877
99 35 13.054816
99 36 12.056537
99 37 13.080643
99 38 13.816963
99 39 14.279531
99 40 13.102246
99 41 12.854292
99 42 11.796522
99 43 14.774998
99 44 12.086328
99 45 12.820221
99 46 11.243229
99 47 11.043862
99 48 12.161996
99 49 12.456236
99 50 14.242482
99 51 14.676165
99 52 13.613084
99 53 12.247506
99 54 12.434743
99 55 13.318208
99 56 13.410022
99 57 11.320590
99 58 11.055925
99 59 11.629906
99 60 11.257356
99 61 14.796778
99 62 13.674790
99 63 12.602177
99 64 13.536109
99 65 14.327870
99 66 11.310342
99 67 14.200557
99 68 13.155782
99 69 12.629297
99 70 11.198516
99 71 13.323622
99 72 13.768446
99 73 13.282504
99 74 13.446572
99 75 13.722082
99 76 12.290600
99 77 12.179388
99 78 14.694385
99 79 13.652250
99 80 14.112304
99 81 14.520696
99 82 12.401830
99 83 11.594499
99 84 12.888319
99 85 11.217481
99 86 12.727456
99 87 11.991962
99 88 12.654830
99 89 13.224824
99 90 11.517458
99 91 14.771504
99 92 14.366122
99 93 12.982518
99 94 12.644973
99 95 14.005539
99 96 14.684738
99 97 10.957067
99 98 12.401075
99 100 12.842531
100 0 13.141400
100 1 12.746176
100 2 11.039585
100 3 13.491912
100 4 11.677716
100 5 11.000268
100 6 14.192636
100 7 14.646042
100 8 13.013285
100 9 14.349497
100 10 14.621371
100 11 14.377057
100 12 12.906495
100 13 14.001759
100 14 13.420501
100 15 14.327282
100 16 14.659931
100 17 14.240893
100 18 14.556353
100 19 12.766818
100 20 13.282019
100 21 13.788828
100 22 12.630575
100 23 14.460230
100 24 14.700842
100 25 13.449575
100 26 12.011197
100 27 14.525652
100 28 12.286677
100 29 13.453418
100 30 10.982763
100 31 13.924103
100 32 13.535437
100 33 12.497129
100 34 14.399210
100 35 11.009323
100 36 14.108914
100 37 14.078223
100 38 12.830416
100 39 12.780713
100 40 12.826990
100 41 11.221312
100 42 12.556928
100 43 14.540575
100 44 12.294237
100 45 12.536814
100 46 14.582328
100 47 12.890948
100 48 12.280696
100 49 12.078736
100 50 13.748738
100 51 12.006789
100 52 14.231611
100 53 12.400599
100 54 13.349000
100 55 14.751247
100 56 13.300422
100 57 14.668326
100 58 11.904381
100 59 12.206064
100 60 12.183124
100 61 14.601614
100 62 13.382331
100 63 10.993835
100 64 12.346060
100 65 13.324167
100 66 14.466259
100 67 11.865249
100 68 13.965852
100 69 11.020908
100 70 14.680207
100 71 11.775526
100 72 12.988580
100 73 11.171523
100 74 14.262594
100 75 13.566375
100 76 12.663099
100 77 14.813913
100 78 12.006661
100 79 12.570483
100 80 11.540093
100 81 13.833750
100 82 11.281869
100 83 14.487810
100 84 11.221580
100 85 14.564884
100 86 14.459940
100 87 11.754444
100 88 11.482561
100 89 11.584511
100 90 13.933064
100 91 14.657847
100 92 11.951341
100 93 13.594358
100 94 12.208064
100 95 13.734474
100 96 14.456493
100 97 14.339365
100 98 11.975468
100 99 12.842531
