# i j vmax_ij_m_per_s; symmetric values generated with Uniform(0.7,0.95)*15.6
0 1 13.197696
0 2 13.905882
0 3 11.025914
0 4 14.091231
0 5 11.864795
0 6 13.347349
0 7 13.725810
0 8 13.471784
0 9 12.254379
0 10 11.121267
0 11 12.496625
0 12 12.743192
0 13 11.811135
0 14 14.643060
0 15 13.095985
0 16 11.262740
0 17 11.052433
0 18 13.256977
0 19 13.285620
0 20 11.713365
0 21 11.769708
0 22 11.753133
0 23 12.843554
0 24 11.324228
0 25 13.473201
0 26 11.897636
0 27 14.487043
0 28 11.655039
0 29 14.031433
0 30 14.806659
0 31 12.130101
0 32 13.030002
0 33 11.988940
0 34 11.073094
0 35 11.871658
0 36 12.032103
0 37 11.159952
0 38 11.034990
0 39 11.735467
0 40 13.719470
0 41 11.864389
0 42 11.355066
0 43 11.365104
0 44 14.018055
0 45 14.004357
0 46 13.982747
0 47 12.351035
0 48 14.118515
0 49 12.803349
0 50 11.804761
0 51 11.723846
0 52 12.410382
0 53 14.039164
0 54 14.378131
0 55 13.731577
0 56 12.610724
0 57 12.153784
0 58 12.096251
0 59 12.542683
0 60 12.064932
0 61 13.588828
0 62 11.181180
0 63 12.932160
0 64 12.990712
0 65 14.684893
0 66 13.988780
0 67 12.601406
0 68 14.316060
0 69 14.414105
0 70 13.999189
0 71 12.246812
0 72 12.536996
0 73 12.088816
0 74 12.191770
0 75 13.338641
0 76 12.511082
0 77 13.465268
0 78 11.413468
0 79 13.207733
0 80 11.871895
0 81 13.847407
0 82 12.183289
0 83 12.821212
0 84 12.534483
0 85 12.548528
0 86 13.525322
0 87 14.167022
0 88 14.017152
0 89 12.083807
0 90 12.045881
0 91 12.855590
0 92 11.452938
0 93 14.040583
0 94 14.300052
0 95 11.260702
0 96 14.040409
0 97 11.879485
0 98 11.107679
0 99 14.068941
0 100 11.905948
0 101 11.976799
0 102 14.670945
0 103 14.616552
0 104 12.377453
0 105 14.418175
0 106 12.086652
0 107 11.845475
0 108 13.165284
0 109 14.172478
0 110 12.949914
0 111 13.057016
0 112 12.008840
0 113 13.970502
0 114 14.001877
0 115 14.790086
0 116 13.317017
0 117 14.522691
0 118 12.599016
0 119 11.637995
0 120 13.370467
0 121 12.092229
0 122 11.038732
0 123 11.690522
0 124 14.508711
0 125 11.283961
0 126 13.066144
0 127 11.003205
0 128 14.575624
0 129 11.962196
0 130 13.404937
0 131 12.363315
0 132 12.411302
0 133 10.952703
0 134 13.044518
0 135 11.249308
0 136 13.241078
0 137 11.459459
0 138 13.931923
0 139 13.432002
0 140 12.242573
0 141 13.385277
0 142 13.001906
0 143 11.661499
0 144 13.691724
0 145 13.299283
0 146 10.989091
0 147 11.328775
0 148 12.105235
0 149 12.569096
0 150 12.344281
0 151 13.305622
0 152 12.221344
0 153 14.123876
0 154 11.949297
0 155 12.238151
0 156 11.824105
0 157 13.522240
0 158 13.586959
0 159 12.292770
0 160 12.406185
0 161 11.782016
0 162 13.613114
0 163 13.716679
0 164 13.870266
0 165 12.282885
0 166 11.163547
0 167 12.767909
0 168 10.991846
0 169 14.306724
0 170 11.354079
0 171 13.220489
0 172 13.961134
0 173 10.944858
0 174 13.652944
0 175 14.144686
0 176 12.037844
0 177 11.782243
0 178 14.571685
0 179 10.995785
0 180 12.553153
0 181 14.777902
0 182 13.640424
0 183 11.556906
0 184 11.576310
0 185 13.148145
0 186 12.157303
0 187 12.136927
0 188 14.744542
0 189 11.311675
0 190 14.500546
0 191 12.319109
0 192 13.658432
0 193 14.641881
0 194 11.273291
0 195 14.153199
0 196 10.992619
0 197 14.085897
0 198 12.407680
0 199 12.684768
0 200 12.694065
1 0 13.197696
1 2 13.596956
1 3 13.408786
1 4 13.877979
1 5 13.597051
1 6 13.754676
1 7 12.897443
1 8 12.525652
1 9 11.754893
1 10 14.049350
1 11 12.999386
1 12 13.626949
1 13 11.987700
1 14 14.094633
1 15 14.680286
1 16 11.527113
1 17 13.686475
1 18 11.344976
1 19 11.814099
1 20 13.615214
1 21 13.572505
1 22 11.051899
1 23 14.517436
1 24 13.957178
1 25 14.411718
1 26 12.876818
1 27 13.071324
1 28 12.810428
1 29 11.465433
1 30 13.262679
1 31 12.272920
1 32 12.723984
1 33 12.472860
1 34 11.662653
1 35 11.668970
1 36 12.738921
1 37 14.629641
1 38 11.086580
1 39 11.987561
1 40 13.338584
1 41 12.280934
1 42 11.512637
1 43 11.127661
1 44 11.413989
1 45 12.947913
1 46 14.185935
1 47 13.946808
1 48 11.099489
1 49 11.401955
1 50 13.067543
1 51 14.404606
1 52 11.981739
1 53 13.895871
1 54 14.664504
1 55 11.175039
1 56 13.167884
1 57 13.584200
1 58 11.283647
1 59 14.387652
1 60 10.963151
1 61 14.445843
1 62 14.668232
1 63 11.937694
1 64 12.063433
1 65 11.583959
1 66 11.898446
1 67 12.861465
1 68 12.027508
1 69 11.235315
1 70 13.518481
1 71 12.324197
1 72 11.263655
1 73 11.689476
1 74 14.421246
1 75 11.875461
1 76 13.729364
1 77 13.289387
1 78 14.805444
1 79 13.821051
1 80 13.473062
1 81 12.246858
1 82 12.022266
1 83 13.885268
1 84 11.886390
1 85 13.656489
1 86 12.072297
1 87 13.102206
1 88 12.252952
1 89 14.534142
1 90 11.121737
1 91 11.481271
1 92 14.538420
1 93 13.637394
1 94 11.571491
1 95 12.694532
1 96 13.056728
1 97 13.078548
1 98 13.745662
1 99 11.400889
1 100 11.812824
1 101 13.120174
1 102 11.173104
1 103 12.814942
1 104 13.614379
1 105 11.969648
1 106 13.864269
1 107 12.013764
1 108 11.220642
1 109 12.162642
1 110 11.334882
1 111 13.452761
1 112 12.059062
1 113 11.464886
1 114 14.149938
1 115 13.578495
1 116 13.866761
1 117 14.334793
1 118 14.626493
1 119 10.965507
1 120 12.251328
1 121 11.709809
1 122 13.146633
1 123 14.235025
1 124 12.605056
1 125 13.739386
1 126 11.155595
1 127 13.335953
1 128 13.767603
1 129 13.275315
1 130 12.268457
1 131 14.669172
1 132 14.113961
1 133 12.506869
1 134 14.505810
1 135 12.480853
1 136 14.053284
1 137 11.512434
1 138 14.387070
1 139 13.634043
1 140 11.982422
1 141 13.203657
1 142 11.380492
1 143 11.286613
1 144 13.693143
1 145 14.493692
1 146 13.982853
1 147 14.089383
1 148 13.844019
1 149 14.666115
1 150 13.473173
1 151 13.203670
1 152 13.329659
1 153 12.091734
1 154 12.817106
1 155 13.990732
1 156 11.010899
1 157 12.134503
1 158 14.022007
1 159 13.347164
1 160 14.131987
1 161 13.372831
1 162 13.819039
1 163 13.347293
1 164 11.479859
1 165 13.633704
1 166 14.658354
1 167 11.947608
1 168 11.969700
1 169 14.111550
1 170 11.774060
1 171 11.538495
1 172 12.877579
1 173 12.149263
1 174 13.636128
1 175 12.962927
1 176 11.616820
1 177 13.232262
1 178 13.677154
1 179 11.279271
1 180 13.472112
1 181 13.603664
1 182 12.423088
1 183 13.673378
1 184 13.558101
1 185 12.535049
1 186 13.128519
1 187 13.342084
1 188 14.272034
1 189 11.620994
1 190 12.501607
1 191 14.323029
1 192 12.743329
1 193 13.307222
1 194 12.552211
1 195 11.900051
1 196 11.663460
1 197 11.254324
1 198 11.828972
1 199 12.772105
1 200 12.638171
2 0 13.905882
2 1 13.596956
2 3 12.230661
2 4 11.940309
2 5 13.304450
2 6 12.528183
2 7 12.380150
2 8 13.676919
2 9 12.429507
2 10 13.825232
2 11 11.933897
2 12 11.729684
2 13 11.556645
2 14 13.139073
2 15 11.833794
2 16 11.745156
2 17 11.691658
2 18 12.397390
2 19 12.329257
2 20 14.447075
2 21 12.026298
2 22 14.183710
2 23 10.982328
2 24 14.326090
2 25 11.578748
2 26 11.137813
2 27 11.371187
2 28 14.724728
2 29 14.541250
2 30 10.968738
2 31 12.285611
2 32 13.803717
2 33 14.444951
2 34 12.938927
2 35 12.914359
2 36 14.049748
2 37 12.239163
2 38 12.794787
2 39 12.456200
2 40 11.212681
2 41 14.693100
2 42 13.864746
2 43 13.452796
2 44 13.762494
2 45 14.496354
2 46 13.144032
2 47 11.178954
2 48 14.222808
2 49 13.150651
2 50 13.674619
2 51 12.710908
2 52 12.227585
2 53 14.650654
2 54 11.807342
2 55 14.471018
2 56 13.832043
2 57 11.625285
2 58 12.192900
2 59 14.746792
2 60 14.448699
2 61 12.097755
2 62 12.714139
2 63 11.038199
2 64 13.502003
2 65 11.156867
2 66 12.928199
2 67 11.340771
2 68 14.589621
2 69 14.283765
2 70 14.586421
2 71 13.890033
2 72 11.754279
2 73 14.589764
2 74 13.319014
2 75 13.241420
2 76 13.496446
2 77 11.018747
2 78 12.722192
2 79 13.881627
2 80 14.677954
2 81 12.693939
2 82 13.108952
2 83 14.500140
2 84 14.583294
2 85 14.392175
2 86 13.793608
2 87 13.679647
2 88 13.085582
2 89 11.167869
2 90 13.443403
2 91 14.465402
2 92 13.936778
2 93 11.291183
2 94 10.941969
2 95 12.433741
2 96 11.149572
2 97 11.166390
2 98 12.931958
2 99 11.611624
2 100 12.763734
2 101 11.136633
2 102 12.392325
2 103 14.559932
2 104 11.000664
2 105 13.004349
2 106 14.297355
2 107 13.555135
2 108 12.171645
2 109 12.908512
2 110 12.671796
2 111 13.444472
2 112 12.510139
2 113 12.975381
2 114 11.906264
2 115 12.820152
2 116 12.203932
2 117 12.023205
2 118 11.724346
2 119 12.345092
2 120 11.259965
2 121 12.847632
2 122 12.379635
2 123 11.744138
2 124 12.949387
2 125 11.305255
2 126 14.095585
2 127 12.590992
2 128 14.266639
2 129 14.800658
2 130 11.329452
2 131 13.103974
2 132 14.162815
2 133 13.357128
2 134 14.687924
2 135 13.278325
2 136 12.167095
2 137 12.751964
2 138 13.455133
2 139 13.435035
2 140 13.874867
2 141 10.949094
2 142 11.841123
2 143 11.312666
2 144 10.940722
2 145 13.061217
2 146 14.022411
2 147 12.345842
2 148 14.466186
2 149 12.015149
2 150 12.161586
2 151 14.124189
2 152 12.831039
2 153 12.229626
2 154 14.218878
2 155 12.689672
2 156 14.462191
2 157 12.950737
2 158 12.624114
2 159 14.182474
2 160 14.439006
2 161 11.701974
2 162 10.998722
2 163 13.222915
2 164 12.998308
2 165 14.621990
2 166 13.644613
2 167 14.462647
2 168 11.809777
2 169 10.928325
2 170 14.425887
2 171 11.979681
2 172 13.044499
2 173 11.410061
2 174 11.864785
2 175 11.422413
2 176 13.654306
2 177 11.375605
2 178 11.145149
2 179 14.720398
2 180 13.688832
2 181 13.902457
2 182 10.962582
2 183 12.188183
2 184 14.579158
2 185 14.631468
2 186 14.699830
2 187 12.724035
2 188 14.482802
2 189 11.759538
2 190 13.778117
2 191 11.144650
2 192 13.905433
2 193 13.639481
2 194 13.380824
2 195 12.850177
2 196 10.970578
2 197 12.045748
2 198 14.348729
2 199 14.634323
2 200 14.701248
3 0 11.025914
3 1 13.408786
3 2 12.230661
3 4 11.694129
3 5 14.467000
3 6 14.557358
3 7 14.046864
3 8 13.801514
3 9 11.094241
3 10 14.508600
3 11 13.812175
3 12 13.020257
3 13 14.320975
3 14 12.127746
3 15 11.750907
3 16 11.467470
3 17 12.121889
3 18 11.358218
3 19 13.721358
3 20 12.704365
3 21 13.947040
3 22 14.597556
3 23 11.948239
3 24 11.269260
3 25 13.955558
3 26 14.147057
3 27 14.485478
3 28 11.056897
3 29 13.170259
3 30 11.652982
3 31 12.326576
3 32 11.228717
3 33 11.580242
3 34 11.756921
3 35 12.928874
3 36 12.982098
3 37 13.283708
3 38 11.869007
3 39 11.455077
3 40 14.726968
3 41 12.408536
3 42 13.686604
3 43 13.894566
3 44 11.031144
3 45 13.185076
3 46 12.541736
3 47 12.649812
3 48 11.729304
3 49 13.265802
3 50 13.897799
3 51 13.746196
3 52 13.428408
3 53 13.241652
3 54 11.180155
3 55 14.167008
3 56 11.324902
3 57 14.291178
3 58 12.791092
3 59 12.512602
3 60 14.003841
3 61 12.243381
3 62 13.072180
3 63 12.831372
3 64 14.096180
3 65 12.044780
3 66 14.501432
3 67 13.128427
3 68 10.995315
3 69 12.696711
3 70 11.389886
3 71 14.165853
3 72 13.169283
3 73 12.075414
3 74 13.369573
3 75 12.802383
3 76 12.724334
3 77 14.744677
3 78 11.593520
3 79 14.636617
3 80 12.168147
3 81 11.921421
3 82 12.021318
3 83 11.757192
3 84 13.707570
3 85 11.320067
3 86 12.185987
3 87 11.541149
3 88 14.255180
3 89 13.244980
3 90 12.287981
3 91 14.377564
3 92 12.297983
3 93 14.283944
3 94 14.308580
3 95 13.830298
3 96 14.042353
3 97 11.104094
3 98 13.366216
3 99 12.767773
3 100 11.921686
3 101 11.728081
3 102 12.714781
3 103 14.348204
3 104 13.275112
3 105 12.062321
3 106 13.879184
3 107 13.187059
3 108 11.679933
3 109 11.011029
3 110 11.125213
3 111 13.572989
3 112 14.730251
3 113 14.457736
3 114 14.357989
3 115 13.001686
3 116 12.847465
3 117 12.084876
3 118 11.473344
3 119 12.739431
3 120 12.122554
3 121 13.043512
3 122 12.628900
3 123 12.302446
3 124 12.748849
3 125 13.366133
3 126 11.693057
3 127 11.319345
3 128 14.015131
3 129 14.551512
3 130 11.067181
3 131 11.307277
3 132 13.699453
3 133 14.661275
3 134 13.736955
3 135 14.509595
3 136 12.845927
3 137 11.618853
3 138 12.618346
3 139 14.601873
3 140 11.034119
3 141 11.753352
3 142 12.446482
3 143 11.921876
3 144 12.538196
3 145 13.806337
3 146 13.984482
3 147 12.908871
3 148 13.061069
3 149 11.776791
3 150 14.224623
3 151 14.337529
3 152 14.550624
3 153 10.955226
3 154 14.335926
3 155 11.073239
3 156 11.811267
3 157 13.845484
3 158 11.403864
3 159 13.964458
3 160 11.789200
3 161 11.545531
3 162 12.803812
3 163 12.497648
3 164 10.968741
3 165 13.821136
3 166 12.793010
3 167 12.171058
3 168 14.561393
3 169 14.633294
3 170 13.403904
3 171 12.296376
3 172 14.531105
3 173 13.866186
3 174 11.255088
3 175 11.445236
3 176 14.546092
3 177 13.776247
3 178 11.209761
3 179 14.766481
3 180 14.170427
3 181 11.524948
3 182 11.306174
3 183 11.091775
3 184 12.554756
3 185 14.112614
3 186 13.016531
3 187 12.116135
3 188 12.213110
3 189 11.831180
3 190 12.422735
3 191 13.524141
3 192 14.041635
3 193 11.476494
3 194 12.263268
3 195 12.217636
3 196 12.296188
3 197 13.969325
3 198 12.934294
3 199 11.183279
3 200 14.720737
4 0 14.091231
4 1 13.877979
4 2 11.940309
4 3 11.694129
4 5 11.340731
4 6 11.751183
4 7 14.491006
4 8 11.598776
4 9 14.434968
4 10 14.089214
4 11 11.397384
4 12 12.097286
4 13 13.633502
4 14 11.576193
4 15 11.907793
4 16 13.221599
4 17 14.008064
4 18 13.698171
4 19 14.120381
4 20 13.080499
4 21 12.552252
4 22 14.038573
4 23 12.211267
4 24 14.053652
4 25 12.091856
4 26 14.247857
4 27 12.999214
4 28 13.413433
4 29 14.018238
4 30 13.239540
4 31 12.056075
4 32 13.589121
4 33 11.767344
4 34 14.421780
4 35 12.470290
4 36 13.390005
4 37 12.950434
4 38 14.305270
4 39 12.370073
4 40 13.547461
4 41 11.476806
4 42 13.207305
4 43 13.363628
4 44 12.188249
4 45 11.947901
4 46 12.570705
4 47 11.828927
4 48 11.036359
4 49 12.443874
4 50 13.001221
4 51 11.730505
4 52 12.922092
4 53 12.037903
4 54 11.157068
4 55 11.995892
4 56 12.027804
4 57 11.300511
4 58 14.797821
4 59 11.795898
4 60 13.872238
4 61 13.414959
4 62 13.844147
4 63 11.758567
4 64 14.117041
4 65 13.446444
4 66 11.390170
4 67 14.775504
4 68 14.274832
4 69 14.248687
4 70 14.423416
4 71 12.813710
4 72 11.804298
4 73 11.143485
4 74 12.097105
4 75 14.214358
4 76 13.631437
4 77 13.835164
4 78 12.651125
4 79 12.961120
4 80 12.400590
4 81 12.953344
4 82 11.622712
4 83 14.780067
4 84 11.267580
4 85 13.517945
4 86 11.307075
4 87 14.539313
4 88 13.671093
4 89 12.945410
4 90 13.166198
4 91 11.597672
4 92 13.457895
4 93 13.207839
4 94 13.160982
4 95 14.069963
4 96 14.286308
4 97 13.285766
4 98 12.703607
4 99 14.652691
4 100 12.186532
4 101 12.071638
4 102 14.327036
4 103 12.372325
4 104 14.201504
4 105 14.253189
4 106 11.802874
4 107 12.107554
4 108 11.278042
4 109 13.955973
4 110 11.887086
4 111 13.227808
4 112 13.511536
4 113 13.807476
4 114 13.163175
4 115 13.952720
4 116 11.935887
4 117 12.699165
4 118 13.251290
4 119 11.876098
4 120 12.225341
4 121 11.079702
4 122 11.133468
4 123 12.268850
4 124 14.762994
4 125 12.307770
4 126 13.018093
4 127 14.407883
4 128 12.566646
4 129 13.949317
4 130 12.119281
4 131 11.348184
4 132 12.792119
4 133 13.347052
4 134 12.506182
4 135 12.957239
4 136 13.612347
4 137 13.788772
4 138 10.943743
4 139 10.924464
4 140 14.183877
4 141 13.998362
4 142 11.087729
4 143 11.490799
4 144 12.459146
4 145 14.294506
4 146 14.120535
4 147 13.800788
4 148 14.115599
4 149 13.877682
4 150 14.302618
4 151 14.141970
4 152 14.415489
4 153 11.264442
4 154 14.340673
4 155 14.506198
4 156 14.076726
4 157 13.933399
4 158 12.370856
4 159 14.596830
4 160 12.190225
4 161 14.680042
4 162 13.300377
4 163 11.664834
4 164 11.531759
4 165 14.441137
4 166 11.744176
4 167 13.398231
4 168 14.149994
4 169 14.032327
4 170 12.492198
4 171 11.532573
4 172 14.396774
4 173 13.490824
4 174 12.158728
4 175 12.369119
4 176 11.337854
4 177 13.862375
4 178 11.942987
4 179 13.333685
4 180 11.335308
4 181 14.413070
4 182 14.534142
4 183 13.211737
4 184 14.231550
4 185 12.264765
4 186 11.051338
4 187 11.674061
4 188 13.296277
4 189 11.967204
4 190 12.886601
4 191 12.542879
4 192 14.083480
4 193 11.157276
4 194 13.922698
4 195 13.446638
4 196 13.069672
4 197 11.965416
4 198 11.292607
4 199 13.974659
4 200 11.036146
5 0 11.864795
5 1 13.597051
5 2 13.304450
5 3 14.467000
5 4 11.340731
5 6 14.166848
5 7 13.916845
5 8 13.346066
5 9 12.634769
5 10 11.652256
5 11 14.086337
5 12 14.381984
5 13 13.420009
5 14 13.821202
5 15 13.876975
5 16 12.483361
5 17 12.990374
5 18 13.708865
5 19 12.327103
5 20 12.908615
5 21 13.779892
5 22 12.227563
5 23 12.261214
5 24 12.453046
5 25 12.410212
5 26 11.078960
5 27 14.398232
5 28 14.504820
5 29 14.636817
5 30 12.231980
5 31 12.363929
5 32 11.453910
5 33 11.844737
5 34 11.061803
5 35 10.929396
5 36 10.963319
5 37 12.465477
5 38 13.362171
5 39 10.965667
5 40 11.070936
5 41 14.752546
5 42 12.380432
5 43 13.584158
5 44 12.681717
5 45 12.849053
5 46 14.274743
5 47 13.254180
5 48 13.870222
5 49 14.182228
5 50 11.767446
5 51 12.965752
5 52 12.194949
5 53 13.121525
5 54 13.280690
5 55 13.151400
5 56 12.409802
5 57 13.123092
5 58 12.547715
5 59 11.770176
5 60 12.061386
5 61 11.573094
5 62 13.893984
5 63 11.813898
5 64 14.510291
5 65 13.018939
5 66 13.678428
5 67 12.076784
5 68 14.070125
5 69 13.724973
5 70 14.547472
5 71 12.974332
5 72 11.728023
5 73 12.300967
5 74 12.246625
5 75 13.858502
5 76 12.566621
5 77 14.158582
5 78 11.239357
5 79 13.349255
5 80 11.266376
5 81 13.716155
5 82 13.954141
5 83 11.498013
5 84 13.671712
5 85 12.749105
5 86 11.565189
5 87 12.354670
5 88 11.563812
5 89 12.071035
5 90 13.628426
5 91 14.805591
5 92 11.656856
5 93 14.467346
5 94 12.007320
5 95 12.658082
5 96 11.525037
5 97 13.970320
5 98 13.951977
5 99 14.032177
5 100 13.450952
5 101 12.382057
5 102 12.879340
5 103 11.930103
5 104 12.857228
5 105 11.641408
5 106 12.496342
5 107 11.876366
5 108 14.632209
5 109 13.876239
5 110 11.659667
5 111 13.915595
5 112 10.956371
5 113 12.850124
5 114 13.164321
5 115 11.370923
5 116 11.311751
5 117 11.582876
5 118 13.207737
5 119 11.984332
5 120 11.427118
5 121 13.458885
5 122 12.634757
5 123 13.000544
5 124 12.471907
5 125 14.649682
5 126 11.557141
5 127 12.169152
5 128 11.637562
5 129 13.671161
5 130 11.809112
5 131 12.259214
5 132 13.995429
5 133 12.244226
5 134 13.127168
5 135 13.176248
5 136 13.669976
5 137 13.666274
5 138 13.769198
5 139 14.331946
5 140 14.461787
5 141 14.386226
5 142 11.356147
5 143 13.969468
5 144 12.280999
5 145 13.806225
5 146 13.710019
5 147 14.082538
5 148 11.733804
5 149 12.976995
5 150 14.301614
5 151 11.091631
5 152 12.304217
5 153 12.131698
5 154 12.588321
5 155 10.929259
5 156 13.109333
5 157 14.444955
5 158 14.654230
5 159 11.322353
5 160 11.211702
5 161 14.137712
5 162 14.314290
5 163 14.115805
5 164 14.412574
5 165 14.539932
5 166 14.633708
5 167 14.012867
5 168 12.734630
5 169 11.193233
5 170 14.517106
5 171 14.048013
5 172 11.564817
5 173 11.942549
5 174 12.243857
5 175 11.176823
5 176 13.552729
5 177 13.468363
5 178 13.599738
5 179 11.104269
5 180 14.564748
5 181 11.161702
5 182 12.571211
5 183 13.742019
5 184 11.037770
5 185 13.504999
5 186 12.357258
5 187 12.378451
5 188 11.043682
5 189 12.760915
5 190 12.135819
5 191 14.739147
5 192 13.207994
5 193 14.433457
5 194 14.519132
5 195 12.065315
5 196 14.615103
5 197 13.773870
5 198 12.920698
5 199 13.451745
5 200 11.020760
6 0 13.347349
6 1 13.754676
6 2 12.528183
6 3 14.557358
6 4 11.751183
6 5 14.166848
6 7 12.740928
6 8 12.727713
6 9 11.840643
6 10 12.868876
6 11 11.879042
6 12 12.576531
6 13 11.938991
6 14 12.868018
6 15 13.204898
6 16 14.187301
6 17 12.666376
6 18 12.681368
6 19 12.568813
6 20 14.107732
6 21 12.404716
6 22 11.473157
6 23 14.512354
6 24 11.278779
6 25 12.457060
6 26 10.957798
6 27 11.321237
6 28 11.031197
6 29 14.138636
6 30 14.650878
6 31 11.293371
6 32 12.896643
6 33 12.225478
6 34 14.606689
6 35 13.694918
6 36 13.608704
6 37 13.134189
6 38 12.514103
6 39 11.466057
6 40 11.925491
6 41 12.894583
6 42 11.813358
6 43 11.532391
6 44 13.046103
6 45 13.610415
6 46 14.482209
6 47 12.817945
6 48 13.422489
6 49 13.858512
6 50 11.686435
6 51 14.517471
6 52 13.332724
6 53 14.081401
6 54 12.266364
6 55 11.972842
6 56 12.467675
6 57 11.963161
6 58 12.642414
6 59 11.687361
6 60 14.139146
6 61 14.523079
6 62 11.045948
6 63 12.819111
6 64 12.727121
6 65 12.896286
6 66 11.008046
6 67 12.077942
6 68 13.685292
6 69 11.934362
6 70 11.607624
6 71 13.813019
6 72 12.624125
6 73 11.127725
6 74 12.950598
6 75 11.523835
6 76 12.045126
6 77 12.235842
6 78 12.189815
6 79 12.042477
6 80 13.501114
6 81 13.684007
6 82 14.798780
6 83 11.029300
6 84 14.183175
6 85 12.799015
6 86 14.492463
6 87 12.647505
6 88 14.239441
6 89 12.573116
6 90 13.635696
6 91 14.280949
6 92 13.920199
6 93 14.454022
6 94 11.806756
6 95 13.356061
6 96 13.155988
6 97 13.042807
6 98 12.243003
6 99 12.097663
6 100 12.204715
6 101 12.704615
6 102 14.557111
6 103 13.749149
6 104 14.225031
6 105 11.332602
6 106 13.344717
6 107 13.728352
6 108 12.914007
6 109 11.538247
6 110 12.888668
6 111 13.907828
6 112 14.231737
6 113 13.324681
6 114 14.772528
6 115 12.333472
6 116 12.642277
6 117 11.864872
6 118 14.441788
6 119 12.495610
6 120 13.062578
6 121 11.799219
6 122 11.263111
6 123 11.653791
6 124 11.268428
6 125 14.072651
6 126 13.296535
6 127 14.483390
6 128 13.187775
6 129 14.328613
6 130 13.639536
6 131 14.092596
6 132 14.652054
6 133 14.055011
6 134 12.900795
6 135 13.755680
6 136 13.812853
6 137 13.735883
6 138 13.553566
6 139 13.893468
6 140 14.429641
6 141 12.862651
6 142 14.193613
6 143 13.414701
6 144 12.361339
6 145 14.569823
6 146 14.811364
6 147 11.556114
6 148 11.079710
6 149 11.598083
6 150 11.287273
6 151 12.650216
6 152 11.151767
6 153 12.198296
6 154 12.849432
6 155 12.519200
6 156 13.408751
6 157 12.062004
6 158 14.115024
6 159 13.138808
6 160 11.665525
6 161 12.689171
6 162 13.006387
6 163 14.132213
6 164 13.016861
6 165 14.084106
6 166 13.282696
6 167 11.707833
6 168 13.457995
6 169 11.470922
6 170 11.515216
6 171 13.622201
6 172 14.296743
6 173 13.344671
6 174 13.933863
6 175 13.837134
6 176 14.063655
6 177 14.673255
6 178 12.094591
6 179 12.423997
6 180 11.985761
6 181 12.785442
6 182 14.137542
6 183 14.360777
6 184 14.454510
6 185 13.121644
6 186 11.675070
6 187 13.492553
6 188 13.295268
6 189 13.569778
6 190 12.267056
6 191 12.512773
6 192 12.791065
6 193 14.117636
6 194 14.658859
6 195 12.114677
6 196 12.899270
6 197 12.029543
6 198 13.283778
6 199 12.218001
6 200 13.817724
7 0 13.725810
7 1 12.897443
7 2 12.380150
7 3 14.046864
7 4 14.491006
7 5 13.916845
7 6 12.740928
7 8 13.959598
7 9 11.540441
7 10 13.920403
7 11 12.329329
7 12 11.006600
7 13 14.819339
7 14 12.975878
7 15 14.584101
7 16 11.590157
7 17 11.456914
7 18 10.954198
7 19 12.643985
7 20 12.531527
7 21 12.752265
7 22 14.387890
7 23 14.699931
7 24 12.753553
7 25 12.970164
7 26 12.053888
7 27 12.360863
7 28 11.779828
7 29 14.785999
7 30 12.849421
7 31 13.998863
7 32 12.160241
7 33 12.757047
7 34 13.524335
7 35 13.086707
7 36 11.331894
7 37 11.966355
7 38 11.741589
7 39 12.781515
7 40 12.001603
7 41 13.466722
7 42 13.365805
7 43 12.337484
7 44 12.362407
7 45 11.237639
7 46 14.118071
7 47 13.794483
7 48 12.010261
7 49 11.200617
7 50 12.480260
7 51 11.551955
7 52 13.013404
7 53 13.113029
7 54 12.606774
7 55 11.899327
7 56 12.789715
7 57 11.970451
7 58 12.179387
7 59 11.682865
7 60 12.692261
7 61 12.798926
7 62 12.747985
7 63 12.609009
7 64 13.231988
7 65 14.567413
7 66 13.422071
7 67 12.954989
7 68 12.820726
7 69 12.410694
7 70 12.972211
7 71 12.437005
7 72 14.252593
7 73 11.740873
7 74 13.616309
7 75 12.605297
7 76 13.226295
7 77 14.327509
7 78 11.618985
7 79 13.949321
7 80 14.284814
7 81 12.339494
7 82 12.162659
7 83 14.290122
7 84 12.438795
7 85 14.774840
7 86 13.610980
7 87 12.820385
7 88 11.962382
7 89 12.007150
7 90 12.482094
7 91 13.115283
7 92 12.207018
7 93 12.082500
7 94 12.969265
7 95 11.262703
7 96 11.174312
7 97 12.307069
7 98 14.043701
7 99 12.702978
7 100 13.362459
7 101 13.327639
7 102 12.307228
7 103 11.645346
7 104 11.701440
7 105 13.132735
7 106 11.688408
7 107 14.533153
7 108 12.957256
7 109 11.869297
7 110 11.668691
7 111 14.452518
7 112 14.699177
7 113 11.115446
7 114 12.508283
7 115 12.637948
7 116 12.244437
7 117 13.058634
7 118 13.697224
7 119 13.421885
7 120 11.649982
7 121 11.339646
7 122 11.847764
7 123 11.875074
7 124 10.978711
7 125 12.372098
7 126 13.782612
7 127 12.760439
7 128 13.544929
7 129 12.064411
7 130 11.925631
7 131 13.989493
7 132 11.259254
7 133 14.768404
7 134 11.355130
7 135 14.768036
7 136 11.357349
7 137 13.791124
7 138 12.449275
7 139 11.007287
7 140 13.641394
7 141 12.981279
7 142 11.985176
7 143 14.151784
7 144 14.295271
7 145 12.583305
7 146 11.029878
7 147 12.877453
7 148 13.720651
7 149 14.528759
7 150 12.128617
7 151 14.078724
7 152 11.966407
7 153 12.939836
7 154 14.324489
7 155 12.520684
7 156 12.045008
7 157 13.577848
7 158 11.346089
7 159 12.113299
7 160 14.132317
7 161 13.496960
7 162 12.471816
7 163 11.925712
7 164 13.080996
7 165 13.787998
7 166 11.041278
7 167 12.129350
7 168 14.544682
7 169 12.625460
7 170 13.032486
7 171 13.775658
7 172 14.697062
7 173 12.469386
7 174 11.106084
7 175 13.505288
7 176 11.406851
7 177 11.770362
7 178 11.477377
7 179 10.936123
7 180 13.021344
7 181 12.707718
7 182 11.965748
7 183 11.275493
7 184 14.657626
7 185 11.866184
7 186 11.098445
7 187 10.937972
7 188 12.544294
7 189 11.155362
7 190 10.997191
7 191 14.710626
7 192 12.477623
7 193 12.296929
7 194 12.439676
7 195 12.802136
7 196 14.745949
7 197 14.492842
7 198 13.231258
7 199 12.152515
7 200 11.078858
8 0 13.471784
8 1 12.525652
8 2 13.676919
8 3 13.801514
8 4 11.598776
8 5 13.346066
8 6 12.727713
8 7 13.959598
8 9 14.706147
8 10 14.240646
8 11 11.191121
8 12 12.516954
8 13 13.588191
8 14 13.309320
8 15 14.287943
8 16 11.028750
8 17 13.581569
8 18 14.140635
8 19 12.880138
8 20 14.092007
8 21 12.047022
8 22 13.507037
8 23 14.428355
8 24 13.404363
8 25 13.893861
8 26 14.627188
8 27 13.414701
8 28 11.310792
8 29 14.683076
8 30 12.733021
8 31 12.860186
8 32 14.395255
8 33 12.102911
8 34 14.535655
8 35 10.992975
8 36 13.717006
8 37 11.266295
8 38 14.065756
8 39 14.380152
8 40 12.843034
8 41 14.708512
8 42 13.743739
8 43 11.191103
8 44 11.337864
8 45 11.364488
8 46 11.693001
8 47 13.570460
8 48 13.167774
8 49 12.311053
8 50 11.879649
8 51 11.495299
8 52 12.987741
8 53 14.749071
8 54 13.943239
8 55 11.721120
8 56 11.877769
8 57 11.337573
8 58 11.704239
8 59 14.804309
8 60 13.169607
8 61 12.825092
8 62 12.522166
8 63 13.668185
8 64 13.547990
8 65 11.518207
8 66 14.061723
8 67 11.525944
8 68 13.980569
8 69 13.060898
8 70 13.505427
8 71 13.983464
8 72 12.722907
8 73 14.112600
8 74 12.194614
8 75 11.636341
8 76 12.380611
8 77 13.701765
8 78 10.982225
8 79 11.841748
8 80 12.987440
8 81 13.311870
8 82 11.006198
8 83 13.871594
8 84 11.781978
8 85 14.715456
8 86 11.543820
8 87 13.714017
8 88 10.969488
8 89 14.669441
8 90 12.931255
8 91 11.954438
8 92 13.744736
8 93 12.636448
8 94 13.617382
8 95 11.775199
8 96 12.325249
8 97 11.239523
8 98 11.240401
8 99 12.603244
8 100 13.921494
8 101 14.533158
8 102 12.838928
8 103 11.769955
8 104 13.943420
8 105 13.355501
8 106 12.606253
8 107 11.909240
8 108 11.016209
8 109 12.650874
8 110 14.663099
8 111 13.038639
8 112 13.752450
8 113 14.313020
8 114 11.144447
8 115 12.609083
8 116 11.164457
8 117 12.285512
8 118 13.392308
8 119 11.517153
8 120 12.986850
8 121 12.536325
8 122 13.653070
8 123 12.344109
8 124 14.339261
8 125 14.780209
8 126 13.123113
8 127 14.624303
8 128 12.213363
8 129 11.176217
8 130 13.292220
8 131 12.594144
8 132 14.612981
8 133 14.502189
8 134 12.697704
8 135 14.311328
8 136 11.910493
8 137 13.760889
8 138 13.847585
8 139 11.525512
8 140 13.127844
8 141 12.385493
8 142 13.085655
8 143 12.917370
8 144 13.071898
8 145 13.445935
8 146 12.946433
8 147 11.848592
8 148 13.496686
8 149 12.744406
8 150 14.444223
8 151 12.849860
8 152 13.564682
8 153 12.917741
8 154 14.342313
8 155 11.679606
8 156 11.571925
8 157 11.131084
8 158 11.324741
8 159 13.928116
8 160 11.873292
8 161 14.756860
8 162 13.582449
8 163 11.107275
8 164 12.342594
8 165 11.466474
8 166 13.707750
8 167 11.806996
8 168 11.139203
8 169 11.311468
8 170 14.492797
8 171 12.061771
8 172 12.445335
8 173 12.105121
8 174 11.136447
8 175 11.045439
8 176 13.764759
8 177 13.288110
8 178 11.998389
8 179 14.130494
8 180 12.904341
8 181 12.511815
8 182 10.996324
8 183 13.181907
8 184 11.433115
8 185 14.364212
8 186 13.835066
8 187 11.150097
8 188 13.884848
8 189 14.500212
8 190 13.479111
8 191 13.244544
8 192 14.444637
8 193 14.146747
8 194 13.417411
8 195 12.473308
8 196 12.866719
8 197 14.086863
8 198 11.807875
8 199 13.096298
8 200 14.273607
9 0 12.254379
9 1 11.754893
9 2 12.429507
9 3 11.094241
9 4 14.434968
9 5 12.634769
9 6 11.840643
9 7 11.540441
9 8 14.706147
9 10 11.501675
9 11 14.787504
9 12 11.103689
9 13 12.187109
9 14 11.743932
9 15 12.025767
9 16 12.342420
9 17 14.133472
9 18 11.057949
9 19 11.689021
9 20 11.527841
9 21 12.829194
9 22 12.287477
9 23 14.747672
9 24 14.440728
9 25 14.496028
9 26 12.731272
9 27 12.331555
9 28 12.400722
9 29 11.919604
9 30 13.659441
9 31 11.031829
9 32 13.527979
9 33 13.711303
9 34 12.319711
9 35 11.398287
9 36 12.708881
9 37 11.437527
9 38 11.088495
9 39 14.530801
9 40 12.322455
9 41 11.722946
9 42 11.580556
9 43 13.789600
9 44 13.006902
9 45 13.730920
9 46 13.857688
9 47 11.320553
9 48 12.793276
9 49 11.597429
9 50 11.293302
9 51 12.048864
9 52 12.931942
9 53 12.340338
9 54 11.131958
9 55 11.560712
9 56 12.735326
9 57 12.318591
9 58 13.705418
9 59 11.053499
9 60 11.644351
9 61 13.819911
9 62 14.253330
9 63 14.088551
9 64 11.079900
9 65 12.657694
9 66 10.974274
9 67 11.214181
9 68 13.753059
9 69 13.301635
9 70 12.972628
9 71 12.033269
9 72 12.936714
9 73 12.324072
9 74 12.616309
9 75 14.758564
9 76 11.315859
9 77 12.896839
9 78 12.578319
9 79 14.231557
9 80 13.189590
9 81 11.892389
9 82 11.812432
9 83 14.540933
9 84 11.219743
9 85 14.699945
9 86 13.444649
9 87 11.530843
9 88 12.941790
9 89 12.853615
9 90 13.373190
9 91 11.646050
9 92 13.289487
9 93 12.167662
9 94 12.489673
9 95 13.251176
9 96 14.087998
9 97 12.372641
9 98 13.160334
9 99 14.021800
9 100 10.991713
9 101 13.827007
9 102 14.593394
9 103 14.728872
9 104 14.788020
9 105 13.050676
9 106 14.731268
9 107 13.341560
9 108 14.159261
9 109 12.266571
9 110 13.994274
9 111 13.797084
9 112 13.633239
9 113 14.252946
9 114 12.498538
9 115 13.349572
9 116 12.800139
9 117 13.620686
9 118 11.124444
9 119 13.481007
9 120 11.262845
9 121 11.600165
9 122 14.264788
9 123 11.181573
9 124 11.328348
9 125 10.959324
9 126 14.470997
9 127 13.170711
9 128 10.962147
9 129 13.074454
9 130 13.244829
9 131 11.926460
9 132 14.099245
9 133 11.095137
9 134 12.711042
9 135 13.099564
9 136 13.200500
9 137 13.570444
9 138 13.254094
9 139 13.114041
9 140 12.349439
9 141 11.447476
9 142 14.195345
9 143 14.095314
9 144 11.283502
9 145 11.950104
9 146 11.250880
9 147 11.404682
9 148 11.810427
9 149 11.885843
9 150 13.962119
9 151 12.500899
9 152 13.671898
9 153 12.099042
9 154 14.226253
9 155 11.970444
9 156 14.429399
9 157 11.996262
9 158 12.231094
9 159 13.739672
9 160 13.884541
9 161 13.622957
9 162 13.805865
9 163 11.176411
9 164 11.337796
9 165 14.157723
9 166 11.669879
9 167 12.688928
9 168 13.270312
9 169 12.358378
9 170 14.402001
9 171 12.919701
9 172 12.601153
9 173 12.361470
9 174 14.356668
9 175 11.789156
9 176 12.141176
9 177 12.922337
9 178 14.498418
9 179 13.403851
9 180 11.902591
9 181 12.589692
9 182 13.752356
9 183 13.287515
9 184 13.685512
9 185 11.834591
9 186 13.769136
9 187 11.685593
9 188 13.606217
9 189 14.150459
9 190 14.326958
9 191 12.416190
9 192 11.342658
9 193 11.406243
9 194 13.164805
9 195 13.264282
9 196 12.957011
9 197 13.804715
9 198 13.556582
9 199 11.339488
9 200 13.659354
10 0 11.121267
10 1 14.049350
10 2 13.825232
10 3 14.508600
10 4 14.089214
10 5 11.652256
10 6 12.868876
10 7 13.920403
10 8 14.240646
10 9 11.501675
10 11 13.714370
10 12 11.296442
10 13 12.399617
10 14 14.018706
10 15 13.815811
10 16 12.539356
10 17 12.042184
10 18 14.694540
10 19 12.030533
10 20 14.707308
10 21 13.503395
10 22 13.223098
10 23 14.520596
10 24 14.266733
10 25 12.131101
10 26 12.153658
10 27 14.763536
10 28 14.360513
10 29 11.424219
10 30 11.334893
10 31 13.183286
10 32 13.974769
10 33 12.304253
10 34 13.197926
10 35 11.329981
10 36 12.915794
10 37 13.511047
10 38 12.388967
10 39 14.280547
10 40 13.789960
10 41 13.526350
10 42 13.014938
10 43 12.390201
10 44 11.737355
10 45 12.181409
10 46 14.810378
10 47 12.908704
10 48 12.266464
10 49 13.568113
10 50 11.672264
10 51 12.674625
10 52 12.728084
10 53 14.137069
10 54 13.909833
10 55 13.740509
10 56 11.318549
10 57 12.335822
10 58 13.301727
10 59 14.186092
10 60 12.781131
10 61 13.910713
10 62 12.610288
10 63 11.191717
10 64 11.690345
10 65 11.243896
10 66 11.100352
10 67 11.814274
10 68 14.492664
10 69 12.265107
10 70 12.992982
10 71 11.857991
10 72 13.799009
10 73 13.680828
10 74 11.693223
10 75 11.770755
10 76 12.214446
10 77 12.110435
10 78 11.686059
10 79 14.343034
10 80 13.762140
10 81 13.689427
10 82 11.794640
10 83 11.763820
10 84 12.807017
10 85 12.765175
10 86 12.103707
10 87 11.642459
10 88 13.457681
10 89 11.674925
10 90 11.282152
10 91 13.081169
10 92 14.566372
10 93 12.865767
10 94 12.699867
10 95 11.087779
10 96 14.349106
10 97 11.322760
10 98 14.451003
10 99 13.744159
10 100 11.092083
10 101 11.986281
10 102 14.020992
10 103 12.429672
10 104 14.174170
10 105 12.088735
10 106 12.886536
10 107 12.279862
10 108 12.056124
10 109 13.621950
10 110 12.194778
10 111 12.066628
10 112 11.856959
10 113 14.373645
10 114 13.792765
10 115 14.763082
10 116 11.078867
10 117 11.083921
10 118 13.425287
10 119 13.966938
10 120 12.251045
10 121 11.612024
10 122 12.388748
10 123 12.083233
10 124 12.924306
10 125 13.244640
10 126 12.019638
10 127 13.883748
10 128 12.753421
10 129 12.977817
10 130 12.271646
10 131 14.539711
10 132 13.455999
10 133 12.460731
10 134 12.771110
10 135 13.769635
10 136 12.206767
10 137 14.093446
10 138 12.442001
10 139 11.497231
10 140 13.125861
10 141 11.903853
10 142 12.098354
10 143 13.177991
10 144 12.285324
10 145 12.782039
10 146 12.248510
10 147 14.707939
10 148 13.841051
10 149 12.150796
10 150 11.639787
10 151 11.787182
10 152 13.937321
10 153 11.264885
10 154 12.943853
10 155 12.514315
10 156 11.569620
10 157 12.680598
10 158 14.283547
10 159 13.217474
10 160 11.406113
10 161 12.846513
10 162 13.925549
10 163 12.261664
10 164 14.428074
10 165 12.324361
10 166 14.360681
10 167 12.522906
10 168 11.881641
10 169 12.449749
10 170 11.976051
10 171 12.282194
10 172 14.700062
10 173 12.814615
10 174 11.240385
10 175 14.671799
10 176 12.036835
10 177 14.299160
10 178 14.043006
10 179 14.636503
10 180 13.574020
10 181 14.362922
10 182 12.005185
10 183 12.632844
10 184 12.670411
10 185 12.135698
10 186 12.823273
10 187 14.127620
10 188 11.004970
10 189 12.126945
10 190 13.142546
10 191 13.986094
10 192 12.028483
10 193 12.108990
10 194 12.237809
10 195 11.394753
10 196 14.376671
10 197 12.609487
10 198 13.636601
10 199 13.961456
10 200 11.346797
11 0 12.496625
11 1 12.999386
11 2 11.933897
11 3 13.812175
11 4 11.397384
11 5 14.086337
11 6 11.879042
11 7 12.329329
11 8 11.191121
11 9 14.787504
11 10 13.714370
11 12 13.744601
11 13 14.317234
11 14 14.041279
11 15 11.558799
11 16 12.283335
11 17 14.090146
11 18 14.331000
11 19 11.810364
11 20 11.657488
11 21 11.613064
11 22 10.963804
11 23 13.690791
11 24 12.501257
11 25 13.464975
11 26 11.411811
11 27 14.002240
11 28 14.446350
11 29 13.346728
11 30 13.278725
11 31 11.084011
11 32 12.563953
11 33 13.125463
11 34 12.953902
11 35 12.037805
11 36 13.010454
11 37 12.540322
11 38 12.497050
11 39 11.952557
11 40 14.326709
11 41 12.615340
11 42 13.032944
11 43 14.667159
11 44 11.775413
11 45 13.720678
11 46 11.870333
11 47 11.631191
11 48 14.395142
11 49 12.370029
11 50 14.551281
11 51 12.568104
11 52 12.966041
11 53 13.978957
11 54 12.178061
11 55 14.748700
11 56 11.241693
11 57 13.609540
11 58 12.001027
11 59 10.972124
11 60 11.731429
11 61 11.002264
11 62 11.940825
11 63 11.419711
11 64 13.108534
11 65 12.701128
11 66 11.612565
11 67 13.115587
11 68 13.612812
11 69 13.075762
11 70 11.276438
11 71 12.440323
11 72 12.339814
11 73 11.303641
11 74 13.343305
11 75 12.174662
11 76 11.356638
11 77 12.416308
11 78 13.828133
11 79 13.348675
11 80 11.478503
11 81 11.490192
11 82 13.310222
11 83 11.874442
11 84 13.516436
11 85 11.842363
11 86 14.251111
11 87 13.414383
11 88 14.724175
11 89 14.364491
11 90 14.130947
11 91 13.081131
11 92 11.846199
11 93 11.061989
11 94 14.759024
11 95 13.516859
11 96 12.007865
11 97 11.278867
11 98 13.494849
11 99 13.347468
11 100 14.602271
11 101 12.872956
11 102 12.947786
11 103 13.807342
11 104 12.065011
11 105 12.144601
11 106 13.082625
11 107 13.151732
11 108 14.428743
11 109 10.965184
11 110 14.023649
11 111 14.303096
11 112 12.205075
11 113 13.807566
11 114 11.457639
11 115 11.495338
11 116 14.321726
11 117 13.780157
11 118 12.494956
11 119 14.096621
11 120 12.202039
11 121 12.706348
11 122 12.024486
11 123 14.509767
11 124 11.369136
11 125 11.648796
11 126 12.943509
11 127 13.963265
11 128 13.978304
11 129 11.497422
11 130 13.758166
11 131 11.177879
11 132 12.912751
11 133 13.287206
11 134 12.571554
11 135 14.106597
11 136 12.870073
11 137 12.096007
11 138 14.771460
11 139 13.647586
11 140 14.193623
11 141 13.139485
11 142 11.313666
11 143 13.752667
11 144 11.118421
11 145 12.305823
11 146 14.419213
11 147 12.630608
11 148 11.162742
11 149 14.629154
11 150 11.965058
11 151 11.362472
11 152 12.873641
11 153 11.218033
11 154 12.982509
11 155 14.032743
11 156 13.472470
11 157 14.181596
11 158 11.713839
11 159 11.300808
11 160 12.207864
11 161 11.839458
11 162 12.440047
11 163 12.412826
11 164 13.272383
11 165 13.872970
11 166 12.789517
11 167 14.458465
11 168 13.378191
11 169 10.988990
11 170 14.000064
11 171 14.111543
11 172 11.648456
11 173 14.782627
11 174 12.124513
11 175 12.673645
11 176 14.061942
11 177 12.813359
11 178 13.469753
11 179 11.214350
11 180 12.868363
11 181 13.797520
11 182 12.040715
11 183 14.475032
11 184 13.460964
11 185 13.292708
11 186 12.554128
11 187 14.245327
11 188 12.760525
11 189 11.245077
11 190 14.460532
11 191 14.330343
11 192 10.991211
11 193 11.020864
11 194 14.476986
11 195 13.452510
11 196 12.830505
11 197 11.169848
11 198 13.994895
11 199 11.060117
11 200 13.271992
12 0 12.743192
12 1 13.626949
12 2 11.729684
12 3 13.020257
12 4 12.097286
12 5 14.381984
12 6 12.576531
12 7 11.006600
12 8 12.516954
12 9 11.103689
12 10 11.296442
12 11 13.744601
12 13 13.512633
12 14 14.519491
12 15 12.751760
12 16 13.294461
12 17 12.905520
12 18 12.282958
12 19 11.728772
12 20 12.965576
12 21 12.360717
12 22 14.460136
12 23 13.989692
12 24 14.660492
12 25 12.828665
12 26 11.173347
12 27 14.282729
12 28 14.018243
12 29 12.740445
12 30 14.790316
12 31 12.171697
12 32 11.397043
12 33 11.856048
12 34 11.954321
12 35 13.949930
12 36 11.088462
12 37 14.637133
12 38 11.248593
12 39 11.313992
12 40 13.895361
12 41 12.959655
12 42 11.049740
12 43 14.260198
12 44 13.174984
12 45 10.938108
12 46 11.211118
12 47 11.051753
12 48 13.049113
12 49 14.547812
12 50 12.279073
12 51 14.524351
12 52 13.979863
12 53 13.649973
12 54 13.965852
12 55 14.368568
12 56 14.058911
12 57 13.198402
12 58 11.194321
12 59 14.423333
12 60 12.023326
12 61 13.043413
12 62 13.204005
12 63 14.178048
12 64 13.943011
12 65 13.182679
12 66 11.388821
12 67 12.659231
12 68 14.485127
12 69 12.628797
12 70 11.833678
12 71 12.954926
12 72 12.393952
12 73 13.265444
12 74 11.357894
12 75 14.132048
12 76 14.693496
12 77 11.634759
12 78 12.477744
12 79 12.195518
12 80 14.532327
12 81 14.761799
12 82 12.990527
12 83 13.562116
12 84 13.696986
12 85 13.137634
12 86 12.827636
12 87 11.569848
12 88 14.329653
12 89 11.433923
12 90 14.000156
12 91 11.624428
12 92 12.283463
12 93 12.856606
12 94 12.396498
12 95 12.479715
12 96 14.148480
12 97 13.796484
12 98 14.011393
12 99 13.534789
12 100 14.478934
12 101 11.567815
12 102 13.628179
12 103 14.631291
12 104 12.939779
12 105 12.953425
12 106 11.315124
12 107 14.398167
12 108 13.272300
12 109 14.385923
12 110 11.601611
12 111 11.870248
12 112 12.384585
12 113 13.093899
12 114 11.975722
12 115 13.549947
12 116 11.417903
12 117 13.582095
12 118 13.122520
12 119 12.827498
12 120 12.098561
12 121 14.225209
12 122 13.668892
12 123 11.798086
12 124 12.482188
12 125 13.698224
12 126 11.638412
12 127 13.701026
12 128 11.899874
12 129 12.482013
12 130 13.761538
12 131 13.892753
12 132 14.096416
12 133 13.981816
12 134 13.292787
12 135 13.566814
12 136 13.075343
12 137 14.618368
12 138 11.337303
12 139 11.272940
12 140 11.977881
12 141 11.134686
12 142 12.086638
12 143 12.825387
12 144 14.042570
12 145 14.403944
12 146 13.382656
12 147 11.244600
12 148 14.325101
12 149 13.664697
12 150 12.215976
12 151 13.123182
12 152 12.860899
12 153 13.221087
12 154 12.543515
12 155 12.023536
12 156 13.413666
12 157 11.677827
12 158 11.755549
12 159 13.053012
12 160 12.879490
12 161 11.877311
12 162 12.094688
12 163 11.607205
12 164 12.465289
12 165 12.403183
12 166 14.313328
12 167 12.395971
12 168 14.563029
12 169 12.295462
12 170 11.467700
12 171 14.053864
12 172 11.588094
12 173 14.296138
12 174 13.498272
12 175 14.073631
12 176 11.124860
12 177 13.672733
12 178 11.311470
12 179 14.313416
12 180 11.360317
12 181 13.107837
12 182 14.234337
12 183 11.460523
12 184 12.465164
12 185 13.899321
12 186 14.794584
12 187 12.381473
12 188 11.626651
12 189 11.794550
12 190 13.614749
12 191 12.322393
12 192 12.562204
12 193 13.189718
12 194 13.856621
12 195 11.296229
12 196 13.861806
12 197 14.752740
12 198 11.996087
12 199 13.987383
12 200 12.733169
13 0 11.811135
13 1 11.987700
13 2 11.556645
13 3 14.320975
13 4 13.633502
13 5 13.420009
13 6 11.938991
13 7 14.819339
13 8 13.588191
13 9 12.187109
13 10 12.399617
13 11 14.317234
13 12 13.512633
13 14 11.723904
13 15 12.803457
13 16 11.285772
13 17 12.954548
13 18 11.494936
13 19 12.631701
13 20 14.800797
13 21 13.890179
13 22 11.664275
13 23 11.422021
13 24 12.942901
13 25 12.948681
13 26 11.109819
13 27 13.431121
13 28 13.175913
13 29 12.617293
13 30 11.278311
13 31 13.923501
13 32 11.819427
13 33 12.278695
13 34 11.494135
13 35 10.995825
13 36 11.439812
13 37 11.975866
13 38 13.888056
13 39 11.068368
13 40 13.990824
13 41 14.605398
13 42 12.494415
13 43 13.270352
13 44 11.114504
13 45 13.634796
13 46 13.019798
13 47 14.718494
13 48 14.159748
13 49 12.896938
13 50 14.530898
13 51 11.567819
13 52 13.681060
13 53 11.782631
13 54 13.975570
13 55 13.871197
13 56 13.404407
13 57 14.053544
13 58 13.892624
13 59 13.013129
13 60 13.588595
13 61 11.998647
13 62 14.700118
13 63 12.965903
13 64 12.462556
13 65 12.886339
13 66 11.606297
13 67 13.321808
13 68 13.961220
13 69 13.379061
13 70 11.885030
13 71 10.966210
13 72 14.797374
13 73 12.139274
13 74 11.594491
13 75 11.346853
13 76 12.285640
13 77 14.573496
13 78 14.477844
13 79 13.402611
13 80 14.251233
13 81 12.534689
13 82 13.012805
13 83 11.874625
13 84 12.495706
13 85 12.414303
13 86 13.486461
13 87 13.012535
13 88 14.495346
13 89 12.822611
13 90 13.447508
13 91 14.125604
13 92 14.444905
13 93 11.281602
13 94 10.920188
13 95 12.582675
13 96 12.134802
13 97 12.272117
13 98 14.113889
13 99 14.529759
13 100 13.326781
13 101 12.157618
13 102 13.450793
13 103 12.067384
13 104 13.244586
13 105 12.901784
13 106 14.037882
13 107 12.069449
13 108 11.929438
13 109 13.134397
13 110 13.122932
13 111 13.817437
13 112 12.451968
13 113 11.428474
13 114 11.785441
13 115 11.035388
13 116 12.221924
13 117 12.467272
13 118 12.052941
13 119 14.764325
13 120 11.795372
13 121 13.959753
13 122 13.579513
13 123 14.116218
13 124 13.755300
13 125 14.294471
13 126 11.080231
13 127 14.733366
13 128 11.625873
13 129 12.692715
13 130 13.215435
13 131 12.412868
13 132 12.777084
13 133 12.717282
13 134 14.631257
13 135 10.938039
13 136 11.151879
13 137 14.702457
13 138 12.249955
13 139 14.271148
13 140 12.214489
13 141 13.105206
13 142 10.923676
13 143 11.021415
13 144 12.898857
13 145 11.526910
13 146 13.960007
13 147 13.969444
13 148 11.587787
13 149 14.167098
13 150 14.777653
13 151 13.098259
13 152 11.105249
13 153 12.603683
13 154 12.602543
13 155 12.392667
13 156 12.553073
13 157 12.543275
13 158 13.476044
13 159 11.083241
13 160 12.964257
13 161 12.579922
13 162 13.048204
13 163 14.160954
13 164 12.124712
13 165 11.947711
13 166 13.329779
13 167 13.197665
13 168 12.100058
13 169 13.781760
13 170 12.055692
13 171 11.214683
13 172 13.629075
13 173 13.639253
13 174 13.077354
13 175 12.997078
13 176 12.917615
13 177 12.291864
13 178 14.638231
13 179 12.634526
13 180 11.597202
13 181 12.583131
13 182 12.599459
13 183 12.474604
13 184 13.413552
13 185 14.211058
13 186 14.634072
13 187 11.505952
13 188 14.805113
13 189 14.317234
13 190 12.089069
13 191 14.102625
13 192 12.662531
13 193 13.818542
13 194 11.734848
13 195 11.577358
13 196 14.363247
13 197 11.393689
13 198 11.951106
13 199 11.248510
13 200 11.575979
14 0 14.643060
14 1 14.094633
14 2 13.139073
14 3 12.127746
14 4 11.576193
14 5 13.821202
14 6 12.868018
14 7 12.975878
14 8 13.309320
14 9 11.743932
14 10 14.018706
14 11 14.041279
14 12 14.519491
14 13 11.723904
14 15 11.699031
14 16 13.562737
14 17 14.397598
14 18 14.334281
14 19 12.928270
14 20 11.328398
14 21 12.953345
14 22 12.210945
14 23 13.377198
14 24 13.420532
14 25 14.452879
14 26 14.257361
14 27 10.996770
14 28 11.358400
14 29 13.944392
14 30 14.152949
14 31 11.892001
14 32 11.457377
14 33 13.125739
14 34 14.380307
14 35 12.020012
14 36 13.926033
14 37 12.004232
14 38 11.901581
14 39 12.971442
14 40 13.782827
14 41 12.561491
14 42 14.660441
14 43 14.730801
14 44 12.144813
14 45 14.692823
14 46 12.821679
14 47 12.924639
14 48 11.160048
14 49 11.871324
14 50 13.021264
14 51 12.995464
14 52 11.723317
14 53 12.926997
14 54 11.273285
14 55 14.023224
14 56 12.022230
14 57 11.168016
14 58 11.169790
14 59 11.374439
14 60 14.708072
14 61 13.499694
14 62 11.218287
14 63 12.571086
14 64 14.215328
14 65 13.116444
14 66 14.660567
14 67 14.278819
14 68 12.992267
14 69 11.440197
14 70 12.162314
14 71 12.285997
14 72 12.226955
14 73 11.172998
14 74 10.970158
14 75 11.603247
14 76 11.315127
14 77 13.111429
14 78 13.891206
14 79 11.951571
14 80 13.328931
14 81 11.924917
14 82 11.558805
14 83 13.741338
14 84 11.458737
14 85 11.410080
14 86 11.094524
14 87 14.381402
14 88 12.163446
14 89 11.695235
14 90 13.796364
14 91 14.504112
14 92 11.052141
14 93 14.673290
14 94 12.331961
14 95 12.839150
14 96 12.901600
14 97 11.995032
14 98 14.766528
14 99 12.866949
14 100 12.836773
14 101 14.364745
14 102 13.323129
14 103 11.373187
14 104 11.363221
14 105 11.502072
14 106 11.899206
14 107 12.424747
14 108 14.050559
14 109 10.948472
14 110 13.500480
14 111 12.505996
14 112 12.295737
14 113 11.470431
14 114 14.694903
14 115 10.934975
14 116 12.924495
14 117 12.557376
14 118 14.006524
14 119 12.515688
14 120 11.698743
14 121 13.506141
14 122 11.829222
14 123 11.680589
14 124 13.446357
14 125 11.821494
14 126 14.444295
14 127 11.449243
14 128 11.851587
14 129 12.405494
14 130 11.933202
14 131 13.800358
14 132 12.689972
14 133 11.299893
14 134 12.074501
14 135 12.286691
14 136 11.821419
14 137 12.355148
14 138 13.350456
14 139 12.722820
14 140 11.867052
14 141 11.397819
14 142 13.666055
14 143 13.931622
14 144 11.626404
14 145 11.636603
14 146 14.576458
14 147 11.612228
14 148 13.601220
14 149 11.953960
14 150 11.027443
14 151 13.970320
14 152 11.175646
14 153 14.344403
14 154 13.686372
14 155 13.500586
14 156 14.683798
14 157 13.708171
14 158 11.801850
14 159 14.624525
14 160 11.105361
14 161 11.126828
14 162 13.709514
14 163 14.286739
14 164 11.148066
14 165 11.708068
14 166 12.498022
14 167 14.809490
14 168 14.552661
14 169 13.895195
14 170 14.395972
14 171 11.768266
14 172 12.879312
14 173 13.614452
14 174 12.605723
14 175 11.413588
14 176 13.801592
14 177 13.235549
14 178 14.028118
14 179 11.302892
14 180 11.245240
14 181 11.099667
14 182 14.802031
14 183 13.589557
14 184 13.152159
14 185 14.680751
14 186 13.945372
14 187 11.523604
14 188 11.389327
14 189 13.663109
14 190 13.288072
14 191 11.443073
14 192 13.909584
14 193 13.191040
14 194 12.798412
14 195 12.993118
14 196 12.754253
14 197 14.276613
14 198 14.650086
14 199 13.254249
14 200 12.991548
15 0 13.095985
15 1 14.680286
15 2 11.833794
15 3 11.750907
15 4 11.907793
15 5 13.876975
15 6 13.204898
15 7 14.584101
15 8 14.287943
15 9 12.025767
15 10 13.815811
15 11 11.558799
15 12 12.751760
15 13 12.803457
15 14 11.699031
15 16 11.984039
15 17 14.014126
15 18 13.568807
15 19 11.273692
15 20 13.274418
15 21 13.467422
15 22 12.005359
15 23 10.938818
15 24 12.584465
15 25 14.382507
15 26 11.002796
15 27 13.999832
15 28 12.480893
15 29 14.400849
15 30 11.626079
15 31 12.206334
15 32 12.048843
15 33 11.908705
15 34 13.321620
15 35 13.448198
15 36 13.765014
15 37 12.248584
15 38 11.790814
15 39 12.135817
15 40 12.048055
15 41 12.387995
15 42 11.576942
15 43 13.044864
15 44 11.296669
15 45 12.703917
15 46 14.403496
15 47 12.320922
15 48 12.558954
15 49 11.419123
15 50 12.039186
15 51 14.143292
15 52 14.011222
15 53 14.175186
15 54 11.550814
15 55 14.606938
15 56 14.670695
15 57 12.504087
15 58 12.258300
15 59 13.972127
15 60 13.975813
15 61 13.938404
15 62 11.312736
15 63 14.034509
15 64 11.673282
15 65 14.198312
15 66 11.301953
15 67 11.844321
15 68 13.341981
15 69 13.445846
15 70 11.623163
15 71 14.115117
15 72 12.766222
15 73 13.987195
15 74 14.804247
15 75 14.386759
15 76 11.945230
15 77 13.605227
15 78 13.645392
15 79 11.610089
15 80 12.963114
15 81 13.998955
15 82 11.362207
15 83 13.661232
15 84 14.723052
15 85 13.289443
15 86 14.518896
15 87 14.228351
15 88 13.105606
15 89 11.665516
15 90 12.919972
15 91 12.789885
15 92 12.538669
15 93 12.228453
15 94 12.265606
15 95 13.464383
15 96 14.502083
15 97 11.034622
15 98 14.536992
15 99 11.438268
15 100 11.509270
15 101 11.255163
15 102 11.986630
15 103 13.129909
15 104 12.913233
15 105 14.688093
15 106 12.467257
15 107 11.476110
15 108 12.472149
15 109 12.755383
15 110 14.179702
15 111 11.506887
15 112 13.929337
15 113 12.486964
15 114 14.778808
15 115 12.775389
15 116 11.808274
15 117 13.163553
15 118 13.661126
15 119 12.534610
15 120 14.637018
15 121 12.554174
15 122 12.848882
15 123 11.749507
15 124 11.292459
15 125 13.042667
15 126 13.240029
15 127 13.178915
15 128 14.613025
15 129 12.779110
15 130 14.085706
15 131 14.440055
15 132 13.881507
15 133 11.493616
15 134 11.606597
15 135 11.168391
15 136 12.696588
15 137 11.974460
15 138 12.171062
15 139 14.530981
15 140 10.969838
15 141 10.998833
15 142 12.605601
15 143 13.777849
15 144 12.995110
15 145 12.028441
15 146 11.066694
15 147 11.485286
15 148 11.280963
15 149 13.152873
15 150 11.138924
15 151 13.315088
15 152 11.608972
15 153 11.363696
15 154 13.955595
15 155 11.852411
15 156 12.650173
15 157 11.978156
15 158 11.891024
15 159 13.229158
15 160 11.428227
15 161 11.224851
15 162 11.027250
15 163 14.768912
15 164 11.127166
15 165 12.679004
15 166 11.927594
15 167 12.284902
15 168 11.336714
15 169 13.734604
15 170 12.669530
15 171 14.377085
15 172 12.934093
15 173 12.179033
15 174 12.486536
15 175 14.016020
15 176 11.719855
15 177 11.849536
15 178 12.310217
15 179 13.032984
15 180 14.234935
15 181 13.745934
15 182 14.029174
15 183 12.425100
15 184 13.525496
15 185 14.391962
15 186 11.958510
15 187 14.068772
15 188 14.378054
15 189 13.498728
15 190 14.393048
15 191 14.496176
15 192 12.562194
15 193 14.009848
15 194 13.559565
15 195 11.722925
15 196 13.373862
15 197 14.510138
15 198 13.020083
15 199 13.583715
15 200 11.975644
16 0 11.262740
16 1 11.527113
16 2 11.745156
16 3 11.467470
16 4 13.221599
16 5 12.483361
16 6 14.187301
16 7 11.590157
16 8 11.028750
16 9 12.342420
16 10 12.539356
16 11 12.283335
16 12 13.294461
16 13 11.285772
16 14 13.562737
16 15 11.984039
16 17 14.578274
16 18 11.997934
16 19 12.689187
16 20 12.837854
16 21 13.898568
16 22 11.058896
16 23 12.769106
16 24 12.704400
16 25 14.099361
16 26 11.252332
16 27 12.270959
16 28 12.361525
16 29 11.745240
16 30 11.891108
16 31 11.546752
16 32 11.328192
16 33 14.400234
16 34 13.449962
16 35 13.717651
16 36 13.270604
16 37 14.148313
16 38 11.040798
16 39 13.474446
16 40 12.094533
16 41 13.069809
16 42 13.390964
16 43 12.485218
16 44 14.558314
16 45 14.144447
16 46 11.664786
16 47 13.288426
16 48 11.386954
16 49 12.366490
16 50 13.374331
16 51 14.499420
16 52 14.297141
16 53 11.432033
16 54 11.424556
16 55 13.421512
16 56 11.690339
16 57 11.848732
16 58 13.426847
16 59 12.722785
16 60 12.627076
16 61 12.965486
16 62 13.375798
16 63 14.043606
16 64 11.217926
16 65 14.576613
16 66 13.561478
16 67 11.820472
16 68 11.765900
16 69 14.609923
16 70 12.543871
16 71 11.338130
16 72 13.910770
16 73 10.932669
16 74 13.700584
16 75 14.238735
16 76 12.424431
16 77 14.038130
16 78 13.708662
16 79 14.134961
16 80 13.479235
16 81 14.766033
16 82 10.983307
16 83 14.631593
16 84 14.740582
16 85 12.914401
16 86 11.218949
16 87 12.364240
16 88 12.908194
16 89 14.563873
16 90 10.967207
16 91 13.744957
16 92 12.039436
16 93 12.802526
16 94 13.938308
16 95 11.296902
16 96 11.733150
16 97 11.672513
16 98 13.574018
16 99 14.500230
16 100 13.730654
16 101 11.884218
16 102 14.350837
16 103 13.217276
16 104 14.723156
16 105 13.126860
16 106 11.058870
16 107 11.645819
16 108 11.399926
16 109 13.119129
16 110 14.006446
16 111 11.311511
16 112 12.177753
16 113 13.497585
16 114 13.333388
16 115 14.418117
16 116 14.225397
16 117 13.655239
16 118 11.818979
16 119 11.252664
16 120 12.325415
16 121 12.629929
16 122 13.621928
16 123 11.295924
16 124 13.047358
16 125 11.352808
16 126 13.394405
16 127 14.103106
16 128 11.931354
16 129 13.898534
16 130 14.255855
16 131 12.203909
16 132 14.481874
16 133 11.047494
16 134 14.596839
16 135 14.153445
16 136 14.275041
16 137 11.318797
16 138 11.390667
16 139 14.506195
16 140 13.840097
16 141 12.826426
16 142 13.703659
16 143 11.826346
16 144 13.745629
16 145 11.598684
16 146 12.748169
16 147 12.088814
16 148 13.905099
16 149 11.025619
16 150 12.810031
16 151 12.224391
16 152 12.804254
16 153 11.620347
16 154 13.778835
16 155 12.013112
16 156 14.622897
16 157 12.787660
16 158 11.278060
16 159 11.713538
16 160 13.378299
16 161 13.698696
16 162 11.478901
16 163 13.063899
16 164 13.438544
16 165 10.963944
16 166 13.412633
16 167 11.987459
16 168 11.899196
16 169 11.328347
16 170 14.797488
16 171 13.056385
16 172 14.380101
16 173 11.506298
16 174 13.790819
16 175 12.668606
16 176 12.612307
16 177 12.035904
16 178 12.625416
16 179 13.232643
16 180 14.157749
16 181 14.658676
16 182 13.216638
16 183 13.182313
16 184 14.131462
16 185 12.385112
16 186 11.797547
16 187 12.155779
16 188 13.447525
16 189 13.517487
16 190 14.801998
16 191 12.878625
16 192 12.941389
16 193 11.555779
16 194 11.800799
16 195 13.988622
16 196 12.496077
16 197 12.558138
16 198 12.337759
16 199 12.973001
16 200 12.146706
17 0 11.052433
17 1 13.686475
17 2 11.691658
17 3 12.121889
17 4 14.008064
17 5 12.990374
17 6 12.666376
17 7 11.456914
17 8 13.581569
17 9 14.133472
17 10 12.042184
17 11 14.090146
17 12 12.905520
17 13 12.954548
17 14 14.397598
17 15 14.014126
17 16 14.578274
17 18 13.390911
17 19 11.203748
17 20 12.420249
17 21 14.158047
17 22 12.527292
17 23 12.709491
17 24 11.538523
17 25 14.554246
17 26 11.854606
17 27 14.641822
17 28 14.351551
17 29 14.206475
17 30 13.249943
17 31 13.430048
17 32 11.036131
17 33 14.640442
17 34 13.583033
17 35 13.184194
17 36 11.470876
17 37 13.903841
17 38 13.447795
17 39 13.156849
17 40 12.006550
17 41 14.360266
17 42 12.788575
17 43 12.663745
17 44 11.694137
17 45 14.684831
17 46 12.092073
17 47 14.384762
17 48 12.441091
17 49 11.806361
17 50 14.462409
17 51 12.088585
17 52 13.558013
17 53 12.382713
17 54 14.186617
17 55 14.519955
17 56 13.475407
17 57 13.554741
17 58 11.460301
17 59 14.286088
17 60 14.601292
17 61 13.375564
17 62 14.163488
17 63 14.311658
17 64 14.353682
17 65 14.107113
17 66 12.562279
17 67 12.238466
17 68 14.379804
17 69 13.526280
17 70 13.535327
17 71 12.465263
17 72 13.176585
17 73 11.848168
17 74 12.126956
17 75 12.235102
17 76 13.310591
17 77 14.193775
17 78 11.862168
17 79 14.453998
17 80 11.620570
17 81 13.163224
17 82 14.276436
17 83 12.134400
17 84 11.319872
17 85 11.191808
17 86 14.413073
17 87 13.437633
17 88 11.589234
17 89 13.387276
17 90 11.916789
17 91 10.937723
17 92 11.046251
17 93 13.265426
17 94 12.833709
17 95 14.038028
17 96 14.654944
17 97 14.479893
17 98 12.316255
17 99 13.506429
17 100 11.032179
17 101 13.388034
17 102 13.686794
17 103 11.722125
17 104 11.455671
17 105 11.405608
17 106 14.172113
17 107 10.948260
17 108 11.976988
17 109 13.941115
17 110 13.225512
17 111 12.051418
17 112 13.309910
17 113 10.945637
17 114 11.379853
17 115 14.696226
17 116 11.427360
17 117 14.582663
17 118 14.354008
17 119 14.372989
17 120 13.527770
17 121 12.994389
17 122 14.393567
17 123 12.196994
17 124 14.132343
17 125 12.190343
17 126 11.246511
17 127 11.641084
17 128 13.082064
17 129 12.271603
17 130 14.315415
17 131 14.320485
17 132 11.709787
17 133 11.019809
17 134 12.466950
17 135 14.408319
17 136 12.468883
17 137 14.417383
17 138 14.264110
17 139 13.286152
17 140 12.019716
17 141 11.820656
17 142 11.100347
17 143 14.173939
17 144 14.199244
17 145 14.308459
17 146 12.013250
17 147 14.623993
17 148 14.477894
17 149 13.922260
17 150 11.382009
17 151 13.227783
17 152 14.651883
17 153 14.038555
17 154 14.719993
17 155 12.546791
17 156 12.674956
17 157 13.961289
17 158 11.057055
17 159 11.517796
17 160 11.806056
17 161 11.354726
17 162 14.217873
17 163 12.671188
17 164 12.808202
17 165 13.028137
17 166 13.816126
17 167 12.137370
17 168 13.241989
17 169 13.743511
17 170 11.490374
17 171 13.852873
17 172 13.156685
17 173 13.069034
17 174 11.544559
17 175 13.747625
17 176 12.822020
17 177 12.645428
17 178 12.789583
17 179 11.936064
17 180 14.255997
17 181 12.130231
17 182 14.658186
17 183 11.046321
17 184 14.591796
17 185 13.434033
17 186 11.308520
17 187 14.654446
17 188 14.031775
17 189 11.404626
17 190 12.869803
17 191 11.855862
17 192 13.683513
17 193 12.472969
17 194 13.302543
17 195 12.413077
17 196 12.593364
17 197 13.986377
17 198 11.950315
17 199 11.602513
17 200 12.206614
18 0 13.256977
18 1 11.344976
18 2 12.397390
18 3 11.358218
18 4 13.698171
18 5 13.708865
18 6 12.681368
18 7 10.954198
18 8 14.140635
18 9 11.057949
18 10 14.694540
18 11 14.331000
18 12 12.282958
18 13 11.494936
18 14 14.334281
18 15 13.568807
18 16 11.997934
18 17 13.390911
18 19 13.851433
18 20 14.311863
18 21 13.604106
18 22 13.937607
18 23 11.501735
18 24 11.151598
18 25 13.222111
18 26 11.339831
18 27 14.528163
18 28 11.852995
18 29 13.338286
18 30 13.161608
18 31 14.518584
18 32 14.147638
18 33 14.254489
18 34 11.138645
18 35 11.192790
18 36 13.157416
18 37 11.734424
18 38 10.926652
18 39 12.334864
18 40 13.551242
18 41 14.677914
18 42 14.107048
18 43 13.410569
18 44 13.151534
18 45 14.016565
18 46 11.826728
18 47 12.267054
18 48 13.454416
18 49 11.307305
18 50 12.071877
18 51 14.575459
18 52 13.669816
18 53 14.145593
18 54 14.456808
18 55 13.722977
18 56 14.400647
18 57 14.097072
18 58 11.132081
18 59 14.384154
18 60 12.792379
18 61 11.946737
18 62 11.656939
18 63 13.982047
18 64 13.425819
18 65 11.818420
18 66 12.562530
18 67 12.127910
18 68 12.752638
18 69 12.843050
18 70 12.144246
18 71 14.424859
18 72 14.429015
18 73 12.986900
18 74 12.564965
18 75 13.883348
18 76 14.055073
18 77 14.059218
18 78 11.143891
18 79 12.634955
18 80 12.351352
18 81 13.269282
18 82 11.970301
18 83 12.410437
18 84 14.169968
18 85 11.701443
18 86 11.333924
18 87 14.065050
18 88 13.132364
18 89 14.453774
18 90 12.697553
18 91 11.084183
18 92 13.640602
18 93 12.763748
18 94 13.913501
18 95 13.849039
18 96 11.707115
18 97 12.635490
18 98 14.216940
18 99 11.289848
18 100 13.640634
18 101 13.932564
18 102 12.629169
18 103 13.347058
18 104 13.891731
18 105 14.229545
18 106 11.926327
18 107 14.558599
18 108 13.285930
18 109 14.390783
18 110 12.639717
18 111 13.729048
18 112 13.992543
18 113 11.014554
18 114 14.129024
18 115 12.827354
18 116 11.604483
18 117 14.111288
18 118 13.143342
18 119 12.781248
18 120 14.311059
18 121 14.698940
18 122 14.336133
18 123 12.002907
18 124 13.410123
18 125 13.793030
18 126 14.627566
18 127 11.559387
18 128 14.610203
18 129 13.596204
18 130 13.345214
18 131 12.682656
18 132 11.095083
18 133 14.024226
18 134 11.362729
18 135 11.421547
18 136 11.848415
18 137 14.052928
18 138 11.675082
18 139 13.559302
18 140 11.266081
18 141 13.859483
18 142 14.653647
18 143 13.992853
18 144 11.559154
18 145 13.271996
18 146 11.855481
18 147 14.797518
18 148 14.542587
18 149 12.051528
18 150 11.851792
18 151 14.536126
18 152 12.580419
18 153 13.414322
18 154 14.764718
18 155 14.241542
18 156 11.485401
18 157 11.172023
18 158 14.279745
18 159 12.518073
18 160 13.070384
18 161 11.481979
18 162 11.559157
18 163 14.181228
18 164 13.526777
18 165 11.563023
18 166 11.067620
18 167 11.169719
18 168 12.059042
18 169 11.342138
18 170 14.680614
18 171 12.643606
18 172 13.302440
18 173 13.994643
18 174 12.705307
18 175 13.761352
18 176 12.688126
18 177 11.331792
18 178 12.487381
18 179 13.316358
18 180 13.954160
18 181 14.478033
18 182 14.539272
18 183 13.027711
18 184 12.958063
18 185 13.965616
18 186 14.286504
18 187 13.456297
18 188 14.137100
18 189 12.036597
18 190 11.355644
18 191 13.148061
18 192 11.216130
18 193 11.204416
18 194 14.777707
18 195 11.223840
18 196 13.139248
18 197 13.002819
18 198 11.491321
18 199 11.269566
18 200 14.621263
19 0 13.285620
19 1 11.814099
19 2 12.329257
19 3 13.721358
19 4 14.120381
19 5 12.327103
19 6 12.568813
19 7 12.643985
19 8 12.880138
19 9 11.689021
19 10 12.030533
19 11 11.810364
19 12 11.728772
19 13 12.631701
19 14 12.928270
19 15 11.273692
19 16 12.689187
19 17 11.203748
19 18 13.851433
19 20 11.343209
19 21 12.594676
19 22 11.364366
19 23 12.072101
19 24 13.375559
19 25 13.910970
19 26 11.093808
19 27 13.797283
19 28 13.480955
19 29 12.364678
19 30 14.713290
19 31 13.615640
19 32 13.157694
19 33 12.891861
19 34 12.518599
19 35 13.580379
19 36 11.376460
19 37 12.378286
19 38 12.758624
19 39 14.574280
19 40 13.918841
19 41 11.639139
19 42 14.790786
19 43 14.778285
19 44 11.835239
19 45 13.273935
19 46 12.683665
19 47 13.930131
19 48 11.628520
19 49 13.180320
19 50 14.436451
19 51 14.586951
19 52 14.253371
19 53 11.508436
19 54 14.278235
19 55 13.720947
19 56 13.000158
19 57 11.815582
19 58 13.207804
19 59 13.403371
19 60 14.395522
19 61 13.220366
19 62 11.137799
19 63 14.386572
19 64 12.572540
19 65 11.465353
19 66 12.404946
19 67 12.665438
19 68 12.274246
19 69 14.613935
19 70 13.869064
19 71 12.780786
19 72 14.471957
19 73 14.459634
19 74 13.275869
19 75 14.378647
19 76 13.140340
19 77 11.537740
19 78 14.522189
19 79 12.514397
19 80 13.911919
19 81 12.097716
19 82 12.662489
19 83 11.014124
19 84 14.579192
19 85 13.288978
19 86 13.528780
19 87 14.814836
19 88 11.329353
19 89 11.731234
19 90 11.850359
19 91 11.051594
19 92 12.154188
19 93 14.596585
19 94 11.089314
19 95 11.755071
19 96 11.772464
19 97 14.366143
19 98 14.231344
19 99 14.504808
19 100 12.140995
19 101 14.192016
19 102 12.750332
19 103 14.707224
19 104 12.605748
19 105 12.693388
19 106 13.739401
19 107 12.126199
19 108 13.334599
19 109 14.722701
19 110 13.996779
19 111 12.033053
19 112 12.665893
19 113 13.615581
19 114 11.821039
19 115 14.401081
19 116 13.228350
19 117 12.676775
19 118 14.431489
19 119 12.490202
19 120 14.791570
19 121 11.560452
19 122 14.651988
19 123 12.820331
19 124 11.540328
19 125 12.979754
19 126 12.438556
19 127 13.317671
19 128 11.637154
19 129 11.279084
19 130 11.831354
19 131 14.273477
19 132 14.273442
19 133 13.346448
19 134 11.591421
19 135 14.036782
19 136 13.973065
19 137 13.336220
19 138 13.297155
19 139 11.806930
19 140 13.333432
19 141 12.451523
19 142 13.463511
19 143 11.251805
19 144 13.564200
19 145 12.979043
19 146 12.313276
19 147 13.845894
19 148 12.868383
19 149 13.528086
19 150 11.750040
19 151 12.726468
19 152 11.173655
19 153 11.141061
19 154 14.496316
19 155 12.663246
19 156 11.350088
19 157 11.921874
19 158 12.283040
19 159 12.401261
19 160 13.884242
19 161 11.214321
19 162 14.373929
19 163 14.517336
19 164 11.571338
19 165 12.734675
19 166 13.253158
19 167 13.170848
19 168 13.003033
19 169 13.387710
19 170 12.222577
19 171 11.593731
19 172 14.780703
19 173 12.961106
19 174 12.357028
19 175 14.286689
19 176 12.250524
19 177 11.686264
19 178 12.430106
19 179 12.708137
19 180 10.961299
19 181 11.103747
19 182 12.346034
19 183 14.343918
19 184 11.163513
19 185 14.282179
19 186 13.355696
19 187 12.827147
19 188 11.007377
19 189 12.449775
19 190 11.808260
19 191 13.465574
19 192 12.148457
19 193 11.379311
19 194 10.983209
19 195 14.512697
19 196 13.671404
19 197 13.781421
19 198 14.166265
19 199 12.425138
19 200 13.431799
20 0 11.713365
20 1 13.615214
20 2 14.447075
20 3 12.704365
20 4 13.080499
20 5 12.908615
20 6 14.107732
20 7 12.531527
20 8 14.092007
20 9 11.527841
20 10 14.707308
20 11 11.657488
20 12 12.965576
20 13 14.800797
20 14 11.328398
20 15 13.274418
20 16 12.837854
20 17 12.420249
20 18 14.311863
20 19 11.343209
20 21 11.306810
20 22 13.967328
20 23 13.947340
20 24 12.193313
20 25 12.259767
20 26 11.176251
20 27 12.567102
20 28 12.625645
20 29 14.466873
20 30 11.895484
20 31 12.272890
20 32 13.672014
20 33 14.297968
20 34 11.496260
20 35 10.943669
20 36 11.028557
20 37 11.511693
20 38 14.492411
20 39 13.982703
20 40 12.009983
20 41 12.061931
20 42 10.990295
20 43 12.894906
20 44 11.557916
20 45 12.014161
20 46 14.461412
20 47 12.181297
20 48 13.944866
20 49 11.790445
20 50 12.678727
20 51 11.427746
20 52 14.215861
20 53 13.322482
20 54 12.752473
20 55 14.665156
20 56 14.381406
20 57 11.867032
20 58 13.913868
20 59 11.724756
20 60 12.602827
20 61 12.529005
20 62 11.700768
20 63 14.041407
20 64 13.226942
20 65 11.360833
20 66 13.658156
20 67 10.967836
20 68 13.155425
20 69 13.397829
20 70 11.209963
20 71 13.576930
20 72 14.474591
20 73 11.702969
20 74 12.691291
20 75 14.396600
20 76 11.037048
20 77 14.373417
20 78 12.770885
20 79 13.762689
20 80 11.153511
20 81 12.214574
20 82 12.965438
20 83 13.594339
20 84 11.933930
20 85 13.013010
20 86 14.788161
20 87 13.894752
20 88 14.267276
20 89 13.077134
20 90 14.407225
20 91 12.041766
20 92 13.727803
20 93 11.951619
20 94 11.570686
20 95 14.553513
20 96 13.573388
20 97 11.007349
20 98 14.221225
20 99 11.303501
20 100 14.574604
20 101 13.048775
20 102 14.535837
20 103 13.626250
20 104 12.990518
20 105 14.763386
20 106 12.709533
20 107 11.896390
20 108 13.710480
20 109 14.351338
20 110 10.990904
20 111 11.964921
20 112 13.876219
20 113 12.206281
20 114 12.374223
20 115 11.582993
20 116 13.992731
20 117 11.007150
20 118 12.090373
20 119 11.218932
20 120 11.411741
20 121 13.074977
20 122 11.983724
20 123 12.873839
20 124 13.488365
20 125 12.662003
20 126 14.491211
20 127 14.118283
20 128 11.031209
20 129 14.233848
20 130 14.141461
20 131 12.659963
20 132 14.456058
20 133 11.772348
20 134 14.118688
20 135 13.575029
20 136 13.124280
20 137 14.007412
20 138 11.662711
20 139 11.157679
20 140 11.223134
20 141 12.633068
20 142 12.149269
20 143 14.661774
20 144 13.144970
20 145 13.184478
20 146 14.176462
20 147 13.207191
20 148 13.045298
20 149 12.710607
20 150 11.838057
20 151 11.685668
20 152 11.571080
20 153 12.709265
20 154 14.208130
20 155 14.606906
20 156 13.097980
20 157 11.274677
20 158 12.615854
20 159 12.196448
20 160 11.623965
20 161 12.875255
20 162 12.122587
20 163 14.154113
20 164 11.577731
20 165 11.059316
20 166 12.929859
20 167 12.497268
20 168 12.651220
20 169 13.351664
20 170 13.113983
20 171 13.700292
20 172 12.773597
20 173 11.236546
20 174 13.728805
20 175 13.086429
20 176 14.355556
20 177 11.759129
20 178 14.245677
20 179 13.346472
20 180 13.321620
20 181 13.656012
20 182 14.619432
20 183 11.527640
20 184 14.100066
20 185 11.775431
20 186 11.680139
20 187 11.122051
20 188 13.008860
20 189 13.188013
20 190 11.183192
20 191 11.489748
20 192 12.715789
20 193 14.080185
20 194 14.428343
20 195 13.488673
20 196 11.187704
20 197 10.953185
20 198 11.224989
20 199 12.405231
20 200 10.944784
21 0 11.769708
21 1 13.572505
21 2 12.026298
21 3 13.947040
21 4 12.552252
21 5 13.779892
21 6 12.404716
21 7 12.752265
21 8 12.047022
21 9 12.829194
21 10 13.503395
21 11 11.613064
21 12 12.360717
21 13 13.890179
21 14 12.953345
21 15 13.467422
21 16 13.898568
21 17 14.158047
21 18 13.604106
21 19 12.594676
21 20 11.306810
21 22 12.297186
21 23 11.531752
21 24 12.785321
21 25 13.720082
21 26 13.428775
21 27 11.982538
21 28 13.321050
21 29 11.487282
21 30 13.419444
21 31 13.344598
21 32 13.769441
21 33 12.749513
21 34 12.494780
21 35 13.207238
21 36 11.815541
21 37 14.367601
21 38 14.137791
21 39 13.756729
21 40 13.355886
21 41 11.960766
21 42 11.160301
21 43 13.482534
21 44 14.074097
21 45 10.951141
21 46 14.330882
21 47 13.178729
21 48 12.963602
21 49 14.596029
21 50 12.394083
21 51 13.654081
21 52 12.982735
21 53 12.034364
21 54 11.823586
21 55 10.952741
21 56 14.209470
21 57 12.684924
21 58 10.923554
21 59 13.934405
21 60 12.956734
21 61 12.460994
21 62 14.414939
21 63 10.920245
21 64 11.918222
21 65 11.888262
21 66 12.275873
21 67 12.287748
21 68 12.447298
21 69 13.122968
21 70 13.772517
21 71 11.820003
21 72 12.279901
21 73 11.341431
21 74 14.351385
21 75 13.508172
21 76 12.047680
21 77 11.410571
21 78 12.466006
21 79 10.927720
21 80 12.380588
21 81 12.618068
21 82 12.291775
21 83 11.193610
21 84 11.332908
21 85 13.496049
21 86 13.315930
21 87 11.538994
21 88 14.321328
21 89 11.808646
21 90 14.239883
21 91 13.644286
21 92 13.051830
21 93 13.388103
21 94 14.581749
21 95 11.844785
21 96 12.847756
21 97 12.929741
21 98 13.221462
21 99 13.713558
21 100 10.921756
21 101 14.251976
21 102 12.437029
21 103 11.277107
21 104 12.864035
21 105 11.671335
21 106 12.598153
21 107 11.112872
21 108 14.226998
21 109 14.376878
21 110 12.673315
21 111 12.872229
21 112 14.726143
21 113 13.441081
21 114 10.922769
21 115 14.154365
21 116 14.812772
21 117 11.019308
21 118 12.691143
21 119 11.220050
21 120 12.063468
21 121 12.399663
21 122 13.121513
21 123 14.167544
21 124 13.459785
21 125 11.241910
21 126 11.082403
21 127 14.348445
21 128 12.115518
21 129 11.916501
21 130 11.144623
21 131 12.776453
21 132 11.365006
21 133 14.583265
21 134 13.347732
21 135 13.443022
21 136 14.599127
21 137 13.688552
21 138 12.695901
21 139 12.058592
21 140 12.594162
21 141 13.648171
21 142 12.378886
21 143 12.280824
21 144 14.373458
21 145 11.361612
21 146 11.401521
21 147 13.815906
21 148 11.239994
21 149 13.404450
21 150 12.061893
21 151 14.064289
21 152 11.080647
21 153 11.475703
21 154 14.253611
21 155 13.971820
21 156 12.826184
21 157 13.768120
21 158 14.299339
21 159 12.030931
21 160 12.860470
21 161 14.503330
21 162 11.324597
21 163 13.812778
21 164 11.330626
21 165 12.942350
21 166 12.859087
21 167 14.673162
21 168 12.943846
21 169 12.937252
21 170 11.645945
21 171 11.163161
21 172 12.257894
21 173 12.378337
21 174 12.521646
21 175 12.880312
21 176 14.304492
21 177 13.676796
21 178 14.592852
21 179 11.920706
21 180 13.527405
21 181 14.468155
21 182 10.987949
21 183 12.589156
21 184 11.243481
21 185 12.094136
21 186 12.925703
21 187 11.483742
21 188 11.126618
21 189 13.935730
21 190 14.331784
21 191 13.277963
21 192 11.607830
21 193 11.869052
21 194 14.818606
21 195 14.804334
21 196 12.270247
21 197 12.298170
21 198 11.691648
21 199 12.522438
21 200 14.610652
22 0 11.753133
22 1 11.051899
22 2 14.183710
22 3 14.597556
22 4 14.038573
22 5 12.227563
22 6 11.473157
22 7 14.387890
22 8 13.507037
22 9 12.287477
22 10 13.223098
22 11 10.963804
22 12 14.460136
22 13 11.664275
22 14 12.210945
22 15 12.005359
22 16 11.058896
22 17 12.527292
22 18 13.937607
22 19 11.364366
22 20 13.967328
22 21 12.297186
22 23 13.610480
22 24 12.612758
22 25 14.597393
22 26 13.831812
22 27 12.830905
22 28 12.872408
22 29 13.283422
22 30 11.114618
22 31 13.944402
22 32 13.179586
22 33 12.875234
22 34 13.768559
22 35 13.744864
22 36 14.436922
22 37 13.662959
22 38 14.756658
22 39 14.037157
22 40 11.044660
22 41 13.485625
22 42 11.942225
22 43 11.485383
22 44 13.673092
22 45 12.761067
22 46 10.924170
22 47 12.086807
22 48 11.300953
22 49 12.639611
22 50 13.289796
22 51 11.795410
22 52 11.293115
22 53 13.087487
22 54 11.591135
22 55 14.714348
22 56 13.023054
22 57 14.516776
22 58 11.675066
22 59 12.360651
22 60 12.139694
22 61 13.208099
22 62 14.150608
22 63 13.660620
22 64 13.972621
22 65 13.871893
22 66 14.146287
22 67 13.771405
22 68 10.979956
22 69 11.188657
22 70 14.521948
22 71 14.266340
22 72 11.976848
22 73 12.509205
22 74 12.294818
22 75 11.552493
22 76 11.516914
22 77 11.845109
22 78 13.709655
22 79 11.979139
22 80 14.254313
22 81 13.230832
22 82 12.398104
22 83 13.972299
22 84 12.749501
22 85 11.794122
22 86 11.554474
22 87 13.447536
22 88 12.111649
22 89 13.973354
22 90 12.055174
22 91 11.087669
22 92 11.907824
22 93 13.907158
22 94 11.253926
22 95 12.078086
22 96 11.203959
22 97 14.589620
22 98 12.899341
22 99 14.249069
22 100 13.586146
22 101 13.136957
22 102 14.070638
22 103 12.077580
22 104 14.002424
22 105 14.101352
22 106 11.738244
22 107 12.753257
22 108 14.051230
22 109 11.155122
22 110 13.306735
22 111 12.011373
22 112 11.661391
22 113 13.354248
22 114 12.793366
22 115 13.274046
22 116 14.174624
22 117 12.794214
22 118 13.555882
22 119 12.988123
22 120 12.317795
22 121 12.292175
22 122 12.308548
22 123 13.617825
22 124 14.081042
22 125 14.760054
22 126 10.934692
22 127 13.524966
22 128 13.640781
22 129 11.537042
22 130 11.323856
22 131 14.437203
22 132 11.960053
22 133 12.925912
22 134 13.439236
22 135 12.195338
22 136 14.199281
22 137 13.448977
22 138 12.708844
22 139 13.418690
22 140 11.995546
22 141 12.889500
22 142 13.046898
22 143 14.618703
22 144 13.599052
22 145 11.952979
22 146 13.245548
22 147 14.157105
22 148 14.607752
22 149 12.219127
22 150 14.094154
22 151 11.860373
22 152 11.879458
22 153 12.998427
22 154 13.185861
22 155 13.757009
22 156 11.398639
22 157 13.930203
22 158 12.843370
22 159 11.924018
22 160 13.873695
22 161 11.713671
22 162 11.622893
22 163 12.101272
22 164 13.656353
22 165 14.420221
22 166 14.490460
22 167 10.926630
22 168 12.725640
22 169 13.972925
22 170 11.648154
22 171 12.553395
22 172 14.064814
22 173 11.835039
22 174 12.311939
22 175 12.188522
22 176 13.183912
22 177 12.000456
22 178 12.681566
22 179 12.756245
22 180 12.918241
22 181 11.834733
22 182 13.596582
22 183 13.879194
22 184 13.231415
22 185 11.966536
22 186 13.287053
22 187 14.191556
22 188 14.671270
22 189 14.741646
22 190 11.457733
22 191 13.679414
22 192 14.808701
22 193 13.674883
22 194 14.363835
22 195 12.327959
22 196 11.506615
22 197 11.805354
22 198 11.098549
22 199 14.003456
22 200 14.217616
23 0 12.843554
23 1 14.517436
23 2 10.982328
23 3 11.948239
23 4 12.211267
23 5 12.261214
23 6 14.512354
23 7 14.699931
23 8 14.428355
23 9 14.747672
23 10 14.520596
23 11 13.690791
23 12 13.989692
23 13 11.422021
23 14 13.377198
23 15 10.938818
23 16 12.769106
23 17 12.709491
23 18 11.501735
23 19 12.072101
23 20 13.947340
23 21 11.531752
23 22 13.610480
23 24 12.717762
23 25 11.147234
23 26 12.233707
23 27 11.583468
23 28 12.930038
23 29 12.206540
23 30 14.081925
23 31 13.845381
23 32 12.911133
23 33 12.845369
23 34 14.546529
23 35 12.453168
23 36 11.580510
23 37 11.092585
23 38 11.053918
23 39 13.777550
23 40 14.211158
23 41 13.105531
23 42 13.707724
23 43 13.611969
23 44 14.602197
23 45 14.696368
23 46 13.931944
23 47 11.816440
23 48 13.494569
23 49 11.288018
23 50 11.083126
23 51 12.001238
23 52 14.334178
23 53 14.127373
23 54 12.070970
23 55 14.313397
23 56 12.146029
23 57 13.047730
23 58 13.881089
23 59 14.473675
23 60 11.074502
23 61 12.794341
23 62 12.725731
23 63 13.072813
23 64 14.331847
23 65 13.972711
23 66 14.131968
23 67 13.866336
23 68 13.424809
23 69 12.338353
23 70 14.326476
23 71 14.121160
23 72 13.063085
23 73 12.572123
23 74 12.512269
23 75 11.075220
23 76 11.730623
23 77 12.657809
23 78 10.948381
23 79 11.951351
23 80 11.468486
23 81 12.669564
23 82 12.756328
23 83 14.469983
23 84 14.167671
23 85 13.093299
23 86 12.751504
23 87 14.202447
23 88 13.880353
23 89 13.649591
23 90 13.337319
23 91 11.358341
23 92 12.438328
23 93 11.732458
23 94 14.782001
23 95 12.370259
23 96 13.303011
23 97 13.885438
23 98 11.637401
23 99 11.900556
23 100 12.116978
23 101 11.125615
23 102 12.566896
23 103 13.465222
23 104 12.390970
23 105 12.542909
23 106 12.553671
23 107 11.564709
23 108 12.601462
23 109 13.537222
23 110 11.667121
23 111 14.640943
23 112 14.759040
23 113 13.575698
23 114 12.317773
23 115 13.717617
23 116 13.281764
23 117 12.766817
23 118 14.805668
23 119 11.036893
23 120 13.643031
23 121 12.319219
23 122 14.454803
23 123 13.198782
23 124 11.729604
23 125 11.462337
23 126 11.320539
23 127 12.237592
23 128 13.960302
23 129 14.507648
23 130 11.610698
23 131 14.074987
23 132 12.507521
23 133 12.732854
23 134 14.316631
23 135 14.340607
23 136 13.895974
23 137 11.446289
23 138 13.463633
23 139 12.878045
23 140 13.758485
23 141 12.473602
23 142 12.682596
23 143 12.536209
23 144 13.722578
23 145 12.893136
23 146 13.660020
23 147 11.111682
23 148 13.913541
23 149 11.161840
23 150 11.292943
23 151 12.744011
23 152 11.110616
23 153 13.686985
23 154 12.707129
23 155 13.464594
23 156 12.174776
23 157 12.321455
23 158 12.988704
23 159 12.849364
23 160 11.987276
23 161 13.758223
23 162 13.682200
23 163 11.000252
23 164 14.036178
23 165 13.087975
23 166 11.305359
23 167 12.532101
23 168 11.778554
23 169 13.568196
23 170 11.868945
23 171 14.754495
23 172 11.516535
23 173 11.258812
23 174 11.699068
23 175 14.223971
23 176 13.279634
23 177 14.008483
23 178 13.521770
23 179 14.352263
23 180 11.889897
23 181 12.130298
23 182 14.503726
23 183 11.761220
23 184 12.345440
23 185 11.367158
23 186 11.147575
23 187 13.501760
23 188 13.944492
23 189 12.503800
23 190 14.793675
23 191 13.476987
23 192 13.436680
23 193 13.427998
23 194 11.543556
23 195 11.156595
23 196 14.287223
23 197 13.820036
23 198 11.264759
23 199 13.989640
23 200 14.308574
24 0 11.324228
24 1 13.957178
24 2 14.326090
24 3 11.269260
24 4 14.053652
24 5 12.453046
24 6 11.278779
24 7 12.753553
24 8 13.404363
24 9 14.440728
24 10 14.266733
24 11 12.501257
24 12 14.660492
24 13 12.942901
24 14 13.420532
24 15 12.584465
24 16 12.704400
24 17 11.538523
24 18 11.151598
24 19 13.375559
24 20 12.193313
24 21 12.785321
24 22 12.612758
24 23 12.717762
24 25 11.819937
24 26 14.731768
24 27 11.267552
24 28 12.443551
24 29 12.422595
24 30 13.301249
24 31 13.962655
24 32 11.168812
24 33 11.585298
24 34 13.322355
24 35 14.633036
24 36 11.089780
24 37 13.587910
24 38 10.925783
24 39 12.867091
24 40 10.964600
24 41 11.098323
24 42 11.748471
24 43 14.387300
24 44 12.261999
24 45 12.043827
24 46 12.320778
24 47 13.496339
24 48 12.125973
24 49 14.178805
24 50 14.227988
24 51 14.392980
24 52 12.263776
24 53 13.733041
24 54 14.541974
24 55 12.871639
24 56 12.781445
24 57 10.985863
24 58 13.193715
24 59 13.281926
24 60 14.433348
24 61 11.548586
24 62 12.126622
24 63 13.877258
24 64 14.797663
24 65 11.550779
24 66 11.438488
24 67 12.521795
24 68 13.739076
24 69 11.641946
24 70 14.771807
24 71 12.207085
24 72 13.754594
24 73 12.658862
24 74 12.837247
24 75 13.509366
24 76 14.066471
24 77 13.831490
24 78 11.898000
24 79 12.494407
24 80 14.100711
24 81 14.416493
24 82 12.984989
24 83 11.458794
24 84 12.802970
24 85 11.707350
24 86 12.946881
24 87 10.968892
24 88 11.593904
24 89 11.397524
24 90 13.929868
24 91 12.947628
24 92 13.986935
24 93 14.047034
24 94 13.261518
24 95 11.595564
24 96 11.775842
24 97 12.702253
24 98 13.227073
24 99 13.291418
24 100 11.451192
24 101 13.978247
24 102 11.137955
24 103 14.515523
24 104 11.845903
24 105 12.372174
24 106 10.992443
24 107 13.883924
24 108 14.037175
24 109 13.046019
24 110 11.673287
24 111 14.313631
24 112 14.322925
24 113 14.815602
24 114 12.002273
24 115 11.197448
24 116 13.207482
24 117 13.662651
24 118 11.277773
24 119 14.403001
24 120 13.915745
24 121 11.239780
24 122 11.281174
24 123 13.688170
24 124 11.619737
24 125 14.588406
24 126 12.316690
24 127 10.939026
24 128 13.431875
24 129 14.328020
24 130 11.749929
24 131 14.732510
24 132 12.613186
24 133 11.145487
24 134 14.025914
24 135 11.053528
24 136 13.296605
24 137 12.234492
24 138 12.605679
24 139 14.298740
24 140 11.040539
24 141 11.979125
24 142 14.624687
24 143 14.646411
24 144 12.820971
24 145 13.001772
24 146 11.450623
24 147 13.036492
24 148 14.038862
24 149 12.223725
24 150 12.765587
24 151 11.210369
24 152 12.626648
24 153 14.041258
24 154 12.457471
24 155 14.553362
24 156 14.291092
24 157 11.185712
24 158 11.268580
24 159 12.691265
24 160 11.742880
24 161 14.656627
24 162 14.390396
24 163 14.007499
24 164 14.487774
24 165 12.873115
24 166 13.296665
24 167 11.070104
24 168 14.512682
24 169 14.132553
24 170 13.176585
24 171 14.738556
24 172 13.804207
24 173 12.078824
24 174 13.974923
24 175 12.436551
24 176 13.160566
24 177 13.277448
24 178 13.694282
24 179 14.363409
24 180 14.242504
24 181 14.807374
24 182 11.040351
24 183 14.001939
24 184 13.843829
24 185 11.773078
24 186 13.469610
24 187 12.818027
24 188 12.087439
24 189 14.137388
24 190 13.501968
24 191 11.607573
24 192 12.610034
24 193 13.206395
24 194 14.498730
24 195 14.757330
24 196 13.612461
24 197 14.294025
24 198 13.465706
24 199 11.663713
24 200 12.973251
25 0 13.473201
25 1 14.411718
25 2 11.578748
25 3 13.955558
25 4 12.091856
25 5 12.410212
25 6 12.457060
25 7 12.970164
25 8 13.893861
25 9 14.496028
25 10 12.131101
25 11 13.464975
25 12 12.828665
25 13 12.948681
25 14 14.452879
25 15 14.382507
25 16 14.099361
25 17 14.554246
25 18 13.222111
25 19 13.910970
25 20 12.259767
25 21 13.720082
25 22 14.597393
25 23 11.147234
25 24 11.819937
25 26 14.788279
25 27 11.175288
25 28 14.235389
25 29 13.575082
25 30 14.327099
25 31 11.844539
25 32 12.231497
25 33 12.837796
25 34 10.994351
25 35 12.840864
25 36 13.146949
25 37 14.793797
25 38 12.143373
25 39 11.292439
25 40 14.413838
25 41 13.086192
25 42 11.528817
25 43 11.732090
25 44 12.548608
25 45 12.533943
25 46 11.243487
25 47 14.694768
25 48 14.659728
25 49 14.058631
25 50 12.259729
25 51 11.158073
25 52 13.248496
25 53 12.853655
25 54 14.010387
25 55 10.988239
25 56 11.271650
25 57 11.877952
25 58 14.705854
25 59 14.687890
25 60 12.608680
25 61 12.243070
25 62 12.581738
25 63 12.438317
25 64 12.443391
25 65 12.735813
25 66 14.741076
25 67 13.958655
25 68 14.187548
25 69 12.146797
25 70 13.718362
25 71 11.453147
25 72 10.971118
25 73 10.991713
25 74 12.985996
25 75 13.182759
25 76 11.959530
25 77 11.634337
25 78 14.545823
25 79 11.254574
25 80 11.076257
25 81 14.302014
25 82 12.064792
25 83 14.116017
25 84 12.398238
25 85 12.005152
25 86 12.591155
25 87 12.267602
25 88 14.715289
25 89 12.746828
25 90 12.595717
25 91 11.250340
25 92 13.739510
25 93 13.619334
25 94 14.248820
25 95 11.543867
25 96 11.737537
25 97 14.735697
25 98 14.313655
25 99 11.497319
25 100 11.553426
25 101 12.169650
25 102 12.037864
25 103 12.880627
25 104 10.955362
25 105 12.930847
25 106 12.744154
25 107 14.774723
25 108 13.433332
25 109 14.278341
25 110 12.121520
25 111 13.658953
25 112 12.000405
25 113 13.784885
25 114 11.829676
25 115 11.877139
25 116 14.112156
25 117 12.874139
25 118 12.561977
25 119 13.779988
25 120 13.990906
25 121 12.445797
25 122 14.179766
25 123 14.300274
25 124 13.218682
25 125 14.259956
25 126 12.361351
25 127 13.052271
25 128 11.447393
25 129 14.375494
25 130 12.945152
25 131 13.329973
25 132 13.342359
25 133 12.187324
25 134 12.894789
25 135 14.106924
25 136 14.165928
25 137 12.513858
25 138 14.606486
25 139 12.185172
25 140 13.474726
25 141 14.815892
25 142 13.814704
25 143 12.529559
25 144 13.118897
25 145 11.804532
25 146 14.479891
25 147 11.478773
25 148 12.324301
25 149 14.112400
25 150 11.121666
25 151 11.739862
25 152 13.461074
25 153 14.548035
25 154 11.372267
25 155 11.715735
25 156 12.884363
25 157 11.827811
25 158 13.567084
25 159 13.972408
25 160 12.309977
25 161 14.164712
25 162 12.079590
25 163 11.301763
25 164 11.393698
25 165 14.526911
25 166 11.066120
25 167 12.826410
25 168 12.966873
25 169 11.203998
25 170 14.813870
25 171 11.591094
25 172 14.051601
25 173 13.561058
25 174 14.295335
25 175 13.425897
25 176 12.435546
25 177 13.291496
25 178 13.964302
25 179 12.827495
25 180 14.166540
25 181 11.857637
25 182 13.501284
25 183 14.419958
25 184 14.698728
25 185 14.547747
25 186 13.948988
25 187 13.930676
25 188 13.905361
25 189 14.078778
25 190 12.824369
25 191 12.504937
25 192 10.927506
25 193 11.568882
25 194 14.568627
25 195 12.349300
25 196 14.406148
25 197 12.573100
25 198 14.732957
25 199 11.660338
25 200 13.724797
26 0 11.897636
26 1 12.876818
26 2 11.137813
26 3 14.147057
26 4 14.247857
26 5 11.078960
26 6 10.957798
26 7 12.053888
26 8 14.627188
26 9 12.731272
26 10 12.153658
26 11 11.411811
26 12 11.173347
26 13 11.109819
26 14 14.257361
26 15 11.002796
26 16 11.252332
26 17 11.854606
26 18 11.339831
26 19 11.093808
26 20 11.176251
26 21 13.428775
26 22 13.831812
26 23 12.233707
26 24 14.731768
26 25 14.788279
26 27 13.996403
26 28 13.735847
26 29 12.474091
26 30 11.438826
26 31 14.676466
26 32 13.997182
26 33 13.608034
26 34 10.929509
26 35 11.364824
26 36 13.707923
26 37 12.324931
26 38 13.431216
26 39 11.781053
26 40 12.896995
26 41 13.655811
26 42 13.307446
26 43 12.791948
26 44 12.793749
26 45 13.879897
26 46 14.306002
26 47 14.615136
26 48 11.340747
26 49 11.728082
26 50 13.748043
26 51 13.372977
26 52 12.205475
26 53 12.173433
26 54 13.123246
26 55 11.638677
26 56 11.165507
26 57 14.144569
26 58 13.142297
26 59 13.912552
26 60 11.172628
26 61 12.061014
26 62 12.934146
26 63 14.036200
26 64 12.292586
26 65 14.065932
26 66 11.099080
26 67 11.677332
26 68 12.793586
26 69 13.043046
26 70 11.498293
26 71 12.550219
26 72 11.236672
26 73 14.333424
26 74 11.864967
26 75 12.381559
26 76 14.346723
26 77 13.651747
26 78 12.094898
26 79 11.651590
26 80 11.709023
26 81 12.744085
26 82 11.635291
26 83 13.102308
26 84 11.751033
26 85 11.030657
26 86 14.681100
26 87 14.564856
26 88 14.730156
26 89 13.463554
26 90 14.291534
26 91 12.200655
26 92 14.697635
26 93 12.849115
26 94 12.964542
26 95 12.669173
26 96 14.800637
26 97 14.083364
26 98 14.547251
26 99 11.175265
26 100 12.235586
26 101 14.037611
26 102 13.037455
26 103 13.581477
26 104 11.765324
26 105 11.570639
26 106 12.260434
26 107 14.140605
26 108 11.596561
26 109 14.255639
26 110 11.319432
26 111 12.417620
26 112 11.875445
26 113 14.696017
26 114 12.428701
26 115 13.076443
26 116 11.062074
26 117 12.104122
26 118 12.971589
26 119 11.248321
26 120 12.796552
26 121 12.323840
26 122 11.260707
26 123 11.342534
26 124 14.041819
26 125 12.463417
26 126 11.288194
26 127 14.657360
26 128 11.111830
26 129 11.130104
26 130 13.519900
26 131 11.213591
26 132 10.962198
26 133 13.171816
26 134 12.153292
26 135 11.314486
26 136 14.718530
26 137 13.009603
26 138 13.467698
26 139 12.235983
26 140 13.744717
26 141 13.766621
26 142 11.506472
26 143 13.451785
26 144 14.797102
26 145 11.458162
26 146 12.042375
26 147 14.744192
26 148 13.979310
26 149 12.402192
26 150 13.057163
26 151 13.159220
26 152 11.184701
26 153 12.948800
26 154 11.979628
26 155 13.761255
26 156 14.475906
26 157 12.203539
26 158 14.631027
26 159 12.409763
26 160 13.601743
26 161 13.425446
26 162 14.526438
26 163 14.770045
26 164 12.885676
26 165 13.860748
26 166 14.288396
26 167 12.838609
26 168 10.970312
26 169 12.549369
26 170 14.344769
26 171 14.229285
26 172 11.768381
26 173 11.227064
26 174 13.316462
26 175 12.908915
26 176 11.214553
26 177 13.858924
26 178 12.114063
26 179 13.990250
26 180 11.446654
26 181 12.916208
26 182 14.095899
26 183 13.222792
26 184 12.546799
26 185 14.397200
26 186 13.795536
26 187 12.617337
26 188 14.763353
26 189 13.633193
26 190 13.083904
26 191 11.472384
26 192 13.660266
26 193 11.911470
26 194 13.513140
26 195 14.717394
26 196 11.697571
26 197 14.642348
26 198 12.673293
26 199 13.565189
26 200 13.966382
27 0 14.487043
27 1 13.071324
27 2 11.371187
27 3 14.485478
27 4 12.999214
27 5 14.398232
27 6 11.321237
27 7 12.360863
27 8 13.414701
27 9 12.331555
27 10 14.763536
27 11 14.002240
27 12 14.282729
27 13 13.431121
27 14 10.996770
27 15 13.999832
27 16 12.270959
27 17 14.641822
27 18 14.528163
27 19 13.797283
27 20 12.567102
27 21 11.982538
27 22 12.830905
27 23 11.583468
27 24 11.267552
27 25 11.175288
27 26 13.996403
27 28 14.681473
27 29 14.177517
27 30 11.030326
27 31 11.268967
27 32 12.540996
27 33 12.063587
27 34 14.042637
27 35 14.140901
27 36 11.064235
27 37 13.516369
27 38 11.079684
27 39 11.008003
27 40 12.501761
27 41 11.670160
27 42 11.066634
27 43 14.374414
27 44 11.966075
27 45 13.248800
27 46 11.132646
27 47 14.061493
27 48 13.526993
27 49 14.808591
27 50 14.141261
27 51 11.141441
27 52 11.390551
27 53 14.061415
27 54 14.537284
27 55 13.948021
27 56 11.729080
27 57 10.952527
27 58 11.278126
27 59 12.799538
27 60 13.455064
27 61 13.028541
27 62 13.070834
27 63 14.620731
27 64 12.019454
27 65 12.706299
27 66 14.042499
27 67 14.116323
27 68 13.491931
27 69 14.239818
27 70 11.131915
27 71 11.952741
27 72 14.054655
27 73 12.922010
27 74 13.109319
27 75 13.594946
27 76 12.979015
27 77 12.085966
27 78 14.533933
27 79 13.834889
27 80 14.393195
27 81 12.908244
27 82 12.059838
27 83 13.371232
27 84 13.756139
27 85 13.233227
27 86 14.748244
27 87 13.937000
27 88 12.552443
27 89 14.203774
27 90 14.312648
27 91 12.346239
27 92 14.367463
27 93 11.212009
27 94 14.185493
27 95 13.060079
27 96 11.759594
27 97 14.541369
27 98 13.895124
27 99 11.790738
27 100 11.842336
27 101 11.975572
27 102 14.637304
27 103 12.505121
27 104 11.620058
27 105 10.934692
27 106 12.977212
27 107 14.081963
27 108 11.027419
27 109 11.463808
27 110 12.518113
27 111 14.588146
27 112 14.074599
27 113 13.129735
27 114 14.104288
27 115 14.015549
27 116 12.013721
27 117 12.190636
27 118 14.195009
27 119 11.996116
27 120 12.359989
27 121 13.332946
27 122 13.642694
27 123 12.770344
27 124 11.957284
27 125 11.380974
27 126 12.270584
27 127 13.078260
27 128 11.064732
27 129 14.362787
27 130 13.746451
27 131 13.310130
27 132 11.115655
27 133 14.142878
27 134 11.688781
27 135 11.057839
27 136 11.527031
27 137 14.497232
27 138 12.106937
27 139 12.546266
27 140 11.453057
27 141 12.182309
27 142 12.011911
27 143 13.023764
27 144 11.167715
27 145 11.412411
27 146 11.696627
27 147 14.396833
27 148 12.480132
27 149 14.431314
27 150 13.134703
27 151 12.569964
27 152 14.058397
27 153 12.506130
27 154 12.321240
27 155 12.181097
27 156 13.812540
27 157 14.642681
27 158 11.568386
27 159 11.282025
27 160 12.664189
27 161 12.210928
27 162 11.888895
27 163 11.294706
27 164 13.925513
27 165 13.393500
27 166 11.590523
27 167 11.488196
27 168 12.250742
27 169 11.689510
27 170 11.728590
27 171 14.623315
27 172 14.762772
27 173 12.024734
27 174 14.067310
27 175 13.445634
27 176 11.508695
27 177 11.711025
27 178 13.361826
27 179 12.077138
27 180 11.310351
27 181 13.690551
27 182 11.575114
27 183 12.440690
27 184 12.311576
27 185 13.716688
27 186 12.726474
27 187 12.466890
27 188 14.416111
27 189 13.950454
27 190 12.670392
27 191 11.542950
27 192 10.961877
27 193 14.729759
27 194 12.086268
27 195 11.017957
27 196 11.201939
27 197 12.714592
27 198 12.348358
27 199 11.359924
27 200 11.884152
28 0 11.655039
28 1 12.810428
28 2 14.724728
28 3 11.056897
28 4 13.413433
28 5 14.504820
28 6 11.031197
28 7 11.779828
28 8 11.310792
28 9 12.400722
28 10 14.360513
28 11 14.446350
28 12 14.018243
28 13 13.175913
28 14 11.358400
28 15 12.480893
28 16 12.361525
28 17 14.351551
28 18 11.852995
28 19 13.480955
28 20 12.625645
28 21 13.321050
28 22 12.872408
28 23 12.930038
28 24 12.443551
28 25 14.235389
28 26 13.735847
28 27 14.681473
28 29 13.123886
28 30 11.077641
28 31 14.467139
28 32 13.525033
28 33 13.516742
28 34 12.023585
28 35 12.522845
28 36 14.119677
28 37 11.823129
28 38 14.045158
28 39 11.903656
28 40 12.168549
28 41 14.267266
28 42 14.667425
28 43 13.251151
28 44 13.825655
28 45 12.676114
28 46 13.425982
28 47 12.066333
28 48 12.126318
28 49 12.369148
28 50 13.647157
28 51 14.332156
28 52 14.436871
28 53 14.737051
28 54 12.693455
28 55 14.255530
28 56 11.609441
28 57 11.792446
28 58 14.695769
28 59 14.035765
28 60 14.664171
28 61 13.620592
28 62 14.181303
28 63 13.003299
28 64 10.995931
28 65 14.635592
28 66 10.991462
28 67 10.927713
28 68 12.807413
28 69 11.632539
28 70 14.492624
28 71 12.362805
28 72 14.248016
28 73 11.919361
28 74 14.634774
28 75 12.638073
28 76 14.322447
28 77 11.902535
28 78 11.524499
28 79 13.535892
28 80 14.513878
28 81 12.015691
28 82 12.694679
28 83 12.137169
28 84 12.085063
28 85 13.638505
28 86 12.230427
28 87 13.501213
28 88 11.876379
28 89 12.344640
28 90 13.850606
28 91 13.300991
28 92 14.778617
28 93 11.548941
28 94 14.530279
28 95 11.782878
28 96 11.565557
28 97 11.704655
28 98 13.583595
28 99 11.621862
28 100 13.746301
28 101 14.329188
28 102 14.420325
28 103 13.796199
28 104 11.074035
28 105 14.419268
28 106 12.393134
28 107 11.446015
28 108 13.597471
28 109 12.160142
28 110 12.475032
28 111 11.579427
28 112 11.375072
28 113 13.552250
28 114 13.652597
28 115 14.170149
28 116 11.484175
28 117 12.560300
28 118 13.119623
28 119 11.610796
28 120 13.103262
28 121 11.993939
28 122 12.621763
28 123 12.790423
28 124 12.712679
28 125 11.483793
28 126 11.739343
28 127 11.801221
28 128 11.292158
28 129 13.186385
28 130 11.638401
28 131 13.594618
28 132 13.138221
28 133 11.949960
28 134 13.722054
28 135 14.034963
28 136 11.844651
28 137 14.661748
28 138 13.231936
28 139 11.164181
28 140 12.529589
28 141 13.692779
28 142 13.819905
28 143 11.367616
28 144 13.690037
28 145 14.312999
28 146 11.792362
28 147 12.464130
28 148 14.287544
28 149 12.879776
28 150 11.969809
28 151 12.878440
28 152 12.306405
28 153 13.624913
28 154 14.423631
28 155 12.239076
28 156 14.774269
28 157 13.387492
28 158 12.007029
28 159 12.336762
28 160 13.289158
28 161 12.966402
28 162 14.384678
28 163 13.211980
28 164 11.687939
28 165 11.362439
28 166 13.659921
28 167 12.191977
28 168 13.481567
28 169 13.901273
28 170 13.200533
28 171 11.850999
28 172 13.522879
28 173 12.157775
28 174 13.510795
28 175 12.081376
28 176 13.394762
28 177 13.835731
28 178 11.427457
28 179 12.949614
28 180 14.404731
28 181 11.452054
28 182 14.404979
28 183 14.808722
28 184 13.268610
28 185 12.754056
28 186 11.797945
28 187 11.284189
28 188 11.628887
28 189 13.655529
28 190 13.265166
28 191 13.917168
28 192 14.295037
28 193 14.612804
28 194 11.615816
28 195 13.485147
28 196 14.191827
28 197 13.890154
28 198 13.178980
28 199 14.213308
28 200 11.058594
29 0 14.031433
29 1 11.465433
29 2 14.541250
29 3 13.170259
29 4 14.018238
29 5 14.636817
29 6 14.138636
29 7 14.785999
29 8 14.683076
29 9 11.919604
29 10 11.424219
29 11 13.346728
29 12 12.740445
29 13 12.617293
29 14 13.944392
29 15 14.400849
29 16 11.745240
29 17 14.206475
29 18 13.338286
29 19 12.364678
29 20 14.466873
29 21 11.487282
29 22 13.283422
29 23 12.206540
29 24 12.422595
29 25 13.575082
29 26 12.474091
29 27 14.177517
29 28 13.123886
29 30 13.868368
29 31 13.266216
29 32 14.568732
29 33 13.840388
29 34 14.439993
29 35 13.062434
29 36 11.715503
29 37 12.188597
29 38 13.969790
29 39 14.634846
29 40 13.675325
29 41 13.360241
29 42 11.786734
29 43 13.120324
29 44 11.954402
29 45 12.252406
29 46 13.948873
29 47 12.726857
29 48 11.072446
29 49 12.197489
29 50 12.256248
29 51 12.224022
29 52 12.183225
29 53 13.388889
29 54 11.887367
29 55 14.243887
29 56 12.770601
29 57 11.711614
29 58 11.089257
29 59 13.514824
29 60 13.719819
29 61 14.277474
29 62 12.560095
29 63 11.152153
29 64 14.724731
29 65 14.716168
29 66 13.586902
29 67 14.111528
29 68 14.115992
29 69 12.529211
29 70 12.152148
29 71 11.101625
29 72 12.458135
29 73 13.674975
29 74 12.029071
29 75 11.415378
29 76 13.578047
29 77 11.366884
29 78 13.630132
29 79 11.310452
29 80 13.969340
29 81 14.320981
29 82 13.408632
29 83 14.650119
29 84 12.466460
29 85 13.122922
29 86 12.232009
29 87 14.501745
29 88 10.976250
29 89 11.165661
29 90 13.314269
29 91 13.934375
29 92 12.672291
29 93 11.963080
29 94 13.539339
29 95 14.567108
29 96 11.830442
29 97 12.846429
29 98 11.413974
29 99 12.454229
29 100 14.243640
29 101 11.721850
29 102 11.199601
29 103 13.752389
29 104 12.366914
29 105 12.782017
29 106 11.247102
29 107 14.309613
29 108 10.985454
29 109 11.514684
29 110 14.515122
29 111 12.484027
29 112 11.843308
29 113 12.875153
29 114 10.960738
29 115 13.012149
29 116 13.381888
29 117 11.239544
29 118 14.214199
29 119 11.849169
29 120 14.795789
29 121 11.869609
29 122 12.966963
29 123 11.688851
29 124 13.256422
29 125 13.337191
29 126 13.186696
29 127 12.496308
29 128 11.236957
29 129 14.313177
29 130 14.461175
29 131 13.423619
29 132 11.913663
29 133 13.552732
29 134 11.473050
29 135 11.719329
29 136 11.340023
29 137 12.441374
29 138 12.164157
29 139 12.188110
29 140 12.265351
29 141 11.266068
29 142 13.706256
29 143 11.510853
29 144 11.385065
29 145 11.996104
29 146 13.714035
29 147 12.182027
29 148 13.907854
29 149 14.327312
29 150 14.771422
29 151 13.749528
29 152 14.290888
29 153 12.058285
29 154 11.274000
29 155 13.248822
29 156 11.764249
29 157 12.969062
29 158 14.594510
29 159 11.533348
29 160 11.729601
29 161 14.473431
29 162 14.265279
29 163 11.004168
29 164 14.473852
29 165 13.764969
29 166 12.703388
29 167 13.719089
29 168 11.021442
29 169 14.797292
29 170 10.948125
29 171 13.326057
29 172 13.349210
29 173 14.505919
29 174 13.977119
29 175 14.411884
29 176 12.122525
29 177 11.134620
29 178 12.089581
29 179 11.167292
29 180 11.110457
29 181 12.059175
29 182 14.332152
29 183 14.028157
29 184 14.762813
29 185 12.414940
29 186 14.236903
29 187 12.227674
29 188 11.202774
29 189 13.407012
29 190 14.550955
29 191 12.696036
29 192 12.602828
29 193 12.300451
29 194 11.116963
29 195 13.045704
29 196 12.185271
29 197 12.125318
29 198 11.443855
29 199 11.458929
29 200 13.557090
30 0 14.806659
30 1 13.262679
30 2 10.968738
30 3 11.652982
30 4 13.239540
30 5 12.231980
30 6 14.650878
30 7 12.849421
30 8 12.733021
30 9 13.659441
30 10 11.334893
30 11 13.278725
30 12 14.790316
30 13 11.278311
30 14 14.152949
30 15 11.626079
30 16 11.891108
30 17 13.249943
30 18 13.161608
30 19 14.713290
30 20 11.895484
30 21 13.419444
30 22 11.114618
30 23 14.081925
30 24 13.301249
30 25 14.327099
30 26 11.438826
30 27 11.030326
30 28 11.077641
30 29 13.868368
30 31 10.984851
30 32 13.359597
30 33 13.125874
30 34 13.966331
30 35 11.683491
30 36 11.359026
30 37 14.002584
30 38 11.551271
30 39 14.518974
30 40 12.804552
30 41 14.686946
30 42 14.719282
30 43 12.732781
30 44 14.062952
30 45 14.187242
30 46 13.206799
30 47 14.697288
30 48 13.531076
30 49 12.534741
30 50 11.366052
30 51 11.432616
30 52 11.842326
30 53 11.755924
30 54 13.372648
30 55 13.947700
30 56 11.174819
30 57 12.164978
30 58 12.791248
30 59 13.479913
30 60 13.690588
30 61 12.292462
30 62 14.371426
30 63 14.629329
30 64 11.711529
30 65 13.418137
30 66 11.228012
30 67 11.077007
30 68 13.448924
30 69 13.782644
30 70 14.610209
30 71 12.701733
30 72 14.241858
30 73 13.398792
30 74 14.133782
30 75 12.224965
30 76 14.126972
30 77 14.819273
30 78 12.271643
30 79 14.500753
30 80 12.791271
30 81 12.296572
30 82 12.518240
30 83 12.049623
30 84 11.442880
30 85 12.243386
30 86 14.412372
30 87 13.090434
30 88 13.619837
30 89 13.087444
30 90 11.455435
30 91 14.737436
30 92 14.758131
30 93 14.154177
30 94 11.447732
30 95 11.330294
30 96 12.459047
30 97 11.692054
30 98 11.852065
30 99 13.948393
30 100 11.435199
30 101 14.015753
30 102 11.275452
30 103 12.131142
30 104 12.967998
30 105 12.339290
30 106 14.756459
30 107 12.274975
30 108 11.843710
30 109 14.082020
30 110 11.790188
30 111 12.704608
30 112 13.149892
30 113 14.673681
30 114 14.364665
30 115 13.623006
30 116 14.641375
30 117 13.402401
30 118 11.640728
30 119 10.966760
30 120 11.161138
30 121 12.435141
30 122 12.521074
30 123 13.484152
30 124 14.524719
30 125 14.620026
30 126 13.751410
30 127 11.140689
30 128 12.898918
30 129 11.441798
30 130 11.859496
30 131 12.960309
30 132 11.477128
30 133 14.056813
30 134 14.349294
30 135 14.032536
30 136 13.259908
30 137 12.760247
30 138 12.542825
30 139 12.543099
30 140 12.062758
30 141 14.096937
30 142 13.094188
30 143 12.595829
30 144 13.791268
30 145 14.550028
30 146 13.244421
30 147 14.088775
30 148 13.264815
30 149 12.432464
30 150 12.411918
30 151 13.919450
30 152 13.433609
30 153 13.755426
30 154 13.256350
30 155 12.060558
30 156 12.149611
30 157 12.081771
30 158 13.805304
30 159 12.088711
30 160 14.713660
30 161 13.920128
30 162 11.434355
30 163 14.813256
30 164 13.597901
30 165 10.953308
30 166 14.336174
30 167 12.466736
30 168 13.775925
30 169 14.103292
30 170 12.912078
30 171 12.434438
30 172 14.592027
30 173 13.433940
30 174 11.868498
30 175 13.338983
30 176 13.670585
30 177 11.938300
30 178 12.475212
30 179 11.141828
30 180 14.173827
30 181 13.980144
30 182 14.446593
30 183 14.560638
30 184 13.694170
30 185 13.544513
30 186 13.975516
30 187 14.748843
30 188 12.595650
30 189 14.482561
30 190 11.430272
30 191 14.396075
30 192 13.028541
30 193 12.070222
30 194 10.935273
30 195 14.503359
30 196 13.288936
30 197 14.304499
30 198 13.157996
30 199 12.929935
30 200 13.248660
31 0 12.130101
31 1 12.272920
31 2 12.285611
31 3 12.326576
31 4 12.056075
31 5 12.363929
31 6 11.293371
31 7 13.998863
31 8 12.860186
31 9 11.031829
31 10 13.183286
31 11 11.084011
31 12 12.171697
31 13 13.923501
31 14 11.892001
31 15 12.206334
31 16 11.546752
31 17 13.430048
31 18 14.518584
31 19 13.615640
31 20 12.272890
31 21 13.344598
31 22 13.944402
31 23 13.845381
31 24 13.962655
31 25 11.844539
31 26 14.676466
31 27 11.268967
31 28 14.467139
31 29 13.266216
31 30 10.984851
31 32 14.247639
31 33 12.750586
31 34 11.435065
31 35 13.616433
31 36 14.478919
31 37 13.375542
31 38 11.639179
31 39 11.799014
31 40 13.180625
31 41 14.569123
31 42 14.137933
31 43 10.930610
31 44 12.981706
31 45 13.244165
31 46 11.582744
31 47 14.632743
31 48 11.440731
31 49 11.249268
31 50 14.241758
31 51 11.753807
31 52 12.219107
31 53 12.035046
31 54 13.493255
31 55 13.030000
31 56 14.461114
31 57 13.962999
31 58 11.634403
31 59 13.697759
31 60 12.837467
31 61 14.198563
31 62 11.813907
31 63 12.364470
31 64 13.053998
31 65 13.574390
31 66 12.629273
31 67 13.053600
31 68 12.431809
31 69 11.420000
31 70 12.021620
31 71 14.305511
31 72 14.114336
31 73 12.789324
31 74 13.445454
31 75 13.760577
31 76 12.838985
31 77 11.577907
31 78 11.279096
31 79 12.531118
31 80 12.663998
31 81 12.892310
31 82 12.943739
31 83 11.028369
31 84 12.196296
31 85 11.192459
31 86 12.860661
31 87 13.849888
31 88 14.717875
31 89 14.498726
31 90 11.647474
31 91 11.334780
31 92 11.733665
31 93 12.809241
31 94 12.786948
31 95 11.684415
31 96 14.168280
31 97 13.679096
31 98 11.387008
31 99 14.500440
31 100 13.955345
31 101 12.173653
31 102 11.127980
31 103 12.663308
31 104 13.650328
31 105 11.441477
31 106 11.865710
31 107 12.705945
31 108 11.019674
31 109 13.564376
31 110 11.616956
31 111 12.858415
31 112 14.015606
31 113 11.555172
31 114 11.267726
31 115 11.379850
31 116 11.059155
31 117 12.264398
31 118 13.315037
31 119 14.439032
31 120 13.148769
31 121 12.291913
31 122 13.881833
31 123 11.740957
31 124 13.024192
31 125 12.279746
31 126 12.777226
31 127 12.624138
31 128 13.039267
31 129 13.132990
31 130 12.117856
31 131 12.929419
31 132 14.469350
31 133 13.808105
31 134 11.936069
31 135 11.056691
31 136 13.628000
31 137 12.681254
31 138 12.352041
31 139 11.603614
31 140 13.623471
31 141 13.137053
31 142 14.549644
31 143 13.004114
31 144 13.698690
31 145 12.447014
31 146 12.474255
31 147 11.527169
31 148 14.366449
31 149 11.504923
31 150 14.131736
31 151 13.603492
31 152 14.804300
31 153 13.189570
31 154 14.622614
31 155 10.947907
31 156 11.794273
31 157 11.003053
31 158 13.601618
31 159 14.704191
31 160 11.176783
31 161 13.621558
31 162 11.034825
31 163 14.439784
31 164 11.595268
31 165 11.005342
31 166 12.714445
31 167 11.542571
31 168 13.105281
31 169 14.761180
31 170 13.569929
31 171 13.926706
31 172 13.150998
31 173 12.868214
31 174 11.594293
31 175 13.083550
31 176 14.093923
31 177 14.155241
31 178 14.466228
31 179 11.783388
31 180 12.186566
31 181 14.298342
31 182 11.562112
31 183 14.030874
31 184 12.363228
31 185 12.994988
31 186 12.012029
31 187 13.005962
31 188 12.113227
31 189 10.970206
31 190 13.151212
31 191 13.475647
31 192 13.432607
31 193 13.111124
31 194 13.242293
31 195 11.088550
31 196 11.991376
31 197 13.652026
31 198 12.624170
31 199 12.820163
31 200 13.924622
32 0 13.030002
32 1 12.723984
32 2 13.803717
32 3 11.228717
32 4 13.589121
32 5 11.453910
32 6 12.896643
32 7 12.160241
32 8 14.395255
32 9 13.527979
32 10 13.974769
32 11 12.563953
32 12 11.397043
32 13 11.819427
32 14 11.457377
32 15 12.048843
32 16 11.328192
32 17 11.036131
32 18 14.147638
32 19 13.157694
32 20 13.672014
32 21 13.769441
32 22 13.179586
32 23 12.911133
32 24 11.168812
32 25 12.231497
32 26 13.997182
32 27 12.540996
32 28 13.525033
32 29 14.568732
32 30 13.359597
32 31 14.247639
32 33 12.931870
32 34 12.159834
32 35 13.128707
32 36 13.737691
32 37 13.288980
32 38 13.842515
32 39 12.281872
32 40 13.517687
32 41 11.085867
32 42 13.449168
32 43 12.853718
32 44 12.460200
32 45 13.079990
32 46 14.074432
32 47 12.536339
32 48 13.710510
32 49 12.626337
32 50 12.234513
32 51 14.148796
32 52 14.774772
32 53 14.373082
32 54 13.421426
32 55 12.771309
32 56 11.862529
32 57 12.044775
32 58 11.781311
32 59 11.808703
32 60 13.791663
32 61 12.621168
32 62 11.108868
32 63 12.144955
32 64 14.110279
32 65 14.003398
32 66 14.617027
32 67 14.015942
32 68 14.575592
32 69 14.143996
32 70 13.630581
32 71 11.213148
32 72 12.662464
32 73 14.756820
32 74 12.617379
32 75 14.794790
32 76 13.231465
32 77 12.733468
32 78 14.138388
32 79 11.022000
32 80 14.235742
32 81 13.632847
32 82 13.885934
32 83 12.863315
32 84 12.444205
32 85 11.515165
32 86 11.991267
32 87 13.699022
32 88 14.766511
32 89 14.430811
32 90 14.276925
32 91 12.069884
32 92 13.991454
32 93 14.684820
32 94 12.442878
32 95 12.797549
32 96 14.622597
32 97 14.773825
32 98 12.790120
32 99 11.354486
32 100 14.237571
32 101 12.341809
32 102 14.641876
32 103 12.421928
32 104 10.944154
32 105 13.166833
32 106 14.366403
32 107 13.095147
32 108 14.347334
32 109 12.820425
32 110 11.558436
32 111 10.925319
32 112 12.443991
32 113 11.110250
32 114 12.690708
32 115 12.205884
32 116 11.659333
32 117 12.723888
32 118 13.272332
32 119 12.149787
32 120 12.949975
32 121 11.530344
32 122 13.555928
32 123 14.197109
32 124 12.179676
32 125 14.612613
32 126 11.359696
32 127 11.255375
32 128 14.501891
32 129 14.319885
32 130 12.013051
32 131 14.330888
32 132 12.315115
32 133 11.579040
32 134 12.076577
32 135 14.249752
32 136 10.923311
32 137 11.872269
32 138 14.474922
32 139 13.158403
32 140 12.236028
32 141 14.503997
32 142 13.258494
32 143 11.557317
32 144 11.559367
32 145 14.162201
32 146 13.118722
32 147 11.074803
32 148 13.459196
32 149 11.153519
32 150 11.845525
32 151 13.382433
32 152 14.339030
32 153 13.383576
32 154 14.288140
32 155 11.091261
32 156 12.169604
32 157 14.102352
32 158 13.956112
32 159 11.158519
32 160 11.374742
32 161 13.315674
32 162 12.763116
32 163 13.037388
32 164 12.607317
32 165 13.142730
32 166 14.471708
32 167 13.445810
32 168 12.165940
32 169 13.429541
32 170 11.299114
32 171 13.203972
32 172 11.928525
32 173 14.525850
32 174 11.063046
32 175 14.628226
32 176 13.400990
32 177 12.759290
32 178 12.240190
32 179 14.359778
32 180 12.863931
32 181 13.123013
32 182 11.477889
32 183 11.837782
32 184 13.734718
32 185 13.685080
32 186 13.407829
32 187 14.407504
32 188 12.654547
32 189 12.514999
32 190 12.077216
32 191 13.474712
32 192 12.782786
32 193 11.473308
32 194 12.554705
32 195 14.482453
32 196 13.437029
32 197 13.308872
32 198 12.830472
32 199 11.421577
32 200 11.147340
33 0 11.988940
33 1 12.472860
33 2 14.444951
33 3 11.580242
33 4 11.767344
33 5 11.844737
33 6 12.225478
33 7 12.757047
33 8 12.102911
33 9 13.711303
33 10 12.304253
33 11 13.125463
33 12 11.856048
33 13 12.278695
33 14 13.125739
33 15 11.908705
33 16 14.400234
33 17 14.640442
33 18 14.254489
33 19 12.891861
33 20 14.297968
33 21 12.749513
33 22 12.875234
33 23 12.845369
33 24 11.585298
33 25 12.837796
33 26 13.608034
33 27 12.063587
33 28 13.516742
33 29 13.840388
33 30 13.125874
33 31 12.750586
33 32 12.931870
33 34 14.049218
33 35 12.627369
33 36 14.569192
33 37 11.116357
33 38 13.148637
33 39 11.736459
33 40 11.831065
33 41 12.592816
33 42 12.516288
33 43 12.942234
33 44 14.158343
33 45 14.106758
33 46 12.293060
33 47 14.480885
33 48 13.992768
33 49 14.458790
33 50 13.580760
33 51 14.319675
33 52 13.383006
33 53 12.834514
33 54 13.517676
33 55 11.094604
33 56 12.530967
33 57 13.331499
33 58 13.622073
33 59 11.983737
33 60 14.598931
33 61 13.636337
33 62 13.092583
33 63 14.331134
33 64 11.953388
33 65 13.862478
33 66 12.952864
33 67 13.436962
33 68 12.120803
33 69 14.793267
33 70 12.138325
33 71 12.767375
33 72 12.131297
33 73 12.380847
33 74 11.176599
33 75 14.783046
33 76 11.932831
33 77 11.676329
33 78 11.147927
33 79 14.424442
33 80 12.878851
33 81 12.255093
33 82 12.301867
33 83 13.567789
33 84 14.254968
33 85 12.944613
33 86 12.475759
33 87 13.768784
33 88 11.642180
33 89 13.053628
33 90 13.067832
33 91 12.095361
33 92 12.407964
33 93 14.551157
33 94 13.564864
33 95 12.839040
33 96 12.570218
33 97 12.108512
33 98 12.708889
33 99 14.324232
33 100 12.967891
33 101 12.920474
33 102 13.728785
33 103 14.563569
33 104 12.224295
33 105 11.025073
33 106 13.657606
33 107 13.478705
33 108 14.652227
33 109 13.174682
33 110 12.359998
33 111 10.945748
33 112 12.998523
33 113 13.718523
33 114 11.068313
33 115 12.735412
33 116 13.820832
33 117 13.320904
33 118 12.065888
33 119 11.409695
33 120 11.214044
33 121 14.466296
33 122 11.566945
33 123 13.770003
33 124 10.940640
33 125 12.575132
33 126 14.633554
33 127 12.456783
33 128 13.547320
33 129 12.620337
33 130 11.926387
33 131 12.966192
33 132 12.228706
33 133 12.508774
33 134 13.178858
33 135 14.384789
33 136 14.536443
33 137 11.442435
33 138 14.629379
33 139 13.810354
33 140 14.412494
33 141 12.601025
33 142 14.666632
33 143 12.254874
33 144 13.938320
33 145 13.404789
33 146 11.253245
33 147 14.200856
33 148 12.836533
33 149 14.513283
33 150 13.407645
33 151 11.072601
33 152 14.660529
33 153 14.182839
33 154 11.858312
33 155 13.566520
33 156 12.983084
33 157 13.949670
33 158 14.397509
33 159 13.154455
33 160 12.915707
33 161 13.648111
33 162 13.686513
33 163 13.506242
33 164 13.591988
33 165 13.663199
33 166 12.447522
33 167 13.468426
33 168 13.846905
33 169 13.197927
33 170 12.419160
33 171 14.060185
33 172 11.454303
33 173 12.892457
33 174 13.221960
33 175 11.290618
33 176 13.522744
33 177 12.358316
33 178 13.114009
33 179 11.624464
33 180 12.930930
33 181 11.243155
33 182 14.163962
33 183 14.350371
33 184 10.923233
33 185 14.104203
33 186 14.783093
33 187 12.200768
33 188 13.832573
33 189 12.399881
33 190 11.676764
33 191 13.703875
33 192 13.137890
33 193 13.826136
33 194 12.808103
33 195 11.372367
33 196 11.121262
33 197 13.671152
33 198 12.038425
33 199 12.200893
33 200 14.409005
34 0 11.073094
34 1 11.662653
34 2 12.938927
34 3 11.756921
34 4 14.421780
34 5 11.061803
34 6 14.606689
34 7 13.524335
34 8 14.535655
34 9 12.319711
34 10 13.197926
34 11 12.953902
34 12 11.954321
34 13 11.494135
34 14 14.380307
34 15 13.321620
34 16 13.449962
34 17 13.583033
34 18 11.138645
34 19 12.518599
34 20 11.496260
34 21 12.494780
34 22 13.768559
34 23 14.546529
34 24 13.322355
34 25 10.994351
34 26 10.929509
34 27 14.042637
34 28 12.023585
34 29 14.439993
34 30 13.966331
34 31 11.435065
34 32 12.159834
34 33 14.049218
34 35 14.817408
34 36 11.838608
34 37 14.452337
34 38 12.895206
34 39 14.668274
34 40 14.536666
34 41 12.269663
34 42 12.107829
34 43 11.143527
34 44 11.612268
34 45 14.438911
34 46 11.758118
34 47 13.706654
34 48 12.374230
34 49 13.070831
34 50 12.097704
34 51 13.308044
34 52 14.229623
34 53 10.961986
34 54 14.611340
34 55 12.754690
34 56 13.874444
34 57 11.854849
34 58 12.266706
34 59 10.948343
34 60 11.588674
34 61 13.717376
34 62 13.574092
34 63 13.167644
34 64 12.145315
34 65 14.190558
34 66 12.339879
34 67 14.437052
34 68 13.123915
34 69 12.999818
34 70 10.965799
34 71 10.972595
34 72 12.912569
34 73 13.677669
34 74 12.828368
34 75 12.033786
34 76 12.037470
34 77 14.310570
34 78 11.412087
34 79 12.254482
34 80 13.856630
34 81 14.328427
34 82 14.338864
34 83 13.835756
34 84 11.936897
34 85 12.821520
34 86 11.552250
34 87 13.428880
34 88 12.881026
34 89 13.622512
34 90 11.685631
34 91 13.246610
34 92 13.010725
34 93 13.347049
34 94 11.625252
34 95 14.160543
34 96 13.823847
34 97 13.704260
34 98 14.227465
34 99 11.262946
34 100 12.176693
34 101 14.514222
34 102 13.482542
34 103 12.405424
34 104 11.496536
34 105 14.215986
34 106 14.022526
34 107 13.115562
34 108 14.249702
34 109 12.532464
34 110 14.612330
34 111 11.365035
34 112 14.064584
34 113 11.233835
34 114 11.652779
34 115 14.731748
34 116 14.290651
34 117 14.791495
34 118 11.494525
34 119 11.183653
34 120 12.702782
34 121 11.750364
34 122 13.177265
34 123 11.023188
34 124 11.038396
34 125 11.119055
34 126 13.928061
34 127 14.254383
34 128 13.149672
34 129 14.565201
34 130 14.310966
34 131 14.677155
34 132 14.366775
34 133 11.031647
34 134 11.111029
34 135 12.275006
34 136 12.225993
34 137 12.308037
34 138 13.229267
34 139 10.927873
34 140 11.715133
34 141 12.507854
34 142 14.454573
34 143 13.936051
34 144 12.328988
34 145 12.633110
34 146 11.460998
34 147 14.532951
34 148 11.937890
34 149 12.091202
34 150 13.567308
34 151 11.497010
34 152 12.084342
34 153 12.749773
34 154 14.152526
34 155 11.051999
34 156 11.370004
34 157 14.393397
34 158 12.098292
34 159 11.981698
34 160 12.519960
34 161 12.412840
34 162 11.807887
34 163 14.028694
34 164 12.911655
34 165 12.711607
34 166 13.904673
34 167 12.968499
34 168 12.262107
34 169 13.829123
34 170 12.003668
34 171 14.410341
34 172 14.062403
34 173 13.182363
34 174 12.836020
34 175 14.057933
34 176 12.603981
34 177 14.583126
34 178 13.957118
34 179 12.309703
34 180 11.379520
34 181 13.080201
34 182 13.008499
34 183 12.426483
34 184 13.178118
34 185 14.132099
34 186 14.749854
34 187 11.619782
34 188 10.959557
34 189 12.021841
34 190 10.981970
34 191 12.019700
34 192 13.548500
34 193 13.476347
34 194 11.611278
34 195 12.436978
34 196 12.365743
34 197 10.991228
34 198 11.558070
34 199 14.601476
34 200 12.996880
35 0 11.871658
35 1 11.668970
35 2 12.914359
35 3 12.928874
35 4 12.470290
35 5 10.929396
35 6 13.694918
35 7 13.086707
35 8 10.992975
35 9 11.398287
35 10 11.329981
35 11 12.037805
35 12 13.949930
35 13 10.995825
35 14 12.020012
35 15 13.448198
35 16 13.717651
35 17 13.184194
35 18 11.192790
35 19 13.580379
35 20 10.943669
35 21 13.207238
35 22 13.744864
35 23 12.453168
35 24 14.633036
35 25 12.840864
35 26 11.364824
35 27 14.140901
35 28 12.522845
35 29 13.062434
35 30 11.683491
35 31 13.616433
35 32 13.128707
35 33 12.627369
35 34 14.817408
35 36 11.686587
35 37 14.151170
35 38 11.584530
35 39 14.728886
35 40 11.795566
35 41 14.029876
35 42 11.281366
35 43 13.473663
35 44 12.793963
35 45 11.966931
35 46 11.957203
35 47 12.520901
35 48 14.290422
35 49 12.850958
35 50 14.335519
35 51 11.985772
35 52 11.936342
35 53 13.106576
35 54 11.297602
35 55 12.935679
35 56 13.413699
35 57 11.471698
35 58 13.117258
35 59 12.593963
35 60 13.666054
35 61 13.086498
35 62 11.229928
35 63 12.694673
35 64 12.443326
35 65 11.415151
35 66 12.239460
35 67 14.473914
35 68 11.799690
35 69 12.792831
35 70 13.860719
35 71 13.305303
35 72 11.189050
35 73 13.958526
35 74 11.604828
35 75 11.630135
35 76 12.413605
35 77 14.547740
35 78 12.719700
35 79 12.814528
35 80 14.724604
35 81 11.929607
35 82 14.705582
35 83 12.547964
35 84 14.403274
35 85 12.518718
35 86 14.508753
35 87 13.599802
35 88 10.962981
35 89 14.321059
35 90 11.498937
35 91 11.959783
35 92 13.756724
35 93 12.895545
35 94 13.291981
35 95 11.396356
35 96 13.857987
35 97 13.974994
35 98 11.037400
35 99 14.457421
35 100 11.955943
35 101 11.638821
35 102 12.013585
35 103 13.936351
35 104 14.665717
35 105 12.897604
35 106 11.863576
35 107 14.421555
35 108 11.075140
35 109 11.817297
35 110 14.316353
35 111 12.509474
35 112 11.761073
35 113 14.199690
35 114 12.507302
35 115 10.986369
35 116 12.300970
35 117 14.772506
35 118 12.228054
35 119 14.565958
35 120 12.145269
35 121 12.162183
35 122 12.159158
35 123 14.536185
35 124 14.179835
35 125 12.593070
35 126 12.508772
35 127 13.427542
35 128 11.278392
35 129 12.484774
35 130 13.106815
35 131 12.206063
35 132 12.018763
35 133 14.404046
35 134 11.119233
35 135 11.794257
35 136 14.032842
35 137 12.321323
35 138 11.280214
35 139 13.260212
35 140 12.005559
35 141 13.833658
35 142 14.154177
35 143 12.593598
35 144 11.384406
35 145 11.001783
35 146 12.935541
35 147 14.212193
35 148 11.267518
35 149 12.420291
35 150 14.412179
35 151 12.698801
35 152 13.382911
35 153 12.661140
35 154 10.987734
35 155 13.342512
35 156 13.022090
35 157 12.299051
35 158 13.307287
35 159 11.814650
35 160 12.823732
35 161 11.377955
35 162 12.584617
35 163 11.130752
35 164 13.930718
35 165 11.659984
35 166 11.500795
35 167 11.979785
35 168 13.299843
35 169 14.151845
35 170 14.660654
35 171 11.071754
35 172 11.270910
35 173 12.596224
35 174 14.812064
35 175 12.121650
35 176 13.028090
35 177 11.056116
35 178 11.134266
35 179 14.474772
35 180 12.985141
35 181 14.047781
35 182 11.119355
35 183 11.974786
35 184 13.396701
35 185 12.136895
35 186 14.210731
35 187 13.085163
35 188 14.678655
35 189 11.803184
35 190 11.928973
35 191 12.347759
35 192 14.515268
35 193 14.632216
35 194 13.605057
35 195 11.527804
35 196 14.579666
35 197 11.233854
35 198 12.136281
35 199 13.735307
35 200 12.929907
36 0 12.032103
36 1 12.738921
36 2 14.049748
36 3 12.982098
36 4 13.390005
36 5 10.963319
36 6 13.608704
36 7 11.331894
36 8 13.717006
36 9 12.708881
36 10 12.915794
36 11 13.010454
36 12 11.088462
36 13 11.439812
36 14 13.926033
36 15 13.765014
36 16 13.270604
36 17 11.470876
36 18 13.157416
36 19 11.376460
36 20 11.028557
36 21 11.815541
36 22 14.436922
36 23 11.580510
36 24 11.089780
36 25 13.146949
36 26 13.707923
36 27 11.064235
36 28 14.119677
36 29 11.715503
36 30 11.359026
36 31 14.478919
36 32 13.737691
36 33 14.569192
36 34 11.838608
36 35 11.686587
36 37 14.228924
36 38 12.648009
36 39 13.568345
36 40 11.156575
36 41 14.189161
36 42 13.820281
36 43 14.818321
36 44 14.810564
36 45 14.276358
36 46 13.740117
36 47 11.367586
36 48 12.787278
36 49 14.587649
36 50 14.635676
36 51 14.015435
36 52 11.055083
36 53 12.460438
36 54 11.760269
36 55 12.538347
36 56 13.467335
36 57 13.802301
36 58 13.379301
36 59 11.302031
36 60 11.517904
36 61 13.869740
36 62 14.364778
36 63 14.401611
36 64 12.811045
36 65 12.790703
36 66 11.261623
36 67 13.924894
36 68 14.735519
36 69 13.783498
36 70 13.934853
36 71 13.739233
36 72 14.052650
36 73 12.488462
36 74 12.758206
36 75 12.003690
36 76 12.916998
36 77 12.799663
36 78 13.286938
36 79 11.552419
36 80 11.640831
36 81 11.205851
36 82 14.601284
36 83 12.464492
36 84 14.066789
36 85 13.559503
36 86 13.413173
36 87 11.488335
36 88 11.688708
36 89 13.811988
36 90 13.122787
36 91 11.798955
36 92 11.727313
36 93 12.526071
36 94 14.625846
36 95 13.840838
36 96 11.726849
36 97 14.418572
36 98 14.174287
36 99 12.939457
36 100 12.461861
36 101 11.326981
36 102 13.679639
36 103 14.526598
36 104 11.760726
36 105 14.537493
36 106 12.821795
36 107 14.079424
36 108 11.072863
36 109 12.810818
36 110 11.490216
36 111 13.465140
36 112 12.832905
36 113 12.309615
36 114 11.532812
36 115 11.254448
36 116 11.451262
36 117 11.046598
36 118 11.899699
36 119 13.337121
36 120 12.631611
36 121 10.969387
36 122 11.794558
36 123 14.661530
36 124 14.704858
36 125 11.399496
36 126 13.943286
36 127 12.555221
36 128 14.172515
36 129 12.625025
36 130 10.964394
36 131 12.363059
36 132 10.983838
36 133 13.607567
36 134 11.601806
36 135 13.377418
36 136 12.520822
36 137 11.242991
36 138 14.515486
36 139 13.789339
36 140 14.065061
36 141 13.668896
36 142 11.952779
36 143 14.243940
36 144 13.257363
36 145 11.496857
36 146 11.188137
36 147 12.436972
36 148 12.074216
36 149 11.991710
36 150 14.726233
36 151 11.592633
36 152 11.646412
36 153 11.469494
36 154 11.394616
36 155 12.967010
36 156 11.813910
36 157 12.316039
36 158 11.805885
36 159 13.536151
36 160 14.072638
36 161 14.746414
36 162 11.333049
36 163 12.284188
36 164 13.160247
36 165 12.107673
36 166 11.932177
36 167 13.493912
36 168 12.462323
36 169 11.697890
36 170 12.994873
36 171 12.650566
36 172 12.849546
36 173 11.287122
36 174 12.026333
36 175 12.330215
36 176 11.657862
36 177 12.890849
36 178 14.798548
36 179 11.802026
36 180 11.443797
36 181 11.244489
36 182 10.988332
36 183 11.703254
36 184 10.946074
36 185 12.531534
36 186 14.786488
36 187 12.707996
36 188 14.276164
36 189 11.877641
36 190 11.915612
36 191 14.718419
36 192 13.633494
36 193 12.490195
36 194 12.124777
36 195 13.775063
36 196 12.860551
36 197 11.831194
36 198 11.057669
36 199 11.109284
36 200 13.393795
37 0 11.159952
37 1 14.629641
37 2 12.239163
37 3 13.283708
37 4 12.950434
37 5 12.465477
37 6 13.134189
37 7 11.966355
37 8 11.266295
37 9 11.437527
37 10 13.511047
37 11 12.540322
37 12 14.637133
37 13 11.975866
37 14 12.004232
37 15 12.248584
37 16 14.148313
37 17 13.903841
37 18 11.734424
37 19 12.378286
37 20 11.511693
37 21 14.367601
37 22 13.662959
37 23 11.092585
37 24 13.587910
37 25 14.793797
37 26 12.324931
37 27 13.516369
37 28 11.823129
37 29 12.188597
37 30 14.002584
37 31 13.375542
37 32 13.288980
37 33 11.116357
37 34 14.452337
37 35 14.151170
37 36 14.228924
37 38 11.497736
37 39 12.684207
37 40 12.184043
37 41 13.839945
37 42 13.089837
37 43 14.242489
37 44 13.495263
37 45 14.196988
37 46 11.497756
37 47 13.689013
37 48 13.249157
37 49 11.730442
37 50 12.494192
37 51 11.974097
37 52 14.638799
37 53 11.600561
37 54 13.690318
37 55 12.291526
37 56 13.900736
37 57 12.228255
37 58 12.741496
37 59 12.841996
37 60 14.132418
37 61 14.749436
37 62 13.527335
37 63 13.062978
37 64 14.584027
37 65 12.669212
37 66 13.828239
37 67 14.711402
37 68 11.640388
37 69 14.547429
37 70 14.413248
37 71 11.602219
37 72 11.763263
37 73 13.485022
37 74 14.495854
37 75 13.824821
37 76 14.187290
37 77 14.398646
37 78 13.262809
37 79 12.480312
37 80 11.110903
37 81 12.564393
37 82 11.782497
37 83 12.142268
37 84 10.979043
37 85 12.281681
37 86 13.203952
37 87 12.000868
37 88 11.430682
37 89 10.935515
37 90 13.825202
37 91 12.690255
37 92 14.538423
37 93 12.426234
37 94 11.908553
37 95 14.186576
37 96 13.193723
37 97 13.988419
37 98 14.081522
37 99 14.454324
37 100 13.117401
37 101 13.976955
37 102 13.346689
37 103 14.521112
37 104 11.148355
37 105 12.249209
37 106 13.611161
37 107 12.566343
37 108 13.951118
37 109 12.300192
37 110 11.768723
37 111 13.457557
37 112 12.202135
37 113 14.242471
37 114 13.701820
37 115 13.374175
37 116 14.292050
37 117 14.255396
37 118 14.163182
37 119 13.030450
37 120 12.702705
37 121 11.778487
37 122 11.752509
37 123 11.498620
37 124 12.970230
37 125 11.466058
37 126 13.173718
37 127 12.026889
37 128 12.507354
37 129 14.596038
37 130 12.496300
37 131 12.523346
37 132 12.564217
37 133 12.476360
37 134 11.739110
37 135 13.470090
37 136 11.301662
37 137 13.875958
37 138 12.199176
37 139 14.390276
37 140 13.202592
37 141 14.535829
37 142 11.717918
37 143 11.554219
37 144 14.715600
37 145 14.429707
37 146 13.795007
37 147 13.942181
37 148 11.546084
37 149 12.078012
37 150 13.196538
37 151 12.178545
37 152 13.824233
37 153 11.931107
37 154 14.486081
37 155 14.371717
37 156 11.089161
37 157 12.265145
37 158 11.764771
37 159 14.233653
37 160 14.597015
37 161 11.323515
37 162 14.688660
37 163 14.407107
37 164 14.789748
37 165 12.446863
37 166 13.051731
37 167 12.596645
37 168 12.701921
37 169 12.084909
37 170 13.540735
37 171 12.804690
37 172 12.047746
37 173 12.144547
37 174 13.662581
37 175 14.386430
37 176 11.008784
37 177 11.571766
37 178 12.786644
37 179 14.158344
37 180 14.113039
37 181 13.130093
37 182 11.306520
37 183 12.584741
37 184 12.320129
37 185 10.982847
37 186 14.025618
37 187 13.234732
37 188 12.567221
37 189 13.116298
37 190 12.621335
37 191 11.596605
37 192 13.107176
37 193 11.349970
37 194 12.846830
37 195 10.949399
37 196 12.041919
37 197 12.977328
37 198 14.230723
37 199 14.277087
37 200 14.380370
38 0 11.034990
38 1 11.086580
38 2 12.794787
38 3 11.869007
38 4 14.305270
38 5 13.362171
38 6 12.514103
38 7 11.741589
38 8 14.065756
38 9 11.088495
38 10 12.388967
38 11 12.497050
38 12 11.248593
38 13 13.888056
38 14 11.901581
38 15 11.790814
38 16 11.040798
38 17 13.447795
38 18 10.926652
38 19 12.758624
38 20 14.492411
38 21 14.137791
38 22 14.756658
38 23 11.053918
38 24 10.925783
38 25 12.143373
38 26 13.431216
38 27 11.079684
38 28 14.045158
38 29 13.969790
38 30 11.551271
38 31 11.639179
38 32 13.842515
38 33 13.148637
38 34 12.895206
38 35 11.584530
38 36 12.648009
38 37 11.497736
38 39 11.742106
38 40 11.329760
38 41 13.792879
38 42 11.874978
38 43 14.171270
38 44 13.395616
38 45 12.076664
38 46 12.108812
38 47 14.515266
38 48 13.962832
38 49 14.234173
38 50 13.036213
38 51 14.398007
38 52 13.268782
38 53 14.179399
38 54 14.240591
38 55 12.869855
38 56 14.414629
38 57 14.114636
38 58 11.751152
38 59 14.495583
38 60 12.880775
38 61 11.569234
38 62 11.225040
38 63 13.914293
38 64 13.522437
38 65 12.854505
38 66 14.169692
38 67 14.730325
38 68 11.033873
38 69 11.312228
38 70 13.810619
38 71 14.694170
38 72 12.736224
38 73 13.278765
38 74 11.724945
38 75 11.948658
38 76 11.317208
38 77 13.950118
38 78 11.162641
38 79 11.104253
38 80 14.088501
38 81 13.822576
38 82 13.279081
38 83 14.727285
38 84 14.255773
38 85 12.224858
38 86 12.347920
38 87 11.693262
38 88 13.463656
38 89 13.228781
38 90 12.893506
38 91 13.326775
38 92 11.437262
38 93 14.722116
38 94 14.175574
38 95 13.903228
38 96 14.654909
38 97 11.057424
38 98 13.643937
38 99 11.828546
38 100 13.600574
38 101 11.259312
38 102 13.176932
38 103 12.576027
38 104 11.981102
38 105 11.231803
38 106 14.634535
38 107 14.168106
38 108 13.280773
38 109 14.560425
38 110 12.724048
38 111 13.126326
38 112 13.873848
38 113 11.180333
38 114 12.965586
38 115 14.065629
38 116 11.119366
38 117 12.891984
38 118 14.222851
38 119 11.273241
38 120 13.387016
38 121 13.067107
38 122 12.724976
38 123 11.184144
38 124 13.572775
38 125 14.366151
38 126 14.133767
38 127 13.412375
38 128 11.935948
38 129 12.119885
38 130 13.371629
38 131 13.431783
38 132 13.155971
38 133 14.515773
38 134 14.327604
38 135 11.411749
38 136 12.926949
38 137 12.323896
38 138 11.212644
38 139 11.776546
38 140 13.351527
38 141 12.581459
38 142 13.574618
38 143 13.263745
38 144 13.842385
38 145 11.486469
38 146 12.555863
38 147 11.652047
38 148 13.546863
38 149 11.705366
38 150 11.422294
38 151 14.539212
38 152 11.897621
38 153 10.998341
38 154 12.659211
38 155 12.575607
38 156 12.132328
38 157 11.192033
38 158 13.270354
38 159 11.153974
38 160 14.133350
38 161 13.762854
38 162 12.002036
38 163 11.621968
38 164 14.773561
38 165 12.605867
38 166 11.367564
38 167 12.689954
38 168 13.548886
38 169 12.327192
38 170 11.749773
38 171 13.912362
38 172 11.898388
38 173 11.399343
38 174 11.156279
38 175 14.802939
38 176 13.761751
38 177 11.109439
38 178 14.087478
38 179 14.676362
38 180 11.742198
38 181 13.174164
38 182 11.472310
38 183 10.988032
38 184 11.162943
38 185 13.107708
38 186 13.048565
38 187 13.821803
38 188 11.541272
38 189 11.443670
38 190 11.890824
38 191 13.734703
38 192 13.346525
38 193 12.716736
38 194 14.218325
38 195 12.677012
38 196 12.059861
38 197 13.792992
38 198 12.490107
38 199 12.444663
38 200 14.371164
39 0 11.735467
39 1 11.987561
39 2 12.456200
39 3 11.455077
39 4 12.370073
39 5 10.965667
39 6 11.466057
39 7 12.781515
39 8 14.380152
39 9 14.530801
39 10 14.280547
39 11 11.952557
39 12 11.313992
39 13 11.068368
39 14 12.971442
39 15 12.135817
39 16 13.474446
39 17 13.156849
39 18 12.334864
39 19 14.574280
39 20 13.982703
39 21 13.756729
39 22 14.037157
39 23 13.777550
39 24 12.867091
39 25 11.292439
39 26 11.781053
39 27 11.008003
39 28 11.903656
39 29 14.634846
39 30 14.518974
39 31 11.799014
39 32 12.281872
39 33 11.736459
39 34 14.668274
39 35 14.728886
39 36 13.568345
39 37 12.684207
39 38 11.742106
39 40 12.981045
39 41 14.727280
39 42 12.119424
39 43 13.175240
39 44 13.618271
39 45 11.643199
39 46 13.660333
39 47 14.244719
39 48 11.597042
39 49 12.696069
39 50 13.362832
39 51 13.087464
39 52 11.349353
39 53 12.411807
39 54 13.518953
39 55 11.858236
39 56 13.821719
39 57 12.286745
39 58 14.194811
39 59 13.920204
39 60 14.786664
39 61 13.642744
39 62 12.030305
39 63 14.299651
39 64 10.931333
39 65 11.621260
39 66 12.187182
39 67 12.304350
39 68 12.607752
39 69 13.612405
39 70 13.444403
39 71 12.358543
39 72 12.042643
39 73 11.049207
39 74 14.496136
39 75 13.077141
39 76 13.061157
39 77 12.798451
39 78 12.286766
39 79 14.378014
39 80 14.219275
39 81 11.513882
39 82 13.145030
39 83 14.154500
39 84 11.545931
39 85 13.708035
39 86 11.852947
39 87 14.038629
39 88 12.936462
39 89 11.589703
39 90 11.664481
39 91 14.699052
39 92 13.460375
39 93 11.760648
39 94 12.226295
39 95 12.928331
39 96 14.669048
39 97 12.630231
39 98 12.291983
39 99 12.719248
39 100 12.838989
39 101 12.817795
39 102 14.665118
39 103 11.548011
39 104 14.035214
39 105 12.129305
39 106 13.719680
39 107 12.600717
39 108 13.679815
39 109 13.098412
39 110 11.402876
39 111 13.525884
39 112 12.547103
39 113 12.263818
39 114 14.720743
39 115 12.197772
39 116 14.524824
39 117 11.084798
39 118 11.674047
39 119 12.068928
39 120 13.398370
39 121 12.385354
39 122 13.672921
39 123 11.376701
39 124 13.659461
39 125 13.871504
39 126 11.170415
39 127 11.128972
39 128 14.178270
39 129 10.949109
39 130 11.501159
39 131 12.088435
39 132 12.339753
39 133 13.867328
39 134 11.061733
39 135 13.095506
39 136 13.302049
39 137 13.201040
39 138 11.889090
39 139 11.654654
39 140 14.727229
39 141 11.066165
39 142 11.705342
39 143 13.095161
39 144 12.658282
39 145 13.367495
39 146 12.218207
39 147 10.954761
39 148 11.132654
39 149 14.364691
39 150 10.943570
39 151 12.993524
39 152 13.390929
39 153 14.616937
39 154 11.594855
39 155 11.450290
39 156 12.612276
39 157 12.433080
39 158 11.267868
39 159 12.962240
39 160 11.197499
39 161 12.490058
39 162 12.002695
39 163 12.505008
39 164 12.768625
39 165 11.704959
39 166 11.907587
39 167 14.211181
39 168 12.312942
39 169 11.993477
39 170 11.084980
39 171 14.544134
39 172 13.379281
39 173 10.970984
39 174 11.071959
39 175 13.916820
39 176 11.825429
39 177 11.228119
39 178 13.395964
39 179 14.526526
39 180 12.977641
39 181 14.586854
39 182 12.422835
39 183 11.096724
39 184 11.025856
39 185 11.636539
39 186 14.502420
39 187 10.955893
39 188 12.172425
39 189 13.859937
39 190 13.737506
39 191 14.484294
39 192 13.357878
39 193 11.777975
39 194 12.985025
39 195 12.284753
39 196 12.209411
39 197 13.909612
39 198 12.799211
39 199 11.497632
39 200 14.817156
40 0 13.719470
40 1 13.338584
40 2 11.212681
40 3 14.726968
40 4 13.547461
40 5 11.070936
40 6 11.925491
40 7 12.001603
40 8 12.843034
40 9 12.322455
40 10 13.789960
40 11 14.326709
40 12 13.895361
40 13 13.990824
40 14 13.782827
40 15 12.048055
40 16 12.094533
40 17 12.006550
40 18 13.551242
40 19 13.918841
40 20 12.009983
40 21 13.355886
40 22 11.044660
40 23 14.211158
40 24 10.964600
40 25 14.413838
40 26 12.896995
40 27 12.501761
40 28 12.168549
40 29 13.675325
40 30 12.804552
40 31 13.180625
40 32 13.517687
40 33 11.831065
40 34 14.536666
40 35 11.795566
40 36 11.156575
40 37 12.184043
40 38 11.329760
40 39 12.981045
40 41 11.955178
40 42 13.358374
40 43 12.741570
40 44 14.175991
40 45 12.571322
40 46 10.938432
40 47 14.314202
40 48 13.319027
40 49 12.753713
40 50 12.736122
40 51 12.787121
40 52 13.009877
40 53 11.870072
40 54 11.907029
40 55 14.323940
40 56 11.012112
40 57 11.740326
40 58 14.715212
40 59 14.243085
40 60 12.059157
40 61 13.056852
40 62 11.549094
40 63 13.492458
40 64 11.870135
40 65 11.404356
40 66 11.306932
40 67 12.458839
40 68 11.659920
40 69 10.973140
40 70 11.577380
40 71 11.754229
40 72 12.317485
40 73 12.387405
40 74 13.622082
40 75 11.981128
40 76 13.947128
40 77 12.240686
40 78 13.969176
40 79 14.651818
40 80 12.537762
40 81 10.986848
40 82 14.114129
40 83 13.123541
40 84 12.463987
40 85 11.086168
40 86 11.497912
40 87 13.983647
40 88 13.603080
40 89 12.071494
40 90 13.760531
40 91 14.187227
40 92 11.641261
40 93 14.421431
40 94 12.250904
40 95 13.533117
40 96 11.388188
40 97 12.857889
40 98 14.604603
40 99 13.226652
40 100 13.851228
40 101 11.349659
40 102 12.853847
40 103 11.952894
40 104 13.463133
40 105 14.772708
40 106 14.609806
40 107 14.038897
40 108 12.512669
40 109 12.617758
40 110 11.529761
40 111 14.330406
40 112 14.356850
40 113 13.600239
40 114 13.272897
40 115 14.352943
40 116 12.546243
40 117 13.247326
40 118 12.616520
40 119 11.101105
40 120 12.353807
40 121 13.135061
40 122 11.197584
40 123 13.131585
40 124 14.230504
40 125 14.045198
40 126 13.271014
40 127 14.409478
40 128 13.472645
40 129 14.025217
40 130 12.148219
40 131 13.306502
40 132 12.250227
40 133 11.514073
40 134 12.436540
40 135 14.532436
40 136 11.503359
40 137 13.533044
40 138 11.910308
40 139 12.432592
40 140 13.570674
40 141 12.719589
40 142 12.778460
40 143 13.843862
40 144 11.951012
40 145 13.496945
40 146 11.264848
40 147 14.380497
40 148 12.489632
40 149 12.300930
40 150 13.694239
40 151 12.627084
40 152 11.300342
40 153 14.806846
40 154 12.702585
40 155 14.726014
40 156 11.121871
40 157 12.718457
40 158 12.830516
40 159 12.200524
40 160 14.680869
40 161 11.974328
40 162 14.032612
40 163 11.315810
40 164 13.817149
40 165 14.688354
40 166 12.236017
40 167 14.418854
40 168 11.768883
40 169 11.992537
40 170 13.404252
40 171 11.825865
40 172 12.305880
40 173 11.768402
40 174 13.744204
40 175 13.710090
40 176 11.541887
40 177 11.951188
40 178 14.445543
40 179 11.728038
40 180 12.965993
40 181 13.644485
40 182 13.597822
40 183 11.801640
40 184 13.234852
40 185 14.740898
40 186 12.827828
40 187 14.430852
40 188 13.382629
40 189 13.198099
40 190 14.262932
40 191 13.615813
40 192 12.513336
40 193 11.602286
40 194 14.682820
40 195 12.778162
40 196 12.050308
40 197 11.522077
40 198 11.902405
40 199 12.807469
40 200 11.269988
41 0 11.864389
41 1 12.280934
41 2 14.693100
41 3 12.408536
41 4 11.476806
41 5 14.752546
41 6 12.894583
41 7 13.466722
41 8 14.708512
41 9 11.722946
41 10 13.526350
41 11 12.615340
41 12 12.959655
41 13 14.605398
41 14 12.561491
41 15 12.387995
41 16 13.069809
41 17 14.360266
41 18 14.677914
41 19 11.639139
41 20 12.061931
41 21 11.960766
41 22 13.485625
41 23 13.105531
41 24 11.098323
41 25 13.086192
41 26 13.655811
41 27 11.670160
41 28 14.267266
41 29 13.360241
41 30 14.686946
41 31 14.569123
41 32 11.085867
41 33 12.592816
41 34 12.269663
41 35 14.029876
41 36 14.189161
41 37 13.839945
41 38 13.792879
41 39 14.727280
41 40 11.955178
41 42 13.192752
41 43 13.548961
41 44 12.203551
41 45 11.351639
41 46 13.285949
41 47 11.025687
41 48 13.088609
41 49 12.855281
41 50 14.068219
41 51 13.441844
41 52 14.013886
41 53 14.797458
41 54 12.432450
41 55 14.360565
41 56 13.437390
41 57 12.847828
41 58 11.792852
41 59 14.649275
41 60 13.773667
41 61 13.647626
41 62 13.107715
41 63 11.986198
41 64 12.436155
41 65 12.926347
41 66 12.189611
41 67 11.117900
41 68 12.102891
41 69 12.930070
41 70 12.538938
41 71 12.277271
41 72 12.660206
41 73 11.891847
41 74 11.720397
41 75 11.124032
41 76 13.673225
41 77 13.884163
41 78 11.941395
41 79 11.936245
41 80 11.690297
41 81 14.682357
41 82 12.929256
41 83 11.896356
41 84 14.227116
41 85 11.842140
41 86 12.904457
41 87 14.094273
41 88 12.912624
41 89 13.028575
41 90 14.528077
41 91 13.007590
41 92 12.241764
41 93 14.319880
41 94 13.865055
41 95 11.030483
41 96 11.716749
41 97 14.438708
41 98 12.084942
41 99 14.395787
41 100 14.439977
41 101 12.978185
41 102 12.095860
41 103 12.792403
41 104 12.640574
41 105 14.510363
41 106 14.358764
41 107 13.356937
41 108 11.646803
41 109 14.662843
41 110 14.266314
41 111 14.724096
41 112 14.642930
41 113 14.512842
41 114 11.969930
41 115 13.116315
41 116 14.429554
41 117 11.306094
41 118 11.282937
41 119 12.989137
41 120 13.842395
41 121 14.231308
41 122 14.311789
41 123 14.717341
41 124 13.063190
41 125 11.604826
41 126 14.542921
41 127 12.311326
41 128 11.629118
41 129 13.885187
41 130 11.702328
41 131 13.957997
41 132 11.023047
41 133 11.209539
41 134 11.772436
41 135 12.127619
41 136 12.113051
41 137 12.562234
41 138 13.268486
41 139 13.479343
41 140 14.443063
41 141 13.447493
41 142 13.201209
41 143 12.144016
41 144 12.923326
41 145 14.503616
41 146 11.436281
41 147 11.566050
41 148 13.157497
41 149 14.054982
41 150 11.156092
41 151 10.992073
41 152 12.130624
41 153 10.950140
41 154 14.813940
41 155 13.565180
41 156 11.064352
41 157 12.603291
41 158 11.143144
41 159 12.411121
41 160 12.750028
41 161 12.955020
41 162 14.120316
41 163 14.475356
41 164 14.485041
41 165 12.005679
41 166 11.717842
41 167 12.474324
41 168 10.994846
41 169 13.177901
41 170 11.601021
41 171 13.233536
41 172 14.069823
41 173 14.602205
41 174 11.981783
41 175 14.302604
41 176 11.416102
41 177 14.107827
41 178 13.461982
41 179 13.507448
41 180 12.429258
41 181 12.405822
41 182 10.961349
41 183 14.118397
41 184 12.144317
41 185 12.942501
41 186 13.184214
41 187 14.076658
41 188 12.094661
41 189 12.806980
41 190 13.587765
41 191 12.563146
41 192 12.461935
41 193 14.162630
41 194 11.781157
41 195 11.860212
41 196 13.591697
41 197 11.104473
41 198 11.918431
41 199 14.656310
41 200 11.874766
42 0 11.355066
42 1 11.512637
42 2 13.864746
42 3 13.686604
42 4 13.207305
42 5 12.380432
42 6 11.813358
42 7 13.365805
42 8 13.743739
42 9 11.580556
42 10 13.014938
42 11 13.032944
42 12 11.049740
42 13 12.494415
42 14 14.660441
42 15 11.576942
42 16 13.390964
42 17 12.788575
42 18 14.107048
42 19 14.790786
42 20 10.990295
42 21 11.160301
42 22 11.942225
42 23 13.707724
42 24 11.748471
42 25 11.528817
42 26 13.307446
42 27 11.066634
42 28 14.667425
42 29 11.786734
42 30 14.719282
42 31 14.137933
42 32 13.449168
42 33 12.516288
42 34 12.107829
42 35 11.281366
42 36 13.820281
42 37 13.089837
42 38 11.874978
42 39 12.119424
42 40 13.358374
42 41 13.192752
42 43 14.080466
42 44 12.615471
42 45 14.650675
42 46 13.826663
42 47 11.654720
42 48 13.125465
42 49 14.608053
42 50 11.550347
42 51 12.952599
42 52 11.095365
42 53 14.492589
42 54 12.716584
42 55 12.971769
42 56 14.230011
42 57 11.836457
42 58 14.764722
42 59 12.685647
42 60 12.278092
42 61 11.451561
42 62 13.831386
42 63 14.602224
42 64 13.876200
42 65 12.150603
42 66 11.794043
42 67 13.596744
42 68 13.039239
42 69 11.056216
42 70 11.213207
42 71 12.940195
42 72 11.867367
42 73 14.807071
42 74 12.191583
42 75 12.598312
42 76 11.826000
42 77 12.467548
42 78 11.744572
42 79 12.759142
42 80 13.565631
42 81 11.333839
42 82 12.234867
42 83 14.586209
42 84 13.660461
42 85 13.546330
42 86 12.152937
42 87 13.015601
42 88 13.264264
42 89 12.670521
42 90 14.724066
42 91 11.119157
42 92 14.158625
42 93 12.222943
42 94 14.688919
42 95 13.570142
42 96 13.593272
42 97 14.285521
42 98 14.764295
42 99 13.173407
42 100 12.769864
42 101 12.457726
42 102 11.286731
42 103 11.048064
42 104 12.402726
42 105 12.942121
42 106 14.781672
42 107 13.078288
42 108 11.111062
42 109 14.585992
42 110 13.688869
42 111 11.907363
42 112 12.320324
42 113 10.962251
42 114 13.215544
42 115 11.780288
42 116 13.694520
42 117 13.538024
42 118 11.089310
42 119 14.561781
42 120 14.347532
42 121 14.675976
42 122 11.610179
42 123 13.698608
42 124 14.476796
42 125 11.564110
42 126 13.801115
42 127 14.802050
42 128 13.575687
42 129 12.010709
42 130 12.861162
42 131 11.777167
42 132 14.191844
42 133 14.396805
42 134 12.288382
42 135 12.534478
42 136 11.239038
42 137 13.722374
42 138 14.528784
42 139 14.728060
42 140 14.338151
42 141 14.261026
42 142 11.763500
42 143 11.875570
42 144 13.368068
42 145 13.954654
42 146 11.205873
42 147 14.073309
42 148 14.736187
42 149 13.027160
42 150 12.662908
42 151 13.239166
42 152 11.897474
42 153 12.567245
42 154 13.087500
42 155 13.399126
42 156 13.667462
42 157 12.499559
42 158 11.262500
42 159 14.510999
42 160 14.030836
42 161 13.350551
42 162 12.044255
42 163 13.516071
42 164 12.109206
42 165 13.519711
42 166 11.557943
42 167 12.571180
42 168 12.213618
42 169 14.361630
42 170 11.654629
42 171 11.033525
42 172 13.801151
42 173 13.064232
42 174 12.043225
42 175 11.714125
42 176 11.294076
42 177 14.660254
42 178 10.951511
42 179 11.108776
42 180 13.166740
42 181 13.474210
42 182 11.519617
42 183 14.566943
42 184 11.253032
42 185 10.977584
42 186 13.630592
42 187 12.424794
42 188 12.172552
42 189 13.908700
42 190 12.512007
42 191 10.920400
42 192 11.056838
42 193 11.383006
42 194 12.792667
42 195 13.407232
42 196 13.452574
42 197 12.010782
42 198 12.279613
42 199 14.407254
42 200 12.110452
43 0 11.365104
43 1 11.127661
43 2 13.452796
43 3 13.894566
43 4 13.363628
43 5 13.584158
43 6 11.532391
43 7 12.337484
43 8 11.191103
43 9 13.789600
43 10 12.390201
43 11 14.667159
43 12 14.260198
43 13 13.270352
43 14 14.730801
43 15 13.044864
43 16 12.485218
43 17 12.663745
43 18 13.410569
43 19 14.778285
43 20 12.894906
43 21 13.482534
43 22 11.485383
43 23 13.611969
43 24 14.387300
43 25 11.732090
43 26 12.791948
43 27 14.374414
43 28 13.251151
43 29 13.120324
43 30 12.732781
43 31 10.930610
43 32 12.853718
43 33 12.942234
43 34 11.143527
43 35 13.473663
43 36 14.818321
43 37 14.242489
43 38 14.171270
43 39 13.175240
43 40 12.741570
43 41 13.548961
43 42 14.080466
43 44 13.593915
43 45 12.303442
43 46 12.284003
43 47 12.592924
43 48 11.070053
43 49 11.803278
43 50 12.200185
43 51 13.580663
43 52 11.432619
43 53 12.985207
43 54 13.280385
43 55 11.031957
43 56 12.415784
43 57 13.487019
43 58 12.894685
43 59 12.171159
43 60 11.477778
43 61 11.813501
43 62 11.429266
43 63 13.326718
43 64 13.050134
43 65 12.162920
43 66 12.550624
43 67 12.221814
43 68 14.326855
43 69 14.696702
43 70 13.169043
43 71 14.169072
43 72 11.411591
43 73 13.802938
43 74 11.183008
43 75 13.649348
43 76 14.540529
43 77 11.642811
43 78 12.870304
43 79 14.143792
43 80 12.231603
43 81 14.729550
43 82 12.771702
43 83 13.617774
43 84 13.517886
43 85 12.451983
43 86 11.304200
43 87 12.857110
43 88 11.885373
43 89 13.563516
43 90 14.783079
43 91 14.181875
43 92 13.838812
43 93 14.558787
43 94 12.494752
43 95 14.008453
43 96 12.657548
43 97 14.725355
43 98 11.073513
43 99 13.462446
43 100 12.420413
43 101 11.784979
43 102 13.975788
43 103 14.308586
43 104 12.427666
43 105 13.334327
43 106 13.046089
43 107 14.049406
43 108 13.380772
43 109 11.423955
43 110 14.661105
43 111 10.942553
43 112 13.302767
43 113 13.982337
43 114 12.744094
43 115 13.279072
43 116 12.868353
43 117 12.293541
43 118 13.927664
43 119 12.317362
43 120 14.675195
43 121 11.942952
43 122 13.068313
43 123 14.314160
43 124 13.029461
43 125 14.720392
43 126 13.736852
43 127 14.312697
43 128 13.765577
43 129 13.304608
43 130 11.143505
43 131 12.703588
43 132 13.299958
43 133 13.938511
43 134 11.849570
43 135 13.456896
43 136 12.338467
43 137 11.387964
43 138 13.858035
43 139 13.111224
43 140 13.574804
43 141 14.307222
43 142 13.528049
43 143 13.668271
43 144 11.040478
43 145 11.871600
43 146 14.695359
43 147 14.573312
43 148 12.002260
43 149 13.890844
43 150 14.558749
43 151 13.431437
43 152 14.797692
43 153 11.441567
43 154 12.157165
43 155 14.619942
43 156 14.505619
43 157 13.969596
43 158 13.247402
43 159 13.545327
43 160 12.421616
43 161 13.990267
43 162 14.599078
43 163 13.940355
43 164 12.928062
43 165 12.537125
43 166 13.533934
43 167 14.816105
43 168 13.822267
43 169 12.933334
43 170 11.198865
43 171 14.787171
43 172 13.520710
43 173 11.598676
43 174 12.634769
43 175 11.226637
43 176 11.417296
43 177 14.765458
43 178 11.241617
43 179 12.199328
43 180 14.546355
43 181 10.991912
43 182 11.359888
43 183 14.263373
43 184 14.449321
43 185 13.134722
43 186 11.261841
43 187 14.385583
43 188 13.483824
43 189 11.463389
43 190 12.395288
43 191 11.781295
43 192 14.541800
43 193 13.207228
43 194 12.260974
43 195 13.352033
43 196 12.731539
43 197 13.756761
43 198 13.412340
43 199 11.595859
43 200 11.909178
44 0 14.018055
44 1 11.413989
44 2 13.762494
44 3 11.031144
44 4 12.188249
44 5 12.681717
44 6 13.046103
44 7 12.362407
44 8 11.337864
44 9 13.006902
44 10 11.737355
44 11 11.775413
44 12 13.174984
44 13 11.114504
44 14 12.144813
44 15 11.296669
44 16 14.558314
44 17 11.694137
44 18 13.151534
44 19 11.835239
44 20 11.557916
44 21 14.074097
44 22 13.673092
44 23 14.602197
44 24 12.261999
44 25 12.548608
44 26 12.793749
44 27 11.966075
44 28 13.825655
44 29 11.954402
44 30 14.062952
44 31 12.981706
44 32 12.460200
44 33 14.158343
44 34 11.612268
44 35 12.793963
44 36 14.810564
44 37 13.495263
44 38 13.395616
44 39 13.618271
44 40 14.175991
44 41 12.203551
44 42 12.615471
44 43 13.593915
44 45 11.904109
44 46 13.903462
44 47 10.983956
44 48 11.612863
44 49 14.539196
44 50 11.731652
44 51 13.827847
44 52 12.631166
44 53 13.008907
44 54 11.474060
44 55 14.249734
44 56 14.191658
44 57 11.983660
44 58 11.571626
44 59 11.275648
44 60 13.354584
44 61 11.581332
44 62 13.749781
44 63 12.592636
44 64 14.805486
44 65 11.292750
44 66 12.280255
44 67 13.664766
44 68 11.777442
44 69 14.514018
44 70 11.853891
44 71 12.908553
44 72 13.989260
44 73 11.201785
44 74 12.491306
44 75 11.469823
44 76 11.544666
44 77 14.767849
44 78 12.339155
44 79 11.100605
44 80 14.642396
44 81 11.106557
44 82 12.638088
44 83 12.864571
44 84 11.690520
44 85 13.023630
44 86 13.366930
44 87 12.607055
44 88 12.229505
44 89 11.373193
44 90 14.365420
44 91 11.584786
44 92 12.982293
44 93 14.231825
44 94 13.404690
44 95 11.316122
44 96 14.154886
44 97 11.296554
44 98 11.841237
44 99 11.197939
44 100 11.238100
44 101 14.247344
44 102 11.676735
44 103 12.658585
44 104 14.377844
44 105 13.616328
44 106 10.949661
44 107 11.531838
44 108 13.683713
44 109 13.011219
44 110 11.389051
44 111 13.537859
44 112 12.443741
44 113 13.930860
44 114 12.221983
44 115 14.442905
44 116 11.544620
44 117 13.414403
44 118 14.345267
44 119 13.066133
44 120 13.661826
44 121 12.905741
44 122 13.723321
44 123 13.530650
44 124 11.064316
44 125 11.657592
44 126 11.804613
44 127 14.711792
44 128 11.890322
44 129 13.445363
44 130 11.630878
44 131 11.865048
44 132 12.298596
44 133 13.554381
44 134 11.418765
44 135 14.608002
44 136 14.312682
44 137 11.392319
44 138 11.366947
44 139 11.808157
44 140 14.062921
44 141 13.293182
44 142 13.988901
44 143 12.089618
44 144 11.506107
44 145 11.956851
44 146 11.609361
44 147 12.577910
44 148 12.318217
44 149 14.480931
44 150 14.089120
44 151 13.739419
44 152 14.140673
44 153 12.586094
44 154 12.692667
44 155 13.602832
44 156 11.478332
44 157 11.370293
44 158 12.529102
44 159 14.474421
44 160 11.810514
44 161 11.354645
44 162 12.669889
44 163 13.667865
44 164 11.906390
44 165 12.450927
44 166 13.932479
44 167 12.081673
44 168 14.777623
44 169 11.044278
44 170 12.188613
44 171 13.706151
44 172 13.387002
44 173 12.735520
44 174 11.574720
44 175 14.278845
44 176 11.613427
44 177 12.293559
44 178 13.288449
44 179 14.134443
44 180 13.475567
44 181 12.532571
44 182 14.625485
44 183 14.807587
44 184 14.255698
44 185 11.187371
44 186 13.826286
44 187 12.400111
44 188 11.540354
44 189 13.076734
44 190 12.807704
44 191 12.759644
44 192 12.684569
44 193 10.972403
44 194 11.220511
44 195 14.247454
44 196 12.296431
44 197 14.483590
44 198 11.268643
44 199 13.414563
44 200 11.719369
45 0 14.004357
45 1 12.947913
45 2 14.496354
45 3 13.185076
45 4 11.947901
45 5 12.849053
45 6 13.610415
45 7 11.237639
45 8 11.364488
45 9 13.730920
45 10 12.181409
45 11 13.720678
45 12 10.938108
45 13 13.634796
45 14 14.692823
45 15 12.703917
45 16 14.144447
45 17 14.684831
45 18 14.016565
45 19 13.273935
45 20 12.014161
45 21 10.951141
45 22 12.761067
45 23 14.696368
45 24 12.043827
45 25 12.533943
45 26 13.879897
45 27 13.248800
45 28 12.676114
45 29 12.252406
45 30 14.187242
45 31 13.244165
45 32 13.079990
45 33 14.106758
45 34 14.438911
45 35 11.966931
45 36 14.276358
45 37 14.196988
45 38 12.076664
45 39 11.643199
45 40 12.571322
45 41 11.351639
45 42 14.650675
45 43 12.303442
45 44 11.904109
45 46 13.309819
45 47 12.483188
45 48 12.193093
45 49 11.601336
45 50 14.238870
45 51 13.559928
45 52 13.397045
45 53 12.517743
45 54 13.897193
45 55 14.770908
45 56 11.666581
45 57 11.649808
45 58 13.427362
45 59 12.753341
45 60 11.128736
45 61 11.521367
45 62 12.557878
45 63 13.235791
45 64 11.611145
45 65 13.677929
45 66 13.997177
45 67 14.461725
45 68 11.279833
45 69 14.153832
45 70 11.873274
45 71 14.589929
45 72 14.764596
45 73 14.012486
45 74 11.231903
45 75 14.443791
45 76 13.967375
45 77 12.976658
45 78 13.568047
45 79 14.188436
45 80 14.065563
45 81 12.926646
45 82 12.108644
45 83 11.975619
45 84 12.699578
45 85 14.182944
45 86 11.192326
45 87 14.109545
45 88 14.507058
45 89 12.266834
45 90 14.088953
45 91 14.365240
45 92 14.098585
45 93 11.112153
45 94 11.592189
45 95 13.583153
45 96 12.255260
45 97 13.984003
45 98 13.135288
45 99 12.536263
45 100 11.630478
45 101 12.112415
45 102 12.856529
45 103 14.261527
45 104 13.712868
45 105 14.730843
45 106 14.097073
45 107 14.585315
45 108 12.087989
45 109 13.619705
45 110 13.849042
45 111 13.268797
45 112 13.353016
45 113 13.707013
45 114 14.256875
45 115 12.647555
45 116 13.265270
45 117 14.334443
45 118 14.519142
45 119 13.130381
45 120 12.339420
45 121 14.756599
45 122 11.571388
45 123 11.320827
45 124 11.678946
45 125 12.720694
45 126 11.525043
45 127 12.609812
45 128 10.925713
45 129 13.277839
45 130 11.463952
45 131 12.625852
45 132 12.200657
45 133 11.958918
45 134 14.674779
45 135 13.620001
45 136 11.086918
45 137 14.043814
45 138 12.803119
45 139 14.407047
45 140 12.057704
45 141 13.412039
45 142 11.105753
45 143 11.618895
45 144 12.181601
45 145 13.119004
45 146 12.688114
45 147 13.489313
45 148 13.750712
45 149 13.161652
45 150 13.082173
45 151 13.982707
45 152 12.152900
45 153 13.337621
45 154 12.858824
45 155 14.381185
45 156 11.423556
45 157 11.288383
45 158 13.734707
45 159 12.737246
45 160 11.787494
45 161 11.554504
45 162 14.813744
45 163 12.015636
45 164 12.248085
45 165 13.542847
45 166 14.400356
45 167 11.142452
45 168 14.122279
45 169 14.426639
45 170 11.456345
45 171 14.406512
45 172 14.063944
45 173 11.009863
45 174 11.967733
45 175 10.954647
45 176 11.824148
45 177 13.701134
45 178 11.451377
45 179 13.045329
45 180 14.215916
45 181 11.974688
45 182 11.638183
45 183 12.986302
45 184 12.402400
45 185 12.840714
45 186 14.443411
45 187 11.136789
45 188 14.739926
45 189 14.300030
45 190 12.884362
45 191 11.617410
45 192 13.929055
45 193 11.075848
45 194 13.573443
45 195 10.979338
45 196 11.033904
45 197 11.335612
45 198 13.829373
45 199 13.651200
45 200 13.798250
46 0 13.982747
46 1 14.185935
46 2 13.144032
46 3 12.541736
46 4 12.570705
46 5 14.274743
46 6 14.482209
46 7 14.118071
46 8 11.693001
46 9 13.857688
46 10 14.810378
46 11 11.870333
46 12 11.211118
46 13 13.019798
46 14 12.821679
46 15 14.403496
46 16 11.664786
46 17 12.092073
46 18 11.826728
46 19 12.683665
46 20 14.461412
46 21 14.330882
46 22 10.924170
46 23 13.931944
46 24 12.320778
46 25 11.243487
46 26 14.306002
46 27 11.132646
46 28 13.425982
46 29 13.948873
46 30 13.206799
46 31 11.582744
46 32 14.074432
46 33 12.293060
46 34 11.758118
46 35 11.957203
46 36 13.740117
46 37 11.497756
46 38 12.108812
46 39 13.660333
46 40 10.938432
46 41 13.285949
46 42 13.826663
46 43 12.284003
46 44 13.903462
46 45 13.309819
46 47 13.582269
46 48 11.797404
46 49 12.724917
46 50 11.589232
46 51 14.110603
46 52 11.318436
46 53 11.137511
46 54 11.231432
46 55 11.407074
46 56 11.756304
46 57 12.671391
46 58 11.787929
46 59 14.687362
46 60 12.759884
46 61 12.802340
46 62 12.141313
46 63 11.583117
46 64 13.067950
46 65 11.188756
46 66 12.395421
46 67 13.176234
46 68 12.406577
46 69 14.730238
46 70 14.666474
46 71 14.309277
46 72 11.719507
46 73 13.269348
46 74 12.804118
46 75 14.494504
46 76 12.178262
46 77 11.940680
46 78 14.092350
46 79 14.286512
46 80 13.186408
46 81 14.278965
46 82 13.640515
46 83 14.616002
46 84 13.284236
46 85 13.831501
46 86 13.693771
46 87 13.291777
46 88 11.601710
46 89 12.528339
46 90 12.845379
46 91 11.845955
46 92 11.803393
46 93 11.040337
46 94 11.445440
46 95 13.624600
46 96 12.252717
46 97 12.147145
46 98 11.532682
46 99 11.264122
46 100 13.586111
46 101 11.986785
46 102 14.517613
46 103 12.334551
46 104 14.266070
46 105 11.409159
46 106 11.806574
46 107 14.007212
46 108 14.009023
46 109 13.464057
46 110 12.579934
46 111 11.681884
46 112 12.439132
46 113 12.681307
46 114 11.803303
46 115 11.454928
46 116 11.118641
46 117 14.408772
46 118 14.705590
46 119 13.207196
46 120 12.798593
46 121 12.725438
46 122 12.601674
46 123 10.934442
46 124 11.276845
46 125 11.415450
46 126 13.878171
46 127 12.750313
46 128 11.927577
46 129 13.308530
46 130 13.147863
46 131 11.650944
46 132 12.762067
46 133 10.951018
46 134 11.831775
46 135 12.671258
46 136 13.745557
46 137 14.603022
46 138 11.788831
46 139 14.761407
46 140 12.448866
46 141 14.259854
46 142 12.213412
46 143 11.942425
46 144 10.992205
46 145 12.304462
46 146 13.965037
46 147 13.485817
46 148 13.902382
46 149 14.206997
46 150 14.584205
46 151 12.547018
46 152 11.973962
46 153 11.331271
46 154 14.199362
46 155 12.310281
46 156 12.401062
46 157 12.562654
46 158 12.512050
46 159 12.881714
46 160 11.682132
46 161 12.357512
46 162 14.496501
46 163 14.728515
46 164 13.750589
46 165 12.679826
46 166 13.032324
46 167 14.473447
46 168 13.633775
46 169 13.651483
46 170 13.884376
46 171 13.656197
46 172 14.463204
46 173 14.575884
46 174 12.949051
46 175 11.305992
46 176 14.373616
46 177 12.592779
46 178 14.223502
46 179 12.821968
46 180 10.959603
46 181 14.613435
46 182 14.097171
46 183 14.098225
46 184 12.834869
46 185 12.381907
46 186 14.152826
46 187 11.538616
46 188 12.830451
46 189 14.676223
46 190 11.470631
46 191 14.166844
46 192 11.320088
46 193 12.560183
46 194 11.829474
46 195 12.506186
46 196 11.613041
46 197 11.744892
46 198 14.241409
46 199 14.022726
46 200 14.809585
47 0 12.351035
47 1 13.946808
47 2 11.178954
47 3 12.649812
47 4 11.828927
47 5 13.254180
47 6 12.817945
47 7 13.794483
47 8 13.570460
47 9 11.320553
47 10 12.908704
47 11 11.631191
47 12 11.051753
47 13 14.718494
47 14 12.924639
47 15 12.320922
47 16 13.288426
47 17 14.384762
47 18 12.267054
47 19 13.930131
47 20 12.181297
47 21 13.178729
47 22 12.086807
47 23 11.816440
47 24 13.496339
47 25 14.694768
47 26 14.615136
47 27 14.061493
47 28 12.066333
47 29 12.726857
47 30 14.697288
47 31 14.632743
47 32 12.536339
47 33 14.480885
47 34 13.706654
47 35 12.520901
47 36 11.367586
47 37 13.689013
47 38 14.515266
47 39 14.244719
47 40 14.314202
47 41 11.025687
47 42 11.654720
47 43 12.592924
47 44 10.983956
47 45 12.483188
47 46 13.582269
47 48 13.722081
47 49 10.985512
47 50 12.140283
47 51 12.838638
47 52 14.077312
47 53 13.417694
47 54 12.296105
47 55 12.147629
47 56 11.293505
47 57 13.597362
47 58 12.542070
47 59 10.960140
47 60 11.957039
47 61 13.468421
47 62 12.577301
47 63 12.769930
47 64 11.329809
47 65 11.901596
47 66 13.763768
47 67 11.413803
47 68 13.265037
47 69 13.998536
47 70 12.333006
47 71 11.388394
47 72 11.570906
47 73 13.343791
47 74 13.937260
47 75 14.803360
47 76 13.757022
47 77 14.038365
47 78 13.052680
47 79 13.499383
47 80 13.456308
47 81 13.177308
47 82 11.144764
47 83 13.131014
47 84 14.017612
47 85 12.174642
47 86 11.263511
47 87 11.878251
47 88 10.977230
47 89 13.310798
47 90 11.546358
47 91 13.110873
47 92 13.376333
47 93 12.900274
47 94 12.347125
47 95 11.008567
47 96 13.349269
47 97 13.979192
47 98 12.460407
47 99 12.092949
47 100 12.451679
47 101 14.597227
47 102 13.771754
47 103 12.614589
47 104 13.815390
47 105 11.560402
47 106 13.342957
47 107 14.152140
47 108 12.303593
47 109 11.167261
47 110 14.364050
47 111 13.994204
47 112 13.996858
47 113 14.409793
47 114 11.510419
47 115 12.195138
47 116 11.965348
47 117 12.716995
47 118 13.403593
47 119 13.594095
47 120 12.896181
47 121 11.217248
47 122 12.398240
47 123 12.097096
47 124 14.281405
47 125 13.829978
47 126 13.780790
47 127 13.680363
47 128 11.773387
47 129 13.718253
47 130 13.316272
47 131 12.015294
47 132 13.367511
47 133 12.259887
47 134 14.479421
47 135 12.162625
47 136 12.998468
47 137 13.699420
47 138 14.408729
47 139 11.619387
47 140 11.104471
47 141 12.129727
47 142 12.229469
47 143 11.776266
47 144 12.932845
47 145 14.749924
47 146 14.179488
47 147 13.120835
47 148 13.482369
47 149 12.182251
47 150 12.975460
47 151 14.529774
47 152 12.663351
47 153 12.307609
47 154 12.990134
47 155 11.991398
47 156 13.111287
47 157 11.971814
47 158 11.849935
47 159 13.681617
47 160 12.826176
47 161 12.355389
47 162 13.810681
47 163 13.640165
47 164 13.397844
47 165 12.982807
47 166 12.486166
47 167 14.551743
47 168 13.030346
47 169 14.553333
47 170 14.387794
47 171 11.689142
47 172 12.996491
47 173 11.446257
47 174 13.533573
47 175 12.056217
47 176 12.838868
47 177 14.638846
47 178 11.588215
47 179 11.146423
47 180 12.847069
47 181 14.766677
47 182 14.732243
47 183 14.162800
47 184 14.117830
47 185 12.704246
47 186 12.847533
47 187 10.999907
47 188 10.954535
47 189 11.389642
47 190 11.479476
47 191 11.434265
47 192 12.720633
47 193 13.057316
47 194 11.389326
47 195 14.592890
47 196 14.597388
47 197 14.656847
47 198 12.451769
47 199 13.371294
47 200 12.593287
48 0 14.118515
48 1 11.099489
48 2 14.222808
48 3 11.729304
48 4 11.036359
48 5 13.870222
48 6 13.422489
48 7 12.010261
48 8 13.167774
48 9 12.793276
48 10 12.266464
48 11 14.395142
48 12 13.049113
48 13 14.159748
48 14 11.160048
48 15 12.558954
48 16 11.386954
48 17 12.441091
48 18 13.454416
48 19 11.628520
48 20 13.944866
48 21 12.963602
48 22 11.300953
48 23 13.494569
48 24 12.125973
48 25 14.659728
48 26 11.340747
48 27 13.526993
48 28 12.126318
48 29 11.072446
48 30 13.531076
48 31 11.440731
48 32 13.710510
48 33 13.992768
48 34 12.374230
48 35 14.290422
48 36 12.787278
48 37 13.249157
48 38 13.962832
48 39 11.597042
48 40 13.319027
48 41 13.088609
48 42 13.125465
48 43 11.070053
48 44 11.612863
48 45 12.193093
48 46 11.797404
48 47 13.722081
48 49 12.134245
48 50 11.475186
48 51 13.568783
48 52 11.616175
48 53 12.679578
48 54 13.346397
48 55 12.244062
48 56 12.290661
48 57 13.666433
48 58 13.751819
48 59 12.526162
48 60 14.004776
48 61 11.566622
48 62 13.116982
48 63 14.066117
48 64 13.111331
48 65 13.272721
48 66 13.700111
48 67 11.128643
48 68 14.488210
48 69 13.433262
48 70 11.297703
48 71 13.248967
48 72 13.514361
48 73 11.234484
48 74 14.255494
48 75 14.113644
48 76 14.228338
48 77 14.501413
48 78 11.317904
48 79 13.241753
48 80 12.197166
48 81 13.631800
48 82 14.123435
48 83 13.854443
48 84 14.150355
48 85 12.295154
48 86 14.403579
48 87 13.680255
48 88 13.907416
48 89 13.067438
48 90 12.528719
48 91 13.967058
48 92 13.927688
48 93 12.079124
48 94 14.151963
48 95 13.711137
48 96 12.856300
48 97 13.034959
48 98 14.195263
48 99 12.437820
48 100 11.082595
48 101 13.468804
48 102 12.375784
48 103 14.331605
48 104 14.472487
48 105 11.437452
48 106 13.640075
48 107 13.502346
48 108 13.262747
48 109 13.065779
48 110 13.257082
48 111 12.580597
48 112 11.594276
48 113 11.498269
48 114 12.063539
48 115 13.035801
48 116 14.049593
48 117 12.528166
48 118 11.117852
48 119 12.252040
48 120 14.213614
48 121 12.146792
48 122 13.564830
48 123 12.129119
48 124 14.119024
48 125 13.273228
48 126 14.345581
48 127 13.070230
48 128 12.452950
48 129 13.358535
48 130 14.149375
48 131 13.159634
48 132 13.210781
48 133 14.220136
48 134 12.019383
48 135 13.211400
48 136 13.013626
48 137 12.864265
48 138 12.390919
48 139 12.808677
48 140 13.358782
48 141 11.768513
48 142 13.378271
48 143 14.591974
48 144 12.650429
48 145 13.022663
48 146 12.683936
48 147 12.539639
48 148 12.558557
48 149 11.952788
48 150 11.459936
48 151 11.883166
48 152 11.047421
48 153 12.147508
48 154 12.294446
48 155 13.472148
48 156 14.338015
48 157 13.690599
48 158 13.250890
48 159 13.643846
48 160 12.465298
48 161 12.637772
48 162 13.316676
48 163 11.389126
48 164 12.632556
48 165 12.197455
48 166 12.036480
48 167 14.445617
48 168 11.536244
48 169 11.802940
48 170 11.874868
48 171 13.794086
48 172 13.207725
48 173 11.290056
48 174 13.206393
48 175 12.173399
48 176 12.867472
48 177 13.937944
48 178 11.852890
48 179 12.864860
48 180 11.952522
48 181 13.163360
48 182 11.248717
48 183 13.013569
48 184 14.206087
48 185 14.212388
48 186 14.663335
48 187 12.734873
48 188 11.050165
48 189 11.988081
48 190 12.959934
48 191 11.933664
48 192 14.292244
48 193 14.679921
48 194 11.604303
48 195 13.476417
48 196 14.111333
48 197 14.555873
48 198 13.725580
48 199 14.781076
48 200 14.344351
49 0 12.803349
49 1 11.401955
49 2 13.150651
49 3 13.265802
49 4 12.443874
49 5 14.182228
49 6 13.858512
49 7 11.200617
49 8 12.311053
49 9 11.597429
49 10 13.568113
49 11 12.370029
49 12 14.547812
49 13 12.896938
49 14 11.871324
49 15 11.419123
49 16 12.366490
49 17 11.806361
49 18 11.307305
49 19 13.180320
49 20 11.790445
49 21 14.596029
49 22 12.639611
49 23 11.288018
49 24 14.178805
49 25 14.058631
49 26 11.728082
49 27 14.808591
49 28 12.369148
49 29 12.197489
49 30 12.534741
49 31 11.249268
49 32 12.626337
49 33 14.458790
49 34 13.070831
49 35 12.850958
49 36 14.587649
49 37 11.730442
49 38 14.234173
49 39 12.696069
49 40 12.753713
49 41 12.855281
49 42 14.608053
49 43 11.803278
49 44 14.539196
49 45 11.601336
49 46 12.724917
49 47 10.985512
49 48 12.134245
49 50 14.106312
49 51 12.452195
49 52 14.427591
49 53 11.207668
49 54 11.545068
49 55 11.303126
49 56 13.424911
49 57 13.162134
49 58 12.672784
49 59 13.028959
49 60 13.923431
49 61 11.414721
49 62 14.256476
49 63 11.339330
49 64 13.539167
49 65 13.159593
49 66 12.159732
49 67 12.497164
49 68 13.695934
49 69 13.190028
49 70 11.051340
49 71 13.877428
49 72 14.799156
49 73 11.955799
49 74 14.024907
49 75 11.425873
49 76 11.230760
49 77 14.712317
49 78 11.469997
49 79 12.440903
49 80 13.921123
49 81 11.306185
49 82 14.569252
49 83 12.526224
49 84 13.720971
49 85 13.588365
49 86 10.941583
49 87 12.570075
49 88 12.431483
49 89 12.915821
49 90 14.688826
49 91 11.844999
49 92 11.743611
49 93 14.718622
49 94 13.180423
49 95 14.177525
49 96 11.046042
49 97 12.068610
49 98 14.523132
49 99 12.752919
49 100 12.058152
49 101 11.406692
49 102 12.863973
49 103 13.294524
49 104 12.164574
49 105 13.693529
49 106 12.143409
49 107 13.474029
49 108 14.151520
49 109 13.667660
49 110 14.749671
49 111 13.621356
49 112 12.306787
49 113 12.866747
49 114 13.423797
49 115 12.510414
49 116 11.535422
49 117 14.376912
49 118 14.100938
49 119 12.400626
49 120 11.634654
49 121 12.646219
49 122 13.660232
49 123 13.458467
49 124 12.689588
49 125 10.951048
49 126 11.374451
49 127 13.989021
49 128 13.183266
49 129 14.048218
49 130 13.779755
49 131 11.732462
49 132 14.408975
49 133 14.180161
49 134 12.770482
49 135 11.844917
49 136 13.540213
49 137 11.295562
49 138 11.891080
49 139 14.798854
49 140 11.562480
49 141 13.957193
49 142 12.012436
49 143 13.157268
49 144 13.551938
49 145 11.502116
49 146 14.675008
49 147 12.640174
49 148 11.756274
49 149 13.547054
49 150 11.833631
49 151 13.547979
49 152 12.963729
49 153 11.837053
49 154 12.047610
49 155 13.924576
49 156 13.983817
49 157 14.545280
49 158 12.689879
49 159 14.344244
49 160 11.528879
49 161 11.048704
49 162 14.690868
49 163 12.096438
49 164 13.995801
49 165 14.771914
49 166 13.675672
49 167 11.017606
49 168 13.767360
49 169 13.085981
49 170 12.628500
49 171 12.515672
49 172 12.659879
49 173 12.715519
49 174 11.946594
49 175 12.991628
49 176 12.116047
49 177 14.588154
49 178 13.949764
49 179 14.646017
49 180 13.620445
49 181 13.647958
49 182 13.533073
49 183 13.417140
49 184 14.234958
49 185 12.727213
49 186 13.276097
49 187 10.990139
49 188 13.098796
49 189 14.560865
49 190 11.262277
49 191 12.357052
49 192 11.699937
49 193 11.924662
49 194 14.607539
49 195 11.304856
49 196 14.042763
49 197 11.093454
49 198 14.372414
49 199 13.485408
49 200 12.884851
50 0 11.804761
50 1 13.067543
50 2 13.674619
50 3 13.897799
50 4 13.001221
50 5 11.767446
50 6 11.686435
50 7 12.480260
50 8 11.879649
50 9 11.293302
50 10 11.672264
50 11 14.551281
50 12 12.279073
50 13 14.530898
50 14 13.021264
50 15 12.039186
50 16 13.374331
50 17 14.462409
50 18 12.071877
50 19 14.436451
50 20 12.678727
50 21 12.394083
50 22 13.289796
50 23 11.083126
50 24 14.227988
50 25 12.259729
50 26 13.748043
50 27 14.141261
50 28 13.647157
50 29 12.256248
50 30 11.366052
50 31 14.241758
50 32 12.234513
50 33 13.580760
50 34 12.097704
50 35 14.335519
50 36 14.635676
50 37 12.494192
50 38 13.036213
50 39 13.362832
50 40 12.736122
50 41 14.068219
50 42 11.550347
50 43 12.200185
50 44 11.731652
50 45 14.238870
50 46 11.589232
50 47 12.140283
50 48 11.475186
50 49 14.106312
50 51 13.348570
50 52 11.983638
50 53 11.164828
50 54 12.984744
50 55 13.126157
50 56 12.348783
50 57 13.302390
50 58 14.767097
50 59 11.725845
50 60 13.625436
50 61 13.429386
50 62 13.252392
50 63 14.738964
50 64 13.810740
50 65 12.341314
50 66 11.875894
50 67 11.296173
50 68 14.478021
50 69 14.554613
50 70 13.581159
50 71 12.815470
50 72 14.677596
50 73 11.586774
50 74 14.238768
50 75 12.173027
50 76 11.622045
50 77 12.145995
50 78 11.785276
50 79 11.552550
50 80 14.152777
50 81 11.823834
50 82 13.964310
50 83 11.132674
50 84 12.771112
50 85 11.042403
50 86 14.158407
50 87 11.275186
50 88 13.704387
50 89 12.835118
50 90 11.925621
50 91 13.685530
50 92 12.405498
50 93 13.832784
50 94 13.636015
50 95 11.045451
50 96 14.732409
50 97 14.016405
50 98 11.075578
50 99 13.735974
50 100 13.138905
50 101 13.220415
50 102 11.428306
50 103 12.413089
50 104 12.668694
50 105 11.406748
50 106 14.668654
50 107 12.210653
50 108 12.445530
50 109 11.135007
50 110 12.620552
50 111 13.392791
50 112 14.754388
50 113 13.267113
50 114 11.458621
50 115 11.399203
50 116 11.847204
50 117 12.675380
50 118 13.471968
50 119 11.880305
50 120 12.193218
50 121 12.858026
50 122 14.751387
50 123 12.176954
50 124 14.549691
50 125 14.711112
50 126 13.801456
50 127 14.570833
50 128 11.589912
50 129 13.244374
50 130 11.612203
50 131 14.554504
50 132 11.110125
50 133 11.261063
50 134 13.884552
50 135 13.805710
50 136 11.751976
50 137 13.723449
50 138 12.347919
50 139 12.714180
50 140 14.185064
50 141 11.945790
50 142 12.567380
50 143 12.288942
50 144 14.143268
50 145 13.250969
50 146 13.148868
50 147 11.918257
50 148 14.304373
50 149 12.218866
50 150 14.795768
50 151 13.139388
50 152 13.530273
50 153 12.818613
50 154 12.975054
50 155 10.950797
50 156 11.087575
50 157 14.271100
50 158 11.119185
50 159 14.583052
50 160 14.725527
50 161 14.103717
50 162 11.091887
50 163 14.278232
50 164 12.806150
50 165 12.519925
50 166 13.679383
50 167 12.469618
50 168 13.671594
50 169 13.765858
50 170 12.874489
50 171 11.075828
50 172 11.088333
50 173 12.178887
50 174 12.838955
50 175 13.927124
50 176 11.485590
50 177 12.579044
50 178 13.650882
50 179 14.168606
50 180 11.587006
50 181 11.115607
50 182 13.911199
50 183 14.762057
50 184 12.223766
50 185 13.626764
50 186 14.705652
50 187 14.281953
50 188 14.319142
50 189 12.793674
50 190 11.436789
50 191 12.579187
50 192 11.454552
50 193 11.499037
50 194 13.099408
50 195 13.524725
50 196 13.979929
50 197 11.048321
50 198 11.601945
50 199 11.099607
50 200 11.327405
51 0 11.723846
51 1 14.404606
51 2 12.710908
51 3 13.746196
51 4 11.730505
51 5 12.965752
51 6 14.517471
51 7 11.551955
51 8 11.495299
51 9 12.048864
51 10 12.674625
51 11 12.568104
51 12 14.524351
51 13 11.567819
51 14 12.995464
51 15 14.143292
51 16 14.499420
51 17 12.088585
51 18 14.575459
51 19 14.586951
51 20 11.427746
51 21 13.654081
51 22 11.795410
51 23 12.001238
51 24 14.392980
51 25 11.158073
51 26 13.372977
51 27 11.141441
51 28 14.332156
51 29 12.224022
51 30 11.432616
51 31 11.753807
51 32 14.148796
51 33 14.319675
51 34 13.308044
51 35 11.985772
51 36 14.015435
51 37 11.974097
51 38 14.398007
51 39 13.087464
51 40 12.787121
51 41 13.441844
51 42 12.952599
51 43 13.580663
51 44 13.827847
51 45 13.559928
51 46 14.110603
51 47 12.838638
51 48 13.568783
51 49 12.452195
51 50 13.348570
51 52 12.016799
51 53 11.901092
51 54 11.177441
51 55 11.016571
51 56 12.199704
51 57 13.481342
51 58 12.798178
51 59 13.293635
51 60 12.223372
51 61 13.886802
51 62 11.993892
51 63 14.553508
51 64 14.698286
51 65 12.334837
51 66 13.795436
51 67 12.808854
51 68 14.477079
51 69 11.663238
51 70 14.539100
51 71 13.016984
51 72 11.270783
51 73 14.652375
51 74 13.643912
51 75 11.282598
51 76 11.130771
51 77 11.733961
51 78 13.858030
51 79 14.311151
51 80 11.942608
51 81 14.334792
51 82 12.677802
51 83 14.501521
51 84 11.389207
51 85 13.184612
51 86 12.589535
51 87 11.949443
51 88 12.251377
51 89 11.606758
51 90 13.658843
51 91 12.236058
51 92 11.247010
51 93 12.231743
51 94 14.459501
51 95 12.585821
51 96 11.300517
51 97 11.541831
51 98 11.038455
51 99 12.772608
51 100 11.731504
51 101 11.217104
51 102 14.499758
51 103 13.878780
51 104 11.985877
51 105 10.994900
51 106 12.437803
51 107 12.982067
51 108 11.461953
51 109 12.045692
51 110 13.822495
51 111 13.460240
51 112 12.370375
51 113 12.107126
51 114 11.729197
51 115 12.970571
51 116 12.726988
51 117 12.493883
51 118 12.555798
51 119 12.357761
51 120 13.481449
51 121 11.021535
51 122 13.348613
51 123 13.581601
51 124 12.742279
51 125 14.084574
51 126 12.353400
51 127 14.101983
51 128 14.727394
51 129 14.738735
51 130 12.133378
51 131 12.524908
51 132 12.639659
51 133 12.431933
51 134 11.778021
51 135 12.969433
51 136 13.454051
51 137 12.513432
51 138 11.177491
51 139 12.551904
51 140 12.053105
51 141 13.512250
51 142 12.284196
51 143 11.190913
51 144 11.578633
51 145 14.672405
51 146 14.232700
51 147 13.846544
51 148 13.785590
51 149 14.350518
51 150 11.508306
51 151 13.614113
51 152 14.760059
51 153 13.912099
51 154 13.745925
51 155 13.587670
51 156 13.525739
51 157 13.680332
51 158 14.208961
51 159 11.180879
51 160 14.107914
51 161 13.023389
51 162 11.051657
51 163 11.281480
51 164 13.492491
51 165 11.305104
51 166 14.490559
51 167 14.229520
51 168 11.414007
51 169 14.742408
51 170 11.096707
51 171 12.874521
51 172 13.481485
51 173 11.285702
51 174 13.153695
51 175 12.503885
51 176 11.100084
51 177 14.357764
51 178 12.302385
51 179 13.130509
51 180 14.386621
51 181 12.979533
51 182 13.633777
51 183 14.615316
51 184 12.270091
51 185 11.892946
51 186 12.390389
51 187 14.457035
51 188 13.902866
51 189 13.531551
51 190 14.809043
51 191 12.985685
51 192 13.205217
51 193 12.750990
51 194 13.253086
51 195 14.488342
51 196 12.243856
51 197 12.560889
51 198 11.808860
51 199 14.561751
51 200 11.952740
52 0 12.410382
52 1 11.981739
52 2 12.227585
52 3 13.428408
52 4 12.922092
52 5 12.194949
52 6 13.332724
52 7 13.013404
52 8 12.987741
52 9 12.931942
52 10 12.728084
52 11 12.966041
52 12 13.979863
52 13 13.681060
52 14 11.723317
52 15 14.011222
52 16 14.297141
52 17 13.558013
52 18 13.669816
52 19 14.253371
52 20 14.215861
52 21 12.982735
52 22 11.293115
52 23 14.334178
52 24 12.263776
52 25 13.248496
52 26 12.205475
52 27 11.390551
52 28 14.436871
52 29 12.183225
52 30 11.842326
52 31 12.219107
52 32 14.774772
52 33 13.383006
52 34 14.229623
52 35 11.936342
52 36 11.055083
52 37 14.638799
52 38 13.268782
52 39 11.349353
52 40 13.009877
52 41 14.013886
52 42 11.095365
52 43 11.432619
52 44 12.631166
52 45 13.397045
52 46 11.318436
52 47 14.077312
52 48 11.616175
52 49 14.427591
52 50 11.983638
52 51 12.016799
52 53 13.437265
52 54 11.332964
52 55 12.894155
52 56 14.047353
52 57 13.045735
52 58 12.274709
52 59 12.282474
52 60 11.636293
52 61 11.820595
52 62 12.793595
52 63 12.701715
52 64 11.931937
52 65 14.244130
52 66 14.120783
52 67 12.488544
52 68 12.586263
52 69 11.674064
52 70 11.311563
52 71 13.835316
52 72 13.998357
52 73 13.661573
52 74 12.492041
52 75 12.236375
52 76 12.698546
52 77 14.532823
52 78 12.337895
52 79 11.003941
52 80 11.487041
52 81 13.781749
52 82 13.279678
52 83 13.374943
52 84 13.760221
52 85 14.369580
52 86 11.124668
52 87 12.165432
52 88 11.960520
52 89 11.690567
52 90 11.087852
52 91 14.813815
52 92 12.613407
52 93 13.698248
52 94 13.384723
52 95 14.349268
52 96 12.695345
52 97 13.333883
52 98 14.733202
52 99 14.168460
52 100 13.048804
52 101 13.915578
52 102 13.229988
52 103 11.047481
52 104 12.697450
52 105 13.175038
52 106 12.314104
52 107 12.609590
52 108 13.940507
52 109 12.180006
52 110 11.535588
52 111 12.639047
52 112 11.691521
52 113 13.330495
52 114 11.171259
52 115 14.818759
52 116 13.589392
52 117 14.017228
52 118 12.338059
52 119 13.702285
52 120 11.165646
52 121 14.578836
52 122 13.225758
52 123 13.004430
52 124 12.540437
52 125 11.715044
52 126 14.638873
52 127 12.968249
52 128 13.423550
52 129 11.426746
52 130 14.069998
52 131 14.020183
52 132 14.153235
52 133 13.533708
52 134 12.901918
52 135 12.048574
52 136 13.831371
52 137 11.460844
52 138 14.756895
52 139 12.499431
52 140 11.872239
52 141 14.057165
52 142 12.307492
52 143 14.028561
52 144 12.152719
52 145 12.175731
52 146 12.332718
52 147 13.368383
52 148 13.687427
52 149 12.924585
52 150 13.548870
52 151 12.620680
52 152 14.016969
52 153 13.786210
52 154 13.487281
52 155 14.439292
52 156 11.315170
52 157 14.748325
52 158 13.894987
52 159 12.858012
52 160 11.032747
52 161 11.922055
52 162 13.937582
52 163 13.660979
52 164 11.623623
52 165 14.567553
52 166 11.240602
52 167 11.322735
52 168 11.760883
52 169 13.306491
52 170 12.003916
52 171 11.650363
52 172 14.652566
52 173 13.907404
52 174 12.655062
52 175 12.747572
52 176 12.124039
52 177 14.380358
52 178 12.120939
52 179 14.754359
52 180 11.405892
52 181 12.044355
52 182 11.120909
52 183 13.939265
52 184 14.231961
52 185 12.911819
52 186 10.948608
52 187 14.160893
52 188 12.500262
52 189 12.082789
52 190 14.196782
52 191 11.650398
52 192 14.348024
52 193 12.312012
52 194 14.080721
52 195 14.151626
52 196 12.871310
52 197 14.519162
52 198 12.185409
52 199 12.992598
52 200 13.925116
53 0 14.039164
53 1 13.895871
53 2 14.650654
53 3 13.241652
53 4 12.037903
53 5 13.121525
53 6 14.081401
53 7 13.113029
53 8 14.749071
53 9 12.340338
53 10 14.137069
53 11 13.978957
53 12 13.649973
53 13 11.782631
53 14 12.926997
53 15 14.175186
53 16 11.432033
53 17 12.382713
53 18 14.145593
53 19 11.508436
53 20 13.322482
53 21 12.034364
53 22 13.087487
53 23 14.127373
53 24 13.733041
53 25 12.853655
53 26 12.173433
53 27 14.061415
53 28 14.737051
53 29 13.388889
53 30 11.755924
53 31 12.035046
53 32 14.373082
53 33 12.834514
53 34 10.961986
53 35 13.106576
53 36 12.460438
53 37 11.600561
53 38 14.179399
53 39 12.411807
53 40 11.870072
53 41 14.797458
53 42 14.492589
53 43 12.985207
53 44 13.008907
53 45 12.517743
53 46 11.137511
53 47 13.417694
53 48 12.679578
53 49 11.207668
53 50 11.164828
53 51 11.901092
53 52 13.437265
53 54 11.799097
53 55 13.238758
53 56 11.922139
53 57 13.636507
53 58 14.543615
53 59 13.888512
53 60 11.839989
53 61 12.673213
53 62 14.269863
53 63 11.056586
53 64 14.271606
53 65 13.975476
53 66 14.788738
53 67 14.611241
53 68 13.441134
53 69 13.023873
53 70 11.060129
53 71 14.233716
53 72 11.716326
53 73 12.096044
53 74 11.730757
53 75 13.872784
53 76 11.181999
53 77 12.607808
53 78 11.708350
53 79 13.954969
53 80 14.204257
53 81 13.901274
53 82 14.312314
53 83 13.182335
53 84 13.726100
53 85 14.525021
53 86 12.857774
53 87 13.553732
53 88 14.231728
53 89 13.883028
53 90 11.214862
53 91 13.858107
53 92 12.931092
53 93 13.245587
53 94 11.450919
53 95 11.911863
53 96 13.890174
53 97 12.570716
53 98 12.381475
53 99 13.963710
53 100 12.115287
53 101 11.837330
53 102 11.774898
53 103 12.202204
53 104 13.520541
53 105 13.686475
53 106 14.804437
53 107 13.277335
53 108 12.040330
53 109 11.778821
53 110 14.205171
53 111 14.156239
53 112 12.764284
53 113 13.952230
53 114 10.970715
53 115 12.920764
53 116 12.270821
53 117 13.035859
53 118 13.333776
53 119 12.971559
53 120 14.771115
53 121 14.484180
53 122 14.641227
53 123 12.014515
53 124 11.408427
53 125 11.249499
53 126 13.287530
53 127 11.346678
53 128 12.215935
53 129 11.418961
53 130 14.361726
53 131 14.631829
53 132 14.123301
53 133 13.204775
53 134 13.508661
53 135 13.966737
53 136 11.518436
53 137 12.508933
53 138 12.349476
53 139 13.146854
53 140 14.311419
53 141 11.483732
53 142 12.080511
53 143 13.332518
53 144 12.859242
53 145 14.039708
53 146 12.661235
53 147 12.149558
53 148 12.776534
53 149 12.480471
53 150 13.024594
53 151 12.360477
53 152 13.984425
53 153 12.957726
53 154 13.878502
53 155 14.067709
53 156 12.535124
53 157 11.807802
53 158 14.687511
53 159 13.952689
53 160 12.404233
53 161 11.363751
53 162 12.740042
53 163 13.759530
53 164 11.788058
53 165 12.246486
53 166 11.632472
53 167 11.356269
53 168 12.484929
53 169 12.975264
53 170 12.734768
53 171 11.530737
53 172 13.161096
53 173 12.139421
53 174 11.293373
53 175 11.883382
53 176 13.438588
53 177 13.654333
53 178 11.816686
53 179 13.371366
53 180 14.210660
53 181 12.933095
53 182 12.911778
53 183 12.540032
53 184 12.830004
53 185 13.585733
53 186 11.314072
53 187 14.774279
53 188 11.662483
53 189 14.056201
53 190 13.742415
53 191 11.395409
53 192 12.188309
53 193 11.860397
53 194 11.966399
53 195 12.756717
53 196 11.854451
53 197 12.637696
53 198 12.837238
53 199 13.849995
53 200 12.740649
54 0 14.378131
54 1 14.664504
54 2 11.807342
54 3 11.180155
54 4 11.157068
54 5 13.280690
54 6 12.266364
54 7 12.606774
54 8 13.943239
54 9 11.131958
54 10 13.909833
54 11 12.178061
54 12 13.965852
54 13 13.975570
54 14 11.273285
54 15 11.550814
54 16 11.424556
54 17 14.186617
54 18 14.456808
54 19 14.278235
54 20 12.752473
54 21 11.823586
54 22 11.591135
54 23 12.070970
54 24 14.541974
54 25 14.010387
54 26 13.123246
54 27 14.537284
54 28 12.693455
54 29 11.887367
54 30 13.372648
54 31 13.493255
54 32 13.421426
54 33 13.517676
54 34 14.611340
54 35 11.297602
54 36 11.760269
54 37 13.690318
54 38 14.240591
54 39 13.518953
54 40 11.907029
54 41 12.432450
54 42 12.716584
54 43 13.280385
54 44 11.474060
54 45 13.897193
54 46 11.231432
54 47 12.296105
54 48 13.346397
54 49 11.545068
54 50 12.984744
54 51 11.177441
54 52 11.332964
54 53 11.799097
54 55 14.704149
54 56 14.549168
54 57 11.290460
54 58 13.065576
54 59 13.870303
54 60 14.710713
54 61 14.538624
54 62 11.591727
54 63 12.404615
54 64 10.933353
54 65 11.310543
54 66 11.232317
54 67 14.361538
54 68 13.766562
54 69 14.707637
54 70 13.200192
54 71 11.373035
54 72 14.010960
54 73 13.180588
54 74 11.404525
54 75 13.048715
54 76 11.686144
54 77 12.134228
54 78 12.108280
54 79 12.761079
54 80 13.821686
54 81 12.755600
54 82 14.210720
54 83 10.999525
54 84 11.452714
54 85 12.387627
54 86 11.628515
54 87 11.770975
54 88 12.257839
54 89 12.156676
54 90 11.885142
54 91 11.563170
54 92 11.893186
54 93 13.790590
54 94 12.696498
54 95 11.079819
54 96 14.395986
54 97 11.771198
54 98 12.581331
54 99 11.833918
54 100 11.940985
54 101 12.772033
54 102 12.538193
54 103 14.199813
54 104 12.133485
54 105 13.676702
54 106 14.471773
54 107 12.412664
54 108 12.778090
54 109 12.908465
54 110 12.658161
54 111 14.128307
54 112 12.995818
54 113 11.252269
54 114 12.873859
54 115 14.305959
54 116 14.230865
54 117 11.724118
54 118 13.797657
54 119 14.732790
54 120 13.077283
54 121 13.396213
54 122 13.747759
54 123 12.691096
54 124 12.497624
54 125 14.604374
54 126 11.364184
54 127 11.541652
54 128 12.092807
54 129 12.752409
54 130 14.149513
54 131 12.838490
54 132 11.947114
54 133 12.189569
54 134 11.852758
54 135 13.362914
54 136 11.360554
54 137 12.012893
54 138 12.481334
54 139 13.990671
54 140 13.884123
54 141 13.078766
54 142 11.465996
54 143 11.468810
54 144 13.589949
54 145 11.863909
54 146 12.039497
54 147 13.253025
54 148 12.368451
54 149 14.340981
54 150 13.102979
54 151 13.789872
54 152 12.005829
54 153 11.179884
54 154 11.417002
54 155 11.090620
54 156 11.410796
54 157 12.607063
54 158 11.463233
54 159 13.975467
54 160 11.300009
54 161 11.793656
54 162 10.991846
54 163 14.086813
54 164 11.796126
54 165 11.803028
54 166 11.297919
54 167 14.750599
54 168 13.509370
54 169 12.782048
54 170 11.506889
54 171 11.409049
54 172 13.789389
54 173 13.203481
54 174 12.696359
54 175 13.415226
54 176 11.445498
54 177 13.492873
54 178 13.447215
54 179 12.843971
54 180 14.172670
54 181 11.444290
54 182 13.177324
54 183 11.611661
54 184 13.800594
54 185 14.627359
54 186 11.465499
54 187 13.929220
54 188 12.109587
54 189 12.743876
54 190 11.514691
54 191 11.979035
54 192 13.133899
54 193 13.135434
54 194 11.407197
54 195 12.738152
54 196 12.979825
54 197 14.488096
54 198 13.503305
54 199 12.022847
54 200 11.466177
55 0 13.731577
55 1 11.175039
55 2 14.471018
55 3 14.167008
55 4 11.995892
55 5 13.151400
55 6 11.972842
55 7 11.899327
55 8 11.721120
55 9 11.560712
55 10 13.740509
55 11 14.748700
55 12 14.368568
55 13 13.871197
55 14 14.023224
55 15 14.606938
55 16 13.421512
55 17 14.519955
55 18 13.722977
55 19 13.720947
55 20 14.665156
55 21 10.952741
55 22 14.714348
55 23 14.313397
55 24 12.871639
55 25 10.988239
55 26 11.638677
55 27 13.948021
55 28 14.255530
55 29 14.243887
55 30 13.947700
55 31 13.030000
55 32 12.771309
55 33 11.094604
55 34 12.754690
55 35 12.935679
55 36 12.538347
55 37 12.291526
55 38 12.869855
55 39 11.858236
55 40 14.323940
55 41 14.360565
55 42 12.971769
55 43 11.031957
55 44 14.249734
55 45 14.770908
55 46 11.407074
55 47 12.147629
55 48 12.244062
55 49 11.303126
55 50 13.126157
55 51 11.016571
55 52 12.894155
55 53 13.238758
55 54 14.704149
55 56 11.380670
55 57 13.104869
55 58 13.391856
55 59 13.563780
55 60 13.367606
55 61 12.954374
55 62 14.211977
55 63 12.293057
55 64 13.886953
55 65 14.252630
55 66 12.877427
55 67 12.723501
55 68 13.778606
55 69 11.528555
55 70 14.186831
55 71 11.714911
55 72 14.059768
55 73 13.837253
55 74 12.419725
55 75 13.309534
55 76 11.587794
55 77 14.721047
55 78 12.965377
55 79 11.419895
55 80 12.035861
55 81 14.312721
55 82 12.218984
55 83 12.313758
55 84 12.130299
55 85 12.018647
55 86 11.247997
55 87 13.674616
55 88 12.689003
55 89 12.440207
55 90 13.147176
55 91 14.155662
55 92 13.964315
55 93 11.203588
55 94 11.719425
55 95 12.770318
55 96 12.154392
55 97 13.000285
55 98 11.022545
55 99 11.186288
55 100 14.139626
55 101 13.352792
55 102 14.801753
55 103 12.098632
55 104 14.332637
55 105 13.905237
55 106 12.047093
55 107 11.452415
55 108 13.485319
55 109 11.960351
55 110 14.452994
55 111 12.598154
55 112 11.857135
55 113 14.103040
55 114 12.231652
55 115 10.933424
55 116 12.802051
55 117 11.605455
55 118 11.004656
55 119 14.596918
55 120 14.385632
55 121 14.136682
55 122 12.699535
55 123 12.246404
55 124 13.379817
55 125 12.357051
55 126 13.468034
55 127 11.439539
55 128 13.609103
55 129 13.466605
55 130 11.376193
55 131 12.898020
55 132 12.743496
55 133 14.670404
55 134 13.393481
55 135 14.471624
55 136 13.757941
55 137 11.503340
55 138 10.958709
55 139 11.690947
55 140 13.447157
55 141 13.262133
55 142 12.607122
55 143 13.220667
55 144 13.657397
55 145 14.817687
55 146 12.259493
55 147 12.818066
55 148 13.670847
55 149 13.758473
55 150 13.821664
55 151 13.257431
55 152 10.935262
55 153 14.053059
55 154 12.965420
55 155 14.423160
55 156 12.465951
55 157 14.803756
55 158 13.526859
55 159 13.001088
55 160 14.581363
55 161 14.581959
55 162 13.260189
55 163 12.307862
55 164 12.657787
55 165 14.655106
55 166 12.717988
55 167 13.882247
55 168 13.356659
55 169 12.203564
55 170 12.831129
55 171 11.902080
55 172 14.320885
55 173 13.909317
55 174 12.470472
55 175 14.589388
55 176 12.320641
55 177 13.134926
55 178 11.546885
55 179 11.044347
55 180 13.831747
55 181 12.577372
55 182 12.481168
55 183 11.157560
55 184 11.935327
55 185 14.540749
55 186 13.583255
55 187 14.161119
55 188 13.482277
55 189 11.336985
55 190 14.673611
55 191 11.160441
55 192 11.029369
55 193 11.928133
55 194 13.434143
55 195 12.814059
55 196 14.033165
55 197 13.291512
55 198 12.971474
55 199 11.334898
55 200 12.612996
56 0 12.610724
56 1 13.167884
56 2 13.832043
56 3 11.324902
56 4 12.027804
56 5 12.409802
56 6 12.467675
56 7 12.789715
56 8 11.877769
56 9 12.735326
56 10 11.318549
56 11 11.241693
56 12 14.058911
56 13 13.404407
56 14 12.022230
56 15 14.670695
56 16 11.690339
56 17 13.475407
56 18 14.400647
56 19 13.000158
56 20 14.381406
56 21 14.209470
56 22 13.023054
56 23 12.146029
56 24 12.781445
56 25 11.271650
56 26 11.165507
56 27 11.729080
56 28 11.609441
56 29 12.770601
56 30 11.174819
56 31 14.461114
56 32 11.862529
56 33 12.530967
56 34 13.874444
56 35 13.413699
56 36 13.467335
56 37 13.900736
56 38 14.414629
56 39 13.821719
56 40 11.012112
56 41 13.437390
56 42 14.230011
56 43 12.415784
56 44 14.191658
56 45 11.666581
56 46 11.756304
56 47 11.293505
56 48 12.290661
56 49 13.424911
56 50 12.348783
56 51 12.199704
56 52 14.047353
56 53 11.922139
56 54 14.549168
56 55 11.380670
56 57 13.424525
56 58 11.100810
56 59 11.494497
56 60 12.241609
56 61 13.304855
56 62 13.178254
56 63 13.066621
56 64 14.697596
56 65 14.192141
56 66 13.764564
56 67 12.584977
56 68 12.286697
56 69 13.060472
56 70 14.354873
56 71 14.153421
56 72 12.110057
56 73 11.641357
56 74 14.598632
56 75 11.153569
56 76 11.963560
56 77 10.945859
56 78 14.475006
56 79 13.871322
56 80 14.438099
56 81 11.109618
56 82 13.762455
56 83 14.047724
56 84 14.199420
56 85 12.377057
56 86 11.454317
56 87 13.759293
56 88 13.652752
56 89 11.989599
56 90 13.943231
56 91 14.271812
56 92 12.917867
56 93 10.996546
56 94 13.912469
56 95 12.744902
56 96 12.642210
56 97 12.256898
56 98 14.155971
56 99 13.120033
56 100 13.692120
56 101 11.951635
56 102 11.962363
56 103 13.441191
56 104 12.023783
56 105 13.314831
56 106 11.508735
56 107 14.568290
56 108 13.340980
56 109 11.249762
56 110 12.816751
56 111 12.168036
56 112 12.336756
56 113 12.973487
56 114 11.984710
56 115 12.179209
56 116 13.068024
56 117 14.008027
56 118 11.198019
56 119 14.634183
56 120 12.239814
56 121 14.322532
56 122 13.663695
56 123 11.090121
56 124 14.682266
56 125 13.632804
56 126 12.765277
56 127 12.314038
56 128 13.150652
56 129 11.408362
56 130 12.929368
56 131 13.936825
56 132 12.450575
56 133 13.795032
56 134 13.210908
56 135 12.389821
56 136 14.548084
56 137 13.092698
56 138 13.346100
56 139 13.066472
56 140 12.324359
56 141 14.741858
56 142 12.339382
56 143 12.716392
56 144 14.145929
56 145 14.179275
56 146 11.284799
56 147 13.524638
56 148 12.160277
56 149 13.523188
56 150 13.624684
56 151 11.121387
56 152 13.795355
56 153 12.156808
56 154 14.424277
56 155 14.564478
56 156 11.775503
56 157 13.677899
56 158 12.146909
56 159 11.667390
56 160 11.933128
56 161 12.920226
56 162 11.661106
56 163 10.977501
56 164 14.569868
56 165 13.155244
56 166 13.246031
56 167 12.813225
56 168 14.573888
56 169 13.304845
56 170 12.740710
56 171 11.446879
56 172 13.534295
56 173 13.691780
56 174 13.824269
56 175 11.218648
56 176 14.331352
56 177 14.646917
56 178 13.317529
56 179 14.325109
56 180 13.691176
56 181 13.554812
56 182 11.529880
56 183 13.114705
56 184 13.850848
56 185 13.984205
56 186 14.428617
56 187 13.809950
56 188 14.008714
56 189 14.091665
56 190 14.593014
56 191 11.179161
56 192 12.473099
56 193 13.530252
56 194 14.310961
56 195 11.971252
56 196 14.518428
56 197 13.293412
56 198 13.733323
56 199 13.738611
56 200 11.995251
57 0 12.153784
57 1 13.584200
57 2 11.625285
57 3 14.291178
57 4 11.300511
57 5 13.123092
57 6 11.963161
57 7 11.970451
57 8 11.337573
57 9 12.318591
57 10 12.335822
57 11 13.609540
57 12 13.198402
57 13 14.053544
57 14 11.168016
57 15 12.504087
57 16 11.848732
57 17 13.554741
57 18 14.097072
57 19 11.815582
57 20 11.867032
57 21 12.684924
57 22 14.516776
57 23 13.047730
57 24 10.985863
57 25 11.877952
57 26 14.144569
57 27 10.952527
57 28 11.792446
57 29 11.711614
57 30 12.164978
57 31 13.962999
57 32 12.044775
57 33 13.331499
57 34 11.854849
57 35 11.471698
57 36 13.802301
57 37 12.228255
57 38 14.114636
57 39 12.286745
57 40 11.740326
57 41 12.847828
57 42 11.836457
57 43 13.487019
57 44 11.983660
57 45 11.649808
57 46 12.671391
57 47 13.597362
57 48 13.666433
57 49 13.162134
57 50 13.302390
57 51 13.481342
57 52 13.045735
57 53 13.636507
57 54 11.290460
57 55 13.104869
57 56 13.424525
57 58 13.503953
57 59 14.412271
57 60 12.660394
57 61 11.363890
57 62 13.861631
57 63 11.339910
57 64 13.559986
57 65 14.541412
57 66 12.202916
57 67 13.182048
57 68 14.274963
57 69 13.047858
57 70 11.255003
57 71 10.927322
57 72 13.092378
57 73 11.428414
57 74 12.295066
57 75 12.808300
57 76 13.302497
57 77 11.757878
57 78 12.931591
57 79 11.807696
57 80 13.840302
57 81 13.242315
57 82 12.464504
57 83 13.473684
57 84 13.536182
57 85 11.544316
57 86 13.051557
57 87 13.445491
57 88 11.961069
57 89 12.956948
57 90 13.339376
57 91 14.034038
57 92 11.352120
57 93 14.281468
57 94 11.190843
57 95 14.301841
57 96 11.523128
57 97 12.195533
57 98 11.166594
57 99 11.414283
57 100 12.715392
57 101 11.242931
57 102 12.334935
57 103 14.708169
57 104 13.221403
57 105 12.096921
57 106 13.329765
57 107 12.919164
57 108 12.161761
57 109 11.148461
57 110 11.820314
57 111 12.606677
57 112 12.932805
57 113 12.956519
57 114 13.401749
57 115 12.373310
57 116 12.213811
57 117 11.788955
57 118 12.738480
57 119 13.618608
57 120 11.426275
57 121 13.714578
57 122 13.011956
57 123 12.479459
57 124 12.160282
57 125 13.872881
57 126 13.350968
57 127 10.931992
57 128 11.259237
57 129 13.512450
57 130 12.178393
57 131 11.399690
57 132 11.746289
57 133 13.374956
57 134 12.877864
57 135 13.755418
57 136 12.056034
57 137 14.772540
57 138 13.113758
57 139 12.826469
57 140 11.040968
57 141 13.596654
57 142 12.616799
57 143 13.662183
57 144 11.128986
57 145 12.331575
57 146 13.628684
57 147 14.527897
57 148 14.030493
57 149 14.686628
57 150 11.145047
57 151 11.472925
57 152 14.618638
57 153 10.991461
57 154 14.351886
57 155 13.444516
57 156 11.132897
57 157 13.477282
57 158 12.592126
57 159 11.210374
57 160 13.490409
57 161 11.928789
57 162 11.664893
57 163 11.330344
57 164 11.194559
57 165 12.839929
57 166 13.724051
57 167 13.280919
57 168 13.225085
57 169 14.518843
57 170 13.921124
57 171 14.285964
57 172 13.869967
57 173 13.546954
57 174 11.785511
57 175 14.328658
57 176 14.281229
57 177 14.201778
57 178 12.810494
57 179 10.953327
57 180 10.930355
57 181 13.208816
57 182 12.437030
57 183 11.048624
57 184 13.826148
57 185 14.466080
57 186 14.640556
57 187 12.792543
57 188 13.385064
57 189 11.570273
57 190 11.624562
57 191 13.313839
57 192 11.589057
57 193 12.953207
57 194 14.223217
57 195 11.999885
57 196 13.839215
57 197 11.712203
57 198 11.731268
57 199 11.185188
57 200 13.895067
58 0 12.096251
58 1 11.283647
58 2 12.192900
58 3 12.791092
58 4 14.797821
58 5 12.547715
58 6 12.642414
58 7 12.179387
58 8 11.704239
58 9 13.705418
58 10 13.301727
58 11 12.001027
58 12 11.194321
58 13 13.892624
58 14 11.169790
58 15 12.258300
58 16 13.426847
58 17 11.460301
58 18 11.132081
58 19 13.207804
58 20 13.913868
58 21 10.923554
58 22 11.675066
58 23 13.881089
58 24 13.193715
58 25 14.705854
58 26 13.142297
58 27 11.278126
58 28 14.695769
58 29 11.089257
58 30 12.791248
58 31 11.634403
58 32 11.781311
58 33 13.622073
58 34 12.266706
58 35 13.117258
58 36 13.379301
58 37 12.741496
58 38 11.751152
58 39 14.194811
58 40 14.715212
58 41 11.792852
58 42 14.764722
58 43 12.894685
58 44 11.571626
58 45 13.427362
58 46 11.787929
58 47 12.542070
58 48 13.751819
58 49 12.672784
58 50 14.767097
58 51 12.798178
58 52 12.274709
58 53 14.543615
58 54 13.065576
58 55 13.391856
58 56 11.100810
58 57 13.503953
58 59 12.981976
58 60 12.281105
58 61 13.346752
58 62 13.887642
58 63 12.627712
58 64 14.526782
58 65 13.891286
58 66 13.090873
58 67 13.246322
58 68 12.754787
58 69 14.685460
58 70 12.031643
58 71 12.024530
58 72 11.405217
58 73 13.423879
58 74 11.545999
58 75 10.950920
58 76 12.336205
58 77 14.776750
58 78 13.666771
58 79 13.943997
58 80 13.021548
58 81 11.948956
58 82 14.324258
58 83 11.238296
58 84 14.644359
58 85 11.856091
58 86 11.799808
58 87 12.687454
58 88 12.027594
58 89 13.295688
58 90 12.593911
58 91 13.123421
58 92 12.855776
58 93 12.136872
58 94 14.624493
58 95 11.436184
58 96 14.612081
58 97 11.340448
58 98 11.422792
58 99 14.306787
58 100 14.603920
58 101 12.062840
58 102 12.478050
58 103 13.414470
58 104 14.413888
58 105 13.588026
58 106 12.175779
58 107 13.431608
58 108 12.072873
58 109 12.138469
58 110 14.003781
58 111 13.050510
58 112 14.414273
58 113 14.334054
58 114 11.850868
58 115 12.151910
58 116 11.996593
58 117 13.751322
58 118 12.486223
58 119 14.472550
58 120 11.796828
58 121 13.832591
58 122 14.624239
58 123 13.866480
58 124 11.944478
58 125 11.226897
58 126 13.978128
58 127 12.032329
58 128 13.586835
58 129 13.361151
58 130 11.197612
58 131 13.229720
58 132 11.482979
58 133 13.001524
58 134 14.426675
58 135 13.024281
58 136 13.555648
58 137 11.119537
58 138 13.242414
58 139 13.956154
58 140 13.566272
58 141 11.626399
58 142 12.203519
58 143 12.266723
58 144 11.461950
58 145 12.604811
58 146 11.470777
58 147 14.008390
58 148 11.481160
58 149 14.390993
58 150 11.996975
58 151 13.341682
58 152 13.792318
58 153 12.115372
58 154 13.621201
58 155 11.172244
58 156 12.513166
58 157 14.316296
58 158 11.617519
58 159 13.216712
58 160 14.561008
58 161 11.581257
58 162 14.406155
58 163 11.243917
58 164 14.209809
58 165 13.922023
58 166 12.787109
58 167 11.554530
58 168 13.529148
58 169 13.729871
58 170 14.531471
58 171 12.413441
58 172 13.212382
58 173 12.460638
58 174 14.654889
58 175 12.433641
58 176 13.543264
58 177 13.177483
58 178 11.690004
58 179 14.059256
58 180 12.970749
58 181 13.299201
58 182 13.204278
58 183 11.533410
58 184 12.257579
58 185 14.511910
58 186 11.057636
58 187 14.348546
58 188 13.139916
58 189 14.366288
58 190 14.352774
58 191 12.480184
58 192 13.577610
58 193 11.312671
58 194 11.488875
58 195 14.361085
58 196 11.612514
58 197 12.468119
58 198 12.888608
58 199 14.099036
58 200 12.883736
59 0 12.542683
59 1 14.387652
59 2 14.746792
59 3 12.512602
59 4 11.795898
59 5 11.770176
59 6 11.687361
59 7 11.682865
59 8 14.804309
59 9 11.053499
59 10 14.186092
59 11 10.972124
59 12 14.423333
59 13 13.013129
59 14 11.374439
59 15 13.972127
59 16 12.722785
59 17 14.286088
59 18 14.384154
59 19 13.403371
59 20 11.724756
59 21 13.934405
59 22 12.360651
59 23 14.473675
59 24 13.281926
59 25 14.687890
59 26 13.912552
59 27 12.799538
59 28 14.035765
59 29 13.514824
59 30 13.479913
59 31 13.697759
59 32 11.808703
59 33 11.983737
59 34 10.948343
59 35 12.593963
59 36 11.302031
59 37 12.841996
59 38 14.495583
59 39 13.920204
59 40 14.243085
59 41 14.649275
59 42 12.685647
59 43 12.171159
59 44 11.275648
59 45 12.753341
59 46 14.687362
59 47 10.960140
59 48 12.526162
59 49 13.028959
59 50 11.725845
59 51 13.293635
59 52 12.282474
59 53 13.888512
59 54 13.870303
59 55 13.563780
59 56 11.494497
59 57 14.412271
59 58 12.981976
59 60 12.948210
59 61 12.345337
59 62 11.963738
59 63 13.736036
59 64 12.128589
59 65 10.943475
59 66 13.479335
59 67 12.635538
59 68 14.303195
59 69 11.505390
59 70 14.329772
59 71 14.467418
59 72 11.237685
59 73 12.249730
59 74 12.133149
59 75 11.879926
59 76 13.071111
59 77 13.312647
59 78 12.949279
59 79 13.852586
59 80 13.408014
59 81 12.508356
59 82 11.422220
59 83 12.925797
59 84 13.090204
59 85 11.129551
59 86 13.426644
59 87 14.518705
59 88 12.572859
59 89 11.112236
59 90 13.449147
59 91 14.007601
59 92 14.308987
59 93 13.810672
59 94 13.230012
59 95 11.949197
59 96 14.153849
59 97 11.990274
59 98 11.870775
59 99 14.364779
59 100 12.837145
59 101 11.059504
59 102 14.229744
59 103 14.171965
59 104 12.547901
59 105 12.954684
59 106 11.794581
59 107 12.350793
59 108 14.034329
59 109 13.095383
59 110 11.301013
59 111 11.237516
59 112 14.119053
59 113 11.466254
59 114 14.657570
59 115 11.188838
59 116 14.528519
59 117 14.196446
59 118 13.457044
59 119 13.628256
59 120 14.710782
59 121 13.805224
59 122 14.325413
59 123 12.535355
59 124 13.452705
59 125 12.987951
59 126 11.653523
59 127 12.378811
59 128 14.455044
59 129 12.332212
59 130 12.411089
59 131 13.873028
59 132 12.486720
59 133 11.508301
59 134 11.681998
59 135 11.460442
59 136 14.510174
59 137 12.611549
59 138 11.653413
59 139 14.394311
59 140 13.531737
59 141 14.571077
59 142 13.945406
59 143 11.937731
59 144 14.687075
59 145 11.328109
59 146 13.010224
59 147 10.972363
59 148 12.625200
59 149 14.697550
59 150 11.252618
59 151 13.161433
59 152 12.587575
59 153 12.639938
59 154 12.144227
59 155 11.088279
59 156 14.040234
59 157 12.061786
59 158 12.672262
59 159 12.552021
59 160 11.654209
59 161 11.124012
59 162 13.755273
59 163 12.346063
59 164 14.187321
59 165 13.511535
59 166 12.386967
59 167 13.940724
59 168 12.408141
59 169 11.224537
59 170 10.966458
59 171 13.558829
59 172 11.090581
59 173 12.589002
59 174 14.129245
59 175 11.037644
59 176 11.673854
59 177 13.289067
59 178 12.186707
59 179 12.918219
59 180 14.110658
59 181 13.194822
59 182 14.465376
59 183 11.891063
59 184 11.430582
59 185 14.482713
59 186 11.365205
59 187 11.981112
59 188 12.709294
59 189 13.274813
59 190 12.394378
59 191 12.909442
59 192 14.659582
59 193 13.603281
59 194 11.414412
59 195 12.106907
59 196 11.108789
59 197 11.494963
59 198 12.681686
59 199 14.748349
59 200 13.955303
60 0 12.064932
60 1 10.963151
60 2 14.448699
60 3 14.003841
60 4 13.872238
60 5 12.061386
60 6 14.139146
60 7 12.692261
60 8 13.169607
60 9 11.644351
60 10 12.781131
60 11 11.731429
60 12 12.023326
60 13 13.588595
60 14 14.708072
60 15 13.975813
60 16 12.627076
60 17 14.601292
60 18 12.792379
60 19 14.395522
60 20 12.602827
60 21 12.956734
60 22 12.139694
60 23 11.074502
60 24 14.433348
60 25 12.608680
60 26 11.172628
60 27 13.455064
60 28 14.664171
60 29 13.719819
60 30 13.690588
60 31 12.837467
60 32 13.791663
60 33 14.598931
60 34 11.588674
60 35 13.666054
60 36 11.517904
60 37 14.132418
60 38 12.880775
60 39 14.786664
60 40 12.059157
60 41 13.773667
60 42 12.278092
60 43 11.477778
60 44 13.354584
60 45 11.128736
60 46 12.759884
60 47 11.957039
60 48 14.004776
60 49 13.923431
60 50 13.625436
60 51 12.223372
60 52 11.636293
60 53 11.839989
60 54 14.710713
60 55 13.367606
60 56 12.241609
60 57 12.660394
60 58 12.281105
60 59 12.948210
60 61 13.609118
60 62 13.371792
60 63 13.322121
60 64 14.378755
60 65 11.559607
60 66 12.809603
60 67 13.999631
60 68 13.009962
60 69 13.392936
60 70 12.963422
60 71 14.671295
60 72 14.517108
60 73 11.415301
60 74 12.061834
60 75 12.845890
60 76 13.937871
60 77 11.607427
60 78 11.056386
60 79 13.118071
60 80 13.380940
60 81 11.335767
60 82 14.763314
60 83 13.734985
60 84 11.140858
60 85 11.576601
60 86 12.872291
60 87 13.380314
60 88 14.226124
60 89 13.227245
60 90 14.235780
60 91 13.682398
60 92 11.760297
60 93 11.685142
60 94 11.306304
60 95 11.196153
60 96 14.240027
60 97 12.939272
60 98 10.935686
60 99 14.385129
60 100 12.501158
60 101 13.365010
60 102 11.427180
60 103 12.515004
60 104 13.045916
60 105 13.378929
60 106 14.334559
60 107 11.368878
60 108 13.416775
60 109 12.297984
60 110 13.104295
60 111 12.409754
60 112 14.362957
60 113 12.889184
60 114 14.352116
60 115 14.117646
60 116 12.095996
60 117 13.328613
60 118 11.473808
60 119 11.036290
60 120 12.674222
60 121 13.177271
60 122 12.417412
60 123 13.229627
60 124 11.383200
60 125 11.406626
60 126 14.112706
60 127 13.520907
60 128 11.328421
60 129 13.665536
60 130 10.986040
60 131 13.885354
60 132 14.709959
60 133 11.193045
60 134 13.435311
60 135 12.096246
60 136 12.663404
60 137 12.072634
60 138 11.597410
60 139 11.423478
60 140 14.246909
60 141 11.124866
60 142 12.719694
60 143 12.994770
60 144 13.712386
60 145 14.632579
60 146 14.441952
60 147 13.870561
60 148 12.385541
60 149 11.359060
60 150 12.145313
60 151 12.785759
60 152 11.526910
60 153 12.749670
60 154 12.651994
60 155 11.952189
60 156 14.563882
60 157 12.913161
60 158 11.894504
60 159 14.572479
60 160 12.026557
60 161 13.731231
60 162 11.866511
60 163 12.297122
60 164 13.609378
60 165 13.227278
60 166 13.081431
60 167 14.135396
60 168 11.293717
60 169 12.287483
60 170 11.507148
60 171 14.605173
60 172 12.578775
60 173 14.223422
60 174 12.969245
60 175 13.301745
60 176 14.481219
60 177 12.442347
60 178 14.615457
60 179 11.658844
60 180 12.608718
60 181 12.295176
60 182 14.735057
60 183 14.427339
60 184 12.682264
60 185 13.922828
60 186 14.762141
60 187 14.117626
60 188 11.280917
60 189 12.838630
60 190 12.578191
60 191 14.415197
60 192 12.026451
60 193 13.414899
60 194 14.736707
60 195 13.451973
60 196 12.629392
60 197 12.318437
60 198 13.213178
60 199 11.048082
60 200 13.268967
61 0 13.588828
61 1 14.445843
61 2 12.097755
61 3 12.243381
61 4 13.414959
61 5 11.573094
61 6 14.523079
61 7 12.798926
61 8 12.825092
61 9 13.819911
61 10 13.910713
61 11 11.002264
61 12 13.043413
61 13 11.998647
61 14 13.499694
61 15 13.938404
61 16 12.965486
61 17 13.375564
61 18 11.946737
61 19 13.220366
61 20 12.529005
61 21 12.460994
61 22 13.208099
61 23 12.794341
61 24 11.548586
61 25 12.243070
61 26 12.061014
61 27 13.028541
61 28 13.620592
61 29 14.277474
61 30 12.292462
61 31 14.198563
61 32 12.621168
61 33 13.636337
61 34 13.717376
61 35 13.086498
61 36 13.869740
61 37 14.749436
61 38 11.569234
61 39 13.642744
61 40 13.056852
61 41 13.647626
61 42 11.451561
61 43 11.813501
61 44 11.581332
61 45 11.521367
61 46 12.802340
61 47 13.468421
61 48 11.566622
61 49 11.414721
61 50 13.429386
61 51 13.886802
61 52 11.820595
61 53 12.673213
61 54 14.538624
61 55 12.954374
61 56 13.304855
61 57 11.363890
61 58 13.346752
61 59 12.345337
61 60 13.609118
61 62 14.340027
61 63 14.742917
61 64 14.650854
61 65 13.614684
61 66 12.265529
61 67 13.900109
61 68 14.715357
61 69 14.583692
61 70 12.481696
61 71 14.661392
61 72 14.443486
61 73 13.904814
61 74 11.698758
61 75 12.069752
61 76 11.388527
61 77 12.652801
61 78 12.449508
61 79 11.765122
61 80 14.409466
61 81 11.260801
61 82 11.049780
61 83 14.306083
61 84 13.437292
61 85 11.244329
61 86 11.940158
61 87 12.706798
61 88 13.634555
61 89 14.493765
61 90 14.357318
61 91 12.385438
61 92 12.241169
61 93 11.784676
61 94 10.930301
61 95 11.941779
61 96 11.958991
61 97 11.212757
61 98 11.202044
61 99 11.732664
61 100 14.043180
61 101 11.410240
61 102 11.556826
61 103 11.263775
61 104 14.682622
61 105 13.997974
61 106 12.079122
61 107 11.403723
61 108 12.542032
61 109 13.861867
61 110 11.554775
61 111 12.112346
61 112 12.955123
61 113 12.507297
61 114 12.212498
61 115 12.167387
61 116 11.834376
61 117 12.448191
61 118 12.539699
61 119 12.858679
61 120 11.517918
61 121 11.019821
61 122 14.390458
61 123 12.254310
61 124 14.273742
61 125 14.384388
61 126 11.738066
61 127 14.007987
61 128 11.492372
61 129 12.373616
61 130 13.518497
61 131 12.275476
61 132 13.757276
61 133 14.259856
61 134 11.978641
61 135 14.656669
61 136 12.908592
61 137 10.979853
61 138 13.629415
61 139 11.311172
61 140 14.286019
61 141 13.678607
61 142 14.629323
61 143 14.056032
61 144 12.689282
61 145 11.175266
61 146 13.853596
61 147 11.184111
61 148 12.879872
61 149 13.950136
61 150 13.483789
61 151 11.174677
61 152 12.923438
61 153 14.128825
61 154 12.481202
61 155 14.277969
61 156 11.485546
61 157 14.338386
61 158 12.755143
61 159 10.942449
61 160 11.671986
61 161 13.321562
61 162 14.204990
61 163 14.721529
61 164 14.148239
61 165 14.077214
61 166 11.791752
61 167 12.770160
61 168 12.398307
61 169 11.001508
61 170 13.710935
61 171 11.383894
61 172 12.924863
61 173 12.967647
61 174 10.973888
61 175 12.275640
61 176 13.992167
61 177 13.410369
61 178 11.744817
61 179 12.390257
61 180 12.955108
61 181 11.591766
61 182 14.454823
61 183 13.993159
61 184 12.670892
61 185 10.931546
61 186 14.280942
61 187 12.445138
61 188 14.681564
61 189 14.531292
61 190 14.142053
61 191 14.765964
61 192 12.690596
61 193 11.408584
61 194 14.722940
61 195 11.839057
61 196 12.256313
61 197 11.211552
61 198 13.958293
61 199 13.376828
61 200 14.346181
62 0 11.181180
62 1 14.668232
62 2 12.714139
62 3 13.072180
62 4 13.844147
62 5 13.893984
62 6 11.045948
62 7 12.747985
62 8 12.522166
62 9 14.253330
62 10 12.610288
62 11 11.940825
62 12 13.204005
62 13 14.700118
62 14 11.218287
62 15 11.312736
62 16 13.375798
62 17 14.163488
62 18 11.656939
62 19 11.137799
62 20 11.700768
62 21 14.414939
62 22 14.150608
62 23 12.725731
62 24 12.126622
62 25 12.581738
62 26 12.934146
62 27 13.070834
62 28 14.181303
62 29 12.560095
62 30 14.371426
62 31 11.813907
62 32 11.108868
62 33 13.092583
62 34 13.574092
62 35 11.229928
62 36 14.364778
62 37 13.527335
62 38 11.225040
62 39 12.030305
62 40 11.549094
62 41 13.107715
62 42 13.831386
62 43 11.429266
62 44 13.749781
62 45 12.557878
62 46 12.141313
62 47 12.577301
62 48 13.116982
62 49 14.256476
62 50 13.252392
62 51 11.993892
62 52 12.793595
62 53 14.269863
62 54 11.591727
62 55 14.211977
62 56 13.178254
62 57 13.861631
62 58 13.887642
62 59 11.963738
62 60 13.371792
62 61 14.340027
62 63 11.731784
62 64 12.619358
62 65 11.448605
62 66 13.972771
62 67 11.181355
62 68 14.811102
62 69 13.591795
62 70 13.614545
62 71 14.069598
62 72 13.984186
62 73 12.775597
62 74 12.829260
62 75 12.981843
62 76 13.884811
62 77 11.732563
62 78 11.160905
62 79 12.410727
62 80 14.082779
62 81 13.610273
62 82 13.498854
62 83 12.333585
62 84 13.556286
62 85 11.744523
62 86 11.725003
62 87 12.383634
62 88 11.626935
62 89 14.693832
62 90 14.179527
62 91 14.705154
62 92 14.227868
62 93 13.981572
62 94 12.280809
62 95 11.118082
62 96 14.285475
62 97 14.680558
62 98 13.879183
62 99 11.486352
62 100 13.133148
62 101 12.195045
62 102 12.238837
62 103 13.968113
62 104 14.246940
62 105 11.354776
62 106 14.584277
62 107 12.168233
62 108 11.003231
62 109 11.255268
62 110 14.643588
62 111 12.414936
62 112 13.013817
62 113 11.879183
62 114 14.370588
62 115 11.756507
62 116 13.863760
62 117 14.730119
62 118 11.704490
62 119 13.386410
62 120 13.211954
62 121 13.822368
62 122 14.448038
62 123 12.182810
62 124 12.047206
62 125 11.975438
62 126 13.518059
62 127 11.743390
62 128 12.704356
62 129 11.357927
62 130 12.436371
62 131 11.069440
62 132 13.914857
62 133 11.676526
62 134 13.837676
62 135 13.287553
62 136 11.330742
62 137 13.491786
62 138 14.142073
62 139 13.233704
62 140 11.442585
62 141 13.882088
62 142 13.524294
62 143 14.090286
62 144 12.338825
62 145 11.341104
62 146 13.621887
62 147 13.166275
62 148 13.589465
62 149 11.493336
62 150 11.952110
62 151 12.824078
62 152 12.318207
62 153 12.034983
62 154 12.527000
62 155 13.474881
62 156 12.866700
62 157 12.223200
62 158 10.986561
62 159 11.953710
62 160 11.593901
62 161 14.602304
62 162 14.162021
62 163 13.505580
62 164 11.087236
62 165 13.534593
62 166 13.410062
62 167 12.859226
62 168 14.710692
62 169 12.148174
62 170 11.613071
62 171 12.304654
62 172 14.345897
62 173 13.563461
62 174 13.414777
62 175 11.504278
62 176 13.643322
62 177 13.311985
62 178 13.939763
62 179 12.981452
62 180 11.858927
62 181 14.241237
62 182 14.238452
62 183 12.293515
62 184 13.562848
62 185 11.172142
62 186 14.690546
62 187 12.790426
62 188 12.463724
62 189 11.381260
62 190 11.899142
62 191 11.254639
62 192 12.577565
62 193 13.353368
62 194 11.075526
62 195 12.186886
62 196 12.268880
62 197 12.767279
62 198 12.135585
62 199 12.341565
62 200 13.358959
63 0 12.932160
63 1 11.937694
63 2 11.038199
63 3 12.831372
63 4 11.758567
63 5 11.813898
63 6 12.819111
63 7 12.609009
63 8 13.668185
63 9 14.088551
63 10 11.191717
63 11 11.419711
63 12 14.178048
63 13 12.965903
63 14 12.571086
63 15 14.034509
63 16 14.043606
63 17 14.311658
63 18 13.982047
63 19 14.386572
63 20 14.041407
63 21 10.920245
63 22 13.660620
63 23 13.072813
63 24 13.877258
63 25 12.438317
63 26 14.036200
63 27 14.620731
63 28 13.003299
63 29 11.152153
63 30 14.629329
63 31 12.364470
63 32 12.144955
63 33 14.331134
63 34 13.167644
63 35 12.694673
63 36 14.401611
63 37 13.062978
63 38 13.914293
63 39 14.299651
63 40 13.492458
63 41 11.986198
63 42 14.602224
63 43 13.326718
63 44 12.592636
63 45 13.235791
63 46 11.583117
63 47 12.769930
63 48 14.066117
63 49 11.339330
63 50 14.738964
63 51 14.553508
63 52 12.701715
63 53 11.056586
63 54 12.404615
63 55 12.293057
63 56 13.066621
63 57 11.339910
63 58 12.627712
63 59 13.736036
63 60 13.322121
63 61 14.742917
63 62 11.731784
63 64 12.396181
63 65 13.277469
63 66 14.020983
63 67 13.804279
63 68 12.451623
63 69 13.251462
63 70 11.423539
63 71 14.763518
63 72 13.190335
63 73 13.284092
63 74 13.834090
63 75 13.803457
63 76 14.556301
63 77 14.625362
63 78 10.989531
63 79 13.913810
63 80 14.541179
63 81 12.974588
63 82 13.134277
63 83 14.410579
63 84 13.473459
63 85 13.347589
63 86 11.779885
63 87 11.065736
63 88 13.753771
63 89 12.826914
63 90 13.220434
63 91 11.822920
63 92 11.211572
63 93 11.343604
63 94 14.599343
63 95 12.356791
63 96 12.890044
63 97 14.780419
63 98 14.135337
63 99 12.298206
63 100 14.560969
63 101 11.908257
63 102 11.544283
63 103 13.934869
63 104 14.452073
63 105 14.769865
63 106 14.161303
63 107 12.139843
63 108 12.552107
63 109 13.721517
63 110 14.447462
63 111 12.744692
63 112 12.957131
63 113 11.192880
63 114 13.758811
63 115 11.130726
63 116 11.605319
63 117 13.751736
63 118 13.312458
63 119 11.548495
63 120 14.479360
63 121 14.185578
63 122 14.716259
63 123 14.134432
63 124 13.507534
63 125 13.147379
63 126 11.011568
63 127 13.218655
63 128 14.246879
63 129 12.863118
63 130 11.046829
63 131 14.137293
63 132 12.247592
63 133 14.254398
63 134 12.592090
63 135 14.788472
63 136 14.689652
63 137 12.839185
63 138 14.333908
63 139 11.652813
63 140 13.540352
63 141 11.488768
63 142 12.788764
63 143 14.654646
63 144 13.393986
63 145 14.236141
63 146 13.219930
63 147 13.258169
63 148 14.711527
63 149 11.000941
63 150 12.816983
63 151 12.823254
63 152 11.616182
63 153 13.148962
63 154 13.558034
63 155 11.081144
63 156 11.385669
63 157 14.030047
63 158 13.759440
63 159 13.118144
63 160 14.045515
63 161 12.334087
63 162 12.814571
63 163 11.008729
63 164 13.386301
63 165 12.682471
63 166 14.798015
63 167 11.633656
63 168 13.169932
63 169 12.731773
63 170 11.916162
63 171 13.060543
63 172 14.289640
63 173 10.928202
63 174 11.093456
63 175 11.927921
63 176 12.949264
63 177 13.235611
63 178 13.108293
63 179 12.133252
63 180 14.037474
63 181 12.527177
63 182 11.907341
63 183 11.817292
63 184 12.935260
63 185 13.671982
63 186 12.039791
63 187 11.990841
63 188 14.238407
63 189 12.100673
63 190 13.667461
63 191 11.849314
63 192 14.205703
63 193 13.339319
63 194 12.976131
63 195 12.787557
63 196 14.681099
63 197 13.026213
63 198 12.324191
63 199 13.061313
63 200 11.480267
64 0 12.990712
64 1 12.063433
64 2 13.502003
64 3 14.096180
64 4 14.117041
64 5 14.510291
64 6 12.727121
64 7 13.231988
64 8 13.547990
64 9 11.079900
64 10 11.690345
64 11 13.108534
64 12 13.943011
64 13 12.462556
64 14 14.215328
64 15 11.673282
64 16 11.217926
64 17 14.353682
64 18 13.425819
64 19 12.572540
64 20 13.226942
64 21 11.918222
64 22 13.972621
64 23 14.331847
64 24 14.797663
64 25 12.443391
64 26 12.292586
64 27 12.019454
64 28 10.995931
64 29 14.724731
64 30 11.711529
64 31 13.053998
64 32 14.110279
64 33 11.953388
64 34 12.145315
64 35 12.443326
64 36 12.811045
64 37 14.584027
64 38 13.522437
64 39 10.931333
64 40 11.870135
64 41 12.436155
64 42 13.876200
64 43 13.050134
64 44 14.805486
64 45 11.611145
64 46 13.067950
64 47 11.329809
64 48 13.111331
64 49 13.539167
64 50 13.810740
64 51 14.698286
64 52 11.931937
64 53 14.271606
64 54 10.933353
64 55 13.886953
64 56 14.697596
64 57 13.559986
64 58 14.526782
64 59 12.128589
64 60 14.378755
64 61 14.650854
64 62 12.619358
64 63 12.396181
64 65 11.801797
64 66 11.112446
64 67 11.172401
64 68 10.992173
64 69 13.062629
64 70 14.558893
64 71 11.804354
64 72 14.766411
64 73 10.975138
64 74 13.367684
64 75 12.479237
64 76 11.160084
64 77 14.156786
64 78 11.430680
64 79 13.362085
64 80 14.581425
64 81 12.004976
64 82 12.479368
64 83 13.823281
64 84 14.432395
64 85 13.480760
64 86 12.242508
64 87 10.941645
64 88 12.688403
64 89 13.185798
64 90 14.338862
64 91 12.095659
64 92 13.176573
64 93 11.749212
64 94 14.013615
64 95 13.019130
64 96 12.541706
64 97 11.398363
64 98 10.975433
64 99 12.915964
64 100 14.339341
64 101 14.027701
64 102 12.720204
64 103 11.593814
64 104 14.403365
64 105 14.688969
64 106 11.631558
64 107 12.319377
64 108 14.611162
64 109 12.723886
64 110 12.329703
64 111 14.176414
64 112 14.481265
64 113 12.074055
64 114 11.050923
64 115 12.840743
64 116 11.467963
64 117 10.982105
64 118 14.475565
64 119 11.117888
64 120 11.001720
64 121 13.675830
64 122 12.630386
64 123 12.629000
64 124 13.012328
64 125 13.371633
64 126 11.898211
64 127 12.274954
64 128 10.956791
64 129 13.757933
64 130 13.322019
64 131 12.503416
64 132 12.086841
64 133 13.602900
64 134 13.136878
64 135 13.171190
64 136 13.080652
64 137 13.991369
64 138 13.943843
64 139 13.304219
64 140 12.878014
64 141 14.105564
64 142 12.875789
64 143 13.984448
64 144 11.467581
64 145 13.224907
64 146 13.171716
64 147 12.487298
64 148 11.831044
64 149 13.696518
64 150 14.512838
64 151 13.187278
64 152 12.536880
64 153 11.619282
64 154 14.310377
64 155 12.149338
64 156 12.621415
64 157 12.709449
64 158 14.607984
64 159 12.500742
64 160 11.076018
64 161 12.152637
64 162 12.675077
64 163 13.949783
64 164 13.579893
64 165 10.948599
64 166 11.184844
64 167 12.092639
64 168 14.344966
64 169 12.051399
64 170 12.544061
64 171 12.781509
64 172 12.954194
64 173 12.000193
64 174 14.131821
64 175 14.129647
64 176 13.562202
64 177 13.343495
64 178 11.074955
64 179 13.220917
64 180 11.450482
64 181 13.586336
64 182 13.818968
64 183 10.995031
64 184 11.232477
64 185 13.143856
64 186 11.312641
64 187 14.749534
64 188 13.769726
64 189 14.031141
64 190 13.284186
64 191 11.118628
64 192 13.517549
64 193 14.400292
64 194 14.205698
64 195 10.951040
64 196 14.077268
64 197 14.250051
64 198 14.226139
64 199 11.594686
64 200 12.087669
65 0 14.684893
65 1 11.583959
65 2 11.156867
65 3 12.044780
65 4 13.446444
65 5 13.018939
65 6 12.896286
65 7 14.567413
65 8 11.518207
65 9 12.657694
65 10 11.243896
65 11 12.701128
65 12 13.182679
65 13 12.886339
65 14 13.116444
65 15 14.198312
65 16 14.576613
65 17 14.107113
65 18 11.818420
65 19 11.465353
65 20 11.360833
65 21 11.888262
65 22 13.871893
65 23 13.972711
65 24 11.550779
65 25 12.735813
65 26 14.065932
65 27 12.706299
65 28 14.635592
65 29 14.716168
65 30 13.418137
65 31 13.574390
65 32 14.003398
65 33 13.862478
65 34 14.190558
65 35 11.415151
65 36 12.790703
65 37 12.669212
65 38 12.854505
65 39 11.621260
65 40 11.404356
65 41 12.926347
65 42 12.150603
65 43 12.162920
65 44 11.292750
65 45 13.677929
65 46 11.188756
65 47 11.901596
65 48 13.272721
65 49 13.159593
65 50 12.341314
65 51 12.334837
65 52 14.244130
65 53 13.975476
65 54 11.310543
65 55 14.252630
65 56 14.192141
65 57 14.541412
65 58 13.891286
65 59 10.943475
65 60 11.559607
65 61 13.614684
65 62 11.448605
65 63 13.277469
65 64 11.801797
65 66 13.430642
65 67 14.443959
65 68 11.683231
65 69 13.576089
65 70 14.623651
65 71 11.938934
65 72 12.686878
65 73 11.750200
65 74 14.644954
65 75 12.356656
65 76 14.212090
65 77 14.274878
65 78 13.641706
65 79 11.056141
65 80 14.072023
65 81 13.094864
65 82 12.854965
65 83 13.215761
65 84 11.094815
65 85 11.108807
65 86 11.687396
65 87 14.449179
65 88 12.528547
65 89 12.989665
65 90 14.439492
65 91 14.179106
65 92 11.298843
65 93 13.655139
65 94 13.498313
65 95 12.584713
65 96 11.160962
65 97 11.330989
65 98 14.766960
65 99 12.291118
65 100 11.277393
65 101 12.184286
65 102 13.874158
65 103 11.491948
65 104 13.151748
65 105 12.494561
65 106 12.233278
65 107 11.802059
65 108 11.445095
65 109 13.122806
65 110 12.562706
65 111 11.996514
65 112 13.464168
65 113 13.009538
65 114 11.300792
65 115 11.314805
65 116 11.899297
65 117 14.345215
65 118 12.888936
65 119 11.912094
65 120 13.005388
65 121 11.753017
65 122 12.482325
65 123 11.659605
65 124 13.539642
65 125 12.139399
65 126 14.088874
65 127 13.492340
65 128 12.979081
65 129 14.456639
65 130 11.009302
65 131 11.550892
65 132 12.213543
65 133 11.411532
65 134 11.563108
65 135 13.216338
65 136 12.310275
65 137 11.228908
65 138 14.682891
65 139 14.278466
65 140 11.471842
65 141 11.539422
65 142 13.875574
65 143 14.000452
65 144 13.105202
65 145 13.730305
65 146 11.456013
65 147 12.697378
65 148 13.805319
65 149 14.327887
65 150 12.901965
65 151 13.964581
65 152 11.877454
65 153 13.615776
65 154 12.651019
65 155 14.178616
65 156 12.367363
65 157 12.218795
65 158 14.757406
65 159 12.239329
65 160 12.947193
65 161 14.673701
65 162 12.803137
65 163 12.354083
65 164 11.093301
65 165 12.759045
65 166 14.427407
65 167 13.392205
65 168 13.601355
65 169 12.834380
65 170 14.285841
65 171 12.098429
65 172 12.715068
65 173 14.367916
65 174 12.205115
65 175 14.140264
65 176 14.288904
65 177 12.691175
65 178 11.842549
65 179 12.346880
65 180 12.652484
65 181 12.640150
65 182 12.457209
65 183 13.815212
65 184 12.923011
65 185 13.007541
65 186 12.062373
65 187 12.668157
65 188 11.204414
65 189 14.602500
65 190 12.523808
65 191 13.258235
65 192 11.558432
65 193 14.210733
65 194 14.778984
65 195 11.911659
65 196 14.094314
65 197 12.032603
65 198 13.617005
65 199 11.235868
65 200 12.759549
66 0 13.988780
66 1 11.898446
66 2 12.928199
66 3 14.501432
66 4 11.390170
66 5 13.678428
66 6 11.008046
66 7 13.422071
66 8 14.061723
66 9 10.974274
66 10 11.100352
66 11 11.612565
66 12 11.388821
66 13 11.606297
66 14 14.660567
66 15 11.301953
66 16 13.561478
66 17 12.562279
66 18 12.562530
66 19 12.404946
66 20 13.658156
66 21 12.275873
66 22 14.146287
66 23 14.131968
66 24 11.438488
66 25 14.741076
66 26 11.099080
66 27 14.042499
66 28 10.991462
66 29 13.586902
66 30 11.228012
66 31 12.629273
66 32 14.617027
66 33 12.952864
66 34 12.339879
66 35 12.239460
66 36 11.261623
66 37 13.828239
66 38 14.169692
66 39 12.187182
66 40 11.306932
66 41 12.189611
66 42 11.794043
66 43 12.550624
66 44 12.280255
66 45 13.997177
66 46 12.395421
66 47 13.763768
66 48 13.700111
66 49 12.159732
66 50 11.875894
66 51 13.795436
66 52 14.120783
66 53 14.788738
66 54 11.232317
66 55 12.877427
66 56 13.764564
66 57 12.202916
66 58 13.090873
66 59 13.479335
66 60 12.809603
66 61 12.265529
66 62 13.972771
66 63 14.020983
66 64 11.112446
66 65 13.430642
66 67 13.601570
66 68 12.616446
66 69 11.209073
66 70 13.587958
66 71 11.520381
66 72 13.379392
66 73 13.250972
66 74 14.317311
66 75 13.946719
66 76 12.750651
66 77 14.601275
66 78 14.048318
66 79 13.692844
66 80 14.371061
66 81 11.544739
66 82 12.259200
66 83 13.080788
66 84 12.227184
66 85 13.467086
66 86 12.094647
66 87 13.055886
66 88 12.671109
66 89 12.015040
66 90 12.996830
66 91 13.276156
66 92 13.639589
66 93 12.504769
66 94 11.206465
66 95 11.827503
66 96 12.809229
66 97 10.956550
66 98 14.316983
66 99 10.939842
66 100 12.692368
66 101 12.587601
66 102 11.337848
66 103 10.990133
66 104 11.892470
66 105 12.119654
66 106 14.174650
66 107 12.265485
66 108 12.602539
66 109 11.958302
66 110 12.129075
66 111 11.347974
66 112 14.043317
66 113 12.129211
66 114 12.373594
66 115 12.567750
66 116 11.345226
66 117 12.833701
66 118 13.164114
66 119 12.298389
66 120 11.869966
66 121 11.059366
66 122 12.325505
66 123 11.309927
66 124 13.204386
66 125 13.081953
66 126 10.948385
66 127 13.961626
66 128 11.582409
66 129 11.940986
66 130 14.700460
66 131 11.491186
66 132 14.733648
66 133 14.134695
66 134 14.213554
66 135 13.795755
66 136 11.728174
66 137 11.358164
66 138 14.096968
66 139 10.991869
66 140 11.547194
66 141 14.367662
66 142 11.815913
66 143 12.520693
66 144 13.006951
66 145 13.284035
66 146 14.622117
66 147 12.859707
66 148 13.503786
66 149 11.493421
66 150 12.068282
66 151 13.342229
66 152 10.985524
66 153 12.374003
66 154 14.436457
66 155 11.640345
66 156 12.475411
66 157 14.468652
66 158 11.793383
66 159 13.490682
66 160 13.234235
66 161 13.422201
66 162 13.838097
66 163 14.450767
66 164 14.340648
66 165 11.128616
66 166 11.293168
66 167 14.452416
66 168 11.558932
66 169 12.994138
66 170 12.350498
66 171 12.370178
66 172 12.941310
66 173 11.057460
66 174 13.212748
66 175 12.406500
66 176 14.402175
66 177 11.450250
66 178 14.010357
66 179 11.768688
66 180 13.514544
66 181 13.441525
66 182 13.538804
66 183 13.588949
66 184 11.756616
66 185 14.384837
66 186 13.965186
66 187 13.901988
66 188 14.370239
66 189 11.262984
66 190 11.679916
66 191 11.576812
66 192 12.494907
66 193 11.400584
66 194 12.468455
66 195 13.660131
66 196 12.861044
66 197 11.596573
66 198 14.505512
66 199 11.744996
66 200 14.388315
67 0 12.601406
67 1 12.861465
67 2 11.340771
67 3 13.128427
67 4 14.775504
67 5 12.076784
67 6 12.077942
67 7 12.954989
67 8 11.525944
67 9 11.214181
67 10 11.814274
67 11 13.115587
67 12 12.659231
67 13 13.321808
67 14 14.278819
67 15 11.844321
67 16 11.820472
67 17 12.238466
67 18 12.127910
67 19 12.665438
67 20 10.967836
67 21 12.287748
67 22 13.771405
67 23 13.866336
67 24 12.521795
67 25 13.958655
67 26 11.677332
67 27 14.116323
67 28 10.927713
67 29 14.111528
67 30 11.077007
67 31 13.053600
67 32 14.015942
67 33 13.436962
67 34 14.437052
67 35 14.473914
67 36 13.924894
67 37 14.711402
67 38 14.730325
67 39 12.304350
67 40 12.458839
67 41 11.117900
67 42 13.596744
67 43 12.221814
67 44 13.664766
67 45 14.461725
67 46 13.176234
67 47 11.413803
67 48 11.128643
67 49 12.497164
67 50 11.296173
67 51 12.808854
67 52 12.488544
67 53 14.611241
67 54 14.361538
67 55 12.723501
67 56 12.584977
67 57 13.182048
67 58 13.246322
67 59 12.635538
67 60 13.999631
67 61 13.900109
67 62 11.181355
67 63 13.804279
67 64 11.172401
67 65 14.443959
67 66 13.601570
67 68 12.339356
67 69 14.586279
67 70 13.323692
67 71 12.620035
67 72 13.183026
67 73 12.387416
67 74 13.259406
67 75 13.162094
67 76 13.739160
67 77 11.293803
67 78 14.629880
67 79 12.820961
67 80 12.584450
67 81 13.535244
67 82 12.695864
67 83 13.932879
67 84 14.332899
67 85 14.789915
67 86 13.390473
67 87 11.564908
67 88 14.145368
67 89 12.764263
67 90 12.852031
67 91 11.099652
67 92 12.845206
67 93 12.351362
67 94 11.656427
67 95 13.894266
67 96 14.063078
67 97 11.246894
67 98 14.491612
67 99 13.996114
67 100 11.479685
67 101 11.143033
67 102 12.130117
67 103 12.225623
67 104 14.434657
67 105 12.699105
67 106 14.657175
67 107 14.729583
67 108 14.273029
67 109 12.506513
67 110 14.637166
67 111 11.270867
67 112 13.336169
67 113 11.707413
67 114 13.005730
67 115 14.612310
67 116 11.514951
67 117 11.211586
67 118 13.067540
67 119 13.767409
67 120 12.024345
67 121 12.677000
67 122 13.045782
67 123 13.282433
67 124 13.981334
67 125 13.728228
67 126 11.391252
67 127 12.816203
67 128 12.553937
67 129 13.206407
67 130 11.804378
67 131 12.251120
67 132 13.568525
67 133 12.957313
67 134 14.624328
67 135 13.719183
67 136 11.282307
67 137 12.785481
67 138 11.014345
67 139 12.864983
67 140 11.140851
67 141 14.420708
67 142 13.856923
67 143 13.851821
67 144 11.943729
67 145 12.703106
67 146 13.651152
67 147 14.380525
67 148 11.866652
67 149 12.439812
67 150 13.958747
67 151 13.536379
67 152 14.407533
67 153 12.502519
67 154 12.580755
67 155 13.827156
67 156 12.772713
67 157 13.223669
67 158 11.448386
67 159 13.345552
67 160 13.912811
67 161 13.967060
67 162 12.492887
67 163 13.243449
67 164 11.358213
67 165 14.469870
67 166 14.441708
67 167 12.303396
67 168 11.259003
67 169 13.875127
67 170 12.702078
67 171 12.454423
67 172 14.242130
67 173 13.888382
67 174 12.729065
67 175 13.535025
67 176 14.408066
67 177 14.618157
67 178 12.875855
67 179 11.282038
67 180 14.627751
67 181 11.263616
67 182 12.582385
67 183 12.434845
67 184 12.325002
67 185 13.567945
67 186 12.661006
67 187 11.572622
67 188 11.245680
67 189 13.627695
67 190 11.939378
67 191 12.368560
67 192 14.123481
67 193 11.537570
67 194 13.443452
67 195 14.233806
67 196 11.493268
67 197 13.535504
67 198 13.555261
67 199 11.766780
67 200 13.558860
68 0 14.316060
68 1 12.027508
68 2 14.589621
68 3 10.995315
68 4 14.274832
68 5 14.070125
68 6 13.685292
68 7 12.820726
68 8 13.980569
68 9 13.753059
68 10 14.492664
68 11 13.612812
68 12 14.485127
68 13 13.961220
68 14 12.992267
68 15 13.341981
68 16 11.765900
68 17 14.379804
68 18 12.752638
68 19 12.274246
68 20 13.155425
68 21 12.447298
68 22 10.979956
68 23 13.424809
68 24 13.739076
68 25 14.187548
68 26 12.793586
68 27 13.491931
68 28 12.807413
68 29 14.115992
68 30 13.448924
68 31 12.431809
68 32 14.575592
68 33 12.120803
68 34 13.123915
68 35 11.799690
68 36 14.735519
68 37 11.640388
68 38 11.033873
68 39 12.607752
68 40 11.659920
68 41 12.102891
68 42 13.039239
68 43 14.326855
68 44 11.777442
68 45 11.279833
68 46 12.406577
68 47 13.265037
68 48 14.488210
68 49 13.695934
68 50 14.478021
68 51 14.477079
68 52 12.586263
68 53 13.441134
68 54 13.766562
68 55 13.778606
68 56 12.286697
68 57 14.274963
68 58 12.754787
68 59 14.303195
68 60 13.009962
68 61 14.715357
68 62 14.811102
68 63 12.451623
68 64 10.992173
68 65 11.683231
68 66 12.616446
68 67 12.339356
68 69 14.047501
68 70 11.529652
68 71 11.865868
68 72 12.596117
68 73 11.140914
68 74 11.187621
68 75 11.880692
68 76 13.017079
68 77 11.323436
68 78 12.164461
68 79 12.751780
68 80 13.320379
68 81 14.397482
68 82 11.692358
68 83 12.644875
68 84 14.429351
68 85 13.248064
68 86 14.523027
68 87 14.351826
68 88 13.573747
68 89 13.342378
68 90 14.139543
68 91 12.228022
68 92 13.082874
68 93 12.753773
68 94 11.288044
68 95 11.395035
68 96 13.105114
68 97 14.267048
68 98 11.783645
68 99 11.446849
68 100 13.365294
68 101 11.115725
68 102 11.350841
68 103 11.078843
68 104 14.739805
68 105 11.458551
68 106 11.718393
68 107 14.518632
68 108 11.657836
68 109 12.130423
68 110 11.444619
68 111 12.004723
68 112 12.548095
68 113 13.199708
68 114 13.895207
68 115 13.895773
68 116 11.365909
68 117 14.819137
68 118 13.911654
68 119 11.527884
68 120 12.692509
68 121 13.708399
68 122 14.761903
68 123 12.360197
68 124 11.794417
68 125 11.024875
68 126 11.278630
68 127 12.880049
68 128 13.445508
68 129 12.483044
68 130 12.325334
68 131 12.671148
68 132 11.002897
68 133 11.144599
68 134 10.984324
68 135 14.213409
68 136 11.530829
68 137 11.477803
68 138 13.764930
68 139 10.984845
68 140 12.687840
68 141 12.917468
68 142 12.962444
68 143 13.824143
68 144 13.556599
68 145 14.288107
68 146 14.372708
68 147 13.959387
68 148 13.302542
68 149 13.211002
68 150 14.187052
68 151 11.200439
68 152 12.676348
68 153 14.231764
68 154 14.594976
68 155 12.174734
68 156 12.578003
68 157 11.113284
68 158 14.780259
68 159 14.455958
68 160 13.718557
68 161 12.499989
68 162 11.526292
68 163 14.461928
68 164 12.758023
68 165 13.648126
68 166 12.265387
68 167 13.448457
68 168 12.176885
68 169 14.404959
68 170 12.998786
68 171 11.666720
68 172 14.639470
68 173 13.878392
68 174 14.367373
68 175 12.476822
68 176 11.205587
68 177 11.650558
68 178 12.684268
68 179 14.321705
68 180 11.041616
68 181 14.250416
68 182 11.466062
68 183 11.309256
68 184 12.469804
68 185 14.218985
68 186 11.987426
68 187 13.422982
68 188 12.476705
68 189 12.300145
68 190 12.141903
68 191 11.064940
68 192 13.403702
68 193 12.229352
68 194 12.581691
68 195 12.485948
68 196 13.670871
68 197 11.383906
68 198 11.389691
68 199 13.176280
68 200 13.570647
69 0 14.414105
69 1 11.235315
69 2 14.283765
69 3 12.696711
69 4 14.248687
69 5 13.724973
69 6 11.934362
69 7 12.410694
69 8 13.060898
69 9 13.301635
69 10 12.265107
69 11 13.075762
69 12 12.628797
69 13 13.379061
69 14 11.440197
69 15 13.445846
69 16 14.609923
69 17 13.526280
69 18 12.843050
69 19 14.613935
69 20 13.397829
69 21 13.122968
69 22 11.188657
69 23 12.338353
69 24 11.641946
69 25 12.146797
69 26 13.043046
69 27 14.239818
69 28 11.632539
69 29 12.529211
69 30 13.782644
69 31 11.420000
69 32 14.143996
69 33 14.793267
69 34 12.999818
69 35 12.792831
69 36 13.783498
69 37 14.547429
69 38 11.312228
69 39 13.612405
69 40 10.973140
69 41 12.930070
69 42 11.056216
69 43 14.696702
69 44 14.514018
69 45 14.153832
69 46 14.730238
69 47 13.998536
69 48 13.433262
69 49 13.190028
69 50 14.554613
69 51 11.663238
69 52 11.674064
69 53 13.023873
69 54 14.707637
69 55 11.528555
69 56 13.060472
69 57 13.047858
69 58 14.685460
69 59 11.505390
69 60 13.392936
69 61 14.583692
69 62 13.591795
69 63 13.251462
69 64 13.062629
69 65 13.576089
69 66 11.209073
69 67 14.586279
69 68 14.047501
69 70 11.327997
69 71 14.205020
69 72 11.828117
69 73 13.186477
69 74 13.900907
69 75 11.837825
69 76 14.495186
69 77 13.178836
69 78 14.487082
69 79 12.402080
69 80 13.277582
69 81 14.140117
69 82 11.655650
69 83 11.094503
69 84 12.635992
69 85 11.422460
69 86 13.780910
69 87 14.536348
69 88 13.296090
69 89 14.567025
69 90 10.934481
69 91 12.984004
69 92 13.064883
69 93 12.135607
69 94 12.483360
69 95 13.968756
69 96 12.762742
69 97 14.735009
69 98 11.152084
69 99 13.374128
69 100 12.854661
69 101 11.304176
69 102 12.606452
69 103 12.145595
69 104 11.975411
69 105 12.180118
69 106 14.254473
69 107 11.572406
69 108 13.357499
69 109 12.273499
69 110 12.360000
69 111 11.559965
69 112 14.058655
69 113 12.981030
69 114 14.182227
69 115 14.125912
69 116 12.366297
69 117 14.020479
69 118 14.388775
69 119 14.503686
69 120 14.729303
69 121 11.287934
69 122 13.951336
69 123 11.324960
69 124 11.989712
69 125 13.756064
69 126 13.726147
69 127 11.881915
69 128 14.817340
69 129 14.744897
69 130 13.936873
69 131 11.421848
69 132 13.349716
69 133 14.617380
69 134 11.459261
69 135 13.755721
69 136 11.724544
69 137 13.100564
69 138 11.148035
69 139 12.522696
69 140 13.198175
69 141 12.403608
69 142 14.738061
69 143 12.870534
69 144 11.151608
69 145 13.594093
69 146 13.943995
69 147 13.872273
69 148 13.775758
69 149 13.335731
69 150 13.404224
69 151 14.486859
69 152 11.392254
69 153 14.748054
69 154 11.748559
69 155 11.284084
69 156 14.384198
69 157 13.165529
69 158 14.197556
69 159 11.425271
69 160 13.535110
69 161 12.499186
69 162 14.442365
69 163 11.749000
69 164 13.230000
69 165 12.535887
69 166 11.760720
69 167 11.768722
69 168 12.686629
69 169 12.316518
69 170 13.134205
69 171 14.576269
69 172 11.851565
69 173 14.096605
69 174 13.036141
69 175 12.438850
69 176 14.660852
69 177 14.256141
69 178 14.430801
69 179 10.981662
69 180 11.369081
69 181 11.592365
69 182 14.604760
69 183 11.329951
69 184 12.119376
69 185 12.318131
69 186 12.523064
69 187 11.862136
69 188 14.113365
69 189 14.115789
69 190 13.177832
69 191 13.813892
69 192 10.969306
69 193 12.982861
69 194 11.733822
69 195 14.235567
69 196 14.091857
69 197 11.812647
69 198 14.063223
69 199 11.522853
69 200 14.368660
70 0 13.999189
70 1 13.518481
70 2 14.586421
70 3 11.389886
70 4 14.423416
70 5 14.547472
70 6 11.607624
70 7 12.972211
70 8 13.505427
70 9 12.972628
70 10 12.992982
70 11 11.276438
70 12 11.833678
70 13 11.885030
70 14 12.162314
70 15 11.623163
70 16 12.543871
70 17 13.535327
70 18 12.144246
70 19 13.869064
70 20 11.209963
70 21 13.772517
70 22 14.521948
70 23 14.326476
70 24 14.771807
70 25 13.718362
70 26 11.498293
70 27 11.131915
70 28 14.492624
70 29 12.152148
70 30 14.610209
70 31 12.021620
70 32 13.630581
70 33 12.138325
70 34 10.965799
70 35 13.860719
70 36 13.934853
70 37 14.413248
70 38 13.810619
70 39 13.444403
70 40 11.577380
70 41 12.538938
70 42 11.213207
70 43 13.169043
70 44 11.853891
70 45 11.873274
70 46 14.666474
70 47 12.333006
70 48 11.297703
70 49 11.051340
70 50 13.581159
70 51 14.539100
70 52 11.311563
70 53 11.060129
70 54 13.200192
70 55 14.186831
70 56 14.354873
70 57 11.255003
70 58 12.031643
70 59 14.329772
70 60 12.963422
70 61 12.481696
70 62 13.614545
70 63 11.423539
70 64 14.558893
70 65 14.623651
70 66 13.587958
70 67 13.323692
70 68 11.529652
70 69 11.327997
70 71 13.163743
70 72 11.127451
70 73 10.969088
70 74 13.509114
70 75 11.410763
70 76 13.345845
70 77 12.207182
70 78 12.484227
70 79 13.528767
70 80 12.446302
70 81 13.899733
70 82 13.510269
70 83 12.305602
70 84 11.724873
70 85 13.878642
70 86 14.802183
70 87 14.141875
70 88 13.446665
70 89 13.194942
70 90 13.016399
70 91 14.027676
70 92 13.153491
70 93 12.630795
70 94 12.333087
70 95 14.228484
70 96 11.552432
70 97 14.108026
70 98 11.715902
70 99 11.330594
70 100 13.500467
70 101 11.827499
70 102 12.857859
70 103 12.950297
70 104 12.441126
70 105 11.523771
70 106 11.201968
70 107 12.331724
70 108 13.237025
70 109 14.250144
70 110 12.724790
70 111 11.040993
70 112 14.575993
70 113 12.451135
70 114 13.991671
70 115 13.554399
70 116 13.992669
70 117 13.818960
70 118 12.269674
70 119 12.998306
70 120 12.702052
70 121 14.125216
70 122 14.724072
70 123 13.725614
70 124 11.970128
70 125 11.129571
70 126 13.800139
70 127 11.463802
70 128 14.516166
70 129 11.502144
70 130 13.728355
70 131 11.578213
70 132 13.984188
70 133 12.348693
70 134 13.300308
70 135 13.460330
70 136 14.708312
70 137 13.754761
70 138 13.334392
70 139 14.723230
70 140 13.690394
70 141 11.950955
70 142 11.022178
70 143 11.770932
70 144 12.579298
70 145 13.681413
70 146 14.781248
70 147 14.451421
70 148 14.427695
70 149 13.189730
70 150 11.898858
70 151 11.923299
70 152 11.421197
70 153 13.272042
70 154 13.552964
70 155 13.360697
70 156 11.178613
70 157 14.558729
70 158 11.697813
70 159 13.880425
70 160 10.956685
70 161 14.062540
70 162 11.248935
70 163 13.251562
70 164 11.777838
70 165 14.348407
70 166 14.471193
70 167 14.240548
70 168 14.137377
70 169 13.346447
70 170 11.770180
70 171 11.189379
70 172 14.725842
70 173 12.625707
70 174 14.584865
70 175 12.962431
70 176 11.070446
70 177 12.625855
70 178 10.958712
70 179 13.391992
70 180 14.234780
70 181 12.028136
70 182 12.822114
70 183 12.853565
70 184 11.477643
70 185 11.972351
70 186 12.892191
70 187 11.089741
70 188 11.254551
70 189 12.067960
70 190 11.637029
70 191 11.226243
70 192 12.314458
70 193 11.400309
70 194 13.631086
70 195 10.983327
70 196 10.951856
70 197 12.686352
70 198 11.078358
70 199 14.784996
70 200 13.479158
71 0 12.246812
71 1 12.324197
71 2 13.890033
71 3 14.165853
71 4 12.813710
71 5 12.974332
71 6 13.813019
71 7 12.437005
71 8 13.983464
71 9 12.033269
71 10 11.857991
71 11 12.440323
71 12 12.954926
71 13 10.966210
71 14 12.285997
71 15 14.115117
71 16 11.338130
71 17 12.465263
71 18 14.424859
71 19 12.780786
71 20 13.576930
71 21 11.820003
71 22 14.266340
71 23 14.121160
71 24 12.207085
71 25 11.453147
71 26 12.550219
71 27 11.952741
71 28 12.362805
71 29 11.101625
71 30 12.701733
71 31 14.305511
71 32 11.213148
71 33 12.767375
71 34 10.972595
71 35 13.305303
71 36 13.739233
71 37 11.602219
71 38 14.694170
71 39 12.358543
71 40 11.754229
71 41 12.277271
71 42 12.940195
71 43 14.169072
71 44 12.908553
71 45 14.589929
71 46 14.309277
71 47 11.388394
71 48 13.248967
71 49 13.877428
71 50 12.815470
71 51 13.016984
71 52 13.835316
71 53 14.233716
71 54 11.373035
71 55 11.714911
71 56 14.153421
71 57 10.927322
71 58 12.024530
71 59 14.467418
71 60 14.671295
71 61 14.661392
71 62 14.069598
71 63 14.763518
71 64 11.804354
71 65 11.938934
71 66 11.520381
71 67 12.620035
71 68 11.865868
71 69 14.205020
71 70 13.163743
71 72 12.389978
71 73 11.027798
71 74 11.398661
71 75 14.086746
71 76 12.945954
71 77 11.522602
71 78 14.563596
71 79 12.960773
71 80 14.260908
71 81 12.215700
71 82 13.609761
71 83 13.680030
71 84 13.091206
71 85 11.927916
71 86 11.742008
71 87 12.965289
71 88 13.453275
71 89 13.009892
71 90 11.103667
71 91 12.791564
71 92 12.408645
71 93 13.710801
71 94 11.627853
71 95 11.133502
71 96 14.780785
71 97 12.660878
71 98 13.311952
71 99 11.682451
71 100 11.028062
71 101 12.051277
71 102 12.925292
71 103 13.839243
71 104 12.875021
71 105 13.134388
71 106 13.996452
71 107 10.965820
71 108 11.103021
71 109 11.664557
71 110 10.967349
71 111 14.375849
71 112 13.181281
71 113 12.514497
71 114 14.063294
71 115 12.030559
71 116 13.908912
71 117 11.925334
71 118 14.587622
71 119 13.081766
71 120 11.163679
71 121 14.763363
71 122 13.561571
71 123 12.287636
71 124 14.555579
71 125 14.405840
71 126 11.864999
71 127 14.092130
71 128 14.498991
71 129 11.050063
71 130 12.579616
71 131 11.132022
71 132 11.792299
71 133 11.015496
71 134 11.792074
71 135 12.485559
71 136 13.829654
71 137 14.175772
71 138 13.952706
71 139 11.894914
71 140 13.348716
71 141 12.379682
71 142 13.319485
71 143 12.993129
71 144 12.065315
71 145 14.266044
71 146 11.823444
71 147 11.088288
71 148 11.798550
71 149 12.145134
71 150 12.891631
71 151 10.941219
71 152 11.951538
71 153 13.728076
71 154 14.745023
71 155 13.367283
71 156 11.215587
71 157 12.309380
71 158 12.760792
71 159 11.398169
71 160 13.209371
71 161 11.901311
71 162 11.659854
71 163 11.818714
71 164 13.317252
71 165 14.298338
71 166 11.666449
71 167 14.123549
71 168 11.215193
71 169 12.634547
71 170 11.534070
71 171 14.253378
71 172 12.598071
71 173 12.248252
71 174 12.700258
71 175 11.070771
71 176 12.695010
71 177 12.654012
71 178 13.346185
71 179 13.042929
71 180 11.603443
71 181 12.416506
71 182 12.183474
71 183 13.159551
71 184 14.798516
71 185 11.038298
71 186 10.949033
71 187 14.687220
71 188 14.029780
71 189 13.619082
71 190 11.685968
71 191 13.184148
71 192 14.285056
71 193 14.059516
71 194 11.403862
71 195 11.239292
71 196 14.039698
71 197 14.409204
71 198 12.847582
71 199 14.134344
71 200 11.839161
72 0 12.536996
72 1 11.263655
72 2 11.754279
72 3 13.169283
72 4 11.804298
72 5 11.728023
72 6 12.624125
72 7 14.252593
72 8 12.722907
72 9 12.936714
72 10 13.799009
72 11 12.339814
72 12 12.393952
72 13 14.797374
72 14 12.226955
72 15 12.766222
72 16 13.910770
72 17 13.176585
72 18 14.429015
72 19 14.471957
72 20 14.474591
72 21 12.279901
72 22 11.976848
72 23 13.063085
72 24 13.754594
72 25 10.971118
72 26 11.236672
72 27 14.054655
72 28 14.248016
72 29 12.458135
72 30 14.241858
72 31 14.114336
72 32 12.662464
72 33 12.131297
72 34 12.912569
72 35 11.189050
72 36 14.052650
72 37 11.763263
72 38 12.736224
72 39 12.042643
72 40 12.317485
72 41 12.660206
72 42 11.867367
72 43 11.411591
72 44 13.989260
72 45 14.764596
72 46 11.719507
72 47 11.570906
72 48 13.514361
72 49 14.799156
72 50 14.677596
72 51 11.270783
72 52 13.998357
72 53 11.716326
72 54 14.010960
72 55 14.059768
72 56 12.110057
72 57 13.092378
72 58 11.405217
72 59 11.237685
72 60 14.517108
72 61 14.443486
72 62 13.984186
72 63 13.190335
72 64 14.766411
72 65 12.686878
72 66 13.379392
72 67 13.183026
72 68 12.596117
72 69 11.828117
72 70 11.127451
72 71 12.389978
72 73 14.109550
72 74 11.259967
72 75 12.307399
72 76 13.468405
72 77 13.684061
72 78 10.955630
72 79 11.662147
72 80 12.683432
72 81 11.356387
72 82 14.037870
72 83 12.936640
72 84 11.385457
72 85 11.360646
72 86 11.055231
72 87 13.615849
72 88 11.724771
72 89 12.042960
72 90 11.680792
72 91 13.467984
72 92 13.739298
72 93 12.973957
72 94 14.674795
72 95 11.202894
72 96 12.901900
72 97 12.254151
72 98 12.988511
72 99 11.224277
72 100 14.277543
72 101 12.892239
72 102 13.579105
72 103 14.584201
72 104 11.926035
72 105 14.673471
72 106 12.943413
72 107 13.980823
72 108 11.844053
72 109 13.089253
72 110 14.806645
72 111 13.568261
72 112 12.353127
72 113 13.043655
72 114 13.270927
72 115 11.134481
72 116 11.202448
72 117 10.945608
72 118 11.687781
72 119 14.462984
72 120 13.487046
72 121 13.505666
72 122 12.447215
72 123 13.720848
72 124 11.658156
72 125 11.378125
72 126 13.849003
72 127 14.487008
72 128 14.608088
72 129 13.215575
72 130 12.678211
72 131 13.551194
72 132 13.878761
72 133 14.766744
72 134 13.302440
72 135 12.416691
72 136 14.644806
72 137 12.177438
72 138 13.890713
72 139 12.700840
72 140 13.780231
72 141 13.526401
72 142 11.100804
72 143 11.362343
72 144 14.739825
72 145 12.433118
72 146 14.108800
72 147 14.816713
72 148 14.372470
72 149 12.688798
72 150 14.474156
72 151 11.589911
72 152 13.655508
72 153 13.695138
72 154 11.723301
72 155 11.553310
72 156 11.595099
72 157 13.586909
72 158 11.929981
72 159 11.076583
72 160 11.690536
72 161 14.659692
72 162 13.529923
72 163 14.253333
72 164 12.310807
72 165 13.745374
72 166 14.578637
72 167 12.419051
72 168 11.152514
72 169 12.882653
72 170 14.091131
72 171 14.310829
72 172 13.591421
72 173 13.825451
72 174 12.714196
72 175 14.314778
72 176 14.818900
72 177 14.797044
72 178 14.440422
72 179 11.459917
72 180 11.577736
72 181 13.187060
72 182 11.388052
72 183 12.978500
72 184 13.350674
72 185 13.348408
72 186 14.532996
72 187 11.029765
72 188 11.151855
72 189 13.502179
72 190 13.138956
72 191 12.796995
72 192 13.580009
72 193 13.312663
72 194 13.191601
72 195 13.776815
72 196 12.883763
72 197 12.741577
72 198 11.585266
72 199 11.949871
72 200 14.791644
73 0 12.088816
73 1 11.689476
73 2 14.589764
73 3 12.075414
73 4 11.143485
73 5 12.300967
73 6 11.127725
73 7 11.740873
73 8 14.112600
73 9 12.324072
73 10 13.680828
73 11 11.303641
73 12 13.265444
73 13 12.139274
73 14 11.172998
73 15 13.987195
73 16 10.932669
73 17 11.848168
73 18 12.986900
73 19 14.459634
73 20 11.702969
73 21 11.341431
73 22 12.509205
73 23 12.572123
73 24 12.658862
73 25 10.991713
73 26 14.333424
73 27 12.922010
73 28 11.919361
73 29 13.674975
73 30 13.398792
73 31 12.789324
73 32 14.756820
73 33 12.380847
73 34 13.677669
73 35 13.958526
73 36 12.488462
73 37 13.485022
73 38 13.278765
73 39 11.049207
73 40 12.387405
73 41 11.891847
73 42 14.807071
73 43 13.802938
73 44 11.201785
73 45 14.012486
73 46 13.269348
73 47 13.343791
73 48 11.234484
73 49 11.955799
73 50 11.586774
73 51 14.652375
73 52 13.661573
73 53 12.096044
73 54 13.180588
73 55 13.837253
73 56 11.641357
73 57 11.428414
73 58 13.423879
73 59 12.249730
73 60 11.415301
73 61 13.904814
73 62 12.775597
73 63 13.284092
73 64 10.975138
73 65 11.750200
73 66 13.250972
73 67 12.387416
73 68 11.140914
73 69 13.186477
73 70 10.969088
73 71 11.027798
73 72 14.109550
73 74 14.315232
73 75 11.027275
73 76 12.265752
73 77 14.595787
73 78 14.026794
73 79 12.286395
73 80 12.738038
73 81 11.132272
73 82 12.844540
73 83 14.050103
73 84 13.403085
73 85 13.619285
73 86 12.892824
73 87 12.373871
73 88 11.308312
73 89 13.321509
73 90 13.591037
73 91 11.567665
73 92 12.405961
73 93 12.728918
73 94 13.834520
73 95 14.025821
73 96 11.608004
73 97 14.186602
73 98 12.708197
73 99 11.068064
73 100 14.795187
73 101 13.626988
73 102 12.034055
73 103 14.807557
73 104 12.690945
73 105 14.551012
73 106 11.274081
73 107 14.716174
73 108 13.730594
73 109 13.245003
73 110 13.085541
73 111 11.128557
73 112 13.403179
73 113 11.985134
73 114 11.238781
73 115 14.387385
73 116 14.327789
73 117 14.799300
73 118 11.860344
73 119 12.803506
73 120 14.260890
73 121 13.648010
73 122 13.359229
73 123 12.993043
73 124 12.544038
73 125 13.080959
73 126 14.195437
73 127 11.465349
73 128 13.180897
73 129 12.290885
73 130 13.110512
73 131 14.029857
73 132 13.748812
73 133 11.230975
73 134 13.976024
73 135 14.733745
73 136 11.303553
73 137 14.290249
73 138 12.236085
73 139 12.781239
73 140 11.533272
73 141 12.955231
73 142 12.003688
73 143 13.724498
73 144 14.486764
73 145 13.006301
73 146 13.713450
73 147 12.562883
73 148 13.066073
73 149 14.550709
73 150 12.126858
73 151 14.118086
73 152 13.727859
73 153 13.829496
73 154 12.774554
73 155 13.135836
73 156 13.542863
73 157 11.940724
73 158 13.855367
73 159 14.647658
73 160 11.933975
73 161 13.511004
73 162 11.483070
73 163 14.354630
73 164 12.498490
73 165 14.379250
73 166 14.475155
73 167 14.241635
73 168 13.694204
73 169 11.370589
73 170 13.854832
73 171 11.745803
73 172 14.147594
73 173 14.572427
73 174 14.794549
73 175 11.479958
73 176 13.181018
73 177 12.418911
73 178 12.124694
73 179 14.097614
73 180 13.207411
73 181 11.541757
73 182 13.641099
73 183 12.025025
73 184 13.371046
73 185 14.656298
73 186 13.071881
73 187 14.303870
73 188 12.986926
73 189 12.636538
73 190 13.716881
73 191 13.316271
73 192 12.430030
73 193 14.082623
73 194 14.297702
73 195 12.372267
73 196 12.449998
73 197 12.998110
73 198 11.345574
73 199 12.371108
73 200 14.001532
74 0 12.191770
74 1 14.421246
74 2 13.319014
74 3 13.369573
74 4 12.097105
74 5 12.246625
74 6 12.950598
74 7 13.616309
74 8 12.194614
74 9 12.616309
74 10 11.693223
74 11 13.343305
74 12 11.357894
74 13 11.594491
74 14 10.970158
74 15 14.804247
74 16 13.700584
74 17 12.126956
74 18 12.564965
74 19 13.275869
74 20 12.691291
74 21 14.351385
74 22 12.294818
74 23 12.512269
74 24 12.837247
74 25 12.985996
74 26 11.864967
74 27 13.109319
74 28 14.634774
74 29 12.029071
74 30 14.133782
74 31 13.445454
74 32 12.617379
74 33 11.176599
74 34 12.828368
74 35 11.604828
74 36 12.758206
74 37 14.495854
74 38 11.724945
74 39 14.496136
74 40 13.622082
74 41 11.720397
74 42 12.191583
74 43 11.183008
74 44 12.491306
74 45 11.231903
74 46 12.804118
74 47 13.937260
74 48 14.255494
74 49 14.024907
74 50 14.238768
74 51 13.643912
74 52 12.492041
74 53 11.730757
74 54 11.404525
74 55 12.419725
74 56 14.598632
74 57 12.295066
74 58 11.545999
74 59 12.133149
74 60 12.061834
74 61 11.698758
74 62 12.829260
74 63 13.834090
74 64 13.367684
74 65 14.644954
74 66 14.317311
74 67 13.259406
74 68 11.187621
74 69 13.900907
74 70 13.509114
74 71 11.398661
74 72 11.259967
74 73 14.315232
74 75 11.596946
74 76 12.335047
74 77 13.696162
74 78 12.319073
74 79 14.081327
74 80 12.180922
74 81 12.223802
74 82 11.391604
74 83 12.981049
74 84 12.310095
74 85 14.326885
74 86 14.332447
74 87 12.149340
74 88 14.650650
74 89 12.018021
74 90 11.965197
74 91 12.453294
74 92 13.304013
74 93 13.942974
74 94 13.268990
74 95 11.292867
74 96 14.513746
74 97 13.574983
74 98 12.945517
74 99 11.491960
74 100 12.223182
74 101 11.764363
74 102 12.225357
74 103 14.591285
74 104 12.430171
74 105 14.584549
74 106 12.637531
74 107 12.760282
74 108 13.576309
74 109 14.086451
74 110 11.284920
74 111 12.834614
74 112 14.763755
74 113 11.432719
74 114 11.024119
74 115 14.683763
74 116 13.720775
74 117 12.255394
74 118 14.185385
74 119 13.706910
74 120 13.467170
74 121 14.224738
74 122 14.467307
74 123 12.469557
74 124 11.805003
74 125 13.902043
74 126 12.321164
74 127 14.650657
74 128 14.475285
74 129 13.441449
74 130 14.439592
74 131 13.792706
74 132 14.584815
74 133 12.770247
74 134 14.522631
74 135 11.039297
74 136 11.554447
74 137 12.134903
74 138 11.780835
74 139 12.976557
74 140 13.674215
74 141 13.734408
74 142 11.937835
74 143 11.003805
74 144 14.621890
74 145 12.262973
74 146 13.465891
74 147 12.861565
74 148 14.226696
74 149 14.565287
74 150 13.361387
74 151 11.976584
74 152 11.507639
74 153 13.287207
74 154 12.340331
74 155 11.805848
74 156 12.742785
74 157 11.097931
74 158 12.494900
74 159 12.591254
74 160 14.702565
74 161 12.880250
74 162 14.390578
74 163 11.937549
74 164 13.006143
74 165 14.274157
74 166 13.770431
74 167 11.310481
74 168 11.012392
74 169 12.617881
74 170 13.633260
74 171 12.583228
74 172 13.775273
74 173 13.751917
74 174 11.788016
74 175 10.965779
74 176 13.472543
74 177 13.746051
74 178 13.186790
74 179 14.047250
74 180 11.160438
74 181 14.109256
74 182 12.833507
74 183 12.780693
74 184 12.660987
74 185 14.196601
74 186 11.789566
74 187 14.140742
74 188 13.773841
74 189 13.263758
74 190 13.043502
74 191 14.172223
74 192 13.458525
74 193 14.440229
74 194 11.084400
74 195 12.532453
74 196 11.852858
74 197 14.779437
74 198 13.505192
74 199 13.296667
74 200 12.191087
75 0 13.338641
75 1 11.875461
75 2 13.241420
75 3 12.802383
75 4 14.214358
75 5 13.858502
75 6 11.523835
75 7 12.605297
75 8 11.636341
75 9 14.758564
75 10 11.770755
75 11 12.174662
75 12 14.132048
75 13 11.346853
75 14 11.603247
75 15 14.386759
75 16 14.238735
75 17 12.235102
75 18 13.883348
75 19 14.378647
75 20 14.396600
75 21 13.508172
75 22 11.552493
75 23 11.075220
75 24 13.509366
75 25 13.182759
75 26 12.381559
75 27 13.594946
75 28 12.638073
75 29 11.415378
75 30 12.224965
75 31 13.760577
75 32 14.794790
75 33 14.783046
75 34 12.033786
75 35 11.630135
75 36 12.003690
75 37 13.824821
75 38 11.948658
75 39 13.077141
75 40 11.981128
75 41 11.124032
75 42 12.598312
75 43 13.649348
75 44 11.469823
75 45 14.443791
75 46 14.494504
75 47 14.803360
75 48 14.113644
75 49 11.425873
75 50 12.173027
75 51 11.282598
75 52 12.236375
75 53 13.872784
75 54 13.048715
75 55 13.309534
75 56 11.153569
75 57 12.808300
75 58 10.950920
75 59 11.879926
75 60 12.845890
75 61 12.069752
75 62 12.981843
75 63 13.803457
75 64 12.479237
75 65 12.356656
75 66 13.946719
75 67 13.162094
75 68 11.880692
75 69 11.837825
75 70 11.410763
75 71 14.086746
75 72 12.307399
75 73 11.027275
75 74 11.596946
75 76 12.644946
75 77 13.621957
75 78 13.417550
75 79 13.422164
75 80 12.200849
75 81 14.058766
75 82 11.991371
75 83 12.924423
75 84 12.778753
75 85 14.158044
75 86 11.346537
75 87 14.478212
75 88 14.597571
75 89 13.803644
75 90 14.323844
75 91 13.701925
75 92 13.234733
75 93 12.955819
75 94 12.269533
75 95 11.531735
75 96 12.131281
75 97 14.611733
75 98 14.764486
75 99 11.130685
75 100 14.540498
75 101 12.133070
75 102 11.149558
75 103 13.090917
75 104 11.470713
75 105 13.041512
75 106 11.435373
75 107 11.201776
75 108 11.902943
75 109 11.334517
75 110 13.576622
75 111 11.577089
75 112 11.500738
75 113 11.653414
75 114 13.965957
75 115 11.739710
75 116 12.124804
75 117 12.541896
75 118 12.701663
75 119 12.847154
75 120 12.085536
75 121 12.966157
75 122 11.258650
75 123 11.406119
75 124 12.097282
75 125 11.222710
75 126 12.987009
75 127 13.548125
75 128 11.293214
75 129 12.098420
75 130 14.551473
75 131 12.575822
75 132 13.091884
75 133 13.909223
75 134 12.189742
75 135 13.834062
75 136 14.542815
75 137 12.819605
75 138 13.204555
75 139 12.765869
75 140 11.047171
75 141 14.360418
75 142 13.578464
75 143 12.098688
75 144 12.567947
75 145 14.547938
75 146 13.338620
75 147 13.375769
75 148 13.571155
75 149 11.913068
75 150 13.308973
75 151 13.222698
75 152 14.628757
75 153 12.339600
75 154 11.707441
75 155 14.370008
75 156 12.699075
75 157 13.468881
75 158 11.879460
75 159 12.469625
75 160 13.754267
75 161 12.778992
75 162 14.431571
75 163 13.844209
75 164 13.424425
75 165 12.711532
75 166 14.079449
75 167 13.574136
75 168 13.385790
75 169 13.781654
75 170 12.529375
75 171 13.112670
75 172 14.001955
75 173 13.276564
75 174 13.487254
75 175 13.843508
75 176 13.082128
75 177 11.828581
75 178 11.173799
75 179 11.148757
75 180 14.762349
75 181 11.874551
75 182 12.714883
75 183 11.279670
75 184 12.566634
75 185 14.521423
75 186 13.605472
75 187 13.983570
75 188 13.493048
75 189 12.062005
75 190 11.362783
75 191 12.776191
75 192 14.734335
75 193 11.998200
75 194 13.204500
75 195 12.949703
75 196 12.132536
75 197 11.516750
75 198 12.981710
75 199 12.196811
75 200 13.134957
76 0 12.511082
76 1 13.729364
76 2 13.496446
76 3 12.724334
76 4 13.631437
76 5 12.566621
76 6 12.045126
76 7 13.226295
76 8 12.380611
76 9 11.315859
76 10 12.214446
76 11 11.356638
76 12 14.693496
76 13 12.285640
76 14 11.315127
76 15 11.945230
76 16 12.424431
76 17 13.310591
76 18 14.055073
76 19 13.140340
76 20 11.037048
76 21 12.047680
76 22 11.516914
76 23 11.730623
76 24 14.066471
76 25 11.959530
76 26 14.346723
76 27 12.979015
76 28 14.322447
76 29 13.578047
76 30 14.126972
76 31 12.838985
76 32 13.231465
76 33 11.932831
76 34 12.037470
76 35 12.413605
76 36 12.916998
76 37 14.187290
76 38 11.317208
76 39 13.061157
76 40 13.947128
76 41 13.673225
76 42 11.826000
76 43 14.540529
76 44 11.544666
76 45 13.967375
76 46 12.178262
76 47 13.757022
76 48 14.228338
76 49 11.230760
76 50 11.622045
76 51 11.130771
76 52 12.698546
76 53 11.181999
76 54 11.686144
76 55 11.587794
76 56 11.963560
76 57 13.302497
76 58 12.336205
76 59 13.071111
76 60 13.937871
76 61 11.388527
76 62 13.884811
76 63 14.556301
76 64 11.160084
76 65 14.212090
76 66 12.750651
76 67 13.739160
76 68 13.017079
76 69 14.495186
76 70 13.345845
76 71 12.945954
76 72 13.468405
76 73 12.265752
76 74 12.335047
76 75 12.644946
76 77 13.958291
76 78 11.960468
76 79 13.725490
76 80 11.380588
76 81 12.353493
76 82 14.316777
76 83 12.374099
76 84 13.501989
76 85 13.084900
76 86 11.308772
76 87 14.264477
76 88 12.796350
76 89 13.205510
76 90 11.832040
76 91 11.961971
76 92 14.819631
76 93 11.474546
76 94 11.473773
76 95 14.664799
76 96 11.716631
76 97 13.209042
76 98 13.391036
76 99 14.692290
76 100 12.467127
76 101 11.213131
76 102 12.423744
76 103 11.364432
76 104 11.828666
76 105 11.551459
76 106 13.684422
76 107 12.472069
76 108 13.900532
76 109 14.528057
76 110 12.615933
76 111 14.108808
76 112 13.605747
76 113 13.752279
76 114 11.652194
76 115 14.818616
76 116 11.786939
76 117 12.468373
76 118 11.283378
76 119 13.271934
76 120 13.931543
76 121 11.543442
76 122 14.460656
76 123 12.823625
76 124 11.285604
76 125 13.187343
76 126 11.213239
76 127 13.161403
76 128 11.628657
76 129 13.662550
76 130 13.007234
76 131 14.060254
76 132 14.375985
76 133 11.408752
76 134 14.041116
76 135 14.317657
76 136 12.799056
76 137 12.134109
76 138 12.342746
76 139 14.273548
76 140 13.842369
76 141 14.289010
76 142 11.527005
76 143 11.807772
76 144 13.063500
76 145 14.577233
76 146 12.484071
76 147 12.894139
76 148 13.617167
76 149 13.153510
76 150 14.778602
76 151 13.224749
76 152 11.342226
76 153 10.960018
76 154 12.115411
76 155 12.493049
76 156 13.918915
76 157 14.493191
76 158 11.862683
76 159 12.215099
76 160 11.512587
76 161 14.204416
76 162 11.804023
76 163 12.551893
76 164 11.136333
76 165 13.623727
76 166 11.559293
76 167 11.076795
76 168 11.660505
76 169 12.933629
76 170 11.386597
76 171 13.557495
76 172 12.477218
76 173 13.702149
76 174 10.959129
76 175 14.533632
76 176 10.952586
76 177 11.231310
76 178 11.096568
76 179 14.600570
76 180 11.914961
76 181 11.838540
76 182 11.426768
76 183 11.901324
76 184 11.104739
76 185 13.778557
76 186 13.143546
76 187 12.707585
76 188 12.687771
76 189 11.629940
76 190 13.096935
76 191 13.662009
76 192 14.387002
76 193 14.358028
76 194 12.274407
76 195 14.687884
76 196 10.937710
76 197 13.431763
76 198 12.462942
76 199 12.715729
76 200 13.899051
77 0 13.465268
77 1 13.289387
77 2 11.018747
77 3 14.744677
77 4 13.835164
77 5 14.158582
77 6 12.235842
77 7 14.327509
77 8 13.701765
77 9 12.896839
77 10 12.110435
77 11 12.416308
77 12 11.634759
77 13 14.573496
77 14 13.111429
77 15 13.605227
77 16 14.038130
77 17 14.193775
77 18 14.059218
77 19 11.537740
77 20 14.373417
77 21 11.410571
77 22 11.845109
77 23 12.657809
77 24 13.831490
77 25 11.634337
77 26 13.651747
77 27 12.085966
77 28 11.902535
77 29 11.366884
77 30 14.819273
77 31 11.577907
77 32 12.733468
77 33 11.676329
77 34 14.310570
77 35 14.547740
77 36 12.799663
77 37 14.398646
77 38 13.950118
77 39 12.798451
77 40 12.240686
77 41 13.884163
77 42 12.467548
77 43 11.642811
77 44 14.767849
77 45 12.976658
77 46 11.940680
77 47 14.038365
77 48 14.501413
77 49 14.712317
77 50 12.145995
77 51 11.733961
77 52 14.532823
77 53 12.607808
77 54 12.134228
77 55 14.721047
77 56 10.945859
77 57 11.757878
77 58 14.776750
77 59 13.312647
77 60 11.607427
77 61 12.652801
77 62 11.732563
77 63 14.625362
77 64 14.156786
77 65 14.274878
77 66 14.601275
77 67 11.293803
77 68 11.323436
77 69 13.178836
77 70 12.207182
77 71 11.522602
77 72 13.684061
77 73 14.595787
77 74 13.696162
77 75 13.621957
77 76 13.958291
77 78 11.755162
77 79 11.225465
77 80 12.644388
77 81 14.379873
77 82 13.712034
77 83 11.507645
77 84 13.836601
77 85 13.730390
77 86 11.536914
77 87 13.404489
77 88 12.951461
77 89 13.609990
77 90 12.781732
77 91 11.554183
77 92 14.059656
77 93 12.398208
77 94 13.978569
77 95 14.599669
77 96 13.968216
77 97 13.347186
77 98 13.515870
77 99 14.667360
77 100 14.254010
77 101 12.855257
77 102 14.336153
77 103 12.628982
77 104 13.028957
77 105 12.527349
77 106 12.091199
77 107 12.240638
77 108 14.807146
77 109 11.287916
77 110 13.416574
77 111 13.002700
77 112 14.360099
77 113 13.637219
77 114 12.381112
77 115 12.090134
77 116 13.923657
77 117 11.034140
77 118 13.167552
77 119 13.760299
77 120 13.867182
77 121 14.182256
77 122 12.880356
77 123 12.399952
77 124 13.319600
77 125 14.055763
77 126 11.187275
77 127 12.743902
77 128 11.284578
77 129 12.935941
77 130 11.574764
77 131 11.046600
77 132 14.052682
77 133 13.482579
77 134 11.699225
77 135 14.233674
77 136 14.261147
77 137 11.211239
77 138 12.414495
77 139 14.701452
77 140 12.167297
77 141 11.408880
77 142 14.687738
77 143 14.642209
77 144 13.576343
77 145 14.399537
77 146 11.206028
77 147 11.772675
77 148 12.031574
77 149 14.041188
77 150 12.742602
77 151 14.649040
77 152 12.434865
77 153 11.667407
77 154 12.279624
77 155 14.726181
77 156 13.947113
77 157 12.429343
77 158 13.258841
77 159 11.767967
77 160 13.499320
77 161 12.012685
77 162 11.312770
77 163 11.225078
77 164 12.938125
77 165 12.549382
77 166 13.014065
77 167 12.273929
77 168 12.399549
77 169 14.741392
77 170 12.930766
77 171 11.337658
77 172 11.756396
77 173 12.936981
77 174 12.000280
77 175 13.405675
77 176 11.137104
77 177 12.440848
77 178 11.756730
77 179 13.044298
77 180 13.948342
77 181 11.487957
77 182 13.232467
77 183 12.296842
77 184 12.377374
77 185 12.619992
77 186 13.430079
77 187 13.289281
77 188 14.092839
77 189 11.891254
77 190 11.844595
77 191 14.783941
77 192 12.658404
77 193 12.962769
77 194 12.926098
77 195 12.233212
77 196 10.992110
77 197 14.472586
77 198 12.288259
77 199 12.920112
77 200 13.137550
78 0 11.413468
78 1 14.805444
78 2 12.722192
78 3 11.593520
78 4 12.651125
78 5 11.239357
78 6 12.189815
78 7 11.618985
78 8 10.982225
78 9 12.578319
78 10 11.686059
78 11 13.828133
78 12 12.477744
78 13 14.477844
78 14 13.891206
78 15 13.645392
78 16 13.708662
78 17 11.862168
78 18 11.143891
78 19 14.522189
78 20 12.770885
78 21 12.466006
78 22 13.709655
78 23 10.948381
78 24 11.898000
78 25 14.545823
78 26 12.094898
78 27 14.533933
78 28 11.524499
78 29 13.630132
78 30 12.271643
78 31 11.279096
78 32 14.138388
78 33 11.147927
78 34 11.412087
78 35 12.719700
78 36 13.286938
78 37 13.262809
78 38 11.162641
78 39 12.286766
78 40 13.969176
78 41 11.941395
78 42 11.744572
78 43 12.870304
78 44 12.339155
78 45 13.568047
78 46 14.092350
78 47 13.052680
78 48 11.317904
78 49 11.469997
78 50 11.785276
78 51 13.858030
78 52 12.337895
78 53 11.708350
78 54 12.108280
78 55 12.965377
78 56 14.475006
78 57 12.931591
78 58 13.666771
78 59 12.949279
78 60 11.056386
78 61 12.449508
78 62 11.160905
78 63 10.989531
78 64 11.430680
78 65 13.641706
78 66 14.048318
78 67 14.629880
78 68 12.164461
78 69 14.487082
78 70 12.484227
78 71 14.563596
78 72 10.955630
78 73 14.026794
78 74 12.319073
78 75 13.417550
78 76 11.960468
78 77 11.755162
78 79 13.882032
78 80 11.778564
78 81 14.680573
78 82 12.102546
78 83 14.560801
78 84 12.498372
78 85 12.436641
78 86 12.909192
78 87 11.244731
78 88 13.107232
78 89 13.993034
78 90 13.647028
78 91 11.296457
78 92 13.435611
78 93 13.004585
78 94 12.567256
78 95 11.591893
78 96 11.482876
78 97 13.215220
78 98 11.636240
78 99 13.465979
78 100 14.214822
78 101 14.576781
78 102 13.418902
78 103 12.382316
78 104 12.442143
78 105 13.940480
78 106 13.367417
78 107 14.547278
78 108 13.996485
78 109 14.490099
78 110 14.310802
78 111 12.172588
78 112 12.287335
78 113 13.059269
78 114 12.939823
78 115 11.940896
78 116 13.513124
78 117 14.421817
78 118 14.677014
78 119 11.347895
78 120 12.117052
78 121 14.301628
78 122 11.252672
78 123 14.653513
78 124 14.111867
78 125 10.992509
78 126 12.294194
78 127 13.764202
78 128 13.258377
78 129 14.780828
78 130 11.078331
78 131 11.175044
78 132 12.030783
78 133 12.175003
78 134 12.666892
78 135 13.763974
78 136 10.998313
78 137 12.229030
78 138 12.194455
78 139 14.673302
78 140 12.260086
78 141 13.762653
78 142 13.769649
78 143 13.680096
78 144 11.687238
78 145 10.931846
78 146 12.486452
78 147 12.916610
78 148 10.964221
78 149 14.671862
78 150 11.236798
78 151 14.683518
78 152 12.045431
78 153 10.997368
78 154 13.995525
78 155 13.645702
78 156 13.745658
78 157 13.517909
78 158 11.397221
78 159 13.011500
78 160 14.658353
78 161 11.201753
78 162 11.048246
78 163 12.122495
78 164 11.524711
78 165 13.136043
78 166 13.668255
78 167 12.774179
78 168 12.113114
78 169 13.770033
78 170 13.381030
78 171 14.446193
78 172 13.018793
78 173 11.787046
78 174 13.528542
78 175 13.902877
78 176 13.285080
78 177 13.751167
78 178 12.233518
78 179 13.820928
78 180 13.498573
78 181 13.778906
78 182 11.163218
78 183 13.120752
78 184 12.293880
78 185 14.729583
78 186 14.216515
78 187 12.023439
78 188 14.104860
78 189 13.314863
78 190 11.274235
78 191 12.674235
78 192 11.234405
78 193 13.861147
78 194 12.145724
78 195 11.592297
78 196 12.318006
78 197 14.792497
78 198 11.234638
78 199 14.207010
78 200 13.475872
79 0 13.207733
79 1 13.821051
79 2 13.881627
79 3 14.636617
79 4 12.961120
79 5 13.349255
79 6 12.042477
79 7 13.949321
79 8 11.841748
79 9 14.231557
79 10 14.343034
79 11 13.348675
79 12 12.195518
79 13 13.402611
79 14 11.951571
79 15 11.610089
79 16 14.134961
79 17 14.453998
79 18 12.634955
79 19 12.514397
79 20 13.762689
79 21 10.927720
79 22 11.979139
79 23 11.951351
79 24 12.494407
79 25 11.254574
79 26 11.651590
79 27 13.834889
79 28 13.535892
79 29 11.310452
79 30 14.500753
79 31 12.531118
79 32 11.022000
79 33 14.424442
79 34 12.254482
79 35 12.814528
79 36 11.552419
79 37 12.480312
79 38 11.104253
79 39 14.378014
79 40 14.651818
79 41 11.936245
79 42 12.759142
79 43 14.143792
79 44 11.100605
79 45 14.188436
79 46 14.286512
79 47 13.499383
79 48 13.241753
79 49 12.440903
79 50 11.552550
79 51 14.311151
79 52 11.003941
79 53 13.954969
79 54 12.761079
79 55 11.419895
79 56 13.871322
79 57 11.807696
79 58 13.943997
79 59 13.852586
79 60 13.118071
79 61 11.765122
79 62 12.410727
79 63 13.913810
79 64 13.362085
79 65 11.056141
79 66 13.692844
79 67 12.820961
79 68 12.751780
79 69 12.402080
79 70 13.528767
79 71 12.960773
79 72 11.662147
79 73 12.286395
79 74 14.081327
79 75 13.422164
79 76 13.725490
79 77 11.225465
79 78 13.882032
79 80 13.814358
79 81 10.968167
79 82 11.345430
79 83 13.382926
79 84 13.293823
79 85 14.244476
79 86 14.181954
79 87 13.120076
79 88 14.400614
79 89 14.141187
79 90 12.230084
79 91 13.908800
79 92 13.906969
79 93 14.417505
79 94 13.601380
79 95 14.175219
79 96 14.187320
79 97 11.550728
79 98 14.644729
79 99 14.636212
79 100 14.495874
79 101 11.921562
79 102 12.561285
79 103 12.969204
79 104 12.822252
79 105 11.264014
79 106 12.519153
79 107 13.114982
79 108 13.457612
79 109 14.020317
79 110 12.253908
79 111 10.933444
79 112 12.694774
79 113 13.759283
79 114 11.957025
79 115 11.060513
79 116 14.303892
79 117 12.741160
79 118 11.910872
79 119 12.056210
79 120 12.076394
79 121 12.774398
79 122 12.605309
79 123 11.865241
79 124 11.858763
79 125 12.633235
79 126 14.536517
79 127 12.664952
79 128 13.311873
79 129 12.245713
79 130 13.348058
79 131 14.205367
79 132 14.717408
79 133 11.978581
79 134 14.549045
79 135 14.436581
79 136 13.623478
79 137 13.410066
79 138 13.548751
79 139 12.792446
79 140 14.810317
79 141 12.952581
79 142 13.562308
79 143 14.088321
79 144 13.888853
79 145 11.234007
79 146 12.670243
79 147 14.660877
79 148 13.218790
79 149 13.001833
79 150 13.629984
79 151 12.904575
79 152 11.482246
79 153 11.066195
79 154 12.670256
79 155 11.933876
79 156 14.063966
79 157 13.655864
79 158 11.891324
79 159 13.889418
79 160 14.063501
79 161 11.387419
79 162 12.507567
79 163 11.690881
79 164 13.581113
79 165 12.268015
79 166 11.548894
79 167 11.689558
79 168 12.403575
79 169 11.423273
79 170 14.507839
79 171 13.828349
79 172 12.478294
79 173 14.702309
79 174 12.577438
79 175 11.054049
79 176 13.815411
79 177 13.154124
79 178 14.089794
79 179 10.972167
79 180 12.511170
79 181 13.597453
79 182 12.807310
79 183 12.217579
79 184 13.350412
79 185 13.851819
79 186 12.796828
79 187 11.893351
79 188 13.993341
79 189 14.025675
79 190 13.649549
79 191 12.354433
79 192 14.484779
79 193 11.046011
79 194 13.799624
79 195 12.729264
79 196 14.325039
79 197 13.415135
79 198 13.750944
79 199 14.363188
79 200 13.534551
80 0 11.871895
80 1 13.473062
80 2 14.677954
80 3 12.168147
80 4 12.400590
80 5 11.266376
80 6 13.501114
80 7 14.284814
80 8 12.987440
80 9 13.189590
80 10 13.762140
80 11 11.478503
80 12 14.532327
80 13 14.251233
80 14 13.328931
80 15 12.963114
80 16 13.479235
80 17 11.620570
80 18 12.351352
80 19 13.911919
80 20 11.153511
80 21 12.380588
80 22 14.254313
80 23 11.468486
80 24 14.100711
80 25 11.076257
80 26 11.709023
80 27 14.393195
80 28 14.513878
80 29 13.969340
80 30 12.791271
80 31 12.663998
80 32 14.235742
80 33 12.878851
80 34 13.856630
80 35 14.724604
80 36 11.640831
80 37 11.110903
80 38 14.088501
80 39 14.219275
80 40 12.537762
80 41 11.690297
80 42 13.565631
80 43 12.231603
80 44 14.642396
80 45 14.065563
80 46 13.186408
80 47 13.456308
80 48 12.197166
80 49 13.921123
80 50 14.152777
80 51 11.942608
80 52 11.487041
80 53 14.204257
80 54 13.821686
80 55 12.035861
80 56 14.438099
80 57 13.840302
80 58 13.021548
80 59 13.408014
80 60 13.380940
80 61 14.409466
80 62 14.082779
80 63 14.541179
80 64 14.581425
80 65 14.072023
80 66 14.371061
80 67 12.584450
80 68 13.320379
80 69 13.277582
80 70 12.446302
80 71 14.260908
80 72 12.683432
80 73 12.738038
80 74 12.180922
80 75 12.200849
80 76 11.380588
80 77 12.644388
80 78 11.778564
80 79 13.814358
80 81 12.268294
80 82 11.260077
80 83 13.503145
80 84 13.579370
80 85 11.313659
80 86 14.180243
80 87 12.595647
80 88 13.111210
80 89 14.158289
80 90 12.679472
80 91 11.832356
80 92 12.089594
80 93 13.135636
80 94 11.635939
80 95 10.925724
80 96 13.946068
80 97 13.182475
80 98 11.746336
80 99 12.656184
80 100 13.052630
80 101 12.562125
80 102 13.299413
80 103 11.639853
80 104 12.850462
80 105 13.001294
80 106 11.981317
80 107 13.753064
80 108 11.029002
80 109 12.654798
80 110 12.746212
80 111 14.313923
80 112 13.237419
80 113 12.707609
80 114 14.288163
80 115 11.764726
80 116 12.656704
80 117 11.347864
80 118 11.167453
80 119 13.037910
80 120 13.353061
80 121 12.070436
80 122 12.815823
80 123 13.991819
80 124 13.130103
80 125 10.979630
80 126 10.943327
80 127 11.806474
80 128 14.070872
80 129 12.971613
80 130 12.193980
80 131 11.995858
80 132 11.440635
80 133 13.470393
80 134 14.312596
80 135 13.400115
80 136 13.031365
80 137 13.169082
80 138 10.945542
80 139 12.775148
80 140 11.478570
80 141 12.467220
80 142 12.460905
80 143 11.164286
80 144 13.699996
80 145 11.938683
80 146 11.336493
80 147 12.387825
80 148 11.760695
80 149 13.090168
80 150 13.014665
80 151 14.444686
80 152 11.435635
80 153 12.064250
80 154 11.137889
80 155 11.149219
80 156 14.128801
80 157 11.177299
80 158 12.122572
80 159 11.067317
80 160 10.963540
80 161 14.444202
80 162 13.494546
80 163 13.515191
80 164 14.430938
80 165 12.220741
80 166 11.460010
80 167 13.456900
80 168 12.489126
80 169 11.965841
80 170 12.296489
80 171 12.444807
80 172 13.451281
80 173 12.564838
80 174 13.314496
80 175 13.446955
80 176 13.790525
80 177 14.101864
80 178 11.460054
80 179 14.149717
80 180 12.706968
80 181 13.194620
80 182 13.458988
80 183 12.464305
80 184 12.351947
80 185 12.336226
80 186 13.786969
80 187 14.692385
80 188 11.891715
80 189 12.746030
80 190 11.048339
80 191 11.164342
80 192 13.915818
80 193 13.911859
80 194 12.040287
80 195 14.044079
80 196 13.563882
80 197 13.806297
80 198 13.632085
80 199 11.902757
80 200 13.669346
81 0 13.847407
81 1 12.246858
81 2 12.693939
81 3 11.921421
81 4 12.953344
81 5 13.716155
81 6 13.684007
81 7 12.339494
81 8 13.311870
81 9 11.892389
81 10 13.689427
81 11 11.490192
81 12 14.761799
81 13 12.534689
81 14 11.924917
81 15 13.998955
81 16 14.766033
81 17 13.163224
81 18 13.269282
81 19 12.097716
81 20 12.214574
81 21 12.618068
81 22 13.230832
81 23 12.669564
81 24 14.416493
81 25 14.302014
81 26 12.744085
81 27 12.908244
81 28 12.015691
81 29 14.320981
81 30 12.296572
81 31 12.892310
81 32 13.632847
81 33 12.255093
81 34 14.328427
81 35 11.929607
81 36 11.205851
81 37 12.564393
81 38 13.822576
81 39 11.513882
81 40 10.986848
81 41 14.682357
81 42 11.333839
81 43 14.729550
81 44 11.106557
81 45 12.926646
81 46 14.278965
81 47 13.177308
81 48 13.631800
81 49 11.306185
81 50 11.823834
81 51 14.334792
81 52 13.781749
81 53 13.901274
81 54 12.755600
81 55 14.312721
81 56 11.109618
81 57 13.242315
81 58 11.948956
81 59 12.508356
81 60 11.335767
81 61 11.260801
81 62 13.610273
81 63 12.974588
81 64 12.004976
81 65 13.094864
81 66 11.544739
81 67 13.535244
81 68 14.397482
81 69 14.140117
81 70 13.899733
81 71 12.215700
81 72 11.356387
81 73 11.132272
81 74 12.223802
81 75 14.058766
81 76 12.353493
81 77 14.379873
81 78 14.680573
81 79 10.968167
81 80 12.268294
81 82 12.237712
81 83 13.649190
81 84 13.055365
81 85 11.011969
81 86 11.296725
81 87 13.135611
81 88 13.766072
81 89 11.540969
81 90 13.520829
81 91 14.037541
81 92 12.517626
81 93 11.042172
81 94 14.573422
81 95 12.528071
81 96 13.491164
81 97 11.994485
81 98 13.783263
81 99 11.856177
81 100 13.767275
81 101 11.833784
81 102 12.445616
81 103 14.618345
81 104 13.594966
81 105 10.973486
81 106 13.420091
81 107 12.173940
81 108 13.116163
81 109 11.799439
81 110 11.434858
81 111 12.704408
81 112 12.677304
81 113 13.259989
81 114 13.377282
81 115 11.063970
81 116 14.589888
81 117 12.983602
81 118 12.797470
81 119 14.408752
81 120 14.636123
81 121 12.822737
81 122 11.742000
81 123 11.425414
81 124 14.184747
81 125 13.201947
81 126 13.836372
81 127 13.603208
81 128 12.293673
81 129 14.086441
81 130 13.315664
81 131 13.437399
81 132 13.991843
81 133 13.635919
81 134 13.124756
81 135 12.399574
81 136 11.476366
81 137 10.935009
81 138 14.696370
81 139 12.197487
81 140 12.868717
81 141 13.308849
81 142 13.768317
81 143 11.463436
81 144 13.783703
81 145 13.442988
81 146 13.261905
81 147 13.161179
81 148 14.058185
81 149 13.208855
81 150 12.773658
81 151 11.397615
81 152 11.617545
81 153 11.434358
81 154 13.174859
81 155 11.469268
81 156 13.515537
81 157 12.094149
81 158 14.009906
81 159 14.504433
81 160 14.721545
81 161 13.555003
81 162 12.197736
81 163 11.607390
81 164 14.171153
81 165 11.919859
81 166 14.781190
81 167 14.344402
81 168 14.154824
81 169 13.725856
81 170 13.964046
81 171 12.714333
81 172 13.956774
81 173 14.159372
81 174 11.568766
81 175 11.950894
81 176 13.519559
81 177 11.744700
81 178 12.599966
81 179 11.167184
81 180 11.632674
81 181 13.649454
81 182 12.456625
81 183 11.492503
81 184 13.635642
81 185 11.912795
81 186 14.525671
81 187 13.840277
81 188 13.359420
81 189 14.248330
81 190 13.399418
81 191 11.325507
81 192 12.035759
81 193 12.513967
81 194 13.624906
81 195 12.304153
81 196 12.861472
81 197 12.718209
81 198 13.189056
81 199 14.399889
81 200 12.532598
82 0 12.183289
82 1 12.022266
82 2 13.108952
82 3 12.021318
82 4 11.622712
82 5 13.954141
82 6 14.798780
82 7 12.162659
82 8 11.006198
82 9 11.812432
82 10 11.794640
82 11 13.310222
82 12 12.990527
82 13 13.012805
82 14 11.558805
82 15 11.362207
82 16 10.983307
82 17 14.276436
82 18 11.970301
82 19 12.662489
82 20 12.965438
82 21 12.291775
82 22 12.398104
82 23 12.756328
82 24 12.984989
82 25 12.064792
82 26 11.635291
82 27 12.059838
82 28 12.694679
82 29 13.408632
82 30 12.518240
82 31 12.943739
82 32 13.885934
82 33 12.301867
82 34 14.338864
82 35 14.705582
82 36 14.601284
82 37 11.782497
82 38 13.279081
82 39 13.145030
82 40 14.114129
82 41 12.929256
82 42 12.234867
82 43 12.771702
82 44 12.638088
82 45 12.108644
82 46 13.640515
82 47 11.144764
82 48 14.123435
82 49 14.569252
82 50 13.964310
82 51 12.677802
82 52 13.279678
82 53 14.312314
82 54 14.210720
82 55 12.218984
82 56 13.762455
82 57 12.464504
82 58 14.324258
82 59 11.422220
82 60 14.763314
82 61 11.049780
82 62 13.498854
82 63 13.134277
82 64 12.479368
82 65 12.854965
82 66 12.259200
82 67 12.695864
82 68 11.692358
82 69 11.655650
82 70 13.510269
82 71 13.609761
82 72 14.037870
82 73 12.844540
82 74 11.391604
82 75 11.991371
82 76 14.316777
82 77 13.712034
82 78 12.102546
82 79 11.345430
82 80 11.260077
82 81 12.237712
82 83 14.090720
82 84 11.048891
82 85 12.325697
82 86 12.253681
82 87 13.272280
82 88 13.047015
82 89 13.823941
82 90 12.929950
82 91 12.438540
82 92 12.130235
82 93 10.954620
82 94 14.465486
82 95 14.513775
82 96 12.359220
82 97 14.721836
82 98 11.995216
82 99 11.520513
82 100 11.936765
82 101 13.810194
82 102 14.480345
82 103 12.921990
82 104 14.686354
82 105 11.902937
82 106 13.026110
82 107 13.310830
82 108 13.819726
82 109 12.307371
82 110 11.045828
82 111 13.984525
82 112 12.034112
82 113 13.020173
82 114 11.914953
82 115 11.209485
82 116 13.066256
82 117 12.121275
82 118 12.575748
82 119 14.336421
82 120 12.963418
82 121 13.596815
82 122 13.786651
82 123 13.239395
82 124 13.843281
82 125 11.028034
82 126 12.468150
82 127 12.878559
82 128 11.412437
82 129 11.906077
82 130 11.703175
82 131 12.512110
82 132 13.381080
82 133 12.577541
82 134 14.132513
82 135 11.604960
82 136 11.707651
82 137 14.623331
82 138 13.056215
82 139 12.549983
82 140 13.604013
82 141 13.852283
82 142 14.741051
82 143 11.603609
82 144 11.987828
82 145 13.850468
82 146 12.854819
82 147 13.638286
82 148 12.511240
82 149 13.895963
82 150 12.844882
82 151 14.540397
82 152 13.030984
82 153 12.369308
82 154 11.059301
82 155 11.392041
82 156 13.113346
82 157 13.895657
82 158 13.479788
82 159 12.096474
82 160 12.735179
82 161 11.441875
82 162 12.274424
82 163 14.098927
82 164 14.020122
82 165 13.339882
82 166 12.267955
82 167 13.463174
82 168 12.248126
82 169 12.094021
82 170 11.180036
82 171 14.733422
82 172 12.799076
82 173 13.468700
82 174 14.693957
82 175 14.234157
82 176 12.000993
82 177 12.992801
82 178 11.618687
82 179 11.983726
82 180 14.795091
82 181 12.819773
82 182 11.584745
82 183 13.040387
82 184 12.412539
82 185 12.891414
82 186 14.094386
82 187 12.106270
82 188 11.870293
82 189 12.733511
82 190 12.260357
82 191 10.924605
82 192 12.598206
82 193 11.264325
82 194 12.262049
82 195 13.656302
82 196 11.946704
82 197 13.038960
82 198 13.957403
82 199 14.641770
82 200 14.572081
83 0 12.821212
83 1 13.885268
83 2 14.500140
83 3 11.757192
83 4 14.780067
83 5 11.498013
83 6 11.029300
83 7 14.290122
83 8 13.871594
83 9 14.540933
83 10 11.763820
83 11 11.874442
83 12 13.562116
83 13 11.874625
83 14 13.741338
83 15 13.661232
83 16 14.631593
83 17 12.134400
83 18 12.410437
83 19 11.014124
83 20 13.594339
83 21 11.193610
83 22 13.972299
83 23 14.469983
83 24 11.458794
83 25 14.116017
83 26 13.102308
83 27 13.371232
83 28 12.137169
83 29 14.650119
83 30 12.049623
83 31 11.028369
83 32 12.863315
83 33 13.567789
83 34 13.835756
83 35 12.547964
83 36 12.464492
83 37 12.142268
83 38 14.727285
83 39 14.154500
83 40 13.123541
83 41 11.896356
83 42 14.586209
83 43 13.617774
83 44 12.864571
83 45 11.975619
83 46 14.616002
83 47 13.131014
83 48 13.854443
83 49 12.526224
83 50 11.132674
83 51 14.501521
83 52 13.374943
83 53 13.182335
83 54 10.999525
83 55 12.313758
83 56 14.047724
83 57 13.473684
83 58 11.238296
83 59 12.925797
83 60 13.734985
83 61 14.306083
83 62 12.333585
83 63 14.410579
83 64 13.823281
83 65 13.215761
83 66 13.080788
83 67 13.932879
83 68 12.644875
83 69 11.094503
83 70 12.305602
83 71 13.680030
83 72 12.936640
83 73 14.050103
83 74 12.981049
83 75 12.924423
83 76 12.374099
83 77 11.507645
83 78 14.560801
83 79 13.382926
83 80 13.503145
83 81 13.649190
83 82 14.090720
83 84 14.108835
83 85 13.854471
83 86 12.295864
83 87 14.497564
83 88 11.658440
83 89 11.142520
83 90 12.251554
83 91 13.372322
83 92 13.331961
83 93 12.000181
83 94 11.393422
83 95 12.483009
83 96 14.315886
83 97 13.784385
83 98 12.697450
83 99 13.591585
83 100 12.774192
83 101 14.156194
83 102 13.196435
83 103 13.081700
83 104 11.790882
83 105 13.423150
83 106 14.538154
83 107 12.895228
83 108 13.310381
83 109 13.252478
83 110 14.539839
83 111 11.740632
83 112 13.548363
83 113 14.467646
83 114 12.560016
83 115 11.963936
83 116 11.556021
83 117 12.549785
83 118 12.601134
83 119 11.858632
83 120 14.530166
83 121 13.610894
83 122 11.071822
83 123 13.919864
83 124 12.513008
83 125 14.649171
83 126 14.535862
83 127 12.298342
83 128 11.184762
83 129 14.483904
83 130 10.987607
83 131 12.392015
83 132 12.787608
83 133 13.756402
83 134 12.350835
83 135 12.826942
83 136 14.415144
83 137 14.272741
83 138 11.225279
83 139 11.934246
83 140 14.252047
83 141 11.505641
83 142 14.204698
83 143 12.974739
83 144 11.425300
83 145 13.430998
83 146 11.732213
83 147 13.612874
83 148 12.180753
83 149 11.901463
83 150 10.936141
83 151 14.316979
83 152 11.971107
83 153 11.348179
83 154 12.874913
83 155 13.223724
83 156 13.388399
83 157 12.454603
83 158 13.156100
83 159 13.877499
83 160 11.390795
83 161 11.464591
83 162 13.839200
83 163 14.310411
83 164 12.406577
83 165 13.018264
83 166 14.720697
83 167 13.555910
83 168 11.558600
83 169 10.961301
83 170 12.812302
83 171 13.518531
83 172 13.167404
83 173 12.009282
83 174 14.542986
83 175 12.338873
83 176 13.935120
83 177 11.554143
83 178 11.898751
83 179 12.646256
83 180 12.374198
83 181 12.772445
83 182 13.146224
83 183 13.185992
83 184 13.807261
83 185 12.566849
83 186 11.627649
83 187 12.863784
83 188 12.439380
83 189 11.121745
83 190 13.389153
83 191 12.448016
83 192 11.961064
83 193 11.389768
83 194 13.441272
83 195 13.472456
83 196 11.234730
83 197 14.386693
83 198 12.326218
83 199 11.477828
83 200 11.240461
84 0 12.534483
84 1 11.886390
84 2 14.583294
84 3 13.707570
84 4 11.267580
84 5 13.671712
84 6 14.183175
84 7 12.438795
84 8 11.781978
84 9 11.219743
84 10 12.807017
84 11 13.516436
84 12 13.696986
84 13 12.495706
84 14 11.458737
84 15 14.723052
84 16 14.740582
84 17 11.319872
84 18 14.169968
84 19 14.579192
84 20 11.933930
84 21 11.332908
84 22 12.749501
84 23 14.167671
84 24 12.802970
84 25 12.398238
84 26 11.751033
84 27 13.756139
84 28 12.085063
84 29 12.466460
84 30 11.442880
84 31 12.196296
84 32 12.444205
84 33 14.254968
84 34 11.936897
84 35 14.403274
84 36 14.066789
84 37 10.979043
84 38 14.255773
84 39 11.545931
84 40 12.463987
84 41 14.227116
84 42 13.660461
84 43 13.517886
84 44 11.690520
84 45 12.699578
84 46 13.284236
84 47 14.017612
84 48 14.150355
84 49 13.720971
84 50 12.771112
84 51 11.389207
84 52 13.760221
84 53 13.726100
84 54 11.452714
84 55 12.130299
84 56 14.199420
84 57 13.536182
84 58 14.644359
84 59 13.090204
84 60 11.140858
84 61 13.437292
84 62 13.556286
84 63 13.473459
84 64 14.432395
84 65 11.094815
84 66 12.227184
84 67 14.332899
84 68 14.429351
84 69 12.635992
84 70 11.724873
84 71 13.091206
84 72 11.385457
84 73 13.403085
84 74 12.310095
84 75 12.778753
84 76 13.501989
84 77 13.836601
84 78 12.498372
84 79 13.293823
84 80 13.579370
84 81 13.055365
84 82 11.048891
84 83 14.108835
84 85 13.418062
84 86 12.377364
84 87 12.018256
84 88 14.054319
84 89 13.666616
84 90 10.941692
84 91 14.232791
84 92 14.031250
84 93 14.128063
84 94 14.669331
84 95 14.534176
84 96 13.365881
84 97 13.216051
84 98 12.042016
84 99 14.121959
84 100 14.326653
84 101 12.463453
84 102 12.009872
84 103 11.759563
84 104 12.203255
84 105 13.164770
84 106 11.944253
84 107 12.436844
84 108 12.342274
84 109 12.938109
84 110 11.780987
84 111 12.368715
84 112 10.925794
84 113 14.107657
84 114 11.470977
84 115 13.292458
84 116 12.617733
84 117 14.338476
84 118 11.406432
84 119 12.211017
84 120 11.838084
84 121 13.799780
84 122 11.800478
84 123 11.844186
84 124 13.412885
84 125 11.675121
84 126 13.371939
84 127 14.093052
84 128 13.673057
84 129 12.188574
84 130 14.048080
84 131 11.789444
84 132 14.133538
84 133 13.958669
84 134 13.605695
84 135 13.898856
84 136 10.948904
84 137 13.552421
84 138 13.901860
84 139 11.448294
84 140 13.742475
84 141 13.897951
84 142 12.910731
84 143 11.231790
84 144 13.105935
84 145 12.694816
84 146 11.917389
84 147 12.461903
84 148 14.653997
84 149 14.582904
84 150 11.101261
84 151 11.698400
84 152 13.830679
84 153 12.388870
84 154 13.784064
84 155 13.918778
84 156 12.975611
84 157 13.328936
84 158 13.937644
84 159 14.404249
84 160 13.982139
84 161 11.818512
84 162 11.825549
84 163 13.919442
84 164 11.677331
84 165 12.650312
84 166 13.692996
84 167 14.431222
84 168 13.211260
84 169 13.254214
84 170 11.434969
84 171 13.420726
84 172 13.508790
84 173 13.939210
84 174 11.986837
84 175 11.945469
84 176 11.840229
84 177 14.279572
84 178 13.311902
84 179 12.533221
84 180 11.225094
84 181 14.480892
84 182 12.673356
84 183 12.026697
84 184 13.799624
84 185 12.188112
84 186 14.661506
84 187 11.760053
84 188 13.273450
84 189 14.341645
84 190 14.704569
84 191 13.297434
84 192 11.647107
84 193 14.042955
84 194 13.350975
84 195 12.551718
84 196 13.322792
84 197 14.155068
84 198 14.205231
84 199 13.322407
84 200 13.387623
85 0 12.548528
85 1 13.656489
85 2 14.392175
85 3 11.320067
85 4 13.517945
85 5 12.749105
85 6 12.799015
85 7 14.774840
85 8 14.715456
85 9 14.699945
85 10 12.765175
85 11 11.842363
85 12 13.137634
85 13 12.414303
85 14 11.410080
85 15 13.289443
85 16 12.914401
85 17 11.191808
85 18 11.701443
85 19 13.288978
85 20 13.013010
85 21 13.496049
85 22 11.794122
85 23 13.093299
85 24 11.707350
85 25 12.005152
85 26 11.030657
85 27 13.233227
85 28 13.638505
85 29 13.122922
85 30 12.243386
85 31 11.192459
85 32 11.515165
85 33 12.944613
85 34 12.821520
85 35 12.518718
85 36 13.559503
85 37 12.281681
85 38 12.224858
85 39 13.708035
85 40 11.086168
85 41 11.842140
85 42 13.546330
85 43 12.451983
85 44 13.023630
85 45 14.182944
85 46 13.831501
85 47 12.174642
85 48 12.295154
85 49 13.588365
85 50 11.042403
85 51 13.184612
85 52 14.369580
85 53 14.525021
85 54 12.387627
85 55 12.018647
85 56 12.377057
85 57 11.544316
85 58 11.856091
85 59 11.129551
85 60 11.576601
85 61 11.244329
85 62 11.744523
85 63 13.347589
85 64 13.480760
85 65 11.108807
85 66 13.467086
85 67 14.789915
85 68 13.248064
85 69 11.422460
85 70 13.878642
85 71 11.927916
85 72 11.360646
85 73 13.619285
85 74 14.326885
85 75 14.158044
85 76 13.084900
85 77 13.730390
85 78 12.436641
85 79 14.244476
85 80 11.313659
85 81 11.011969
85 82 12.325697
85 83 13.854471
85 84 13.418062
85 86 14.795612
85 87 12.967613
85 88 14.341952
85 89 12.417767
85 90 10.976599
85 91 11.958608
85 92 11.034720
85 93 12.277807
85 94 11.545534
85 95 12.731624
85 96 14.250083
85 97 11.634073
85 98 11.968974
85 99 12.309782
85 100 11.812913
85 101 14.422096
85 102 11.395292
85 103 14.786769
85 104 12.904722
85 105 14.141783
85 106 12.938830
85 107 13.776744
85 108 14.394388
85 109 12.148341
85 110 14.336398
85 111 11.369302
85 112 13.947383
85 113 14.164025
85 114 14.749403
85 115 11.999626
85 116 14.049064
85 117 14.206215
85 118 14.656113
85 119 11.425011
85 120 13.297546
85 121 13.368556
85 122 11.389329
85 123 14.270934
85 124 14.239156
85 125 13.015160
85 126 11.152340
85 127 14.389567
85 128 13.630951
85 129 14.061817
85 130 12.241062
85 131 14.290917
85 132 11.772535
85 133 13.426397
85 134 14.582280
85 135 11.420372
85 136 13.310007
85 137 13.739970
85 138 12.642581
85 139 14.518010
85 140 11.346546
85 141 14.743160
85 142 14.653331
85 143 14.610859
85 144 12.424396
85 145 14.049678
85 146 13.355470
85 147 12.410169
85 148 12.578456
85 149 12.838580
85 150 11.757559
85 151 11.415155
85 152 13.591136
85 153 14.225401
85 154 13.418052
85 155 14.019892
85 156 11.690949
85 157 11.095742
85 158 14.324750
85 159 13.646656
85 160 12.175876
85 161 11.213399
85 162 13.759107
85 163 11.332124
85 164 12.363544
85 165 11.145705
85 166 14.127469
85 167 12.570188
85 168 13.656672
85 169 11.201886
85 170 11.621023
85 171 13.151870
85 172 11.347671
85 173 12.860322
85 174 13.282136
85 175 11.085735
85 176 11.833589
85 177 12.522153
85 178 12.469698
85 179 13.363724
85 180 14.728111
85 181 12.462899
85 182 13.338844
85 183 12.952073
85 184 12.062900
85 185 13.859476
85 186 14.618187
85 187 14.786955
85 188 14.583147
85 189 14.438856
85 190 12.415327
85 191 12.511873
85 192 12.621714
85 193 11.548191
85 194 14.675143
85 195 12.853753
85 196 11.359641
85 197 13.253211
85 198 12.980299
85 199 13.727384
85 200 11.506490
86 0 13.525322
86 1 12.072297
86 2 13.793608
86 3 12.185987
86 4 11.307075
86 5 11.565189
86 6 14.492463
86 7 13.610980
86 8 11.543820
86 9 13.444649
86 10 12.103707
86 11 14.251111
86 12 12.827636
86 13 13.486461
86 14 11.094524
86 15 14.518896
86 16 11.218949
86 17 14.413073
86 18 11.333924
86 19 13.528780
86 20 14.788161
86 21 13.315930
86 22 11.554474
86 23 12.751504
86 24 12.946881
86 25 12.591155
86 26 14.681100
86 27 14.748244
86 28 12.230427
86 29 12.232009
86 30 14.412372
86 31 12.860661
86 32 11.991267
86 33 12.475759
86 34 11.552250
86 35 14.508753
86 36 13.413173
86 37 13.203952
86 38 12.347920
86 39 11.852947
86 40 11.497912
86 41 12.904457
86 42 12.152937
86 43 11.304200
86 44 13.366930
86 45 11.192326
86 46 13.693771
86 47 11.263511
86 48 14.403579
86 49 10.941583
86 50 14.158407
86 51 12.589535
86 52 11.124668
86 53 12.857774
86 54 11.628515
86 55 11.247997
86 56 11.454317
86 57 13.051557
86 58 11.799808
86 59 13.426644
86 60 12.872291
86 61 11.940158
86 62 11.725003
86 63 11.779885
86 64 12.242508
86 65 11.687396
86 66 12.094647
86 67 13.390473
86 68 14.523027
86 69 13.780910
86 70 14.802183
86 71 11.742008
86 72 11.055231
86 73 12.892824
86 74 14.332447
86 75 11.346537
86 76 11.308772
86 77 11.536914
86 78 12.909192
86 79 14.181954
86 80 14.180243
86 81 11.296725
86 82 12.253681
86 83 12.295864
86 84 12.377364
86 85 14.795612
86 87 11.571441
86 88 11.630859
86 89 14.431736
86 90 14.466635
86 91 12.562994
86 92 11.187462
86 93 14.435670
86 94 11.659373
86 95 12.601383
86 96 13.847389
86 97 14.442876
86 98 14.405216
86 99 11.202509
86 100 12.924621
86 101 14.625702
86 102 13.766540
86 103 14.718048
86 104 12.960101
86 105 13.078428
86 106 12.607971
86 107 12.783894
86 108 13.828072
86 109 13.252206
86 110 11.673755
86 111 14.720220
86 112 12.545218
86 113 13.494906
86 114 11.580576
86 115 13.674507
86 116 11.913633
86 117 13.281496
86 118 13.115307
86 119 11.970340
86 120 11.961887
86 121 14.250381
86 122 11.986159
86 123 13.478438
86 124 13.298466
86 125 14.627793
86 126 12.393985
86 127 13.152099
86 128 11.856538
86 129 12.846570
86 130 11.543118
86 131 13.639375
86 132 14.233523
86 133 13.130311
86 134 12.292847
86 135 13.596966
86 136 12.095694
86 137 11.472218
86 138 14.400007
86 139 13.298249
86 140 14.605072
86 141 11.136538
86 142 14.082071
86 143 14.746579
86 144 11.453484
86 145 13.583416
86 146 12.411110
86 147 11.014927
86 148 11.039695
86 149 13.079240
86 150 14.402515
86 151 14.223187
86 152 11.274416
86 153 12.025789
86 154 11.416924
86 155 10.973457
86 156 13.390886
86 157 11.085083
86 158 11.475440
86 159 11.770725
86 160 14.461602
86 161 14.003929
86 162 11.643367
86 163 11.740770
86 164 13.204400
86 165 12.687660
86 166 14.526834
86 167 12.522614
86 168 12.589222
86 169 11.310998
86 170 13.851323
86 171 12.219499
86 172 11.143976
86 173 13.103114
86 174 11.027588
86 175 12.482721
86 176 11.113500
86 177 14.351527
86 178 11.500661
86 179 13.612009
86 180 13.656126
86 181 13.879312
86 182 13.190904
86 183 12.678261
86 184 13.913195
86 185 11.023880
86 186 13.695864
86 187 13.728635
86 188 12.733786
86 189 13.333539
86 190 12.813963
86 191 12.175291
86 192 11.090789
86 193 12.237360
86 194 14.173220
86 195 13.067516
86 196 14.298863
86 197 14.720365
86 198 13.834621
86 199 14.495887
86 200 11.992765
87 0 14.167022
87 1 13.102206
87 2 13.679647
87 3 11.541149
87 4 14.539313
87 5 12.354670
87 6 12.647505
87 7 12.820385
87 8 13.714017
87 9 11.530843
87 10 11.642459
87 11 13.414383
87 12 11.569848
87 13 13.012535
87 14 14.381402
87 15 14.228351
87 16 12.364240
87 17 13.437633
87 18 14.065050
87 19 14.814836
87 20 13.894752
87 21 11.538994
87 22 13.447536
87 23 14.202447
87 24 10.968892
87 25 12.267602
87 26 14.564856
87 27 13.937000
87 28 13.501213
87 29 14.501745
87 30 13.090434
87 31 13.849888
87 32 13.699022
87 33 13.768784
87 34 13.428880
87 35 13.599802
87 36 11.488335
87 37 12.000868
87 38 11.693262
87 39 14.038629
87 40 13.983647
87 41 14.094273
87 42 13.015601
87 43 12.857110
87 44 12.607055
87 45 14.109545
87 46 13.291777
87 47 11.878251
87 48 13.680255
87 49 12.570075
87 50 11.275186
87 51 11.949443
87 52 12.165432
87 53 13.553732
87 54 11.770975
87 55 13.674616
87 56 13.759293
87 57 13.445491
87 58 12.687454
87 59 14.518705
87 60 13.380314
87 61 12.706798
87 62 12.383634
87 63 11.065736
87 64 10.941645
87 65 14.449179
87 66 13.055886
87 67 11.564908
87 68 14.351826
87 69 14.536348
87 70 14.141875
87 71 12.965289
87 72 13.615849
87 73 12.373871
87 74 12.149340
87 75 14.478212
87 76 14.264477
87 77 13.404489
87 78 11.244731
87 79 13.120076
87 80 12.595647
87 81 13.135611
87 82 13.272280
87 83 14.497564
87 84 12.018256
87 85 12.967613
87 86 11.571441
87 88 11.570109
87 89 11.100727
87 90 14.086342
87 91 11.337742
87 92 12.190543
87 93 13.891162
87 94 11.683131
87 95 11.606744
87 96 12.331700
87 97 14.116993
87 98 13.319783
87 99 13.882254
87 100 13.597306
87 101 13.554063
87 102 12.236241
87 103 12.474726
87 104 14.531221
87 105 14.817124
87 106 12.331703
87 107 12.063676
87 108 14.026351
87 109 13.456731
87 110 11.220123
87 111 13.982712
87 112 13.906672
87 113 13.932999
87 114 11.752010
87 115 14.183371
87 116 13.137038
87 117 12.288664
87 118 13.622647
87 119 12.248186
87 120 14.290608
87 121 11.602109
87 122 11.355101
87 123 12.439452
87 124 11.686744
87 125 12.936524
87 126 14.527891
87 127 12.806327
87 128 11.947752
87 129 12.566078
87 130 12.470963
87 131 14.780510
87 132 11.984486
87 133 13.542118
87 134 12.870661
87 135 12.367608
87 136 11.829255
87 137 11.496466
87 138 13.323586
87 139 11.966265
87 140 13.869825
87 141 13.075142
87 142 14.150665
87 143 14.306527
87 144 12.535897
87 145 12.587927
87 146 14.595525
87 147 12.456780
87 148 12.536463
87 149 11.212951
87 150 14.428062
87 151 12.882001
87 152 12.003122
87 153 11.467366
87 154 14.756017
87 155 11.074246
87 156 11.553642
87 157 13.477083
87 158 14.533421
87 159 11.272211
87 160 12.850605
87 161 12.140818
87 162 12.639674
87 163 13.210585
87 164 14.689851
87 165 11.352000
87 166 11.524808
87 167 11.225878
87 168 14.015565
87 169 11.542845
87 170 14.223835
87 171 11.017562
87 172 11.080090
87 173 11.491732
87 174 12.341898
87 175 14.003729
87 176 11.331817
87 177 12.272388
87 178 14.736181
87 179 14.807516
87 180 11.297067
87 181 11.050386
87 182 10.982554
87 183 12.314308
87 184 12.714565
87 185 11.932053
87 186 12.159954
87 187 14.095988
87 188 13.052545
87 189 13.586521
87 190 13.920375
87 191 12.615157
87 192 13.612859
87 193 14.426074
87 194 13.676255
87 195 13.957701
87 196 14.515682
87 197 13.143804
87 198 11.905451
87 199 14.063586
87 200 11.283565
88 0 14.017152
88 1 12.252952
88 2 13.085582
88 3 14.255180
88 4 13.671093
88 5 11.563812
88 6 14.239441
88 7 11.962382
88 8 10.969488
88 9 12.941790
88 10 13.457681
88 11 14.724175
88 12 14.329653
88 13 14.495346
88 14 12.163446
88 15 13.105606
88 16 12.908194
88 17 11.589234
88 18 13.132364
88 19 11.329353
88 20 14.267276
88 21 14.321328
88 22 12.111649
88 23 13.880353
88 24 11.593904
88 25 14.715289
88 26 14.730156
88 27 12.552443
88 28 11.876379
88 29 10.976250
88 30 13.619837
88 31 14.717875
88 32 14.766511
88 33 11.642180
88 34 12.881026
88 35 10.962981
88 36 11.688708
88 37 11.430682
88 38 13.463656
88 39 12.936462
88 40 13.603080
88 41 12.912624
88 42 13.264264
88 43 11.885373
88 44 12.229505
88 45 14.507058
88 46 11.601710
88 47 10.977230
88 48 13.907416
88 49 12.431483
88 50 13.704387
88 51 12.251377
88 52 11.960520
88 53 14.231728
88 54 12.257839
88 55 12.689003
88 56 13.652752
88 57 11.961069
88 58 12.027594
88 59 12.572859
88 60 14.226124
88 61 13.634555
88 62 11.626935
88 63 13.753771
88 64 12.688403
88 65 12.528547
88 66 12.671109
88 67 14.145368
88 68 13.573747
88 69 13.296090
88 70 13.446665
88 71 13.453275
88 72 11.724771
88 73 11.308312
88 74 14.650650
88 75 14.597571
88 76 12.796350
88 77 12.951461
88 78 13.107232
88 79 14.400614
88 80 13.111210
88 81 13.766072
88 82 13.047015
88 83 11.658440
88 84 14.054319
88 85 14.341952
88 86 11.630859
88 87 11.570109
88 89 14.610175
88 90 11.165533
88 91 12.702849
88 92 14.469855
88 93 13.396101
88 94 13.187673
88 95 14.769915
88 96 11.515484
88 97 14.533076
88 98 13.353591
88 99 12.256339
88 100 11.608580
88 101 13.701051
88 102 13.353709
88 103 14.375243
88 104 12.069604
88 105 11.713597
88 106 11.478308
88 107 14.253736
88 108 11.954099
88 109 13.788175
88 110 14.241047
88 111 12.944831
88 112 14.615334
88 113 11.300239
88 114 13.083017
88 115 11.360675
88 116 11.575135
88 117 13.929854
88 118 11.875392
88 119 11.305198
88 120 11.835162
88 121 11.999464
88 122 14.203930
88 123 14.671943
88 124 11.505389
88 125 13.992677
88 126 14.142388
88 127 13.163805
88 128 12.187435
88 129 11.881360
88 130 13.008383
88 131 11.285448
88 132 11.609778
88 133 12.657019
88 134 14.463985
88 135 14.384531
88 136 12.754419
88 137 14.273343
88 138 13.495537
88 139 14.300809
88 140 13.986473
88 141 14.083777
88 142 13.494151
88 143 11.662870
88 144 11.198724
88 145 14.731115
88 146 14.754352
88 147 12.421091
88 148 11.622875
88 149 13.513916
88 150 14.114139
88 151 11.556788
88 152 14.017719
88 153 14.782524
88 154 14.110180
88 155 11.508474
88 156 14.208495
88 157 11.402329
88 158 14.029097
88 159 11.600008
88 160 13.594000
88 161 11.673667
88 162 13.469940
88 163 14.649206
88 164 13.716884
88 165 11.028337
88 166 14.430024
88 167 13.943578
88 168 11.997290
88 169 12.894395
88 170 14.224158
88 171 14.349719
88 172 13.827868
88 173 11.137096
88 174 11.715410
88 175 13.431073
88 176 11.148182
88 177 14.760665
88 178 13.119131
88 179 11.608899
88 180 11.239331
88 181 13.023166
88 182 14.622007
88 183 11.956083
88 184 14.432231
88 185 11.180155
88 186 11.274771
88 187 12.017272
88 188 12.340312
88 189 14.143096
88 190 13.764380
88 191 14.347536
88 192 14.140193
88 193 13.411512
88 194 13.586379
88 195 12.963190
88 196 14.530544
88 197 11.280967
88 198 12.810712
88 199 11.380863
88 200 13.210324
89 0 12.083807
89 1 14.534142
89 2 11.167869
89 3 13.244980
89 4 12.945410
89 5 12.071035
89 6 12.573116
89 7 12.007150
89 8 14.669441
89 9 12.853615
89 10 11.674925
89 11 14.364491
89 12 11.433923
89 13 12.822611
89 14 11.695235
89 15 11.665516
89 16 14.563873
89 17 13.387276
89 18 14.453774
89 19 11.731234
89 20 13.077134
89 21 11.808646
89 22 13.973354
89 23 13.649591
89 24 11.397524
89 25 12.746828
89 26 13.463554
89 27 14.203774
89 28 12.344640
89 29 11.165661
89 30 13.087444
89 31 14.498726
89 32 14.430811
89 33 13.053628
89 34 13.622512
89 35 14.321059
89 36 13.811988
89 37 10.935515
89 38 13.228781
89 39 11.589703
89 40 12.071494
89 41 13.028575
89 42 12.670521
89 43 13.563516
89 44 11.373193
89 45 12.266834
89 46 12.528339
89 47 13.310798
89 48 13.067438
89 49 12.915821
89 50 12.835118
89 51 11.606758
89 52 11.690567
89 53 13.883028
89 54 12.156676
89 55 12.440207
89 56 11.989599
89 57 12.956948
89 58 13.295688
89 59 11.112236
89 60 13.227245
89 61 14.493765
89 62 14.693832
89 63 12.826914
89 64 13.185798
89 65 12.989665
89 66 12.015040
89 67 12.764263
89 68 13.342378
89 69 14.567025
89 70 13.194942
89 71 13.009892
89 72 12.042960
89 73 13.321509
89 74 12.018021
89 75 13.803644
89 76 13.205510
89 77 13.609990
89 78 13.993034
89 79 14.141187
89 80 14.158289
89 81 11.540969
89 82 13.823941
89 83 11.142520
89 84 13.666616
89 85 12.417767
89 86 14.431736
89 87 11.100727
89 88 14.610175
89 90 13.023637
89 91 11.686295
89 92 13.754043
89 93 11.424871
89 94 12.793074
89 95 14.722978
89 96 14.008180
89 97 12.798605
89 98 11.503383
89 99 13.362873
89 100 14.156507
89 101 12.185637
89 102 13.225194
89 103 13.120342
89 104 11.167376
89 105 12.151595
89 106 12.367843
89 107 10.996759
89 108 14.293642
89 109 13.991450
89 110 13.566501
89 111 14.535344
89 112 12.196492
89 113 14.454721
89 114 14.659433
89 115 12.985238
89 116 12.153761
89 117 14.735455
89 118 14.740694
89 119 11.148079
89 120 12.637818
89 121 13.149250
89 122 12.381585
89 123 12.635402
89 124 13.577193
89 125 13.184058
89 126 11.901240
89 127 12.018047
89 128 14.149822
89 129 12.207353
89 130 14.289101
89 131 14.165081
89 132 11.707250
89 133 12.884165
89 134 14.618718
89 135 11.212567
89 136 12.434811
89 137 12.352112
89 138 12.203830
89 139 12.219405
89 140 13.448421
89 141 14.668022
89 142 11.811963
89 143 12.601786
89 144 13.858723
89 145 12.098409
89 146 12.193920
89 147 12.982460
89 148 14.068962
89 149 11.094741
89 150 13.386337
89 151 14.612755
89 152 11.090131
89 153 13.420553
89 154 14.148913
89 155 12.242509
89 156 11.782779
89 157 13.950246
89 158 11.160599
89 159 14.657352
89 160 14.212017
89 161 13.771742
89 162 13.290341
89 163 11.489238
89 164 13.292639
89 165 12.450961
89 166 12.568457
89 167 13.213861
89 168 11.407696
89 169 11.209801
89 170 11.015157
89 171 11.479594
89 172 10.923623
89 173 13.994348
89 174 13.322063
89 175 11.231512
89 176 13.866915
89 177 14.365052
89 178 11.632792
89 179 12.653261
89 180 11.816127
89 181 12.090636
89 182 13.450628
89 183 13.942592
89 184 13.840570
89 185 13.713334
89 186 14.677679
89 187 13.740755
89 188 13.148150
89 189 14.487255
89 190 14.312838
89 191 11.796296
89 192 11.640743
89 193 12.059079
89 194 11.379550
89 195 14.387899
89 196 14.238554
89 197 13.315910
89 198 14.260775
89 199 11.624190
89 200 14.326885
90 0 12.045881
90 1 11.121737
90 2 13.443403
90 3 12.287981
90 4 13.166198
90 5 13.628426
90 6 13.635696
90 7 12.482094
90 8 12.931255
90 9 13.373190
90 10 11.282152
90 11 14.130947
90 12 14.000156
90 13 13.447508
90 14 13.796364
90 15 12.919972
90 16 10.967207
90 17 11.916789
90 18 12.697553
90 19 11.850359
90 20 14.407225
90 21 14.239883
90 22 12.055174
90 23 13.337319
90 24 13.929868
90 25 12.595717
90 26 14.291534
90 27 14.312648
90 28 13.850606
90 29 13.314269
90 30 11.455435
90 31 11.647474
90 32 14.276925
90 33 13.067832
90 34 11.685631
90 35 11.498937
90 36 13.122787
90 37 13.825202
90 38 12.893506
90 39 11.664481
90 40 13.760531
90 41 14.528077
90 42 14.724066
90 43 14.783079
90 44 14.365420
90 45 14.088953
90 46 12.845379
90 47 11.546358
90 48 12.528719
90 49 14.688826
90 50 11.925621
90 51 13.658843
90 52 11.087852
90 53 11.214862
90 54 11.885142
90 55 13.147176
90 56 13.943231
90 57 13.339376
90 58 12.593911
90 59 13.449147
90 60 14.235780
90 61 14.357318
90 62 14.179527
90 63 13.220434
90 64 14.338862
90 65 14.439492
90 66 12.996830
90 67 12.852031
90 68 14.139543
90 69 10.934481
90 70 13.016399
90 71 11.103667
90 72 11.680792
90 73 13.591037
90 74 11.965197
90 75 14.323844
90 76 11.832040
90 77 12.781732
90 78 13.647028
90 79 12.230084
90 80 12.679472
90 81 13.520829
90 82 12.929950
90 83 12.251554
90 84 10.941692
90 85 10.976599
90 86 14.466635
90 87 14.086342
90 88 11.165533
90 89 13.023637
90 91 13.722367
90 92 14.263672
90 93 11.590314
90 94 13.748238
90 95 11.319511
90 96 12.517479
90 97 12.547125
90 98 11.022521
90 99 12.909855
90 100 14.047894
90 101 14.083439
90 102 13.466889
90 103 13.474751
90 104 11.637406
90 105 12.402941
90 106 12.022338
90 107 11.442811
90 108 11.554253
90 109 12.574834
90 110 12.905981
90 111 13.344421
90 112 12.732386
90 113 14.337838
90 114 11.970991
90 115 11.602787
90 116 14.012317
90 117 11.780612
90 118 12.266101
90 119 13.910873
90 120 13.354187
90 121 12.853261
90 122 11.524785
90 123 14.064226
90 124 12.254520
90 125 14.456559
90 126 11.812982
90 127 12.520877
90 128 13.766598
90 129 11.586598
90 130 13.045458
90 131 11.860439
90 132 10.959834
90 133 12.967146
90 134 14.096874
90 135 12.057282
90 136 12.848986
90 137 13.252079
90 138 12.324720
90 139 14.151607
90 140 13.062090
90 141 12.870778
90 142 14.698937
90 143 14.015352
90 144 12.193535
90 145 14.368396
90 146 14.200291
90 147 12.964316
90 148 13.739060
90 149 11.496262
90 150 12.695562
90 151 12.069860
90 152 14.368083
90 153 12.511425
90 154 13.952857
90 155 10.966683
90 156 11.973134
90 157 13.251823
90 158 12.975987
90 159 11.610226
90 160 12.596641
90 161 12.138549
90 162 13.719043
90 163 11.217858
90 164 14.347732
90 165 13.362840
90 166 13.179003
90 167 14.248760
90 168 12.668520
90 169 14.748607
90 170 11.996418
90 171 11.183312
90 172 12.634621
90 173 13.513260
90 174 13.366102
90 175 11.617375
90 176 11.849740
90 177 14.673245
90 178 12.913728
90 179 13.168476
90 180 13.285746
90 181 11.788250
90 182 11.630317
90 183 12.200280
90 184 12.118987
90 185 10.998487
90 186 11.917825
90 187 12.857338
90 188 12.139658
90 189 12.929869
90 190 14.113031
90 191 11.688245
90 192 11.352232
90 193 13.356387
90 194 14.654890
90 195 13.242361
90 196 11.135323
90 197 13.534285
90 198 12.562426
90 199 14.322732
90 200 11.633482
91 0 12.855590
91 1 11.481271
91 2 14.465402
91 3 14.377564
91 4 11.597672
91 5 14.805591
91 6 14.280949
91 7 13.115283
91 8 11.954438
91 9 11.646050
91 10 13.081169
91 11 13.081131
91 12 11.624428
91 13 14.125604
91 14 14.504112
91 15 12.789885
91 16 13.744957
91 17 10.937723
91 18 11.084183
91 19 11.051594
91 20 12.041766
91 21 13.644286
91 22 11.087669
91 23 11.358341
91 24 12.947628
91 25 11.250340
91 26 12.200655
91 27 12.346239
91 28 13.300991
91 29 13.934375
91 30 14.737436
91 31 11.334780
91 32 12.069884
91 33 12.095361
91 34 13.246610
91 35 11.959783
91 36 11.798955
91 37 12.690255
91 38 13.326775
91 39 14.699052
91 40 14.187227
91 41 13.007590
91 42 11.119157
91 43 14.181875
91 44 11.584786
91 45 14.365240
91 46 11.845955
91 47 13.110873
91 48 13.967058
91 49 11.844999
91 50 13.685530
91 51 12.236058
91 52 14.813815
91 53 13.858107
91 54 11.563170
91 55 14.155662
91 56 14.271812
91 57 14.034038
91 58 13.123421
91 59 14.007601
91 60 13.682398
91 61 12.385438
91 62 14.705154
91 63 11.822920
91 64 12.095659
91 65 14.179106
91 66 13.276156
91 67 11.099652
91 68 12.228022
91 69 12.984004
91 70 14.027676
91 71 12.791564
91 72 13.467984
91 73 11.567665
91 74 12.453294
91 75 13.701925
91 76 11.961971
91 77 11.554183
91 78 11.296457
91 79 13.908800
91 80 11.832356
91 81 14.037541
91 82 12.438540
91 83 13.372322
91 84 14.232791
91 85 11.958608
91 86 12.562994
91 87 11.337742
91 88 12.702849
91 89 11.686295
91 90 13.722367
91 92 10.937438
91 93 13.454554
91 94 14.813006
91 95 12.074098
91 96 11.315464
91 97 14.187786
91 98 14.740265
91 99 14.109820
91 100 11.538946
91 101 11.230047
91 102 11.072581
91 103 11.234702
91 104 13.069959
91 105 11.832783
91 106 13.656017
91 107 13.070523
91 108 12.271299
91 109 13.835937
91 110 12.744321
91 111 14.414436
91 112 12.700255
91 113 11.066008
91 114 13.930345
91 115 11.866351
91 116 13.589865
91 117 13.545736
91 118 14.614655
91 119 14.578940
91 120 12.336186
91 121 11.425211
91 122 13.601599
91 123 14.481809
91 124 14.733833
91 125 13.724701
91 126 14.124465
91 127 13.049305
91 128 12.107466
91 129 13.005954
91 130 12.503856
91 131 11.198665
91 132 14.656542
91 133 11.440566
91 134 14.304769
91 135 12.581172
91 136 11.939488
91 137 13.353212
91 138 12.116393
91 139 14.161707
91 140 12.955190
91 141 11.665701
91 142 13.106878
91 143 11.635854
91 144 12.055656
91 145 12.755332
91 146 14.663402
91 147 13.151791
91 148 11.570515
91 149 12.525500
91 150 13.091785
91 151 14.024878
91 152 12.470910
91 153 14.657467
91 154 14.408860
91 155 14.445894
91 156 11.146911
91 157 11.669843
91 158 12.412150
91 159 13.060667
91 160 14.372377
91 161 11.241327
91 162 13.165677
91 163 12.825116
91 164 14.538287
91 165 14.721431
91 166 14.174702
91 167 14.043539
91 168 13.508998
91 169 13.170731
91 170 11.195378
91 171 11.753114
91 172 14.628218
91 173 13.235066
91 174 13.237785
91 175 13.324430
91 176 13.047758
91 177 12.403697
91 178 13.381125
91 179 14.670038
91 180 12.238428
91 181 13.883831
91 182 11.175749
91 183 11.117564
91 184 13.679077
91 185 11.309881
91 186 12.170282
91 187 12.245759
91 188 11.746999
91 189 11.386400
91 190 12.044413
91 191 14.630889
91 192 11.746942
91 193 14.311344
91 194 14.406670
91 195 14.430894
91 196 11.583234
91 197 14.580283
91 198 12.456117
91 199 11.925747
91 200 13.314423
92 0 11.452938
92 1 14.538420
92 2 13.936778
92 3 12.297983
92 4 13.457895
92 5 11.656856
92 6 13.920199
92 7 12.207018
92 8 13.744736
92 9 13.289487
92 10 14.566372
92 11 11.846199
92 12 12.283463
92 13 14.444905
92 14 11.052141
92 15 12.538669
92 16 12.039436
92 17 11.046251
92 18 13.640602
92 19 12.154188
92 20 13.727803
92 21 13.051830
92 22 11.907824
92 23 12.438328
92 24 13.986935
92 25 13.739510
92 26 14.697635
92 27 14.367463
92 28 14.778617
92 29 12.672291
92 30 14.758131
92 31 11.733665
92 32 13.991454
92 33 12.407964
92 34 13.010725
92 35 13.756724
92 36 11.727313
92 37 14.538423
92 38 11.437262
92 39 13.460375
92 40 11.641261
92 41 12.241764
92 42 14.158625
92 43 13.838812
92 44 12.982293
92 45 14.098585
92 46 11.803393
92 47 13.376333
92 48 13.927688
92 49 11.743611
92 50 12.405498
92 51 11.247010
92 52 12.613407
92 53 12.931092
92 54 11.893186
92 55 13.964315
92 56 12.917867
92 57 11.352120
92 58 12.855776
92 59 14.308987
92 60 11.760297
92 61 12.241169
92 62 14.227868
92 63 11.211572
92 64 13.176573
92 65 11.298843
92 66 13.639589
92 67 12.845206
92 68 13.082874
92 69 13.064883
92 70 13.153491
92 71 12.408645
92 72 13.739298
92 73 12.405961
92 74 13.304013
92 75 13.234733
92 76 14.819631
92 77 14.059656
92 78 13.435611
92 79 13.906969
92 80 12.089594
92 81 12.517626
92 82 12.130235
92 83 13.331961
92 84 14.031250
92 85 11.034720
92 86 11.187462
92 87 12.190543
92 88 14.469855
92 89 13.754043
92 90 14.263672
92 91 10.937438
92 93 12.796487
92 94 13.506714
92 95 12.890793
92 96 14.100838
92 97 11.576122
92 98 13.482999
92 99 14.671996
92 100 11.793837
92 101 11.349126
92 102 11.937752
92 103 13.378859
92 104 11.269011
92 105 14.431276
92 106 12.658196
92 107 12.701725
92 108 13.995497
92 109 14.546029
92 110 14.317831
92 111 14.504681
92 112 11.628244
92 113 14.364482
92 114 12.384068
92 115 11.141061
92 116 11.944215
92 117 13.876875
92 118 11.665127
92 119 11.935519
92 120 11.128578
92 121 11.209242
92 122 12.668396
92 123 11.939192
92 124 13.163193
92 125 12.241160
92 126 13.780923
92 127 11.628880
92 128 12.384003
92 129 14.705875
92 130 12.203269
92 131 14.596599
92 132 12.620648
92 133 13.784775
92 134 11.602265
92 135 14.471305
92 136 11.893045
92 137 13.355776
92 138 14.434668
92 139 14.802628
92 140 10.936159
92 141 13.697246
92 142 13.933870
92 143 10.982360
92 144 13.163573
92 145 12.327914
92 146 14.697450
92 147 13.204750
92 148 14.661867
92 149 11.848491
92 150 12.546737
92 151 11.552032
92 152 13.506546
92 153 13.179585
92 154 11.761643
92 155 13.098678
92 156 14.411657
92 157 12.984617
92 158 13.044387
92 159 12.766836
92 160 13.704719
92 161 12.905268
92 162 13.617516
92 163 12.768703
92 164 14.183907
92 165 14.059028
92 166 13.783313
92 167 14.684573
92 168 12.234184
92 169 11.356123
92 170 11.823580
92 171 12.257624
92 172 13.187954
92 173 12.875516
92 174 11.444430
92 175 14.581842
92 176 13.453872
92 177 12.301909
92 178 11.690581
92 179 14.718851
92 180 11.746726
92 181 13.274815
92 182 13.362858
92 183 13.906406
92 184 14.736470
92 185 13.193503
92 186 13.212516
92 187 11.484211
92 188 14.681955
92 189 12.306646
92 190 11.585394
92 191 12.991130
92 192 14.619287
92 193 11.092736
92 194 12.371290
92 195 12.736729
92 196 12.334045
92 197 14.634157
92 198 13.647029
92 199 12.548317
92 200 11.393539
93 0 14.040583
93 1 13.637394
93 2 11.291183
93 3 14.283944
93 4 13.207839
93 5 14.467346
93 6 14.454022
93 7 12.082500
93 8 12.636448
93 9 12.167662
93 10 12.865767
93 11 11.061989
93 12 12.856606
93 13 11.281602
93 14 14.673290
93 15 12.228453
93 16 12.802526
93 17 13.265426
93 18 12.763748
93 19 14.596585
93 20 11.951619
93 21 13.388103
93 22 13.907158
93 23 11.732458
93 24 14.047034
93 25 13.619334
93 26 12.849115
93 27 11.212009
93 28 11.548941
93 29 11.963080
93 30 14.154177
93 31 12.809241
93 32 14.684820
93 33 14.551157
93 34 13.347049
93 35 12.895545
93 36 12.526071
93 37 12.426234
93 38 14.722116
93 39 11.760648
93 40 14.421431
93 41 14.319880
93 42 12.222943
93 43 14.558787
93 44 14.231825
93 45 11.112153
93 46 11.040337
93 47 12.900274
93 48 12.079124
93 49 14.718622
93 50 13.832784
93 51 12.231743
93 52 13.698248
93 53 13.245587
93 54 13.790590
93 55 11.203588
93 56 10.996546
93 57 14.281468
93 58 12.136872
93 59 13.810672
93 60 11.685142
93 61 11.784676
93 62 13.981572
93 63 11.343604
93 64 11.749212
93 65 13.655139
93 66 12.504769
93 67 12.351362
93 68 12.753773
93 69 12.135607
93 70 12.630795
93 71 13.710801
93 72 12.973957
93 73 12.728918
93 74 13.942974
93 75 12.955819
93 76 11.474546
93 77 12.398208
93 78 13.004585
93 79 14.417505
93 80 13.135636
93 81 11.042172
93 82 10.954620
93 83 12.000181
93 84 14.128063
93 85 12.277807
93 86 14.435670
93 87 13.891162
93 88 13.396101
93 89 11.424871
93 90 11.590314
93 91 13.454554
93 92 12.796487
93 94 13.736237
93 95 11.640665
93 96 11.027536
93 97 13.204542
93 98 12.309866
93 99 14.555150
93 100 14.128844
93 101 13.565357
93 102 12.849659
93 103 11.462398
93 104 13.288303
93 105 11.182256
93 106 11.347218
93 107 14.687784
93 108 11.537968
93 109 14.800518
93 110 13.200299
93 111 11.777450
93 112 12.817702
93 113 12.580093
93 114 13.037342
93 115 11.897525
93 116 13.332117
93 117 11.792572
93 118 13.064797
93 119 13.150493
93 120 13.497409
93 121 11.867339
93 122 14.497214
93 123 10.923163
93 124 14.730037
93 125 14.710926
93 126 12.177478
93 127 12.758747
93 128 13.702434
93 129 11.459467
93 130 14.737112
93 131 13.477916
93 132 13.413904
93 133 14.428338
93 134 12.813939
93 135 13.284574
93 136 12.107776
93 137 11.850612
93 138 14.579281
93 139 13.541833
93 140 12.460961
93 141 12.153177
93 142 12.161352
93 143 12.480236
93 144 12.057425
93 145 14.312078
93 146 12.429434
93 147 12.721414
93 148 11.904879
93 149 14.694340
93 150 12.046854
93 151 11.440759
93 152 13.402273
93 153 12.254699
93 154 11.366155
93 155 11.809964
93 156 13.960710
93 157 12.408666
93 158 11.302092
93 159 12.570296
93 160 11.815125
93 161 14.058289
93 162 12.327116
93 163 13.516148
93 164 12.695296
93 165 12.820767
93 166 12.035404
93 167 11.365222
93 168 14.165963
93 169 11.542615
93 170 13.179217
93 171 11.280517
93 172 12.873161
93 173 14.163923
93 174 13.945597
93 175 12.477928
93 176 14.495280
93 177 11.230353
93 178 14.150738
93 179 14.505498
93 180 14.728464
93 181 13.885156
93 182 12.506365
93 183 14.091646
93 184 12.198920
93 185 12.978312
93 186 12.263065
93 187 14.311647
93 188 12.133492
93 189 13.137123
93 190 12.199241
93 191 13.900595
93 192 13.082415
93 193 12.204354
93 194 12.235637
93 195 12.013127
93 196 11.718500
93 197 12.372839
93 198 14.227492
93 199 12.034976
93 200 14.777826
94 0 14.300052
94 1 11.571491
94 2 10.941969
94 3 14.308580
94 4 13.160982
94 5 12.007320
94 6 11.806756
94 7 12.969265
94 8 13.617382
94 9 12.489673
94 10 12.699867
94 11 14.759024
94 12 12.396498
94 13 10.920188
94 14 12.331961
94 15 12.265606
94 16 13.938308
94 17 12.833709
94 18 13.913501
94 19 11.089314
94 20 11.570686
94 21 14.581749
94 22 11.253926
94 23 14.782001
94 24 13.261518
94 25 14.248820
94 26 12.964542
94 27 14.185493
94 28 14.530279
94 29 13.539339
94 30 11.447732
94 31 12.786948
94 32 12.442878
94 33 13.564864
94 34 11.625252
94 35 13.291981
94 36 14.625846
94 37 11.908553
94 38 14.175574
94 39 12.226295
94 40 12.250904
94 41 13.865055
94 42 14.688919
94 43 12.494752
94 44 13.404690
94 45 11.592189
94 46 11.445440
94 47 12.347125
94 48 14.151963
94 49 13.180423
94 50 13.636015
94 51 14.459501
94 52 13.384723
94 53 11.450919
94 54 12.696498
94 55 11.719425
94 56 13.912469
94 57 11.190843
94 58 14.624493
94 59 13.230012
94 60 11.306304
94 61 10.930301
94 62 12.280809
94 63 14.599343
94 64 14.013615
94 65 13.498313
94 66 11.206465
94 67 11.656427
94 68 11.288044
94 69 12.483360
94 70 12.333087
94 71 11.627853
94 72 14.674795
94 73 13.834520
94 74 13.268990
94 75 12.269533
94 76 11.473773
94 77 13.978569
94 78 12.567256
94 79 13.601380
94 80 11.635939
94 81 14.573422
94 82 14.465486
94 83 11.393422
94 84 14.669331
94 85 11.545534
94 86 11.659373
94 87 11.683131
94 88 13.187673
94 89 12.793074
94 90 13.748238
94 91 14.813006
94 92 13.506714
94 93 13.736237
94 95 14.014783
94 96 12.025942
94 97 13.151322
94 98 11.787961
94 99 12.475961
94 100 13.270349
94 101 11.622235
94 102 13.500423
94 103 13.528026
94 104 14.254006
94 105 11.498647
94 106 14.817364
94 107 14.575749
94 108 11.763805
94 109 11.352953
94 110 13.274032
94 111 14.195744
94 112 11.194595
94 113 14.762259
94 114 12.076251
94 115 12.967724
94 116 12.150390
94 117 13.943529
94 118 12.049822
94 119 12.001887
94 120 13.252524
94 121 11.933835
94 122 13.360685
94 123 14.140857
94 124 12.335159
94 125 11.614186
94 126 13.891437
94 127 13.875829
94 128 14.154864
94 129 14.462833
94 130 11.404384
94 131 12.109676
94 132 13.561737
94 133 12.484593
94 134 10.975024
94 135 12.037734
94 136 11.556192
94 137 14.221149
94 138 11.777922
94 139 11.696570
94 140 13.511765
94 141 12.646492
94 142 12.743450
94 143 13.501465
94 144 14.012257
94 145 11.878389
94 146 13.326864
94 147 12.768573
94 148 13.377547
94 149 11.764582
94 150 14.201690
94 151 13.940916
94 152 13.128945
94 153 12.710071
94 154 14.525496
94 155 11.882970
94 156 12.634806
94 157 13.740557
94 158 13.670333
94 159 13.788361
94 160 12.316493
94 161 13.301114
94 162 13.857225
94 163 10.944345
94 164 13.684186
94 165 14.198869
94 166 11.833497
94 167 12.036028
94 168 13.783870
94 169 11.660244
94 170 12.253542
94 171 13.702988
94 172 14.098719
94 173 11.144515
94 174 11.602178
94 175 13.530332
94 176 13.545978
94 177 13.967778
94 178 11.661236
94 179 11.093304
94 180 11.657918
94 181 14.739665
94 182 12.690712
94 183 13.573204
94 184 11.519789
94 185 13.529885
94 186 11.654850
94 187 13.164308
94 188 12.002040
94 189 12.781268
94 190 11.113151
94 191 12.208013
94 192 11.898484
94 193 12.811294
94 194 13.852169
94 195 11.246421
94 196 13.237199
94 197 11.906364
94 198 13.952910
94 199 13.718675
94 200 12.023782
95 0 11.260702
95 1 12.694532
95 2 12.433741
95 3 13.830298
95 4 14.069963
95 5 12.658082
95 6 13.356061
95 7 11.262703
95 8 11.775199
95 9 13.251176
95 10 11.087779
95 11 13.516859
95 12 12.479715
95 13 12.582675
95 14 12.839150
95 15 13.464383
95 16 11.296902
95 17 14.038028
95 18 13.849039
95 19 11.755071
95 20 14.553513
95 21 11.844785
95 22 12.078086
95 23 12.370259
95 24 11.595564
95 25 11.543867
95 26 12.669173
95 27 13.060079
95 28 11.782878
95 29 14.567108
95 30 11.330294
95 31 11.684415
95 32 12.797549
95 33 12.839040
95 34 14.160543
95 35 11.396356
95 36 13.840838
95 37 14.186576
95 38 13.903228
95 39 12.928331
95 40 13.533117
95 41 11.030483
95 42 13.570142
95 43 14.008453
95 44 11.316122
95 45 13.583153
95 46 13.624600
95 47 11.008567
95 48 13.711137
95 49 14.177525
95 50 11.045451
95 51 12.585821
95 52 14.349268
95 53 11.911863
95 54 11.079819
95 55 12.770318
95 56 12.744902
95 57 14.301841
95 58 11.436184
95 59 11.949197
95 60 11.196153
95 61 11.941779
95 62 11.118082
95 63 12.356791
95 64 13.019130
95 65 12.584713
95 66 11.827503
95 67 13.894266
95 68 11.395035
95 69 13.968756
95 70 14.228484
95 71 11.133502
95 72 11.202894
95 73 14.025821
95 74 11.292867
95 75 11.531735
95 76 14.664799
95 77 14.599669
95 78 11.591893
95 79 14.175219
95 80 10.925724
95 81 12.528071
95 82 14.513775
95 83 12.483009
95 84 14.534176
95 85 12.731624
95 86 12.601383
95 87 11.606744
95 88 14.769915
95 89 14.722978
95 90 11.319511
95 91 12.074098
95 92 12.890793
95 93 11.640665
95 94 14.014783
95 96 13.920347
95 97 11.562691
95 98 13.451312
95 99 13.859807
95 100 11.727147
95 101 12.392615
95 102 11.761448
95 103 11.154360
95 104 14.420499
95 105 12.697252
95 106 12.196548
95 107 12.114979
95 108 11.408572
95 109 14.330206
95 110 13.646379
95 111 13.839811
95 112 12.825011
95 113 11.698652
95 114 11.406319
95 115 11.170095
95 116 12.401954
95 117 13.976520
95 118 13.691495
95 119 13.660595
95 120 14.264496
95 121 13.176914
95 122 11.519212
95 123 13.843151
95 124 13.468129
95 125 11.879339
95 126 13.738287
95 127 11.972659
95 128 14.392601
95 129 13.489312
95 130 11.721791
95 131 14.767121
95 132 12.094440
95 133 14.740216
95 134 14.123647
95 135 13.284950
95 136 13.703400
95 137 13.902778
95 138 12.064913
95 139 12.980791
95 140 14.529713
95 141 14.494438
95 142 13.656841
95 143 12.133702
95 144 12.786452
95 145 12.737207
95 146 12.559560
95 147 11.472692
95 148 11.742029
95 149 14.393313
95 150 12.848417
95 151 12.602573
95 152 14.288187
95 153 11.833152
95 154 12.135528
95 155 13.124509
95 156 13.375650
95 157 13.612834
95 158 14.772370
95 159 11.196645
95 160 12.787624
95 161 11.439503
95 162 11.972042
95 163 11.399465
95 164 13.015033
95 165 11.961165
95 166 13.083205
95 167 13.680559
95 168 12.586770
95 169 11.511279
95 170 13.246206
95 171 13.232945
95 172 11.140989
95 173 11.164291
95 174 12.366561
95 175 12.850410
95 176 10.978304
95 177 13.167510
95 178 11.421514
95 179 14.107864
95 180 14.669866
95 181 13.692678
95 182 14.204017
95 183 14.701679
95 184 13.426699
95 185 14.128552
95 186 14.019787
95 187 11.500846
95 188 11.704553
95 189 10.979250
95 190 14.294041
95 191 14.672937
95 192 14.703293
95 193 14.359459
95 194 12.302736
95 195 13.962904
95 196 11.807773
95 197 14.632847
95 198 12.926861
95 199 11.394950
95 200 13.056236
96 0 14.040409
96 1 13.056728
96 2 11.149572
96 3 14.042353
96 4 14.286308
96 5 11.525037
96 6 13.155988
96 7 11.174312
96 8 12.325249
96 9 14.087998
96 10 14.349106
96 11 12.007865
96 12 14.148480
96 13 12.134802
96 14 12.901600
96 15 14.502083
96 16 11.733150
96 17 14.654944
96 18 11.707115
96 19 11.772464
96 20 13.573388
96 21 12.847756
96 22 11.203959
96 23 13.303011
96 24 11.775842
96 25 11.737537
96 26 14.800637
96 27 11.759594
96 28 11.565557
96 29 11.830442
96 30 12.459047
96 31 14.168280
96 32 14.622597
96 33 12.570218
96 34 13.823847
96 35 13.857987
96 36 11.726849
96 37 13.193723
96 38 14.654909
96 39 14.669048
96 40 11.388188
96 41 11.716749
96 42 13.593272
96 43 12.657548
96 44 14.154886
96 45 12.255260
96 46 12.252717
96 47 13.349269
96 48 12.856300
96 49 11.046042
96 50 14.732409
96 51 11.300517
96 52 12.695345
96 53 13.890174
96 54 14.395986
96 55 12.154392
96 56 12.642210
96 57 11.523128
96 58 14.612081
96 59 14.153849
96 60 14.240027
96 61 11.958991
96 62 14.285475
96 63 12.890044
96 64 12.541706
96 65 11.160962
96 66 12.809229
96 67 14.063078
96 68 13.105114
96 69 12.762742
96 70 11.552432
96 71 14.780785
96 72 12.901900
96 73 11.608004
96 74 14.513746
96 75 12.131281
96 76 11.716631
96 77 13.968216
96 78 11.482876
96 79 14.187320
96 80 13.946068
96 81 13.491164
96 82 12.359220
96 83 14.315886
96 84 13.365881
96 85 14.250083
96 86 13.847389
96 87 12.331700
96 88 11.515484
96 89 14.008180
96 90 12.517479
96 91 11.315464
96 92 14.100838
96 93 11.027536
96 94 12.025942
96 95 13.920347
96 97 12.515209
96 98 11.946253
96 99 12.596785
96 100 14.502501
96 101 13.816981
96 102 14.557880
96 103 11.572960
96 104 12.928017
96 105 13.540933
96 106 14.422588
96 107 10.947046
96 108 11.478070
96 109 12.506831
96 110 10.976751
96 111 11.253023
96 112 13.518392
96 113 11.194996
96 114 11.017493
96 115 14.158170
96 116 13.802952
96 117 13.188417
96 118 11.658827
96 119 14.049744
96 120 10.931902
96 121 14.330456
96 122 14.455544
96 123 12.695828
96 124 11.701651
96 125 13.046402
96 126 14.557261
96 127 11.167367
96 128 12.254510
96 129 13.733283
96 130 14.242771
96 131 13.316728
96 132 11.298133
96 133 14.233915
96 134 11.526785
96 135 11.139889
96 136 14.787114
96 137 11.887629
96 138 11.750517
96 139 11.722621
96 140 14.569107
96 141 11.561027
96 142 14.517875
96 143 11.777696
96 144 12.613257
96 145 14.173030
96 146 10.931579
96 147 14.197076
96 148 12.687446
96 149 11.584868
96 150 14.053262
96 151 13.826467
96 152 14.455884
96 153 11.335599
96 154 13.023167
96 155 12.081164
96 156 11.817765
96 157 12.681477
96 158 12.279437
96 159 11.671012
96 160 14.510974
96 161 12.567776
96 162 12.948682
96 163 12.910944
96 164 12.037112
96 165 11.416865
96 166 11.561216
96 167 11.481521
96 168 12.620482
96 169 13.718228
96 170 12.684661
96 171 14.455012
96 172 13.028123
96 173 13.456714
96 174 12.762706
96 175 12.094399
96 176 11.846513
96 177 13.822281
96 178 11.167803
96 179 13.749855
96 180 12.482094
96 181 13.363710
96 182 14.656859
96 183 13.501207
96 184 14.317734
96 185 11.345125
96 186 13.249887
96 187 11.555403
96 188 11.214117
96 189 13.829282
96 190 12.916135
96 191 14.483721
96 192 14.414178
96 193 12.104956
96 194 14.530469
96 195 11.365796
96 196 12.520712
96 197 10.940330
96 198 12.173970
96 199 11.853238
96 200 12.525963
97 0 11.879485
97 1 13.078548
97 2 11.166390
97 3 11.104094
97 4 13.285766
97 5 13.970320
97 6 13.042807
97 7 12.307069
97 8 11.239523
97 9 12.372641
97 10 11.322760
97 11 11.278867
97 12 13.796484
97 13 12.272117
97 14 11.995032
97 15 11.034622
97 16 11.672513
97 17 14.479893
97 18 12.635490
97 19 14.366143
97 20 11.007349
97 21 12.929741
97 22 14.589620
97 23 13.885438
97 24 12.702253
97 25 14.735697
97 26 14.083364
97 27 14.541369
97 28 11.704655
97 29 12.846429
97 30 11.692054
97 31 13.679096
97 32 14.773825
97 33 12.108512
97 34 13.704260
97 35 13.974994
97 36 14.418572
97 37 13.988419
97 38 11.057424
97 39 12.630231
97 40 12.857889
97 41 14.438708
97 42 14.285521
97 43 14.725355
97 44 11.296554
97 45 13.984003
97 46 12.147145
97 47 13.979192
97 48 13.034959
97 49 12.068610
97 50 14.016405
97 51 11.541831
97 52 13.333883
97 53 12.570716
97 54 11.771198
97 55 13.000285
97 56 12.256898
97 57 12.195533
97 58 11.340448
97 59 11.990274
97 60 12.939272
97 61 11.212757
97 62 14.680558
97 63 14.780419
97 64 11.398363
97 65 11.330989
97 66 10.956550
97 67 11.246894
97 68 14.267048
97 69 14.735009
97 70 14.108026
97 71 12.660878
97 72 12.254151
97 73 14.186602
97 74 13.574983
97 75 14.611733
97 76 13.209042
97 77 13.347186
97 78 13.215220
97 79 11.550728
97 80 13.182475
97 81 11.994485
97 82 14.721836
97 83 13.784385
97 84 13.216051
97 85 11.634073
97 86 14.442876
97 87 14.116993
97 88 14.533076
97 89 12.798605
97 90 12.547125
97 91 14.187786
97 92 11.576122
97 93 13.204542
97 94 13.151322
97 95 11.562691
97 96 12.515209
97 98 12.896326
97 99 11.153607
97 100 13.093268
97 101 13.535876
97 102 13.195692
97 103 13.442234
97 104 13.411882
97 105 13.599032
97 106 13.013367
97 107 10.949176
97 108 12.426326
97 109 12.572235
97 110 10.973458
97 111 11.055648
97 112 14.804629
97 113 12.094592
97 114 13.927788
97 115 13.287452
97 116 12.256371
97 117 14.060345
97 118 11.586430
97 119 12.997720
97 120 12.015086
97 121 13.029052
97 122 13.551365
97 123 12.628412
97 124 11.064311
97 125 13.732728
97 126 12.031904
97 127 11.695733
97 128 11.018822
97 129 12.547946
97 130 14.105499
97 131 14.336336
97 132 13.923059
97 133 14.683765
97 134 12.602081
97 135 11.997825
97 136 12.220490
97 137 13.497278
97 138 11.964896
97 139 14.264885
97 140 13.119283
97 141 11.171754
97 142 12.265983
97 143 14.771760
97 144 14.682152
97 145 11.962856
97 146 12.601177
97 147 10.926020
97 148 14.411447
97 149 14.152902
97 150 12.410906
97 151 13.147480
97 152 11.338872
97 153 14.570400
97 154 12.752282
97 155 14.475732
97 156 11.024313
97 157 14.123857
97 158 13.607791
97 159 13.029589
97 160 14.349680
97 161 14.016155
97 162 11.312570
97 163 12.529774
97 164 12.882911
97 165 12.687311
97 166 12.184534
97 167 12.960862
97 168 12.862340
97 169 12.183011
97 170 13.396361
97 171 11.717957
97 172 13.547092
97 173 13.239132
97 174 11.901040
97 175 12.937941
97 176 12.571779
97 177 12.532350
97 178 13.550321
97 179 14.082262
97 180 11.466604
97 181 12.096579
97 182 11.558616
97 183 12.261679
97 184 11.574756
97 185 13.242959
97 186 11.759590
97 187 13.459023
97 188 10.932206
97 189 14.764621
97 190 14.339106
97 191 13.117996
97 192 11.634055
97 193 13.337901
97 194 11.875108
97 195 13.053691
97 196 11.803063
97 197 11.673577
97 198 13.727029
97 199 12.876306
97 200 14.420227
98 0 11.107679
98 1 13.745662
98 2 12.931958
98 3 13.366216
98 4 12.703607
98 5 13.951977
98 6 12.243003
98 7 14.043701
98 8 11.240401
98 9 13.160334
98 10 14.451003
98 11 13.494849
98 12 14.011393
98 13 14.113889
98 14 14.766528
98 15 14.536992
98 16 13.574018
98 17 12.316255
98 18 14.216940
98 19 14.231344
98 20 14.221225
98 21 13.221462
98 22 12.899341
98 23 11.637401
98 24 13.227073
98 25 14.313655
98 26 14.547251
98 27 13.895124
98 28 13.583595
98 29 11.413974
98 30 11.852065
98 31 11.387008
98 32 12.790120
98 33 12.708889
98 34 14.227465
98 35 11.037400
98 36 14.174287
98 37 14.081522
98 38 13.643937
98 39 12.291983
98 40 14.604603
98 41 12.084942
98 42 14.764295
98 43 11.073513
98 44 11.841237
98 45 13.135288
98 46 11.532682
98 47 12.460407
98 48 14.195263
98 49 14.523132
98 50 11.075578
98 51 11.038455
98 52 14.733202
98 53 12.381475
98 54 12.581331
98 55 11.022545
98 56 14.155971
98 57 11.166594
98 58 11.422792
98 59 11.870775
98 60 10.935686
98 61 11.202044
98 62 13.879183
98 63 14.135337
98 64 10.975433
98 65 14.766960
98 66 14.316983
98 67 14.491612
98 68 11.783645
98 69 11.152084
98 70 11.715902
98 71 13.311952
98 72 12.988511
98 73 12.708197
98 74 12.945517
98 75 14.764486
98 76 13.391036
98 77 13.515870
98 78 11.636240
98 79 14.644729
98 80 11.746336
98 81 13.783263
98 82 11.995216
98 83 12.697450
98 84 12.042016
98 85 11.968974
98 86 14.405216
98 87 13.319783
98 88 13.353591
98 89 11.503383
98 90 11.022521
98 91 14.740265
98 92 13.482999
98 93 12.309866
98 94 11.787961
98 95 13.451312
98 96 11.946253
98 97 12.896326
98 99 13.770832
98 100 14.594461
98 101 10.952353
98 102 10.930718
98 103 14.482526
98 104 14.452535
98 105 12.034657
98 106 14.571199
98 107 14.283422
98 108 12.919198
98 109 11.336870
98 110 14.074246
98 111 11.221434
98 112 12.978143
98 113 11.066827
98 114 12.805174
98 115 11.059719
98 116 14.709717
98 117 12.758382
98 118 12.172624
98 119 13.223159
98 120 11.680989
98 121 14.756895
98 122 13.776052
98 123 12.746404
98 124 11.196135
98 125 10.923311
98 126 13.037365
98 127 13.171419
98 128 12.769400
98 129 12.159210
98 130 11.214957
98 131 13.879691
98 132 13.612814
98 133 14.220198
98 134 11.942813
98 135 12.059696
98 136 13.715704
98 137 14.335869
98 138 13.436374
98 139 12.766988
98 140 12.977648
98 141 13.744025
98 142 14.219103
98 143 12.969053
98 144 12.186146
98 145 12.239839
98 146 14.642344
98 147 12.354681
98 148 12.423035
98 149 14.134002
98 150 12.386573
98 151 14.729488
98 152 11.995407
98 153 12.516839
98 154 14.482737
98 155 13.347667
98 156 14.754343
98 157 11.425991
98 158 14.176168
98 159 11.905020
98 160 12.618055
98 161 12.062503
98 162 11.939305
98 163 11.903881
98 164 11.930727
98 165 13.033802
98 166 10.927862
98 167 13.105768
98 168 12.944985
98 169 14.237384
98 170 11.097991
98 171 11.388187
98 172 12.077278
98 173 14.775174
98 174 13.588125
98 175 14.504982
98 176 12.238124
98 177 14.492358
98 178 13.097717
98 179 14.687584
98 180 12.821381
98 181 12.789743
98 182 12.409384
98 183 13.831076
98 184 12.506509
98 185 12.410839
98 186 11.921040
98 187 13.335237
98 188 11.565979
98 189 12.231786
98 190 12.085279
98 191 13.124875
98 192 13.899931
98 193 13.422464
98 194 14.051905
98 195 13.733150
98 196 11.216018
98 197 11.089862
98 198 12.331259
98 199 12.677194
98 200 14.278591
99 0 14.068941
99 1 11.400889
99 2 11.611624
99 3 12.767773
99 4 14.652691
99 5 14.032177
99 6 12.097663
99 7 12.702978
99 8 12.603244
99 9 14.021800
99 10 13.744159
99 11 13.347468
99 12 13.534789
99 13 14.529759
99 14 12.866949
99 15 11.438268
99 16 14.500230
99 17 13.506429
99 18 11.289848
99 19 14.504808
99 20 11.303501
99 21 13.713558
99 22 14.249069
99 23 11.900556
99 24 13.291418
99 25 11.497319
99 26 11.175265
99 27 11.790738
99 28 11.621862
99 29 12.454229
99 30 13.948393
99 31 14.500440
99 32 11.354486
99 33 14.324232
99 34 11.262946
99 35 14.457421
99 36 12.939457
99 37 14.454324
99 38 11.828546
99 39 12.719248
99 40 13.226652
99 41 14.395787
99 42 13.173407
99 43 13.462446
99 44 11.197939
99 45 12.536263
99 46 11.264122
99 47 12.092949
99 48 12.437820
99 49 12.752919
99 50 13.735974
99 51 12.772608
99 52 14.168460
99 53 13.963710
99 54 11.833918
99 55 11.186288
99 56 13.120033
99 57 11.414283
99 58 14.306787
99 59 14.364779
99 60 14.385129
99 61 11.732664
99 62 11.486352
99 63 12.298206
99 64 12.915964
99 65 12.291118
99 66 10.939842
99 67 13.996114
99 68 11.446849
99 69 13.374128
99 70 11.330594
99 71 11.682451
99 72 11.224277
99 73 11.068064
99 74 11.491960
99 75 11.130685
99 76 14.692290
99 77 14.667360
99 78 13.465979
99 79 14.636212
99 80 12.656184
99 81 11.856177
99 82 11.520513
99 83 13.591585
99 84 14.121959
99 85 12.309782
99 86 11.202509
99 87 13.882254
99 88 12.256339
99 89 13.362873
99 90 12.909855
99 91 14.109820
99 92 14.671996
99 93 14.555150
99 94 12.475961
99 95 13.859807
99 96 12.596785
99 97 11.153607
99 98 13.770832
99 100 14.466320
99 101 14.197292
99 102 13.568355
99 103 12.922691
99 104 14.502957
99 105 13.785445
99 106 13.075853
99 107 11.555052
99 108 13.214740
99 109 11.535298
99 110 11.592571
99 111 14.093773
99 112 13.241738
99 113 14.422084
99 114 14.771940
99 115 14.421088
99 116 12.920853
99 117 13.226326
99 118 13.914871
99 119 13.915088
99 120 14.590984
99 121 11.859192
99 122 12.483519
99 123 13.504141
99 124 12.566893
99 125 13.190482
99 126 11.084366
99 127 11.460559
99 128 11.251050
99 129 13.375825
99 130 13.011893
99 131 13.170447
99 132 13.242057
99 133 12.454811
99 134 12.873305
99 135 11.729843
99 136 10.950126
99 137 12.930951
99 138 11.804941
99 139 11.975552
99 140 13.415434
99 141 12.385266
99 142 12.841751
99 143 13.143545
99 144 12.794787
99 145 12.214450
99 146 14.289664
99 147 12.946759
99 148 12.780641
99 149 11.287049
99 150 12.526444
99 151 11.807561
99 152 13.256900
99 153 14.616222
99 154 12.901190
99 155 14.063873
99 156 11.369518
99 157 13.248965
99 158 11.031616
99 159 11.914324
99 160 13.438924
99 161 12.810120
99 162 14.458139
99 163 14.801467
99 164 12.066925
99 165 14.287315
99 166 11.832920
99 167 11.156540
99 168 13.865636
99 169 13.579041
99 170 11.569306
99 171 11.650178
99 172 14.148599
99 173 14.642446
99 174 12.057688
99 175 14.680648
99 176 14.259286
99 177 12.389820
99 178 12.413288
99 179 11.545432
99 180 12.097200
99 181 11.475328
99 182 14.402520
99 183 14.325978
99 184 14.196917
99 185 14.305477
99 186 13.717229
99 187 11.880318
99 188 14.811003
99 189 13.373672
99 190 13.171746
99 191 11.305567
99 192 12.074957
99 193 14.764575
99 194 13.910080
99 195 13.334296
99 196 13.485036
99 197 12.493610
99 198 14.235843
99 199 13.500920
99 200 11.702065
100 0 11.905948
100 1 11.812824
100 2 12.763734
100 3 11.921686
100 4 12.186532
100 5 13.450952
100 6 12.204715
100 7 13.362459
100 8 13.921494
100 9 10.991713
100 10 11.092083
100 11 14.602271
100 12 14.478934
100 13 13.326781
100 14 12.836773
100 15 11.509270
100 16 13.730654
100 17 11.032179
100 18 13.640634
100 19 12.140995
100 20 14.574604
100 21 10.921756
100 22 13.586146
100 23 12.116978
100 24 11.451192
100 25 11.553426
100 26 12.235586
100 27 11.842336
100 28 13.746301
100 29 14.243640
100 30 11.435199
100 31 13.955345
100 32 14.237571
100 33 12.967891
100 34 12.176693
100 35 11.955943
100 36 12.461861
100 37 13.117401
100 38 13.600574
100 39 12.838989
100 40 13.851228
100 41 14.439977
100 42 12.769864
100 43 12.420413
100 44 11.238100
100 45 11.630478
100 46 13.586111
100 47 12.451679
100 48 11.082595
100 49 12.058152
100 50 13.138905
100 51 11.731504
100 52 13.048804
100 53 12.115287
100 54 11.940985
100 55 14.139626
100 56 13.692120
100 57 12.715392
100 58 14.603920
100 59 12.837145
100 60 12.501158
100 61 14.043180
100 62 13.133148
100 63 14.560969
100 64 14.339341
100 65 11.277393
100 66 12.692368
100 67 11.479685
100 68 13.365294
100 69 12.854661
100 70 13.500467
100 71 11.028062
100 72 14.277543
100 73 14.795187
100 74 12.223182
100 75 14.540498
100 76 12.467127
100 77 14.254010
100 78 14.214822
100 79 14.495874
100 80 13.052630
100 81 13.767275
100 82 11.936765
100 83 12.774192
100 84 14.326653
100 85 11.812913
100 86 12.924621
100 87 13.597306
100 88 11.608580
100 89 14.156507
100 90 14.047894
100 91 11.538946
100 92 11.793837
100 93 14.128844
100 94 13.270349
100 95 11.727147
100 96 14.502501
100 97 13.093268
100 98 14.594461
100 99 14.466320
100 101 12.630229
100 102 12.022413
100 103 12.281261
100 104 11.572348
100 105 11.532397
100 106 13.113493
100 107 11.377525
100 108 13.005000
100 109 13.072712
100 110 14.095031
100 111 13.172034
100 112 14.532010
100 113 14.708218
100 114 12.318236
100 115 14.502620
100 116 12.373012
100 117 11.467281
100 118 12.833817
100 119 14.559790
100 120 13.770031
100 121 13.562817
100 122 13.195513
100 123 13.378566
100 124 12.676529
100 125 11.554647
100 126 13.338974
100 127 14.647694
100 128 13.517763
100 129 12.361498
100 130 14.026264
100 131 14.383447
100 132 12.440661
100 133 12.814475
100 134 12.021404
100 135 13.526431
100 136 13.271936
100 137 14.149368
100 138 12.184189
100 139 13.499126
100 140 11.227691
100 141 11.894670
100 142 12.938297
100 143 11.677787
100 144 12.192732
100 145 12.772171
100 146 12.445716
100 147 11.015008
100 148 12.442835
100 149 12.690046
100 150 13.020936
100 151 11.011936
100 152 11.923623
100 153 12.754633
100 154 11.924593
100 155 11.772037
100 156 13.631939
100 157 13.193178
100 158 11.683846
100 159 12.176231
100 160 14.063653
100 161 13.355538
100 162 12.144045
100 163 10.998080
100 164 11.202947
100 165 11.515288
100 166 14.696642
100 167 11.481218
100 168 14.218377
100 169 13.088229
100 170 13.508019
100 171 14.086623
100 172 13.142643
100 173 11.308835
100 174 13.102925
100 175 14.816733
100 176 12.738202
100 177 12.213056
100 178 14.810841
100 179 13.413884
100 180 13.973718
100 181 11.325454
100 182 11.726842
100 183 14.149992
100 184 11.098901
100 185 14.129225
100 186 14.661845
100 187 13.946470
100 188 12.057256
100 189 12.608884
100 190 13.137076
100 191 12.351228
100 192 14.081180
100 193 13.604294
100 194 12.611309
100 195 13.257510
100 196 11.404574
100 197 12.383992
100 198 12.374212
100 199 12.233022
100 200 11.951988
101 0 11.976799
101 1 13.120174
101 2 11.136633
101 3 11.728081
101 4 12.071638
101 5 12.382057
101 6 12.704615
101 7 13.327639
101 8 14.533158
101 9 13.827007
101 10 11.986281
101 11 12.872956
101 12 11.567815
101 13 12.157618
101 14 14.364745
101 15 11.255163
101 16 11.884218
101 17 13.388034
101 18 13.932564
101 19 14.192016
101 20 13.048775
101 21 14.251976
101 22 13.136957
101 23 11.125615
101 24 13.978247
101 25 12.169650
101 26 14.037611
101 27 11.975572
101 28 14.329188
101 29 11.721850
101 30 14.015753
101 31 12.173653
101 32 12.341809
101 33 12.920474
101 34 14.514222
101 35 11.638821
101 36 11.326981
101 37 13.976955
101 38 11.259312
101 39 12.817795
101 40 11.349659
101 41 12.978185
101 42 12.457726
101 43 11.784979
101 44 14.247344
101 45 12.112415
101 46 11.986785
101 47 14.597227
101 48 13.468804
101 49 11.406692
101 50 13.220415
101 51 11.217104
101 52 13.915578
101 53 11.837330
101 54 12.772033
101 55 13.352792
101 56 11.951635
101 57 11.242931
101 58 12.062840
101 59 11.059504
101 60 13.365010
101 61 11.410240
101 62 12.195045
101 63 11.908257
101 64 14.027701
101 65 12.184286
101 66 12.587601
101 67 11.143033
101 68 11.115725
101 69 11.304176
101 70 11.827499
101 71 12.051277
101 72 12.892239
101 73 13.626988
101 74 11.764363
101 75 12.133070
101 76 11.213131
101 77 12.855257
101 78 14.576781
101 79 11.921562
101 80 12.562125
101 81 11.833784
101 82 13.810194
101 83 14.156194
101 84 12.463453
101 85 14.422096
101 86 14.625702
101 87 13.554063
101 88 13.701051
101 89 12.185637
101 90 14.083439
101 91 11.230047
101 92 11.349126
101 93 13.565357
101 94 11.622235
101 95 12.392615
101 96 13.816981
101 97 13.535876
101 98 10.952353
101 99 14.197292
101 100 12.630229
101 102 12.444500
101 103 14.175207
101 104 14.106471
101 105 14.687628
101 106 12.753214
101 107 12.860881
101 108 13.223928
101 109 13.195986
101 110 13.817554
101 111 11.624053
101 112 14.582201
101 113 12.807246
101 114 12.328528
101 115 14.282040
101 116 12.306181
101 117 11.157766
101 118 13.717997
101 119 12.911928
101 120 13.963957
101 121 14.067219
101 122 13.585162
101 123 12.343900
101 124 14.524201
101 125 14.291567
101 126 12.523207
101 127 13.832399
101 128 13.380334
101 129 12.220092
101 130 13.917320
101 131 13.803892
101 132 13.536742
101 133 14.171907
101 134 12.477228
101 135 11.759600
101 136 13.913262
101 137 14.599658
101 138 11.565389
101 139 14.314858
101 140 10.988881
101 141 13.736232
101 142 13.960469
101 143 12.192144
101 144 13.387972
101 145 12.745464
101 146 11.649505
101 147 14.741093
101 148 14.429459
101 149 12.735895
101 150 13.470836
101 151 13.369953
101 152 14.004363
101 153 13.309718
101 154 13.566262
101 155 11.121638
101 156 13.694763
101 157 11.582939
101 158 12.043982
101 159 14.044208
101 160 14.635645
101 161 13.823867
101 162 12.505662
101 163 14.223983
101 164 11.472869
101 165 11.029844
101 166 12.236643
101 167 11.352601
101 168 11.025558
101 169 11.449623
101 170 12.831862
101 171 12.597323
101 172 12.520441
101 173 13.397209
101 174 11.882010
101 175 14.144985
101 176 13.668910
101 177 14.804655
101 178 14.178414
101 179 11.228322
101 180 11.283530
101 181 12.398594
101 182 11.851777
101 183 13.641122
101 184 13.385472
101 185 14.444368
101 186 14.634751
101 187 13.660408
101 188 13.648100
101 189 12.970636
101 190 13.993441
101 191 14.464273
101 192 11.712978
101 193 12.604204
101 194 13.105477
101 195 13.787658
101 196 12.647052
101 197 13.381020
101 198 11.110467
101 199 13.453917
101 200 13.660412
102 0 14.670945
102 1 11.173104
102 2 12.392325
102 3 12.714781
102 4 14.327036
102 5 12.879340
102 6 14.557111
102 7 12.307228
102 8 12.838928
102 9 14.593394
102 10 14.020992
102 11 12.947786
102 12 13.628179
102 13 13.450793
102 14 13.323129
102 15 11.986630
102 16 14.350837
102 17 13.686794
102 18 12.629169
102 19 12.750332
102 20 14.535837
102 21 12.437029
102 22 14.070638
102 23 12.566896
102 24 11.137955
102 25 12.037864
102 26 13.037455
102 27 14.637304
102 28 14.420325
102 29 11.199601
102 30 11.275452
102 31 11.127980
102 32 14.641876
102 33 13.728785
102 34 13.482542
102 35 12.013585
102 36 13.679639
102 37 13.346689
102 38 13.176932
102 39 14.665118
102 40 12.853847
102 41 12.095860
102 42 11.286731
102 43 13.975788
102 44 11.676735
102 45 12.856529
102 46 14.517613
102 47 13.771754
102 48 12.375784
102 49 12.863973
102 50 11.428306
102 51 14.499758
102 52 13.229988
102 53 11.774898
102 54 12.538193
102 55 14.801753
102 56 11.962363
102 57 12.334935
102 58 12.478050
102 59 14.229744
102 60 11.427180
102 61 11.556826
102 62 12.238837
102 63 11.544283
102 64 12.720204
102 65 13.874158
102 66 11.337848
102 67 12.130117
102 68 11.350841
102 69 12.606452
102 70 12.857859
102 71 12.925292
102 72 13.579105
102 73 12.034055
102 74 12.225357
102 75 11.149558
102 76 12.423744
102 77 14.336153
102 78 13.418902
102 79 12.561285
102 80 13.299413
102 81 12.445616
102 82 14.480345
102 83 13.196435
102 84 12.009872
102 85 11.395292
102 86 13.766540
102 87 12.236241
102 88 13.353709
102 89 13.225194
102 90 13.466889
102 91 11.072581
102 92 11.937752
102 93 12.849659
102 94 13.500423
102 95 11.761448
102 96 14.557880
102 97 13.195692
102 98 10.930718
102 99 13.568355
102 100 12.022413
102 101 12.444500
102 103 13.077086
102 104 13.201870
102 105 13.540589
102 106 13.943002
102 107 14.155721
102 108 11.730455
102 109 12.489246
102 110 11.628824
102 111 11.009311
102 112 13.186283
102 113 11.328270
102 114 12.019452
102 115 11.502717
102 116 11.884059
102 117 12.795377
102 118 11.316714
102 119 12.167141
102 120 13.690348
102 121 11.353977
102 122 13.467485
102 123 14.369779
102 124 13.196001
102 125 11.585521
102 126 14.263992
102 127 13.664791
102 128 12.219104
102 129 11.057034
102 130 13.053451
102 131 12.213124
102 132 11.798082
102 133 12.851991
102 134 13.384435
102 135 14.628293
102 136 12.023154
102 137 13.251431
102 138 12.191696
102 139 12.322226
102 140 11.744769
102 141 12.034066
102 142 11.811704
102 143 13.400110
102 144 11.752371
102 145 14.236078
102 146 11.693229
102 147 13.989652
102 148 12.349366
102 149 14.115653
102 150 14.530216
102 151 12.479691
102 152 12.951462
102 153 11.031228
102 154 12.959331
102 155 11.180662
102 156 13.511626
102 157 14.666528
102 158 14.781576
102 159 14.351363
102 160 12.891067
102 161 12.802612
102 162 14.104083
102 163 13.867091
102 164 12.548167
102 165 11.404811
102 166 12.465395
102 167 11.184417
102 168 12.794783
102 169 14.010140
102 170 12.346562
102 171 11.398084
102 172 12.545587
102 173 13.723894
102 174 14.248359
102 175 14.399373
102 176 11.483099
102 177 11.177930
102 178 12.510611
102 179 13.641790
102 180 13.414748
102 181 12.153412
102 182 11.213300
102 183 13.451806
102 184 14.559198
102 185 12.030246
102 186 12.565731
102 187 11.223449
102 188 13.136387
102 189 13.712179
102 190 11.428375
102 191 13.978311
102 192 13.964127
102 193 12.250870
102 194 12.035648
102 195 14.617362
102 196 11.645578
102 197 14.134819
102 198 14.269663
102 199 11.082373
102 200 11.662872
103 0 14.616552
103 1 12.814942
103 2 14.559932
103 3 14.348204
103 4 12.372325
103 5 11.930103
103 6 13.749149
103 7 11.645346
103 8 11.769955
103 9 14.728872
103 10 12.429672
103 11 13.807342
103 12 14.631291
103 13 12.067384
103 14 11.373187
103 15 13.129909
103 16 13.217276
103 17 11.722125
103 18 13.347058
103 19 14.707224
103 20 13.626250
103 21 11.277107
103 22 12.077580
103 23 13.465222
103 24 14.515523
103 25 12.880627
103 26 13.581477
103 27 12.505121
103 28 13.796199
103 29 13.752389
103 30 12.131142
103 31 12.663308
103 32 12.421928
103 33 14.563569
103 34 12.405424
103 35 13.936351
103 36 14.526598
103 37 14.521112
103 38 12.576027
103 39 11.548011
103 40 11.952894
103 41 12.792403
103 42 11.048064
103 43 14.308586
103 44 12.658585
103 45 14.261527
103 46 12.334551
103 47 12.614589
103 48 14.331605
103 49 13.294524
103 50 12.413089
103 51 13.878780
103 52 11.047481
103 53 12.202204
103 54 14.199813
103 55 12.098632
103 56 13.441191
103 57 14.708169
103 58 13.414470
103 59 14.171965
103 60 12.515004
103 61 11.263775
103 62 13.968113
103 63 13.934869
103 64 11.593814
103 65 11.491948
103 66 10.990133
103 67 12.225623
103 68 11.078843
103 69 12.145595
103 70 12.950297
103 71 13.839243
103 72 14.584201
103 73 14.807557
103 74 14.591285
103 75 13.090917
103 76 11.364432
103 77 12.628982
103 78 12.382316
103 79 12.969204
103 80 11.639853
103 81 14.618345
103 82 12.921990
103 83 13.081700
103 84 11.759563
103 85 14.786769
103 86 14.718048
103 87 12.474726
103 88 14.375243
103 89 13.120342
103 90 13.474751
103 91 11.234702
103 92 13.378859
103 93 11.462398
103 94 13.528026
103 95 11.154360
103 96 11.572960
103 97 13.442234
103 98 14.482526
103 99 12.922691
103 100 12.281261
103 101 14.175207
103 102 13.077086
103 104 14.081898
103 105 11.503760
103 106 12.004435
103 107 12.293564
103 108 11.986317
103 109 13.771582
103 110 11.701813
103 111 13.287271
103 112 14.310919
103 113 13.309247
103 114 13.490890
103 115 11.267117
103 116 12.241665
103 117 14.269824
103 118 12.670337
103 119 14.545689
103 120 11.771734
103 121 14.789742
103 122 13.930234
103 123 13.450295
103 124 11.440339
103 125 11.743729
103 126 12.682497
103 127 14.032995
103 128 12.675232
103 129 14.221694
103 130 12.813942
103 131 11.165120
103 132 12.017171
103 133 14.555859
103 134 13.885251
103 135 13.834279
103 136 11.366659
103 137 13.814283
103 138 14.015367
103 139 11.091832
103 140 14.222226
103 141 13.585084
103 142 14.015785
103 143 13.614842
103 144 12.715205
103 145 11.902448
103 146 11.300502
103 147 12.453456
103 148 13.130459
103 149 12.816796
103 150 13.058409
103 151 14.407752
103 152 12.595569
103 153 11.653072
103 154 13.856699
103 155 12.133177
103 156 12.562541
103 157 11.061588
103 158 13.390810
103 159 13.449121
103 160 11.151994
103 161 13.737059
103 162 13.826203
103 163 13.365698
103 164 13.068623
103 165 14.424979
103 166 13.580422
103 167 13.616458
103 168 11.190047
103 169 13.242260
103 170 13.208437
103 171 12.875925
103 172 12.993982
103 173 13.274742
103 174 13.004900
103 175 12.169316
103 176 14.415818
103 177 12.921270
103 178 11.583327
103 179 12.998444
103 180 13.373265
103 181 12.356827
103 182 11.241650
103 183 11.277802
103 184 12.502334
103 185 12.716367
103 186 12.076713
103 187 14.373216
103 188 12.463208
103 189 12.601417
103 190 13.723751
103 191 14.212566
103 192 12.210081
103 193 12.731113
103 194 12.349049
103 195 11.093884
103 196 12.049316
103 197 11.831414
103 198 14.097556
103 199 12.830131
103 200 11.035035
104 0 12.377453
104 1 13.614379
104 2 11.000664
104 3 13.275112
104 4 14.201504
104 5 12.857228
104 6 14.225031
104 7 11.701440
104 8 13.943420
104 9 14.788020
104 10 14.174170
104 11 12.065011
104 12 12.939779
104 13 13.244586
104 14 11.363221
104 15 12.913233
104 16 14.723156
104 17 11.455671
104 18 13.891731
104 19 12.605748
104 20 12.990518
104 21 12.864035
104 22 14.002424
104 23 12.390970
104 24 11.845903
104 25 10.955362
104 26 11.765324
104 27 11.620058
104 28 11.074035
104 29 12.366914
104 30 12.967998
104 31 13.650328
104 32 10.944154
104 33 12.224295
104 34 11.496536
104 35 14.665717
104 36 11.760726
104 37 11.148355
104 38 11.981102
104 39 14.035214
104 40 13.463133
104 41 12.640574
104 42 12.402726
104 43 12.427666
104 44 14.377844
104 45 13.712868
104 46 14.266070
104 47 13.815390
104 48 14.472487
104 49 12.164574
104 50 12.668694
104 51 11.985877
104 52 12.697450
104 53 13.520541
104 54 12.133485
104 55 14.332637
104 56 12.023783
104 57 13.221403
104 58 14.413888
104 59 12.547901
104 60 13.045916
104 61 14.682622
104 62 14.246940
104 63 14.452073
104 64 14.403365
104 65 13.151748
104 66 11.892470
104 67 14.434657
104 68 14.739805
104 69 11.975411
104 70 12.441126
104 71 12.875021
104 72 11.926035
104 73 12.690945
104 74 12.430171
104 75 11.470713
104 76 11.828666
104 77 13.028957
104 78 12.442143
104 79 12.822252
104 80 12.850462
104 81 13.594966
104 82 14.686354
104 83 11.790882
104 84 12.203255
104 85 12.904722
104 86 12.960101
104 87 14.531221
104 88 12.069604
104 89 11.167376
104 90 11.637406
104 91 13.069959
104 92 11.269011
104 93 13.288303
104 94 14.254006
104 95 14.420499
104 96 12.928017
104 97 13.411882
104 98 14.452535
104 99 14.502957
104 100 11.572348
104 101 14.106471
104 102 13.201870
104 103 14.081898
104 105 12.382032
104 106 14.483653
104 107 14.642368
104 108 12.505890
104 109 14.544412
104 110 14.386658
104 111 11.237723
104 112 11.710468
104 113 12.731475
104 114 14.660028
104 115 13.375605
104 116 13.724782
104 117 11.018560
104 118 13.974525
104 119 12.495785
104 120 12.569116
104 121 13.206486
104 122 13.724559
104 123 12.075037
104 124 14.203436
104 125 13.676750
104 126 13.183429
104 127 11.335071
104 128 14.541975
104 129 12.686918
104 130 11.377300
104 131 11.091589
104 132 13.983799
104 133 13.296019
104 134 13.177859
104 135 14.182560
104 136 14.169991
104 137 12.917864
104 138 11.768661
104 139 13.709119
104 140 13.324487
104 141 13.343500
104 142 13.185628
104 143 11.384460
104 144 12.700066
104 145 13.606069
104 146 12.875009
104 147 14.426904
104 148 11.323457
104 149 13.571681
104 150 11.602181
104 151 11.697111
104 152 11.248240
104 153 13.294129
104 154 10.974245
104 155 11.295256
104 156 13.894222
104 157 12.757685
104 158 14.188023
104 159 11.061257
104 160 11.875279
104 161 11.795232
104 162 14.029592
104 163 13.150259
104 164 11.678167
104 165 13.985532
104 166 13.953027
104 167 12.220959
104 168 11.649564
104 169 14.323702
104 170 12.185362
104 171 11.506754
104 172 12.527974
104 173 13.275022
104 174 14.230705
104 175 13.418304
104 176 11.983911
104 177 11.070308
104 178 14.245822
104 179 11.554561
104 180 12.369819
104 181 13.596688
104 182 13.406894
104 183 13.268285
104 184 11.695290
104 185 14.638393
104 186 14.272604
104 187 13.911670
104 188 14.547026
104 189 11.899272
104 190 14.705717
104 191 12.931048
104 192 13.512150
104 193 14.076079
104 194 13.363878
104 195 13.065515
104 196 14.420513
104 197 14.130218
104 198 11.327131
104 199 12.109584
104 200 12.805461
105 0 14.418175
105 1 11.969648
105 2 13.004349
105 3 12.062321
105 4 14.253189
105 5 11.641408
105 6 11.332602
105 7 13.132735
105 8 13.355501
105 9 13.050676
105 10 12.088735
105 11 12.144601
105 12 12.953425
105 13 12.901784
105 14 11.502072
105 15 14.688093
105 16 13.126860
105 17 11.405608
105 18 14.229545
105 19 12.693388
105 20 14.763386
105 21 11.671335
105 22 14.101352
105 23 12.542909
105 24 12.372174
105 25 12.930847
105 26 11.570639
105 27 10.934692
105 28 14.419268
105 29 12.782017
105 30 12.339290
105 31 11.441477
105 32 13.166833
105 33 11.025073
105 34 14.215986
105 35 12.897604
105 36 14.537493
105 37 12.249209
105 38 11.231803
105 39 12.129305
105 40 14.772708
105 41 14.510363
105 42 12.942121
105 43 13.334327
105 44 13.616328
105 45 14.730843
105 46 11.409159
105 47 11.560402
105 48 11.437452
105 49 13.693529
105 50 11.406748
105 51 10.994900
105 52 13.175038
105 53 13.686475
105 54 13.676702
105 55 13.905237
105 56 13.314831
105 57 12.096921
105 58 13.588026
105 59 12.954684
105 60 13.378929
105 61 13.997974
105 62 11.354776
105 63 14.769865
105 64 14.688969
105 65 12.494561
105 66 12.119654
105 67 12.699105
105 68 11.458551
105 69 12.180118
105 70 11.523771
105 71 13.134388
105 72 14.673471
105 73 14.551012
105 74 14.584549
105 75 13.041512
105 76 11.551459
105 77 12.527349
105 78 13.940480
105 79 11.264014
105 80 13.001294
105 81 10.973486
105 82 11.902937
105 83 13.423150
105 84 13.164770
105 85 14.141783
105 86 13.078428
105 87 14.817124
105 88 11.713597
105 89 12.151595
105 90 12.402941
105 91 11.832783
105 92 14.431276
105 93 11.182256
105 94 11.498647
105 95 12.697252
105 96 13.540933
105 97 13.599032
105 98 12.034657
105 99 13.785445
105 100 11.532397
105 101 14.687628
105 102 13.540589
105 103 11.503760
105 104 12.382032
105 106 14.169819
105 107 11.873231
105 108 14.312536
105 109 13.965960
105 110 14.353462
105 111 13.882204
105 112 12.493427
105 113 13.039283
105 114 11.886199
105 115 14.793984
105 116 13.857900
105 117 12.651578
105 118 11.622883
105 119 11.237368
105 120 12.058635
105 121 13.183699
105 122 13.378741
105 123 10.986407
105 124 12.259784
105 125 13.411067
105 126 12.292237
105 127 11.411043
105 128 11.413219
105 129 13.608846
105 130 13.000718
105 131 13.653646
105 132 12.768420
105 133 11.969632
105 134 12.291688
105 135 14.623824
105 136 14.429196
105 137 14.270269
105 138 13.995202
105 139 14.437568
105 140 13.351508
105 141 13.539238
105 142 12.323565
105 143 11.774811
105 144 13.266372
105 145 12.201948
105 146 14.586880
105 147 12.341666
105 148 13.263102
105 149 10.979213
105 150 13.790164
105 151 13.005548
105 152 11.072561
105 153 12.976773
105 154 13.430299
105 155 12.421219
105 156 13.580119
105 157 13.459764
105 158 11.633562
105 159 12.757462
105 160 11.604455
105 161 10.929612
105 162 11.795506
105 163 14.089110
105 164 12.380677
105 165 11.350535
105 166 14.730231
105 167 11.910677
105 168 12.037983
105 169 10.930585
105 170 11.021855
105 171 14.389693
105 172 13.737535
105 173 12.732763
105 174 13.493586
105 175 13.729350
105 176 13.430564
105 177 14.213774
105 178 13.287786
105 179 12.095473
105 180 12.330772
105 181 12.808023
105 182 12.985214
105 183 12.211248
105 184 11.360302
105 185 11.341594
105 186 12.248351
105 187 13.529196
105 188 14.353069
105 189 13.154506
105 190 14.105901
105 191 13.793293
105 192 12.915976
105 193 13.491575
105 194 13.796949
105 195 11.487613
105 196 12.200328
105 197 13.230970
105 198 14.044727
105 199 12.884311
105 200 13.994495
106 0 12.086652
106 1 13.864269
106 2 14.297355
106 3 13.879184
106 4 11.802874
106 5 12.496342
106 6 13.344717
106 7 11.688408
106 8 12.606253
106 9 14.731268
106 10 12.886536
106 11 13.082625
106 12 11.315124
106 13 14.037882
106 14 11.899206
106 15 12.467257
106 16 11.058870
106 17 14.172113
106 18 11.926327
106 19 13.739401
106 20 12.709533
106 21 12.598153
106 22 11.738244
106 23 12.553671
106 24 10.992443
106 25 12.744154
106 26 12.260434
106 27 12.977212
106 28 12.393134
106 29 11.247102
106 30 14.756459
106 31 11.865710
106 32 14.366403
106 33 13.657606
106 34 14.022526
106 35 11.863576
106 36 12.821795
106 37 13.611161
106 38 14.634535
106 39 13.719680
106 40 14.609806
106 41 14.358764
106 42 14.781672
106 43 13.046089
106 44 10.949661
106 45 14.097073
106 46 11.806574
106 47 13.342957
106 48 13.640075
106 49 12.143409
106 50 14.668654
106 51 12.437803
106 52 12.314104
106 53 14.804437
106 54 14.471773
106 55 12.047093
106 56 11.508735
106 57 13.329765
106 58 12.175779
106 59 11.794581
106 60 14.334559
106 61 12.079122
106 62 14.584277
106 63 14.161303
106 64 11.631558
106 65 12.233278
106 66 14.174650
106 67 14.657175
106 68 11.718393
106 69 14.254473
106 70 11.201968
106 71 13.996452
106 72 12.943413
106 73 11.274081
106 74 12.637531
106 75 11.435373
106 76 13.684422
106 77 12.091199
106 78 13.367417
106 79 12.519153
106 80 11.981317
106 81 13.420091
106 82 13.026110
106 83 14.538154
106 84 11.944253
106 85 12.938830
106 86 12.607971
106 87 12.331703
106 88 11.478308
106 89 12.367843
106 90 12.022338
106 91 13.656017
106 92 12.658196
106 93 11.347218
106 94 14.817364
106 95 12.196548
106 96 14.422588
106 97 13.013367
106 98 14.571199
106 99 13.075853
106 100 13.113493
106 101 12.753214
106 102 13.943002
106 103 12.004435
106 104 14.483653
106 105 14.169819
106 107 12.511671
106 108 11.483100
106 109 14.674821
106 110 12.132166
106 111 14.561116
106 112 14.305935
106 113 12.318455
106 114 13.961277
106 115 12.792744
106 116 11.844816
106 117 10.978729
106 118 11.784880
106 119 12.629000
106 120 11.863292
106 121 14.031384
106 122 13.366901
106 123 12.388121
106 124 14.597172
106 125 12.127011
106 126 12.638375
106 127 13.823755
106 128 13.510742
106 129 12.676579
106 130 12.034419
106 131 13.742708
106 132 11.249786
106 133 13.853413
106 134 12.716264
106 135 11.151831
106 136 14.214738
106 137 13.437667
106 138 11.585213
106 139 13.456795
106 140 14.722147
106 141 11.922524
106 142 13.732557
106 143 14.549667
106 144 12.122946
106 145 12.368284
106 146 11.136657
106 147 11.069393
106 148 11.719173
106 149 14.203802
106 150 12.434865
106 151 12.655552
106 152 12.734663
106 153 11.815037
106 154 12.424963
106 155 14.692088
106 156 12.700729
106 157 12.822797
106 158 12.695577
106 159 11.674567
106 160 11.899262
106 161 13.563927
106 162 12.014401
106 163 12.668192
106 164 11.114060
106 165 12.680829
106 166 12.522275
106 167 11.338281
106 168 10.944932
106 169 12.672540
106 170 11.635837
106 171 10.963091
106 172 11.238209
106 173 11.999832
106 174 13.922531
106 175 13.988718
106 176 13.603693
106 177 12.085172
106 178 14.052399
106 179 13.358741
106 180 12.720804
106 181 12.511469
106 182 14.271828
106 183 13.058023
106 184 11.896207
106 185 14.599996
106 186 14.136886
106 187 13.806088
106 188 11.396441
106 189 12.201156
106 190 12.314084
106 191 13.861004
106 192 14.585252
106 193 12.415322
106 194 12.747695
106 195 13.955404
106 196 13.277371
106 197 11.540681
106 198 14.346285
106 199 12.968855
106 200 14.236008
107 0 11.845475
107 1 12.013764
107 2 13.555135
107 3 13.187059
107 4 12.107554
107 5 11.876366
107 6 13.728352
107 7 14.533153
107 8 11.909240
107 9 13.341560
107 10 12.279862
107 11 13.151732
107 12 14.398167
107 13 12.069449
107 14 12.424747
107 15 11.476110
107 16 11.645819
107 17 10.948260
107 18 14.558599
107 19 12.126199
107 20 11.896390
107 21 11.112872
107 22 12.753257
107 23 11.564709
107 24 13.883924
107 25 14.774723
107 26 14.140605
107 27 14.081963
107 28 11.446015
107 29 14.309613
107 30 12.274975
107 31 12.705945
107 32 13.095147
107 33 13.478705
107 34 13.115562
107 35 14.421555
107 36 14.079424
107 37 12.566343
107 38 14.168106
107 39 12.600717
107 40 14.038897
107 41 13.356937
107 42 13.078288
107 43 14.049406
107 44 11.531838
107 45 14.585315
107 46 14.007212
107 47 14.152140
107 48 13.502346
107 49 13.474029
107 50 12.210653
107 51 12.982067
107 52 12.609590
107 53 13.277335
107 54 12.412664
107 55 11.452415
107 56 14.568290
107 57 12.919164
107 58 13.431608
107 59 12.350793
107 60 11.368878
107 61 11.403723
107 62 12.168233
107 63 12.139843
107 64 12.319377
107 65 11.802059
107 66 12.265485
107 67 14.729583
107 68 14.518632
107 69 11.572406
107 70 12.331724
107 71 10.965820
107 72 13.980823
107 73 14.716174
107 74 12.760282
107 75 11.201776
107 76 12.472069
107 77 12.240638
107 78 14.547278
107 79 13.114982
107 80 13.753064
107 81 12.173940
107 82 13.310830
107 83 12.895228
107 84 12.436844
107 85 13.776744
107 86 12.783894
107 87 12.063676
107 88 14.253736
107 89 10.996759
107 90 11.442811
107 91 13.070523
107 92 12.701725
107 93 14.687784
107 94 14.575749
107 95 12.114979
107 96 10.947046
107 97 10.949176
107 98 14.283422
107 99 11.555052
107 100 11.377525
107 101 12.860881
107 102 14.155721
107 103 12.293564
107 104 14.642368
107 105 11.873231
107 106 12.511671
107 108 12.881695
107 109 12.376813
107 110 11.266946
107 111 10.948517
107 112 14.150006
107 113 13.924217
107 114 12.989493
107 115 14.471469
107 116 13.880371
107 117 11.415313
107 118 13.778882
107 119 13.930940
107 120 13.053394
107 121 12.978925
107 122 13.392531
107 123 13.614419
107 124 11.529803
107 125 14.029960
107 126 12.153536
107 127 11.422907
107 128 13.835848
107 129 12.312164
107 130 12.781567
107 131 11.161225
107 132 11.791319
107 133 13.621972
107 134 12.820370
107 135 14.154156
107 136 12.426636
107 137 11.305898
107 138 13.782566
107 139 12.113528
107 140 12.072994
107 141 13.148728
107 142 12.821206
107 143 12.712768
107 144 12.333413
107 145 13.656647
107 146 11.153254
107 147 12.889128
107 148 11.301510
107 149 14.538586
107 150 11.884608
107 151 13.130356
107 152 13.964468
107 153 11.959828
107 154 11.879834
107 155 14.743202
107 156 12.392262
107 157 13.278042
107 158 14.502348
107 159 14.647916
107 160 11.556680
107 161 13.906177
107 162 13.287064
107 163 13.574040
107 164 12.573859
107 165 11.440783
107 166 11.066187
107 167 11.740620
107 168 14.010737
107 169 13.368333
107 170 13.449021
107 171 13.296827
107 172 11.237494
107 173 12.299841
107 174 13.602087
107 175 11.184431
107 176 12.472452
107 177 11.512976
107 178 14.665052
107 179 12.597276
107 180 14.704884
107 181 11.977500
107 182 13.430064
107 183 14.762581
107 184 12.607116
107 185 13.718511
107 186 11.820830
107 187 11.741840
107 188 12.167466
107 189 11.470428
107 190 14.566985
107 191 12.326958
107 192 14.126025
107 193 14.518656
107 194 14.162801
107 195 11.606328
107 196 12.882831
107 197 14.186265
107 198 12.016891
107 199 13.553843
107 200 13.316719
108 0 13.165284
108 1 11.220642
108 2 12.171645
108 3 11.679933
108 4 11.278042
108 5 14.632209
108 6 12.914007
108 7 12.957256
108 8 11.016209
108 9 14.159261
108 10 12.056124
108 11 14.428743
108 12 13.272300
108 13 11.929438
108 14 14.050559
108 15 12.472149
108 16 11.399926
108 17 11.976988
108 18 13.285930
108 19 13.334599
108 20 13.710480
108 21 14.226998
108 22 14.051230
108 23 12.601462
108 24 14.037175
108 25 13.433332
108 26 11.596561
108 27 11.027419
108 28 13.597471
108 29 10.985454
108 30 11.843710
108 31 11.019674
108 32 14.347334
108 33 14.652227
108 34 14.249702
108 35 11.075140
108 36 11.072863
108 37 13.951118
108 38 13.280773
108 39 13.679815
108 40 12.512669
108 41 11.646803
108 42 11.111062
108 43 13.380772
108 44 13.683713
108 45 12.087989
108 46 14.009023
108 47 12.303593
108 48 13.262747
108 49 14.151520
108 50 12.445530
108 51 11.461953
108 52 13.940507
108 53 12.040330
108 54 12.778090
108 55 13.485319
108 56 13.340980
108 57 12.161761
108 58 12.072873
108 59 14.034329
108 60 13.416775
108 61 12.542032
108 62 11.003231
108 63 12.552107
108 64 14.611162
108 65 11.445095
108 66 12.602539
108 67 14.273029
108 68 11.657836
108 69 13.357499
108 70 13.237025
108 71 11.103021
108 72 11.844053
108 73 13.730594
108 74 13.576309
108 75 11.902943
108 76 13.900532
108 77 14.807146
108 78 13.996485
108 79 13.457612
108 80 11.029002
108 81 13.116163
108 82 13.819726
108 83 13.310381
108 84 12.342274
108 85 14.394388
108 86 13.828072
108 87 14.026351
108 88 11.954099
108 89 14.293642
108 90 11.554253
108 91 12.271299
108 92 13.995497
108 93 11.537968
108 94 11.763805
108 95 11.408572
108 96 11.478070
108 97 12.426326
108 98 12.919198
108 99 13.214740
108 100 13.005000
108 101 13.223928
108 102 11.730455
108 103 11.986317
108 104 12.505890
108 105 14.312536
108 106 11.483100
108 107 12.881695
108 109 12.558337
108 110 11.329164
108 111 13.296271
108 112 14.615252
108 113 11.598555
108 114 11.708060
108 115 14.513544
108 116 12.155607
108 117 13.236357
108 118 11.531727
108 119 12.026516
108 120 11.878634
108 121 14.691915
108 122 12.563197
108 123 13.852537
108 124 11.907171
108 125 12.822010
108 126 12.489116
108 127 12.952377
108 128 13.052880
108 129 13.753125
108 130 12.874191
108 131 14.215069
108 132 13.155731
108 133 13.795875
108 134 13.428433
108 135 13.111809
108 136 12.799820
108 137 12.413219
108 138 11.590103
108 139 12.438864
108 140 14.220707
108 141 13.037346
108 142 14.253418
108 143 13.081699
108 144 14.122162
108 145 11.901391
108 146 11.999565
108 147 14.704069
108 148 11.645469
108 149 12.558470
108 150 11.737580
108 151 10.981823
108 152 11.357299
108 153 11.149742
108 154 14.435808
108 155 13.499426
108 156 11.990270
108 157 11.812552
108 158 12.717040
108 159 11.861647
108 160 12.689089
108 161 14.097792
108 162 12.252443
108 163 11.672671
108 164 13.808212
108 165 11.427423
108 166 12.608754
108 167 11.047028
108 168 13.113532
108 169 13.931028
108 170 11.072992
108 171 11.339667
108 172 11.667367
108 173 11.990283
108 174 14.537729
108 175 13.084810
108 176 12.739989
108 177 13.046725
108 178 12.221419
108 179 12.492920
108 180 13.095019
108 181 13.313762
108 182 14.075301
108 183 13.385639
108 184 13.798870
108 185 12.878713
108 186 11.357252
108 187 12.194893
108 188 12.344439
108 189 12.542161
108 190 14.433529
108 191 14.428794
108 192 13.632311
108 193 13.029897
108 194 13.801444
108 195 14.333790
108 196 13.055223
108 197 12.792416
108 198 13.509929
108 199 12.031608
108 200 13.713296
109 0 14.172478
109 1 12.162642
109 2 12.908512
109 3 11.011029
109 4 13.955973
109 5 13.876239
109 6 11.538247
109 7 11.869297
109 8 12.650874
109 9 12.266571
109 10 13.621950
109 11 10.965184
109 12 14.385923
109 13 13.134397
109 14 10.948472
109 15 12.755383
109 16 13.119129
109 17 13.941115
109 18 14.390783
109 19 14.722701
109 20 14.351338
109 21 14.376878
109 22 11.155122
109 23 13.537222
109 24 13.046019
109 25 14.278341
109 26 14.255639
109 27 11.463808
109 28 12.160142
109 29 11.514684
109 30 14.082020
109 31 13.564376
109 32 12.820425
109 33 13.174682
109 34 12.532464
109 35 11.817297
109 36 12.810818
109 37 12.300192
109 38 14.560425
109 39 13.098412
109 40 12.617758
109 41 14.662843
109 42 14.585992
109 43 11.423955
109 44 13.011219
109 45 13.619705
109 46 13.464057
109 47 11.167261
109 48 13.065779
109 49 13.667660
109 50 11.135007
109 51 12.045692
109 52 12.180006
109 53 11.778821
109 54 12.908465
109 55 11.960351
109 56 11.249762
109 57 11.148461
109 58 12.138469
109 59 13.095383
109 60 12.297984
109 61 13.861867
109 62 11.255268
109 63 13.721517
109 64 12.723886
109 65 13.122806
109 66 11.958302
109 67 12.506513
109 68 12.130423
109 69 12.273499
109 70 14.250144
109 71 11.664557
109 72 13.089253
109 73 13.245003
109 74 14.086451
109 75 11.334517
109 76 14.528057
109 77 11.287916
109 78 14.490099
109 79 14.020317
109 80 12.654798
109 81 11.799439
109 82 12.307371
109 83 13.252478
109 84 12.938109
109 85 12.148341
109 86 13.252206
109 87 13.456731
109 88 13.788175
109 89 13.991450
109 90 12.574834
109 91 13.835937
109 92 14.546029
109 93 14.800518
109 94 11.352953
109 95 14.330206
109 96 12.506831
109 97 12.572235
109 98 11.336870
109 99 11.535298
109 100 13.072712
109 101 13.195986
109 102 12.489246
109 103 13.771582
109 104 14.544412
109 105 13.965960
109 106 14.674821
109 107 12.376813
109 108 12.558337
109 110 11.397778
109 111 11.196041
109 112 14.085030
109 113 11.160118
109 114 14.316858
109 115 11.658606
109 116 12.434208
109 117 11.654144
109 118 14.815816
109 119 11.726260
109 120 13.583826
109 121 14.271724
109 122 14.426180
109 123 13.543067
109 124 14.188846
109 125 13.988687
109 126 11.098976
109 127 14.513165
109 128 11.259097
109 129 13.686231
109 130 12.661678
109 131 12.865929
109 132 12.444207
109 133 13.519269
109 134 11.712748
109 135 14.786135
109 136 13.517293
109 137 14.154556
109 138 12.861149
109 139 12.573298
109 140 13.706700
109 141 12.028258
109 142 14.069553
109 143 12.415711
109 144 14.173563
109 145 12.538404
109 146 12.181675
109 147 11.349992
109 148 11.082255
109 149 13.243696
109 150 12.947829
109 151 14.543848
109 152 12.848725
109 153 13.577139
109 154 11.077078
109 155 12.768139
109 156 12.370151
109 157 11.504153
109 158 14.419853
109 159 13.976089
109 160 12.817672
109 161 11.853577
109 162 13.821073
109 163 12.194081
109 164 11.753536
109 165 13.281473
109 166 11.329359
109 167 13.737451
109 168 11.295197
109 169 13.628875
109 170 14.351224
109 171 10.932628
109 172 13.787357
109 173 12.429554
109 174 13.330533
109 175 13.785190
109 176 12.951041
109 177 11.452488
109 178 14.303155
109 179 13.477528
109 180 13.380196
109 181 12.197291
109 182 13.029035
109 183 13.215638
109 184 11.968797
109 185 14.253359
109 186 12.515681
109 187 14.097580
109 188 14.318875
109 189 13.361779
109 190 14.660930
109 191 12.057823
109 192 11.203806
109 193 11.266118
109 194 12.914676
109 195 11.935177
109 196 13.352699
109 197 11.124420
109 198 13.210238
109 199 11.524639
109 200 11.019854
110 0 12.949914
110 1 11.334882
110 2 12.671796
110 3 11.125213
110 4 11.887086
110 5 11.659667
110 6 12.888668
110 7 11.668691
110 8 14.663099
110 9 13.994274
110 10 12.194778
110 11 14.023649
110 12 11.601611
110 13 13.122932
110 14 13.500480
110 15 14.179702
110 16 14.006446
110 17 13.225512
110 18 12.639717
110 19 13.996779
110 20 10.990904
110 21 12.673315
110 22 13.306735
110 23 11.667121
110 24 11.673287
110 25 12.121520
110 26 11.319432
110 27 12.518113
110 28 12.475032
110 29 14.515122
110 30 11.790188
110 31 11.616956
110 32 11.558436
110 33 12.359998
110 34 14.612330
110 35 14.316353
110 36 11.490216
110 37 11.768723
110 38 12.724048
110 39 11.402876
110 40 11.529761
110 41 14.266314
110 42 13.688869
110 43 14.661105
110 44 11.389051
110 45 13.849042
110 46 12.579934
110 47 14.364050
110 48 13.257082
110 49 14.749671
110 50 12.620552
110 51 13.822495
110 52 11.535588
110 53 14.205171
110 54 12.658161
110 55 14.452994
110 56 12.816751
110 57 11.820314
110 58 14.003781
110 59 11.301013
110 60 13.104295
110 61 11.554775
110 62 14.643588
110 63 14.447462
110 64 12.329703
110 65 12.562706
110 66 12.129075
110 67 14.637166
110 68 11.444619
110 69 12.360000
110 70 12.724790
110 71 10.967349
110 72 14.806645
110 73 13.085541
110 74 11.284920
110 75 13.576622
110 76 12.615933
110 77 13.416574
110 78 14.310802
110 79 12.253908
110 80 12.746212
110 81 11.434858
110 82 11.045828
110 83 14.539839
110 84 11.780987
110 85 14.336398
110 86 11.673755
110 87 11.220123
110 88 14.241047
110 89 13.566501
110 90 12.905981
110 91 12.744321
110 92 14.317831
110 93 13.200299
110 94 13.274032
110 95 13.646379
110 96 10.976751
110 97 10.973458
110 98 14.074246
110 99 11.592571
110 100 14.095031
110 101 13.817554
110 102 11.628824
110 103 11.701813
110 104 14.386658
110 105 14.353462
110 106 12.132166
110 107 11.266946
110 108 11.329164
110 109 11.397778
110 111 13.167002
110 112 12.646763
110 113 12.919752
110 114 12.004703
110 115 14.674803
110 116 11.094370
110 117 13.395904
110 118 14.353270
110 119 13.072167
110 120 14.347964
110 121 11.108002
110 122 13.019004
110 123 13.737911
110 124 11.704246
110 125 14.102931
110 126 12.788968
110 127 11.887115
110 128 13.032359
110 129 13.947161
110 130 12.488619
110 131 11.556502
110 132 14.680953
110 133 12.391254
110 134 12.599989
110 135 11.433979
110 136 14.211798
110 137 11.984106
110 138 14.559354
110 139 11.100684
110 140 12.471454
110 141 12.976482
110 142 11.735313
110 143 14.440077
110 144 12.178273
110 145 14.014236
110 146 13.590549
110 147 11.197056
110 148 12.578016
110 149 12.493922
110 150 12.387236
110 151 14.048742
110 152 13.591185
110 153 11.312542
110 154 12.887995
110 155 11.240902
110 156 11.557962
110 157 13.982573
110 158 14.805960
110 159 11.701046
110 160 13.864639
110 161 12.939232
110 162 11.837811
110 163 14.158300
110 164 13.412091
110 165 11.524183
110 166 11.214974
110 167 13.376442
110 168 14.114075
110 169 10.979322
110 170 13.651151
110 171 13.176025
110 172 13.196743
110 173 14.716876
110 174 14.489921
110 175 13.565857
110 176 14.230217
110 177 12.421057
110 178 14.736716
110 179 14.536276
110 180 13.772823
110 181 14.045455
110 182 13.353468
110 183 11.145533
110 184 12.594746
110 185 11.891337
110 186 12.189675
110 187 12.972188
110 188 13.955755
110 189 11.698476
110 190 13.664266
110 191 11.336412
110 192 14.456451
110 193 11.421677
110 194 12.733571
110 195 13.104943
110 196 14.659881
110 197 11.269616
110 198 12.806598
110 199 11.678196
110 200 14.084161
111 0 13.057016
111 1 13.452761
111 2 13.444472
111 3 13.572989
111 4 13.227808
111 5 13.915595
111 6 13.907828
111 7 14.452518
111 8 13.038639
111 9 13.797084
111 10 12.066628
111 11 14.303096
111 12 11.870248
111 13 13.817437
111 14 12.505996
111 15 11.506887
111 16 11.311511
111 17 12.051418
111 18 13.729048
111 19 12.033053
111 20 11.964921
111 21 12.872229
111 22 12.011373
111 23 14.640943
111 24 14.313631
111 25 13.658953
111 26 12.417620
111 27 14.588146
111 28 11.579427
111 29 12.484027
111 30 12.704608
111 31 12.858415
111 32 10.925319
111 33 10.945748
111 34 11.365035
111 35 12.509474
111 36 13.465140
111 37 13.457557
111 38 13.126326
111 39 13.525884
111 40 14.330406
111 41 14.724096
111 42 11.907363
111 43 10.942553
111 44 13.537859
111 45 13.268797
111 46 11.681884
111 47 13.994204
111 48 12.580597
111 49 13.621356
111 50 13.392791
111 51 13.460240
111 52 12.639047
111 53 14.156239
111 54 14.128307
111 55 12.598154
111 56 12.168036
111 57 12.606677
111 58 13.050510
111 59 11.237516
111 60 12.409754
111 61 12.112346
111 62 12.414936
111 63 12.744692
111 64 14.176414
111 65 11.996514
111 66 11.347974
111 67 11.270867
111 68 12.004723
111 69 11.559965
111 70 11.040993
111 71 14.375849
111 72 13.568261
111 73 11.128557
111 74 12.834614
111 75 11.577089
111 76 14.108808
111 77 13.002700
111 78 12.172588
111 79 10.933444
111 80 14.313923
111 81 12.704408
111 82 13.984525
111 83 11.740632
111 84 12.368715
111 85 11.369302
111 86 14.720220
111 87 13.982712
111 88 12.944831
111 89 14.535344
111 90 13.344421
111 91 14.414436
111 92 14.504681
111 93 11.777450
111 94 14.195744
111 95 13.839811
111 96 11.253023
111 97 11.055648
111 98 11.221434
111 99 14.093773
111 100 13.172034
111 101 11.624053
111 102 11.009311
111 103 13.287271
111 104 11.237723
111 105 13.882204
111 106 14.561116
111 107 10.948517
111 108 13.296271
111 109 11.196041
111 110 13.167002
111 112 13.437545
111 113 13.399952
111 114 14.787149
111 115 13.586884
111 116 12.817201
111 117 13.838358
111 118 11.590235
111 119 12.214183
111 120 13.509558
111 121 13.556864
111 122 14.384051
111 123 11.998977
111 124 12.045749
111 125 12.710569
111 126 13.191545
111 127 14.126270
111 128 11.764327
111 129 12.962873
111 130 12.274319
111 131 13.443658
111 132 11.603122
111 133 13.406791
111 134 12.178948
111 135 12.557621
111 136 12.995600
111 137 13.306526
111 138 12.875409
111 139 13.884484
111 140 13.254181
111 141 14.367633
111 142 13.966110
111 143 13.920913
111 144 13.760757
111 145 12.079865
111 146 11.388154
111 147 12.267048
111 148 13.337426
111 149 12.872834
111 150 11.834879
111 151 12.483539
111 152 11.501822
111 153 13.863747
111 154 12.743227
111 155 13.644982
111 156 13.228208
111 157 12.586302
111 158 11.475904
111 159 11.550794
111 160 13.369368
111 161 13.683511
111 162 12.493480
111 163 12.224564
111 164 11.057239
111 165 13.180305
111 166 12.147278
111 167 13.642691
111 168 12.872678
111 169 11.716618
111 170 11.778552
111 171 11.238278
111 172 10.953695
111 173 13.936572
111 174 11.335113
111 175 12.084100
111 176 11.000880
111 177 14.508202
111 178 13.782640
111 179 14.559498
111 180 14.333305
111 181 12.224356
111 182 13.890744
111 183 11.652943
111 184 12.212726
111 185 10.980023
111 186 14.580724
111 187 11.949395
111 188 10.954040
111 189 12.627484
111 190 14.040283
111 191 11.859365
111 192 12.265985
111 193 12.196566
111 194 14.413528
111 195 13.284881
111 196 13.132810
111 197 13.950826
111 198 13.465895
111 199 11.074928
111 200 14.233240
112 0 12.008840
112 1 12.059062
112 2 12.510139
112 3 14.730251
112 4 13.511536
112 5 10.956371
112 6 14.231737
112 7 14.699177
112 8 13.752450
112 9 13.633239
112 10 11.856959
112 11 12.205075
112 12 12.384585
112 13 12.451968
112 14 12.295737
112 15 13.929337
112 16 12.177753
112 17 13.309910
112 18 13.992543
112 19 12.665893
112 20 13.876219
112 21 14.726143
112 22 11.661391
112 23 14.759040
112 24 14.322925
112 25 12.000405
112 26 11.875445
112 27 14.074599
112 28 11.375072
112 29 11.843308
112 30 13.149892
112 31 14.015606
112 32 12.443991
112 33 12.998523
112 34 14.064584
112 35 11.761073
112 36 12.832905
112 37 12.202135
112 38 13.873848
112 39 12.547103
112 40 14.356850
112 41 14.642930
112 42 12.320324
112 43 13.302767
112 44 12.443741
112 45 13.353016
112 46 12.439132
112 47 13.996858
112 48 11.594276
112 49 12.306787
112 50 14.754388
112 51 12.370375
112 52 11.691521
112 53 12.764284
112 54 12.995818
112 55 11.857135
112 56 12.336756
112 57 12.932805
112 58 14.414273
112 59 14.119053
112 60 14.362957
112 61 12.955123
112 62 13.013817
112 63 12.957131
112 64 14.481265
112 65 13.464168
112 66 14.043317
112 67 13.336169
112 68 12.548095
112 69 14.058655
112 70 14.575993
112 71 13.181281
112 72 12.353127
112 73 13.403179
112 74 14.763755
112 75 11.500738
112 76 13.605747
112 77 14.360099
112 78 12.287335
112 79 12.694774
112 80 13.237419
112 81 12.677304
112 82 12.034112
112 83 13.548363
112 84 10.925794
112 85 13.947383
112 86 12.545218
112 87 13.906672
112 88 14.615334
112 89 12.196492
112 90 12.732386
112 91 12.700255
112 92 11.628244
112 93 12.817702
112 94 11.194595
112 95 12.825011
112 96 13.518392
112 97 14.804629
112 98 12.978143
112 99 13.241738
112 100 14.532010
112 101 14.582201
112 102 13.186283
112 103 14.310919
112 104 11.710468
112 105 12.493427
112 106 14.305935
112 107 14.150006
112 108 14.615252
112 109 14.085030
112 110 12.646763
112 111 13.437545
112 113 11.445914
112 114 11.412100
112 115 14.454866
112 116 13.500217
112 117 10.922034
112 118 14.461867
112 119 13.931146
112 120 13.067987
112 121 11.053077
112 122 13.302010
112 123 11.088744
112 124 12.456001
112 125 13.991311
112 126 13.008380
112 127 14.512181
112 128 11.610288
112 129 13.074779
112 130 13.569026
112 131 11.709722
112 132 12.056988
112 133 12.008709
112 134 12.729699
112 135 12.200584
112 136 14.075328
112 137 13.677124
112 138 12.194718
112 139 12.553575
112 140 12.434606
112 141 12.128666
112 142 12.350185
112 143 12.837482
112 144 11.737653
112 145 11.480386
112 146 13.389798
112 147 12.244927
112 148 13.102934
112 149 13.729892
112 150 13.269019
112 151 12.134525
112 152 11.947525
112 153 11.944431
112 154 13.687213
112 155 14.097108
112 156 14.120796
112 157 12.670189
112 158 13.044847
112 159 13.159670
112 160 11.456598
112 161 11.106268
112 162 13.019527
112 163 13.849680
112 164 12.921409
112 165 12.590269
112 166 13.138827
112 167 11.489333
112 168 14.029929
112 169 11.070443
112 170 12.853998
112 171 13.798845
112 172 13.025004
112 173 12.246479
112 174 11.749321
112 175 12.029315
112 176 13.695989
112 177 12.498230
112 178 11.803926
112 179 12.500840
112 180 12.122981
112 181 11.027258
112 182 12.669645
112 183 11.316741
112 184 11.416140
112 185 11.311287
112 186 12.474134
112 187 12.867853
112 188 14.461831
112 189 12.775407
112 190 12.459839
112 191 12.286527
112 192 11.750567
112 193 12.417163
112 194 14.018614
112 195 13.836231
112 196 12.021675
112 197 11.244598
112 198 11.828455
112 199 13.671899
112 200 12.504263
113 0 13.970502
113 1 11.464886
113 2 12.975381
113 3 14.457736
113 4 13.807476
113 5 12.850124
113 6 13.324681
113 7 11.115446
113 8 14.313020
113 9 14.252946
113 10 14.373645
113 11 13.807566
113 12 13.093899
113 13 11.428474
113 14 11.470431
113 15 12.486964
113 16 13.497585
113 17 10.945637
113 18 11.014554
113 19 13.615581
113 20 12.206281
113 21 13.441081
113 22 13.354248
113 23 13.575698
113 24 14.815602
113 25 13.784885
113 26 14.696017
113 27 13.129735
113 28 13.552250
113 29 12.875153
113 30 14.673681
113 31 11.555172
113 32 11.110250
113 33 13.718523
113 34 11.233835
113 35 14.199690
113 36 12.309615
113 37 14.242471
113 38 11.180333
113 39 12.263818
113 40 13.600239
113 41 14.512842
113 42 10.962251
113 43 13.982337
113 44 13.930860
113 45 13.707013
113 46 12.681307
113 47 14.409793
113 48 11.498269
113 49 12.866747
113 50 13.267113
113 51 12.107126
113 52 13.330495
113 53 13.952230
113 54 11.252269
113 55 14.103040
113 56 12.973487
113 57 12.956519
113 58 14.334054
113 59 11.466254
113 60 12.889184
113 61 12.507297
113 62 11.879183
113 63 11.192880
113 64 12.074055
113 65 13.009538
113 66 12.129211
113 67 11.707413
113 68 13.199708
113 69 12.981030
113 70 12.451135
113 71 12.514497
113 72 13.043655
113 73 11.985134
113 74 11.432719
113 75 11.653414
113 76 13.752279
113 77 13.637219
113 78 13.059269
113 79 13.759283
113 80 12.707609
113 81 13.259989
113 82 13.020173
113 83 14.467646
113 84 14.107657
113 85 14.164025
113 86 13.494906
113 87 13.932999
113 88 11.300239
113 89 14.454721
113 90 14.337838
113 91 11.066008
113 92 14.364482
113 93 12.580093
113 94 14.762259
113 95 11.698652
113 96 11.194996
113 97 12.094592
113 98 11.066827
113 99 14.422084
113 100 14.708218
113 101 12.807246
113 102 11.328270
113 103 13.309247
113 104 12.731475
113 105 13.039283
113 106 12.318455
113 107 13.924217
113 108 11.598555
113 109 11.160118
113 110 12.919752
113 111 13.399952
113 112 11.445914
113 114 11.259338
113 115 13.996089
113 116 14.653219
113 117 10.955954
113 118 12.635759
113 119 14.108273
113 120 11.848768
113 121 11.744083
113 122 11.884079
113 123 10.998349
113 124 11.212656
113 125 12.530323
113 126 14.016683
113 127 12.075151
113 128 14.752775
113 129 11.906372
113 130 14.771575
113 131 13.740954
113 132 12.886416
113 133 11.047623
113 134 11.008691
113 135 11.058907
113 136 14.504157
113 137 13.320566
113 138 13.402700
113 139 12.381130
113 140 12.294006
113 141 14.199272
113 142 14.279437
113 143 13.280589
113 144 11.055047
113 145 12.180075
113 146 14.812324
113 147 12.522847
113 148 11.411829
113 149 11.136693
113 150 10.950807
113 151 11.874151
113 152 12.532828
113 153 13.379060
113 154 11.492248
113 155 13.671649
113 156 14.036377
113 157 11.045028
113 158 13.737696
113 159 14.564256
113 160 11.974583
113 161 11.117267
113 162 11.588523
113 163 11.574037
113 164 12.167769
113 165 14.229317
113 166 11.843181
113 167 11.809740
113 168 12.319710
113 169 12.652469
113 170 13.626226
113 171 12.208528
113 172 13.140056
113 173 14.444827
113 174 12.229662
113 175 12.653989
113 176 12.306750
113 177 11.848740
113 178 12.288563
113 179 14.026196
113 180 11.800112
113 181 11.416324
113 182 12.087417
113 183 12.642177
113 184 13.451451
113 185 14.514541
113 186 12.016019
113 187 14.008871
113 188 14.545082
113 189 11.012637
113 190 13.668009
113 191 11.085418
113 192 14.647490
113 193 11.112049
113 194 12.901516
113 195 12.210701
113 196 12.311388
113 197 13.115257
113 198 13.637750
113 199 11.484994
113 200 12.490266
114 0 14.001877
114 1 14.149938
114 2 11.906264
114 3 14.357989
114 4 13.163175
114 5 13.164321
114 6 14.772528
114 7 12.508283
114 8 11.144447
114 9 12.498538
114 10 13.792765
114 11 11.457639
114 12 11.975722
114 13 11.785441
114 14 14.694903
114 15 14.778808
114 16 13.333388
114 17 11.379853
114 18 14.129024
114 19 11.821039
114 20 12.374223
114 21 10.922769
114 22 12.793366
114 23 12.317773
114 24 12.002273
114 25 11.829676
114 26 12.428701
114 27 14.104288
114 28 13.652597
114 29 10.960738
114 30 14.364665
114 31 11.267726
114 32 12.690708
114 33 11.068313
114 34 11.652779
114 35 12.507302
114 36 11.532812
114 37 13.701820
114 38 12.965586
114 39 14.720743
114 40 13.272897
114 41 11.969930
114 42 13.215544
114 43 12.744094
114 44 12.221983
114 45 14.256875
114 46 11.803303
114 47 11.510419
114 48 12.063539
114 49 13.423797
114 50 11.458621
114 51 11.729197
114 52 11.171259
114 53 10.970715
114 54 12.873859
114 55 12.231652
114 56 11.984710
114 57 13.401749
114 58 11.850868
114 59 14.657570
114 60 14.352116
114 61 12.212498
114 62 14.370588
114 63 13.758811
114 64 11.050923
114 65 11.300792
114 66 12.373594
114 67 13.005730
114 68 13.895207
114 69 14.182227
114 70 13.991671
114 71 14.063294
114 72 13.270927
114 73 11.238781
114 74 11.024119
114 75 13.965957
114 76 11.652194
114 77 12.381112
114 78 12.939823
114 79 11.957025
114 80 14.288163
114 81 13.377282
114 82 11.914953
114 83 12.560016
114 84 11.470977
114 85 14.749403
114 86 11.580576
114 87 11.752010
114 88 13.083017
114 89 14.659433
114 90 11.970991
114 91 13.930345
114 92 12.384068
114 93 13.037342
114 94 12.076251
114 95 11.406319
114 96 11.017493
114 97 13.927788
114 98 12.805174
114 99 14.771940
114 100 12.318236
114 101 12.328528
114 102 12.019452
114 103 13.490890
114 104 14.660028
114 105 11.886199
114 106 13.961277
114 107 12.989493
114 108 11.708060
114 109 14.316858
114 110 12.004703
114 111 14.787149
114 112 11.412100
114 113 11.259338
114 115 11.619522
114 116 11.904253
114 117 11.725506
114 118 11.200049
114 119 14.093890
114 120 13.100091
114 121 11.813162
114 122 11.037413
114 123 11.601302
114 124 14.536069
114 125 14.173702
114 126 12.407496
114 127 12.841722
114 128 12.535626
114 129 11.699557
114 130 13.016463
114 131 13.128143
114 132 12.287606
114 133 14.526435
114 134 13.696079
114 135 14.076627
114 136 13.275866
114 137 14.324827
114 138 12.623966
114 139 14.608910
114 140 12.998756
114 141 14.227890
114 142 12.788925
114 143 14.090708
114 144 11.201059
114 145 11.536466
114 146 11.869697
114 147 10.997615
114 148 11.620599
114 149 11.879357
114 150 11.383718
114 151 11.902104
114 152 13.137408
114 153 10.921060
114 154 11.925727
114 155 11.050916
114 156 12.112179
114 157 12.366184
114 158 14.041166
114 159 13.510595
114 160 13.290608
114 161 11.875706
114 162 11.464789
114 163 12.282918
114 164 11.670337
114 165 13.194046
114 166 14.737322
114 167 14.598716
114 168 14.290142
114 169 13.988973
114 170 14.379339
114 171 14.065395
114 172 12.770025
114 173 14.798660
114 174 14.253377
114 175 12.002211
114 176 13.578885
114 177 12.748796
114 178 12.572042
114 179 11.216291
114 180 13.826638
114 181 12.261514
114 182 14.333414
114 183 11.571603
114 184 13.441712
114 185 11.272371
114 186 12.917921
114 187 12.571997
114 188 12.700841
114 189 13.686776
114 190 14.678217
114 191 14.670903
114 192 14.236578
114 193 11.258823
114 194 11.251512
114 195 14.625314
114 196 12.809154
114 197 11.862487
114 198 11.614423
114 199 13.285359
114 200 12.282298
115 0 14.790086
115 1 13.578495
115 2 12.820152
115 3 13.001686
115 4 13.952720
115 5 11.370923
115 6 12.333472
115 7 12.637948
115 8 12.609083
115 9 13.349572
115 10 14.763082
115 11 11.495338
115 12 13.549947
115 13 11.035388
115 14 10.934975
115 15 12.775389
115 16 14.418117
115 17 14.696226
115 18 12.827354
115 19 14.401081
115 20 11.582993
115 21 14.154365
115 22 13.274046
115 23 13.717617
115 24 11.197448
115 25 11.877139
115 26 13.076443
115 27 14.015549
115 28 14.170149
115 29 13.012149
115 30 13.623006
115 31 11.379850
115 32 12.205884
115 33 12.735412
115 34 14.731748
115 35 10.986369
115 36 11.254448
115 37 13.374175
115 38 14.065629
115 39 12.197772
115 40 14.352943
115 41 13.116315
115 42 11.780288
115 43 13.279072
115 44 14.442905
115 45 12.647555
115 46 11.454928
115 47 12.195138
115 48 13.035801
115 49 12.510414
115 50 11.399203
115 51 12.970571
115 52 14.818759
115 53 12.920764
115 54 14.305959
115 55 10.933424
115 56 12.179209
115 57 12.373310
115 58 12.151910
115 59 11.188838
115 60 14.117646
115 61 12.167387
115 62 11.756507
115 63 11.130726
115 64 12.840743
115 65 11.314805
115 66 12.567750
115 67 14.612310
115 68 13.895773
115 69 14.125912
115 70 13.554399
115 71 12.030559
115 72 11.134481
115 73 14.387385
115 74 14.683763
115 75 11.739710
115 76 14.818616
115 77 12.090134
115 78 11.940896
115 79 11.060513
115 80 11.764726
115 81 11.063970
115 82 11.209485
115 83 11.963936
115 84 13.292458
115 85 11.999626
115 86 13.674507
115 87 14.183371
115 88 11.360675
115 89 12.985238
115 90 11.602787
115 91 11.866351
115 92 11.141061
115 93 11.897525
115 94 12.967724
115 95 11.170095
115 96 14.158170
115 97 13.287452
115 98 11.059719
115 99 14.421088
115 100 14.502620
115 101 14.282040
115 102 11.502717
115 103 11.267117
115 104 13.375605
115 105 14.793984
115 106 12.792744
115 107 14.471469
115 108 14.513544
115 109 11.658606
115 110 14.674803
115 111 13.586884
115 112 14.454866
115 113 13.996089
115 114 11.619522
115 116 12.132489
115 117 12.233600
115 118 12.297972
115 119 12.424222
115 120 11.932761
115 121 13.190318
115 122 13.524191
115 123 12.804682
115 124 13.037518
115 125 11.990478
115 126 12.451219
115 127 13.500682
115 128 11.107016
115 129 11.894945
115 130 14.234461
115 131 13.027596
115 132 13.894247
115 133 14.545653
115 134 14.591215
115 135 14.525888
115 136 11.873622
115 137 13.368857
115 138 11.187755
115 139 11.683847
115 140 13.477240
115 141 12.887752
115 142 11.111219
115 143 14.241287
115 144 11.469852
115 145 12.823842
115 146 13.275190
115 147 13.422165
115 148 12.808698
115 149 10.962166
115 150 14.645218
115 151 14.219002
115 152 12.692717
115 153 11.331649
115 154 12.795321
115 155 11.168835
115 156 11.982279
115 157 12.006759
115 158 13.172658
115 159 13.769610
115 160 13.490003
115 161 11.665700
115 162 14.122386
115 163 11.084512
115 164 12.025499
115 165 14.387588
115 166 12.983741
115 167 14.441060
115 168 13.887164
115 169 13.241687
115 170 14.099930
115 171 12.464651
115 172 13.782845
115 173 12.562581
115 174 11.600169
115 175 11.073456
115 176 12.742990
115 177 11.441662
115 178 12.913385
115 179 14.803297
115 180 13.214062
115 181 11.772866
115 182 14.782302
115 183 13.237836
115 184 11.447596
115 185 12.689009
115 186 14.734583
115 187 14.412259
115 188 13.042089
115 189 14.129879
115 190 12.474583
115 191 13.567626
115 192 12.633256
115 193 13.611495
115 194 13.960497
115 195 14.799252
115 196 14.279507
115 197 11.101278
115 198 12.632035
115 199 12.369295
115 200 12.113157
116 0 13.317017
116 1 13.866761
116 2 12.203932
116 3 12.847465
116 4 11.935887
116 5 11.311751
116 6 12.642277
116 7 12.244437
116 8 11.164457
116 9 12.800139
116 10 11.078867
116 11 14.321726
116 12 11.417903
116 13 12.221924
116 14 12.924495
116 15 11.808274
116 16 14.225397
116 17 11.427360
116 18 11.604483
116 19 13.228350
116 20 13.992731
116 21 14.812772
116 22 14.174624
116 23 13.281764
116 24 13.207482
116 25 14.112156
116 26 11.062074
116 27 12.013721
116 28 11.484175
116 29 13.381888
116 30 14.641375
116 31 11.059155
116 32 11.659333
116 33 13.820832
116 34 14.290651
116 35 12.300970
116 36 11.451262
116 37 14.292050
116 38 11.119366
116 39 14.524824
116 40 12.546243
116 41 14.429554
116 42 13.694520
116 43 12.868353
116 44 11.544620
116 45 13.265270
116 46 11.118641
116 47 11.965348
116 48 14.049593
116 49 11.535422
116 50 11.847204
116 51 12.726988
116 52 13.589392
116 53 12.270821
116 54 14.230865
116 55 12.802051
116 56 13.068024
116 57 12.213811
116 58 11.996593
116 59 14.528519
116 60 12.095996
116 61 11.834376
116 62 13.863760
116 63 11.605319
116 64 11.467963
116 65 11.899297
116 66 11.345226
116 67 11.514951
116 68 11.365909
116 69 12.366297
116 70 13.992669
116 71 13.908912
116 72 11.202448
116 73 14.327789
116 74 13.720775
116 75 12.124804
116 76 11.786939
116 77 13.923657
116 78 13.513124
116 79 14.303892
116 80 12.656704
116 81 14.589888
116 82 13.066256
116 83 11.556021
116 84 12.617733
116 85 14.049064
116 86 11.913633
116 87 13.137038
116 88 11.575135
116 89 12.153761
116 90 14.012317
116 91 13.589865
116 92 11.944215
116 93 13.332117
116 94 12.150390
116 95 12.401954
116 96 13.802952
116 97 12.256371
116 98 14.709717
116 99 12.920853
116 100 12.373012
116 101 12.306181
116 102 11.884059
116 103 12.241665
116 104 13.724782
116 105 13.857900
116 106 11.844816
116 107 13.880371
116 108 12.155607
116 109 12.434208
116 110 11.094370
116 111 12.817201
116 112 13.500217
116 113 14.653219
116 114 11.904253
116 115 12.132489
116 117 13.468533
116 118 13.716533
116 119 14.408843
116 120 13.890461
116 121 14.379687
116 122 12.217425
116 123 11.546158
116 124 13.184339
116 125 11.602855
116 126 13.180398
116 127 13.775047
116 128 11.991554
116 129 11.832473
116 130 13.695834
116 131 11.770520
116 132 12.524815
116 133 11.669588
116 134 11.693484
116 135 11.447090
116 136 10.938892
116 137 13.446590
116 138 11.984650
116 139 13.498704
116 140 14.241735
116 141 13.526299
116 142 13.254130
116 143 13.378653
116 144 14.508649
116 145 12.679855
116 146 14.256232
116 147 14.205108
116 148 14.119663
116 149 11.930589
116 150 14.555958
116 151 13.947161
116 152 14.465433
116 153 14.332852
116 154 13.314726
116 155 13.912386
116 156 12.256826
116 157 13.562186
116 158 12.270370
116 159 12.582375
116 160 12.119706
116 161 13.212011
116 162 12.568216
116 163 14.718341
116 164 12.134262
116 165 11.141809
116 166 13.262111
116 167 14.543228
116 168 11.716620
116 169 14.518913
116 170 14.318536
116 171 11.576116
116 172 13.840522
116 173 12.788512
116 174 11.591282
116 175 13.286513
116 176 13.302969
116 177 12.208812
116 178 12.959314
116 179 11.097487
116 180 14.121069
116 181 14.676251
116 182 11.153982
116 183 11.238341
116 184 11.366378
116 185 14.177803
116 186 12.587343
116 187 12.274190
116 188 12.925990
116 189 11.171980
116 190 11.938784
116 191 11.753843
116 192 13.375718
116 193 12.560050
116 194 12.789203
116 195 11.002394
116 196 13.426811
116 197 13.406004
116 198 14.134702
116 199 13.378276
116 200 14.318311
117 0 14.522691
117 1 14.334793
117 2 12.023205
117 3 12.084876
117 4 12.699165
117 5 11.582876
117 6 11.864872
117 7 13.058634
117 8 12.285512
117 9 13.620686
117 10 11.083921
117 11 13.780157
117 12 13.582095
117 13 12.467272
117 14 12.557376
117 15 13.163553
117 16 13.655239
117 17 14.582663
117 18 14.111288
117 19 12.676775
117 20 11.007150
117 21 11.019308
117 22 12.794214
117 23 12.766817
117 24 13.662651
117 25 12.874139
117 26 12.104122
117 27 12.190636
117 28 12.560300
117 29 11.239544
117 30 13.402401
117 31 12.264398
117 32 12.723888
117 33 13.320904
117 34 14.791495
117 35 14.772506
117 36 11.046598
117 37 14.255396
117 38 12.891984
117 39 11.084798
117 40 13.247326
117 41 11.306094
117 42 13.538024
117 43 12.293541
117 44 13.414403
117 45 14.334443
117 46 14.408772
117 47 12.716995
117 48 12.528166
117 49 14.376912
117 50 12.675380
117 51 12.493883
117 52 14.017228
117 53 13.035859
117 54 11.724118
117 55 11.605455
117 56 14.008027
117 57 11.788955
117 58 13.751322
117 59 14.196446
117 60 13.328613
117 61 12.448191
117 62 14.730119
117 63 13.751736
117 64 10.982105
117 65 14.345215
117 66 12.833701
117 67 11.211586
117 68 14.819137
117 69 14.020479
117 70 13.818960
117 71 11.925334
117 72 10.945608
117 73 14.799300
117 74 12.255394
117 75 12.541896
117 76 12.468373
117 77 11.034140
117 78 14.421817
117 79 12.741160
117 80 11.347864
117 81 12.983602
117 82 12.121275
117 83 12.549785
117 84 14.338476
117 85 14.206215
117 86 13.281496
117 87 12.288664
117 88 13.929854
117 89 14.735455
117 90 11.780612
117 91 13.545736
117 92 13.876875
117 93 11.792572
117 94 13.943529
117 95 13.976520
117 96 13.188417
117 97 14.060345
117 98 12.758382
117 99 13.226326
117 100 11.467281
117 101 11.157766
117 102 12.795377
117 103 14.269824
117 104 11.018560
117 105 12.651578
117 106 10.978729
117 107 11.415313
117 108 13.236357
117 109 11.654144
117 110 13.395904
117 111 13.838358
117 112 10.922034
117 113 10.955954
117 114 11.725506
117 115 12.233600
117 116 13.468533
117 118 13.577871
117 119 12.590497
117 120 11.061337
117 121 13.105021
117 122 12.081668
117 123 14.201169
117 124 14.691239
117 125 13.259910
117 126 13.563851
117 127 13.736280
117 128 14.527416
117 129 13.232367
117 130 10.923684
117 131 14.710427
117 132 13.072050
117 133 12.637746
117 134 11.270198
117 135 12.792996
117 136 11.208955
117 137 13.785273
117 138 13.563590
117 139 12.934527
117 140 13.685684
117 141 12.017230
117 142 14.652412
117 143 12.967135
117 144 13.028704
117 145 14.096708
117 146 13.810173
117 147 13.837911
117 148 13.352078
117 149 14.210440
117 150 12.959821
117 151 12.566819
117 152 13.380370
117 153 12.066809
117 154 11.298464
117 155 11.729661
117 156 11.536165
117 157 12.652961
117 158 13.291752
117 159 14.767307
117 160 12.764923
117 161 14.185329
117 162 11.186796
117 163 11.224347
117 164 11.173370
117 165 12.968974
117 166 14.215278
117 167 11.325671
117 168 11.696670
117 169 13.639181
117 170 12.519152
117 171 12.062039
117 172 14.171557
117 173 12.794561
117 174 12.928199
117 175 12.748434
117 176 14.194289
117 177 14.616638
117 178 14.328237
117 179 12.394081
117 180 12.677693
117 181 12.043001
117 182 12.927564
117 183 12.228214
117 184 12.842683
117 185 12.162864
117 186 12.121995
117 187 13.185755
117 188 12.167724
117 189 13.441976
117 190 12.499228
117 191 12.310888
117 192 12.951472
117 193 13.005082
117 194 12.122700
117 195 13.613880
117 196 13.306572
117 197 14.419370
117 198 12.757236
117 199 13.051025
117 200 12.419187
118 0 12.599016
118 1 14.626493
118 2 11.724346
118 3 11.473344
118 4 13.251290
118 5 13.207737
118 6 14.441788
118 7 13.697224
118 8 13.392308
118 9 11.124444
118 10 13.425287
118 11 12.494956
118 12 13.122520
118 13 12.052941
118 14 14.006524
118 15 13.661126
118 16 11.818979
118 17 14.354008
118 18 13.143342
118 19 14.431489
118 20 12.090373
118 21 12.691143
118 22 13.555882
118 23 14.805668
118 24 11.277773
118 25 12.561977
118 26 12.971589
118 27 14.195009
118 28 13.119623
118 29 14.214199
118 30 11.640728
118 31 13.315037
118 32 13.272332
118 33 12.065888
118 34 11.494525
118 35 12.228054
118 36 11.899699
118 37 14.163182
118 38 14.222851
118 39 11.674047
118 40 12.616520
118 41 11.282937
118 42 11.089310
118 43 13.927664
118 44 14.345267
118 45 14.519142
118 46 14.705590
118 47 13.403593
118 48 11.117852
118 49 14.100938
118 50 13.471968
118 51 12.555798
118 52 12.338059
118 53 13.333776
118 54 13.797657
118 55 11.004656
118 56 11.198019
118 57 12.738480
118 58 12.486223
118 59 13.457044
118 60 11.473808
118 61 12.539699
118 62 11.704490
118 63 13.312458
118 64 14.475565
118 65 12.888936
118 66 13.164114
118 67 13.067540
118 68 13.911654
118 69 14.388775
118 70 12.269674
118 71 14.587622
118 72 11.687781
118 73 11.860344
118 74 14.185385
118 75 12.701663
118 76 11.283378
118 77 13.167552
118 78 14.677014
118 79 11.910872
118 80 11.167453
118 81 12.797470
118 82 12.575748
118 83 12.601134
118 84 11.406432
118 85 14.656113
118 86 13.115307
118 87 13.622647
118 88 11.875392
118 89 14.740694
118 90 12.266101
118 91 14.614655
118 92 11.665127
118 93 13.064797
118 94 12.049822
118 95 13.691495
118 96 11.658827
118 97 11.586430
118 98 12.172624
118 99 13.914871
118 100 12.833817
118 101 13.717997
118 102 11.316714
118 103 12.670337
118 104 13.974525
118 105 11.622883
118 106 11.784880
118 107 13.778882
118 108 11.531727
118 109 14.815816
118 110 14.353270
118 111 11.590235
118 112 14.461867
118 113 12.635759
118 114 11.200049
118 115 12.297972
118 116 13.716533
118 117 13.577871
118 119 12.646760
118 120 11.043801
118 121 14.275429
118 122 13.331394
118 123 14.646458
118 124 11.037884
118 125 13.741188
118 126 11.947211
118 127 12.039462
118 128 13.368616
118 129 13.341964
118 130 12.718796
118 131 11.138518
118 132 12.711695
118 133 14.376782
118 134 14.139663
118 135 13.749095
118 136 13.550373
118 137 14.798923
118 138 14.152691
118 139 12.684666
118 140 11.834023
118 141 12.825261
118 142 11.629161
118 143 13.965349
118 144 11.983256
118 145 14.103838
118 146 12.051395
118 147 11.627183
118 148 13.073750
118 149 13.160794
118 150 12.587862
118 151 14.209494
118 152 12.458223
118 153 11.936003
118 154 14.522858
118 155 12.340949
118 156 13.944519
118 157 10.955697
118 158 14.669451
118 159 11.017837
118 160 11.812294
118 161 12.255555
118 162 12.434526
118 163 12.202448
118 164 11.035950
118 165 12.980113
118 166 13.918714
118 167 14.185119
118 168 14.042800
118 169 14.718401
118 170 13.974812
118 171 11.527986
118 172 14.649244
118 173 12.853469
118 174 10.952194
118 175 11.443015
118 176 13.086787
118 177 12.377633
118 178 12.659605
118 179 11.009346
118 180 11.235121
118 181 13.944449
118 182 14.673922
118 183 11.748838
118 184 14.041094
118 185 13.712715
118 186 12.484576
118 187 12.143552
118 188 10.927677
118 189 14.004014
118 190 11.152322
118 191 12.907291
118 192 11.135191
118 193 12.748287
118 194 11.765994
118 195 14.276567
118 196 13.124141
118 197 11.022883
118 198 13.836928
118 199 13.646941
118 200 14.369477
119 0 11.637995
119 1 10.965507
119 2 12.345092
119 3 12.739431
119 4 11.876098
119 5 11.984332
119 6 12.495610
119 7 13.421885
119 8 11.517153
119 9 13.481007
119 10 13.966938
119 11 14.096621
119 12 12.827498
119 13 14.764325
119 14 12.515688
119 15 12.534610
119 16 11.252664
119 17 14.372989
119 18 12.781248
119 19 12.490202
119 20 11.218932
119 21 11.220050
119 22 12.988123
119 23 11.036893
119 24 14.403001
119 25 13.779988
119 26 11.248321
119 27 11.996116
119 28 11.610796
119 29 11.849169
119 30 10.966760
119 31 14.439032
119 32 12.149787
119 33 11.409695
119 34 11.183653
119 35 14.565958
119 36 13.337121
119 37 13.030450
119 38 11.273241
119 39 12.068928
119 40 11.101105
119 41 12.989137
119 42 14.561781
119 43 12.317362
119 44 13.066133
119 45 13.130381
119 46 13.207196
119 47 13.594095
119 48 12.252040
119 49 12.400626
119 50 11.880305
119 51 12.357761
119 52 13.702285
119 53 12.971559
119 54 14.732790
119 55 14.596918
119 56 14.634183
119 57 13.618608
119 58 14.472550
119 59 13.628256
119 60 11.036290
119 61 12.858679
119 62 13.386410
119 63 11.548495
119 64 11.117888
119 65 11.912094
119 66 12.298389
119 67 13.767409
119 68 11.527884
119 69 14.503686
119 70 12.998306
119 71 13.081766
119 72 14.462984
119 73 12.803506
119 74 13.706910
119 75 12.847154
119 76 13.271934
119 77 13.760299
119 78 11.347895
119 79 12.056210
119 80 13.037910
119 81 14.408752
119 82 14.336421
119 83 11.858632
119 84 12.211017
119 85 11.425011
119 86 11.970340
119 87 12.248186
119 88 11.305198
119 89 11.148079
119 90 13.910873
119 91 14.578940
119 92 11.935519
119 93 13.150493
119 94 12.001887
119 95 13.660595
119 96 14.049744
119 97 12.997720
119 98 13.223159
119 99 13.915088
119 100 14.559790
119 101 12.911928
119 102 12.167141
119 103 14.545689
119 104 12.495785
119 105 11.237368
119 106 12.629000
119 107 13.930940
119 108 12.026516
119 109 11.726260
119 110 13.072167
119 111 12.214183
119 112 13.931146
119 113 14.108273
119 114 14.093890
119 115 12.424222
119 116 14.408843
119 117 12.590497
119 118 12.646760
119 120 13.739218
119 121 11.786458
119 122 11.824096
119 123 13.029737
119 124 14.335462
119 125 14.009219
119 126 10.957346
119 127 13.856070
119 128 12.725650
119 129 12.417217
119 130 12.810759
119 131 12.327750
119 132 12.295163
119 133 13.300983
119 134 11.689461
119 135 13.845588
119 136 13.229831
119 137 11.479958
119 138 11.344313
119 139 11.932300
119 140 11.733184
119 141 12.817097
119 142 12.685040
119 143 14.249838
119 144 11.860177
119 145 11.686899
119 146 12.216350
119 147 13.378466
119 148 13.711308
119 149 14.009655
119 150 13.342480
119 151 13.026632
119 152 11.860110
119 153 13.043352
119 154 11.751960
119 155 13.371283
119 156 11.031353
119 157 12.446780
119 158 13.427770
119 159 13.453287
119 160 14.396926
119 161 13.013642
119 162 13.555272
119 163 12.671232
119 164 11.644687
119 165 11.284559
119 166 13.466467
119 167 13.868704
119 168 14.381652
119 169 13.990504
119 170 14.772137
119 171 13.508291
119 172 14.571814
119 173 13.516014
119 174 11.921848
119 175 11.366256
119 176 11.880921
119 177 14.076375
119 178 13.768928
119 179 11.526828
119 180 13.653128
119 181 14.460757
119 182 11.597830
119 183 12.548303
119 184 14.775772
119 185 14.423110
119 186 11.598044
119 187 14.420201
119 188 13.252287
119 189 11.019995
119 190 14.076196
119 191 11.324763
119 192 12.401724
119 193 13.328414
119 194 14.791833
119 195 12.099757
119 196 11.569974
119 197 11.279947
119 198 13.895514
119 199 12.292993
119 200 13.116305
120 0 13.370467
120 1 12.251328
120 2 11.259965
120 3 12.122554
120 4 12.225341
120 5 11.427118
120 6 13.062578
120 7 11.649982
120 8 12.986850
120 9 11.262845
120 10 12.251045
120 11 12.202039
120 12 12.098561
120 13 11.795372
120 14 11.698743
120 15 14.637018
120 16 12.325415
120 17 13.527770
120 18 14.311059
120 19 14.791570
120 20 11.411741
120 21 12.063468
120 22 12.317795
120 23 13.643031
120 24 13.915745
120 25 13.990906
120 26 12.796552
120 27 12.359989
120 28 13.103262
120 29 14.795789
120 30 11.161138
120 31 13.148769
120 32 12.949975
120 33 11.214044
120 34 12.702782
120 35 12.145269
120 36 12.631611
120 37 12.702705
120 38 13.387016
120 39 13.398370
120 40 12.353807
120 41 13.842395
120 42 14.347532
120 43 14.675195
120 44 13.661826
120 45 12.339420
120 46 12.798593
120 47 12.896181
120 48 14.213614
120 49 11.634654
120 50 12.193218
120 51 13.481449
120 52 11.165646
120 53 14.771115
120 54 13.077283
120 55 14.385632
120 56 12.239814
120 57 11.426275
120 58 11.796828
120 59 14.710782
120 60 12.674222
120 61 11.517918
120 62 13.211954
120 63 14.479360
120 64 11.001720
120 65 13.005388
120 66 11.869966
120 67 12.024345
120 68 12.692509
120 69 14.729303
120 70 12.702052
120 71 11.163679
120 72 13.487046
120 73 14.260890
120 74 13.467170
120 75 12.085536
120 76 13.931543
120 77 13.867182
120 78 12.117052
120 79 12.076394
120 80 13.353061
120 81 14.636123
120 82 12.963418
120 83 14.530166
120 84 11.838084
120 85 13.297546
120 86 11.961887
120 87 14.290608
120 88 11.835162
120 89 12.637818
120 90 13.354187
120 91 12.336186
120 92 11.128578
120 93 13.497409
120 94 13.252524
120 95 14.264496
120 96 10.931902
120 97 12.015086
120 98 11.680989
120 99 14.590984
120 100 13.770031
120 101 13.963957
120 102 13.690348
120 103 11.771734
120 104 12.569116
120 105 12.058635
120 106 11.863292
120 107 13.053394
120 108 11.878634
120 109 13.583826
120 110 14.347964
120 111 13.509558
120 112 13.067987
120 113 11.848768
120 114 13.100091
120 115 11.932761
120 116 13.890461
120 117 11.061337
120 118 11.043801
120 119 13.739218
120 121 11.982849
120 122 13.251879
120 123 11.129790
120 124 14.044869
120 125 11.083484
120 126 11.139956
120 127 12.446205
120 128 11.258259
120 129 12.535230
120 130 11.835311
120 131 13.424705
120 132 11.492072
120 133 11.602809
120 134 14.785775
120 135 12.460758
120 136 13.925538
120 137 11.553627
120 138 11.464795
120 139 14.563803
120 140 11.075916
120 141 11.640015
120 142 13.107370
120 143 11.062253
120 144 12.805984
120 145 12.368723
120 146 11.252021
120 147 13.776404
120 148 14.431438
120 149 11.156835
120 150 13.129436
120 151 11.392317
120 152 12.972503
120 153 14.802510
120 154 11.273848
120 155 14.446746
120 156 14.762031
120 157 12.059402
120 158 14.565803
120 159 11.187772
120 160 12.518190
120 161 12.887656
120 162 12.559925
120 163 12.865025
120 164 13.270454
120 165 11.538597
120 166 12.438414
120 167 14.182831
120 168 11.370605
120 169 14.325243
120 170 13.639815
120 171 12.658555
120 172 12.004674
120 173 14.767313
120 174 13.747764
120 175 13.202884
120 176 14.237302
120 177 11.056417
120 178 11.903718
120 179 10.936561
120 180 13.347830
120 181 14.550104
120 182 14.334837
120 183 11.671533
120 184 13.195819
120 185 12.475072
120 186 11.685336
120 187 12.025117
120 188 11.729966
120 189 10.929712
120 190 13.645120
120 191 14.024575
120 192 12.757377
120 193 12.500473
120 194 13.895424
120 195 13.398614
120 196 13.135353
120 197 11.525340
120 198 14.035623
120 199 11.948962
120 200 14.146827
121 0 12.092229
121 1 11.709809
121 2 12.847632
121 3 13.043512
121 4 11.079702
121 5 13.458885
121 6 11.799219
121 7 11.339646
121 8 12.536325
121 9 11.600165
121 10 11.612024
121 11 12.706348
121 12 14.225209
121 13 13.959753
121 14 13.506141
121 15 12.554174
121 16 12.629929
121 17 12.994389
121 18 14.698940
121 19 11.560452
121 20 13.074977
121 21 12.399663
121 22 12.292175
121 23 12.319219
121 24 11.239780
121 25 12.445797
121 26 12.323840
121 27 13.332946
121 28 11.993939
121 29 11.869609
121 30 12.435141
121 31 12.291913
121 32 11.530344
121 33 14.466296
121 34 11.750364
121 35 12.162183
121 36 10.969387
121 37 11.778487
121 38 13.067107
121 39 12.385354
121 40 13.135061
121 41 14.231308
121 42 14.675976
121 43 11.942952
121 44 12.905741
121 45 14.756599
121 46 12.725438
121 47 11.217248
121 48 12.146792
121 49 12.646219
121 50 12.858026
121 51 11.021535
121 52 14.578836
121 53 14.484180
121 54 13.396213
121 55 14.136682
121 56 14.322532
121 57 13.714578
121 58 13.832591
121 59 13.805224
121 60 13.177271
121 61 11.019821
121 62 13.822368
121 63 14.185578
121 64 13.675830
121 65 11.753017
121 66 11.059366
121 67 12.677000
121 68 13.708399
121 69 11.287934
121 70 14.125216
121 71 14.763363
121 72 13.505666
121 73 13.648010
121 74 14.224738
121 75 12.966157
121 76 11.543442
121 77 14.182256
121 78 14.301628
121 79 12.774398
121 80 12.070436
121 81 12.822737
121 82 13.596815
121 83 13.610894
121 84 13.799780
121 85 13.368556
121 86 14.250381
121 87 11.602109
121 88 11.999464
121 89 13.149250
121 90 12.853261
121 91 11.425211
121 92 11.209242
121 93 11.867339
121 94 11.933835
121 95 13.176914
121 96 14.330456
121 97 13.029052
121 98 14.756895
121 99 11.859192
121 100 13.562817
121 101 14.067219
121 102 11.353977
121 103 14.789742
121 104 13.206486
121 105 13.183699
121 106 14.031384
121 107 12.978925
121 108 14.691915
121 109 14.271724
121 110 11.108002
121 111 13.556864
121 112 11.053077
121 113 11.744083
121 114 11.813162
121 115 13.190318
121 116 14.379687
121 117 13.105021
121 118 14.275429
121 119 11.786458
121 120 11.982849
121 122 10.972760
121 123 14.481145
121 124 13.702994
121 125 11.274282
121 126 12.071856
121 127 14.125399
121 128 11.200745
121 129 11.457326
121 130 14.684458
121 131 13.297566
121 132 13.814352
121 133 11.739234
121 134 13.255239
121 135 13.466197
121 136 12.810373
121 137 14.403447
121 138 14.281778
121 139 14.172364
121 140 12.221120
121 141 10.953111
121 142 12.600016
121 143 13.421820
121 144 14.023806
121 145 14.788575
121 146 14.464778
121 147 10.972478
121 148 13.835997
121 149 13.793304
121 150 13.031161
121 151 12.628703
121 152 11.042534
121 153 14.234731
121 154 11.619232
121 155 12.027019
121 156 12.772706
121 157 13.777247
121 158 14.252431
121 159 12.802424
121 160 14.665412
121 161 11.040752
121 162 13.377458
121 163 13.329860
121 164 11.134963
121 165 12.146193
121 166 12.984529
121 167 12.636513
121 168 13.874263
121 169 12.827507
121 170 14.277436
121 171 12.870412
121 172 12.204200
121 173 12.368813
121 174 12.843879
121 175 12.463866
121 176 12.537241
121 177 12.125919
121 178 12.392923
121 179 14.709667
121 180 13.457649
121 181 11.741416
121 182 11.679047
121 183 13.648240
121 184 14.718399
121 185 13.868016
121 186 12.485208
121 187 14.479483
121 188 12.879885
121 189 13.467793
121 190 11.378719
121 191 11.026398
121 192 14.562949
121 193 12.433264
121 194 13.675962
121 195 10.935533
121 196 11.323207
121 197 11.940203
121 198 12.888727
121 199 14.139413
121 200 13.213726
122 0 11.038732
122 1 13.146633
122 2 12.379635
122 3 12.628900
122 4 11.133468
122 5 12.634757
122 6 11.263111
122 7 11.847764
122 8 13.653070
122 9 14.264788
122 10 12.388748
122 11 12.024486
122 12 13.668892
122 13 13.579513
122 14 11.829222
122 15 12.848882
122 16 13.621928
122 17 14.393567
122 18 14.336133
122 19 14.651988
122 20 11.983724
122 21 13.121513
122 22 12.308548
122 23 14.454803
122 24 11.281174
122 25 14.179766
122 26 11.260707
122 27 13.642694
122 28 12.621763
122 29 12.966963
122 30 12.521074
122 31 13.881833
122 32 13.555928
122 33 11.566945
122 34 13.177265
122 35 12.159158
122 36 11.794558
122 37 11.752509
122 38 12.724976
122 39 13.672921
122 40 11.197584
122 41 14.311789
122 42 11.610179
122 43 13.068313
122 44 13.723321
122 45 11.571388
122 46 12.601674
122 47 12.398240
122 48 13.564830
122 49 13.660232
122 50 14.751387
122 51 13.348613
122 52 13.225758
122 53 14.641227
122 54 13.747759
122 55 12.699535
122 56 13.663695
122 57 13.011956
122 58 14.624239
122 59 14.325413
122 60 12.417412
122 61 14.390458
122 62 14.448038
122 63 14.716259
122 64 12.630386
122 65 12.482325
122 66 12.325505
122 67 13.045782
122 68 14.761903
122 69 13.951336
122 70 14.724072
122 71 13.561571
122 72 12.447215
122 73 13.359229
122 74 14.467307
122 75 11.258650
122 76 14.460656
122 77 12.880356
122 78 11.252672
122 79 12.605309
122 80 12.815823
122 81 11.742000
122 82 13.786651
122 83 11.071822
122 84 11.800478
122 85 11.389329
122 86 11.986159
122 87 11.355101
122 88 14.203930
122 89 12.381585
122 90 11.524785
122 91 13.601599
122 92 12.668396
122 93 14.497214
122 94 13.360685
122 95 11.519212
122 96 14.455544
122 97 13.551365
122 98 13.776052
122 99 12.483519
122 100 13.195513
122 101 13.585162
122 102 13.467485
122 103 13.930234
122 104 13.724559
122 105 13.378741
122 106 13.366901
122 107 13.392531
122 108 12.563197
122 109 14.426180
122 110 13.019004
122 111 14.384051
122 112 13.302010
122 113 11.884079
122 114 11.037413
122 115 13.524191
122 116 12.217425
122 117 12.081668
122 118 13.331394
122 119 11.824096
122 120 13.251879
122 121 10.972760
122 123 11.658306
122 124 12.975171
122 125 12.162231
122 126 12.690606
122 127 12.948237
122 128 13.254423
122 129 12.697978
122 130 14.561439
122 131 13.697644
122 132 13.056259
122 133 12.942117
122 134 13.898604
122 135 13.040617
122 136 11.435426
122 137 12.218125
122 138 12.622157
122 139 10.996091
122 140 14.428772
122 141 11.465551
122 142 12.880292
122 143 11.647052
122 144 12.799293
122 145 14.507428
122 146 11.516537
122 147 13.721727
122 148 11.487996
122 149 13.561738
122 150 11.920744
122 151 13.726688
122 152 12.474663
122 153 13.441929
122 154 13.158959
122 155 11.782975
122 156 11.983532
122 157 14.332060
122 158 13.012745
122 159 12.898952
122 160 14.145804
122 161 14.188334
122 162 12.895783
122 163 10.945967
122 164 11.795713
122 165 13.448145
122 166 13.912848
122 167 11.842576
122 168 14.161132
122 169 12.483914
122 170 13.063327
122 171 12.861227
122 172 13.557414
122 173 11.761165
122 174 14.493897
122 175 14.342651
122 176 12.905357
122 177 10.941148
122 178 14.574389
122 179 12.981308
122 180 14.458450
122 181 12.963656
122 182 12.871354
122 183 12.327640
122 184 12.899761
122 185 12.438698
122 186 11.103664
122 187 13.764538
122 188 11.660163
122 189 11.385071
122 190 11.394564
122 191 11.696808
122 192 11.118357
122 193 12.090841
122 194 14.695122
122 195 13.159438
122 196 13.147586
122 197 11.253884
122 198 13.856085
122 199 11.527419
122 200 14.737147
123 0 11.690522
123 1 14.235025
123 2 11.744138
123 3 12.302446
123 4 12.268850
123 5 13.000544
123 6 11.653791
123 7 11.875074
123 8 12.344109
123 9 11.181573
123 10 12.083233
123 11 14.509767
123 12 11.798086
123 13 14.116218
123 14 11.680589
123 15 11.749507
123 16 11.295924
123 17 12.196994
123 18 12.002907
123 19 12.820331
123 20 12.873839
123 21 14.167544
123 22 13.617825
123 23 13.198782
123 24 13.688170
123 25 14.300274
123 26 11.342534
123 27 12.770344
123 28 12.790423
123 29 11.688851
123 30 13.484152
123 31 11.740957
123 32 14.197109
123 33 13.770003
123 34 11.023188
123 35 14.536185
123 36 14.661530
123 37 11.498620
123 38 11.184144
123 39 11.376701
123 40 13.131585
123 41 14.717341
123 42 13.698608
123 43 14.314160
123 44 13.530650
123 45 11.320827
123 46 10.934442
123 47 12.097096
123 48 12.129119
123 49 13.458467
123 50 12.176954
123 51 13.581601
123 52 13.004430
123 53 12.014515
123 54 12.691096
123 55 12.246404
123 56 11.090121
123 57 12.479459
123 58 13.866480
123 59 12.535355
123 60 13.229627
123 61 12.254310
123 62 12.182810
123 63 14.134432
123 64 12.629000
123 65 11.659605
123 66 11.309927
123 67 13.282433
123 68 12.360197
123 69 11.324960
123 70 13.725614
123 71 12.287636
123 72 13.720848
123 73 12.993043
123 74 12.469557
123 75 11.406119
123 76 12.823625
123 77 12.399952
123 78 14.653513
123 79 11.865241
123 80 13.991819
123 81 11.425414
123 82 13.239395
123 83 13.919864
123 84 11.844186
123 85 14.270934
123 86 13.478438
123 87 12.439452
123 88 14.671943
123 89 12.635402
123 90 14.064226
123 91 14.481809
123 92 11.939192
123 93 10.923163
123 94 14.140857
123 95 13.843151
123 96 12.695828
123 97 12.628412
123 98 12.746404
123 99 13.504141
123 100 13.378566
123 101 12.343900
123 102 14.369779
123 103 13.450295
123 104 12.075037
123 105 10.986407
123 106 12.388121
123 107 13.614419
123 108 13.852537
123 109 13.543067
123 110 13.737911
123 111 11.998977
123 112 11.088744
123 113 10.998349
123 114 11.601302
123 115 12.804682
123 116 11.546158
123 117 14.201169
123 118 14.646458
123 119 13.029737
123 120 11.129790
123 121 14.481145
123 122 11.658306
123 124 12.823120
123 125 12.729514
123 126 14.503943
123 127 11.315702
123 128 13.342213
123 129 13.404466
123 130 14.426514
123 131 14.697488
123 132 11.222377
123 133 13.471664
123 134 13.482025
123 135 13.020002
123 136 11.060500
123 137 13.187813
123 138 13.383735
123 139 13.550773
123 140 12.509037
123 141 12.061160
123 142 11.750130
123 143 13.760673
123 144 11.325061
123 145 11.715744
123 146 12.506992
123 147 12.352299
123 148 10.997559
123 149 13.010445
123 150 11.956677
123 151 13.604185
123 152 12.392462
123 153 13.165711
123 154 13.543752
123 155 11.849045
123 156 13.318513
123 157 11.762990
123 158 11.262309
123 159 13.058055
123 160 13.975273
123 161 13.104425
123 162 12.569278
123 163 13.446491
123 164 12.181165
123 165 13.650978
123 166 12.810167
123 167 12.247864
123 168 12.732829
123 169 11.518243
123 170 13.598187
123 171 13.415460
123 172 11.983466
123 173 12.798697
123 174 13.808011
123 175 12.540536
123 176 11.242914
123 177 10.921128
123 178 14.581903
123 179 13.718948
123 180 14.186306
123 181 12.193625
123 182 11.362497
123 183 12.107536
123 184 12.904335
123 185 12.882158
123 186 14.104478
123 187 11.816757
123 188 11.740869
123 189 12.555199
123 190 11.296862
123 191 14.517870
123 192 14.674984
123 193 13.913012
123 194 13.277232
123 195 10.967692
123 196 12.046322
123 197 11.011273
123 198 14.723759
123 199 13.897178
123 200 14.212934
124 0 14.508711
124 1 12.605056
124 2 12.949387
124 3 12.748849
124 4 14.762994
124 5 12.471907
124 6 11.268428
124 7 10.978711
124 8 14.339261
124 9 11.328348
124 10 12.924306
124 11 11.369136
124 12 12.482188
124 13 13.755300
124 14 13.446357
124 15 11.292459
124 16 13.047358
124 17 14.132343
124 18 13.410123
124 19 11.540328
124 20 13.488365
124 21 13.459785
124 22 14.081042
124 23 11.729604
124 24 11.619737
124 25 13.218682
124 26 14.041819
124 27 11.957284
124 28 12.712679
124 29 13.256422
124 30 14.524719
124 31 13.024192
124 32 12.179676
124 33 10.940640
124 34 11.038396
124 35 14.179835
124 36 14.704858
124 37 12.970230
124 38 13.572775
124 39 13.659461
124 40 14.230504
124 41 13.063190
124 42 14.476796
124 43 13.029461
124 44 11.064316
124 45 11.678946
124 46 11.276845
124 47 14.281405
124 48 14.119024
124 49 12.689588
124 50 14.549691
124 51 12.742279
124 52 12.540437
124 53 11.408427
124 54 12.497624
124 55 13.379817
124 56 14.682266
124 57 12.160282
124 58 11.944478
124 59 13.452705
124 60 11.383200
124 61 14.273742
124 62 12.047206
124 63 13.507534
124 64 13.012328
124 65 13.539642
124 66 13.204386
124 67 13.981334
124 68 11.794417
124 69 11.989712
124 70 11.970128
124 71 14.555579
124 72 11.658156
124 73 12.544038
124 74 11.805003
124 75 12.097282
124 76 11.285604
124 77 13.319600
124 78 14.111867
124 79 11.858763
124 80 13.130103
124 81 14.184747
124 82 13.843281
124 83 12.513008
124 84 13.412885
124 85 14.239156
124 86 13.298466
124 87 11.686744
124 88 11.505389
124 89 13.577193
124 90 12.254520
124 91 14.733833
124 92 13.163193
124 93 14.730037
124 94 12.335159
124 95 13.468129
124 96 11.701651
124 97 11.064311
124 98 11.196135
124 99 12.566893
124 100 12.676529
124 101 14.524201
124 102 13.196001
124 103 11.440339
124 104 14.203436
124 105 12.259784
124 106 14.597172
124 107 11.529803
124 108 11.907171
124 109 14.188846
124 110 11.704246
124 111 12.045749
124 112 12.456001
124 113 11.212656
124 114 14.536069
124 115 13.037518
124 116 13.184339
124 117 14.691239
124 118 11.037884
124 119 14.335462
124 120 14.044869
124 121 13.702994
124 122 12.975171
124 123 12.823120
124 125 11.680369
124 126 12.281296
124 127 13.228402
124 128 14.191172
124 129 12.902414
124 130 14.288257
124 131 13.416028
124 132 13.355826
124 133 10.981495
124 134 10.950103
124 135 11.953496
124 136 14.764271
124 137 14.170077
124 138 14.754012
124 139 12.409287
124 140 14.313518
124 141 12.082402
124 142 14.230204
124 143 13.477143
124 144 13.025872
124 145 14.164964
124 146 12.274416
124 147 12.032098
124 148 11.903604
124 149 11.629101
124 150 14.571519
124 151 11.220765
124 152 11.551579
124 153 11.720999
124 154 12.026931
124 155 11.866995
124 156 13.131344
124 157 13.394132
124 158 13.948930
124 159 11.159482
124 160 12.486834
124 161 11.125147
124 162 12.645424
124 163 14.446784
124 164 12.570212
124 165 14.785111
124 166 12.146302
124 167 11.869773
124 168 12.713819
124 169 12.357612
124 170 11.645692
124 171 13.045692
124 172 13.646932
124 173 12.059748
124 174 12.082951
124 175 11.260148
124 176 13.227663
124 177 14.526107
124 178 12.213533
124 179 13.433939
124 180 11.258053
124 181 13.276111
124 182 12.399134
124 183 13.345248
124 184 12.671947
124 185 13.548828
124 186 14.181479
124 187 11.999577
124 188 11.253612
124 189 11.173412
124 190 12.033349
124 191 13.033232
124 192 12.587746
124 193 11.702205
124 194 13.564204
124 195 14.171650
124 196 11.824410
124 197 13.761043
124 198 12.459965
124 199 14.464857
124 200 12.851779
125 0 11.283961
125 1 13.739386
125 2 11.305255
125 3 13.366133
125 4 12.307770
125 5 14.649682
125 6 14.072651
125 7 12.372098
125 8 14.780209
125 9 10.959324
125 10 13.244640
125 11 11.648796
125 12 13.698224
125 13 14.294471
125 14 11.821494
125 15 13.042667
125 16 11.352808
125 17 12.190343
125 18 13.793030
125 19 12.979754
125 20 12.662003
125 21 11.241910
125 22 14.760054
125 23 11.462337
125 24 14.588406
125 25 14.259956
125 26 12.463417
125 27 11.380974
125 28 11.483793
125 29 13.337191
125 30 14.620026
125 31 12.279746
125 32 14.612613
125 33 12.575132
125 34 11.119055
125 35 12.593070
125 36 11.399496
125 37 11.466058
125 38 14.366151
125 39 13.871504
125 40 14.045198
125 41 11.604826
125 42 11.564110
125 43 14.720392
125 44 11.657592
125 45 12.720694
125 46 11.415450
125 47 13.829978
125 48 13.273228
125 49 10.951048
125 50 14.711112
125 51 14.084574
125 52 11.715044
125 53 11.249499
125 54 14.604374
125 55 12.357051
125 56 13.632804
125 57 13.872881
125 58 11.226897
125 59 12.987951
125 60 11.406626
125 61 14.384388
125 62 11.975438
125 63 13.147379
125 64 13.371633
125 65 12.139399
125 66 13.081953
125 67 13.728228
125 68 11.024875
125 69 13.756064
125 70 11.129571
125 71 14.405840
125 72 11.378125
125 73 13.080959
125 74 13.902043
125 75 11.222710
125 76 13.187343
125 77 14.055763
125 78 10.992509
125 79 12.633235
125 80 10.979630
125 81 13.201947
125 82 11.028034
125 83 14.649171
125 84 11.675121
125 85 13.015160
125 86 14.627793
125 87 12.936524
125 88 13.992677
125 89 13.184058
125 90 14.456559
125 91 13.724701
125 92 12.241160
125 93 14.710926
125 94 11.614186
125 95 11.879339
125 96 13.046402
125 97 13.732728
125 98 10.923311
125 99 13.190482
125 100 11.554647
125 101 14.291567
125 102 11.585521
125 103 11.743729
125 104 13.676750
125 105 13.411067
125 106 12.127011
125 107 14.029960
125 108 12.822010
125 109 13.988687
125 110 14.102931
125 111 12.710569
125 112 13.991311
125 113 12.530323
125 114 14.173702
125 115 11.990478
125 116 11.602855
125 117 13.259910
125 118 13.741188
125 119 14.009219
125 120 11.083484
125 121 11.274282
125 122 12.162231
125 123 12.729514
125 124 11.680369
125 126 13.268210
125 127 11.716300
125 128 14.019252
125 129 11.112577
125 130 13.249925
125 131 11.769994
125 132 14.347765
125 133 13.355597
125 134 12.106252
125 135 14.305234
125 136 12.327692
125 137 12.548491
125 138 12.897717
125 139 12.460041
125 140 11.410004
125 141 12.259937
125 142 13.400447
125 143 10.992735
125 144 13.811935
125 145 12.162260
125 146 12.688419
125 147 12.500355
125 148 12.042568
125 149 13.671622
125 150 11.630453
125 151 13.268626
125 152 13.799382
125 153 14.264790
125 154 13.806231
125 155 14.578023
125 156 14.263001
125 157 11.436262
125 158 13.223175
125 159 12.875583
125 160 12.539785
125 161 13.637169
125 162 14.239314
125 163 14.695845
125 164 13.019525
125 165 12.946817
125 166 12.618868
125 167 13.716376
125 168 14.325717
125 169 12.632033
125 170 13.869960
125 171 14.231024
125 172 11.597659
125 173 11.872094
125 174 14.285035
125 175 11.196733
125 176 12.849035
125 177 12.437219
125 178 14.125198
125 179 12.077158
125 180 14.572297
125 181 11.809332
125 182 13.599602
125 183 14.045202
125 184 11.478461
125 185 12.908271
125 186 14.761985
125 187 11.654390
125 188 13.126189
125 189 14.341850
125 190 12.842598
125 191 14.176260
125 192 14.005060
125 193 12.895937
125 194 14.523441
125 195 13.343549
125 196 14.363969
125 197 12.250923
125 198 12.179886
125 199 13.508620
125 200 13.817961
126 0 13.066144
126 1 11.155595
126 2 14.095585
126 3 11.693057
126 4 13.018093
126 5 11.557141
126 6 13.296535
126 7 13.782612
126 8 13.123113
126 9 14.470997
126 10 12.019638
126 11 12.943509
126 12 11.638412
126 13 11.080231
126 14 14.444295
126 15 13.240029
126 16 13.394405
126 17 11.246511
126 18 14.627566
126 19 12.438556
126 20 14.491211
126 21 11.082403
126 22 10.934692
126 23 11.320539
126 24 12.316690
126 25 12.361351
126 26 11.288194
126 27 12.270584
126 28 11.739343
126 29 13.186696
126 30 13.751410
126 31 12.777226
126 32 11.359696
126 33 14.633554
126 34 13.928061
126 35 12.508772
126 36 13.943286
126 37 13.173718
126 38 14.133767
126 39 11.170415
126 40 13.271014
126 41 14.542921
126 42 13.801115
126 43 13.736852
126 44 11.804613
126 45 11.525043
126 46 13.878171
126 47 13.780790
126 48 14.345581
126 49 11.374451
126 50 13.801456
126 51 12.353400
126 52 14.638873
126 53 13.287530
126 54 11.364184
126 55 13.468034
126 56 12.765277
126 57 13.350968
126 58 13.978128
126 59 11.653523
126 60 14.112706
126 61 11.738066
126 62 13.518059
126 63 11.011568
126 64 11.898211
126 65 14.088874
126 66 10.948385
126 67 11.391252
126 68 11.278630
126 69 13.726147
126 70 13.800139
126 71 11.864999
126 72 13.849003
126 73 14.195437
126 74 12.321164
126 75 12.987009
126 76 11.213239
126 77 11.187275
126 78 12.294194
126 79 14.536517
126 80 10.943327
126 81 13.836372
126 82 12.468150
126 83 14.535862
126 84 13.371939
126 85 11.152340
126 86 12.393985
126 87 14.527891
126 88 14.142388
126 89 11.901240
126 90 11.812982
126 91 14.124465
126 92 13.780923
126 93 12.177478
126 94 13.891437
126 95 13.738287
126 96 14.557261
126 97 12.031904
126 98 13.037365
126 99 11.084366
126 100 13.338974
126 101 12.523207
126 102 14.263992
126 103 12.682497
126 104 13.183429
126 105 12.292237
126 106 12.638375
126 107 12.153536
126 108 12.489116
126 109 11.098976
126 110 12.788968
126 111 13.191545
126 112 13.008380
126 113 14.016683
126 114 12.407496
126 115 12.451219
126 116 13.180398
126 117 13.563851
126 118 11.947211
126 119 10.957346
126 120 11.139956
126 121 12.071856
126 122 12.690606
126 123 14.503943
126 124 12.281296
126 125 13.268210
126 127 14.737568
126 128 13.172994
126 129 11.138486
126 130 12.729112
126 131 13.862457
126 132 14.641231
126 133 12.262094
126 134 13.846148
126 135 13.196085
126 136 14.049772
126 137 14.123748
126 138 12.053203
126 139 13.250757
126 140 13.864889
126 141 12.354585
126 142 14.258178
126 143 12.077792
126 144 13.223050
126 145 11.158447
126 146 12.640376
126 147 11.300863
126 148 13.070143
126 149 11.239204
126 150 13.643547
126 151 11.303823
126 152 11.170163
126 153 13.462274
126 154 13.415149
126 155 13.812828
126 156 13.622590
126 157 12.063272
126 158 11.259876
126 159 11.993825
126 160 12.516174
126 161 12.700511
126 162 14.106921
126 163 14.205079
126 164 11.541710
126 165 13.893123
126 166 11.562709
126 167 13.530131
126 168 12.637757
126 169 14.384782
126 170 13.534823
126 171 13.175635
126 172 14.094758
126 173 11.181261
126 174 12.899949
126 175 12.200751
126 176 11.785164
126 177 11.728152
126 178 11.298076
126 179 12.686462
126 180 11.993548
126 181 11.252127
126 182 14.198103
126 183 14.174057
126 184 12.745422
126 185 14.194831
126 186 13.393311
126 187 13.572392
126 188 14.515923
126 189 11.991400
126 190 11.334786
126 191 12.944505
126 192 14.479070
126 193 14.176307
126 194 12.250785
126 195 11.571613
126 196 14.561525
126 197 14.778512
126 198 11.473245
126 199 11.139484
126 200 12.569317
127 0 11.003205
127 1 13.335953
127 2 12.590992
127 3 11.319345
127 4 14.407883
127 5 12.169152
127 6 14.483390
127 7 12.760439
127 8 14.624303
127 9 13.170711
127 10 13.883748
127 11 13.963265
127 12 13.701026
127 13 14.733366
127 14 11.449243
127 15 13.178915
127 16 14.103106
127 17 11.641084
127 18 11.559387
127 19 13.317671
127 20 14.118283
127 21 14.348445
127 22 13.524966
127 23 12.237592
127 24 10.939026
127 25 13.052271
127 26 14.657360
127 27 13.078260
127 28 11.801221
127 29 12.496308
127 30 11.140689
127 31 12.624138
127 32 11.255375
127 33 12.456783
127 34 14.254383
127 35 13.427542
127 36 12.555221
127 37 12.026889
127 38 13.412375
127 39 11.128972
127 40 14.409478
127 41 12.311326
127 42 14.802050
127 43 14.312697
127 44 14.711792
127 45 12.609812
127 46 12.750313
127 47 13.680363
127 48 13.070230
127 49 13.989021
127 50 14.570833
127 51 14.101983
127 52 12.968249
127 53 11.346678
127 54 11.541652
127 55 11.439539
127 56 12.314038
127 57 10.931992
127 58 12.032329
127 59 12.378811
127 60 13.520907
127 61 14.007987
127 62 11.743390
127 63 13.218655
127 64 12.274954
127 65 13.492340
127 66 13.961626
127 67 12.816203
127 68 12.880049
127 69 11.881915
127 70 11.463802
127 71 14.092130
127 72 14.487008
127 73 11.465349
127 74 14.650657
127 75 13.548125
127 76 13.161403
127 77 12.743902
127 78 13.764202
127 79 12.664952
127 80 11.806474
127 81 13.603208
127 82 12.878559
127 83 12.298342
127 84 14.093052
127 85 14.389567
127 86 13.152099
127 87 12.806327
127 88 13.163805
127 89 12.018047
127 90 12.520877
127 91 13.049305
127 92 11.628880
127 93 12.758747
127 94 13.875829
127 95 11.972659
127 96 11.167367
127 97 11.695733
127 98 13.171419
127 99 11.460559
127 100 14.647694
127 101 13.832399
127 102 13.664791
127 103 14.032995
127 104 11.335071
127 105 11.411043
127 106 13.823755
127 107 11.422907
127 108 12.952377
127 109 14.513165
127 110 11.887115
127 111 14.126270
127 112 14.512181
127 113 12.075151
127 114 12.841722
127 115 13.500682
127 116 13.775047
127 117 13.736280
127 118 12.039462
127 119 13.856070
127 120 12.446205
127 121 14.125399
127 122 12.948237
127 123 11.315702
127 124 13.228402
127 125 11.716300
127 126 14.737568
127 128 14.022133
127 129 14.480153
127 130 12.265168
127 131 14.165927
127 132 11.310893
127 133 12.273469
127 134 12.742818
127 135 12.794053
127 136 11.757422
127 137 14.570950
127 138 11.189369
127 139 14.725911
127 140 13.421221
127 141 11.090186
127 142 11.744384
127 143 14.714103
127 144 12.547521
127 145 10.960032
127 146 12.260739
127 147 10.959177
127 148 13.038579
127 149 12.163827
127 150 13.902449
127 151 12.850263
127 152 12.034654
127 153 12.451157
127 154 12.118085
127 155 14.755854
127 156 11.867717
127 157 11.385618
127 158 13.738072
127 159 13.933387
127 160 12.648792
127 161 13.296015
127 162 11.597394
127 163 11.359193
127 164 13.901142
127 165 13.437681
127 166 11.588522
127 167 11.505540
127 168 12.481349
127 169 11.072384
127 170 14.157267
127 171 14.615005
127 172 13.864432
127 173 12.555287
127 174 10.948498
127 175 11.459375
127 176 14.337725
127 177 12.485348
127 178 13.025812
127 179 12.044457
127 180 11.282985
127 181 14.609194
127 182 11.414680
127 183 12.777608
127 184 14.128092
127 185 13.854260
127 186 13.183297
127 187 13.357512
127 188 13.692826
127 189 13.073714
127 190 14.340124
127 191 13.637610
127 192 14.797071
127 193 12.441208
127 194 14.623288
127 195 11.152470
127 196 11.878243
127 197 11.088292
127 198 12.225274
127 199 11.744688
127 200 12.026584
128 0 14.575624
128 1 13.767603
128 2 14.266639
128 3 14.015131
128 4 12.566646
128 5 11.637562
128 6 13.187775
128 7 13.544929
128 8 12.213363
128 9 10.962147
128 10 12.753421
128 11 13.978304
128 12 11.899874
128 13 11.625873
128 14 11.851587
128 15 14.613025
128 16 11.931354
128 17 13.082064
128 18 14.610203
128 19 11.637154
128 20 11.031209
128 21 12.115518
128 22 13.640781
128 23 13.960302
128 24 13.431875
128 25 11.447393
128 26 11.111830
128 27 11.064732
128 28 11.292158
128 29 11.236957
128 30 12.898918
128 31 13.039267
128 32 14.501891
128 33 13.547320
128 34 13.149672
128 35 11.278392
128 36 14.172515
128 37 12.507354
128 38 11.935948
128 39 14.178270
128 40 13.472645
128 41 11.629118
128 42 13.575687
128 43 13.765577
128 44 11.890322
128 45 10.925713
128 46 11.927577
128 47 11.773387
128 48 12.452950
128 49 13.183266
128 50 11.589912
128 51 14.727394
128 52 13.423550
128 53 12.215935
128 54 12.092807
128 55 13.609103
128 56 13.150652
128 57 11.259237
128 58 13.586835
128 59 14.455044
128 60 11.328421
128 61 11.492372
128 62 12.704356
128 63 14.246879
128 64 10.956791
128 65 12.979081
128 66 11.582409
128 67 12.553937
128 68 13.445508
128 69 14.817340
128 70 14.516166
128 71 14.498991
128 72 14.608088
128 73 13.180897
128 74 14.475285
128 75 11.293214
128 76 11.628657
128 77 11.284578
128 78 13.258377
128 79 13.311873
128 80 14.070872
128 81 12.293673
128 82 11.412437
128 83 11.184762
128 84 13.673057
128 85 13.630951
128 86 11.856538
128 87 11.947752
128 88 12.187435
128 89 14.149822
128 90 13.766598
128 91 12.107466
128 92 12.384003
128 93 13.702434
128 94 14.154864
128 95 14.392601
128 96 12.254510
128 97 11.018822
128 98 12.769400
128 99 11.251050
128 100 13.517763
128 101 13.380334
128 102 12.219104
128 103 12.675232
128 104 14.541975
128 105 11.413219
128 106 13.510742
128 107 13.835848
128 108 13.052880
128 109 11.259097
128 110 13.032359
128 111 11.764327
128 112 11.610288
128 113 14.752775
128 114 12.535626
128 115 11.107016
128 116 11.991554
128 117 14.527416
128 118 13.368616
128 119 12.725650
128 120 11.258259
128 121 11.200745
128 122 13.254423
128 123 13.342213
128 124 14.191172
128 125 14.019252
128 126 13.172994
128 127 14.022133
128 129 13.650802
128 130 13.442021
128 131 11.737326
128 132 13.123822
128 133 14.269618
128 134 11.101416
128 135 13.941194
128 136 13.057714
128 137 12.665746
128 138 11.759798
128 139 11.401460
128 140 14.551143
128 141 12.671278
128 142 11.546469
128 143 12.376565
128 144 14.532756
128 145 12.120365
128 146 11.247605
128 147 13.479056
128 148 12.514822
128 149 14.365639
128 150 12.047226
128 151 12.354291
128 152 14.454468
128 153 14.809470
128 154 12.869234
128 155 13.888403
128 156 12.620270
128 157 11.545703
128 158 11.136850
128 159 11.448917
128 160 11.029130
128 161 12.949405
128 162 14.439439
128 163 12.962136
128 164 14.537463
128 165 13.143130
128 166 11.146966
128 167 13.568543
128 168 13.394224
128 169 12.581386
128 170 12.076788
128 171 11.500787
128 172 13.693945
128 173 13.868417
128 174 11.481863
128 175 12.108794
128 176 14.803662
128 177 12.439196
128 178 13.090859
128 179 11.400488
128 180 12.408096
128 181 13.032443
128 182 13.756701
128 183 12.288998
128 184 12.341117
128 185 12.323401
128 186 13.042465
128 187 12.597146
128 188 11.614737
128 189 11.925943
128 190 14.641779
128 191 10.954039
128 192 11.583592
128 193 10.950164
128 194 12.351600
128 195 14.818985
128 196 11.664415
128 197 13.289327
128 198 14.414721
128 199 12.222510
128 200 13.451168
129 0 11.962196
129 1 13.275315
129 2 14.800658
129 3 14.551512
129 4 13.949317
129 5 13.671161
129 6 14.328613
129 7 12.064411
129 8 11.176217
129 9 13.074454
129 10 12.977817
129 11 11.497422
129 12 12.482013
129 13 12.692715
129 14 12.405494
129 15 12.779110
129 16 13.898534
129 17 12.271603
129 18 13.596204
129 19 11.279084
129 20 14.233848
129 21 11.916501
129 22 11.537042
129 23 14.507648
129 24 14.328020
129 25 14.375494
129 26 11.130104
129 27 14.362787
129 28 13.186385
129 29 14.313177
129 30 11.441798
129 31 13.132990
129 32 14.319885
129 33 12.620337
129 34 14.565201
129 35 12.484774
129 36 12.625025
129 37 14.596038
129 38 12.119885
129 39 10.949109
129 40 14.025217
129 41 13.885187
129 42 12.010709
129 43 13.304608
129 44 13.445363
129 45 13.277839
129 46 13.308530
129 47 13.718253
129 48 13.358535
129 49 14.048218
129 50 13.244374
129 51 14.738735
129 52 11.426746
129 53 11.418961
129 54 12.752409
129 55 13.466605
129 56 11.408362
129 57 13.512450
129 58 13.361151
129 59 12.332212
129 60 13.665536
129 61 12.373616
129 62 11.357927
129 63 12.863118
129 64 13.757933
129 65 14.456639
129 66 11.940986
129 67 13.206407
129 68 12.483044
129 69 14.744897
129 70 11.502144
129 71 11.050063
129 72 13.215575
129 73 12.290885
129 74 13.441449
129 75 12.098420
129 76 13.662550
129 77 12.935941
129 78 14.780828
129 79 12.245713
129 80 12.971613
129 81 14.086441
129 82 11.906077
129 83 14.483904
129 84 12.188574
129 85 14.061817
129 86 12.846570
129 87 12.566078
129 88 11.881360
129 89 12.207353
129 90 11.586598
129 91 13.005954
129 92 14.705875
129 93 11.459467
129 94 14.462833
129 95 13.489312
129 96 13.733283
129 97 12.547946
129 98 12.159210
129 99 13.375825
129 100 12.361498
129 101 12.220092
129 102 11.057034
129 103 14.221694
129 104 12.686918
129 105 13.608846
129 106 12.676579
129 107 12.312164
129 108 13.753125
129 109 13.686231
129 110 13.947161
129 111 12.962873
129 112 13.074779
129 113 11.906372
129 114 11.699557
129 115 11.894945
129 116 11.832473
129 117 13.232367
129 118 13.341964
129 119 12.417217
129 120 12.535230
129 121 11.457326
129 122 12.697978
129 123 13.404466
129 124 12.902414
129 125 11.112577
129 126 11.138486
129 127 14.480153
129 128 13.650802
129 130 11.004503
129 131 11.015662
129 132 12.817732
129 133 12.914437
129 134 11.763742
129 135 12.702165
129 136 12.247589
129 137 12.785453
129 138 13.348518
129 139 13.484862
129 140 12.312785
129 141 14.602478
129 142 13.174901
129 143 11.515879
129 144 14.756743
129 145 13.500238
129 146 12.914189
129 147 11.994887
129 148 13.324558
129 149 12.682520
129 150 14.163983
129 151 11.658771
129 152 12.643268
129 153 13.532007
129 154 14.012022
129 155 12.996981
129 156 12.052990
129 157 12.041867
129 158 14.460432
129 159 12.706598
129 160 12.929435
129 161 14.195419
129 162 13.569801
129 163 11.109330
129 164 13.938205
129 165 14.174510
129 166 14.780260
129 167 11.716365
129 168 12.752390
129 169 12.650938
129 170 11.525940
129 171 12.645183
129 172 14.126993
129 173 11.489507
129 174 12.538504
129 175 14.381004
129 176 12.314514
129 177 14.190392
129 178 11.471924
129 179 12.640507
129 180 12.092848
129 181 13.002480
129 182 13.894595
129 183 14.755310
129 184 11.275573
129 185 12.740078
129 186 12.693358
129 187 11.856757
129 188 13.257905
129 189 14.239419
129 190 12.531980
129 191 14.135447
129 192 13.286296
129 193 11.284068
129 194 13.217526
129 195 11.324064
129 196 14.588549
129 197 13.924216
129 198 11.177677
129 199 13.335594
129 200 10.952008
130 0 13.404937
130 1 12.268457
130 2 11.329452
130 3 11.067181
130 4 12.119281
130 5 11.809112
130 6 13.639536
130 7 11.925631
130 8 13.292220
130 9 13.244829
130 10 12.271646
130 11 13.758166
130 12 13.761538
130 13 13.215435
130 14 11.933202
130 15 14.085706
130 16 14.255855
130 17 14.315415
130 18 13.345214
130 19 11.831354
130 20 14.141461
130 21 11.144623
130 22 11.323856
130 23 11.610698
130 24 11.749929
130 25 12.945152
130 26 13.519900
130 27 13.746451
130 28 11.638401
130 29 14.461175
130 30 11.859496
130 31 12.117856
130 32 12.013051
130 33 11.926387
130 34 14.310966
130 35 13.106815
130 36 10.964394
130 37 12.496300
130 38 13.371629
130 39 11.501159
130 40 12.148219
130 41 11.702328
130 42 12.861162
130 43 11.143505
130 44 11.630878
130 45 11.463952
130 46 13.147863
130 47 13.316272
130 48 14.149375
130 49 13.779755
130 50 11.612203
130 51 12.133378
130 52 14.069998
130 53 14.361726
130 54 14.149513
130 55 11.376193
130 56 12.929368
130 57 12.178393
130 58 11.197612
130 59 12.411089
130 60 10.986040
130 61 13.518497
130 62 12.436371
130 63 11.046829
130 64 13.322019
130 65 11.009302
130 66 14.700460
130 67 11.804378
130 68 12.325334
130 69 13.936873
130 70 13.728355
130 71 12.579616
130 72 12.678211
130 73 13.110512
130 74 14.439592
130 75 14.551473
130 76 13.007234
130 77 11.574764
130 78 11.078331
130 79 13.348058
130 80 12.193980
130 81 13.315664
130 82 11.703175
130 83 10.987607
130 84 14.048080
130 85 12.241062
130 86 11.543118
130 87 12.470963
130 88 13.008383
130 89 14.289101
130 90 13.045458
130 91 12.503856
130 92 12.203269
130 93 14.737112
130 94 11.404384
130 95 11.721791
130 96 14.242771
130 97 14.105499
130 98 11.214957
130 99 13.011893
130 100 14.026264
130 101 13.917320
130 102 13.053451
130 103 12.813942
130 104 11.377300
130 105 13.000718
130 106 12.034419
130 107 12.781567
130 108 12.874191
130 109 12.661678
130 110 12.488619
130 111 12.274319
130 112 13.569026
130 113 14.771575
130 114 13.016463
130 115 14.234461
130 116 13.695834
130 117 10.923684
130 118 12.718796
130 119 12.810759
130 120 11.835311
130 121 14.684458
130 122 14.561439
130 123 14.426514
130 124 14.288257
130 125 13.249925
130 126 12.729112
130 127 12.265168
130 128 13.442021
130 129 11.004503
130 131 11.243336
130 132 12.393041
130 133 12.244995
130 134 12.952931
130 135 13.234540
130 136 11.782197
130 137 13.689336
130 138 14.297856
130 139 11.382509
130 140 12.288746
130 141 12.595584
130 142 13.514467
130 143 11.719115
130 144 13.679659
130 145 12.851643
130 146 13.080913
130 147 12.931379
130 148 14.681613
130 149 11.417800
130 150 13.912245
130 151 13.185010
130 152 11.712443
130 153 13.426591
130 154 11.113842
130 155 12.860501
130 156 12.911493
130 157 12.291756
130 158 12.794314
130 159 13.853410
130 160 12.471338
130 161 12.645920
130 162 14.006478
130 163 12.551512
130 164 12.496085
130 165 14.196648
130 166 12.050899
130 167 12.476113
130 168 11.579053
130 169 12.646797
130 170 12.939373
130 171 14.294575
130 172 13.659024
130 173 14.579300
130 174 11.745717
130 175 12.038626
130 176 13.102370
130 177 12.023542
130 178 13.839639
130 179 12.441432
130 180 13.377058
130 181 13.191814
130 182 13.764904
130 183 10.943317
130 184 11.714323
130 185 12.411450
130 186 11.277654
130 187 14.264859
130 188 14.023730
130 189 12.403894
130 190 11.565072
130 191 14.473107
130 192 14.265015
130 193 12.014632
130 194 11.531701
130 195 12.277542
130 196 12.783126
130 197 12.525464
130 198 14.569293
130 199 11.881422
130 200 10.935756
131 0 12.363315
131 1 14.669172
131 2 13.103974
131 3 11.307277
131 4 11.348184
131 5 12.259214
131 6 14.092596
131 7 13.989493
131 8 12.594144
131 9 11.926460
131 10 14.539711
131 11 11.177879
131 12 13.892753
131 13 12.412868
131 14 13.800358
131 15 14.440055
131 16 12.203909
131 17 14.320485
131 18 12.682656
131 19 14.273477
131 20 12.659963
131 21 12.776453
131 22 14.437203
131 23 14.074987
131 24 14.732510
131 25 13.329973
131 26 11.213591
131 27 13.310130
131 28 13.594618
131 29 13.423619
131 30 12.960309
131 31 12.929419
131 32 14.330888
131 33 12.966192
131 34 14.677155
131 35 12.206063
131 36 12.363059
131 37 12.523346
131 38 13.431783
131 39 12.088435
131 40 13.306502
131 41 13.957997
131 42 11.777167
131 43 12.703588
131 44 11.865048
131 45 12.625852
131 46 11.650944
131 47 12.015294
131 48 13.159634
131 49 11.732462
131 50 14.554504
131 51 12.524908
131 52 14.020183
131 53 14.631829
131 54 12.838490
131 55 12.898020
131 56 13.936825
131 57 11.399690
131 58 13.229720
131 59 13.873028
131 60 13.885354
131 61 12.275476
131 62 11.069440
131 63 14.137293
131 64 12.503416
131 65 11.550892
131 66 11.491186
131 67 12.251120
131 68 12.671148
131 69 11.421848
131 70 11.578213
131 71 11.132022
131 72 13.551194
131 73 14.029857
131 74 13.792706
131 75 12.575822
131 76 14.060254
131 77 11.046600
131 78 11.175044
131 79 14.205367
131 80 11.995858
131 81 13.437399
131 82 12.512110
131 83 12.392015
131 84 11.789444
131 85 14.290917
131 86 13.639375
131 87 14.780510
131 88 11.285448
131 89 14.165081
131 90 11.860439
131 91 11.198665
131 92 14.596599
131 93 13.477916
131 94 12.109676
131 95 14.767121
131 96 13.316728
131 97 14.336336
131 98 13.879691
131 99 13.170447
131 100 14.383447
131 101 13.803892
131 102 12.213124
131 103 11.165120
131 104 11.091589
131 105 13.653646
131 106 13.742708
131 107 11.161225
131 108 14.215069
131 109 12.865929
131 110 11.556502
131 111 13.443658
131 112 11.709722
131 113 13.740954
131 114 13.128143
131 115 13.027596
131 116 11.770520
131 117 14.710427
131 118 11.138518
131 119 12.327750
131 120 13.424705
131 121 13.297566
131 122 13.697644
131 123 14.697488
131 124 13.416028
131 125 11.769994
131 126 13.862457
131 127 14.165927
131 128 11.737326
131 129 11.015662
131 130 11.243336
131 132 13.126083
131 133 14.460167
131 134 11.555487
131 135 13.366492
131 136 12.073802
131 137 11.665674
131 138 14.118128
131 139 12.889248
131 140 12.481864
131 141 12.659133
131 142 13.778387
131 143 12.742885
131 144 11.398322
131 145 11.285903
131 146 14.162704
131 147 13.403975
131 148 11.635752
131 149 13.589256
131 150 14.269141
131 151 11.915969
131 152 13.134246
131 153 12.788196
131 154 11.855964
131 155 11.376948
131 156 11.208213
131 157 12.880770
131 158 11.456309
131 159 14.078646
131 160 11.629035
131 161 13.615977
131 162 14.228470
131 163 11.457368
131 164 14.105010
131 165 13.120011
131 166 13.232979
131 167 14.230620
131 168 13.286329
131 169 13.412868
131 170 14.598394
131 171 11.678681
131 172 12.715851
131 173 11.235470
131 174 12.882833
131 175 13.698685
131 176 13.985461
131 177 13.266826
131 178 12.490926
131 179 13.778345
131 180 12.407334
131 181 13.344176
131 182 13.788649
131 183 12.733407
131 184 13.643289
131 185 14.392955
131 186 13.101824
131 187 13.368066
131 188 12.087197
131 189 11.040725
131 190 14.201521
131 191 11.434324
131 192 11.155158
131 193 13.448650
131 194 12.163544
131 195 11.048117
131 196 10.997430
131 197 13.338954
131 198 11.644627
131 199 11.714654
131 200 11.048004
132 0 12.411302
132 1 14.113961
132 2 14.162815
132 3 13.699453
132 4 12.792119
132 5 13.995429
132 6 14.652054
132 7 11.259254
132 8 14.612981
132 9 14.099245
132 10 13.455999
132 11 12.912751
132 12 14.096416
132 13 12.777084
132 14 12.689972
132 15 13.881507
132 16 14.481874
132 17 11.709787
132 18 11.095083
132 19 14.273442
132 20 14.456058
132 21 11.365006
132 22 11.960053
132 23 12.507521
132 24 12.613186
132 25 13.342359
132 26 10.962198
132 27 11.115655
132 28 13.138221
132 29 11.913663
132 30 11.477128
132 31 14.469350
132 32 12.315115
132 33 12.228706
132 34 14.366775
132 35 12.018763
132 36 10.983838
132 37 12.564217
132 38 13.155971
132 39 12.339753
132 40 12.250227
132 41 11.023047
132 42 14.191844
132 43 13.299958
132 44 12.298596
132 45 12.200657
132 46 12.762067
132 47 13.367511
132 48 13.210781
132 49 14.408975
132 50 11.110125
132 51 12.639659
132 52 14.153235
132 53 14.123301
132 54 11.947114
132 55 12.743496
132 56 12.450575
132 57 11.746289
132 58 11.482979
132 59 12.486720
132 60 14.709959
132 61 13.757276
132 62 13.914857
132 63 12.247592
132 64 12.086841
132 65 12.213543
132 66 14.733648
132 67 13.568525
132 68 11.002897
132 69 13.349716
132 70 13.984188
132 71 11.792299
132 72 13.878761
132 73 13.748812
132 74 14.584815
132 75 13.091884
132 76 14.375985
132 77 14.052682
132 78 12.030783
132 79 14.717408
132 80 11.440635
132 81 13.991843
132 82 13.381080
132 83 12.787608
132 84 14.133538
132 85 11.772535
132 86 14.233523
132 87 11.984486
132 88 11.609778
132 89 11.707250
132 90 10.959834
132 91 14.656542
132 92 12.620648
132 93 13.413904
132 94 13.561737
132 95 12.094440
132 96 11.298133
132 97 13.923059
132 98 13.612814
132 99 13.242057
132 100 12.440661
132 101 13.536742
132 102 11.798082
132 103 12.017171
132 104 13.983799
132 105 12.768420
132 106 11.249786
132 107 11.791319
132 108 13.155731
132 109 12.444207
132 110 14.680953
132 111 11.603122
132 112 12.056988
132 113 12.886416
132 114 12.287606
132 115 13.894247
132 116 12.524815
132 117 13.072050
132 118 12.711695
132 119 12.295163
132 120 11.492072
132 121 13.814352
132 122 13.056259
132 123 11.222377
132 124 13.355826
132 125 14.347765
132 126 14.641231
132 127 11.310893
132 128 13.123822
132 129 12.817732
132 130 12.393041
132 131 13.126083
132 133 14.631190
132 134 13.458985
132 135 13.666369
132 136 12.702806
132 137 11.410644
132 138 12.402657
132 139 12.746382
132 140 12.566730
132 141 11.835053
132 142 11.299626
132 143 11.636382
132 144 13.220678
132 145 13.243211
132 146 11.507469
132 147 12.893359
132 148 11.962019
132 149 13.200637
132 150 13.360876
132 151 13.811684
132 152 14.480984
132 153 13.346194
132 154 14.508578
132 155 12.844181
132 156 12.341780
132 157 14.409108
132 158 14.016661
132 159 11.752681
132 160 14.128137
132 161 13.115444
132 162 12.998185
132 163 11.776279
132 164 14.729314
132 165 12.870682
132 166 12.750700
132 167 11.615932
132 168 14.635349
132 169 12.475501
132 170 14.128078
132 171 12.958562
132 172 14.045109
132 173 14.367853
132 174 13.739790
132 175 12.415428
132 176 14.295327
132 177 12.738316
132 178 12.030687
132 179 11.831396
132 180 13.566971
132 181 11.223571
132 182 13.008255
132 183 11.548888
132 184 14.404069
132 185 12.098017
132 186 11.759461
132 187 13.632934
132 188 14.022497
132 189 14.316592
132 190 11.379356
132 191 12.913715
132 192 10.931547
132 193 14.664649
132 194 12.754703
132 195 14.513083
132 196 10.927272
132 197 12.134733
132 198 12.221736
132 199 13.482281
132 200 13.053092
133 0 10.952703
133 1 12.506869
133 2 13.357128
133 3 14.661275
133 4 13.347052
133 5 12.244226
133 6 14.055011
133 7 14.768404
133 8 14.502189
133 9 11.095137
133 10 12.460731
133 11 13.287206
133 12 13.981816
133 13 12.717282
133 14 11.299893
133 15 11.493616
133 16 11.047494
133 17 11.019809
133 18 14.024226
133 19 13.346448
133 20 11.772348
133 21 14.583265
133 22 12.925912
133 23 12.732854
133 24 11.145487
133 25 12.187324
133 26 13.171816
133 27 14.142878
133 28 11.949960
133 29 13.552732
133 30 14.056813
133 31 13.808105
133 32 11.579040
133 33 12.508774
133 34 11.031647
133 35 14.404046
133 36 13.607567
133 37 12.476360
133 38 14.515773
133 39 13.867328
133 40 11.514073
133 41 11.209539
133 42 14.396805
133 43 13.938511
133 44 13.554381
133 45 11.958918
133 46 10.951018
133 47 12.259887
133 48 14.220136
133 49 14.180161
133 50 11.261063
133 51 12.431933
133 52 13.533708
133 53 13.204775
133 54 12.189569
133 55 14.670404
133 56 13.795032
133 57 13.374956
133 58 13.001524
133 59 11.508301
133 60 11.193045
133 61 14.259856
133 62 11.676526
133 63 14.254398
133 64 13.602900
133 65 11.411532
133 66 14.134695
133 67 12.957313
133 68 11.144599
133 69 14.617380
133 70 12.348693
133 71 11.015496
133 72 14.766744
133 73 11.230975
133 74 12.770247
133 75 13.909223
133 76 11.408752
133 77 13.482579
133 78 12.175003
133 79 11.978581
133 80 13.470393
133 81 13.635919
133 82 12.577541
133 83 13.756402
133 84 13.958669
133 85 13.426397
133 86 13.130311
133 87 13.542118
133 88 12.657019
133 89 12.884165
133 90 12.967146
133 91 11.440566
133 92 13.784775
133 93 14.428338
133 94 12.484593
133 95 14.740216
133 96 14.233915
133 97 14.683765
133 98 14.220198
133 99 12.454811
133 100 12.814475
133 101 14.171907
133 102 12.851991
133 103 14.555859
133 104 13.296019
133 105 11.969632
133 106 13.853413
133 107 13.621972
133 108 13.795875
133 109 13.519269
133 110 12.391254
133 111 13.406791
133 112 12.008709
133 113 11.047623
133 114 14.526435
133 115 14.545653
133 116 11.669588
133 117 12.637746
133 118 14.376782
133 119 13.300983
133 120 11.602809
133 121 11.739234
133 122 12.942117
133 123 13.471664
133 124 10.981495
133 125 13.355597
133 126 12.262094
133 127 12.273469
133 128 14.269618
133 129 12.914437
133 130 12.244995
133 131 14.460167
133 132 14.631190
133 134 14.470382
133 135 12.568961
133 136 13.543893
133 137 13.918032
133 138 12.255907
133 139 12.934142
133 140 14.012300
133 141 13.502495
133 142 13.858113
133 143 12.155154
133 144 11.098291
133 145 13.922120
133 146 13.853940
133 147 13.177545
133 148 12.086514
133 149 14.074113
133 150 14.043198
133 151 11.001484
133 152 14.764450
133 153 12.941606
133 154 13.879878
133 155 14.330786
133 156 12.377767
133 157 12.913563
133 158 14.361601
133 159 13.555272
133 160 13.503752
133 161 12.030889
133 162 12.990329
133 163 13.838301
133 164 14.413267
133 165 12.333931
133 166 10.946740
133 167 13.015922
133 168 14.616410
133 169 14.089784
133 170 11.568599
133 171 11.858491
133 172 14.758227
133 173 11.504641
133 174 11.367108
133 175 11.778237
133 176 11.928925
133 177 12.868396
133 178 12.619788
133 179 13.270719
133 180 11.672905
133 181 11.463388
133 182 14.816918
133 183 10.941097
133 184 10.950123
133 185 13.345408
133 186 12.461878
133 187 12.937697
133 188 13.489104
133 189 13.156080
133 190 11.201544
133 191 13.992825
133 192 12.859440
133 193 12.480405
133 194 13.461693
133 195 13.156368
133 196 11.695741
133 197 13.492834
133 198 13.281100
133 199 13.284484
133 200 14.724175
134 0 13.044518
134 1 14.505810
134 2 14.687924
134 3 13.736955
134 4 12.506182
134 5 13.127168
134 6 12.900795
134 7 11.355130
134 8 12.697704
134 9 12.711042
134 10 12.771110
134 11 12.571554
134 12 13.292787
134 13 14.631257
134 14 12.074501
134 15 11.606597
134 16 14.596839
134 17 12.466950
134 18 11.362729
134 19 11.591421
134 20 14.118688
134 21 13.347732
134 22 13.439236
134 23 14.316631
134 24 14.025914
134 25 12.894789
134 26 12.153292
134 27 11.688781
134 28 13.722054
134 29 11.473050
134 30 14.349294
134 31 11.936069
134 32 12.076577
134 33 13.178858
134 34 11.111029
134 35 11.119233
134 36 11.601806
134 37 11.739110
134 38 14.327604
134 39 11.061733
134 40 12.436540
134 41 11.772436
134 42 12.288382
134 43 11.849570
134 44 11.418765
134 45 14.674779
134 46 11.831775
134 47 14.479421
134 48 12.019383
134 49 12.770482
134 50 13.884552
134 51 11.778021
134 52 12.901918
134 53 13.508661
134 54 11.852758
134 55 13.393481
134 56 13.210908
134 57 12.877864
134 58 14.426675
134 59 11.681998
134 60 13.435311
134 61 11.978641
134 62 13.837676
134 63 12.592090
134 64 13.136878
134 65 11.563108
134 66 14.213554
134 67 14.624328
134 68 10.984324
134 69 11.459261
134 70 13.300308
134 71 11.792074
134 72 13.302440
134 73 13.976024
134 74 14.522631
134 75 12.189742
134 76 14.041116
134 77 11.699225
134 78 12.666892
134 79 14.549045
134 80 14.312596
134 81 13.124756
134 82 14.132513
134 83 12.350835
134 84 13.605695
134 85 14.582280
134 86 12.292847
134 87 12.870661
134 88 14.463985
134 89 14.618718
134 90 14.096874
134 91 14.304769
134 92 11.602265
134 93 12.813939
134 94 10.975024
134 95 14.123647
134 96 11.526785
134 97 12.602081
134 98 11.942813
134 99 12.873305
134 100 12.021404
134 101 12.477228
134 102 13.384435
134 103 13.885251
134 104 13.177859
134 105 12.291688
134 106 12.716264
134 107 12.820370
134 108 13.428433
134 109 11.712748
134 110 12.599989
134 111 12.178948
134 112 12.729699
134 113 11.008691
134 114 13.696079
134 115 14.591215
134 116 11.693484
134 117 11.270198
134 118 14.139663
134 119 11.689461
134 120 14.785775
134 121 13.255239
134 122 13.898604
134 123 13.482025
134 124 10.950103
134 125 12.106252
134 126 13.846148
134 127 12.742818
134 128 11.101416
134 129 11.763742
134 130 12.952931
134 131 11.555487
134 132 13.458985
134 133 14.470382
134 135 11.550036
134 136 11.549227
134 137 12.787109
134 138 14.507859
134 139 14.556174
134 140 11.483095
134 141 14.465247
134 142 13.590323
134 143 13.234649
134 144 12.422241
134 145 14.500923
134 146 14.468892
134 147 13.245283
134 148 11.392496
134 149 11.564694
134 150 14.102329
134 151 12.866768
134 152 13.844992
134 153 14.203040
134 154 11.981008
134 155 12.423707
134 156 10.965177
134 157 11.867908
134 158 11.436241
134 159 14.076461
134 160 11.507694
134 161 13.912766
134 162 11.046387
134 163 12.871792
134 164 11.524330
134 165 11.066858
134 166 11.209243
134 167 13.821948
134 168 13.166370
134 169 12.638797
134 170 10.990571
134 171 12.829027
134 172 13.606271
134 173 14.124667
134 174 12.703693
134 175 12.172313
134 176 13.760691
134 177 11.256368
134 178 13.115000
134 179 12.326802
134 180 14.665366
134 181 12.039670
134 182 11.500583
134 183 14.567731
134 184 11.412738
134 185 12.552947
134 186 12.755936
134 187 11.625971
134 188 12.077951
134 189 13.519601
134 190 12.274711
134 191 12.311939
134 192 13.957747
134 193 12.716030
134 194 14.162521
134 195 13.581642
134 196 12.325382
134 197 12.074725
134 198 14.530030
134 199 12.360771
134 200 12.884495
135 0 11.249308
135 1 12.480853
135 2 13.278325
135 3 14.509595
135 4 12.957239
135 5 13.176248
135 6 13.755680
135 7 14.768036
135 8 14.311328
135 9 13.099564
135 10 13.769635
135 11 14.106597
135 12 13.566814
135 13 10.938039
135 14 12.286691
135 15 11.168391
135 16 14.153445
135 17 14.408319
135 18 11.421547
135 19 14.036782
135 20 13.575029
135 21 13.443022
135 22 12.195338
135 23 14.340607
135 24 11.053528
135 25 14.106924
135 26 11.314486
135 27 11.057839
135 28 14.034963
135 29 11.719329
135 30 14.032536
135 31 11.056691
135 32 14.249752
135 33 14.384789
135 34 12.275006
135 35 11.794257
135 36 13.377418
135 37 13.470090
135 38 11.411749
135 39 13.095506
135 40 14.532436
135 41 12.127619
135 42 12.534478
135 43 13.456896
135 44 14.608002
135 45 13.620001
135 46 12.671258
135 47 12.162625
135 48 13.211400
135 49 11.844917
135 50 13.805710
135 51 12.969433
135 52 12.048574
135 53 13.966737
135 54 13.362914
135 55 14.471624
135 56 12.389821
135 57 13.755418
135 58 13.024281
135 59 11.460442
135 60 12.096246
135 61 14.656669
135 62 13.287553
135 63 14.788472
135 64 13.171190
135 65 13.216338
135 66 13.795755
135 67 13.719183
135 68 14.213409
135 69 13.755721
135 70 13.460330
135 71 12.485559
135 72 12.416691
135 73 14.733745
135 74 11.039297
135 75 13.834062
135 76 14.317657
135 77 14.233674
135 78 13.763974
135 79 14.436581
135 80 13.400115
135 81 12.399574
135 82 11.604960
135 83 12.826942
135 84 13.898856
135 85 11.420372
135 86 13.596966
135 87 12.367608
135 88 14.384531
135 89 11.212567
135 90 12.057282
135 91 12.581172
135 92 14.471305
135 93 13.284574
135 94 12.037734
135 95 13.284950
135 96 11.139889
135 97 11.997825
135 98 12.059696
135 99 11.729843
135 100 13.526431
135 101 11.759600
135 102 14.628293
135 103 13.834279
135 104 14.182560
135 105 14.623824
135 106 11.151831
135 107 14.154156
135 108 13.111809
135 109 14.786135
135 110 11.433979
135 111 12.557621
135 112 12.200584
135 113 11.058907
135 114 14.076627
135 115 14.525888
135 116 11.447090
135 117 12.792996
135 118 13.749095
135 119 13.845588
135 120 12.460758
135 121 13.466197
135 122 13.040617
135 123 13.020002
135 124 11.953496
135 125 14.305234
135 126 13.196085
135 127 12.794053
135 128 13.941194
135 129 12.702165
135 130 13.234540
135 131 13.366492
135 132 13.666369
135 133 12.568961
135 134 11.550036
135 136 13.579664
135 137 13.317475
135 138 11.449034
135 139 12.575104
135 140 13.677892
135 141 14.438018
135 142 13.463625
135 143 10.944002
135 144 14.207623
135 145 12.105436
135 146 13.620002
135 147 14.578705
135 148 13.639416
135 149 11.814612
135 150 10.954687
135 151 11.159294
135 152 12.291847
135 153 13.914925
135 154 12.186175
135 155 13.350492
135 156 12.511695
135 157 13.321281
135 158 12.515076
135 159 11.257165
135 160 14.117999
135 161 11.869285
135 162 11.844615
135 163 12.137147
135 164 12.335857
135 165 11.867390
135 166 14.646797
135 167 12.245367
135 168 14.661500
135 169 12.155721
135 170 13.431368
135 171 13.970328
135 172 14.091168
135 173 12.850824
135 174 11.784190
135 175 14.358123
135 176 13.002561
135 177 12.407572
135 178 13.688982
135 179 12.102407
135 180 12.117750
135 181 13.193315
135 182 11.596826
135 183 13.536556
135 184 11.577460
135 185 12.958366
135 186 12.189394
135 187 11.902427
135 188 10.976330
135 189 14.197761
135 190 11.522370
135 191 11.408950
135 192 13.413586
135 193 11.099170
135 194 14.179520
135 195 10.961171
135 196 11.333619
135 197 12.784873
135 198 11.791838
135 199 12.950670
135 200 14.690842
136 0 13.241078
136 1 14.053284
136 2 12.167095
136 3 12.845927
136 4 13.612347
136 5 13.669976
136 6 13.812853
136 7 11.357349
136 8 11.910493
136 9 13.200500
136 10 12.206767
136 11 12.870073
136 12 13.075343
136 13 11.151879
136 14 11.821419
136 15 12.696588
136 16 14.275041
136 17 12.468883
136 18 11.848415
136 19 13.973065
136 20 13.124280
136 21 14.599127
136 22 14.199281
136 23 13.895974
136 24 13.296605
136 25 14.165928
136 26 14.718530
136 27 11.527031
136 28 11.844651
136 29 11.340023
136 30 13.259908
136 31 13.628000
136 32 10.923311
136 33 14.536443
136 34 12.225993
136 35 14.032842
136 36 12.520822
136 37 11.301662
136 38 12.926949
136 39 13.302049
136 40 11.503359
136 41 12.113051
136 42 11.239038
136 43 12.338467
136 44 14.312682
136 45 11.086918
136 46 13.745557
136 47 12.998468
136 48 13.013626
136 49 13.540213
136 50 11.751976
136 51 13.454051
136 52 13.831371
136 53 11.518436
136 54 11.360554
136 55 13.757941
136 56 14.548084
136 57 12.056034
136 58 13.555648
136 59 14.510174
136 60 12.663404
136 61 12.908592
136 62 11.330742
136 63 14.689652
136 64 13.080652
136 65 12.310275
136 66 11.728174
136 67 11.282307
136 68 11.530829
136 69 11.724544
136 70 14.708312
136 71 13.829654
136 72 14.644806
136 73 11.303553
136 74 11.554447
136 75 14.542815
136 76 12.799056
136 77 14.261147
136 78 10.998313
136 79 13.623478
136 80 13.031365
136 81 11.476366
136 82 11.707651
136 83 14.415144
136 84 10.948904
136 85 13.310007
136 86 12.095694
136 87 11.829255
136 88 12.754419
136 89 12.434811
136 90 12.848986
136 91 11.939488
136 92 11.893045
136 93 12.107776
136 94 11.556192
136 95 13.703400
136 96 14.787114
136 97 12.220490
136 98 13.715704
136 99 10.950126
136 100 13.271936
136 101 13.913262
136 102 12.023154
136 103 11.366659
136 104 14.169991
136 105 14.429196
136 106 14.214738
136 107 12.426636
136 108 12.799820
136 109 13.517293
136 110 14.211798
136 111 12.995600
136 112 14.075328
136 113 14.504157
136 114 13.275866
136 115 11.873622
136 116 10.938892
136 117 11.208955
136 118 13.550373
136 119 13.229831
136 120 13.925538
136 121 12.810373
136 122 11.435426
136 123 11.060500
136 124 14.764271
136 125 12.327692
136 126 14.049772
136 127 11.757422
136 128 13.057714
136 129 12.247589
136 130 11.782197
136 131 12.073802
136 132 12.702806
136 133 13.543893
136 134 11.549227
136 135 13.579664
136 137 12.985429
136 138 13.689505
136 139 12.188818
136 140 13.897442
136 141 14.695319
136 142 14.234099
136 143 14.804902
136 144 12.215699
136 145 11.556330
136 146 11.035484
136 147 14.020398
136 148 13.211239
136 149 12.051535
136 150 12.763591
136 151 12.110082
136 152 13.176090
136 153 11.417724
136 154 14.765500
136 155 10.998940
136 156 13.348270
136 157 12.480106
136 158 12.739501
136 159 13.502634
136 160 11.393973
136 161 12.142046
136 162 14.602743
136 163 10.987738
136 164 13.362811
136 165 10.994206
136 166 11.050658
136 167 11.678901
136 168 14.541462
136 169 13.494772
136 170 11.065544
136 171 13.801063
136 172 11.925888
136 173 12.861720
136 174 13.383972
136 175 14.640402
136 176 11.861363
136 177 11.537766
136 178 12.069916
136 179 14.819813
136 180 14.543054
136 181 14.117065
136 182 12.309982
136 183 12.573075
136 184 13.180349
136 185 12.122450
136 186 11.205305
136 187 12.952800
136 188 13.366355
136 189 13.116731
136 190 13.480855
136 191 12.242219
136 192 12.159129
136 193 12.898665
136 194 11.216799
136 195 11.343364
136 196 13.724093
136 197 14.784343
136 198 14.157031
136 199 13.066970
136 200 13.226691
137 0 11.459459
137 1 11.512434
137 2 12.751964
137 3 11.618853
137 4 13.788772
137 5 13.666274
137 6 13.735883
137 7 13.791124
137 8 13.760889
137 9 13.570444
137 10 14.093446
137 11 12.096007
137 12 14.618368
137 13 14.702457
137 14 12.355148
137 15 11.974460
137 16 11.318797
137 17 14.417383
137 18 14.052928
137 19 13.336220
137 20 14.007412
137 21 13.688552
137 22 13.448977
137 23 11.446289
137 24 12.234492
137 25 12.513858
137 26 13.009603
137 27 14.497232
137 28 14.661748
137 29 12.441374
137 30 12.760247
137 31 12.681254
137 32 11.872269
137 33 11.442435
137 34 12.308037
137 35 12.321323
137 36 11.242991
137 37 13.875958
137 38 12.323896
137 39 13.201040
137 40 13.533044
137 41 12.562234
137 42 13.722374
137 43 11.387964
137 44 11.392319
137 45 14.043814
137 46 14.603022
137 47 13.699420
137 48 12.864265
137 49 11.295562
137 50 13.723449
137 51 12.513432
137 52 11.460844
137 53 12.508933
137 54 12.012893
137 55 11.503340
137 56 13.092698
137 57 14.772540
137 58 11.119537
137 59 12.611549
137 60 12.072634
137 61 10.979853
137 62 13.491786
137 63 12.839185
137 64 13.991369
137 65 11.228908
137 66 11.358164
137 67 12.785481
137 68 11.477803
137 69 13.100564
137 70 13.754761
137 71 14.175772
137 72 12.177438
137 73 14.290249
137 74 12.134903
137 75 12.819605
137 76 12.134109
137 77 11.211239
137 78 12.229030
137 79 13.410066
137 80 13.169082
137 81 10.935009
137 82 14.623331
137 83 14.272741
137 84 13.552421
137 85 13.739970
137 86 11.472218
137 87 11.496466
137 88 14.273343
137 89 12.352112
137 90 13.252079
137 91 13.353212
137 92 13.355776
137 93 11.850612
137 94 14.221149
137 95 13.902778
137 96 11.887629
137 97 13.497278
137 98 14.335869
137 99 12.930951
137 100 14.149368
137 101 14.599658
137 102 13.251431
137 103 13.814283
137 104 12.917864
137 105 14.270269
137 106 13.437667
137 107 11.305898
137 108 12.413219
137 109 14.154556
137 110 11.984106
137 111 13.306526
137 112 13.677124
137 113 13.320566
137 114 14.324827
137 115 13.368857
137 116 13.446590
137 117 13.785273
137 118 14.798923
137 119 11.479958
137 120 11.553627
137 121 14.403447
137 122 12.218125
137 123 13.187813
137 124 14.170077
137 125 12.548491
137 126 14.123748
137 127 14.570950
137 128 12.665746
137 129 12.785453
137 130 13.689336
137 131 11.665674
137 132 11.410644
137 133 13.918032
137 134 12.787109
137 135 13.317475
137 136 12.985429
137 138 11.929575
137 139 11.955926
137 140 12.101339
137 141 14.816238
137 142 12.734128
137 143 13.505411
137 144 12.259732
137 145 11.406404
137 146 12.938036
137 147 12.903698
137 148 14.016399
137 149 11.005684
137 150 12.102950
137 151 14.474756
137 152 13.547926
137 153 11.237121
137 154 13.996688
137 155 11.416148
137 156 13.573088
137 157 11.689362
137 158 13.452440
137 159 13.665091
137 160 12.295034
137 161 11.524538
137 162 11.458495
137 163 13.160630
137 164 13.702038
137 165 11.159584
137 166 11.679551
137 167 14.434654
137 168 14.035619
137 169 14.698948
137 170 13.367217
137 171 11.091488
137 172 12.340559
137 173 12.901279
137 174 14.716691
137 175 11.110804
137 176 12.656061
137 177 13.109668
137 178 13.472541
137 179 12.549229
137 180 13.559570
137 181 14.188525
137 182 12.517555
137 183 12.461831
137 184 11.692765
137 185 13.181151
137 186 14.196519
137 187 12.594051
137 188 13.869105
137 189 14.130581
137 190 11.325812
137 191 14.568096
137 192 13.577026
137 193 13.581757
137 194 14.362499
137 195 11.807438
137 196 12.217415
137 197 14.708720
137 198 13.701926
137 199 12.848185
137 200 13.384794
138 0 13.931923
138 1 14.387070
138 2 13.455133
138 3 12.618346
138 4 10.943743
138 5 13.769198
138 6 13.553566
138 7 12.449275
138 8 13.847585
138 9 13.254094
138 10 12.442001
138 11 14.771460
138 12 11.337303
138 13 12.249955
138 14 13.350456
138 15 12.171062
138 16 11.390667
138 17 14.264110
138 18 11.675082
138 19 13.297155
138 20 11.662711
138 21 12.695901
138 22 12.708844
138 23 13.463633
138 24 12.605679
138 25 14.606486
138 26 13.467698
138 27 12.106937
138 28 13.231936
138 29 12.164157
138 30 12.542825
138 31 12.352041
138 32 14.474922
138 33 14.629379
138 34 13.229267
138 35 11.280214
138 36 14.515486
138 37 12.199176
138 38 11.212644
138 39 11.889090
138 40 11.910308
138 41 13.268486
138 42 14.528784
138 43 13.858035
138 44 11.366947
138 45 12.803119
138 46 11.788831
138 47 14.408729
138 48 12.390919
138 49 11.891080
138 50 12.347919
138 51 11.177491
138 52 14.756895
138 53 12.349476
138 54 12.481334
138 55 10.958709
138 56 13.346100
138 57 13.113758
138 58 13.242414
138 59 11.653413
138 60 11.597410
138 61 13.629415
138 62 14.142073
138 63 14.333908
138 64 13.943843
138 65 14.682891
138 66 14.096968
138 67 11.014345
138 68 13.764930
138 69 11.148035
138 70 13.334392
138 71 13.952706
138 72 13.890713
138 73 12.236085
138 74 11.780835
138 75 13.204555
138 76 12.342746
138 77 12.414495
138 78 12.194455
138 79 13.548751
138 80 10.945542
138 81 14.696370
138 82 13.056215
138 83 11.225279
138 84 13.901860
138 85 12.642581
138 86 14.400007
138 87 13.323586
138 88 13.495537
138 89 12.203830
138 90 12.324720
138 91 12.116393
138 92 14.434668
138 93 14.579281
138 94 11.777922
138 95 12.064913
138 96 11.750517
138 97 11.964896
138 98 13.436374
138 99 11.804941
138 100 12.184189
138 101 11.565389
138 102 12.191696
138 103 14.015367
138 104 11.768661
138 105 13.995202
138 106 11.585213
138 107 13.782566
138 108 11.590103
138 109 12.861149
138 110 14.559354
138 111 12.875409
138 112 12.194718
138 113 13.402700
138 114 12.623966
138 115 11.187755
138 116 11.984650
138 117 13.563590
138 118 14.152691
138 119 11.344313
138 120 11.464795
138 121 14.281778
138 122 12.622157
138 123 13.383735
138 124 14.754012
138 125 12.897717
138 126 12.053203
138 127 11.189369
138 128 11.759798
138 129 13.348518
138 130 14.297856
138 131 14.118128
138 132 12.402657
138 133 12.255907
138 134 14.507859
138 135 11.449034
138 136 13.689505
138 137 11.929575
138 139 11.135305
138 140 14.208343
138 141 11.944282
138 142 14.717621
138 143 13.022016
138 144 12.861156
138 145 11.820155
138 146 13.365719
138 147 12.779349
138 148 12.282705
138 149 12.183177
138 150 14.531835
138 151 12.736237
138 152 12.327096
138 153 12.948397
138 154 13.111916
138 155 11.006760
138 156 12.210344
138 157 11.037496
138 158 12.525988
138 159 13.475330
138 160 11.754099
138 161 12.143197
138 162 12.904189
138 163 14.240990
138 164 13.995862
138 165 11.472294
138 166 13.275887
138 167 14.496532
138 168 13.780864
138 169 11.995582
138 170 14.683591
138 171 12.698913
138 172 12.418343
138 173 12.104111
138 174 12.602334
138 175 12.487411
138 176 14.183306
138 177 12.061169
138 178 13.165023
138 179 14.517136
138 180 12.305965
138 181 13.401538
138 182 13.850151
138 183 11.313244
138 184 14.323422
138 185 10.968539
138 186 12.584329
138 187 12.758249
138 188 11.481110
138 189 13.957594
138 190 13.912724
138 191 13.145167
138 192 11.507496
138 193 12.464058
138 194 12.300349
138 195 13.774918
138 196 12.008713
138 197 11.621508
138 198 13.618239
138 199 13.745796
138 200 13.000393
139 0 13.432002
139 1 13.634043
139 2 13.435035
139 3 14.601873
139 4 10.924464
139 5 14.331946
139 6 13.893468
139 7 11.007287
139 8 11.525512
139 9 13.114041
139 10 11.497231
139 11 13.647586
139 12 11.272940
139 13 14.271148
139 14 12.722820
139 15 14.530981
139 16 14.506195
139 17 13.286152
139 18 13.559302
139 19 11.806930
139 20 11.157679
139 21 12.058592
139 22 13.418690
139 23 12.878045
139 24 14.298740
139 25 12.185172
139 26 12.235983
139 27 12.546266
139 28 11.164181
139 29 12.188110
139 30 12.543099
139 31 11.603614
139 32 13.158403
139 33 13.810354
139 34 10.927873
139 35 13.260212
139 36 13.789339
139 37 14.390276
139 38 11.776546
139 39 11.654654
139 40 12.432592
139 41 13.479343
139 42 14.728060
139 43 13.111224
139 44 11.808157
139 45 14.407047
139 46 14.761407
139 47 11.619387
139 48 12.808677
139 49 14.798854
139 50 12.714180
139 51 12.551904
139 52 12.499431
139 53 13.146854
139 54 13.990671
139 55 11.690947
139 56 13.066472
139 57 12.826469
139 58 13.956154
139 59 14.394311
139 60 11.423478
139 61 11.311172
139 62 13.233704
139 63 11.652813
139 64 13.304219
139 65 14.278466
139 66 10.991869
139 67 12.864983
139 68 10.984845
139 69 12.522696
139 70 14.723230
139 71 11.894914
139 72 12.700840
139 73 12.781239
139 74 12.976557
139 75 12.765869
139 76 14.273548
139 77 14.701452
139 78 14.673302
139 79 12.792446
139 80 12.775148
139 81 12.197487
139 82 12.549983
139 83 11.934246
139 84 11.448294
139 85 14.518010
139 86 13.298249
139 87 11.966265
139 88 14.300809
139 89 12.219405
139 90 14.151607
139 91 14.161707
139 92 14.802628
139 93 13.541833
139 94 11.696570
139 95 12.980791
139 96 11.722621
139 97 14.264885
139 98 12.766988
139 99 11.975552
139 100 13.499126
139 101 14.314858
139 102 12.322226
139 103 11.091832
139 104 13.709119
139 105 14.437568
139 106 13.456795
139 107 12.113528
139 108 12.438864
139 109 12.573298
139 110 11.100684
139 111 13.884484
139 112 12.553575
139 113 12.381130
139 114 14.608910
139 115 11.683847
139 116 13.498704
139 117 12.934527
139 118 12.684666
139 119 11.932300
139 120 14.563803
139 121 14.172364
139 122 10.996091
139 123 13.550773
139 124 12.409287
139 125 12.460041
139 126 13.250757
139 127 14.725911
139 128 11.401460
139 129 13.484862
139 130 11.382509
139 131 12.889248
139 132 12.746382
139 133 12.934142
139 134 14.556174
139 135 12.575104
139 136 12.188818
139 137 11.955926
139 138 11.135305
139 140 14.287095
139 141 13.066788
139 142 12.592118
139 143 12.038477
139 144 13.075758
139 145 14.252570
139 146 11.072168
139 147 12.479907
139 148 11.463000
139 149 12.961539
139 150 12.603030
139 151 13.776825
139 152 14.430545
139 153 11.690469
139 154 13.026289
139 155 14.757354
139 156 12.754974
139 157 10.988952
139 158 14.764756
139 159 12.798382
139 160 11.970740
139 161 11.009364
139 162 14.597586
139 163 13.945096
139 164 11.607297
139 165 11.913865
139 166 12.867287
139 167 12.363392
139 168 11.285919
139 169 14.654607
139 170 13.730379
139 171 12.879007
139 172 13.835839
139 173 12.521769
139 174 11.856439
139 175 12.490401
139 176 10.933810
139 177 13.052099
139 178 14.085588
139 179 14.101589
139 180 11.582707
139 181 11.511272
139 182 12.778520
139 183 11.528405
139 184 11.045737
139 185 13.866045
139 186 10.962273
139 187 14.754360
139 188 11.392707
139 189 13.670305
139 190 13.933345
139 191 13.593561
139 192 13.951829
139 193 13.152213
139 194 13.412825
139 195 12.402765
139 196 13.325254
139 197 14.770753
139 198 12.911696
139 199 13.435325
139 200 13.016681
140 0 12.242573
140 1 11.982422
140 2 13.874867
140 3 11.034119
140 4 14.183877
140 5 14.461787
140 6 14.429641
140 7 13.641394
140 8 13.127844
140 9 12.349439
140 10 13.125861
140 11 14.193623
140 12 11.977881
140 13 12.214489
140 14 11.867052
140 15 10.969838
140 16 13.840097
140 17 12.019716
140 18 11.266081
140 19 13.333432
140 20 11.223134
140 21 12.594162
140 22 11.995546
140 23 13.758485
140 24 11.040539
140 25 13.474726
140 26 13.744717
140 27 11.453057
140 28 12.529589
140 29 12.265351
140 30 12.062758
140 31 13.623471
140 32 12.236028
140 33 14.412494
140 34 11.715133
140 35 12.005559
140 36 14.065061
140 37 13.202592
140 38 13.351527
140 39 14.727229
140 40 13.570674
140 41 14.443063
140 42 14.338151
140 43 13.574804
140 44 14.062921
140 45 12.057704
140 46 12.448866
140 47 11.104471
140 48 13.358782
140 49 11.562480
140 50 14.185064
140 51 12.053105
140 52 11.872239
140 53 14.311419
140 54 13.884123
140 55 13.447157
140 56 12.324359
140 57 11.040968
140 58 13.566272
140 59 13.531737
140 60 14.246909
140 61 14.286019
140 62 11.442585
140 63 13.540352
140 64 12.878014
140 65 11.471842
140 66 11.547194
140 67 11.140851
140 68 12.687840
140 69 13.198175
140 70 13.690394
140 71 13.348716
140 72 13.780231
140 73 11.533272
140 74 13.674215
140 75 11.047171
140 76 13.842369
140 77 12.167297
140 78 12.260086
140 79 14.810317
140 80 11.478570
140 81 12.868717
140 82 13.604013
140 83 14.252047
140 84 13.742475
140 85 11.346546
140 86 14.605072
140 87 13.869825
140 88 13.986473
140 89 13.448421
140 90 13.062090
140 91 12.955190
140 92 10.936159
140 93 12.460961
140 94 13.511765
140 95 14.529713
140 96 14.569107
140 97 13.119283
140 98 12.977648
140 99 13.415434
140 100 11.227691
140 101 10.988881
140 102 11.744769
140 103 14.222226
140 104 13.324487
140 105 13.351508
140 106 14.722147
140 107 12.072994
140 108 14.220707
140 109 13.706700
140 110 12.471454
140 111 13.254181
140 112 12.434606
140 113 12.294006
140 114 12.998756
140 115 13.477240
140 116 14.241735
140 117 13.685684
140 118 11.834023
140 119 11.733184
140 120 11.075916
140 121 12.221120
140 122 14.428772
140 123 12.509037
140 124 14.313518
140 125 11.410004
140 126 13.864889
140 127 13.421221
140 128 14.551143
140 129 12.312785
140 130 12.288746
140 131 12.481864
140 132 12.566730
140 133 14.012300
140 134 11.483095
140 135 13.677892
140 136 13.897442
140 137 12.101339
140 138 14.208343
140 139 14.287095
140 141 13.112786
140 142 14.372713
140 143 14.632528
140 144 11.679663
140 145 11.835640
140 146 12.063802
140 147 12.638867
140 148 11.156169
140 149 12.267927
140 150 11.104566
140 151 12.388908
140 152 11.306725
140 153 13.741978
140 154 11.200864
140 155 11.885938
140 156 12.111184
140 157 13.730726
140 158 11.191336
140 159 12.162446
140 160 10.984626
140 161 13.954067
140 162 12.647407
140 163 11.280981
140 164 12.305168
140 165 10.940712
140 166 13.433267
140 167 13.970405
140 168 12.894098
140 169 12.793668
140 170 12.223720
140 171 13.745403
140 172 13.164516
140 173 12.418050
140 174 11.452537
140 175 14.414417
140 176 12.737004
140 177 11.947651
140 178 12.039865
140 179 13.333675
140 180 12.946389
140 181 12.032484
140 182 10.963057
140 183 13.957076
140 184 14.396056
140 185 11.978409
140 186 11.874116
140 187 11.007054
140 188 11.490060
140 189 13.511632
140 190 13.230014
140 191 14.761604
140 192 14.588811
140 193 14.812432
140 194 14.276629
140 195 11.559987
140 196 13.062672
140 197 14.587607
140 198 14.291942
140 199 11.352842
140 200 12.476609
141 0 13.385277
141 1 13.203657
141 2 10.949094
141 3 11.753352
141 4 13.998362
141 5 14.386226
141 6 12.862651
141 7 12.981279
141 8 12.385493
141 9 11.447476
141 10 11.903853
141 11 13.139485
141 12 11.134686
141 13 13.105206
141 14 11.397819
141 15 10.998833
141 16 12.826426
141 17 11.820656
141 18 13.859483
141 19 12.451523
141 20 12.633068
141 21 13.648171
141 22 12.889500
141 23 12.473602
141 24 11.979125
141 25 14.815892
141 26 13.766621
141 27 12.182309
141 28 13.692779
141 29 11.266068
141 30 14.096937
141 31 13.137053
141 32 14.503997
141 33 12.601025
141 34 12.507854
141 35 13.833658
141 36 13.668896
141 37 14.535829
141 38 12.581459
141 39 11.066165
141 40 12.719589
141 41 13.447493
141 42 14.261026
141 43 14.307222
141 44 13.293182
141 45 13.412039
141 46 14.259854
141 47 12.129727
141 48 11.768513
141 49 13.957193
141 50 11.945790
141 51 13.512250
141 52 14.057165
141 53 11.483732
141 54 13.078766
141 55 13.262133
141 56 14.741858
141 57 13.596654
141 58 11.626399
141 59 14.571077
141 60 11.124866
141 61 13.678607
141 62 13.882088
141 63 11.488768
141 64 14.105564
141 65 11.539422
141 66 14.367662
141 67 14.420708
141 68 12.917468
141 69 12.403608
141 70 11.950955
141 71 12.379682
141 72 13.526401
141 73 12.955231
141 74 13.734408
141 75 14.360418
141 76 14.289010
141 77 11.408880
141 78 13.762653
141 79 12.952581
141 80 12.467220
141 81 13.308849
141 82 13.852283
141 83 11.505641
141 84 13.897951
141 85 14.743160
141 86 11.136538
141 87 13.075142
141 88 14.083777
141 89 14.668022
141 90 12.870778
141 91 11.665701
141 92 13.697246
141 93 12.153177
141 94 12.646492
141 95 14.494438
141 96 11.561027
141 97 11.171754
141 98 13.744025
141 99 12.385266
141 100 11.894670
141 101 13.736232
141 102 12.034066
141 103 13.585084
141 104 13.343500
141 105 13.539238
141 106 11.922524
141 107 13.148728
141 108 13.037346
141 109 12.028258
141 110 12.976482
141 111 14.367633
141 112 12.128666
141 113 14.199272
141 114 14.227890
141 115 12.887752
141 116 13.526299
141 117 12.017230
141 118 12.825261
141 119 12.817097
141 120 11.640015
141 121 10.953111
141 122 11.465551
141 123 12.061160
141 124 12.082402
141 125 12.259937
141 126 12.354585
141 127 11.090186
141 128 12.671278
141 129 14.602478
141 130 12.595584
141 131 12.659133
141 132 11.835053
141 133 13.502495
141 134 14.465247
141 135 14.438018
141 136 14.695319
141 137 14.816238
141 138 11.944282
141 139 13.066788
141 140 13.112786
141 142 12.191442
141 143 12.868933
141 144 13.615851
141 145 13.162696
141 146 11.704222
141 147 13.366389
141 148 12.781636
141 149 12.173850
141 150 13.609607
141 151 11.918084
141 152 11.324301
141 153 14.557755
141 154 12.827008
141 155 11.981606
141 156 13.715156
141 157 12.659598
141 158 13.736545
141 159 14.026385
141 160 11.605200
141 161 12.855033
141 162 13.199925
141 163 13.508310
141 164 11.548070
141 165 11.152602
141 166 14.698510
141 167 13.905668
141 168 13.883888
141 169 13.956781
141 170 13.940096
141 171 13.955555
141 172 12.225003
141 173 11.774392
141 174 13.593952
141 175 14.371528
141 176 12.337863
141 177 12.984204
141 178 12.632172
141 179 13.222815
141 180 13.875127
141 181 14.416066
141 182 13.681420
141 183 12.074587
141 184 14.326080
141 185 11.006260
141 186 13.163504
141 187 11.508435
141 188 13.477064
141 189 12.965400
141 190 11.398620
141 191 13.664271
141 192 11.613468
141 193 10.931236
141 194 13.589028
141 195 13.838011
141 196 12.444964
141 197 13.268252
141 198 14.333695
141 199 12.261055
141 200 12.175400
142 0 13.001906
142 1 11.380492
142 2 11.841123
142 3 12.446482
142 4 11.087729
142 5 11.356147
142 6 14.193613
142 7 11.985176
142 8 13.085655
142 9 14.195345
142 10 12.098354
142 11 11.313666
142 12 12.086638
142 13 10.923676
142 14 13.666055
142 15 12.605601
142 16 13.703659
142 17 11.100347
142 18 14.653647
142 19 13.463511
142 20 12.149269
142 21 12.378886
142 22 13.046898
142 23 12.682596
142 24 14.624687
142 25 13.814704
142 26 11.506472
142 27 12.011911
142 28 13.819905
142 29 13.706256
142 30 13.094188
142 31 14.549644
142 32 13.258494
142 33 14.666632
142 34 14.454573
142 35 14.154177
142 36 11.952779
142 37 11.717918
142 38 13.574618
142 39 11.705342
142 40 12.778460
142 41 13.201209
142 42 11.763500
142 43 13.528049
142 44 13.988901
142 45 11.105753
142 46 12.213412
142 47 12.229469
142 48 13.378271
142 49 12.012436
142 50 12.567380
142 51 12.284196
142 52 12.307492
142 53 12.080511
142 54 11.465996
142 55 12.607122
142 56 12.339382
142 57 12.616799
142 58 12.203519
142 59 13.945406
142 60 12.719694
142 61 14.629323
142 62 13.524294
142 63 12.788764
142 64 12.875789
142 65 13.875574
142 66 11.815913
142 67 13.856923
142 68 12.962444
142 69 14.738061
142 70 11.022178
142 71 13.319485
142 72 11.100804
142 73 12.003688
142 74 11.937835
142 75 13.578464
142 76 11.527005
142 77 14.687738
142 78 13.769649
142 79 13.562308
142 80 12.460905
142 81 13.768317
142 82 14.741051
142 83 14.204698
142 84 12.910731
142 85 14.653331
142 86 14.082071
142 87 14.150665
142 88 13.494151
142 89 11.811963
142 90 14.698937
142 91 13.106878
142 92 13.933870
142 93 12.161352
142 94 12.743450
142 95 13.656841
142 96 14.517875
142 97 12.265983
142 98 14.219103
142 99 12.841751
142 100 12.938297
142 101 13.960469
142 102 11.811704
142 103 14.015785
142 104 13.185628
142 105 12.323565
142 106 13.732557
142 107 12.821206
142 108 14.253418
142 109 14.069553
142 110 11.735313
142 111 13.966110
142 112 12.350185
142 113 14.279437
142 114 12.788925
142 115 11.111219
142 116 13.254130
142 117 14.652412
142 118 11.629161
142 119 12.685040
142 120 13.107370
142 121 12.600016
142 122 12.880292
142 123 11.750130
142 124 14.230204
142 125 13.400447
142 126 14.258178
142 127 11.744384
142 128 11.546469
142 129 13.174901
142 130 13.514467
142 131 13.778387
142 132 11.299626
142 133 13.858113
142 134 13.590323
142 135 13.463625
142 136 14.234099
142 137 12.734128
142 138 14.717621
142 139 12.592118
142 140 14.372713
142 141 12.191442
142 143 12.464239
142 144 11.110256
142 145 13.803820
142 146 13.725060
142 147 14.219007
142 148 11.737079
142 149 14.710337
142 150 11.766886
142 151 14.477958
142 152 14.139490
142 153 12.086648
142 154 11.589534
142 155 12.102133
142 156 12.911407
142 157 13.582124
142 158 14.460244
142 159 14.771444
142 160 12.818525
142 161 13.140760
142 162 13.406104
142 163 13.586655
142 164 12.824445
142 165 13.694843
142 166 12.874314
142 167 12.577797
142 168 13.955708
142 169 12.623982
142 170 12.923676
142 171 11.638887
142 172 14.153465
142 173 11.873725
142 174 12.317096
142 175 11.214251
142 176 13.822710
142 177 12.384980
142 178 11.923330
142 179 12.880715
142 180 12.128685
142 181 14.450841
142 182 12.978799
142 183 13.770259
142 184 13.519336
142 185 13.521016
142 186 13.850663
142 187 11.588852
142 188 13.311507
142 189 11.753918
142 190 14.427522
142 191 11.261745
142 192 14.618931
142 193 11.724206
142 194 13.730802
142 195 14.389313
142 196 13.827424
142 197 13.358547
142 198 13.996710
142 199 11.884271
142 200 12.722646
143 0 11.661499
143 1 11.286613
143 2 11.312666
143 3 11.921876
143 4 11.490799
143 5 13.969468
143 6 13.414701
143 7 14.151784
143 8 12.917370
143 9 14.095314
143 10 13.177991
143 11 13.752667
143 12 12.825387
143 13 11.021415
143 14 13.931622
143 15 13.777849
143 16 11.826346
143 17 14.173939
143 18 13.992853
143 19 11.251805
143 20 14.661774
143 21 12.280824
143 22 14.618703
143 23 12.536209
143 24 14.646411
143 25 12.529559
143 26 13.451785
143 27 13.023764
143 28 11.367616
143 29 11.510853
143 30 12.595829
143 31 13.004114
143 32 11.557317
143 33 12.254874
143 34 13.936051
143 35 12.593598
143 36 14.243940
143 37 11.554219
143 38 13.263745
143 39 13.095161
143 40 13.843862
143 41 12.144016
143 42 11.875570
143 43 13.668271
143 44 12.089618
143 45 11.618895
143 46 11.942425
143 47 11.776266
143 48 14.591974
143 49 13.157268
143 50 12.288942
143 51 11.190913
143 52 14.028561
143 53 13.332518
143 54 11.468810
143 55 13.220667
143 56 12.716392
143 57 13.662183
143 58 12.266723
143 59 11.937731
143 60 12.994770
143 61 14.056032
143 62 14.090286
143 63 14.654646
143 64 13.984448
143 65 14.000452
143 66 12.520693
143 67 13.851821
143 68 13.824143
143 69 12.870534
143 70 11.770932
143 71 12.993129
143 72 11.362343
143 73 13.724498
143 74 11.003805
143 75 12.098688
143 76 11.807772
143 77 14.642209
143 78 13.680096
143 79 14.088321
143 80 11.164286
143 81 11.463436
143 82 11.603609
143 83 12.974739
143 84 11.231790
143 85 14.610859
143 86 14.746579
143 87 14.306527
143 88 11.662870
143 89 12.601786
143 90 14.015352
143 91 11.635854
143 92 10.982360
143 93 12.480236
143 94 13.501465
143 95 12.133702
143 96 11.777696
143 97 14.771760
143 98 12.969053
143 99 13.143545
143 100 11.677787
143 101 12.192144
143 102 13.400110
143 103 13.614842
143 104 11.384460
143 105 11.774811
143 106 14.549667
143 107 12.712768
143 108 13.081699
143 109 12.415711
143 110 14.440077
143 111 13.920913
143 112 12.837482
143 113 13.280589
143 114 14.090708
143 115 14.241287
143 116 13.378653
143 117 12.967135
143 118 13.965349
143 119 14.249838
143 120 11.062253
143 121 13.421820
143 122 11.647052
143 123 13.760673
143 124 13.477143
143 125 10.992735
143 126 12.077792
143 127 14.714103
143 128 12.376565
143 129 11.515879
143 130 11.719115
143 131 12.742885
143 132 11.636382
143 133 12.155154
143 134 13.234649
143 135 10.944002
143 136 14.804902
143 137 13.505411
143 138 13.022016
143 139 12.038477
143 140 14.632528
143 141 12.868933
143 142 12.464239
143 144 11.147671
143 145 11.441816
143 146 13.043321
143 147 12.591010
143 148 14.528688
143 149 14.095490
143 150 11.576142
143 151 14.475057
143 152 14.099772
143 153 13.602614
143 154 14.774333
143 155 14.248282
143 156 14.129892
143 157 14.457297
143 158 14.041471
143 159 12.037463
143 160 12.994279
143 161 14.817101
143 162 11.521780
143 163 13.183226
143 164 11.588580
143 165 11.671259
143 166 12.141121
143 167 14.271901
143 168 13.677909
143 169 13.332057
143 170 13.241279
143 171 12.294380
143 172 12.091083
143 173 14.721762
143 174 11.355198
143 175 13.873995
143 176 12.864541
143 177 12.022972
143 178 13.648660
143 179 13.073964
143 180 13.941873
143 181 13.885187
143 182 11.367411
143 183 11.744070
143 184 11.952262
143 185 13.283557
143 186 14.759545
143 187 14.144116
143 188 11.859944
143 189 14.328627
143 190 13.695178
143 191 11.437877
143 192 14.770742
143 193 14.738217
143 194 11.191021
143 195 14.037007
143 196 14.065832
143 197 13.221958
143 198 11.540330
143 199 12.730007
143 200 11.689824
144 0 13.691724
144 1 13.693143
144 2 10.940722
144 3 12.538196
144 4 12.459146
144 5 12.280999
144 6 12.361339
144 7 14.295271
144 8 13.071898
144 9 11.283502
144 10 12.285324
144 11 11.118421
144 12 14.042570
144 13 12.898857
144 14 11.626404
144 15 12.995110
144 16 13.745629
144 17 14.199244
144 18 11.559154
144 19 13.564200
144 20 13.144970
144 21 14.373458
144 22 13.599052
144 23 13.722578
144 24 12.820971
144 25 13.118897
144 26 14.797102
144 27 11.167715
144 28 13.690037
144 29 11.385065
144 30 13.791268
144 31 13.698690
144 32 11.559367
144 33 13.938320
144 34 12.328988
144 35 11.384406
144 36 13.257363
144 37 14.715600
144 38 13.842385
144 39 12.658282
144 40 11.951012
144 41 12.923326
144 42 13.368068
144 43 11.040478
144 44 11.506107
144 45 12.181601
144 46 10.992205
144 47 12.932845
144 48 12.650429
144 49 13.551938
144 50 14.143268
144 51 11.578633
144 52 12.152719
144 53 12.859242
144 54 13.589949
144 55 13.657397
144 56 14.145929
144 57 11.128986
144 58 11.461950
144 59 14.687075
144 60 13.712386
144 61 12.689282
144 62 12.338825
144 63 13.393986
144 64 11.467581
144 65 13.105202
144 66 13.006951
144 67 11.943729
144 68 13.556599
144 69 11.151608
144 70 12.579298
144 71 12.065315
144 72 14.739825
144 73 14.486764
144 74 14.621890
144 75 12.567947
144 76 13.063500
144 77 13.576343
144 78 11.687238
144 79 13.888853
144 80 13.699996
144 81 13.783703
144 82 11.987828
144 83 11.425300
144 84 13.105935
144 85 12.424396
144 86 11.453484
144 87 12.535897
144 88 11.198724
144 89 13.858723
144 90 12.193535
144 91 12.055656
144 92 13.163573
144 93 12.057425
144 94 14.012257
144 95 12.786452
144 96 12.613257
144 97 14.682152
144 98 12.186146
144 99 12.794787
144 100 12.192732
144 101 13.387972
144 102 11.752371
144 103 12.715205
144 104 12.700066
144 105 13.266372
144 106 12.122946
144 107 12.333413
144 108 14.122162
144 109 14.173563
144 110 12.178273
144 111 13.760757
144 112 11.737653
144 113 11.055047
144 114 11.201059
144 115 11.469852
144 116 14.508649
144 117 13.028704
144 118 11.983256
144 119 11.860177
144 120 12.805984
144 121 14.023806
144 122 12.799293
144 123 11.325061
144 124 13.025872
144 125 13.811935
144 126 13.223050
144 127 12.547521
144 128 14.532756
144 129 14.756743
144 130 13.679659
144 131 11.398322
144 132 13.220678
144 133 11.098291
144 134 12.422241
144 135 14.207623
144 136 12.215699
144 137 12.259732
144 138 12.861156
144 139 13.075758
144 140 11.679663
144 141 13.615851
144 142 11.110256
144 143 11.147671
144 145 12.632350
144 146 11.206931
144 147 12.103550
144 148 14.498794
144 149 14.355702
144 150 12.774353
144 151 12.196010
144 152 13.713745
144 153 13.411964
144 154 11.154477
144 155 13.820832
144 156 13.799504
144 157 13.288730
144 158 11.539666
144 159 13.160497
144 160 11.628175
144 161 13.920525
144 162 14.121753
144 163 12.560797
144 164 12.327798
144 165 14.402795
144 166 12.576465
144 167 14.692965
144 168 11.125318
144 169 12.296353
144 170 13.050590
144 171 13.110779
144 172 14.012198
144 173 13.291055
144 174 12.504792
144 175 11.778415
144 176 14.572413
144 177 14.353564
144 178 11.674157
144 179 13.690484
144 180 11.842187
144 181 13.027667
144 182 13.573889
144 183 11.813737
144 184 12.559755
144 185 13.262702
144 186 12.620430
144 187 14.582981
144 188 13.304748
144 189 11.903149
144 190 12.683610
144 191 13.664872
144 192 12.660763
144 193 13.425859
144 194 14.135170
144 195 11.532772
144 196 13.362443
144 197 14.766204
144 198 13.564913
144 199 12.103212
144 200 12.632360
145 0 13.299283
145 1 14.493692
145 2 13.061217
145 3 13.806337
145 4 14.294506
145 5 13.806225
145 6 14.569823
145 7 12.583305
145 8 13.445935
145 9 11.950104
145 10 12.782039
145 11 12.305823
145 12 14.403944
145 13 11.526910
145 14 11.636603
145 15 12.028441
145 16 11.598684
145 17 14.308459
145 18 13.271996
145 19 12.979043
145 20 13.184478
145 21 11.361612
145 22 11.952979
145 23 12.893136
145 24 13.001772
145 25 11.804532
145 26 11.458162
145 27 11.412411
145 28 14.312999
145 29 11.996104
145 30 14.550028
145 31 12.447014
145 32 14.162201
145 33 13.404789
145 34 12.633110
145 35 11.001783
145 36 11.496857
145 37 14.429707
145 38 11.486469
145 39 13.367495
145 40 13.496945
145 41 14.503616
145 42 13.954654
145 43 11.871600
145 44 11.956851
145 45 13.119004
145 46 12.304462
145 47 14.749924
145 48 13.022663
145 49 11.502116
145 50 13.250969
145 51 14.672405
145 52 12.175731
145 53 14.039708
145 54 11.863909
145 55 14.817687
145 56 14.179275
145 57 12.331575
145 58 12.604811
145 59 11.328109
145 60 14.632579
145 61 11.175266
145 62 11.341104
145 63 14.236141
145 64 13.224907
145 65 13.730305
145 66 13.284035
145 67 12.703106
145 68 14.288107
145 69 13.594093
145 70 13.681413
145 71 14.266044
145 72 12.433118
145 73 13.006301
145 74 12.262973
145 75 14.547938
145 76 14.577233
145 77 14.399537
145 78 10.931846
145 79 11.234007
145 80 11.938683
145 81 13.442988
145 82 13.850468
145 83 13.430998
145 84 12.694816
145 85 14.049678
145 86 13.583416
145 87 12.587927
145 88 14.731115
145 89 12.098409
145 90 14.368396
145 91 12.755332
145 92 12.327914
145 93 14.312078
145 94 11.878389
145 95 12.737207
145 96 14.173030
145 97 11.962856
145 98 12.239839
145 99 12.214450
145 100 12.772171
145 101 12.745464
145 102 14.236078
145 103 11.902448
145 104 13.606069
145 105 12.201948
145 106 12.368284
145 107 13.656647
145 108 11.901391
145 109 12.538404
145 110 14.014236
145 111 12.079865
145 112 11.480386
145 113 12.180075
145 114 11.536466
145 115 12.823842
145 116 12.679855
145 117 14.096708
145 118 14.103838
145 119 11.686899
145 120 12.368723
145 121 14.788575
145 122 14.507428
145 123 11.715744
145 124 14.164964
145 125 12.162260
145 126 11.158447
145 127 10.960032
145 128 12.120365
145 129 13.500238
145 130 12.851643
145 131 11.285903
145 132 13.243211
145 133 13.922120
145 134 14.500923
145 135 12.105436
145 136 11.556330
145 137 11.406404
145 138 11.820155
145 139 14.252570
145 140 11.835640
145 141 13.162696
145 142 13.803820
145 143 11.441816
145 144 12.632350
145 146 11.546285
145 147 14.301443
145 148 13.039246
145 149 11.939949
145 150 11.696210
145 151 12.647501
145 152 13.427686
145 153 12.274315
145 154 12.843669
145 155 11.924752
145 156 12.795815
145 157 11.069325
145 158 13.904191
145 159 12.366234
145 160 14.135678
145 161 12.932396
145 162 13.019079
145 163 12.143337
145 164 11.472484
145 165 11.301849
145 166 13.176798
145 167 14.601454
145 168 12.207479
145 169 13.483982
145 170 13.979871
145 171 14.754143
145 172 11.017363
145 173 13.570029
145 174 14.680045
145 175 14.492035
145 176 11.435271
145 177 14.360532
145 178 14.039771
145 179 13.005168
145 180 12.816511
145 181 12.577137
145 182 10.959240
145 183 11.068210
145 184 13.003222
145 185 11.720292
145 186 14.607990
145 187 13.856954
145 188 14.670142
145 189 12.073123
145 190 13.911445
145 191 13.884408
145 192 13.006440
145 193 11.342077
145 194 13.620974
145 195 11.053119
145 196 11.684565
145 197 11.452542
145 198 14.155435
145 199 13.082197
145 200 14.067845
146 0 10.989091
146 1 13.982853
146 2 14.022411
146 3 13.984482
146 4 14.120535
146 5 13.710019
146 6 14.811364
146 7 11.029878
146 8 12.946433
146 9 11.250880
146 10 12.248510
146 11 14.419213
146 12 13.382656
146 13 13.960007
146 14 14.576458
146 15 11.066694
146 16 12.748169
146 17 12.013250
146 18 11.855481
146 19 12.313276
146 20 14.176462
146 21 11.401521
146 22 13.245548
146 23 13.660020
146 24 11.450623
146 25 14.479891
146 26 12.042375
146 27 11.696627
146 28 11.792362
146 29 13.714035
146 30 13.244421
146 31 12.474255
146 32 13.118722
146 33 11.253245
146 34 11.460998
146 35 12.935541
146 36 11.188137
146 37 13.795007
146 38 12.555863
146 39 12.218207
146 40 11.264848
146 41 11.436281
146 42 11.205873
146 43 14.695359
146 44 11.609361
146 45 12.688114
146 46 13.965037
146 47 14.179488
146 48 12.683936
146 49 14.675008
146 50 13.148868
146 51 14.232700
146 52 12.332718
146 53 12.661235
146 54 12.039497
146 55 12.259493
146 56 11.284799
146 57 13.628684
146 58 11.470777
146 59 13.010224
146 60 14.441952
146 61 13.853596
146 62 13.621887
146 63 13.219930
146 64 13.171716
146 65 11.456013
146 66 14.622117
146 67 13.651152
146 68 14.372708
146 69 13.943995
146 70 14.781248
146 71 11.823444
146 72 14.108800
146 73 13.713450
146 74 13.465891
146 75 13.338620
146 76 12.484071
146 77 11.206028
146 78 12.486452
146 79 12.670243
146 80 11.336493
146 81 13.261905
146 82 12.854819
146 83 11.732213
146 84 11.917389
146 85 13.355470
146 86 12.411110
146 87 14.595525
146 88 14.754352
146 89 12.193920
146 90 14.200291
146 91 14.663402
146 92 14.697450
146 93 12.429434
146 94 13.326864
146 95 12.559560
146 96 10.931579
146 97 12.601177
146 98 14.642344
146 99 14.289664
146 100 12.445716
146 101 11.649505
146 102 11.693229
146 103 11.300502
146 104 12.875009
146 105 14.586880
146 106 11.136657
146 107 11.153254
146 108 11.999565
146 109 12.181675
146 110 13.590549
146 111 11.388154
146 112 13.389798
146 113 14.812324
146 114 11.869697
146 115 13.275190
146 116 14.256232
146 117 13.810173
146 118 12.051395
146 119 12.216350
146 120 11.252021
146 121 14.464778
146 122 11.516537
146 123 12.506992
146 124 12.274416
146 125 12.688419
146 126 12.640376
146 127 12.260739
146 128 11.247605
146 129 12.914189
146 130 13.080913
146 131 14.162704
146 132 11.507469
146 133 13.853940
146 134 14.468892
146 135 13.620002
146 136 11.035484
146 137 12.938036
146 138 13.365719
146 139 11.072168
146 140 12.063802
146 141 11.704222
146 142 13.725060
146 143 13.043321
146 144 11.206931
146 145 11.546285
146 147 14.700917
146 148 11.693515
146 149 12.303139
146 150 12.845633
146 151 12.523328
146 152 12.111772
146 153 12.575941
146 154 14.604708
146 155 12.160916
146 156 12.770093
146 157 11.620199
146 158 13.311982
146 159 13.624587
146 160 13.994682
146 161 12.611512
146 162 12.190422
146 163 13.427098
146 164 13.676918
146 165 13.723110
146 166 11.032102
146 167 11.695004
146 168 13.887992
146 169 14.442855
146 170 14.712559
146 171 13.635218
146 172 14.481300
146 173 12.015539
146 174 13.354358
146 175 13.006501
146 176 13.790645
146 177 12.126318
146 178 14.038434
146 179 11.072869
146 180 14.552128
146 181 12.632395
146 182 11.622072
146 183 12.125028
146 184 11.206795
146 185 13.388102
146 186 13.756929
146 187 12.425134
146 188 12.179947
146 189 12.770185
146 190 12.712002
146 191 14.110002
146 192 12.576426
146 193 11.624345
146 194 12.609340
146 195 11.685833
146 196 14.385292
146 197 12.339260
146 198 13.919935
146 199 11.316775
146 200 12.658951
147 0 11.328775
147 1 14.089383
147 2 12.345842
147 3 12.908871
147 4 13.800788
147 5 14.082538
147 6 11.556114
147 7 12.877453
147 8 11.848592
147 9 11.404682
147 10 14.707939
147 11 12.630608
147 12 11.244600
147 13 13.969444
147 14 11.612228
147 15 11.485286
147 16 12.088814
147 17 14.623993
147 18 14.797518
147 19 13.845894
147 20 13.207191
147 21 13.815906
147 22 14.157105
147 23 11.111682
147 24 13.036492
147 25 11.478773
147 26 14.744192
147 27 14.396833
147 28 12.464130
147 29 12.182027
147 30 14.088775
147 31 11.527169
147 32 11.074803
147 33 14.200856
147 34 14.532951
147 35 14.212193
147 36 12.436972
147 37 13.942181
147 38 11.652047
147 39 10.954761
147 40 14.380497
147 41 11.566050
147 42 14.073309
147 43 14.573312
147 44 12.577910
147 45 13.489313
147 46 13.485817
147 47 13.120835
147 48 12.539639
147 49 12.640174
147 50 11.918257
147 51 13.846544
147 52 13.368383
147 53 12.149558
147 54 13.253025
147 55 12.818066
147 56 13.524638
147 57 14.527897
147 58 14.008390
147 59 10.972363
147 60 13.870561
147 61 11.184111
147 62 13.166275
147 63 13.258169
147 64 12.487298
147 65 12.697378
147 66 12.859707
147 67 14.380525
147 68 13.959387
147 69 13.872273
147 70 14.451421
147 71 11.088288
147 72 14.816713
147 73 12.562883
147 74 12.861565
147 75 13.375769
147 76 12.894139
147 77 11.772675
147 78 12.916610
147 79 14.660877
147 80 12.387825
147 81 13.161179
147 82 13.638286
147 83 13.612874
147 84 12.461903
147 85 12.410169
147 86 11.014927
147 87 12.456780
147 88 12.421091
147 89 12.982460
147 90 12.964316
147 91 13.151791
147 92 13.204750
147 93 12.721414
147 94 12.768573
147 95 11.472692
147 96 14.197076
147 97 10.926020
147 98 12.354681
147 99 12.946759
147 100 11.015008
147 101 14.741093
147 102 13.989652
147 103 12.453456
147 104 14.426904
147 105 12.341666
147 106 11.069393
147 107 12.889128
147 108 14.704069
147 109 11.349992
147 110 11.197056
147 111 12.267048
147 112 12.244927
147 113 12.522847
147 114 10.997615
147 115 13.422165
147 116 14.205108
147 117 13.837911
147 118 11.627183
147 119 13.378466
147 120 13.776404
147 121 10.972478
147 122 13.721727
147 123 12.352299
147 124 12.032098
147 125 12.500355
147 126 11.300863
147 127 10.959177
147 128 13.479056
147 129 11.994887
147 130 12.931379
147 131 13.403975
147 132 12.893359
147 133 13.177545
147 134 13.245283
147 135 14.578705
147 136 14.020398
147 137 12.903698
147 138 12.779349
147 139 12.479907
147 140 12.638867
147 141 13.366389
147 142 14.219007
147 143 12.591010
147 144 12.103550
147 145 14.301443
147 146 14.700917
147 148 13.849683
147 149 12.895371
147 150 12.108196
147 151 11.748180
147 152 14.125338
147 153 11.223990
147 154 13.560098
147 155 12.122553
147 156 11.651809
147 157 13.206619
147 158 11.133214
147 159 13.463557
147 160 12.078272
147 161 12.015711
147 162 11.508706
147 163 11.014321
147 164 13.538496
147 165 10.950645
147 166 11.382626
147 167 12.523785
147 168 13.306412
147 169 13.652053
147 170 13.128810
147 171 11.447660
147 172 12.984581
147 173 14.476807
147 174 11.628498
147 175 13.519609
147 176 13.446244
147 177 13.316656
147 178 14.724538
147 179 11.187356
147 180 13.695296
147 181 13.141732
147 182 11.146145
147 183 14.815323
147 184 12.632019
147 185 11.460177
147 186 13.124439
147 187 14.293314
147 188 14.341184
147 189 14.807943
147 190 12.471246
147 191 11.009495
147 192 12.991182
147 193 11.869356
147 194 13.529376
147 195 10.997298
147 196 11.179278
147 197 12.926127
147 198 11.674461
147 199 13.834493
147 200 14.747347
148 0 12.105235
148 1 13.844019
148 2 14.466186
148 3 13.061069
148 4 14.115599
148 5 11.733804
148 6 11.079710
148 7 13.720651
148 8 13.496686
148 9 11.810427
148 10 13.841051
148 11 11.162742
148 12 14.325101
148 13 11.587787
148 14 13.601220
148 15 11.280963
148 16 13.905099
148 17 14.477894
148 18 14.542587
148 19 12.868383
148 20 13.045298
148 21 11.239994
148 22 14.607752
148 23 13.913541
148 24 14.038862
148 25 12.324301
148 26 13.979310
148 27 12.480132
148 28 14.287544
148 29 13.907854
148 30 13.264815
148 31 14.366449
148 32 13.459196
148 33 12.836533
148 34 11.937890
148 35 11.267518
148 36 12.074216
148 37 11.546084
148 38 13.546863
148 39 11.132654
148 40 12.489632
148 41 13.157497
148 42 14.736187
148 43 12.002260
148 44 12.318217
148 45 13.750712
148 46 13.902382
148 47 13.482369
148 48 12.558557
148 49 11.756274
148 50 14.304373
148 51 13.785590
148 52 13.687427
148 53 12.776534
148 54 12.368451
148 55 13.670847
148 56 12.160277
148 57 14.030493
148 58 11.481160
148 59 12.625200
148 60 12.385541
148 61 12.879872
148 62 13.589465
148 63 14.711527
148 64 11.831044
148 65 13.805319
148 66 13.503786
148 67 11.866652
148 68 13.302542
148 69 13.775758
148 70 14.427695
148 71 11.798550
148 72 14.372470
148 73 13.066073
148 74 14.226696
148 75 13.571155
148 76 13.617167
148 77 12.031574
148 78 10.964221
148 79 13.218790
148 80 11.760695
148 81 14.058185
148 82 12.511240
148 83 12.180753
148 84 14.653997
148 85 12.578456
148 86 11.039695
148 87 12.536463
148 88 11.622875
148 89 14.068962
148 90 13.739060
148 91 11.570515
148 92 14.661867
148 93 11.904879
148 94 13.377547
148 95 11.742029
148 96 12.687446
148 97 14.411447
148 98 12.423035
148 99 12.780641
148 100 12.442835
148 101 14.429459
148 102 12.349366
148 103 13.130459
148 104 11.323457
148 105 13.263102
148 106 11.719173
148 107 11.301510
148 108 11.645469
148 109 11.082255
148 110 12.578016
148 111 13.337426
148 112 13.102934
148 113 11.411829
148 114 11.620599
148 115 12.808698
148 116 14.119663
148 117 13.352078
148 118 13.073750
148 119 13.711308
148 120 14.431438
148 121 13.835997
148 122 11.487996
148 123 10.997559
148 124 11.903604
148 125 12.042568
148 126 13.070143
148 127 13.038579
148 128 12.514822
148 129 13.324558
148 130 14.681613
148 131 11.635752
148 132 11.962019
148 133 12.086514
148 134 11.392496
148 135 13.639416
148 136 13.211239
148 137 14.016399
148 138 12.282705
148 139 11.463000
148 140 11.156169
148 141 12.781636
148 142 11.737079
148 143 14.528688
148 144 14.498794
148 145 13.039246
148 146 11.693515
148 147 13.849683
148 149 14.091635
148 150 13.195177
148 151 12.504376
148 152 14.431059
148 153 13.287515
148 154 13.902862
148 155 13.778590
148 156 13.307646
148 157 13.087414
148 158 11.360426
148 159 11.360755
148 160 11.904092
148 161 12.093637
148 162 14.049302
148 163 11.324579
148 164 11.899175
148 165 13.030140
148 166 12.018453
148 167 11.287833
148 168 14.208209
148 169 12.989215
148 170 11.730973
148 171 13.333163
148 172 14.365342
148 173 11.020957
148 174 11.053020
148 175 12.088187
148 176 12.964799
148 177 12.418110
148 178 12.625793
148 179 13.159171
148 180 14.493109
148 181 11.453567
148 182 11.367138
148 183 11.613459
148 184 11.390984
148 185 14.694817
148 186 13.540816
148 187 13.481131
148 188 14.388705
148 189 12.759967
148 190 13.147306
148 191 14.413965
148 192 12.600469
148 193 12.057937
148 194 13.975004
148 195 11.658352
148 196 14.617057
148 197 14.607922
148 198 13.128057
148 199 13.218535
148 200 13.092651
149 0 12.569096
149 1 14.666115
149 2 12.015149
149 3 11.776791
149 4 13.877682
149 5 12.976995
149 6 11.598083
149 7 14.528759
149 8 12.744406
149 9 11.885843
149 10 12.150796
149 11 14.629154
149 12 13.664697
149 13 14.167098
149 14 11.953960
149 15 13.152873
149 16 11.025619
149 17 13.922260
149 18 12.051528
149 19 13.528086
149 20 12.710607
149 21 13.404450
149 22 12.219127
149 23 11.161840
149 24 12.223725
149 25 14.112400
149 26 12.402192
149 27 14.431314
149 28 12.879776
149 29 14.327312
149 30 12.432464
149 31 11.504923
149 32 11.153519
149 33 14.513283
149 34 12.091202
149 35 12.420291
149 36 11.991710
149 37 12.078012
149 38 11.705366
149 39 14.364691
149 40 12.300930
149 41 14.054982
149 42 13.027160
149 43 13.890844
149 44 14.480931
149 45 13.161652
149 46 14.206997
149 47 12.182251
149 48 11.952788
149 49 13.547054
149 50 12.218866
149 51 14.350518
149 52 12.924585
149 53 12.480471
149 54 14.340981
149 55 13.758473
149 56 13.523188
149 57 14.686628
149 58 14.390993
149 59 14.697550
149 60 11.359060
149 61 13.950136
149 62 11.493336
149 63 11.000941
149 64 13.696518
149 65 14.327887
149 66 11.493421
149 67 12.439812
149 68 13.211002
149 69 13.335731
149 70 13.189730
149 71 12.145134
149 72 12.688798
149 73 14.550709
149 74 14.565287
149 75 11.913068
149 76 13.153510
149 77 14.041188
149 78 14.671862
149 79 13.001833
149 80 13.090168
149 81 13.208855
149 82 13.895963
149 83 11.901463
149 84 14.582904
149 85 12.838580
149 86 13.079240
149 87 11.212951
149 88 13.513916
149 89 11.094741
149 90 11.496262
149 91 12.525500
149 92 11.848491
149 93 14.694340
149 94 11.764582
149 95 14.393313
149 96 11.584868
149 97 14.152902
149 98 14.134002
149 99 11.287049
149 100 12.690046
149 101 12.735895
149 102 14.115653
149 103 12.816796
149 104 13.571681
149 105 10.979213
149 106 14.203802
149 107 14.538586
149 108 12.558470
149 109 13.243696
149 110 12.493922
149 111 12.872834
149 112 13.729892
149 113 11.136693
149 114 11.879357
149 115 10.962166
149 116 11.930589
149 117 14.210440
149 118 13.160794
149 119 14.009655
149 120 11.156835
149 121 13.793304
149 122 13.561738
149 123 13.010445
149 124 11.629101
149 125 13.671622
149 126 11.239204
149 127 12.163827
149 128 14.365639
149 129 12.682520
149 130 11.417800
149 131 13.589256
149 132 13.200637
149 133 14.074113
149 134 11.564694
149 135 11.814612
149 136 12.051535
149 137 11.005684
149 138 12.183177
149 139 12.961539
149 140 12.267927
149 141 12.173850
149 142 14.710337
149 143 14.095490
149 144 14.355702
149 145 11.939949
149 146 12.303139
149 147 12.895371
149 148 14.091635
149 150 13.612455
149 151 14.273811
149 152 13.642883
149 153 11.180481
149 154 12.145805
149 155 14.151215
149 156 11.108067
149 157 11.312888
149 158 13.326740
149 159 14.380966
149 160 13.496138
149 161 11.495016
149 162 14.410645
149 163 12.572477
149 164 11.631441
149 165 12.918996
149 166 12.282987
149 167 12.411084
149 168 13.460439
149 169 14.619548
149 170 14.819013
149 171 11.171326
149 172 11.044852
149 173 12.172348
149 174 13.795439
149 175 12.513932
149 176 13.358944
149 177 12.916074
149 178 14.303714
149 179 11.934031
149 180 14.253909
149 181 11.757838
149 182 12.135097
149 183 13.277356
149 184 12.693712
149 185 14.155889
149 186 12.585753
149 187 11.502891
149 188 11.230960
149 189 11.494130
149 190 14.447032
149 191 14.135642
149 192 12.993255
149 193 14.044053
149 194 12.097864
149 195 11.661167
149 196 13.925450
149 197 11.518807
149 198 11.285109
149 199 12.755009
149 200 12.851296
150 0 12.344281
150 1 13.473173
150 2 12.161586
150 3 14.224623
150 4 14.302618
150 5 14.301614
150 6 11.287273
150 7 12.128617
150 8 14.444223
150 9 13.962119
150 10 11.639787
150 11 11.965058
150 12 12.215976
150 13 14.777653
150 14 11.027443
150 15 11.138924
150 16 12.810031
150 17 11.382009
150 18 11.851792
150 19 11.750040
150 20 11.838057
150 21 12.061893
150 22 14.094154
150 23 11.292943
150 24 12.765587
150 25 11.121666
150 26 13.057163
150 27 13.134703
150 28 11.969809
150 29 14.771422
150 30 12.411918
150 31 14.131736
150 32 11.845525
150 33 13.407645
150 34 13.567308
150 35 14.412179
150 36 14.726233
150 37 13.196538
150 38 11.422294
150 39 10.943570
150 40 13.694239
150 41 11.156092
150 42 12.662908
150 43 14.558749
150 44 14.089120
150 45 13.082173
150 46 14.584205
150 47 12.975460
150 48 11.459936
150 49 11.833631
150 50 14.795768
150 51 11.508306
150 52 13.548870
150 53 13.024594
150 54 13.102979
150 55 13.821664
150 56 13.624684
150 57 11.145047
150 58 11.996975
150 59 11.252618
150 60 12.145313
150 61 13.483789
150 62 11.952110
150 63 12.816983
150 64 14.512838
150 65 12.901965
150 66 12.068282
150 67 13.958747
150 68 14.187052
150 69 13.404224
150 70 11.898858
150 71 12.891631
150 72 14.474156
150 73 12.126858
150 74 13.361387
150 75 13.308973
150 76 14.778602
150 77 12.742602
150 78 11.236798
150 79 13.629984
150 80 13.014665
150 81 12.773658
150 82 12.844882
150 83 10.936141
150 84 11.101261
150 85 11.757559
150 86 14.402515
150 87 14.428062
150 88 14.114139
150 89 13.386337
150 90 12.695562
150 91 13.091785
150 92 12.546737
150 93 12.046854
150 94 14.201690
150 95 12.848417
150 96 14.053262
150 97 12.410906
150 98 12.386573
150 99 12.526444
150 100 13.020936
150 101 13.470836
150 102 14.530216
150 103 13.058409
150 104 11.602181
150 105 13.790164
150 106 12.434865
150 107 11.884608
150 108 11.737580
150 109 12.947829
150 110 12.387236
150 111 11.834879
150 112 13.269019
150 113 10.950807
150 114 11.383718
150 115 14.645218
150 116 14.555958
150 117 12.959821
150 118 12.587862
150 119 13.342480
150 120 13.129436
150 121 13.031161
150 122 11.920744
150 123 11.956677
150 124 14.571519
150 125 11.630453
150 126 13.643547
150 127 13.902449
150 128 12.047226
150 129 14.163983
150 130 13.912245
150 131 14.269141
150 132 13.360876
150 133 14.043198
150 134 14.102329
150 135 10.954687
150 136 12.763591
150 137 12.102950
150 138 14.531835
150 139 12.603030
150 140 11.104566
150 141 13.609607
150 142 11.766886
150 143 11.576142
150 144 12.774353
150 145 11.696210
150 146 12.845633
150 147 12.108196
150 148 13.195177
150 149 13.612455
150 151 14.063375
150 152 11.708374
150 153 13.843790
150 154 11.022774
150 155 11.504526
150 156 14.041422
150 157 12.170240
150 158 13.373962
150 159 13.842838
150 160 12.321865
150 161 11.740767
150 162 13.357315
150 163 14.692892
150 164 11.439509
150 165 11.320438
150 166 13.288048
150 167 11.846351
150 168 11.305689
150 169 14.359105
150 170 14.753036
150 171 10.944761
150 172 12.061964
150 173 12.172292
150 174 13.370679
150 175 14.071657
150 176 11.766105
150 177 14.378203
150 178 14.537966
150 179 12.243145
150 180 14.114920
150 181 12.098700
150 182 11.482516
150 183 12.577841
150 184 11.043446
150 185 14.466196
150 186 11.003666
150 187 11.952513
150 188 12.117264
150 189 11.737928
150 190 11.564888
150 191 12.270453
150 192 13.129434
150 193 12.011298
150 194 14.673591
150 195 13.569189
150 196 12.666827
150 197 12.178325
150 198 11.505185
150 199 12.873399
150 200 13.513196
151 0 13.305622
151 1 13.203670
151 2 14.124189
151 3 14.337529
151 4 14.141970
151 5 11.091631
151 6 12.650216
151 7 14.078724
151 8 12.849860
151 9 12.500899
151 10 11.787182
151 11 11.362472
151 12 13.123182
151 13 13.098259
151 14 13.970320
151 15 13.315088
151 16 12.224391
151 17 13.227783
151 18 14.536126
151 19 12.726468
151 20 11.685668
151 21 14.064289
151 22 11.860373
151 23 12.744011
151 24 11.210369
151 25 11.739862
151 26 13.159220
151 27 12.569964
151 28 12.878440
151 29 13.749528
151 30 13.919450
151 31 13.603492
151 32 13.382433
151 33 11.072601
151 34 11.497010
151 35 12.698801
151 36 11.592633
151 37 12.178545
151 38 14.539212
151 39 12.993524
151 40 12.627084
151 41 10.992073
151 42 13.239166
151 43 13.431437
151 44 13.739419
151 45 13.982707
151 46 12.547018
151 47 14.529774
151 48 11.883166
151 49 13.547979
151 50 13.139388
151 51 13.614113
151 52 12.620680
151 53 12.360477
151 54 13.789872
151 55 13.257431
151 56 11.121387
151 57 11.472925
151 58 13.341682
151 59 13.161433
151 60 12.785759
151 61 11.174677
151 62 12.824078
151 63 12.823254
151 64 13.187278
151 65 13.964581
151 66 13.342229
151 67 13.536379
151 68 11.200439
151 69 14.486859
151 70 11.923299
151 71 10.941219
151 72 11.589911
151 73 14.118086
151 74 11.976584
151 75 13.222698
151 76 13.224749
151 77 14.649040
151 78 14.683518
151 79 12.904575
151 80 14.444686
151 81 11.397615
151 82 14.540397
151 83 14.316979
151 84 11.698400
151 85 11.415155
151 86 14.223187
151 87 12.882001
151 88 11.556788
151 89 14.612755
151 90 12.069860
151 91 14.024878
151 92 11.552032
151 93 11.440759
151 94 13.940916
151 95 12.602573
151 96 13.826467
151 97 13.147480
151 98 14.729488
151 99 11.807561
151 100 11.011936
151 101 13.369953
151 102 12.479691
151 103 14.407752
151 104 11.697111
151 105 13.005548
151 106 12.655552
151 107 13.130356
151 108 10.981823
151 109 14.543848
151 110 14.048742
151 111 12.483539
151 112 12.134525
151 113 11.874151
151 114 11.902104
151 115 14.219002
151 116 13.947161
151 117 12.566819
151 118 14.209494
151 119 13.026632
151 120 11.392317
151 121 12.628703
151 122 13.726688
151 123 13.604185
151 124 11.220765
151 125 13.268626
151 126 11.303823
151 127 12.850263
151 128 12.354291
151 129 11.658771
151 130 13.185010
151 131 11.915969
151 132 13.811684
151 133 11.001484
151 134 12.866768
151 135 11.159294
151 136 12.110082
151 137 14.474756
151 138 12.736237
151 139 13.776825
151 140 12.388908
151 141 11.918084
151 142 14.477958
151 143 14.475057
151 144 12.196010
151 145 12.647501
151 146 12.523328
151 147 11.748180
151 148 12.504376
151 149 14.273811
151 150 14.063375
151 152 12.472175
151 153 14.771951
151 154 13.675665
151 155 12.370626
151 156 11.485793
151 157 12.013455
151 158 13.716997
151 159 14.017380
151 160 13.069065
151 161 13.910243
151 162 12.527182
151 163 14.486964
151 164 13.563580
151 165 11.426660
151 166 12.857774
151 167 11.950406
151 168 13.593245
151 169 14.222628
151 170 11.507022
151 171 11.038650
151 172 12.178659
151 173 14.379794
151 174 11.394206
151 175 13.747021
151 176 13.466813
151 177 11.136140
151 178 13.053603
151 179 12.399270
151 180 12.670268
151 181 12.167721
151 182 11.791307
151 183 11.869796
151 184 14.072804
151 185 13.684827
151 186 11.123914
151 187 14.153749
151 188 11.114847
151 189 13.089042
151 190 12.322963
151 191 14.546338
151 192 14.358618
151 193 12.550316
151 194 13.225253
151 195 13.637612
151 196 14.332390
151 197 12.441693
151 198 14.413729
151 199 12.351055
151 200 13.658930
152 0 12.221344
152 1 13.329659
152 2 12.831039
152 3 14.550624
152 4 14.415489
152 5 12.304217
152 6 11.151767
152 7 11.966407
152 8 13.564682
152 9 13.671898
152 10 13.937321
152 11 12.873641
152 12 12.860899
152 13 11.105249
152 14 11.175646
152 15 11.608972
152 16 12.804254
152 17 14.651883
152 18 12.580419
152 19 11.173655
152 20 11.571080
152 21 11.080647
152 22 11.879458
152 23 11.110616
152 24 12.626648
152 25 13.461074
152 26 11.184701
152 27 14.058397
152 28 12.306405
152 29 14.290888
152 30 13.433609
152 31 14.804300
152 32 14.339030
152 33 14.660529
152 34 12.084342
152 35 13.382911
152 36 11.646412
152 37 13.824233
152 38 11.897621
152 39 13.390929
152 40 11.300342
152 41 12.130624
152 42 11.897474
152 43 14.797692
152 44 14.140673
152 45 12.152900
152 46 11.973962
152 47 12.663351
152 48 11.047421
152 49 12.963729
152 50 13.530273
152 51 14.760059
152 52 14.016969
152 53 13.984425
152 54 12.005829
152 55 10.935262
152 56 13.795355
152 57 14.618638
152 58 13.792318
152 59 12.587575
152 60 11.526910
152 61 12.923438
152 62 12.318207
152 63 11.616182
152 64 12.536880
152 65 11.877454
152 66 10.985524
152 67 14.407533
152 68 12.676348
152 69 11.392254
152 70 11.421197
152 71 11.951538
152 72 13.655508
152 73 13.727859
152 74 11.507639
152 75 14.628757
152 76 11.342226
152 77 12.434865
152 78 12.045431
152 79 11.482246
152 80 11.435635
152 81 11.617545
152 82 13.030984
152 83 11.971107
152 84 13.830679
152 85 13.591136
152 86 11.274416
152 87 12.003122
152 88 14.017719
152 89 11.090131
152 90 14.368083
152 91 12.470910
152 92 13.506546
152 93 13.402273
152 94 13.128945
152 95 14.288187
152 96 14.455884
152 97 11.338872
152 98 11.995407
152 99 13.256900
152 100 11.923623
152 101 14.004363
152 102 12.951462
152 103 12.595569
152 104 11.248240
152 105 11.072561
152 106 12.734663
152 107 13.964468
152 108 11.357299
152 109 12.848725
152 110 13.591185
152 111 11.501822
152 112 11.947525
152 113 12.532828
152 114 13.137408
152 115 12.692717
152 116 14.465433
152 117 13.380370
152 118 12.458223
152 119 11.860110
152 120 12.972503
152 121 11.042534
152 122 12.474663
152 123 12.392462
152 124 11.551579
152 125 13.799382
152 126 11.170163
152 127 12.034654
152 128 14.454468
152 129 12.643268
152 130 11.712443
152 131 13.134246
152 132 14.480984
152 133 14.764450
152 134 13.844992
152 135 12.291847
152 136 13.176090
152 137 13.547926
152 138 12.327096
152 139 14.430545
152 140 11.306725
152 141 11.324301
152 142 14.139490
152 143 14.099772
152 144 13.713745
152 145 13.427686
152 146 12.111772
152 147 14.125338
152 148 14.431059
152 149 13.642883
152 150 11.708374
152 151 12.472175
152 153 11.502012
152 154 12.104909
152 155 13.417917
152 156 13.361275
152 157 13.964331
152 158 12.329938
152 159 12.736902
152 160 11.850272
152 161 10.997038
152 162 13.117025
152 163 13.246051
152 164 14.592438
152 165 12.963789
152 166 12.206126
152 167 13.724163
152 168 11.022346
152 169 12.130695
152 170 11.777861
152 171 11.140927
152 172 11.110168
152 173 13.045484
152 174 13.467478
152 175 11.990826
152 176 14.186696
152 177 14.543566
152 178 10.970388
152 179 13.882334
152 180 11.473331
152 181 12.199691
152 182 11.018598
152 183 11.396754
152 184 13.552782
152 185 14.436014
152 186 14.593472
152 187 13.486058
152 188 13.183244
152 189 14.216637
152 190 13.630648
152 191 11.502405
152 192 14.805560
152 193 12.871448
152 194 12.807074
152 195 14.248322
152 196 12.846616
152 197 13.524721
152 198 14.798484
152 199 14.690420
152 200 13.766467
153 0 14.123876
153 1 12.091734
153 2 12.229626
153 3 10.955226
153 4 11.264442
153 5 12.131698
153 6 12.198296
153 7 12.939836
153 8 12.917741
153 9 12.099042
153 10 11.264885
153 11 11.218033
153 12 13.221087
153 13 12.603683
153 14 14.344403
153 15 11.363696
153 16 11.620347
153 17 14.038555
153 18 13.414322
153 19 11.141061
153 20 12.709265
153 21 11.475703
153 22 12.998427
153 23 13.686985
153 24 14.041258
153 25 14.548035
153 26 12.948800
153 27 12.506130
153 28 13.624913
153 29 12.058285
153 30 13.755426
153 31 13.189570
153 32 13.383576
153 33 14.182839
153 34 12.749773
153 35 12.661140
153 36 11.469494
153 37 11.931107
153 38 10.998341
153 39 14.616937
153 40 14.806846
153 41 10.950140
153 42 12.567245
153 43 11.441567
153 44 12.586094
153 45 13.337621
153 46 11.331271
153 47 12.307609
153 48 12.147508
153 49 11.837053
153 50 12.818613
153 51 13.912099
153 52 13.786210
153 53 12.957726
153 54 11.179884
153 55 14.053059
153 56 12.156808
153 57 10.991461
153 58 12.115372
153 59 12.639938
153 60 12.749670
153 61 14.128825
153 62 12.034983
153 63 13.148962
153 64 11.619282
153 65 13.615776
153 66 12.374003
153 67 12.502519
153 68 14.231764
153 69 14.748054
153 70 13.272042
153 71 13.728076
153 72 13.695138
153 73 13.829496
153 74 13.287207
153 75 12.339600
153 76 10.960018
153 77 11.667407
153 78 10.997368
153 79 11.066195
153 80 12.064250
153 81 11.434358
153 82 12.369308
153 83 11.348179
153 84 12.388870
153 85 14.225401
153 86 12.025789
153 87 11.467366
153 88 14.782524
153 89 13.420553
153 90 12.511425
153 91 14.657467
153 92 13.179585
153 93 12.254699
153 94 12.710071
153 95 11.833152
153 96 11.335599
153 97 14.570400
153 98 12.516839
153 99 14.616222
153 100 12.754633
153 101 13.309718
153 102 11.031228
153 103 11.653072
153 104 13.294129
153 105 12.976773
153 106 11.815037
153 107 11.959828
153 108 11.149742
153 109 13.577139
153 110 11.312542
153 111 13.863747
153 112 11.944431
153 113 13.379060
153 114 10.921060
153 115 11.331649
153 116 14.332852
153 117 12.066809
153 118 11.936003
153 119 13.043352
153 120 14.802510
153 121 14.234731
153 122 13.441929
153 123 13.165711
153 124 11.720999
153 125 14.264790
153 126 13.462274
153 127 12.451157
153 128 14.809470
153 129 13.532007
153 130 13.426591
153 131 12.788196
153 132 13.346194
153 133 12.941606
153 134 14.203040
153 135 13.914925
153 136 11.417724
153 137 11.237121
153 138 12.948397
153 139 11.690469
153 140 13.741978
153 141 14.557755
153 142 12.086648
153 143 13.602614
153 144 13.411964
153 145 12.274315
153 146 12.575941
153 147 11.223990
153 148 13.287515
153 149 11.180481
153 150 13.843790
153 151 14.771951
153 152 11.502012
153 154 12.452623
153 155 12.833172
153 156 11.744532
153 157 13.712112
153 158 13.555719
153 159 13.587806
153 160 14.159415
153 161 13.314497
153 162 13.795646
153 163 13.207116
153 164 11.148386
153 165 13.308574
153 166 11.544127
153 167 13.912953
153 168 14.159346
153 169 14.307635
153 170 13.767440
153 171 11.767875
153 172 12.249032
153 173 11.841982
153 174 12.769028
153 175 13.329156
153 176 13.274334
153 177 11.691229
153 178 12.607156
153 179 13.510124
153 180 13.369603
153 181 11.746238
153 182 14.524459
153 183 12.792642
153 184 14.800307
153 185 11.086640
153 186 11.165625
153 187 11.991092
153 188 11.113637
153 189 11.622799
153 190 11.290265
153 191 12.155065
153 192 13.824036
153 193 13.495906
153 194 11.931463
153 195 14.069111
153 196 13.567169
153 197 12.479103
153 198 14.019195
153 199 13.705494
153 200 14.291183
154 0 11.949297
154 1 12.817106
154 2 14.218878
154 3 14.335926
154 4 14.340673
154 5 12.588321
154 6 12.849432
154 7 14.324489
154 8 14.342313
154 9 14.226253
154 10 12.943853
154 11 12.982509
154 12 12.543515
154 13 12.602543
154 14 13.686372
154 15 13.955595
154 16 13.778835
154 17 14.719993
154 18 14.764718
154 19 14.496316
154 20 14.208130
154 21 14.253611
154 22 13.185861
154 23 12.707129
154 24 12.457471
154 25 11.372267
154 26 11.979628
154 27 12.321240
154 28 14.423631
154 29 11.274000
154 30 13.256350
154 31 14.622614
154 32 14.288140
154 33 11.858312
154 34 14.152526
154 35 10.987734
154 36 11.394616
154 37 14.486081
154 38 12.659211
154 39 11.594855
154 40 12.702585
154 41 14.813940
154 42 13.087500
154 43 12.157165
154 44 12.692667
154 45 12.858824
154 46 14.199362
154 47 12.990134
154 48 12.294446
154 49 12.047610
154 50 12.975054
154 51 13.745925
154 52 13.487281
154 53 13.878502
154 54 11.417002
154 55 12.965420
154 56 14.424277
154 57 14.351886
154 58 13.621201
154 59 12.144227
154 60 12.651994
154 61 12.481202
154 62 12.527000
154 63 13.558034
154 64 14.310377
154 65 12.651019
154 66 14.436457
154 67 12.580755
154 68 14.594976
154 69 11.748559
154 70 13.552964
154 71 14.745023
154 72 11.723301
154 73 12.774554
154 74 12.340331
154 75 11.707441
154 76 12.115411
154 77 12.279624
154 78 13.995525
154 79 12.670256
154 80 11.137889
154 81 13.174859
154 82 11.059301
154 83 12.874913
154 84 13.784064
154 85 13.418052
154 86 11.416924
154 87 14.756017
154 88 14.110180
154 89 14.148913
154 90 13.952857
154 91 14.408860
154 92 11.761643
154 93 11.366155
154 94 14.525496
154 95 12.135528
154 96 13.023167
154 97 12.752282
154 98 14.482737
154 99 12.901190
154 100 11.924593
154 101 13.566262
154 102 12.959331
154 103 13.856699
154 104 10.974245
154 105 13.430299
154 106 12.424963
154 107 11.879834
154 108 14.435808
154 109 11.077078
154 110 12.887995
154 111 12.743227
154 112 13.687213
154 113 11.492248
154 114 11.925727
154 115 12.795321
154 116 13.314726
154 117 11.298464
154 118 14.522858
154 119 11.751960
154 120 11.273848
154 121 11.619232
154 122 13.158959
154 123 13.543752
154 124 12.026931
154 125 13.806231
154 126 13.415149
154 127 12.118085
154 128 12.869234
154 129 14.012022
154 130 11.113842
154 131 11.855964
154 132 14.508578
154 133 13.879878
154 134 11.981008
154 135 12.186175
154 136 14.765500
154 137 13.996688
154 138 13.111916
154 139 13.026289
154 140 11.200864
154 141 12.827008
154 142 11.589534
154 143 14.774333
154 144 11.154477
154 145 12.843669
154 146 14.604708
154 147 13.560098
154 148 13.902862
154 149 12.145805
154 150 11.022774
154 151 13.675665
154 152 12.104909
154 153 12.452623
154 155 11.681330
154 156 11.174161
154 157 11.014911
154 158 12.361572
154 159 12.654113
154 160 11.443319
154 161 13.291808
154 162 14.133299
154 163 14.800627
154 164 11.891823
154 165 11.815732
154 166 12.342004
154 167 14.311787
154 168 13.142347
154 169 12.695074
154 170 14.124436
154 171 11.250004
154 172 13.419897
154 173 12.764691
154 174 12.705533
154 175 13.263693
154 176 13.344381
154 177 14.316942
154 178 12.481699
154 179 12.269828
154 180 11.058934
154 181 11.930347
154 182 14.308095
154 183 11.726264
154 184 11.708956
154 185 12.897734
154 186 11.218040
154 187 13.053423
154 188 11.853877
154 189 13.718164
154 190 14.669880
154 191 13.408454
154 192 14.336414
154 193 13.152963
154 194 12.699013
154 195 11.459103
154 196 13.283074
154 197 11.357711
154 198 13.939997
154 199 11.382989
154 200 12.558073
155 0 12.238151
155 1 13.990732
155 2 12.689672
155 3 11.073239
155 4 14.506198
155 5 10.929259
155 6 12.519200
155 7 12.520684
155 8 11.679606
155 9 11.970444
155 10 12.514315
155 11 14.032743
155 12 12.023536
155 13 12.392667
155 14 13.500586
155 15 11.852411
155 16 12.013112
155 17 12.546791
155 18 14.241542
155 19 12.663246
155 20 14.606906
155 21 13.971820
155 22 13.757009
155 23 13.464594
155 24 14.553362
155 25 11.715735
155 26 13.761255
155 27 12.181097
155 28 12.239076
155 29 13.248822
155 30 12.060558
155 31 10.947907
155 32 11.091261
155 33 13.566520
155 34 11.051999
155 35 13.342512
155 36 12.967010
155 37 14.371717
155 38 12.575607
155 39 11.450290
155 40 14.726014
155 41 13.565180
155 42 13.399126
155 43 14.619942
155 44 13.602832
155 45 14.381185
155 46 12.310281
155 47 11.991398
155 48 13.472148
155 49 13.924576
155 50 10.950797
155 51 13.587670
155 52 14.439292
155 53 14.067709
155 54 11.090620
155 55 14.423160
155 56 14.564478
155 57 13.444516
155 58 11.172244
155 59 11.088279
155 60 11.952189
155 61 14.277969
155 62 13.474881
155 63 11.081144
155 64 12.149338
155 65 14.178616
155 66 11.640345
155 67 13.827156
155 68 12.174734
155 69 11.284084
155 70 13.360697
155 71 13.367283
155 72 11.553310
155 73 13.135836
155 74 11.805848
155 75 14.370008
155 76 12.493049
155 77 14.726181
155 78 13.645702
155 79 11.933876
155 80 11.149219
155 81 11.469268
155 82 11.392041
155 83 13.223724
155 84 13.918778
155 85 14.019892
155 86 10.973457
155 87 11.074246
155 88 11.508474
155 89 12.242509
155 90 10.966683
155 91 14.445894
155 92 13.098678
155 93 11.809964
155 94 11.882970
155 95 13.124509
155 96 12.081164
155 97 14.475732
155 98 13.347667
155 99 14.063873
155 100 11.772037
155 101 11.121638
155 102 11.180662
155 103 12.133177
155 104 11.295256
155 105 12.421219
155 106 14.692088
155 107 14.743202
155 108 13.499426
155 109 12.768139
155 110 11.240902
155 111 13.644982
155 112 14.097108
155 113 13.671649
155 114 11.050916
155 115 11.168835
155 116 13.912386
155 117 11.729661
155 118 12.340949
155 119 13.371283
155 120 14.446746
155 121 12.027019
155 122 11.782975
155 123 11.849045
155 124 11.866995
155 125 14.578023
155 126 13.812828
155 127 14.755854
155 128 13.888403
155 129 12.996981
155 130 12.860501
155 131 11.376948
155 132 12.844181
155 133 14.330786
155 134 12.423707
155 135 13.350492
155 136 10.998940
155 137 11.416148
155 138 11.006760
155 139 14.757354
155 140 11.885938
155 141 11.981606
155 142 12.102133
155 143 14.248282
155 144 13.820832
155 145 11.924752
155 146 12.160916
155 147 12.122553
155 148 13.778590
155 149 14.151215
155 150 11.504526
155 151 12.370626
155 152 13.417917
155 153 12.833172
155 154 11.681330
155 156 11.183478
155 157 12.828042
155 158 12.986753
155 159 11.328718
155 160 14.466271
155 161 12.193588
155 162 12.865176
155 163 12.182618
155 164 13.876432
155 165 11.131321
155 166 12.214303
155 167 13.831425
155 168 13.278358
155 169 14.746070
155 170 13.368009
155 171 12.311886
155 172 13.329554
155 173 13.313509
155 174 11.335797
155 175 11.586458
155 176 11.268876
155 177 13.168526
155 178 11.905365
155 179 14.162248
155 180 12.367057
155 181 14.244728
155 182 12.720889
155 183 14.045751
155 184 11.442557
155 185 14.181699
155 186 12.370793
155 187 12.331473
155 188 14.276557
155 189 12.707720
155 190 11.418718
155 191 13.586053
155 192 14.144187
155 193 11.792343
155 194 14.735292
155 195 12.926420
155 196 11.889137
155 197 14.441742
155 198 11.251948
155 199 12.351005
155 200 13.193093
156 0 11.824105
156 1 11.010899
156 2 14.462191
156 3 11.811267
156 4 14.076726
156 5 13.109333
156 6 13.408751
156 7 12.045008
156 8 11.571925
156 9 14.429399
156 10 11.569620
156 11 13.472470
156 12 13.413666
156 13 12.553073
156 14 14.683798
156 15 12.650173
156 16 14.622897
156 17 12.674956
156 18 11.485401
156 19 11.350088
156 20 13.097980
156 21 12.826184
156 22 11.398639
156 23 12.174776
156 24 14.291092
156 25 12.884363
156 26 14.475906
156 27 13.812540
156 28 14.774269
156 29 11.764249
156 30 12.149611
156 31 11.794273
156 32 12.169604
156 33 12.983084
156 34 11.370004
156 35 13.022090
156 36 11.813910
156 37 11.089161
156 38 12.132328
156 39 12.612276
156 40 11.121871
156 41 11.064352
156 42 13.667462
156 43 14.505619
156 44 11.478332
156 45 11.423556
156 46 12.401062
156 47 13.111287
156 48 14.338015
156 49 13.983817
156 50 11.087575
156 51 13.525739
156 52 11.315170
156 53 12.535124
156 54 11.410796
156 55 12.465951
156 56 11.775503
156 57 11.132897
156 58 12.513166
156 59 14.040234
156 60 14.563882
156 61 11.485546
156 62 12.866700
156 63 11.385669
156 64 12.621415
156 65 12.367363
156 66 12.475411
156 67 12.772713
156 68 12.578003
156 69 14.384198
156 70 11.178613
156 71 11.215587
156 72 11.595099
156 73 13.542863
156 74 12.742785
156 75 12.699075
156 76 13.918915
156 77 13.947113
156 78 13.745658
156 79 14.063966
156 80 14.128801
156 81 13.515537
156 82 13.113346
156 83 13.388399
156 84 12.975611
156 85 11.690949
156 86 13.390886
156 87 11.553642
156 88 14.208495
156 89 11.782779
156 90 11.973134
156 91 11.146911
156 92 14.411657
156 93 13.960710
156 94 12.634806
156 95 13.375650
156 96 11.817765
156 97 11.024313
156 98 14.754343
156 99 11.369518
156 100 13.631939
156 101 13.694763
156 102 13.511626
156 103 12.562541
156 104 13.894222
156 105 13.580119
156 106 12.700729
156 107 12.392262
156 108 11.990270
156 109 12.370151
156 110 11.557962
156 111 13.228208
156 112 14.120796
156 113 14.036377
156 114 12.112179
156 115 11.982279
156 116 12.256826
156 117 11.536165
156 118 13.944519
156 119 11.031353
156 120 14.762031
156 121 12.772706
156 122 11.983532
156 123 13.318513
156 124 13.131344
156 125 14.263001
156 126 13.622590
156 127 11.867717
156 128 12.620270
156 129 12.052990
156 130 12.911493
156 131 11.208213
156 132 12.341780
156 133 12.377767
156 134 10.965177
156 135 12.511695
156 136 13.348270
156 137 13.573088
156 138 12.210344
156 139 12.754974
156 140 12.111184
156 141 13.715156
156 142 12.911407
156 143 14.129892
156 144 13.799504
156 145 12.795815
156 146 12.770093
156 147 11.651809
156 148 13.307646
156 149 11.108067
156 150 14.041422
156 151 11.485793
156 152 13.361275
156 153 11.744532
156 154 11.174161
156 155 11.183478
156 157 13.950021
156 158 12.610638
156 159 12.418530
156 160 11.073252
156 161 12.142899
156 162 13.862536
156 163 12.400951
156 164 11.889473
156 165 14.058486
156 166 14.199588
156 167 14.201300
156 168 11.670540
156 169 12.017545
156 170 11.876672
156 171 13.222993
156 172 12.988034
156 173 13.126956
156 174 11.790425
156 175 14.693691
156 176 12.489102
156 177 11.545170
156 178 12.082186
156 179 14.666738
156 180 10.979207
156 181 12.237038
156 182 11.273026
156 183 12.174770
156 184 12.800389
156 185 12.346255
156 186 13.857726
156 187 11.437254
156 188 11.437276
156 189 14.554484
156 190 12.629983
156 191 14.554297
156 192 11.302881
156 193 12.547739
156 194 10.954217
156 195 11.391810
156 196 14.798709
156 197 14.154335
156 198 11.506205
156 199 14.427347
156 200 12.047752
157 0 13.522240
157 1 12.134503
157 2 12.950737
157 3 13.845484
157 4 13.933399
157 5 14.444955
157 6 12.062004
157 7 13.577848
157 8 11.131084
157 9 11.996262
157 10 12.680598
157 11 14.181596
157 12 11.677827
157 13 12.543275
157 14 13.708171
157 15 11.978156
157 16 12.787660
157 17 13.961289
157 18 11.172023
157 19 11.921874
157 20 11.274677
157 21 13.768120
157 22 13.930203
157 23 12.321455
157 24 11.185712
157 25 11.827811
157 26 12.203539
157 27 14.642681
157 28 13.387492
157 29 12.969062
157 30 12.081771
157 31 11.003053
157 32 14.102352
157 33 13.949670
157 34 14.393397
157 35 12.299051
157 36 12.316039
157 37 12.265145
157 38 11.192033
157 39 12.433080
157 40 12.718457
157 41 12.603291
157 42 12.499559
157 43 13.969596
157 44 11.370293
157 45 11.288383
157 46 12.562654
157 47 11.971814
157 48 13.690599
157 49 14.545280
157 50 14.271100
157 51 13.680332
157 52 14.748325
157 53 11.807802
157 54 12.607063
157 55 14.803756
157 56 13.677899
157 57 13.477282
157 58 14.316296
157 59 12.061786
157 60 12.913161
157 61 14.338386
157 62 12.223200
157 63 14.030047
157 64 12.709449
157 65 12.218795
157 66 14.468652
157 67 13.223669
157 68 11.113284
157 69 13.165529
157 70 14.558729
157 71 12.309380
157 72 13.586909
157 73 11.940724
157 74 11.097931
157 75 13.468881
157 76 14.493191
157 77 12.429343
157 78 13.517909
157 79 13.655864
157 80 11.177299
157 81 12.094149
157 82 13.895657
157 83 12.454603
157 84 13.328936
157 85 11.095742
157 86 11.085083
157 87 13.477083
157 88 11.402329
157 89 13.950246
157 90 13.251823
157 91 11.669843
157 92 12.984617
157 93 12.408666
157 94 13.740557
157 95 13.612834
157 96 12.681477
157 97 14.123857
157 98 11.425991
157 99 13.248965
157 100 13.193178
157 101 11.582939
157 102 14.666528
157 103 11.061588
157 104 12.757685
157 105 13.459764
157 106 12.822797
157 107 13.278042
157 108 11.812552
157 109 11.504153
157 110 13.982573
157 111 12.586302
157 112 12.670189
157 113 11.045028
157 114 12.366184
157 115 12.006759
157 116 13.562186
157 117 12.652961
157 118 10.955697
157 119 12.446780
157 120 12.059402
157 121 13.777247
157 122 14.332060
157 123 11.762990
157 124 13.394132
157 125 11.436262
157 126 12.063272
157 127 11.385618
157 128 11.545703
157 129 12.041867
157 130 12.291756
157 131 12.880770
157 132 14.409108
157 133 12.913563
157 134 11.867908
157 135 13.321281
157 136 12.480106
157 137 11.689362
157 138 11.037496
157 139 10.988952
157 140 13.730726
157 141 12.659598
157 142 13.582124
157 143 14.457297
157 144 13.288730
157 145 11.069325
157 146 11.620199
157 147 13.206619
157 148 13.087414
157 149 11.312888
157 150 12.170240
157 151 12.013455
157 152 13.964331
157 153 13.712112
157 154 11.014911
157 155 12.828042
157 156 13.950021
157 158 14.738405
157 159 12.665345
157 160 13.129640
157 161 13.036237
157 162 13.099077
157 163 11.074721
157 164 14.085950
157 165 12.400067
157 166 12.668776
157 167 14.650878
157 168 11.400564
157 169 14.518048
157 170 11.489980
157 171 12.632030
157 172 11.420890
157 173 12.171698
157 174 13.274862
157 175 12.017194
157 176 14.384281
157 177 12.466159
157 178 14.487184
157 179 12.458556
157 180 14.546948
157 181 13.218549
157 182 14.779342
157 183 13.937695
157 184 13.516538
157 185 13.557537
157 186 13.170798
157 187 12.634911
157 188 13.866609
157 189 14.412929
157 190 12.766542
157 191 13.486869
157 192 14.329364
157 193 13.420856
157 194 12.750460
157 195 12.608908
157 196 14.102914
157 197 11.307038
157 198 14.432234
157 199 13.388073
157 200 13.025844
158 0 13.586959
158 1 14.022007
158 2 12.624114
158 3 11.403864
158 4 12.370856
158 5 14.654230
158 6 14.115024
158 7 11.346089
158 8 11.324741
158 9 12.231094
158 10 14.283547
158 11 11.713839
158 12 11.755549
158 13 13.476044
158 14 11.801850
158 15 11.891024
158 16 11.278060
158 17 11.057055
158 18 14.279745
158 19 12.283040
158 20 12.615854
158 21 14.299339
158 22 12.843370
158 23 12.988704
158 24 11.268580
158 25 13.567084
158 26 14.631027
158 27 11.568386
158 28 12.007029
158 29 14.594510
158 30 13.805304
158 31 13.601618
158 32 13.956112
158 33 14.397509
158 34 12.098292
158 35 13.307287
158 36 11.805885
158 37 11.764771
158 38 13.270354
158 39 11.267868
158 40 12.830516
158 41 11.143144
158 42 11.262500
158 43 13.247402
158 44 12.529102
158 45 13.734707
158 46 12.512050
158 47 11.849935
158 48 13.250890
158 49 12.689879
158 50 11.119185
158 51 14.208961
158 52 13.894987
158 53 14.687511
158 54 11.463233
158 55 13.526859
158 56 12.146909
158 57 12.592126
158 58 11.617519
158 59 12.672262
158 60 11.894504
158 61 12.755143
158 62 10.986561
158 63 13.759440
158 64 14.607984
158 65 14.757406
158 66 11.793383
158 67 11.448386
158 68 14.780259
158 69 14.197556
158 70 11.697813
158 71 12.760792
158 72 11.929981
158 73 13.855367
158 74 12.494900
158 75 11.879460
158 76 11.862683
158 77 13.258841
158 78 11.397221
158 79 11.891324
158 80 12.122572
158 81 14.009906
158 82 13.479788
158 83 13.156100
158 84 13.937644
158 85 14.324750
158 86 11.475440
158 87 14.533421
158 88 14.029097
158 89 11.160599
158 90 12.975987
158 91 12.412150
158 92 13.044387
158 93 11.302092
158 94 13.670333
158 95 14.772370
158 96 12.279437
158 97 13.607791
158 98 14.176168
158 99 11.031616
158 100 11.683846
158 101 12.043982
158 102 14.781576
158 103 13.390810
158 104 14.188023
158 105 11.633562
158 106 12.695577
158 107 14.502348
158 108 12.717040
158 109 14.419853
158 110 14.805960
158 111 11.475904
158 112 13.044847
158 113 13.737696
158 114 14.041166
158 115 13.172658
158 116 12.270370
158 117 13.291752
158 118 14.669451
158 119 13.427770
158 120 14.565803
158 121 14.252431
158 122 13.012745
158 123 11.262309
158 124 13.948930
158 125 13.223175
158 126 11.259876
158 127 13.738072
158 128 11.136850
158 129 14.460432
158 130 12.794314
158 131 11.456309
158 132 14.016661
158 133 14.361601
158 134 11.436241
158 135 12.515076
158 136 12.739501
158 137 13.452440
158 138 12.525988
158 139 14.764756
158 140 11.191336
158 141 13.736545
158 142 14.460244
158 143 14.041471
158 144 11.539666
158 145 13.904191
158 146 13.311982
158 147 11.133214
158 148 11.360426
158 149 13.326740
158 150 13.373962
158 151 13.716997
158 152 12.329938
158 153 13.555719
158 154 12.361572
158 155 12.986753
158 156 12.610638
158 157 14.738405
158 159 11.403784
158 160 11.407834
158 161 14.787667
158 162 13.027761
158 163 11.501616
158 164 14.772244
158 165 12.159239
158 166 12.389330
158 167 12.497288
158 168 12.961902
158 169 14.712326
158 170 14.393110
158 171 14.751204
158 172 14.424149
158 173 13.318284
158 174 13.979998
158 175 14.206384
158 176 13.164288
158 177 11.564082
158 178 11.601269
158 179 11.805044
158 180 12.770514
158 181 11.292814
158 182 13.275916
158 183 12.886890
158 184 13.002541
158 185 13.939537
158 186 11.488845
158 187 11.469904
158 188 13.176077
158 189 11.307699
158 190 11.418481
158 191 11.688369
158 192 13.615382
158 193 13.413672
158 194 11.253625
158 195 12.051500
158 196 11.885033
158 197 12.164716
158 198 11.377716
158 199 12.897512
158 200 12.235518
159 0 12.292770
159 1 13.347164
159 2 14.182474
159 3 13.964458
159 4 14.596830
159 5 11.322353
159 6 13.138808
159 7 12.113299
159 8 13.928116
159 9 13.739672
159 10 13.217474
159 11 11.300808
159 12 13.053012
159 13 11.083241
159 14 14.624525
159 15 13.229158
159 16 11.713538
159 17 11.517796
159 18 12.518073
159 19 12.401261
159 20 12.196448
159 21 12.030931
159 22 11.924018
159 23 12.849364
159 24 12.691265
159 25 13.972408
159 26 12.409763
159 27 11.282025
159 28 12.336762
159 29 11.533348
159 30 12.088711
159 31 14.704191
159 32 11.158519
159 33 13.154455
159 34 11.981698
159 35 11.814650
159 36 13.536151
159 37 14.233653
159 38 11.153974
159 39 12.962240
159 40 12.200524
159 41 12.411121
159 42 14.510999
159 43 13.545327
159 44 14.474421
159 45 12.737246
159 46 12.881714
159 47 13.681617
159 48 13.643846
159 49 14.344244
159 50 14.583052
159 51 11.180879
159 52 12.858012
159 53 13.952689
159 54 13.975467
159 55 13.001088
159 56 11.667390
159 57 11.210374
159 58 13.216712
159 59 12.552021
159 60 14.572479
159 61 10.942449
159 62 11.953710
159 63 13.118144
159 64 12.500742
159 65 12.239329
159 66 13.490682
159 67 13.345552
159 68 14.455958
159 69 11.425271
159 70 13.880425
159 71 11.398169
159 72 11.076583
159 73 14.647658
159 74 12.591254
159 75 12.469625
159 76 12.215099
159 77 11.767967
159 78 13.011500
159 79 13.889418
159 80 11.067317
159 81 14.504433
159 82 12.096474
159 83 13.877499
159 84 14.404249
159 85 13.646656
159 86 11.770725
159 87 11.272211
159 88 11.600008
159 89 14.657352
159 90 11.610226
159 91 13.060667
159 92 12.766836
159 93 12.570296
159 94 13.788361
159 95 11.196645
159 96 11.671012
159 97 13.029589
159 98 11.905020
159 99 11.914324
159 100 12.176231
159 101 14.044208
159 102 14.351363
159 103 13.449121
159 104 11.061257
159 105 12.757462
159 106 11.674567
159 107 14.647916
159 108 11.861647
159 109 13.976089
159 110 11.701046
159 111 11.550794
159 112 13.159670
159 113 14.564256
159 114 13.510595
159 115 13.769610
159 116 12.582375
159 117 14.767307
159 118 11.017837
159 119 13.453287
159 120 11.187772
159 121 12.802424
159 122 12.898952
159 123 13.058055
159 124 11.159482
159 125 12.875583
159 126 11.993825
159 127 13.933387
159 128 11.448917
159 129 12.706598
159 130 13.853410
159 131 14.078646
159 132 11.752681
159 133 13.555272
159 134 14.076461
159 135 11.257165
159 136 13.502634
159 137 13.665091
159 138 13.475330
159 139 12.798382
159 140 12.162446
159 141 14.026385
159 142 14.771444
159 143 12.037463
159 144 13.160497
159 145 12.366234
159 146 13.624587
159 147 13.463557
159 148 11.360755
159 149 14.380966
159 150 13.842838
159 151 14.017380
159 152 12.736902
159 153 13.587806
159 154 12.654113
159 155 11.328718
159 156 12.418530
159 157 12.665345
159 158 11.403784
159 160 13.887894
159 161 14.705351
159 162 13.847166
159 163 12.600815
159 164 11.479635
159 165 11.827842
159 166 12.626327
159 167 12.526184
159 168 12.765630
159 169 12.107476
159 170 14.079762
159 171 14.069385
159 172 13.680699
159 173 13.654323
159 174 12.548143
159 175 14.675233
159 176 13.930890
159 177 14.286171
159 178 13.081328
159 179 13.508900
159 180 13.847663
159 181 12.954901
159 182 12.727548
159 183 14.723043
159 184 13.647195
159 185 12.989016
159 186 11.088027
159 187 13.160037
159 188 14.781461
159 189 14.439635
159 190 14.516284
159 191 12.543985
159 192 13.454390
159 193 11.982606
159 194 12.993531
159 195 13.656741
159 196 11.520298
159 197 13.692780
159 198 12.075882
159 199 14.147864
159 200 12.758360
160 0 12.406185
160 1 14.131987
160 2 14.439006
160 3 11.789200
160 4 12.190225
160 5 11.211702
160 6 11.665525
160 7 14.132317
160 8 11.873292
160 9 13.884541
160 10 11.406113
160 11 12.207864
160 12 12.879490
160 13 12.964257
160 14 11.105361
160 15 11.428227
160 16 13.378299
160 17 11.806056
160 18 13.070384
160 19 13.884242
160 20 11.623965
160 21 12.860470
160 22 13.873695
160 23 11.987276
160 24 11.742880
160 25 12.309977
160 26 13.601743
160 27 12.664189
160 28 13.289158
160 29 11.729601
160 30 14.713660
160 31 11.176783
160 32 11.374742
160 33 12.915707
160 34 12.519960
160 35 12.823732
160 36 14.072638
160 37 14.597015
160 38 14.133350
160 39 11.197499
160 40 14.680869
160 41 12.750028
160 42 14.030836
160 43 12.421616
160 44 11.810514
160 45 11.787494
160 46 11.682132
160 47 12.826176
160 48 12.465298
160 49 11.528879
160 50 14.725527
160 51 14.107914
160 52 11.032747
160 53 12.404233
160 54 11.300009
160 55 14.581363
160 56 11.933128
160 57 13.490409
160 58 14.561008
160 59 11.654209
160 60 12.026557
160 61 11.671986
160 62 11.593901
160 63 14.045515
160 64 11.076018
160 65 12.947193
160 66 13.234235
160 67 13.912811
160 68 13.718557
160 69 13.535110
160 70 10.956685
160 71 13.209371
160 72 11.690536
160 73 11.933975
160 74 14.702565
160 75 13.754267
160 76 11.512587
160 77 13.499320
160 78 14.658353
160 79 14.063501
160 80 10.963540
160 81 14.721545
160 82 12.735179
160 83 11.390795
160 84 13.982139
160 85 12.175876
160 86 14.461602
160 87 12.850605
160 88 13.594000
160 89 14.212017
160 90 12.596641
160 91 14.372377
160 92 13.704719
160 93 11.815125
160 94 12.316493
160 95 12.787624
160 96 14.510974
160 97 14.349680
160 98 12.618055
160 99 13.438924
160 100 14.063653
160 101 14.635645
160 102 12.891067
160 103 11.151994
160 104 11.875279
160 105 11.604455
160 106 11.899262
160 107 11.556680
160 108 12.689089
160 109 12.817672
160 110 13.864639
160 111 13.369368
160 112 11.456598
160 113 11.974583
160 114 13.290608
160 115 13.490003
160 116 12.119706
160 117 12.764923
160 118 11.812294
160 119 14.396926
160 120 12.518190
160 121 14.665412
160 122 14.145804
160 123 13.975273
160 124 12.486834
160 125 12.539785
160 126 12.516174
160 127 12.648792
160 128 11.029130
160 129 12.929435
160 130 12.471338
160 131 11.629035
160 132 14.128137
160 133 13.503752
160 134 11.507694
160 135 14.117999
160 136 11.393973
160 137 12.295034
160 138 11.754099
160 139 11.970740
160 140 10.984626
160 141 11.605200
160 142 12.818525
160 143 12.994279
160 144 11.628175
160 145 14.135678
160 146 13.994682
160 147 12.078272
160 148 11.904092
160 149 13.496138
160 150 12.321865
160 151 13.069065
160 152 11.850272
160 153 14.159415
160 154 11.443319
160 155 14.466271
160 156 11.073252
160 157 13.129640
160 158 11.407834
160 159 13.887894
160 161 13.399340
160 162 11.851624
160 163 14.563544
160 164 14.218613
160 165 11.159759
160 166 13.854099
160 167 13.344929
160 168 11.358122
160 169 14.346302
160 170 14.481409
160 171 11.147491
160 172 14.051825
160 173 13.802291
160 174 11.532498
160 175 13.981295
160 176 11.097413
160 177 14.434947
160 178 11.241232
160 179 12.699550
160 180 12.622045
160 181 14.471377
160 182 12.952096
160 183 12.069044
160 184 12.709105
160 185 11.611932
160 186 13.809173
160 187 14.365659
160 188 12.999460
160 189 13.395655
160 190 11.578352
160 191 12.790154
160 192 12.110377
160 193 14.189773
160 194 13.804674
160 195 11.522426
160 196 13.466472
160 197 12.687242
160 198 14.199118
160 199 12.485583
160 200 12.257343
161 0 11.782016
161 1 13.372831
161 2 11.701974
161 3 11.545531
161 4 14.680042
161 5 14.137712
161 6 12.689171
161 7 13.496960
161 8 14.756860
161 9 13.622957
161 10 12.846513
161 11 11.839458
161 12 11.877311
161 13 12.579922
161 14 11.126828
161 15 11.224851
161 16 13.698696
161 17 11.354726
161 18 11.481979
161 19 11.214321
161 20 12.875255
161 21 14.503330
161 22 11.713671
161 23 13.758223
161 24 14.656627
161 25 14.164712
161 26 13.425446
161 27 12.210928
161 28 12.966402
161 29 14.473431
161 30 13.920128
161 31 13.621558
161 32 13.315674
161 33 13.648111
161 34 12.412840
161 35 11.377955
161 36 14.746414
161 37 11.323515
161 38 13.762854
161 39 12.490058
161 40 11.974328
161 41 12.955020
161 42 13.350551
161 43 13.990267
161 44 11.354645
161 45 11.554504
161 46 12.357512
161 47 12.355389
161 48 12.637772
161 49 11.048704
161 50 14.103717
161 51 13.023389
161 52 11.922055
161 53 11.363751
161 54 11.793656
161 55 14.581959
161 56 12.920226
161 57 11.928789
161 58 11.581257
161 59 11.124012
161 60 13.731231
161 61 13.321562
161 62 14.602304
161 63 12.334087
161 64 12.152637
161 65 14.673701
161 66 13.422201
161 67 13.967060
161 68 12.499989
161 69 12.499186
161 70 14.062540
161 71 11.901311
161 72 14.659692
161 73 13.511004
161 74 12.880250
161 75 12.778992
161 76 14.204416
161 77 12.012685
161 78 11.201753
161 79 11.387419
161 80 14.444202
161 81 13.555003
161 82 11.441875
161 83 11.464591
161 84 11.818512
161 85 11.213399
161 86 14.003929
161 87 12.140818
161 88 11.673667
161 89 13.771742
161 90 12.138549
161 91 11.241327
161 92 12.905268
161 93 14.058289
161 94 13.301114
161 95 11.439503
161 96 12.567776
161 97 14.016155
161 98 12.062503
161 99 12.810120
161 100 13.355538
161 101 13.823867
161 102 12.802612
161 103 13.737059
161 104 11.795232
161 105 10.929612
161 106 13.563927
161 107 13.906177
161 108 14.097792
161 109 11.853577
161 110 12.939232
161 111 13.683511
161 112 11.106268
161 113 11.117267
161 114 11.875706
161 115 11.665700
161 116 13.212011
161 117 14.185329
161 118 12.255555
161 119 13.013642
161 120 12.887656
161 121 11.040752
161 122 14.188334
161 123 13.104425
161 124 11.125147
161 125 13.637169
161 126 12.700511
161 127 13.296015
161 128 12.949405
161 129 14.195419
161 130 12.645920
161 131 13.615977
161 132 13.115444
161 133 12.030889
161 134 13.912766
161 135 11.869285
161 136 12.142046
161 137 11.524538
161 138 12.143197
161 139 11.009364
161 140 13.954067
161 141 12.855033
161 142 13.140760
161 143 14.817101
161 144 13.920525
161 145 12.932396
161 146 12.611512
161 147 12.015711
161 148 12.093637
161 149 11.495016
161 150 11.740767
161 151 13.910243
161 152 10.997038
161 153 13.314497
161 154 13.291808
161 155 12.193588
161 156 12.142899
161 157 13.036237
161 158 14.787667
161 159 14.705351
161 160 13.399340
161 162 14.788560
161 163 12.238795
161 164 14.121115
161 165 12.250831
161 166 11.919060
161 167 14.164876
161 168 11.713946
161 169 13.287033
161 170 12.291916
161 171 12.985125
161 172 11.782426
161 173 14.398340
161 174 13.550634
161 175 13.268022
161 176 13.134529
161 177 11.636185
161 178 11.047760
161 179 13.707568
161 180 10.967395
161 181 12.498177
161 182 14.773274
161 183 11.079424
161 184 11.919285
161 185 13.484249
161 186 11.159096
161 187 12.383947
161 188 11.361096
161 189 12.291117
161 190 13.767476
161 191 13.286036
161 192 11.260380
161 193 14.191162
161 194 11.202912
161 195 11.241382
161 196 14.619660
161 197 10.952065
161 198 14.122869
161 199 14.296526
161 200 12.026985
162 0 13.613114
162 1 13.819039
162 2 10.998722
162 3 12.803812
162 4 13.300377
162 5 14.314290
162 6 13.006387
162 7 12.471816
162 8 13.582449
162 9 13.805865
162 10 13.925549
162 11 12.440047
162 12 12.094688
162 13 13.048204
162 14 13.709514
162 15 11.027250
162 16 11.478901
162 17 14.217873
162 18 11.559157
162 19 14.373929
162 20 12.122587
162 21 11.324597
162 22 11.622893
162 23 13.682200
162 24 14.390396
162 25 12.079590
162 26 14.526438
162 27 11.888895
162 28 14.384678
162 29 14.265279
162 30 11.434355
162 31 11.034825
162 32 12.763116
162 33 13.686513
162 34 11.807887
162 35 12.584617
162 36 11.333049
162 37 14.688660
162 38 12.002036
162 39 12.002695
162 40 14.032612
162 41 14.120316
162 42 12.044255
162 43 14.599078
162 44 12.669889
162 45 14.813744
162 46 14.496501
162 47 13.810681
162 48 13.316676
162 49 14.690868
162 50 11.091887
162 51 11.051657
162 52 13.937582
162 53 12.740042
162 54 10.991846
162 55 13.260189
162 56 11.661106
162 57 11.664893
162 58 14.406155
162 59 13.755273
162 60 11.866511
162 61 14.204990
162 62 14.162021
162 63 12.814571
162 64 12.675077
162 65 12.803137
162 66 13.838097
162 67 12.492887
162 68 11.526292
162 69 14.442365
162 70 11.248935
162 71 11.659854
162 72 13.529923
162 73 11.483070
162 74 14.390578
162 75 14.431571
162 76 11.804023
162 77 11.312770
162 78 11.048246
162 79 12.507567
162 80 13.494546
162 81 12.197736
162 82 12.274424
162 83 13.839200
162 84 11.825549
162 85 13.759107
162 86 11.643367
162 87 12.639674
162 88 13.469940
162 89 13.290341
162 90 13.719043
162 91 13.165677
162 92 13.617516
162 93 12.327116
162 94 13.857225
162 95 11.972042
162 96 12.948682
162 97 11.312570
162 98 11.939305
162 99 14.458139
162 100 12.144045
162 101 12.505662
162 102 14.104083
162 103 13.826203
162 104 14.029592
162 105 11.795506
162 106 12.014401
162 107 13.287064
162 108 12.252443
162 109 13.821073
162 110 11.837811
162 111 12.493480
162 112 13.019527
162 113 11.588523
162 114 11.464789
162 115 14.122386
162 116 12.568216
162 117 11.186796
162 118 12.434526
162 119 13.555272
162 120 12.559925
162 121 13.377458
162 122 12.895783
162 123 12.569278
162 124 12.645424
162 125 14.239314
162 126 14.106921
162 127 11.597394
162 128 14.439439
162 129 13.569801
162 130 14.006478
162 131 14.228470
162 132 12.998185
162 133 12.990329
162 134 11.046387
162 135 11.844615
162 136 14.602743
162 137 11.458495
162 138 12.904189
162 139 14.597586
162 140 12.647407
162 141 13.199925
162 142 13.406104
162 143 11.521780
162 144 14.121753
162 145 13.019079
162 146 12.190422
162 147 11.508706
162 148 14.049302
162 149 14.410645
162 150 13.357315
162 151 12.527182
162 152 13.117025
162 153 13.795646
162 154 14.133299
162 155 12.865176
162 156 13.862536
162 157 13.099077
162 158 13.027761
162 159 13.847166
162 160 11.851624
162 161 14.788560
162 163 11.024532
162 164 11.901153
162 165 13.798199
162 166 14.184473
162 167 14.632555
162 168 10.988179
162 169 12.124895
162 170 11.686023
162 171 13.199118
162 172 10.962247
162 173 12.971173
162 174 12.222389
162 175 14.030134
162 176 12.965131
162 177 12.355850
162 178 12.097835
162 179 11.963778
162 180 11.642053
162 181 14.676440
162 182 14.744303
162 183 13.282513
162 184 12.414116
162 185 11.672580
162 186 11.670542
162 187 14.495243
162 188 11.906714
162 189 13.628253
162 190 11.993465
162 191 12.960769
162 192 13.223969
162 193 13.510807
162 194 11.520347
162 195 11.397291
162 196 13.069686
162 197 12.660195
162 198 14.086808
162 199 14.199903
162 200 14.104182
163 0 13.716679
163 1 13.347293
163 2 13.222915
163 3 12.497648
163 4 11.664834
163 5 14.115805
163 6 14.132213
163 7 11.925712
163 8 11.107275
163 9 11.176411
163 10 12.261664
163 11 12.412826
163 12 11.607205
163 13 14.160954
163 14 14.286739
163 15 14.768912
163 16 13.063899
163 17 12.671188
163 18 14.181228
163 19 14.517336
163 20 14.154113
163 21 13.812778
163 22 12.101272
163 23 11.000252
163 24 14.007499
163 25 11.301763
163 26 14.770045
163 27 11.294706
163 28 13.211980
163 29 11.004168
163 30 14.813256
163 31 14.439784
163 32 13.037388
163 33 13.506242
163 34 14.028694
163 35 11.130752
163 36 12.284188
163 37 14.407107
163 38 11.621968
163 39 12.505008
163 40 11.315810
163 41 14.475356
163 42 13.516071
163 43 13.940355
163 44 13.667865
163 45 12.015636
163 46 14.728515
163 47 13.640165
163 48 11.389126
163 49 12.096438
163 50 14.278232
163 51 11.281480
163 52 13.660979
163 53 13.759530
163 54 14.086813
163 55 12.307862
163 56 10.977501
163 57 11.330344
163 58 11.243917
163 59 12.346063
163 60 12.297122
163 61 14.721529
163 62 13.505580
163 63 11.008729
163 64 13.949783
163 65 12.354083
163 66 14.450767
163 67 13.243449
163 68 14.461928
163 69 11.749000
163 70 13.251562
163 71 11.818714
163 72 14.253333
163 73 14.354630
163 74 11.937549
163 75 13.844209
163 76 12.551893
163 77 11.225078
163 78 12.122495
163 79 11.690881
163 80 13.515191
163 81 11.607390
163 82 14.098927
163 83 14.310411
163 84 13.919442
163 85 11.332124
163 86 11.740770
163 87 13.210585
163 88 14.649206
163 89 11.489238
163 90 11.217858
163 91 12.825116
163 92 12.768703
163 93 13.516148
163 94 10.944345
163 95 11.399465
163 96 12.910944
163 97 12.529774
163 98 11.903881
163 99 14.801467
163 100 10.998080
163 101 14.223983
163 102 13.867091
163 103 13.365698
163 104 13.150259
163 105 14.089110
163 106 12.668192
163 107 13.574040
163 108 11.672671
163 109 12.194081
163 110 14.158300
163 111 12.224564
163 112 13.849680
163 113 11.574037
163 114 12.282918
163 115 11.084512
163 116 14.718341
163 117 11.224347
163 118 12.202448
163 119 12.671232
163 120 12.865025
163 121 13.329860
163 122 10.945967
163 123 13.446491
163 124 14.446784
163 125 14.695845
163 126 14.205079
163 127 11.359193
163 128 12.962136
163 129 11.109330
163 130 12.551512
163 131 11.457368
163 132 11.776279
163 133 13.838301
163 134 12.871792
163 135 12.137147
163 136 10.987738
163 137 13.160630
163 138 14.240990
163 139 13.945096
163 140 11.280981
163 141 13.508310
163 142 13.586655
163 143 13.183226
163 144 12.560797
163 145 12.143337
163 146 13.427098
163 147 11.014321
163 148 11.324579
163 149 12.572477
163 150 14.692892
163 151 14.486964
163 152 13.246051
163 153 13.207116
163 154 14.800627
163 155 12.182618
163 156 12.400951
163 157 11.074721
163 158 11.501616
163 159 12.600815
163 160 14.563544
163 161 12.238795
163 162 11.024532
163 164 13.748483
163 165 12.341225
163 166 13.748744
163 167 11.828502
163 168 12.807874
163 169 12.197619
163 170 12.070105
163 171 12.997514
163 172 14.246426
163 173 14.170720
163 174 14.327344
163 175 12.322782
163 176 11.905087
163 177 13.453186
163 178 11.702042
163 179 14.781767
163 180 14.355586
163 181 11.341645
163 182 11.512238
163 183 12.083624
163 184 12.772434
163 185 12.345846
163 186 11.578541
163 187 11.123828
163 188 13.869530
163 189 14.419482
163 190 14.057216
163 191 13.483538
163 192 13.129323
163 193 12.487186
163 194 14.286784
163 195 12.911790
163 196 10.984793
163 197 11.997313
163 198 12.718533
163 199 10.941765
163 200 13.213998
164 0 13.870266
164 1 11.479859
164 2 12.998308
164 3 10.968741
164 4 11.531759
164 5 14.412574
164 6 13.016861
164 7 13.080996
164 8 12.342594
164 9 11.337796
164 10 14.428074
164 11 13.272383
164 12 12.465289
164 13 12.124712
164 14 11.148066
164 15 11.127166
164 16 13.438544
164 17 12.808202
164 18 13.526777
164 19 11.571338
164 20 11.577731
164 21 11.330626
164 22 13.656353
164 23 14.036178
164 24 14.487774
164 25 11.393698
164 26 12.885676
164 27 13.925513
164 28 11.687939
164 29 14.473852
164 30 13.597901
164 31 11.595268
164 32 12.607317
164 33 13.591988
164 34 12.911655
164 35 13.930718
164 36 13.160247
164 37 14.789748
164 38 14.773561
164 39 12.768625
164 40 13.817149
164 41 14.485041
164 42 12.109206
164 43 12.928062
164 44 11.906390
164 45 12.248085
164 46 13.750589
164 47 13.397844
164 48 12.632556
164 49 13.995801
164 50 12.806150
164 51 13.492491
164 52 11.623623
164 53 11.788058
164 54 11.796126
164 55 12.657787
164 56 14.569868
164 57 11.194559
164 58 14.209809
164 59 14.187321
164 60 13.609378
164 61 14.148239
164 62 11.087236
164 63 13.386301
164 64 13.579893
164 65 11.093301
164 66 14.340648
164 67 11.358213
164 68 12.758023
164 69 13.230000
164 70 11.777838
164 71 13.317252
164 72 12.310807
164 73 12.498490
164 74 13.006143
164 75 13.424425
164 76 11.136333
164 77 12.938125
164 78 11.524711
164 79 13.581113
164 80 14.430938
164 81 14.171153
164 82 14.020122
164 83 12.406577
164 84 11.677331
164 85 12.363544
164 86 13.204400
164 87 14.689851
164 88 13.716884
164 89 13.292639
164 90 14.347732
164 91 14.538287
164 92 14.183907
164 93 12.695296
164 94 13.684186
164 95 13.015033
164 96 12.037112
164 97 12.882911
164 98 11.930727
164 99 12.066925
164 100 11.202947
164 101 11.472869
164 102 12.548167
164 103 13.068623
164 104 11.678167
164 105 12.380677
164 106 11.114060
164 107 12.573859
164 108 13.808212
164 109 11.753536
164 110 13.412091
164 111 11.057239
164 112 12.921409
164 113 12.167769
164 114 11.670337
164 115 12.025499
164 116 12.134262
164 117 11.173370
164 118 11.035950
164 119 11.644687
164 120 13.270454
164 121 11.134963
164 122 11.795713
164 123 12.181165
164 124 12.570212
164 125 13.019525
164 126 11.541710
164 127 13.901142
164 128 14.537463
164 129 13.938205
164 130 12.496085
164 131 14.105010
164 132 14.729314
164 133 14.413267
164 134 11.524330
164 135 12.335857
164 136 13.362811
164 137 13.702038
164 138 13.995862
164 139 11.607297
164 140 12.305168
164 141 11.548070
164 142 12.824445
164 143 11.588580
164 144 12.327798
164 145 11.472484
164 146 13.676918
164 147 13.538496
164 148 11.899175
164 149 11.631441
164 150 11.439509
164 151 13.563580
164 152 14.592438
164 153 11.148386
164 154 11.891823
164 155 13.876432
164 156 11.889473
164 157 14.085950
164 158 14.772244
164 159 11.479635
164 160 14.218613
164 161 14.121115
164 162 11.901153
164 163 13.748483
164 165 13.783607
164 166 14.066489
164 167 12.118035
164 168 11.323806
164 169 14.036185
164 170 11.090597
164 171 12.600237
164 172 13.506057
164 173 11.902636
164 174 13.033477
164 175 12.094976
164 176 14.068949
164 177 14.022686
164 178 14.736057
164 179 14.695442
164 180 14.529228
164 181 11.820125
164 182 11.719224
164 183 11.173299
164 184 13.126929
164 185 11.758616
164 186 10.970207
164 187 14.388888
164 188 11.510815
164 189 14.569003
164 190 14.233230
164 191 14.773875
164 192 12.140424
164 193 13.635079
164 194 14.721727
164 195 11.275942
164 196 12.966682
164 197 13.626041
164 198 11.275159
164 199 12.915965
164 200 13.819756
165 0 12.282885
165 1 13.633704
165 2 14.621990
165 3 13.821136
165 4 14.441137
165 5 14.539932
165 6 14.084106
165 7 13.787998
165 8 11.466474
165 9 14.157723
165 10 12.324361
165 11 13.872970
165 12 12.403183
165 13 11.947711
165 14 11.708068
165 15 12.679004
165 16 10.963944
165 17 13.028137
165 18 11.563023
165 19 12.734675
165 20 11.059316
165 21 12.942350
165 22 14.420221
165 23 13.087975
165 24 12.873115
165 25 14.526911
165 26 13.860748
165 27 13.393500
165 28 11.362439
165 29 13.764969
165 30 10.953308
165 31 11.005342
165 32 13.142730
165 33 13.663199
165 34 12.711607
165 35 11.659984
165 36 12.107673
165 37 12.446863
165 38 12.605867
165 39 11.704959
165 40 14.688354
165 41 12.005679
165 42 13.519711
165 43 12.537125
165 44 12.450927
165 45 13.542847
165 46 12.679826
165 47 12.982807
165 48 12.197455
165 49 14.771914
165 50 12.519925
165 51 11.305104
165 52 14.567553
165 53 12.246486
165 54 11.803028
165 55 14.655106
165 56 13.155244
165 57 12.839929
165 58 13.922023
165 59 13.511535
165 60 13.227278
165 61 14.077214
165 62 13.534593
165 63 12.682471
165 64 10.948599
165 65 12.759045
165 66 11.128616
165 67 14.469870
165 68 13.648126
165 69 12.535887
165 70 14.348407
165 71 14.298338
165 72 13.745374
165 73 14.379250
165 74 14.274157
165 75 12.711532
165 76 13.623727
165 77 12.549382
165 78 13.136043
165 79 12.268015
165 80 12.220741
165 81 11.919859
165 82 13.339882
165 83 13.018264
165 84 12.650312
165 85 11.145705
165 86 12.687660
165 87 11.352000
165 88 11.028337
165 89 12.450961
165 90 13.362840
165 91 14.721431
165 92 14.059028
165 93 12.820767
165 94 14.198869
165 95 11.961165
165 96 11.416865
165 97 12.687311
165 98 13.033802
165 99 14.287315
165 100 11.515288
165 101 11.029844
165 102 11.404811
165 103 14.424979
165 104 13.985532
165 105 11.350535
165 106 12.680829
165 107 11.440783
165 108 11.427423
165 109 13.281473
165 110 11.524183
165 111 13.180305
165 112 12.590269
165 113 14.229317
165 114 13.194046
165 115 14.387588
165 116 11.141809
165 117 12.968974
165 118 12.980113
165 119 11.284559
165 120 11.538597
165 121 12.146193
165 122 13.448145
165 123 13.650978
165 124 14.785111
165 125 12.946817
165 126 13.893123
165 127 13.437681
165 128 13.143130
165 129 14.174510
165 130 14.196648
165 131 13.120011
165 132 12.870682
165 133 12.333931
165 134 11.066858
165 135 11.867390
165 136 10.994206
165 137 11.159584
165 138 11.472294
165 139 11.913865
165 140 10.940712
165 141 11.152602
165 142 13.694843
165 143 11.671259
165 144 14.402795
165 145 11.301849
165 146 13.723110
165 147 10.950645
165 148 13.030140
165 149 12.918996
165 150 11.320438
165 151 11.426660
165 152 12.963789
165 153 13.308574
165 154 11.815732
165 155 11.131321
165 156 14.058486
165 157 12.400067
165 158 12.159239
165 159 11.827842
165 160 11.159759
165 161 12.250831
165 162 13.798199
165 163 12.341225
165 164 13.783607
165 166 11.702583
165 167 13.569804
165 168 12.668246
165 169 13.292684
165 170 13.800899
165 171 14.001875
165 172 11.270054
165 173 13.543535
165 174 14.278180
165 175 13.650877
165 176 11.310518
165 177 14.691613
165 178 13.903658
165 179 11.250022
165 180 13.169088
165 181 11.045681
165 182 13.830132
165 183 11.234440
165 184 11.017131
165 185 12.590971
165 186 14.397893
165 187 11.091740
165 188 11.515008
165 189 13.861215
165 190 13.065723
165 191 12.203306
165 192 12.665079
165 193 14.272290
165 194 12.245955
165 195 13.055126
165 196 12.229232
165 197 14.193509
165 198 14.606079
165 199 14.231090
165 200 12.221950
166 0 11.163547
166 1 14.658354
166 2 13.644613
166 3 12.793010
166 4 11.744176
166 5 14.633708
166 6 13.282696
166 7 11.041278
166 8 13.707750
166 9 11.669879
166 10 14.360681
166 11 12.789517
166 12 14.313328
166 13 13.329779
166 14 12.498022
166 15 11.927594
166 16 13.412633
166 17 13.816126
166 18 11.067620
166 19 13.253158
166 20 12.929859
166 21 12.859087
166 22 14.490460
166 23 11.305359
166 24 13.296665
166 25 11.066120
166 26 14.288396
166 27 11.590523
166 28 13.659921
166 29 12.703388
166 30 14.336174
166 31 12.714445
166 32 14.471708
166 33 12.447522
166 34 13.904673
166 35 11.500795
166 36 11.932177
166 37 13.051731
166 38 11.367564
166 39 11.907587
166 40 12.236017
166 41 11.717842
166 42 11.557943
166 43 13.533934
166 44 13.932479
166 45 14.400356
166 46 13.032324
166 47 12.486166
166 48 12.036480
166 49 13.675672
166 50 13.679383
166 51 14.490559
166 52 11.240602
166 53 11.632472
166 54 11.297919
166 55 12.717988
166 56 13.246031
166 57 13.724051
166 58 12.787109
166 59 12.386967
166 60 13.081431
166 61 11.791752
166 62 13.410062
166 63 14.798015
166 64 11.184844
166 65 14.427407
166 66 11.293168
166 67 14.441708
166 68 12.265387
166 69 11.760720
166 70 14.471193
166 71 11.666449
166 72 14.578637
166 73 14.475155
166 74 13.770431
166 75 14.079449
166 76 11.559293
166 77 13.014065
166 78 13.668255
166 79 11.548894
166 80 11.460010
166 81 14.781190
166 82 12.267955
166 83 14.720697
166 84 13.692996
166 85 14.127469
166 86 14.526834
166 87 11.524808
166 88 14.430024
166 89 12.568457
166 90 13.179003
166 91 14.174702
166 92 13.783313
166 93 12.035404
166 94 11.833497
166 95 13.083205
166 96 11.561216
166 97 12.184534
166 98 10.927862
166 99 11.832920
166 100 14.696642
166 101 12.236643
166 102 12.465395
166 103 13.580422
166 104 13.953027
166 105 14.730231
166 106 12.522275
166 107 11.066187
166 108 12.608754
166 109 11.329359
166 110 11.214974
166 111 12.147278
166 112 13.138827
166 113 11.843181
166 114 14.737322
166 115 12.983741
166 116 13.262111
166 117 14.215278
166 118 13.918714
166 119 13.466467
166 120 12.438414
166 121 12.984529
166 122 13.912848
166 123 12.810167
166 124 12.146302
166 125 12.618868
166 126 11.562709
166 127 11.588522
166 128 11.146966
166 129 14.780260
166 130 12.050899
166 131 13.232979
166 132 12.750700
166 133 10.946740
166 134 11.209243
166 135 14.646797
166 136 11.050658
166 137 11.679551
166 138 13.275887
166 139 12.867287
166 140 13.433267
166 141 14.698510
166 142 12.874314
166 143 12.141121
166 144 12.576465
166 145 13.176798
166 146 11.032102
166 147 11.382626
166 148 12.018453
166 149 12.282987
166 150 13.288048
166 151 12.857774
166 152 12.206126
166 153 11.544127
166 154 12.342004
166 155 12.214303
166 156 14.199588
166 157 12.668776
166 158 12.389330
166 159 12.626327
166 160 13.854099
166 161 11.919060
166 162 14.184473
166 163 13.748744
166 164 14.066489
166 165 11.702583
166 167 14.176671
166 168 14.356679
166 169 14.334140
166 170 13.885063
166 171 12.865936
166 172 14.570270
166 173 13.151593
166 174 14.616568
166 175 11.848055
166 176 12.121088
166 177 14.087909
166 178 13.199476
166 179 14.472230
166 180 11.538262
166 181 11.652620
166 182 11.351368
166 183 13.078055
166 184 13.581523
166 185 13.438942
166 186 14.183811
166 187 12.256430
166 188 11.341530
166 189 13.320426
166 190 13.497445
166 191 13.526750
166 192 11.577405
166 193 13.844815
166 194 14.217178
166 195 12.080879
166 196 12.541525
166 197 12.738749
166 198 11.413284
166 199 13.271029
166 200 12.623546
167 0 12.767909
167 1 11.947608
167 2 14.462647
167 3 12.171058
167 4 13.398231
167 5 14.012867
167 6 11.707833
167 7 12.129350
167 8 11.806996
167 9 12.688928
167 10 12.522906
167 11 14.458465
167 12 12.395971
167 13 13.197665
167 14 14.809490
167 15 12.284902
167 16 11.987459
167 17 12.137370
167 18 11.169719
167 19 13.170848
167 20 12.497268
167 21 14.673162
167 22 10.926630
167 23 12.532101
167 24 11.070104
167 25 12.826410
167 26 12.838609
167 27 11.488196
167 28 12.191977
167 29 13.719089
167 30 12.466736
167 31 11.542571
167 32 13.445810
167 33 13.468426
167 34 12.968499
167 35 11.979785
167 36 13.493912
167 37 12.596645
167 38 12.689954
167 39 14.211181
167 40 14.418854
167 41 12.474324
167 42 12.571180
167 43 14.816105
167 44 12.081673
167 45 11.142452
167 46 14.473447
167 47 14.551743
167 48 14.445617
167 49 11.017606
167 50 12.469618
167 51 14.229520
167 52 11.322735
167 53 11.356269
167 54 14.750599
167 55 13.882247
167 56 12.813225
167 57 13.280919
167 58 11.554530
167 59 13.940724
167 60 14.135396
167 61 12.770160
167 62 12.859226
167 63 11.633656
167 64 12.092639
167 65 13.392205
167 66 14.452416
167 67 12.303396
167 68 13.448457
167 69 11.768722
167 70 14.240548
167 71 14.123549
167 72 12.419051
167 73 14.241635
167 74 11.310481
167 75 13.574136
167 76 11.076795
167 77 12.273929
167 78 12.774179
167 79 11.689558
167 80 13.456900
167 81 14.344402
167 82 13.463174
167 83 13.555910
167 84 14.431222
167 85 12.570188
167 86 12.522614
167 87 11.225878
167 88 13.943578
167 89 13.213861
167 90 14.248760
167 91 14.043539
167 92 14.684573
167 93 11.365222
167 94 12.036028
167 95 13.680559
167 96 11.481521
167 97 12.960862
167 98 13.105768
167 99 11.156540
167 100 11.481218
167 101 11.352601
167 102 11.184417
167 103 13.616458
167 104 12.220959
167 105 11.910677
167 106 11.338281
167 107 11.740620
167 108 11.047028
167 109 13.737451
167 110 13.376442
167 111 13.642691
167 112 11.489333
167 113 11.809740
167 114 14.598716
167 115 14.441060
167 116 14.543228
167 117 11.325671
167 118 14.185119
167 119 13.868704
167 120 14.182831
167 121 12.636513
167 122 11.842576
167 123 12.247864
167 124 11.869773
167 125 13.716376
167 126 13.530131
167 127 11.505540
167 128 13.568543
167 129 11.716365
167 130 12.476113
167 131 14.230620
167 132 11.615932
167 133 13.015922
167 134 13.821948
167 135 12.245367
167 136 11.678901
167 137 14.434654
167 138 14.496532
167 139 12.363392
167 140 13.970405
167 141 13.905668
167 142 12.577797
167 143 14.271901
167 144 14.692965
167 145 14.601454
167 146 11.695004
167 147 12.523785
167 148 11.287833
167 149 12.411084
167 150 11.846351
167 151 11.950406
167 152 13.724163
167 153 13.912953
167 154 14.311787
167 155 13.831425
167 156 14.201300
167 157 14.650878
167 158 12.497288
167 159 12.526184
167 160 13.344929
167 161 14.164876
167 162 14.632555
167 163 11.828502
167 164 12.118035
167 165 13.569804
167 166 14.176671
167 168 12.324128
167 169 14.662716
167 170 11.451056
167 171 10.933722
167 172 13.047261
167 173 11.190453
167 174 14.119574
167 175 11.268251
167 176 14.318721
167 177 12.185729
167 178 14.061229
167 179 12.035718
167 180 14.121104
167 181 11.171288
167 182 10.976032
167 183 11.316742
167 184 11.877900
167 185 12.454876
167 186 12.436377
167 187 12.842467
167 188 14.598549
167 189 13.168866
167 190 11.502870
167 191 11.451158
167 192 11.224367
167 193 12.359589
167 194 11.817709
167 195 14.199174
167 196 11.744017
167 197 13.595601
167 198 11.007066
167 199 12.619642
167 200 11.865081
168 0 10.991846
168 1 11.969700
168 2 11.809777
168 3 14.561393
168 4 14.149994
168 5 12.734630
168 6 13.457995
168 7 14.544682
168 8 11.139203
168 9 13.270312
168 10 11.881641
168 11 13.378191
168 12 14.563029
168 13 12.100058
168 14 14.552661
168 15 11.336714
168 16 11.899196
168 17 13.241989
168 18 12.059042
168 19 13.003033
168 20 12.651220
168 21 12.943846
168 22 12.725640
168 23 11.778554
168 24 14.512682
168 25 12.966873
168 26 10.970312
168 27 12.250742
168 28 13.481567
168 29 11.021442
168 30 13.775925
168 31 13.105281
168 32 12.165940
168 33 13.846905
168 34 12.262107
168 35 13.299843
168 36 12.462323
168 37 12.701921
168 38 13.548886
168 39 12.312942
168 40 11.768883
168 41 10.994846
168 42 12.213618
168 43 13.822267
168 44 14.777623
168 45 14.122279
168 46 13.633775
168 47 13.030346
168 48 11.536244
168 49 13.767360
168 50 13.671594
168 51 11.414007
168 52 11.760883
168 53 12.484929
168 54 13.509370
168 55 13.356659
168 56 14.573888
168 57 13.225085
168 58 13.529148
168 59 12.408141
168 60 11.293717
168 61 12.398307
168 62 14.710692
168 63 13.169932
168 64 14.344966
168 65 13.601355
168 66 11.558932
168 67 11.259003
168 68 12.176885
168 69 12.686629
168 70 14.137377
168 71 11.215193
168 72 11.152514
168 73 13.694204
168 74 11.012392
168 75 13.385790
168 76 11.660505
168 77 12.399549
168 78 12.113114
168 79 12.403575
168 80 12.489126
168 81 14.154824
168 82 12.248126
168 83 11.558600
168 84 13.211260
168 85 13.656672
168 86 12.589222
168 87 14.015565
168 88 11.997290
168 89 11.407696
168 90 12.668520
168 91 13.508998
168 92 12.234184
168 93 14.165963
168 94 13.783870
168 95 12.586770
168 96 12.620482
168 97 12.862340
168 98 12.944985
168 99 13.865636
168 100 14.218377
168 101 11.025558
168 102 12.794783
168 103 11.190047
168 104 11.649564
168 105 12.037983
168 106 10.944932
168 107 14.010737
168 108 13.113532
168 109 11.295197
168 110 14.114075
168 111 12.872678
168 112 14.029929
168 113 12.319710
168 114 14.290142
168 115 13.887164
168 116 11.716620
168 117 11.696670
168 118 14.042800
168 119 14.381652
168 120 11.370605
168 121 13.874263
168 122 14.161132
168 123 12.732829
168 124 12.713819
168 125 14.325717
168 126 12.637757
168 127 12.481349
168 128 13.394224
168 129 12.752390
168 130 11.579053
168 131 13.286329
168 132 14.635349
168 133 14.616410
168 134 13.166370
168 135 14.661500
168 136 14.541462
168 137 14.035619
168 138 13.780864
168 139 11.285919
168 140 12.894098
168 141 13.883888
168 142 13.955708
168 143 13.677909
168 144 11.125318
168 145 12.207479
168 146 13.887992
168 147 13.306412
168 148 14.208209
168 149 13.460439
168 150 11.305689
168 151 13.593245
168 152 11.022346
168 153 14.159346
168 154 13.142347
168 155 13.278358
168 156 11.670540
168 157 11.400564
168 158 12.961902
168 159 12.765630
168 160 11.358122
168 161 11.713946
168 162 10.988179
168 163 12.807874
168 164 11.323806
168 165 12.668246
168 166 14.356679
168 167 12.324128
168 169 12.172694
168 170 14.065143
168 171 14.233034
168 172 11.145315
168 173 14.565285
168 174 11.824635
168 175 12.746232
168 176 11.462861
168 177 13.761159
168 178 12.423176
168 179 13.267036
168 180 12.985299
168 181 13.294417
168 182 11.593608
168 183 11.419164
168 184 14.624559
168 185 14.815965
168 186 14.514574
168 187 14.713010
168 188 11.854108
168 189 14.778290
168 190 14.132508
168 191 12.616237
168 192 14.650504
168 193 10.995860
168 194 11.367442
168 195 13.480560
168 196 12.689886
168 197 12.706552
168 198 13.211501
168 199 14.754609
168 200 14.688882
169 0 14.306724
169 1 14.111550
169 2 10.928325
169 3 14.633294
169 4 14.032327
169 5 11.193233
169 6 11.470922
169 7 12.625460
169 8 11.311468
169 9 12.358378
169 10 12.449749
169 11 10.988990
169 12 12.295462
169 13 13.781760
169 14 13.895195
169 15 13.734604
169 16 11.328347
169 17 13.743511
169 18 11.342138
169 19 13.387710
169 20 13.351664
169 21 12.937252
169 22 13.972925
169 23 13.568196
169 24 14.132553
169 25 11.203998
169 26 12.549369
169 27 11.689510
169 28 13.901273
169 29 14.797292
169 30 14.103292
169 31 14.761180
169 32 13.429541
169 33 13.197927
169 34 13.829123
169 35 14.151845
169 36 11.697890
169 37 12.084909
169 38 12.327192
169 39 11.993477
169 40 11.992537
169 41 13.177901
169 42 14.361630
169 43 12.933334
169 44 11.044278
169 45 14.426639
169 46 13.651483
169 47 14.553333
169 48 11.802940
169 49 13.085981
169 50 13.765858
169 51 14.742408
169 52 13.306491
169 53 12.975264
169 54 12.782048
169 55 12.203564
169 56 13.304845
169 57 14.518843
169 58 13.729871
169 59 11.224537
169 60 12.287483
169 61 11.001508
169 62 12.148174
169 63 12.731773
169 64 12.051399
169 65 12.834380
169 66 12.994138
169 67 13.875127
169 68 14.404959
169 69 12.316518
169 70 13.346447
169 71 12.634547
169 72 12.882653
169 73 11.370589
169 74 12.617881
169 75 13.781654
169 76 12.933629
169 77 14.741392
169 78 13.770033
169 79 11.423273
169 80 11.965841
169 81 13.725856
169 82 12.094021
169 83 10.961301
169 84 13.254214
169 85 11.201886
169 86 11.310998
169 87 11.542845
169 88 12.894395
169 89 11.209801
169 90 14.748607
169 91 13.170731
169 92 11.356123
169 93 11.542615
169 94 11.660244
169 95 11.511279
169 96 13.718228
169 97 12.183011
169 98 14.237384
169 99 13.579041
169 100 13.088229
169 101 11.449623
169 102 14.010140
169 103 13.242260
169 104 14.323702
169 105 10.930585
169 106 12.672540
169 107 13.368333
169 108 13.931028
169 109 13.628875
169 110 10.979322
169 111 11.716618
169 112 11.070443
169 113 12.652469
169 114 13.988973
169 115 13.241687
169 116 14.518913
169 117 13.639181
169 118 14.718401
169 119 13.990504
169 120 14.325243
169 121 12.827507
169 122 12.483914
169 123 11.518243
169 124 12.357612
169 125 12.632033
169 126 14.384782
169 127 11.072384
169 128 12.581386
169 129 12.650938
169 130 12.646797
169 131 13.412868
169 132 12.475501
169 133 14.089784
169 134 12.638797
169 135 12.155721
169 136 13.494772
169 137 14.698948
169 138 11.995582
169 139 14.654607
169 140 12.793668
169 141 13.956781
169 142 12.623982
169 143 13.332057
169 144 12.296353
169 145 13.483982
169 146 14.442855
169 147 13.652053
169 148 12.989215
169 149 14.619548
169 150 14.359105
169 151 14.222628
169 152 12.130695
169 153 14.307635
169 154 12.695074
169 155 14.746070
169 156 12.017545
169 157 14.518048
169 158 14.712326
169 159 12.107476
169 160 14.346302
169 161 13.287033
169 162 12.124895
169 163 12.197619
169 164 14.036185
169 165 13.292684
169 166 14.334140
169 167 14.662716
169 168 12.172694
169 170 13.128255
169 171 13.239663
169 172 12.689968
169 173 14.596188
169 174 12.716503
169 175 13.394150
169 176 13.103180
169 177 11.118327
169 178 11.251035
169 179 11.252911
169 180 12.400376
169 181 14.567826
169 182 12.920169
169 183 14.709428
169 184 11.184059
169 185 11.039119
169 186 12.751656
169 187 13.362826
169 188 12.717117
169 189 13.342323
169 190 12.092894
169 191 14.473049
169 192 13.126745
169 193 12.170319
169 194 14.070496
169 195 11.362473
169 196 11.273917
169 197 12.261673
169 198 14.055489
169 199 12.759936
169 200 14.526396
170 0 11.354079
170 1 11.774060
170 2 14.425887
170 3 13.403904
170 4 12.492198
170 5 14.517106
170 6 11.515216
170 7 13.032486
170 8 14.492797
170 9 14.402001
170 10 11.976051
170 11 14.000064
170 12 11.467700
170 13 12.055692
170 14 14.395972
170 15 12.669530
170 16 14.797488
170 17 11.490374
170 18 14.680614
170 19 12.222577
170 20 13.113983
170 21 11.645945
170 22 11.648154
170 23 11.868945
170 24 13.176585
170 25 14.813870
170 26 14.344769
170 27 11.728590
170 28 13.200533
170 29 10.948125
170 30 12.912078
170 31 13.569929
170 32 11.299114
170 33 12.419160
170 34 12.003668
170 35 14.660654
170 36 12.994873
170 37 13.540735
170 38 11.749773
170 39 11.084980
170 40 13.404252
170 41 11.601021
170 42 11.654629
170 43 11.198865
170 44 12.188613
170 45 11.456345
170 46 13.884376
170 47 14.387794
170 48 11.874868
170 49 12.628500
170 50 12.874489
170 51 11.096707
170 52 12.003916
170 53 12.734768
170 54 11.506889
170 55 12.831129
170 56 12.740710
170 57 13.921124
170 58 14.531471
170 59 10.966458
170 60 11.507148
170 61 13.710935
170 62 11.613071
170 63 11.916162
170 64 12.544061
170 65 14.285841
170 66 12.350498
170 67 12.702078
170 68 12.998786
170 69 13.134205
170 70 11.770180
170 71 11.534070
170 72 14.091131
170 73 13.854832
170 74 13.633260
170 75 12.529375
170 76 11.386597
170 77 12.930766
170 78 13.381030
170 79 14.507839
170 80 12.296489
170 81 13.964046
170 82 11.180036
170 83 12.812302
170 84 11.434969
170 85 11.621023
170 86 13.851323
170 87 14.223835
170 88 14.224158
170 89 11.015157
170 90 11.996418
170 91 11.195378
170 92 11.823580
170 93 13.179217
170 94 12.253542
170 95 13.246206
170 96 12.684661
170 97 13.396361
170 98 11.097991
170 99 11.569306
170 100 13.508019
170 101 12.831862
170 102 12.346562
170 103 13.208437
170 104 12.185362
170 105 11.021855
170 106 11.635837
170 107 13.449021
170 108 11.072992
170 109 14.351224
170 110 13.651151
170 111 11.778552
170 112 12.853998
170 113 13.626226
170 114 14.379339
170 115 14.099930
170 116 14.318536
170 117 12.519152
170 118 13.974812
170 119 14.772137
170 120 13.639815
170 121 14.277436
170 122 13.063327
170 123 13.598187
170 124 11.645692
170 125 13.869960
170 126 13.534823
170 127 14.157267
170 128 12.076788
170 129 11.525940
170 130 12.939373
170 131 14.598394
170 132 14.128078
170 133 11.568599
170 134 10.990571
170 135 13.431368
170 136 11.065544
170 137 13.367217
170 138 14.683591
170 139 13.730379
170 140 12.223720
170 141 13.940096
170 142 12.923676
170 143 13.241279
170 144 13.050590
170 145 13.979871
170 146 14.712559
170 147 13.128810
170 148 11.730973
170 149 14.819013
170 150 14.753036
170 151 11.507022
170 152 11.777861
170 153 13.767440
170 154 14.124436
170 155 13.368009
170 156 11.876672
170 157 11.489980
170 158 14.393110
170 159 14.079762
170 160 14.481409
170 161 12.291916
170 162 11.686023
170 163 12.070105
170 164 11.090597
170 165 13.800899
170 166 13.885063
170 167 11.451056
170 168 14.065143
170 169 13.128255
170 171 12.171347
170 172 14.543660
170 173 11.132112
170 174 14.470933
170 175 14.571644
170 176 13.952868
170 177 11.162320
170 178 11.243573
170 179 12.845265
170 180 11.726193
170 181 13.006960
170 182 14.022518
170 183 11.085080
170 184 13.692307
170 185 14.147695
170 186 14.507567
170 187 12.643416
170 188 11.432102
170 189 14.589164
170 190 12.439721
170 191 13.557469
170 192 13.483527
170 193 13.421964
170 194 11.580670
170 195 11.627359
170 196 13.423141
170 197 11.502650
170 198 13.625219
170 199 12.622746
170 200 13.952643
171 0 13.220489
171 1 11.538495
171 2 11.979681
171 3 12.296376
171 4 11.532573
171 5 14.048013
171 6 13.622201
171 7 13.775658
171 8 12.061771
171 9 12.919701
171 10 12.282194
171 11 14.111543
171 12 14.053864
171 13 11.214683
171 14 11.768266
171 15 14.377085
171 16 13.056385
171 17 13.852873
171 18 12.643606
171 19 11.593731
171 20 13.700292
171 21 11.163161
171 22 12.553395
171 23 14.754495
171 24 14.738556
171 25 11.591094
171 26 14.229285
171 27 14.623315
171 28 11.850999
171 29 13.326057
171 30 12.434438
171 31 13.926706
171 32 13.203972
171 33 14.060185
171 34 14.410341
171 35 11.071754
171 36 12.650566
171 37 12.804690
171 38 13.912362
171 39 14.544134
171 40 11.825865
171 41 13.233536
171 42 11.033525
171 43 14.787171
171 44 13.706151
171 45 14.406512
171 46 13.656197
171 47 11.689142
171 48 13.794086
171 49 12.515672
171 50 11.075828
171 51 12.874521
171 52 11.650363
171 53 11.530737
171 54 11.409049
171 55 11.902080
171 56 11.446879
171 57 14.285964
171 58 12.413441
171 59 13.558829
171 60 14.605173
171 61 11.383894
171 62 12.304654
171 63 13.060543
171 64 12.781509
171 65 12.098429
171 66 12.370178
171 67 12.454423
171 68 11.666720
171 69 14.576269
171 70 11.189379
171 71 14.253378
171 72 14.310829
171 73 11.745803
171 74 12.583228
171 75 13.112670
171 76 13.557495
171 77 11.337658
171 78 14.446193
171 79 13.828349
171 80 12.444807
171 81 12.714333
171 82 14.733422
171 83 13.518531
171 84 13.420726
171 85 13.151870
171 86 12.219499
171 87 11.017562
171 88 14.349719
171 89 11.479594
171 90 11.183312
171 91 11.753114
171 92 12.257624
171 93 11.280517
171 94 13.702988
171 95 13.232945
171 96 14.455012
171 97 11.717957
171 98 11.388187
171 99 11.650178
171 100 14.086623
171 101 12.597323
171 102 11.398084
171 103 12.875925
171 104 11.506754
171 105 14.389693
171 106 10.963091
171 107 13.296827
171 108 11.339667
171 109 10.932628
171 110 13.176025
171 111 11.238278
171 112 13.798845
171 113 12.208528
171 114 14.065395
171 115 12.464651
171 116 11.576116
171 117 12.062039
171 118 11.527986
171 119 13.508291
171 120 12.658555
171 121 12.870412
171 122 12.861227
171 123 13.415460
171 124 13.045692
171 125 14.231024
171 126 13.175635
171 127 14.615005
171 128 11.500787
171 129 12.645183
171 130 14.294575
171 131 11.678681
171 132 12.958562
171 133 11.858491
171 134 12.829027
171 135 13.970328
171 136 13.801063
171 137 11.091488
171 138 12.698913
171 139 12.879007
171 140 13.745403
171 141 13.955555
171 142 11.638887
171 143 12.294380
171 144 13.110779
171 145 14.754143
171 146 13.635218
171 147 11.447660
171 148 13.333163
171 149 11.171326
171 150 10.944761
171 151 11.038650
171 152 11.140927
171 153 11.767875
171 154 11.250004
171 155 12.311886
171 156 13.222993
171 157 12.632030
171 158 14.751204
171 159 14.069385
171 160 11.147491
171 161 12.985125
171 162 13.199118
171 163 12.997514
171 164 12.600237
171 165 14.001875
171 166 12.865936
171 167 10.933722
171 168 14.233034
171 169 13.239663
171 170 12.171347
171 172 13.845583
171 173 14.572184
171 174 12.957434
171 175 14.368395
171 176 14.516494
171 177 11.751598
171 178 11.975344
171 179 14.466878
171 180 11.402005
171 181 11.833635
171 182 13.395589
171 183 13.810418
171 184 13.145765
171 185 12.317524
171 186 13.523480
171 187 12.051344
171 188 14.602791
171 189 13.060925
171 190 11.340920
171 191 12.422824
171 192 11.127573
171 193 14.739727
171 194 12.678815
171 195 13.514167
171 196 11.975084
171 197 14.026633
171 198 13.471709
171 199 13.210884
171 200 11.081808
172 0 13.961134
172 1 12.877579
172 2 13.044499
172 3 14.531105
172 4 14.396774
172 5 11.564817
172 6 14.296743
172 7 14.697062
172 8 12.445335
172 9 12.601153
172 10 14.700062
172 11 11.648456
172 12 11.588094
172 13 13.629075
172 14 12.879312
172 15 12.934093
172 16 14.380101
172 17 13.156685
172 18 13.302440
172 19 14.780703
172 20 12.773597
172 21 12.257894
172 22 14.064814
172 23 11.516535
172 24 13.804207
172 25 14.051601
172 26 11.768381
172 27 14.762772
172 28 13.522879
172 29 13.349210
172 30 14.592027
172 31 13.150998
172 32 11.928525
172 33 11.454303
172 34 14.062403
172 35 11.270910
172 36 12.849546
172 37 12.047746
172 38 11.898388
172 39 13.379281
172 40 12.305880
172 41 14.069823
172 42 13.801151
172 43 13.520710
172 44 13.387002
172 45 14.063944
172 46 14.463204
172 47 12.996491
172 48 13.207725
172 49 12.659879
172 50 11.088333
172 51 13.481485
172 52 14.652566
172 53 13.161096
172 54 13.789389
172 55 14.320885
172 56 13.534295
172 57 13.869967
172 58 13.212382
172 59 11.090581
172 60 12.578775
172 61 12.924863
172 62 14.345897
172 63 14.289640
172 64 12.954194
172 65 12.715068
172 66 12.941310
172 67 14.242130
172 68 14.639470
172 69 11.851565
172 70 14.725842
172 71 12.598071
172 72 13.591421
172 73 14.147594
172 74 13.775273
172 75 14.001955
172 76 12.477218
172 77 11.756396
172 78 13.018793
172 79 12.478294
172 80 13.451281
172 81 13.956774
172 82 12.799076
172 83 13.167404
172 84 13.508790
172 85 11.347671
172 86 11.143976
172 87 11.080090
172 88 13.827868
172 89 10.923623
172 90 12.634621
172 91 14.628218
172 92 13.187954
172 93 12.873161
172 94 14.098719
172 95 11.140989
172 96 13.028123
172 97 13.547092
172 98 12.077278
172 99 14.148599
172 100 13.142643
172 101 12.520441
172 102 12.545587
172 103 12.993982
172 104 12.527974
172 105 13.737535
172 106 11.238209
172 107 11.237494
172 108 11.667367
172 109 13.787357
172 110 13.196743
172 111 10.953695
172 112 13.025004
172 113 13.140056
172 114 12.770025
172 115 13.782845
172 116 13.840522
172 117 14.171557
172 118 14.649244
172 119 14.571814
172 120 12.004674
172 121 12.204200
172 122 13.557414
172 123 11.983466
172 124 13.646932
172 125 11.597659
172 126 14.094758
172 127 13.864432
172 128 13.693945
172 129 14.126993
172 130 13.659024
172 131 12.715851
172 132 14.045109
172 133 14.758227
172 134 13.606271
172 135 14.091168
172 136 11.925888
172 137 12.340559
172 138 12.418343
172 139 13.835839
172 140 13.164516
172 141 12.225003
172 142 14.153465
172 143 12.091083
172 144 14.012198
172 145 11.017363
172 146 14.481300
172 147 12.984581
172 148 14.365342
172 149 11.044852
172 150 12.061964
172 151 12.178659
172 152 11.110168
172 153 12.249032
172 154 13.419897
172 155 13.329554
172 156 12.988034
172 157 11.420890
172 158 14.424149
172 159 13.680699
172 160 14.051825
172 161 11.782426
172 162 10.962247
172 163 14.246426
172 164 13.506057
172 165 11.270054
172 166 14.570270
172 167 13.047261
172 168 11.145315
172 169 12.689968
172 170 14.543660
172 171 13.845583
172 173 12.107972
172 174 12.727495
172 175 13.008895
172 176 12.991008
172 177 12.877271
172 178 12.849521
172 179 12.895381
172 180 13.863613
172 181 13.582051
172 182 12.436793
172 183 12.044745
172 184 12.911750
172 185 14.709232
172 186 12.432699
172 187 13.943199
172 188 14.247621
172 189 12.762494
172 190 12.273063
172 191 14.225346
172 192 14.398566
172 193 13.722531
172 194 11.867491
172 195 12.255012
172 196 13.154405
172 197 12.512539
172 198 12.576366
172 199 13.657696
172 200 12.246736
173 0 10.944858
173 1 12.149263
173 2 11.410061
173 3 13.866186
173 4 13.490824
173 5 11.942549
173 6 13.344671
173 7 12.469386
173 8 12.105121
173 9 12.361470
173 10 12.814615
173 11 14.782627
173 12 14.296138
173 13 13.639253
173 14 13.614452
173 15 12.179033
173 16 11.506298
173 17 13.069034
173 18 13.994643
173 19 12.961106
173 20 11.236546
173 21 12.378337
173 22 11.835039
173 23 11.258812
173 24 12.078824
173 25 13.561058
173 26 11.227064
173 27 12.024734
173 28 12.157775
173 29 14.505919
173 30 13.433940
173 31 12.868214
173 32 14.525850
173 33 12.892457
173 34 13.182363
173 35 12.596224
173 36 11.287122
173 37 12.144547
173 38 11.399343
173 39 10.970984
173 40 11.768402
173 41 14.602205
173 42 13.064232
173 43 11.598676
173 44 12.735520
173 45 11.009863
173 46 14.575884
173 47 11.446257
173 48 11.290056
173 49 12.715519
173 50 12.178887
173 51 11.285702
173 52 13.907404
173 53 12.139421
173 54 13.203481
173 55 13.909317
173 56 13.691780
173 57 13.546954
173 58 12.460638
173 59 12.589002
173 60 14.223422
173 61 12.967647
173 62 13.563461
173 63 10.928202
173 64 12.000193
173 65 14.367916
173 66 11.057460
173 67 13.888382
173 68 13.878392
173 69 14.096605
173 70 12.625707
173 71 12.248252
173 72 13.825451
173 73 14.572427
173 74 13.751917
173 75 13.276564
173 76 13.702149
173 77 12.936981
173 78 11.787046
173 79 14.702309
173 80 12.564838
173 81 14.159372
173 82 13.468700
173 83 12.009282
173 84 13.939210
173 85 12.860322
173 86 13.103114
173 87 11.491732
173 88 11.137096
173 89 13.994348
173 90 13.513260
173 91 13.235066
173 92 12.875516
173 93 14.163923
173 94 11.144515
173 95 11.164291
173 96 13.456714
173 97 13.239132
173 98 14.775174
173 99 14.642446
173 100 11.308835
173 101 13.397209
173 102 13.723894
173 103 13.274742
173 104 13.275022
173 105 12.732763
173 106 11.999832
173 107 12.299841
173 108 11.990283
173 109 12.429554
173 110 14.716876
173 111 13.936572
173 112 12.246479
173 113 14.444827
173 114 14.798660
173 115 12.562581
173 116 12.788512
173 117 12.794561
173 118 12.853469
173 119 13.516014
173 120 14.767313
173 121 12.368813
173 122 11.761165
173 123 12.798697
173 124 12.059748
173 125 11.872094
173 126 11.181261
173 127 12.555287
173 128 13.868417
173 129 11.489507
173 130 14.579300
173 131 11.235470
173 132 14.367853
173 133 11.504641
173 134 14.124667
173 135 12.850824
173 136 12.861720
173 137 12.901279
173 138 12.104111
173 139 12.521769
173 140 12.418050
173 141 11.774392
173 142 11.873725
173 143 14.721762
173 144 13.291055
173 145 13.570029
173 146 12.015539
173 147 14.476807
173 148 11.020957
173 149 12.172348
173 150 12.172292
173 151 14.379794
173 152 13.045484
173 153 11.841982
173 154 12.764691
173 155 13.313509
173 156 13.126956
173 157 12.171698
173 158 13.318284
173 159 13.654323
173 160 13.802291
173 161 14.398340
173 162 12.971173
173 163 14.170720
173 164 11.902636
173 165 13.543535
173 166 13.151593
173 167 11.190453
173 168 14.565285
173 169 14.596188
173 170 11.132112
173 171 14.572184
173 172 12.107972
173 174 13.908691
173 175 13.328944
173 176 12.746143
173 177 13.191762
173 178 12.428881
173 179 11.216827
173 180 12.467882
173 181 12.765174
173 182 10.943479
173 183 11.165458
173 184 13.790988
173 185 13.544769
173 186 13.946432
173 187 11.204723
173 188 13.770264
173 189 13.342232
173 190 14.394575
173 191 13.079755
173 192 12.418916
173 193 12.382317
173 194 11.473056
173 195 14.751402
173 196 11.971228
173 197 13.923366
173 198 11.004614
173 199 14.255718
173 200 14.709593
174 0 13.652944
174 1 13.636128
174 2 11.864785
174 3 11.255088
174 4 12.158728
174 5 12.243857
174 6 13.933863
174 7 11.106084
174 8 11.136447
174 9 14.356668
174 10 11.240385
174 11 12.124513
174 12 13.498272
174 13 13.077354
174 14 12.605723
174 15 12.486536
174 16 13.790819
174 17 11.544559
174 18 12.705307
174 19 12.357028
174 20 13.728805
174 21 12.521646
174 22 12.311939
174 23 11.699068
174 24 13.974923
174 25 14.295335
174 26 13.316462
174 27 14.067310
174 28 13.510795
174 29 13.977119
174 30 11.868498
174 31 11.594293
174 32 11.063046
174 33 13.221960
174 34 12.836020
174 35 14.812064
174 36 12.026333
174 37 13.662581
174 38 11.156279
174 39 11.071959
174 40 13.744204
174 41 11.981783
174 42 12.043225
174 43 12.634769
174 44 11.574720
174 45 11.967733
174 46 12.949051
174 47 13.533573
174 48 13.206393
174 49 11.946594
174 50 12.838955
174 51 13.153695
174 52 12.655062
174 53 11.293373
174 54 12.696359
174 55 12.470472
174 56 13.824269
174 57 11.785511
174 58 14.654889
174 59 14.129245
174 60 12.969245
174 61 10.973888
174 62 13.414777
174 63 11.093456
174 64 14.131821
174 65 12.205115
174 66 13.212748
174 67 12.729065
174 68 14.367373
174 69 13.036141
174 70 14.584865
174 71 12.700258
174 72 12.714196
174 73 14.794549
174 74 11.788016
174 75 13.487254
174 76 10.959129
174 77 12.000280
174 78 13.528542
174 79 12.577438
174 80 13.314496
174 81 11.568766
174 82 14.693957
174 83 14.542986
174 84 11.986837
174 85 13.282136
174 86 11.027588
174 87 12.341898
174 88 11.715410
174 89 13.322063
174 90 13.366102
174 91 13.237785
174 92 11.444430
174 93 13.945597
174 94 11.602178
174 95 12.366561
174 96 12.762706
174 97 11.901040
174 98 13.588125
174 99 12.057688
174 100 13.102925
174 101 11.882010
174 102 14.248359
174 103 13.004900
174 104 14.230705
174 105 13.493586
174 106 13.922531
174 107 13.602087
174 108 14.537729
174 109 13.330533
174 110 14.489921
174 111 11.335113
174 112 11.749321
174 113 12.229662
174 114 14.253377
174 115 11.600169
174 116 11.591282
174 117 12.928199
174 118 10.952194
174 119 11.921848
174 120 13.747764
174 121 12.843879
174 122 14.493897
174 123 13.808011
174 124 12.082951
174 125 14.285035
174 126 12.899949
174 127 10.948498
174 128 11.481863
174 129 12.538504
174 130 11.745717
174 131 12.882833
174 132 13.739790
174 133 11.367108
174 134 12.703693
174 135 11.784190
174 136 13.383972
174 137 14.716691
174 138 12.602334
174 139 11.856439
174 140 11.452537
174 141 13.593952
174 142 12.317096
174 143 11.355198
174 144 12.504792
174 145 14.680045
174 146 13.354358
174 147 11.628498
174 148 11.053020
174 149 13.795439
174 150 13.370679
174 151 11.394206
174 152 13.467478
174 153 12.769028
174 154 12.705533
174 155 11.335797
174 156 11.790425
174 157 13.274862
174 158 13.979998
174 159 12.548143
174 160 11.532498
174 161 13.550634
174 162 12.222389
174 163 14.327344
174 164 13.033477
174 165 14.278180
174 166 14.616568
174 167 14.119574
174 168 11.824635
174 169 12.716503
174 170 14.470933
174 171 12.957434
174 172 12.727495
174 173 13.908691
174 175 13.261386
174 176 13.636191
174 177 11.229170
174 178 11.885039
174 179 11.612955
174 180 11.173922
174 181 11.975107
174 182 11.841252
174 183 14.628637
174 184 10.992531
174 185 13.549969
174 186 12.221782
174 187 12.919979
174 188 13.154537
174 189 13.372623
174 190 11.981798
174 191 12.823166
174 192 12.022006
174 193 13.320276
174 194 12.547031
174 195 14.774491
174 196 11.944300
174 197 11.643048
174 198 14.489261
174 199 12.951404
174 200 13.644636
175 0 14.144686
175 1 12.962927
175 2 11.422413
175 3 11.445236
175 4 12.369119
175 5 11.176823
175 6 13.837134
175 7 13.505288
175 8 11.045439
175 9 11.789156
175 10 14.671799
175 11 12.673645
175 12 14.073631
175 13 12.997078
175 14 11.413588
175 15 14.016020
175 16 12.668606
175 17 13.747625
175 18 13.761352
175 19 14.286689
175 20 13.086429
175 21 12.880312
175 22 12.188522
175 23 14.223971
175 24 12.436551
175 25 13.425897
175 26 12.908915
175 27 13.445634
175 28 12.081376
175 29 14.411884
175 30 13.338983
175 31 13.083550
175 32 14.628226
175 33 11.290618
175 34 14.057933
175 35 12.121650
175 36 12.330215
175 37 14.386430
175 38 14.802939
175 39 13.916820
175 40 13.710090
175 41 14.302604
175 42 11.714125
175 43 11.226637
175 44 14.278845
175 45 10.954647
175 46 11.305992
175 47 12.056217
175 48 12.173399
175 49 12.991628
175 50 13.927124
175 51 12.503885
175 52 12.747572
175 53 11.883382
175 54 13.415226
175 55 14.589388
175 56 11.218648
175 57 14.328658
175 58 12.433641
175 59 11.037644
175 60 13.301745
175 61 12.275640
175 62 11.504278
175 63 11.927921
175 64 14.129647
175 65 14.140264
175 66 12.406500
175 67 13.535025
175 68 12.476822
175 69 12.438850
175 70 12.962431
175 71 11.070771
175 72 14.314778
175 73 11.479958
175 74 10.965779
175 75 13.843508
175 76 14.533632
175 77 13.405675
175 78 13.902877
175 79 11.054049
175 80 13.446955
175 81 11.950894
175 82 14.234157
175 83 12.338873
175 84 11.945469
175 85 11.085735
175 86 12.482721
175 87 14.003729
175 88 13.431073
175 89 11.231512
175 90 11.617375
175 91 13.324430
175 92 14.581842
175 93 12.477928
175 94 13.530332
175 95 12.850410
175 96 12.094399
175 97 12.937941
175 98 14.504982
175 99 14.680648
175 100 14.816733
175 101 14.144985
175 102 14.399373
175 103 12.169316
175 104 13.418304
175 105 13.729350
175 106 13.988718
175 107 11.184431
175 108 13.084810
175 109 13.785190
175 110 13.565857
175 111 12.084100
175 112 12.029315
175 113 12.653989
175 114 12.002211
175 115 11.073456
175 116 13.286513
175 117 12.748434
175 118 11.443015
175 119 11.366256
175 120 13.202884
175 121 12.463866
175 122 14.342651
175 123 12.540536
175 124 11.260148
175 125 11.196733
175 126 12.200751
175 127 11.459375
175 128 12.108794
175 129 14.381004
175 130 12.038626
175 131 13.698685
175 132 12.415428
175 133 11.778237
175 134 12.172313
175 135 14.358123
175 136 14.640402
175 137 11.110804
175 138 12.487411
175 139 12.490401
175 140 14.414417
175 141 14.371528
175 142 11.214251
175 143 13.873995
175 144 11.778415
175 145 14.492035
175 146 13.006501
175 147 13.519609
175 148 12.088187
175 149 12.513932
175 150 14.071657
175 151 13.747021
175 152 11.990826
175 153 13.329156
175 154 13.263693
175 155 11.586458
175 156 14.693691
175 157 12.017194
175 158 14.206384
175 159 14.675233
175 160 13.981295
175 161 13.268022
175 162 14.030134
175 163 12.322782
175 164 12.094976
175 165 13.650877
175 166 11.848055
175 167 11.268251
175 168 12.746232
175 169 13.394150
175 170 14.571644
175 171 14.368395
175 172 13.008895
175 173 13.328944
175 174 13.261386
175 176 12.102111
175 177 14.639148
175 178 11.849418
175 179 12.184898
175 180 12.059224
175 181 11.317601
175 182 14.736426
175 183 14.373485
175 184 13.144257
175 185 13.638869
175 186 13.892020
175 187 12.640458
175 188 11.928344
175 189 12.809553
175 190 12.804988
175 191 12.084720
175 192 11.622841
175 193 11.299521
175 194 14.124340
175 195 12.955201
175 196 11.482162
175 197 11.814240
175 198 12.007155
175 199 13.883431
175 200 14.806262
176 0 12.037844
176 1 11.616820
176 2 13.654306
176 3 14.546092
176 4 11.337854
176 5 13.552729
176 6 14.063655
176 7 11.406851
176 8 13.764759
176 9 12.141176
176 10 12.036835
176 11 14.061942
176 12 11.124860
176 13 12.917615
176 14 13.801592
176 15 11.719855
176 16 12.612307
176 17 12.822020
176 18 12.688126
176 19 12.250524
176 20 14.355556
176 21 14.304492
176 22 13.183912
176 23 13.279634
176 24 13.160566
176 25 12.435546
176 26 11.214553
176 27 11.508695
176 28 13.394762
176 29 12.122525
176 30 13.670585
176 31 14.093923
176 32 13.400990
176 33 13.522744
176 34 12.603981
176 35 13.028090
176 36 11.657862
176 37 11.008784
176 38 13.761751
176 39 11.825429
176 40 11.541887
176 41 11.416102
176 42 11.294076
176 43 11.417296
176 44 11.613427
176 45 11.824148
176 46 14.373616
176 47 12.838868
176 48 12.867472
176 49 12.116047
176 50 11.485590
176 51 11.100084
176 52 12.124039
176 53 13.438588
176 54 11.445498
176 55 12.320641
176 56 14.331352
176 57 14.281229
176 58 13.543264
176 59 11.673854
176 60 14.481219
176 61 13.992167
176 62 13.643322
176 63 12.949264
176 64 13.562202
176 65 14.288904
176 66 14.402175
176 67 14.408066
176 68 11.205587
176 69 14.660852
176 70 11.070446
176 71 12.695010
176 72 14.818900
176 73 13.181018
176 74 13.472543
176 75 13.082128
176 76 10.952586
176 77 11.137104
176 78 13.285080
176 79 13.815411
176 80 13.790525
176 81 13.519559
176 82 12.000993
176 83 13.935120
176 84 11.840229
176 85 11.833589
176 86 11.113500
176 87 11.331817
176 88 11.148182
176 89 13.866915
176 90 11.849740
176 91 13.047758
176 92 13.453872
176 93 14.495280
176 94 13.545978
176 95 10.978304
176 96 11.846513
176 97 12.571779
176 98 12.238124
176 99 14.259286
176 100 12.738202
176 101 13.668910
176 102 11.483099
176 103 14.415818
176 104 11.983911
176 105 13.430564
176 106 13.603693
176 107 12.472452
176 108 12.739989
176 109 12.951041
176 110 14.230217
176 111 11.000880
176 112 13.695989
176 113 12.306750
176 114 13.578885
176 115 12.742990
176 116 13.302969
176 117 14.194289
176 118 13.086787
176 119 11.880921
176 120 14.237302
176 121 12.537241
176 122 12.905357
176 123 11.242914
176 124 13.227663
176 125 12.849035
176 126 11.785164
176 127 14.337725
176 128 14.803662
176 129 12.314514
176 130 13.102370
176 131 13.985461
176 132 14.295327
176 133 11.928925
176 134 13.760691
176 135 13.002561
176 136 11.861363
176 137 12.656061
176 138 14.183306
176 139 10.933810
176 140 12.737004
176 141 12.337863
176 142 13.822710
176 143 12.864541
176 144 14.572413
176 145 11.435271
176 146 13.790645
176 147 13.446244
176 148 12.964799
176 149 13.358944
176 150 11.766105
176 151 13.466813
176 152 14.186696
176 153 13.274334
176 154 13.344381
176 155 11.268876
176 156 12.489102
176 157 14.384281
176 158 13.164288
176 159 13.930890
176 160 11.097413
176 161 13.134529
176 162 12.965131
176 163 11.905087
176 164 14.068949
176 165 11.310518
176 166 12.121088
176 167 14.318721
176 168 11.462861
176 169 13.103180
176 170 13.952868
176 171 14.516494
176 172 12.991008
176 173 12.746143
176 174 13.636191
176 175 12.102111
176 177 14.503401
176 178 13.306262
176 179 13.340816
176 180 11.323032
176 181 12.866029
176 182 12.579984
176 183 11.500669
176 184 14.506842
176 185 11.746197
176 186 11.263572
176 187 14.455872
176 188 12.345835
176 189 14.143965
176 190 12.738025
176 191 14.178249
176 192 11.620485
176 193 14.569717
176 194 13.546397
176 195 11.143156
176 196 14.181613
176 197 13.332992
176 198 11.598630
176 199 11.778636
176 200 12.220026
177 0 11.782243
177 1 13.232262
177 2 11.375605
177 3 13.776247
177 4 13.862375
177 5 13.468363
177 6 14.673255
177 7 11.770362
177 8 13.288110
177 9 12.922337
177 10 14.299160
177 11 12.813359
177 12 13.672733
177 13 12.291864
177 14 13.235549
177 15 11.849536
177 16 12.035904
177 17 12.645428
177 18 11.331792
177 19 11.686264
177 20 11.759129
177 21 13.676796
177 22 12.000456
177 23 14.008483
177 24 13.277448
177 25 13.291496
177 26 13.858924
177 27 11.711025
177 28 13.835731
177 29 11.134620
177 30 11.938300
177 31 14.155241
177 32 12.759290
177 33 12.358316
177 34 14.583126
177 35 11.056116
177 36 12.890849
177 37 11.571766
177 38 11.109439
177 39 11.228119
177 40 11.951188
177 41 14.107827
177 42 14.660254
177 43 14.765458
177 44 12.293559
177 45 13.701134
177 46 12.592779
177 47 14.638846
177 48 13.937944
177 49 14.588154
177 50 12.579044
177 51 14.357764
177 52 14.380358
177 53 13.654333
177 54 13.492873
177 55 13.134926
177 56 14.646917
177 57 14.201778
177 58 13.177483
177 59 13.289067
177 60 12.442347
177 61 13.410369
177 62 13.311985
177 63 13.235611
177 64 13.343495
177 65 12.691175
177 66 11.450250
177 67 14.618157
177 68 11.650558
177 69 14.256141
177 70 12.625855
177 71 12.654012
177 72 14.797044
177 73 12.418911
177 74 13.746051
177 75 11.828581
177 76 11.231310
177 77 12.440848
177 78 13.751167
177 79 13.154124
177 80 14.101864
177 81 11.744700
177 82 12.992801
177 83 11.554143
177 84 14.279572
177 85 12.522153
177 86 14.351527
177 87 12.272388
177 88 14.760665
177 89 14.365052
177 90 14.673245
177 91 12.403697
177 92 12.301909
177 93 11.230353
177 94 13.967778
177 95 13.167510
177 96 13.822281
177 97 12.532350
177 98 14.492358
177 99 12.389820
177 100 12.213056
177 101 14.804655
177 102 11.177930
177 103 12.921270
177 104 11.070308
177 105 14.213774
177 106 12.085172
177 107 11.512976
177 108 13.046725
177 109 11.452488
177 110 12.421057
177 111 14.508202
177 112 12.498230
177 113 11.848740
177 114 12.748796
177 115 11.441662
177 116 12.208812
177 117 14.616638
177 118 12.377633
177 119 14.076375
177 120 11.056417
177 121 12.125919
177 122 10.941148
177 123 10.921128
177 124 14.526107
177 125 12.437219
177 126 11.728152
177 127 12.485348
177 128 12.439196
177 129 14.190392
177 130 12.023542
177 131 13.266826
177 132 12.738316
177 133 12.868396
177 134 11.256368
177 135 12.407572
177 136 11.537766
177 137 13.109668
177 138 12.061169
177 139 13.052099
177 140 11.947651
177 141 12.984204
177 142 12.384980
177 143 12.022972
177 144 14.353564
177 145 14.360532
177 146 12.126318
177 147 13.316656
177 148 12.418110
177 149 12.916074
177 150 14.378203
177 151 11.136140
177 152 14.543566
177 153 11.691229
177 154 14.316942
177 155 13.168526
177 156 11.545170
177 157 12.466159
177 158 11.564082
177 159 14.286171
177 160 14.434947
177 161 11.636185
177 162 12.355850
177 163 13.453186
177 164 14.022686
177 165 14.691613
177 166 14.087909
177 167 12.185729
177 168 13.761159
177 169 11.118327
177 170 11.162320
177 171 11.751598
177 172 12.877271
177 173 13.191762
177 174 11.229170
177 175 14.639148
177 176 14.503401
177 178 12.191430
177 179 14.346921
177 180 11.180904
177 181 10.934982
177 182 11.425790
177 183 14.743632
177 184 12.760128
177 185 12.451547
177 186 12.413511
177 187 11.460101
177 188 12.823667
177 189 13.113711
177 190 12.139212
177 191 14.390650
177 192 13.073137
177 193 13.587765
177 194 13.326936
177 195 11.544890
177 196 12.777681
177 197 11.680243
177 198 14.192407
177 199 13.999375
177 200 14.521481
178 0 14.571685
178 1 13.677154
178 2 11.145149
178 3 11.209761
178 4 11.942987
178 5 13.599738
178 6 12.094591
178 7 11.477377
178 8 11.998389
178 9 14.498418
178 10 14.043006
178 11 13.469753
178 12 11.311470
178 13 14.638231
178 14 14.028118
178 15 12.310217
178 16 12.625416
178 17 12.789583
178 18 12.487381
178 19 12.430106
178 20 14.245677
178 21 14.592852
178 22 12.681566
178 23 13.521770
178 24 13.694282
178 25 13.964302
178 26 12.114063
178 27 13.361826
178 28 11.427457
178 29 12.089581
178 30 12.475212
178 31 14.466228
178 32 12.240190
178 33 13.114009
178 34 13.957118
178 35 11.134266
178 36 14.798548
178 37 12.786644
178 38 14.087478
178 39 13.395964
178 40 14.445543
178 41 13.461982
178 42 10.951511
178 43 11.241617
178 44 13.288449
178 45 11.451377
178 46 14.223502
178 47 11.588215
178 48 11.852890
178 49 13.949764
178 50 13.650882
178 51 12.302385
178 52 12.120939
178 53 11.816686
178 54 13.447215
178 55 11.546885
178 56 13.317529
178 57 12.810494
178 58 11.690004
178 59 12.186707
178 60 14.615457
178 61 11.744817
178 62 13.939763
178 63 13.108293
178 64 11.074955
178 65 11.842549
178 66 14.010357
178 67 12.875855
178 68 12.684268
178 69 14.430801
178 70 10.958712
178 71 13.346185
178 72 14.440422
178 73 12.124694
178 74 13.186790
178 75 11.173799
178 76 11.096568
178 77 11.756730
178 78 12.233518
178 79 14.089794
178 80 11.460054
178 81 12.599966
178 82 11.618687
178 83 11.898751
178 84 13.311902
178 85 12.469698
178 86 11.500661
178 87 14.736181
178 88 13.119131
178 89 11.632792
178 90 12.913728
178 91 13.381125
178 92 11.690581
178 93 14.150738
178 94 11.661236
178 95 11.421514
178 96 11.167803
178 97 13.550321
178 98 13.097717
178 99 12.413288
178 100 14.810841
178 101 14.178414
178 102 12.510611
178 103 11.583327
178 104 14.245822
178 105 13.287786
178 106 14.052399
178 107 14.665052
178 108 12.221419
178 109 14.303155
178 110 14.736716
178 111 13.782640
178 112 11.803926
178 113 12.288563
178 114 12.572042
178 115 12.913385
178 116 12.959314
178 117 14.328237
178 118 12.659605
178 119 13.768928
178 120 11.903718
178 121 12.392923
178 122 14.574389
178 123 14.581903
178 124 12.213533
178 125 14.125198
178 126 11.298076
178 127 13.025812
178 128 13.090859
178 129 11.471924
178 130 13.839639
178 131 12.490926
178 132 12.030687
178 133 12.619788
178 134 13.115000
178 135 13.688982
178 136 12.069916
178 137 13.472541
178 138 13.165023
178 139 14.085588
178 140 12.039865
178 141 12.632172
178 142 11.923330
178 143 13.648660
178 144 11.674157
178 145 14.039771
178 146 14.038434
178 147 14.724538
178 148 12.625793
178 149 14.303714
178 150 14.537966
178 151 13.053603
178 152 10.970388
178 153 12.607156
178 154 12.481699
178 155 11.905365
178 156 12.082186
178 157 14.487184
178 158 11.601269
178 159 13.081328
178 160 11.241232
178 161 11.047760
178 162 12.097835
178 163 11.702042
178 164 14.736057
178 165 13.903658
178 166 13.199476
178 167 14.061229
178 168 12.423176
178 169 11.251035
178 170 11.243573
178 171 11.975344
178 172 12.849521
178 173 12.428881
178 174 11.885039
178 175 11.849418
178 176 13.306262
178 177 12.191430
178 179 12.828143
178 180 14.225466
178 181 12.709885
178 182 13.971239
178 183 14.650322
178 184 12.790114
178 185 12.990557
178 186 12.245424
178 187 11.329463
178 188 14.438936
178 189 13.298188
178 190 13.883527
178 191 14.660287
178 192 13.612321
178 193 14.070717
178 194 13.290142
178 195 11.324567
178 196 11.293811
178 197 13.215901
178 198 14.314042
178 199 13.730031
178 200 12.940790
179 0 10.995785
179 1 11.279271
179 2 14.720398
179 3 14.766481
179 4 13.333685
179 5 11.104269
179 6 12.423997
179 7 10.936123
179 8 14.130494
179 9 13.403851
179 10 14.636503
179 11 11.214350
179 12 14.313416
179 13 12.634526
179 14 11.302892
179 15 13.032984
179 16 13.232643
179 17 11.936064
179 18 13.316358
179 19 12.708137
179 20 13.346472
179 21 11.920706
179 22 12.756245
179 23 14.352263
179 24 14.363409
179 25 12.827495
179 26 13.990250
179 27 12.077138
179 28 12.949614
179 29 11.167292
179 30 11.141828
179 31 11.783388
179 32 14.359778
179 33 11.624464
179 34 12.309703
179 35 14.474772
179 36 11.802026
179 37 14.158344
179 38 14.676362
179 39 14.526526
179 40 11.728038
179 41 13.507448
179 42 11.108776
179 43 12.199328
179 44 14.134443
179 45 13.045329
179 46 12.821968
179 47 11.146423
179 48 12.864860
179 49 14.646017
179 50 14.168606
179 51 13.130509
179 52 14.754359
179 53 13.371366
179 54 12.843971
179 55 11.044347
179 56 14.325109
179 57 10.953327
179 58 14.059256
179 59 12.918219
179 60 11.658844
179 61 12.390257
179 62 12.981452
179 63 12.133252
179 64 13.220917
179 65 12.346880
179 66 11.768688
179 67 11.282038
179 68 14.321705
179 69 10.981662
179 70 13.391992
179 71 13.042929
179 72 11.459917
179 73 14.097614
179 74 14.047250
179 75 11.148757
179 76 14.600570
179 77 13.044298
179 78 13.820928
179 79 10.972167
179 80 14.149717
179 81 11.167184
179 82 11.983726
179 83 12.646256
179 84 12.533221
179 85 13.363724
179 86 13.612009
179 87 14.807516
179 88 11.608899
179 89 12.653261
179 90 13.168476
179 91 14.670038
179 92 14.718851
179 93 14.505498
179 94 11.093304
179 95 14.107864
179 96 13.749855
179 97 14.082262
179 98 14.687584
179 99 11.545432
179 100 13.413884
179 101 11.228322
179 102 13.641790
179 103 12.998444
179 104 11.554561
179 105 12.095473
179 106 13.358741
179 107 12.597276
179 108 12.492920
179 109 13.477528
179 110 14.536276
179 111 14.559498
179 112 12.500840
179 113 14.026196
179 114 11.216291
179 115 14.803297
179 116 11.097487
179 117 12.394081
179 118 11.009346
179 119 11.526828
179 120 10.936561
179 121 14.709667
179 122 12.981308
179 123 13.718948
179 124 13.433939
179 125 12.077158
179 126 12.686462
179 127 12.044457
179 128 11.400488
179 129 12.640507
179 130 12.441432
179 131 13.778345
179 132 11.831396
179 133 13.270719
179 134 12.326802
179 135 12.102407
179 136 14.819813
179 137 12.549229
179 138 14.517136
179 139 14.101589
179 140 13.333675
179 141 13.222815
179 142 12.880715
179 143 13.073964
179 144 13.690484
179 145 13.005168
179 146 11.072869
179 147 11.187356
179 148 13.159171
179 149 11.934031
179 150 12.243145
179 151 12.399270
179 152 13.882334
179 153 13.510124
179 154 12.269828
179 155 14.162248
179 156 14.666738
179 157 12.458556
179 158 11.805044
179 159 13.508900
179 160 12.699550
179 161 13.707568
179 162 11.963778
179 163 14.781767
179 164 14.695442
179 165 11.250022
179 166 14.472230
179 167 12.035718
179 168 13.267036
179 169 11.252911
179 170 12.845265
179 171 14.466878
179 172 12.895381
179 173 11.216827
179 174 11.612955
179 175 12.184898
179 176 13.340816
179 177 14.346921
179 178 12.828143
179 180 14.522034
179 181 11.096973
179 182 11.353975
179 183 14.670099
179 184 11.087655
179 185 11.655006
179 186 11.759869
179 187 13.900604
179 188 13.849917
179 189 12.308186
179 190 12.091260
179 191 11.385582
179 192 11.986084
179 193 12.370100
179 194 11.855402
179 195 13.353560
179 196 14.314215
179 197 14.079194
179 198 13.728355
179 199 11.275332
179 200 14.275885
180 0 12.553153
180 1 13.472112
180 2 13.688832
180 3 14.170427
180 4 11.335308
180 5 14.564748
180 6 11.985761
180 7 13.021344
180 8 12.904341
180 9 11.902591
180 10 13.574020
180 11 12.868363
180 12 11.360317
180 13 11.597202
180 14 11.245240
180 15 14.234935
180 16 14.157749
180 17 14.255997
180 18 13.954160
180 19 10.961299
180 20 13.321620
180 21 13.527405
180 22 12.918241
180 23 11.889897
180 24 14.242504
180 25 14.166540
180 26 11.446654
180 27 11.310351
180 28 14.404731
180 29 11.110457
180 30 14.173827
180 31 12.186566
180 32 12.863931
180 33 12.930930
180 34 11.379520
180 35 12.985141
180 36 11.443797
180 37 14.113039
180 38 11.742198
180 39 12.977641
180 40 12.965993
180 41 12.429258
180 42 13.166740
180 43 14.546355
180 44 13.475567
180 45 14.215916
180 46 10.959603
180 47 12.847069
180 48 11.952522
180 49 13.620445
180 50 11.587006
180 51 14.386621
180 52 11.405892
180 53 14.210660
180 54 14.172670
180 55 13.831747
180 56 13.691176
180 57 10.930355
180 58 12.970749
180 59 14.110658
180 60 12.608718
180 61 12.955108
180 62 11.858927
180 63 14.037474
180 64 11.450482
180 65 12.652484
180 66 13.514544
180 67 14.627751
180 68 11.041616
180 69 11.369081
180 70 14.234780
180 71 11.603443
180 72 11.577736
180 73 13.207411
180 74 11.160438
180 75 14.762349
180 76 11.914961
180 77 13.948342
180 78 13.498573
180 79 12.511170
180 80 12.706968
180 81 11.632674
180 82 14.795091
180 83 12.374198
180 84 11.225094
180 85 14.728111
180 86 13.656126
180 87 11.297067
180 88 11.239331
180 89 11.816127
180 90 13.285746
180 91 12.238428
180 92 11.746726
180 93 14.728464
180 94 11.657918
180 95 14.669866
180 96 12.482094
180 97 11.466604
180 98 12.821381
180 99 12.097200
180 100 13.973718
180 101 11.283530
180 102 13.414748
180 103 13.373265
180 104 12.369819
180 105 12.330772
180 106 12.720804
180 107 14.704884
180 108 13.095019
180 109 13.380196
180 110 13.772823
180 111 14.333305
180 112 12.122981
180 113 11.800112
180 114 13.826638
180 115 13.214062
180 116 14.121069
180 117 12.677693
180 118 11.235121
180 119 13.653128
180 120 13.347830
180 121 13.457649
180 122 14.458450
180 123 14.186306
180 124 11.258053
180 125 14.572297
180 126 11.993548
180 127 11.282985
180 128 12.408096
180 129 12.092848
180 130 13.377058
180 131 12.407334
180 132 13.566971
180 133 11.672905
180 134 14.665366
180 135 12.117750
180 136 14.543054
180 137 13.559570
180 138 12.305965
180 139 11.582707
180 140 12.946389
180 141 13.875127
180 142 12.128685
180 143 13.941873
180 144 11.842187
180 145 12.816511
180 146 14.552128
180 147 13.695296
180 148 14.493109
180 149 14.253909
180 150 14.114920
180 151 12.670268
180 152 11.473331
180 153 13.369603
180 154 11.058934
180 155 12.367057
180 156 10.979207
180 157 14.546948
180 158 12.770514
180 159 13.847663
180 160 12.622045
180 161 10.967395
180 162 11.642053
180 163 14.355586
180 164 14.529228
180 165 13.169088
180 166 11.538262
180 167 14.121104
180 168 12.985299
180 169 12.400376
180 170 11.726193
180 171 11.402005
180 172 13.863613
180 173 12.467882
180 174 11.173922
180 175 12.059224
180 176 11.323032
180 177 11.180904
180 178 14.225466
180 179 14.522034
180 181 14.078394
180 182 11.140658
180 183 12.080606
180 184 14.468455
180 185 14.237210
180 186 14.734544
180 187 14.277228
180 188 11.436220
180 189 14.680875
180 190 13.330936
180 191 12.888427
180 192 11.979029
180 193 12.561627
180 194 13.448052
180 195 11.181506
180 196 11.455002
180 197 11.147302
180 198 11.026261
180 199 14.527557
180 200 12.919149
181 0 14.777902
181 1 13.603664
181 2 13.902457
181 3 11.524948
181 4 14.413070
181 5 11.161702
181 6 12.785442
181 7 12.707718
181 8 12.511815
181 9 12.589692
181 10 14.362922
181 11 13.797520
181 12 13.107837
181 13 12.583131
181 14 11.099667
181 15 13.745934
181 16 14.658676
181 17 12.130231
181 18 14.478033
181 19 11.103747
181 20 13.656012
181 21 14.468155
181 22 11.834733
181 23 12.130298
181 24 14.807374
181 25 11.857637
181 26 12.916208
181 27 13.690551
181 28 11.452054
181 29 12.059175
181 30 13.980144
181 31 14.298342
181 32 13.123013
181 33 11.243155
181 34 13.080201
181 35 14.047781
181 36 11.244489
181 37 13.130093
181 38 13.174164
181 39 14.586854
181 40 13.644485
181 41 12.405822
181 42 13.474210
181 43 10.991912
181 44 12.532571
181 45 11.974688
181 46 14.613435
181 47 14.766677
181 48 13.163360
181 49 13.647958
181 50 11.115607
181 51 12.979533
181 52 12.044355
181 53 12.933095
181 54 11.444290
181 55 12.577372
181 56 13.554812
181 57 13.208816
181 58 13.299201
181 59 13.194822
181 60 12.295176
181 61 11.591766
181 62 14.241237
181 63 12.527177
181 64 13.586336
181 65 12.640150
181 66 13.441525
181 67 11.263616
181 68 14.250416
181 69 11.592365
181 70 12.028136
181 71 12.416506
181 72 13.187060
181 73 11.541757
181 74 14.109256
181 75 11.874551
181 76 11.838540
181 77 11.487957
181 78 13.778906
181 79 13.597453
181 80 13.194620
181 81 13.649454
181 82 12.819773
181 83 12.772445
181 84 14.480892
181 85 12.462899
181 86 13.879312
181 87 11.050386
181 88 13.023166
181 89 12.090636
181 90 11.788250
181 91 13.883831
181 92 13.274815
181 93 13.885156
181 94 14.739665
181 95 13.692678
181 96 13.363710
181 97 12.096579
181 98 12.789743
181 99 11.475328
181 100 11.325454
181 101 12.398594
181 102 12.153412
181 103 12.356827
181 104 13.596688
181 105 12.808023
181 106 12.511469
181 107 11.977500
181 108 13.313762
181 109 12.197291
181 110 14.045455
181 111 12.224356
181 112 11.027258
181 113 11.416324
181 114 12.261514
181 115 11.772866
181 116 14.676251
181 117 12.043001
181 118 13.944449
181 119 14.460757
181 120 14.550104
181 121 11.741416
181 122 12.963656
181 123 12.193625
181 124 13.276111
181 125 11.809332
181 126 11.252127
181 127 14.609194
181 128 13.032443
181 129 13.002480
181 130 13.191814
181 131 13.344176
181 132 11.223571
181 133 11.463388
181 134 12.039670
181 135 13.193315
181 136 14.117065
181 137 14.188525
181 138 13.401538
181 139 11.511272
181 140 12.032484
181 141 14.416066
181 142 14.450841
181 143 13.885187
181 144 13.027667
181 145 12.577137
181 146 12.632395
181 147 13.141732
181 148 11.453567
181 149 11.757838
181 150 12.098700
181 151 12.167721
181 152 12.199691
181 153 11.746238
181 154 11.930347
181 155 14.244728
181 156 12.237038
181 157 13.218549
181 158 11.292814
181 159 12.954901
181 160 14.471377
181 161 12.498177
181 162 14.676440
181 163 11.341645
181 164 11.820125
181 165 11.045681
181 166 11.652620
181 167 11.171288
181 168 13.294417
181 169 14.567826
181 170 13.006960
181 171 11.833635
181 172 13.582051
181 173 12.765174
181 174 11.975107
181 175 11.317601
181 176 12.866029
181 177 10.934982
181 178 12.709885
181 179 11.096973
181 180 14.078394
181 182 11.388469
181 183 11.046158
181 184 13.182616
181 185 14.048757
181 186 12.562039
181 187 13.244934
181 188 11.203139
181 189 11.322699
181 190 11.715481
181 191 12.463866
181 192 12.191093
181 193 12.306846
181 194 13.573394
181 195 11.985533
181 196 14.605904
181 197 12.398727
181 198 12.338107
181 199 11.141758
181 200 11.329291
182 0 13.640424
182 1 12.423088
182 2 10.962582
182 3 11.306174
182 4 14.534142
182 5 12.571211
182 6 14.137542
182 7 11.965748
182 8 10.996324
182 9 13.752356
182 10 12.005185
182 11 12.040715
182 12 14.234337
182 13 12.599459
182 14 14.802031
182 15 14.029174
182 16 13.216638
182 17 14.658186
182 18 14.539272
182 19 12.346034
182 20 14.619432
182 21 10.987949
182 22 13.596582
182 23 14.503726
182 24 11.040351
182 25 13.501284
182 26 14.095899
182 27 11.575114
182 28 14.404979
182 29 14.332152
182 30 14.446593
182 31 11.562112
182 32 11.477889
182 33 14.163962
182 34 13.008499
182 35 11.119355
182 36 10.988332
182 37 11.306520
182 38 11.472310
182 39 12.422835
182 40 13.597822
182 41 10.961349
182 42 11.519617
182 43 11.359888
182 44 14.625485
182 45 11.638183
182 46 14.097171
182 47 14.732243
182 48 11.248717
182 49 13.533073
182 50 13.911199
182 51 13.633777
182 52 11.120909
182 53 12.911778
182 54 13.177324
182 55 12.481168
182 56 11.529880
182 57 12.437030
182 58 13.204278
182 59 14.465376
182 60 14.735057
182 61 14.454823
182 62 14.238452
182 63 11.907341
182 64 13.818968
182 65 12.457209
182 66 13.538804
182 67 12.582385
182 68 11.466062
182 69 14.604760
182 70 12.822114
182 71 12.183474
182 72 11.388052
182 73 13.641099
182 74 12.833507
182 75 12.714883
182 76 11.426768
182 77 13.232467
182 78 11.163218
182 79 12.807310
182 80 13.458988
182 81 12.456625
182 82 11.584745
182 83 13.146224
182 84 12.673356
182 85 13.338844
182 86 13.190904
182 87 10.982554
182 88 14.622007
182 89 13.450628
182 90 11.630317
182 91 11.175749
182 92 13.362858
182 93 12.506365
182 94 12.690712
182 95 14.204017
182 96 14.656859
182 97 11.558616
182 98 12.409384
182 99 14.402520
182 100 11.726842
182 101 11.851777
182 102 11.213300
182 103 11.241650
182 104 13.406894
182 105 12.985214
182 106 14.271828
182 107 13.430064
182 108 14.075301
182 109 13.029035
182 110 13.353468
182 111 13.890744
182 112 12.669645
182 113 12.087417
182 114 14.333414
182 115 14.782302
182 116 11.153982
182 117 12.927564
182 118 14.673922
182 119 11.597830
182 120 14.334837
182 121 11.679047
182 122 12.871354
182 123 11.362497
182 124 12.399134
182 125 13.599602
182 126 14.198103
182 127 11.414680
182 128 13.756701
182 129 13.894595
182 130 13.764904
182 131 13.788649
182 132 13.008255
182 133 14.816918
182 134 11.500583
182 135 11.596826
182 136 12.309982
182 137 12.517555
182 138 13.850151
182 139 12.778520
182 140 10.963057
182 141 13.681420
182 142 12.978799
182 143 11.367411
182 144 13.573889
182 145 10.959240
182 146 11.622072
182 147 11.146145
182 148 11.367138
182 149 12.135097
182 150 11.482516
182 151 11.791307
182 152 11.018598
182 153 14.524459
182 154 14.308095
182 155 12.720889
182 156 11.273026
182 157 14.779342
182 158 13.275916
182 159 12.727548
182 160 12.952096
182 161 14.773274
182 162 14.744303
182 163 11.512238
182 164 11.719224
182 165 13.830132
182 166 11.351368
182 167 10.976032
182 168 11.593608
182 169 12.920169
182 170 14.022518
182 171 13.395589
182 172 12.436793
182 173 10.943479
182 174 11.841252
182 175 14.736426
182 176 12.579984
182 177 11.425790
182 178 13.971239
182 179 11.353975
182 180 11.140658
182 181 11.388469
182 183 12.701976
182 184 12.422079
182 185 11.374130
182 186 13.991202
182 187 14.503957
182 188 11.323076
182 189 11.297746
182 190 11.119670
182 191 11.677698
182 192 12.481054
182 193 12.684918
182 194 12.715468
182 195 13.190283
182 196 14.317188
182 197 14.530739
182 198 14.038594
182 199 13.928399
182 200 12.115461
183 0 11.556906
183 1 13.673378
183 2 12.188183
183 3 11.091775
183 4 13.211737
183 5 13.742019
183 6 14.360777
183 7 11.275493
183 8 13.181907
183 9 13.287515
183 10 12.632844
183 11 14.475032
183 12 11.460523
183 13 12.474604
183 14 13.589557
183 15 12.425100
183 16 13.182313
183 17 11.046321
183 18 13.027711
183 19 14.343918
183 20 11.527640
183 21 12.589156
183 22 13.879194
183 23 11.761220
183 24 14.001939
183 25 14.419958
183 26 13.222792
183 27 12.440690
183 28 14.808722
183 29 14.028157
183 30 14.560638
183 31 14.030874
183 32 11.837782
183 33 14.350371
183 34 12.426483
183 35 11.974786
183 36 11.703254
183 37 12.584741
183 38 10.988032
183 39 11.096724
183 40 11.801640
183 41 14.118397
183 42 14.566943
183 43 14.263373
183 44 14.807587
183 45 12.986302
183 46 14.098225
183 47 14.162800
183 48 13.013569
183 49 13.417140
183 50 14.762057
183 51 14.615316
183 52 13.939265
183 53 12.540032
183 54 11.611661
183 55 11.157560
183 56 13.114705
183 57 11.048624
183 58 11.533410
183 59 11.891063
183 60 14.427339
183 61 13.993159
183 62 12.293515
183 63 11.817292
183 64 10.995031
183 65 13.815212
183 66 13.588949
183 67 12.434845
183 68 11.309256
183 69 11.329951
183 70 12.853565
183 71 13.159551
183 72 12.978500
183 73 12.025025
183 74 12.780693
183 75 11.279670
183 76 11.901324
183 77 12.296842
183 78 13.120752
183 79 12.217579
183 80 12.464305
183 81 11.492503
183 82 13.040387
183 83 13.185992
183 84 12.026697
183 85 12.952073
183 86 12.678261
183 87 12.314308
183 88 11.956083
183 89 13.942592
183 90 12.200280
183 91 11.117564
183 92 13.906406
183 93 14.091646
183 94 13.573204
183 95 14.701679
183 96 13.501207
183 97 12.261679
183 98 13.831076
183 99 14.325978
183 100 14.149992
183 101 13.641122
183 102 13.451806
183 103 11.277802
183 104 13.268285
183 105 12.211248
183 106 13.058023
183 107 14.762581
183 108 13.385639
183 109 13.215638
183 110 11.145533
183 111 11.652943
183 112 11.316741
183 113 12.642177
183 114 11.571603
183 115 13.237836
183 116 11.238341
183 117 12.228214
183 118 11.748838
183 119 12.548303
183 120 11.671533
183 121 13.648240
183 122 12.327640
183 123 12.107536
183 124 13.345248
183 125 14.045202
183 126 14.174057
183 127 12.777608
183 128 12.288998
183 129 14.755310
183 130 10.943317
183 131 12.733407
183 132 11.548888
183 133 10.941097
183 134 14.567731
183 135 13.536556
183 136 12.573075
183 137 12.461831
183 138 11.313244
183 139 11.528405
183 140 13.957076
183 141 12.074587
183 142 13.770259
183 143 11.744070
183 144 11.813737
183 145 11.068210
183 146 12.125028
183 147 14.815323
183 148 11.613459
183 149 13.277356
183 150 12.577841
183 151 11.869796
183 152 11.396754
183 153 12.792642
183 154 11.726264
183 155 14.045751
183 156 12.174770
183 157 13.937695
183 158 12.886890
183 159 14.723043
183 160 12.069044
183 161 11.079424
183 162 13.282513
183 163 12.083624
183 164 11.173299
183 165 11.234440
183 166 13.078055
183 167 11.316742
183 168 11.419164
183 169 14.709428
183 170 11.085080
183 171 13.810418
183 172 12.044745
183 173 11.165458
183 174 14.628637
183 175 14.373485
183 176 11.500669
183 177 14.743632
183 178 14.650322
183 179 14.670099
183 180 12.080606
183 181 11.046158
183 182 12.701976
183 184 14.456475
183 185 13.555963
183 186 11.492764
183 187 14.347055
183 188 13.698100
183 189 13.352727
183 190 14.569425
183 191 13.530197
183 192 12.330627
183 193 11.527633
183 194 11.189391
183 195 14.137277
183 196 11.565209
183 197 13.929489
183 198 13.946593
183 199 14.501854
183 200 14.538963
184 0 11.576310
184 1 13.558101
184 2 14.579158
184 3 12.554756
184 4 14.231550
184 5 11.037770
184 6 14.454510
184 7 14.657626
184 8 11.433115
184 9 13.685512
184 10 12.670411
184 11 13.460964
184 12 12.465164
184 13 13.413552
184 14 13.152159
184 15 13.525496
184 16 14.131462
184 17 14.591796
184 18 12.958063
184 19 11.163513
184 20 14.100066
184 21 11.243481
184 22 13.231415
184 23 12.345440
184 24 13.843829
184 25 14.698728
184 26 12.546799
184 27 12.311576
184 28 13.268610
184 29 14.762813
184 30 13.694170
184 31 12.363228
184 32 13.734718
184 33 10.923233
184 34 13.178118
184 35 13.396701
184 36 10.946074
184 37 12.320129
184 38 11.162943
184 39 11.025856
184 40 13.234852
184 41 12.144317
184 42 11.253032
184 43 14.449321
184 44 14.255698
184 45 12.402400
184 46 12.834869
184 47 14.117830
184 48 14.206087
184 49 14.234958
184 50 12.223766
184 51 12.270091
184 52 14.231961
184 53 12.830004
184 54 13.800594
184 55 11.935327
184 56 13.850848
184 57 13.826148
184 58 12.257579
184 59 11.430582
184 60 12.682264
184 61 12.670892
184 62 13.562848
184 63 12.935260
184 64 11.232477
184 65 12.923011
184 66 11.756616
184 67 12.325002
184 68 12.469804
184 69 12.119376
184 70 11.477643
184 71 14.798516
184 72 13.350674
184 73 13.371046
184 74 12.660987
184 75 12.566634
184 76 11.104739
184 77 12.377374
184 78 12.293880
184 79 13.350412
184 80 12.351947
184 81 13.635642
184 82 12.412539
184 83 13.807261
184 84 13.799624
184 85 12.062900
184 86 13.913195
184 87 12.714565
184 88 14.432231
184 89 13.840570
184 90 12.118987
184 91 13.679077
184 92 14.736470
184 93 12.198920
184 94 11.519789
184 95 13.426699
184 96 14.317734
184 97 11.574756
184 98 12.506509
184 99 14.196917
184 100 11.098901
184 101 13.385472
184 102 14.559198
184 103 12.502334
184 104 11.695290
184 105 11.360302
184 106 11.896207
184 107 12.607116
184 108 13.798870
184 109 11.968797
184 110 12.594746
184 111 12.212726
184 112 11.416140
184 113 13.451451
184 114 13.441712
184 115 11.447596
184 116 11.366378
184 117 12.842683
184 118 14.041094
184 119 14.775772
184 120 13.195819
184 121 14.718399
184 122 12.899761
184 123 12.904335
184 124 12.671947
184 125 11.478461
184 126 12.745422
184 127 14.128092
184 128 12.341117
184 129 11.275573
184 130 11.714323
184 131 13.643289
184 132 14.404069
184 133 10.950123
184 134 11.412738
184 135 11.577460
184 136 13.180349
184 137 11.692765
184 138 14.323422
184 139 11.045737
184 140 14.396056
184 141 14.326080
184 142 13.519336
184 143 11.952262
184 144 12.559755
184 145 13.003222
184 146 11.206795
184 147 12.632019
184 148 11.390984
184 149 12.693712
184 150 11.043446
184 151 14.072804
184 152 13.552782
184 153 14.800307
184 154 11.708956
184 155 11.442557
184 156 12.800389
184 157 13.516538
184 158 13.002541
184 159 13.647195
184 160 12.709105
184 161 11.919285
184 162 12.414116
184 163 12.772434
184 164 13.126929
184 165 11.017131
184 166 13.581523
184 167 11.877900
184 168 14.624559
184 169 11.184059
184 170 13.692307
184 171 13.145765
184 172 12.911750
184 173 13.790988
184 174 10.992531
184 175 13.144257
184 176 14.506842
184 177 12.760128
184 178 12.790114
184 179 11.087655
184 180 14.468455
184 181 13.182616
184 182 12.422079
184 183 14.456475
184 185 12.836967
184 186 12.796426
184 187 14.467447
184 188 12.040805
184 189 12.439375
184 190 11.706748
184 191 13.779606
184 192 13.168238
184 193 14.789318
184 194 12.526386
184 195 13.062297
184 196 11.608078
184 197 12.238098
184 198 12.086252
184 199 14.002243
184 200 11.217175
185 0 13.148145
185 1 12.535049
185 2 14.631468
185 3 14.112614
185 4 12.264765
185 5 13.504999
185 6 13.121644
185 7 11.866184
185 8 14.364212
185 9 11.834591
185 10 12.135698
185 11 13.292708
185 12 13.899321
185 13 14.211058
185 14 14.680751
185 15 14.391962
185 16 12.385112
185 17 13.434033
185 18 13.965616
185 19 14.282179
185 20 11.775431
185 21 12.094136
185 22 11.966536
185 23 11.367158
185 24 11.773078
185 25 14.547747
185 26 14.397200
185 27 13.716688
185 28 12.754056
185 29 12.414940
185 30 13.544513
185 31 12.994988
185 32 13.685080
185 33 14.104203
185 34 14.132099
185 35 12.136895
185 36 12.531534
185 37 10.982847
185 38 13.107708
185 39 11.636539
185 40 14.740898
185 41 12.942501
185 42 10.977584
185 43 13.134722
185 44 11.187371
185 45 12.840714
185 46 12.381907
185 47 12.704246
185 48 14.212388
185 49 12.727213
185 50 13.626764
185 51 11.892946
185 52 12.911819
185 53 13.585733
185 54 14.627359
185 55 14.540749
185 56 13.984205
185 57 14.466080
185 58 14.511910
185 59 14.482713
185 60 13.922828
185 61 10.931546
185 62 11.172142
185 63 13.671982
185 64 13.143856
185 65 13.007541
185 66 14.384837
185 67 13.567945
185 68 14.218985
185 69 12.318131
185 70 11.972351
185 71 11.038298
185 72 13.348408
185 73 14.656298
185 74 14.196601
185 75 14.521423
185 76 13.778557
185 77 12.619992
185 78 14.729583
185 79 13.851819
185 80 12.336226
185 81 11.912795
185 82 12.891414
185 83 12.566849
185 84 12.188112
185 85 13.859476
185 86 11.023880
185 87 11.932053
185 88 11.180155
185 89 13.713334
185 90 10.998487
185 91 11.309881
185 92 13.193503
185 93 12.978312
185 94 13.529885
185 95 14.128552
185 96 11.345125
185 97 13.242959
185 98 12.410839
185 99 14.305477
185 100 14.129225
185 101 14.444368
185 102 12.030246
185 103 12.716367
185 104 14.638393
185 105 11.341594
185 106 14.599996
185 107 13.718511
185 108 12.878713
185 109 14.253359
185 110 11.891337
185 111 10.980023
185 112 11.311287
185 113 14.514541
185 114 11.272371
185 115 12.689009
185 116 14.177803
185 117 12.162864
185 118 13.712715
185 119 14.423110
185 120 12.475072
185 121 13.868016
185 122 12.438698
185 123 12.882158
185 124 13.548828
185 125 12.908271
185 126 14.194831
185 127 13.854260
185 128 12.323401
185 129 12.740078
185 130 12.411450
185 131 14.392955
185 132 12.098017
185 133 13.345408
185 134 12.552947
185 135 12.958366
185 136 12.122450
185 137 13.181151
185 138 10.968539
185 139 13.866045
185 140 11.978409
185 141 11.006260
185 142 13.521016
185 143 13.283557
185 144 13.262702
185 145 11.720292
185 146 13.388102
185 147 11.460177
185 148 14.694817
185 149 14.155889
185 150 14.466196
185 151 13.684827
185 152 14.436014
185 153 11.086640
185 154 12.897734
185 155 14.181699
185 156 12.346255
185 157 13.557537
185 158 13.939537
185 159 12.989016
185 160 11.611932
185 161 13.484249
185 162 11.672580
185 163 12.345846
185 164 11.758616
185 165 12.590971
185 166 13.438942
185 167 12.454876
185 168 14.815965
185 169 11.039119
185 170 14.147695
185 171 12.317524
185 172 14.709232
185 173 13.544769
185 174 13.549969
185 175 13.638869
185 176 11.746197
185 177 12.451547
185 178 12.990557
185 179 11.655006
185 180 14.237210
185 181 14.048757
185 182 11.374130
185 183 13.555963
185 184 12.836967
185 186 11.166246
185 187 11.471254
185 188 11.935929
185 189 11.093235
185 190 11.261677
185 191 13.201616
185 192 13.401856
185 193 13.803734
185 194 11.833793
185 195 13.856051
185 196 13.161022
185 197 12.519901
185 198 13.311953
185 199 11.835650
185 200 11.876767
186 0 12.157303
186 1 13.128519
186 2 14.699830
186 3 13.016531
186 4 11.051338
186 5 12.357258
186 6 11.675070
186 7 11.098445
186 8 13.835066
186 9 13.769136
186 10 12.823273
186 11 12.554128
186 12 14.794584
186 13 14.634072
186 14 13.945372
186 15 11.958510
186 16 11.797547
186 17 11.308520
186 18 14.286504
186 19 13.355696
186 20 11.680139
186 21 12.925703
186 22 13.287053
186 23 11.147575
186 24 13.469610
186 25 13.948988
186 26 13.795536
186 27 12.726474
186 28 11.797945
186 29 14.236903
186 30 13.975516
186 31 12.012029
186 32 13.407829
186 33 14.783093
186 34 14.749854
186 35 14.210731
186 36 14.786488
186 37 14.025618
186 38 13.048565
186 39 14.502420
186 40 12.827828
186 41 13.184214
186 42 13.630592
186 43 11.261841
186 44 13.826286
186 45 14.443411
186 46 14.152826
186 47 12.847533
186 48 14.663335
186 49 13.276097
186 50 14.705652
186 51 12.390389
186 52 10.948608
186 53 11.314072
186 54 11.465499
186 55 13.583255
186 56 14.428617
186 57 14.640556
186 58 11.057636
186 59 11.365205
186 60 14.762141
186 61 14.280942
186 62 14.690546
186 63 12.039791
186 64 11.312641
186 65 12.062373
186 66 13.965186
186 67 12.661006
186 68 11.987426
186 69 12.523064
186 70 12.892191
186 71 10.949033
186 72 14.532996
186 73 13.071881
186 74 11.789566
186 75 13.605472
186 76 13.143546
186 77 13.430079
186 78 14.216515
186 79 12.796828
186 80 13.786969
186 81 14.525671
186 82 14.094386
186 83 11.627649
186 84 14.661506
186 85 14.618187
186 86 13.695864
186 87 12.159954
186 88 11.274771
186 89 14.677679
186 90 11.917825
186 91 12.170282
186 92 13.212516
186 93 12.263065
186 94 11.654850
186 95 14.019787
186 96 13.249887
186 97 11.759590
186 98 11.921040
186 99 13.717229
186 100 14.661845
186 101 14.634751
186 102 12.565731
186 103 12.076713
186 104 14.272604
186 105 12.248351
186 106 14.136886
186 107 11.820830
186 108 11.357252
186 109 12.515681
186 110 12.189675
186 111 14.580724
186 112 12.474134
186 113 12.016019
186 114 12.917921
186 115 14.734583
186 116 12.587343
186 117 12.121995
186 118 12.484576
186 119 11.598044
186 120 11.685336
186 121 12.485208
186 122 11.103664
186 123 14.104478
186 124 14.181479
186 125 14.761985
186 126 13.393311
186 127 13.183297
186 128 13.042465
186 129 12.693358
186 130 11.277654
186 131 13.101824
186 132 11.759461
186 133 12.461878
186 134 12.755936
186 135 12.189394
186 136 11.205305
186 137 14.196519
186 138 12.584329
186 139 10.962273
186 140 11.874116
186 141 13.163504
186 142 13.850663
186 143 14.759545
186 144 12.620430
186 145 14.607990
186 146 13.756929
186 147 13.124439
186 148 13.540816
186 149 12.585753
186 150 11.003666
186 151 11.123914
186 152 14.593472
186 153 11.165625
186 154 11.218040
186 155 12.370793
186 156 13.857726
186 157 13.170798
186 158 11.488845
186 159 11.088027
186 160 13.809173
186 161 11.159096
186 162 11.670542
186 163 11.578541
186 164 10.970207
186 165 14.397893
186 166 14.183811
186 167 12.436377
186 168 14.514574
186 169 12.751656
186 170 14.507567
186 171 13.523480
186 172 12.432699
186 173 13.946432
186 174 12.221782
186 175 13.892020
186 176 11.263572
186 177 12.413511
186 178 12.245424
186 179 11.759869
186 180 14.734544
186 181 12.562039
186 182 13.991202
186 183 11.492764
186 184 12.796426
186 185 11.166246
186 187 12.436814
186 188 14.309670
186 189 14.200748
186 190 12.801092
186 191 12.439752
186 192 14.310665
186 193 11.444534
186 194 13.699012
186 195 12.233061
186 196 11.731785
186 197 11.604053
186 198 14.095111
186 199 10.960534
186 200 12.347501
187 0 12.136927
187 1 13.342084
187 2 12.724035
187 3 12.116135
187 4 11.674061
187 5 12.378451
187 6 13.492553
187 7 10.937972
187 8 11.150097
187 9 11.685593
187 10 14.127620
187 11 14.245327
187 12 12.381473
187 13 11.505952
187 14 11.523604
187 15 14.068772
187 16 12.155779
187 17 14.654446
187 18 13.456297
187 19 12.827147
187 20 11.122051
187 21 11.483742
187 22 14.191556
187 23 13.501760
187 24 12.818027
187 25 13.930676
187 26 12.617337
187 27 12.466890
187 28 11.284189
187 29 12.227674
187 30 14.748843
187 31 13.005962
187 32 14.407504
187 33 12.200768
187 34 11.619782
187 35 13.085163
187 36 12.707996
187 37 13.234732
187 38 13.821803
187 39 10.955893
187 40 14.430852
187 41 14.076658
187 42 12.424794
187 43 14.385583
187 44 12.400111
187 45 11.136789
187 46 11.538616
187 47 10.999907
187 48 12.734873
187 49 10.990139
187 50 14.281953
187 51 14.457035
187 52 14.160893
187 53 14.774279
187 54 13.929220
187 55 14.161119
187 56 13.809950
187 57 12.792543
187 58 14.348546
187 59 11.981112
187 60 14.117626
187 61 12.445138
187 62 12.790426
187 63 11.990841
187 64 14.749534
187 65 12.668157
187 66 13.901988
187 67 11.572622
187 68 13.422982
187 69 11.862136
187 70 11.089741
187 71 14.687220
187 72 11.029765
187 73 14.303870
187 74 14.140742
187 75 13.983570
187 76 12.707585
187 77 13.289281
187 78 12.023439
187 79 11.893351
187 80 14.692385
187 81 13.840277
187 82 12.106270
187 83 12.863784
187 84 11.760053
187 85 14.786955
187 86 13.728635
187 87 14.095988
187 88 12.017272
187 89 13.740755
187 90 12.857338
187 91 12.245759
187 92 11.484211
187 93 14.311647
187 94 13.164308
187 95 11.500846
187 96 11.555403
187 97 13.459023
187 98 13.335237
187 99 11.880318
187 100 13.946470
187 101 13.660408
187 102 11.223449
187 103 14.373216
187 104 13.911670
187 105 13.529196
187 106 13.806088
187 107 11.741840
187 108 12.194893
187 109 14.097580
187 110 12.972188
187 111 11.949395
187 112 12.867853
187 113 14.008871
187 114 12.571997
187 115 14.412259
187 116 12.274190
187 117 13.185755
187 118 12.143552
187 119 14.420201
187 120 12.025117
187 121 14.479483
187 122 13.764538
187 123 11.816757
187 124 11.999577
187 125 11.654390
187 126 13.572392
187 127 13.357512
187 128 12.597146
187 129 11.856757
187 130 14.264859
187 131 13.368066
187 132 13.632934
187 133 12.937697
187 134 11.625971
187 135 11.902427
187 136 12.952800
187 137 12.594051
187 138 12.758249
187 139 14.754360
187 140 11.007054
187 141 11.508435
187 142 11.588852
187 143 14.144116
187 144 14.582981
187 145 13.856954
187 146 12.425134
187 147 14.293314
187 148 13.481131
187 149 11.502891
187 150 11.952513
187 151 14.153749
187 152 13.486058
187 153 11.991092
187 154 13.053423
187 155 12.331473
187 156 11.437254
187 157 12.634911
187 158 11.469904
187 159 13.160037
187 160 14.365659
187 161 12.383947
187 162 14.495243
187 163 11.123828
187 164 14.388888
187 165 11.091740
187 166 12.256430
187 167 12.842467
187 168 14.713010
187 169 13.362826
187 170 12.643416
187 171 12.051344
187 172 13.943199
187 173 11.204723
187 174 12.919979
187 175 12.640458
187 176 14.455872
187 177 11.460101
187 178 11.329463
187 179 13.900604
187 180 14.277228
187 181 13.244934
187 182 14.503957
187 183 14.347055
187 184 14.467447
187 185 11.471254
187 186 12.436814
187 188 14.728615
187 189 13.755298
187 190 13.335466
187 191 11.509290
187 192 14.387440
187 193 13.797609
187 194 12.901747
187 195 14.667548
187 196 13.949878
187 197 13.707206
187 198 13.905446
187 199 13.100331
187 200 11.855567
188 0 14.744542
188 1 14.272034
188 2 14.482802
188 3 12.213110
188 4 13.296277
188 5 11.043682
188 6 13.295268
188 7 12.544294
188 8 13.884848
188 9 13.606217
188 10 11.004970
188 11 12.760525
188 12 11.626651
188 13 14.805113
188 14 11.389327
188 15 14.378054
188 16 13.447525
188 17 14.031775
188 18 14.137100
188 19 11.007377
188 20 13.008860
188 21 11.126618
188 22 14.671270
188 23 13.944492
188 24 12.087439
188 25 13.905361
188 26 14.763353
188 27 14.416111
188 28 11.628887
188 29 11.202774
188 30 12.595650
188 31 12.113227
188 32 12.654547
188 33 13.832573
188 34 10.959557
188 35 14.678655
188 36 14.276164
188 37 12.567221
188 38 11.541272
188 39 12.172425
188 40 13.382629
188 41 12.094661
188 42 12.172552
188 43 13.483824
188 44 11.540354
188 45 14.739926
188 46 12.830451
188 47 10.954535
188 48 11.050165
188 49 13.098796
188 50 14.319142
188 51 13.902866
188 52 12.500262
188 53 11.662483
188 54 12.109587
188 55 13.482277
188 56 14.008714
188 57 13.385064
188 58 13.139916
188 59 12.709294
188 60 11.280917
188 61 14.681564
188 62 12.463724
188 63 14.238407
188 64 13.769726
188 65 11.204414
188 66 14.370239
188 67 11.245680
188 68 12.476705
188 69 14.113365
188 70 11.254551
188 71 14.029780
188 72 11.151855
188 73 12.986926
188 74 13.773841
188 75 13.493048
188 76 12.687771
188 77 14.092839
188 78 14.104860
188 79 13.993341
188 80 11.891715
188 81 13.359420
188 82 11.870293
188 83 12.439380
188 84 13.273450
188 85 14.583147
188 86 12.733786
188 87 13.052545
188 88 12.340312
188 89 13.148150
188 90 12.139658
188 91 11.746999
188 92 14.681955
188 93 12.133492
188 94 12.002040
188 95 11.704553
188 96 11.214117
188 97 10.932206
188 98 11.565979
188 99 14.811003
188 100 12.057256
188 101 13.648100
188 102 13.136387
188 103 12.463208
188 104 14.547026
188 105 14.353069
188 106 11.396441
188 107 12.167466
188 108 12.344439
188 109 14.318875
188 110 13.955755
188 111 10.954040
188 112 14.461831
188 113 14.545082
188 114 12.700841
188 115 13.042089
188 116 12.925990
188 117 12.167724
188 118 10.927677
188 119 13.252287
188 120 11.729966
188 121 12.879885
188 122 11.660163
188 123 11.740869
188 124 11.253612
188 125 13.126189
188 126 14.515923
188 127 13.692826
188 128 11.614737
188 129 13.257905
188 130 14.023730
188 131 12.087197
188 132 14.022497
188 133 13.489104
188 134 12.077951
188 135 10.976330
188 136 13.366355
188 137 13.869105
188 138 11.481110
188 139 11.392707
188 140 11.490060
188 141 13.477064
188 142 13.311507
188 143 11.859944
188 144 13.304748
188 145 14.670142
188 146 12.179947
188 147 14.341184
188 148 14.388705
188 149 11.230960
188 150 12.117264
188 151 11.114847
188 152 13.183244
188 153 11.113637
188 154 11.853877
188 155 14.276557
188 156 11.437276
188 157 13.866609
188 158 13.176077
188 159 14.781461
188 160 12.999460
188 161 11.361096
188 162 11.906714
188 163 13.869530
188 164 11.510815
188 165 11.515008
188 166 11.341530
188 167 14.598549
188 168 11.854108
188 169 12.717117
188 170 11.432102
188 171 14.602791
188 172 14.247621
188 173 13.770264
188 174 13.154537
188 175 11.928344
188 176 12.345835
188 177 12.823667
188 178 14.438936
188 179 13.849917
188 180 11.436220
188 181 11.203139
188 182 11.323076
188 183 13.698100
188 184 12.040805
188 185 11.935929
188 186 14.309670
188 187 14.728615
188 189 12.350163
188 190 12.441061
188 191 11.315507
188 192 12.144814
188 193 13.316718
188 194 11.791236
188 195 12.915159
188 196 14.614183
188 197 14.499224
188 198 14.434096
188 199 12.961516
188 200 12.472394
189 0 11.311675
189 1 11.620994
189 2 11.759538
189 3 11.831180
189 4 11.967204
189 5 12.760915
189 6 13.569778
189 7 11.155362
189 8 14.500212
189 9 14.150459
189 10 12.126945
189 11 11.245077
189 12 11.794550
189 13 14.317234
189 14 13.663109
189 15 13.498728
189 16 13.517487
189 17 11.404626
189 18 12.036597
189 19 12.449775
189 20 13.188013
189 21 13.935730
189 22 14.741646
189 23 12.503800
189 24 14.137388
189 25 14.078778
189 26 13.633193
189 27 13.950454
189 28 13.655529
189 29 13.407012
189 30 14.482561
189 31 10.970206
189 32 12.514999
189 33 12.399881
189 34 12.021841
189 35 11.803184
189 36 11.877641
189 37 13.116298
189 38 11.443670
189 39 13.859937
189 40 13.198099
189 41 12.806980
189 42 13.908700
189 43 11.463389
189 44 13.076734
189 45 14.300030
189 46 14.676223
189 47 11.389642
189 48 11.988081
189 49 14.560865
189 50 12.793674
189 51 13.531551
189 52 12.082789
189 53 14.056201
189 54 12.743876
189 55 11.336985
189 56 14.091665
189 57 11.570273
189 58 14.366288
189 59 13.274813
189 60 12.838630
189 61 14.531292
189 62 11.381260
189 63 12.100673
189 64 14.031141
189 65 14.602500
189 66 11.262984
189 67 13.627695
189 68 12.300145
189 69 14.115789
189 70 12.067960
189 71 13.619082
189 72 13.502179
189 73 12.636538
189 74 13.263758
189 75 12.062005
189 76 11.629940
189 77 11.891254
189 78 13.314863
189 79 14.025675
189 80 12.746030
189 81 14.248330
189 82 12.733511
189 83 11.121745
189 84 14.341645
189 85 14.438856
189 86 13.333539
189 87 13.586521
189 88 14.143096
189 89 14.487255
189 90 12.929869
189 91 11.386400
189 92 12.306646
189 93 13.137123
189 94 12.781268
189 95 10.979250
189 96 13.829282
189 97 14.764621
189 98 12.231786
189 99 13.373672
189 100 12.608884
189 101 12.970636
189 102 13.712179
189 103 12.601417
189 104 11.899272
189 105 13.154506
189 106 12.201156
189 107 11.470428
189 108 12.542161
189 109 13.361779
189 110 11.698476
189 111 12.627484
189 112 12.775407
189 113 11.012637
189 114 13.686776
189 115 14.129879
189 116 11.171980
189 117 13.441976
189 118 14.004014
189 119 11.019995
189 120 10.929712
189 121 13.467793
189 122 11.385071
189 123 12.555199
189 124 11.173412
189 125 14.341850
189 126 11.991400
189 127 13.073714
189 128 11.925943
189 129 14.239419
189 130 12.403894
189 131 11.040725
189 132 14.316592
189 133 13.156080
189 134 13.519601
189 135 14.197761
189 136 13.116731
189 137 14.130581
189 138 13.957594
189 139 13.670305
189 140 13.511632
189 141 12.965400
189 142 11.753918
189 143 14.328627
189 144 11.903149
189 145 12.073123
189 146 12.770185
189 147 14.807943
189 148 12.759967
189 149 11.494130
189 150 11.737928
189 151 13.089042
189 152 14.216637
189 153 11.622799
189 154 13.718164
189 155 12.707720
189 156 14.554484
189 157 14.412929
189 158 11.307699
189 159 14.439635
189 160 13.395655
189 161 12.291117
189 162 13.628253
189 163 14.419482
189 164 14.569003
189 165 13.861215
189 166 13.320426
189 167 13.168866
189 168 14.778290
189 169 13.342323
189 170 14.589164
189 171 13.060925
189 172 12.762494
189 173 13.342232
189 174 13.372623
189 175 12.809553
189 176 14.143965
189 177 13.113711
189 178 13.298188
189 179 12.308186
189 180 14.680875
189 181 11.322699
189 182 11.297746
189 183 13.352727
189 184 12.439375
189 185 11.093235
189 186 14.200748
189 187 13.755298
189 188 12.350163
189 190 12.661874
189 191 13.889524
189 192 12.992542
189 193 14.437426
189 194 11.431340
189 195 11.717193
189 196 12.557622
189 197 12.645284
189 198 14.237446
189 199 13.180845
189 200 13.005212
190 0 14.500546
190 1 12.501607
190 2 13.778117
190 3 12.422735
190 4 12.886601
190 5 12.135819
190 6 12.267056
190 7 10.997191
190 8 13.479111
190 9 14.326958
190 10 13.142546
190 11 14.460532
190 12 13.614749
190 13 12.089069
190 14 13.288072
190 15 14.393048
190 16 14.801998
190 17 12.869803
190 18 11.355644
190 19 11.808260
190 20 11.183192
190 21 14.331784
190 22 11.457733
190 23 14.793675
190 24 13.501968
190 25 12.824369
190 26 13.083904
190 27 12.670392
190 28 13.265166
190 29 14.550955
190 30 11.430272
190 31 13.151212
190 32 12.077216
190 33 11.676764
190 34 10.981970
190 35 11.928973
190 36 11.915612
190 37 12.621335
190 38 11.890824
190 39 13.737506
190 40 14.262932
190 41 13.587765
190 42 12.512007
190 43 12.395288
190 44 12.807704
190 45 12.884362
190 46 11.470631
190 47 11.479476
190 48 12.959934
190 49 11.262277
190 50 11.436789
190 51 14.809043
190 52 14.196782
190 53 13.742415
190 54 11.514691
190 55 14.673611
190 56 14.593014
190 57 11.624562
190 58 14.352774
190 59 12.394378
190 60 12.578191
190 61 14.142053
190 62 11.899142
190 63 13.667461
190 64 13.284186
190 65 12.523808
190 66 11.679916
190 67 11.939378
190 68 12.141903
190 69 13.177832
190 70 11.637029
190 71 11.685968
190 72 13.138956
190 73 13.716881
190 74 13.043502
190 75 11.362783
190 76 13.096935
190 77 11.844595
190 78 11.274235
190 79 13.649549
190 80 11.048339
190 81 13.399418
190 82 12.260357
190 83 13.389153
190 84 14.704569
190 85 12.415327
190 86 12.813963
190 87 13.920375
190 88 13.764380
190 89 14.312838
190 90 14.113031
190 91 12.044413
190 92 11.585394
190 93 12.199241
190 94 11.113151
190 95 14.294041
190 96 12.916135
190 97 14.339106
190 98 12.085279
190 99 13.171746
190 100 13.137076
190 101 13.993441
190 102 11.428375
190 103 13.723751
190 104 14.705717
190 105 14.105901
190 106 12.314084
190 107 14.566985
190 108 14.433529
190 109 14.660930
190 110 13.664266
190 111 14.040283
190 112 12.459839
190 113 13.668009
190 114 14.678217
190 115 12.474583
190 116 11.938784
190 117 12.499228
190 118 11.152322
190 119 14.076196
190 120 13.645120
190 121 11.378719
190 122 11.394564
190 123 11.296862
190 124 12.033349
190 125 12.842598
190 126 11.334786
190 127 14.340124
190 128 14.641779
190 129 12.531980
190 130 11.565072
190 131 14.201521
190 132 11.379356
190 133 11.201544
190 134 12.274711
190 135 11.522370
190 136 13.480855
190 137 11.325812
190 138 13.912724
190 139 13.933345
190 140 13.230014
190 141 11.398620
190 142 14.427522
190 143 13.695178
190 144 12.683610
190 145 13.911445
190 146 12.712002
190 147 12.471246
190 148 13.147306
190 149 14.447032
190 150 11.564888
190 151 12.322963
190 152 13.630648
190 153 11.290265
190 154 14.669880
190 155 11.418718
190 156 12.629983
190 157 12.766542
190 158 11.418481
190 159 14.516284
190 160 11.578352
190 161 13.767476
190 162 11.993465
190 163 14.057216
190 164 14.233230
190 165 13.065723
190 166 13.497445
190 167 11.502870
190 168 14.132508
190 169 12.092894
190 170 12.439721
190 171 11.340920
190 172 12.273063
190 173 14.394575
190 174 11.981798
190 175 12.804988
190 176 12.738025
190 177 12.139212
190 178 13.883527
190 179 12.091260
190 180 13.330936
190 181 11.715481
190 182 11.119670
190 183 14.569425
190 184 11.706748
190 185 11.261677
190 186 12.801092
190 187 13.335466
190 188 12.441061
190 189 12.661874
190 191 14.777717
190 192 13.243345
190 193 11.814378
190 194 12.258315
190 195 12.509036
190 196 14.015184
190 197 13.909078
190 198 14.081319
190 199 13.611110
190 200 11.249530
191 0 12.319109
191 1 14.323029
191 2 11.144650
191 3 13.524141
191 4 12.542879
191 5 14.739147
191 6 12.512773
191 7 14.710626
191 8 13.244544
191 9 12.416190
191 10 13.986094
191 11 14.330343
191 12 12.322393
191 13 14.102625
191 14 11.443073
191 15 14.496176
191 16 12.878625
191 17 11.855862
191 18 13.148061
191 19 13.465574
191 20 11.489748
191 21 13.277963
191 22 13.679414
191 23 13.476987
191 24 11.607573
191 25 12.504937
191 26 11.472384
191 27 11.542950
191 28 13.917168
191 29 12.696036
191 30 14.396075
191 31 13.475647
191 32 13.474712
191 33 13.703875
191 34 12.019700
191 35 12.347759
191 36 14.718419
191 37 11.596605
191 38 13.734703
191 39 14.484294
191 40 13.615813
191 41 12.563146
191 42 10.920400
191 43 11.781295
191 44 12.759644
191 45 11.617410
191 46 14.166844
191 47 11.434265
191 48 11.933664
191 49 12.357052
191 50 12.579187
191 51 12.985685
191 52 11.650398
191 53 11.395409
191 54 11.979035
191 55 11.160441
191 56 11.179161
191 57 13.313839
191 58 12.480184
191 59 12.909442
191 60 14.415197
191 61 14.765964
191 62 11.254639
191 63 11.849314
191 64 11.118628
191 65 13.258235
191 66 11.576812
191 67 12.368560
191 68 11.064940
191 69 13.813892
191 70 11.226243
191 71 13.184148
191 72 12.796995
191 73 13.316271
191 74 14.172223
191 75 12.776191
191 76 13.662009
191 77 14.783941
191 78 12.674235
191 79 12.354433
191 80 11.164342
191 81 11.325507
191 82 10.924605
191 83 12.448016
191 84 13.297434
191 85 12.511873
191 86 12.175291
191 87 12.615157
191 88 14.347536
191 89 11.796296
191 90 11.688245
191 91 14.630889
191 92 12.991130
191 93 13.900595
191 94 12.208013
191 95 14.672937
191 96 14.483721
191 97 13.117996
191 98 13.124875
191 99 11.305567
191 100 12.351228
191 101 14.464273
191 102 13.978311
191 103 14.212566
191 104 12.931048
191 105 13.793293
191 106 13.861004
191 107 12.326958
191 108 14.428794
191 109 12.057823
191 110 11.336412
191 111 11.859365
191 112 12.286527
191 113 11.085418
191 114 14.670903
191 115 13.567626
191 116 11.753843
191 117 12.310888
191 118 12.907291
191 119 11.324763
191 120 14.024575
191 121 11.026398
191 122 11.696808
191 123 14.517870
191 124 13.033232
191 125 14.176260
191 126 12.944505
191 127 13.637610
191 128 10.954039
191 129 14.135447
191 130 14.473107
191 131 11.434324
191 132 12.913715
191 133 13.992825
191 134 12.311939
191 135 11.408950
191 136 12.242219
191 137 14.568096
191 138 13.145167
191 139 13.593561
191 140 14.761604
191 141 13.664271
191 142 11.261745
191 143 11.437877
191 144 13.664872
191 145 13.884408
191 146 14.110002
191 147 11.009495
191 148 14.413965
191 149 14.135642
191 150 12.270453
191 151 14.546338
191 152 11.502405
191 153 12.155065
191 154 13.408454
191 155 13.586053
191 156 14.554297
191 157 13.486869
191 158 11.688369
191 159 12.543985
191 160 12.790154
191 161 13.286036
191 162 12.960769
191 163 13.483538
191 164 14.773875
191 165 12.203306
191 166 13.526750
191 167 11.451158
191 168 12.616237
191 169 14.473049
191 170 13.557469
191 171 12.422824
191 172 14.225346
191 173 13.079755
191 174 12.823166
191 175 12.084720
191 176 14.178249
191 177 14.390650
191 178 14.660287
191 179 11.385582
191 180 12.888427
191 181 12.463866
191 182 11.677698
191 183 13.530197
191 184 13.779606
191 185 13.201616
191 186 12.439752
191 187 11.509290
191 188 11.315507
191 189 13.889524
191 190 14.777717
191 192 13.924954
191 193 11.553905
191 194 11.787788
191 195 14.554844
191 196 14.255397
191 197 14.440921
191 198 13.629856
191 199 13.260360
191 200 12.153087
192 0 13.658432
192 1 12.743329
192 2 13.905433
192 3 14.041635
192 4 14.083480
192 5 13.207994
192 6 12.791065
192 7 12.477623
192 8 14.444637
192 9 11.342658
192 10 12.028483
192 11 10.991211
192 12 12.562204
192 13 12.662531
192 14 13.909584
192 15 12.562194
192 16 12.941389
192 17 13.683513
192 18 11.216130
192 19 12.148457
192 20 12.715789
192 21 11.607830
192 22 14.808701
192 23 13.436680
192 24 12.610034
192 25 10.927506
192 26 13.660266
192 27 10.961877
192 28 14.295037
192 29 12.602828
192 30 13.028541
192 31 13.432607
192 32 12.782786
192 33 13.137890
192 34 13.548500
192 35 14.515268
192 36 13.633494
192 37 13.107176
192 38 13.346525
192 39 13.357878
192 40 12.513336
192 41 12.461935
192 42 11.056838
192 43 14.541800
192 44 12.684569
192 45 13.929055
192 46 11.320088
192 47 12.720633
192 48 14.292244
192 49 11.699937
192 50 11.454552
192 51 13.205217
192 52 14.348024
192 53 12.188309
192 54 13.133899
192 55 11.029369
192 56 12.473099
192 57 11.589057
192 58 13.577610
192 59 14.659582
192 60 12.026451
192 61 12.690596
192 62 12.577565
192 63 14.205703
192 64 13.517549
192 65 11.558432
192 66 12.494907
192 67 14.123481
192 68 13.403702
192 69 10.969306
192 70 12.314458
192 71 14.285056
192 72 13.580009
192 73 12.430030
192 74 13.458525
192 75 14.734335
192 76 14.387002
192 77 12.658404
192 78 11.234405
192 79 14.484779
192 80 13.915818
192 81 12.035759
192 82 12.598206
192 83 11.961064
192 84 11.647107
192 85 12.621714
192 86 11.090789
192 87 13.612859
192 88 14.140193
192 89 11.640743
192 90 11.352232
192 91 11.746942
192 92 14.619287
192 93 13.082415
192 94 11.898484
192 95 14.703293
192 96 14.414178
192 97 11.634055
192 98 13.899931
192 99 12.074957
192 100 14.081180
192 101 11.712978
192 102 13.964127
192 103 12.210081
192 104 13.512150
192 105 12.915976
192 106 14.585252
192 107 14.126025
192 108 13.632311
192 109 11.203806
192 110 14.456451
192 111 12.265985
192 112 11.750567
192 113 14.647490
192 114 14.236578
192 115 12.633256
192 116 13.375718
192 117 12.951472
192 118 11.135191
192 119 12.401724
192 120 12.757377
192 121 14.562949
192 122 11.118357
192 123 14.674984
192 124 12.587746
192 125 14.005060
192 126 14.479070
192 127 14.797071
192 128 11.583592
192 129 13.286296
192 130 14.265015
192 131 11.155158
192 132 10.931547
192 133 12.859440
192 134 13.957747
192 135 13.413586
192 136 12.159129
192 137 13.577026
192 138 11.507496
192 139 13.951829
192 140 14.588811
192 141 11.613468
192 142 14.618931
192 143 14.770742
192 144 12.660763
192 145 13.006440
192 146 12.576426
192 147 12.991182
192 148 12.600469
192 149 12.993255
192 150 13.129434
192 151 14.358618
192 152 14.805560
192 153 13.824036
192 154 14.336414
192 155 14.144187
192 156 11.302881
192 157 14.329364
192 158 13.615382
192 159 13.454390
192 160 12.110377
192 161 11.260380
192 162 13.223969
192 163 13.129323
192 164 12.140424
192 165 12.665079
192 166 11.577405
192 167 11.224367
192 168 14.650504
192 169 13.126745
192 170 13.483527
192 171 11.127573
192 172 14.398566
192 173 12.418916
192 174 12.022006
192 175 11.622841
192 176 11.620485
192 177 13.073137
192 178 13.612321
192 179 11.986084
192 180 11.979029
192 181 12.191093
192 182 12.481054
192 183 12.330627
192 184 13.168238
192 185 13.401856
192 186 14.310665
192 187 14.387440
192 188 12.144814
192 189 12.992542
192 190 13.243345
192 191 13.924954
192 193 11.189178
192 194 12.443763
192 195 11.122932
192 196 11.033238
192 197 12.259849
192 198 12.870668
192 199 11.660176
192 200 14.020343
193 0 14.641881
193 1 13.307222
193 2 13.639481
193 3 11.476494
193 4 11.157276
193 5 14.433457
193 6 14.117636
193 7 12.296929
193 8 14.146747
193 9 11.406243
193 10 12.108990
193 11 11.020864
193 12 13.189718
193 13 13.818542
193 14 13.191040
193 15 14.009848
193 16 11.555779
193 17 12.472969
193 18 11.204416
193 19 11.379311
193 20 14.080185
193 21 11.869052
193 22 13.674883
193 23 13.427998
193 24 13.206395
193 25 11.568882
193 26 11.911470
193 27 14.729759
193 28 14.612804
193 29 12.300451
193 30 12.070222
193 31 13.111124
193 32 11.473308
193 33 13.826136
193 34 13.476347
193 35 14.632216
193 36 12.490195
193 37 11.349970
193 38 12.716736
193 39 11.777975
193 40 11.602286
193 41 14.162630
193 42 11.383006
193 43 13.207228
193 44 10.972403
193 45 11.075848
193 46 12.560183
193 47 13.057316
193 48 14.679921
193 49 11.924662
193 50 11.499037
193 51 12.750990
193 52 12.312012
193 53 11.860397
193 54 13.135434
193 55 11.928133
193 56 13.530252
193 57 12.953207
193 58 11.312671
193 59 13.603281
193 60 13.414899
193 61 11.408584
193 62 13.353368
193 63 13.339319
193 64 14.400292
193 65 14.210733
193 66 11.400584
193 67 11.537570
193 68 12.229352
193 69 12.982861
193 70 11.400309
193 71 14.059516
193 72 13.312663
193 73 14.082623
193 74 14.440229
193 75 11.998200
193 76 14.358028
193 77 12.962769
193 78 13.861147
193 79 11.046011
193 80 13.911859
193 81 12.513967
193 82 11.264325
193 83 11.389768
193 84 14.042955
193 85 11.548191
193 86 12.237360
193 87 14.426074
193 88 13.411512
193 89 12.059079
193 90 13.356387
193 91 14.311344
193 92 11.092736
193 93 12.204354
193 94 12.811294
193 95 14.359459
193 96 12.104956
193 97 13.337901
193 98 13.422464
193 99 14.764575
193 100 13.604294
193 101 12.604204
193 102 12.250870
193 103 12.731113
193 104 14.076079
193 105 13.491575
193 106 12.415322
193 107 14.518656
193 108 13.029897
193 109 11.266118
193 110 11.421677
193 111 12.196566
193 112 12.417163
193 113 11.112049
193 114 11.258823
193 115 13.611495
193 116 12.560050
193 117 13.005082
193 118 12.748287
193 119 13.328414
193 120 12.500473
193 121 12.433264
193 122 12.090841
193 123 13.913012
193 124 11.702205
193 125 12.895937
193 126 14.176307
193 127 12.441208
193 128 10.950164
193 129 11.284068
193 130 12.014632
193 131 13.448650
193 132 14.664649
193 133 12.480405
193 134 12.716030
193 135 11.099170
193 136 12.898665
193 137 13.581757
193 138 12.464058
193 139 13.152213
193 140 14.812432
193 141 10.931236
193 142 11.724206
193 143 14.738217
193 144 13.425859
193 145 11.342077
193 146 11.624345
193 147 11.869356
193 148 12.057937
193 149 14.044053
193 150 12.011298
193 151 12.550316
193 152 12.871448
193 153 13.495906
193 154 13.152963
193 155 11.792343
193 156 12.547739
193 157 13.420856
193 158 13.413672
193 159 11.982606
193 160 14.189773
193 161 14.191162
193 162 13.510807
193 163 12.487186
193 164 13.635079
193 165 14.272290
193 166 13.844815
193 167 12.359589
193 168 10.995860
193 169 12.170319
193 170 13.421964
193 171 14.739727
193 172 13.722531
193 173 12.382317
193 174 13.320276
193 175 11.299521
193 176 14.569717
193 177 13.587765
193 178 14.070717
193 179 12.370100
193 180 12.561627
193 181 12.306846
193 182 12.684918
193 183 11.527633
193 184 14.789318
193 185 13.803734
193 186 11.444534
193 187 13.797609
193 188 13.316718
193 189 14.437426
193 190 11.814378
193 191 11.553905
193 192 11.189178
193 194 11.296228
193 195 12.315505
193 196 13.165259
193 197 11.530655
193 198 12.582955
193 199 13.501920
193 200 13.120958
194 0 11.273291
194 1 12.552211
194 2 13.380824
194 3 12.263268
194 4 13.922698
194 5 14.519132
194 6 14.658859
194 7 12.439676
194 8 13.417411
194 9 13.164805
194 10 12.237809
194 11 14.476986
194 12 13.856621
194 13 11.734848
194 14 12.798412
194 15 13.559565
194 16 11.800799
194 17 13.302543
194 18 14.777707
194 19 10.983209
194 20 14.428343
194 21 14.818606
194 22 14.363835
194 23 11.543556
194 24 14.498730
194 25 14.568627
194 26 13.513140
194 27 12.086268
194 28 11.615816
194 29 11.116963
194 30 10.935273
194 31 13.242293
194 32 12.554705
194 33 12.808103
194 34 11.611278
194 35 13.605057
194 36 12.124777
194 37 12.846830
194 38 14.218325
194 39 12.985025
194 40 14.682820
194 41 11.781157
194 42 12.792667
194 43 12.260974
194 44 11.220511
194 45 13.573443
194 46 11.829474
194 47 11.389326
194 48 11.604303
194 49 14.607539
194 50 13.099408
194 51 13.253086
194 52 14.080721
194 53 11.966399
194 54 11.407197
194 55 13.434143
194 56 14.310961
194 57 14.223217
194 58 11.488875
194 59 11.414412
194 60 14.736707
194 61 14.722940
194 62 11.075526
194 63 12.976131
194 64 14.205698
194 65 14.778984
194 66 12.468455
194 67 13.443452
194 68 12.581691
194 69 11.733822
194 70 13.631086
194 71 11.403862
194 72 13.191601
194 73 14.297702
194 74 11.084400
194 75 13.204500
194 76 12.274407
194 77 12.926098
194 78 12.145724
194 79 13.799624
194 80 12.040287
194 81 13.624906
194 82 12.262049
194 83 13.441272
194 84 13.350975
194 85 14.675143
194 86 14.173220
194 87 13.676255
194 88 13.586379
194 89 11.379550
194 90 14.654890
194 91 14.406670
194 92 12.371290
194 93 12.235637
194 94 13.852169
194 95 12.302736
194 96 14.530469
194 97 11.875108
194 98 14.051905
194 99 13.910080
194 100 12.611309
194 101 13.105477
194 102 12.035648
194 103 12.349049
194 104 13.363878
194 105 13.796949
194 106 12.747695
194 107 14.162801
194 108 13.801444
194 109 12.914676
194 110 12.733571
194 111 14.413528
194 112 14.018614
194 113 12.901516
194 114 11.251512
194 115 13.960497
194 116 12.789203
194 117 12.122700
194 118 11.765994
194 119 14.791833
194 120 13.895424
194 121 13.675962
194 122 14.695122
194 123 13.277232
194 124 13.564204
194 125 14.523441
194 126 12.250785
194 127 14.623288
194 128 12.351600
194 129 13.217526
194 130 11.531701
194 131 12.163544
194 132 12.754703
194 133 13.461693
194 134 14.162521
194 135 14.179520
194 136 11.216799
194 137 14.362499
194 138 12.300349
194 139 13.412825
194 140 14.276629
194 141 13.589028
194 142 13.730802
194 143 11.191021
194 144 14.135170
194 145 13.620974
194 146 12.609340
194 147 13.529376
194 148 13.975004
194 149 12.097864
194 150 14.673591
194 151 13.225253
194 152 12.807074
194 153 11.931463
194 154 12.699013
194 155 14.735292
194 156 10.954217
194 157 12.750460
194 158 11.253625
194 159 12.993531
194 160 13.804674
194 161 11.202912
194 162 11.520347
194 163 14.286784
194 164 14.721727
194 165 12.245955
194 166 14.217178
194 167 11.817709
194 168 11.367442
194 169 14.070496
194 170 11.580670
194 171 12.678815
194 172 11.867491
194 173 11.473056
194 174 12.547031
194 175 14.124340
194 176 13.546397
194 177 13.326936
194 178 13.290142
194 179 11.855402
194 180 13.448052
194 181 13.573394
194 182 12.715468
194 183 11.189391
194 184 12.526386
194 185 11.833793
194 186 13.699012
194 187 12.901747
194 188 11.791236
194 189 11.431340
194 190 12.258315
194 191 11.787788
194 192 12.443763
194 193 11.296228
194 195 12.224960
194 196 13.753791
194 197 11.240950
194 198 12.565808
194 199 11.209826
194 200 12.367144
195 0 14.153199
195 1 11.900051
195 2 12.850177
195 3 12.217636
195 4 13.446638
195 5 12.065315
195 6 12.114677
195 7 12.802136
195 8 12.473308
195 9 13.264282
195 10 11.394753
195 11 13.452510
195 12 11.296229
195 13 11.577358
195 14 12.993118
195 15 11.722925
195 16 13.988622
195 17 12.413077
195 18 11.223840
195 19 14.512697
195 20 13.488673
195 21 14.804334
195 22 12.327959
195 23 11.156595
195 24 14.757330
195 25 12.349300
195 26 14.717394
195 27 11.017957
195 28 13.485147
195 29 13.045704
195 30 14.503359
195 31 11.088550
195 32 14.482453
195 33 11.372367
195 34 12.436978
195 35 11.527804
195 36 13.775063
195 37 10.949399
195 38 12.677012
195 39 12.284753
195 40 12.778162
195 41 11.860212
195 42 13.407232
195 43 13.352033
195 44 14.247454
195 45 10.979338
195 46 12.506186
195 47 14.592890
195 48 13.476417
195 49 11.304856
195 50 13.524725
195 51 14.488342
195 52 14.151626
195 53 12.756717
195 54 12.738152
195 55 12.814059
195 56 11.971252
195 57 11.999885
195 58 14.361085
195 59 12.106907
195 60 13.451973
195 61 11.839057
195 62 12.186886
195 63 12.787557
195 64 10.951040
195 65 11.911659
195 66 13.660131
195 67 14.233806
195 68 12.485948
195 69 14.235567
195 70 10.983327
195 71 11.239292
195 72 13.776815
195 73 12.372267
195 74 12.532453
195 75 12.949703
195 76 14.687884
195 77 12.233212
195 78 11.592297
195 79 12.729264
195 80 14.044079
195 81 12.304153
195 82 13.656302
195 83 13.472456
195 84 12.551718
195 85 12.853753
195 86 13.067516
195 87 13.957701
195 88 12.963190
195 89 14.387899
195 90 13.242361
195 91 14.430894
195 92 12.736729
195 93 12.013127
195 94 11.246421
195 95 13.962904
195 96 11.365796
195 97 13.053691
195 98 13.733150
195 99 13.334296
195 100 13.257510
195 101 13.787658
195 102 14.617362
195 103 11.093884
195 104 13.065515
195 105 11.487613
195 106 13.955404
195 107 11.606328
195 108 14.333790
195 109 11.935177
195 110 13.104943
195 111 13.284881
195 112 13.836231
195 113 12.210701
195 114 14.625314
195 115 14.799252
195 116 11.002394
195 117 13.613880
195 118 14.276567
195 119 12.099757
195 120 13.398614
195 121 10.935533
195 122 13.159438
195 123 10.967692
195 124 14.171650
195 125 13.343549
195 126 11.571613
195 127 11.152470
195 128 14.818985
195 129 11.324064
195 130 12.277542
195 131 11.048117
195 132 14.513083
195 133 13.156368
195 134 13.581642
195 135 10.961171
195 136 11.343364
195 137 11.807438
195 138 13.774918
195 139 12.402765
195 140 11.559987
195 141 13.838011
195 142 14.389313
195 143 14.037007
195 144 11.532772
195 145 11.053119
195 146 11.685833
195 147 10.997298
195 148 11.658352
195 149 11.661167
195 150 13.569189
195 151 13.637612
195 152 14.248322
195 153 14.069111
195 154 11.459103
195 155 12.926420
195 156 11.391810
195 157 12.608908
195 158 12.051500
195 159 13.656741
195 160 11.522426
195 161 11.241382
195 162 11.397291
195 163 12.911790
195 164 11.275942
195 165 13.055126
195 166 12.080879
195 167 14.199174
195 168 13.480560
195 169 11.362473
195 170 11.627359
195 171 13.514167
195 172 12.255012
195 173 14.751402
195 174 14.774491
195 175 12.955201
195 176 11.143156
195 177 11.544890
195 178 11.324567
195 179 13.353560
195 180 11.181506
195 181 11.985533
195 182 13.190283
195 183 14.137277
195 184 13.062297
195 185 13.856051
195 186 12.233061
195 187 14.667548
195 188 12.915159
195 189 11.717193
195 190 12.509036
195 191 14.554844
195 192 11.122932
195 193 12.315505
195 194 12.224960
195 196 11.526715
195 197 11.143041
195 198 11.039699
195 199 11.207755
195 200 12.188129
196 0 10.992619
196 1 11.663460
196 2 10.970578
196 3 12.296188
196 4 13.069672
196 5 14.615103
196 6 12.899270
196 7 14.745949
196 8 12.866719
196 9 12.957011
196 10 14.376671
196 11 12.830505
196 12 13.861806
196 13 14.363247
196 14 12.754253
196 15 13.373862
196 16 12.496077
196 17 12.593364
196 18 13.139248
196 19 13.671404
196 20 11.187704
196 21 12.270247
196 22 11.506615
196 23 14.287223
196 24 13.612461
196 25 14.406148
196 26 11.697571
196 27 11.201939
196 28 14.191827
196 29 12.185271
196 30 13.288936
196 31 11.991376
196 32 13.437029
196 33 11.121262
196 34 12.365743
196 35 14.579666
196 36 12.860551
196 37 12.041919
196 38 12.059861
196 39 12.209411
196 40 12.050308
196 41 13.591697
196 42 13.452574
196 43 12.731539
196 44 12.296431
196 45 11.033904
196 46 11.613041
196 47 14.597388
196 48 14.111333
196 49 14.042763
196 50 13.979929
196 51 12.243856
196 52 12.871310
196 53 11.854451
196 54 12.979825
196 55 14.033165
196 56 14.518428
196 57 13.839215
196 58 11.612514
196 59 11.108789
196 60 12.629392
196 61 12.256313
196 62 12.268880
196 63 14.681099
196 64 14.077268
196 65 14.094314
196 66 12.861044
196 67 11.493268
196 68 13.670871
196 69 14.091857
196 70 10.951856
196 71 14.039698
196 72 12.883763
196 73 12.449998
196 74 11.852858
196 75 12.132536
196 76 10.937710
196 77 10.992110
196 78 12.318006
196 79 14.325039
196 80 13.563882
196 81 12.861472
196 82 11.946704
196 83 11.234730
196 84 13.322792
196 85 11.359641
196 86 14.298863
196 87 14.515682
196 88 14.530544
196 89 14.238554
196 90 11.135323
196 91 11.583234
196 92 12.334045
196 93 11.718500
196 94 13.237199
196 95 11.807773
196 96 12.520712
196 97 11.803063
196 98 11.216018
196 99 13.485036
196 100 11.404574
196 101 12.647052
196 102 11.645578
196 103 12.049316
196 104 14.420513
196 105 12.200328
196 106 13.277371
196 107 12.882831
196 108 13.055223
196 109 13.352699
196 110 14.659881
196 111 13.132810
196 112 12.021675
196 113 12.311388
196 114 12.809154
196 115 14.279507
196 116 13.426811
196 117 13.306572
196 118 13.124141
196 119 11.569974
196 120 13.135353
196 121 11.323207
196 122 13.147586
196 123 12.046322
196 124 11.824410
196 125 14.363969
196 126 14.561525
196 127 11.878243
196 128 11.664415
196 129 14.588549
196 130 12.783126
196 131 10.997430
196 132 10.927272
196 133 11.695741
196 134 12.325382
196 135 11.333619
196 136 13.724093
196 137 12.217415
196 138 12.008713
196 139 13.325254
196 140 13.062672
196 141 12.444964
196 142 13.827424
196 143 14.065832
196 144 13.362443
196 145 11.684565
196 146 14.385292
196 147 11.179278
196 148 14.617057
196 149 13.925450
196 150 12.666827
196 151 14.332390
196 152 12.846616
196 153 13.567169
196 154 13.283074
196 155 11.889137
196 156 14.798709
196 157 14.102914
196 158 11.885033
196 159 11.520298
196 160 13.466472
196 161 14.619660
196 162 13.069686
196 163 10.984793
196 164 12.966682
196 165 12.229232
196 166 12.541525
196 167 11.744017
196 168 12.689886
196 169 11.273917
196 170 13.423141
196 171 11.975084
196 172 13.154405
196 173 11.971228
196 174 11.944300
196 175 11.482162
196 176 14.181613
196 177 12.777681
196 178 11.293811
196 179 14.314215
196 180 11.455002
196 181 14.605904
196 182 14.317188
196 183 11.565209
196 184 11.608078
196 185 13.161022
196 186 11.731785
196 187 13.949878
196 188 14.614183
196 189 12.557622
196 190 14.015184
196 191 14.255397
196 192 11.033238
196 193 13.165259
196 194 13.753791
196 195 11.526715
196 197 14.630707
196 198 12.258311
196 199 11.858463
196 200 12.391060
197 0 14.085897
197 1 11.254324
197 2 12.045748
197 3 13.969325
197 4 11.965416
197 5 13.773870
197 6 12.029543
197 7 14.492842
197 8 14.086863
197 9 13.804715
197 10 12.609487
197 11 11.169848
197 12 14.752740
197 13 11.393689
197 14 14.276613
197 15 14.510138
197 16 12.558138
197 17 13.986377
197 18 13.002819
197 19 13.781421
197 20 10.953185
197 21 12.298170
197 22 11.805354
197 23 13.820036
197 24 14.294025
197 25 12.573100
197 26 14.642348
197 27 12.714592
197 28 13.890154
197 29 12.125318
197 30 14.304499
197 31 13.652026
197 32 13.308872
197 33 13.671152
197 34 10.991228
197 35 11.233854
197 36 11.831194
197 37 12.977328
197 38 13.792992
197 39 13.909612
197 40 11.522077
197 41 11.104473
197 42 12.010782
197 43 13.756761
197 44 14.483590
197 45 11.335612
197 46 11.744892
197 47 14.656847
197 48 14.555873
197 49 11.093454
197 50 11.048321
197 51 12.560889
197 52 14.519162
197 53 12.637696
197 54 14.488096
197 55 13.291512
197 56 13.293412
197 57 11.712203
197 58 12.468119
197 59 11.494963
197 60 12.318437
197 61 11.211552
197 62 12.767279
197 63 13.026213
197 64 14.250051
197 65 12.032603
197 66 11.596573
197 67 13.535504
197 68 11.383906
197 69 11.812647
197 70 12.686352
197 71 14.409204
197 72 12.741577
197 73 12.998110
197 74 14.779437
197 75 11.516750
197 76 13.431763
197 77 14.472586
197 78 14.792497
197 79 13.415135
197 80 13.806297
197 81 12.718209
197 82 13.038960
197 83 14.386693
197 84 14.155068
197 85 13.253211
197 86 14.720365
197 87 13.143804
197 88 11.280967
197 89 13.315910
197 90 13.534285
197 91 14.580283
197 92 14.634157
197 93 12.372839
197 94 11.906364
197 95 14.632847
197 96 10.940330
197 97 11.673577
197 98 11.089862
197 99 12.493610
197 100 12.383992
197 101 13.381020
197 102 14.134819
197 103 11.831414
197 104 14.130218
197 105 13.230970
197 106 11.540681
197 107 14.186265
197 108 12.792416
197 109 11.124420
197 110 11.269616
197 111 13.950826
197 112 11.244598
197 113 13.115257
197 114 11.862487
197 115 11.101278
197 116 13.406004
197 117 14.419370
197 118 11.022883
197 119 11.279947
197 120 11.525340
197 121 11.940203
197 122 11.253884
197 123 11.011273
197 124 13.761043
197 125 12.250923
197 126 14.778512
197 127 11.088292
197 128 13.289327
197 129 13.924216
197 130 12.525464
197 131 13.338954
197 132 12.134733
197 133 13.492834
197 134 12.074725
197 135 12.784873
197 136 14.784343
197 137 14.708720
197 138 11.621508
197 139 14.770753
197 140 14.587607
197 141 13.268252
197 142 13.358547
197 143 13.221958
197 144 14.766204
197 145 11.452542
197 146 12.339260
197 147 12.926127
197 148 14.607922
197 149 11.518807
197 150 12.178325
197 151 12.441693
197 152 13.524721
197 153 12.479103
197 154 11.357711
197 155 14.441742
197 156 14.154335
197 157 11.307038
197 158 12.164716
197 159 13.692780
197 160 12.687242
197 161 10.952065
197 162 12.660195
197 163 11.997313
197 164 13.626041
197 165 14.193509
197 166 12.738749
197 167 13.595601
197 168 12.706552
197 169 12.261673
197 170 11.502650
197 171 14.026633
197 172 12.512539
197 173 13.923366
197 174 11.643048
197 175 11.814240
197 176 13.332992
197 177 11.680243
197 178 13.215901
197 179 14.079194
197 180 11.147302
197 181 12.398727
197 182 14.530739
197 183 13.929489
197 184 12.238098
197 185 12.519901
197 186 11.604053
197 187 13.707206
197 188 14.499224
197 189 12.645284
197 190 13.909078
197 191 14.440921
197 192 12.259849
197 193 11.530655
197 194 11.240950
197 195 11.143041
197 196 14.630707
197 198 12.221844
197 199 12.584362
197 200 14.524570
198 0 12.407680
198 1 11.828972
198 2 14.348729
198 3 12.934294
198 4 11.292607
198 5 12.920698
198 6 13.283778
198 7 13.231258
198 8 11.807875
198 9 13.556582
198 10 13.636601
198 11 13.994895
198 12 11.996087
198 13 11.951106
198 14 14.650086
198 15 13.020083
198 16 12.337759
198 17 11.950315
198 18 11.491321
198 19 14.166265
198 20 11.224989
198 21 11.691648
198 22 11.098549
198 23 11.264759
198 24 13.465706
198 25 14.732957
198 26 12.673293
198 27 12.348358
198 28 13.178980
198 29 11.443855
198 30 13.157996
198 31 12.624170
198 32 12.830472
198 33 12.038425
198 34 11.558070
198 35 12.136281
198 36 11.057669
198 37 14.230723
198 38 12.490107
198 39 12.799211
198 40 11.902405
198 41 11.918431
198 42 12.279613
198 43 13.412340
198 44 11.268643
198 45 13.829373
198 46 14.241409
198 47 12.451769
198 48 13.725580
198 49 14.372414
198 50 11.601945
198 51 11.808860
198 52 12.185409
198 53 12.837238
198 54 13.503305
198 55 12.971474
198 56 13.733323
198 57 11.731268
198 58 12.888608
198 59 12.681686
198 60 13.213178
198 61 13.958293
198 62 12.135585
198 63 12.324191
198 64 14.226139
198 65 13.617005
198 66 14.505512
198 67 13.555261
198 68 11.389691
198 69 14.063223
198 70 11.078358
198 71 12.847582
198 72 11.585266
198 73 11.345574
198 74 13.505192
198 75 12.981710
198 76 12.462942
198 77 12.288259
198 78 11.234638
198 79 13.750944
198 80 13.632085
198 81 13.189056
198 82 13.957403
198 83 12.326218
198 84 14.205231
198 85 12.980299
198 86 13.834621
198 87 11.905451
198 88 12.810712
198 89 14.260775
198 90 12.562426
198 91 12.456117
198 92 13.647029
198 93 14.227492
198 94 13.952910
198 95 12.926861
198 96 12.173970
198 97 13.727029
198 98 12.331259
198 99 14.235843
198 100 12.374212
198 101 11.110467
198 102 14.269663
198 103 14.097556
198 104 11.327131
198 105 14.044727
198 106 14.346285
198 107 12.016891
198 108 13.509929
198 109 13.210238
198 110 12.806598
198 111 13.465895
198 112 11.828455
198 113 13.637750
198 114 11.614423
198 115 12.632035
198 116 14.134702
198 117 12.757236
198 118 13.836928
198 119 13.895514
198 120 14.035623
198 121 12.888727
198 122 13.856085
198 123 14.723759
198 124 12.459965
198 125 12.179886
198 126 11.473245
198 127 12.225274
198 128 14.414721
198 129 11.177677
198 130 14.569293
198 131 11.644627
198 132 12.221736
198 133 13.281100
198 134 14.530030
198 135 11.791838
198 136 14.157031
198 137 13.701926
198 138 13.618239
198 139 12.911696
198 140 14.291942
198 141 14.333695
198 142 13.996710
198 143 11.540330
198 144 13.564913
198 145 14.155435
198 146 13.919935
198 147 11.674461
198 148 13.128057
198 149 11.285109
198 150 11.505185
198 151 14.413729
198 152 14.798484
198 153 14.019195
198 154 13.939997
198 155 11.251948
198 156 11.506205
198 157 14.432234
198 158 11.377716
198 159 12.075882
198 160 14.199118
198 161 14.122869
198 162 14.086808
198 163 12.718533
198 164 11.275159
198 165 14.606079
198 166 11.413284
198 167 11.007066
198 168 13.211501
198 169 14.055489
198 170 13.625219
198 171 13.471709
198 172 12.576366
198 173 11.004614
198 174 14.489261
198 175 12.007155
198 176 11.598630
198 177 14.192407
198 178 14.314042
198 179 13.728355
198 180 11.026261
198 181 12.338107
198 182 14.038594
198 183 13.946593
198 184 12.086252
198 185 13.311953
198 186 14.095111
198 187 13.905446
198 188 14.434096
198 189 14.237446
198 190 14.081319
198 191 13.629856
198 192 12.870668
198 193 12.582955
198 194 12.565808
198 195 11.039699
198 196 12.258311
198 197 12.221844
198 199 11.617178
198 200 13.527963
199 0 12.684768
199 1 12.772105
199 2 14.634323
199 3 11.183279
199 4 13.974659
199 5 13.451745
199 6 12.218001
199 7 12.152515
199 8 13.096298
199 9 11.339488
199 10 13.961456
199 11 11.060117
199 12 13.987383
199 13 11.248510
199 14 13.254249
199 15 13.583715
199 16 12.973001
199 17 11.602513
199 18 11.269566
199 19 12.425138
199 20 12.405231
199 21 12.522438
199 22 14.003456
199 23 13.989640
199 24 11.663713
199 25 11.660338
199 26 13.565189
199 27 11.359924
199 28 14.213308
199 29 11.458929
199 30 12.929935
199 31 12.820163
199 32 11.421577
199 33 12.200893
199 34 14.601476
199 35 13.735307
199 36 11.109284
199 37 14.277087
199 38 12.444663
199 39 11.497632
199 40 12.807469
199 41 14.656310
199 42 14.407254
199 43 11.595859
199 44 13.414563
199 45 13.651200
199 46 14.022726
199 47 13.371294
199 48 14.781076
199 49 13.485408
199 50 11.099607
199 51 14.561751
199 52 12.992598
199 53 13.849995
199 54 12.022847
199 55 11.334898
199 56 13.738611
199 57 11.185188
199 58 14.099036
199 59 14.748349
199 60 11.048082
199 61 13.376828
199 62 12.341565
199 63 13.061313
199 64 11.594686
199 65 11.235868
199 66 11.744996
199 67 11.766780
199 68 13.176280
199 69 11.522853
199 70 14.784996
199 71 14.134344
199 72 11.949871
199 73 12.371108
199 74 13.296667
199 75 12.196811
199 76 12.715729
199 77 12.920112
199 78 14.207010
199 79 14.363188
199 80 11.902757
199 81 14.399889
199 82 14.641770
199 83 11.477828
199 84 13.322407
199 85 13.727384
199 86 14.495887
199 87 14.063586
199 88 11.380863
199 89 11.624190
199 90 14.322732
199 91 11.925747
199 92 12.548317
199 93 12.034976
199 94 13.718675
199 95 11.394950
199 96 11.853238
199 97 12.876306
199 98 12.677194
199 99 13.500920
199 100 12.233022
199 101 13.453917
199 102 11.082373
199 103 12.830131
199 104 12.109584
199 105 12.884311
199 106 12.968855
199 107 13.553843
199 108 12.031608
199 109 11.524639
199 110 11.678196
199 111 11.074928
199 112 13.671899
199 113 11.484994
199 114 13.285359
199 115 12.369295
199 116 13.378276
199 117 13.051025
199 118 13.646941
199 119 12.292993
199 120 11.948962
199 121 14.139413
199 122 11.527419
199 123 13.897178
199 124 14.464857
199 125 13.508620
199 126 11.139484
199 127 11.744688
199 128 12.222510
199 129 13.335594
199 130 11.881422
199 131 11.714654
199 132 13.482281
199 133 13.284484
199 134 12.360771
199 135 12.950670
199 136 13.066970
199 137 12.848185
199 138 13.745796
199 139 13.435325
199 140 11.352842
199 141 12.261055
199 142 11.884271
199 143 12.730007
199 144 12.103212
199 145 13.082197
199 146 11.316775
199 147 13.834493
199 148 13.218535
199 149 12.755009
199 150 12.873399
199 151 12.351055
199 152 14.690420
199 153 13.705494
199 154 11.382989
199 155 12.351005
199 156 14.427347
199 157 13.388073
199 158 12.897512
199 159 14.147864
199 160 12.485583
199 161 14.296526
199 162 14.199903
199 163 10.941765
199 164 12.915965
199 165 14.231090
199 166 13.271029
199 167 12.619642
199 168 14.754609
199 169 12.759936
199 170 12.622746
199 171 13.210884
199 172 13.657696
199 173 14.255718
199 174 12.951404
199 175 13.883431
199 176 11.778636
199 177 13.999375
199 178 13.730031
199 179 11.275332
199 180 14.527557
199 181 11.141758
199 182 13.928399
199 183 14.501854
199 184 14.002243
199 185 11.835650
199 186 10.960534
199 187 13.100331
199 188 12.961516
199 189 13.180845
199 190 13.611110
199 191 13.260360
199 192 11.660176
199 193 13.501920
199 194 11.209826
199 195 11.207755
199 196 11.858463
199 197 12.584362
199 198 11.617178
199 200 14.435694
200 0 12.694065
200 1 12.638171
200 2 14.701248
200 3 14.720737
200 4 11.036146
200 5 11.020760
200 6 13.817724
200 7 11.078858
200 8 14.273607
200 9 13.659354
200 10 11.346797
200 11 13.271992
200 12 12.733169
200 13 11.575979
200 14 12.991548
200 15 11.975644
200 16 12.146706
200 17 12.206614
200 18 14.621263
200 19 13.431799
200 20 10.944784
200 21 14.610652
200 22 14.217616
200 23 14.308574
200 24 12.973251
200 25 13.724797
200 26 13.966382
200 27 11.884152
200 28 11.058594
200 29 13.557090
200 30 13.248660
200 31 13.924622
200 32 11.147340
200 33 14.409005
200 34 12.996880
200 35 12.929907
200 36 13.393795
200 37 14.380370
200 38 14.371164
200 39 14.817156
200 40 11.269988
200 41 11.874766
200 42 12.110452
200 43 11.909178
200 44 11.719369
200 45 13.798250
200 46 14.809585
200 47 12.593287
200 48 14.344351
200 49 12.884851
200 50 11.327405
200 51 11.952740
200 52 13.925116
200 53 12.740649
200 54 11.466177
200 55 12.612996
200 56 11.995251
200 57 13.895067
200 58 12.883736
200 59 13.955303
200 60 13.268967
200 61 14.346181
200 62 13.358959
200 63 11.480267
200 64 12.087669
200 65 12.759549
200 66 14.388315
200 67 13.558860
200 68 13.570647
200 69 14.368660
200 70 13.479158
200 71 11.839161
200 72 14.791644
200 73 14.001532
200 74 12.191087
200 75 13.134957
200 76 13.899051
200 77 13.137550
200 78 13.475872
200 79 13.534551
200 80 13.669346
200 81 12.532598
200 82 14.572081
200 83 11.240461
200 84 13.387623
200 85 11.506490
200 86 11.992765
200 87 11.283565
200 88 13.210324
200 89 14.326885
200 90 11.633482
200 91 13.314423
200 92 11.393539
200 93 14.777826
200 94 12.023782
200 95 13.056236
200 96 12.525963
200 97 14.420227
200 98 14.278591
200 99 11.702065
200 100 11.951988
200 101 13.660412
200 102 11.662872
200 103 11.035035
200 104 12.805461
200 105 13.994495
200 106 14.236008
200 107 13.316719
200 108 13.713296
200 109 11.019854
200 110 14.084161
200 111 14.233240
200 112 12.504263
200 113 12.490266
200 114 12.282298
200 115 12.113157
200 116 14.318311
200 117 12.419187
200 118 14.369477
200 119 13.116305
200 120 14.146827
200 121 13.213726
200 122 14.737147
200 123 14.212934
200 124 12.851779
200 125 13.817961
200 126 12.569317
200 127 12.026584
200 128 13.451168
200 129 10.952008
200 130 10.935756
200 131 11.048004
200 132 13.053092
200 133 14.724175
200 134 12.884495
200 135 14.690842
200 136 13.226691
200 137 13.384794
200 138 13.000393
200 139 13.016681
200 140 12.476609
200 141 12.175400
200 142 12.722646
200 143 11.689824
200 144 12.632360
200 145 14.067845
200 146 12.658951
200 147 14.747347
200 148 13.092651
200 149 12.851296
200 150 13.513196
200 151 13.658930
200 152 13.766467
200 153 14.291183
200 154 12.558073
200 155 13.193093
200 156 12.047752
200 157 13.025844
200 158 12.235518
200 159 12.758360
200 160 12.257343
200 161 12.026985
200 162 14.104182
200 163 13.213998
200 164 13.819756
200 165 12.221950
200 166 12.623546
200 167 11.865081
200 168 14.688882
200 169 14.526396
200 170 13.952643
200 171 11.081808
200 172 12.246736
200 173 14.709593
200 174 13.644636
200 175 14.806262
200 176 12.220026
200 177 14.521481
200 178 12.940790
200 179 14.275885
200 180 12.919149
200 181 11.329291
200 182 12.115461
200 183 14.538963
200 184 11.217175
200 185 11.876767
200 186 12.347501
200 187 11.855567
200 188 12.472394
200 189 13.005212
200 190 11.249530
200 191 12.153087
200 192 14.020343
200 193 13.120958
200 194 12.367144
200 195 12.188129
200 196 12.391060
200 197 14.524570
200 198 13.527963
200 199 14.435694
