# i j vmax_ij_m_per_s; symmetric values generated with Uniform(0.7,0.95)*15.6
0 1 14.537199
0 2 13.505242
0 3 12.460183
0 4 14.043022
0 5 13.419540
0 6 13.272780
0 7 10.926986
0 8 11.893812
0 9 12.240250
0 10 14.223173
0 11 13.893220
0 12 12.550698
0 13 14.479637
0 14 11.951931
0 15 11.195429
0 16 12.774633
0 17 14.530065
0 18 12.106514
0 19 14.066183
0 20 12.348490
0 21 12.377568
0 22 11.748316
0 23 12.112629
0 24 13.957056
0 25 13.997178
0 26 14.550393
0 27 12.220924
0 28 13.290020
0 29 14.588927
0 30 13.203290
0 31 13.471750
0 32 14.568899
0 33 13.769639
0 34 11.169624
0 35 13.244066
0 36 11.950536
0 37 13.024280
0 38 13.552843
0 39 13.585990
0 40 14.650518
0 41 11.308979
0 42 13.413744
0 43 11.921386
0 44 12.483917
0 45 13.802854
0 46 13.644625
0 47 10.942888
0 48 14.752433
0 49 11.774462
0 50 12.246943
0 51 13.607189
0 52 13.179210
0 53 14.715661
0 54 12.439527
0 55 13.854255
0 56 12.044132
0 57 14.700093
0 58 13.825018
0 59 11.289225
0 60 13.130334
0 61 11.942022
0 62 10.971069
0 63 11.277730
0 64 13.996312
0 65 11.258777
0 66 13.894478
0 67 14.521834
0 68 12.327366
0 69 12.609416
0 70 11.683391
0 71 12.554700
0 72 13.747625
0 73 14.605737
0 74 12.456145
0 75 13.836700
0 76 12.322072
0 77 11.725133
0 78 11.212786
0 79 10.944884
0 80 12.921911
0 81 12.837282
0 82 13.430476
0 83 14.165671
0 84 13.152877
0 85 12.409934
0 86 12.556735
0 87 14.171717
0 88 13.671082
0 89 12.686289
0 90 11.501717
0 91 14.589942
0 92 10.977316
0 93 11.386479
0 94 13.351890
0 95 14.099552
0 96 11.771503
0 97 12.967198
0 98 13.597853
0 99 10.920879
0 100 13.666628
0 101 12.334733
0 102 14.288704
0 103 12.388987
0 104 12.260653
0 105 12.791289
0 106 12.193158
0 107 14.060082
0 108 11.191286
0 109 11.689881
0 110 11.142867
0 111 12.552603
0 112 12.778689
0 113 14.386342
0 114 12.018569
0 115 13.153166
0 116 13.951284
0 117 14.576890
0 118 10.990104
0 119 13.933456
0 120 11.652178
0 121 11.023236
0 122 11.213840
0 123 13.415284
0 124 13.884193
0 125 12.000998
0 126 14.507176
0 127 10.926360
0 128 12.161035
0 129 11.238962
0 130 11.794842
0 131 13.811877
0 132 14.691911
0 133 14.043415
0 134 12.749032
0 135 14.325166
0 136 14.771252
0 137 12.101815
0 138 11.206216
0 139 10.938477
0 140 11.177852
0 141 12.431830
0 142 14.118150
0 143 12.290240
0 144 14.183997
0 145 14.699857
0 146 14.371109
0 147 13.458689
0 148 13.188406
0 149 11.120512
0 150 14.422090
0 151 11.140048
0 152 12.287922
0 153 11.797166
0 154 13.836292
0 155 13.538236
0 156 12.181170
0 157 13.977162
0 158 13.587916
0 159 12.299595
0 160 11.128025
0 161 14.666583
0 162 13.295951
0 163 14.313349
0 164 12.774806
0 165 11.271868
0 166 11.035117
0 167 12.278790
0 168 12.517326
0 169 13.965744
0 170 13.700618
0 171 12.401398
0 172 13.736046
0 173 13.135420
0 174 10.995845
0 175 11.079067
0 176 11.535098
0 177 13.227952
0 178 13.943660
0 179 13.391344
0 180 14.451994
0 181 12.607317
0 182 12.993622
0 183 14.496476
0 184 11.762597
0 185 11.714276
0 186 12.124574
0 187 13.228260
0 188 12.777659
0 189 12.474904
0 190 12.644904
0 191 11.801025
0 192 13.943836
0 193 14.814313
0 194 13.963215
0 195 11.175799
0 196 11.146798
0 197 14.607245
0 198 14.707772
0 199 11.005758
0 200 12.406956
1 0 14.537199
1 2 11.808601
1 3 11.009711
1 4 13.493228
1 5 12.022844
1 6 14.784057
1 7 13.065223
1 8 11.492218
1 9 12.203376
1 10 14.375425
1 11 11.989710
1 12 12.918949
1 13 14.772915
1 14 11.858036
1 15 11.011579
1 16 11.311273
1 17 14.077773
1 18 13.454019
1 19 12.445293
1 20 11.941397
1 21 11.782534
1 22 12.105538
1 23 14.155540
1 24 14.649128
1 25 14.629223
1 26 14.206837
1 27 11.448512
1 28 13.488020
1 29 12.185719
1 30 11.130483
1 31 12.554991
1 32 10.983797
1 33 11.795506
1 34 12.269248
1 35 12.683975
1 36 12.339559
1 37 12.220063
1 38 13.266164
1 39 14.351191
1 40 12.544403
1 41 12.289226
1 42 12.823905
1 43 14.114218
1 44 14.497127
1 45 11.033460
1 46 14.449040
1 47 12.554763
1 48 12.993315
1 49 12.720251
1 50 14.331353
1 51 12.310364
1 52 13.411180
1 53 14.174670
1 54 11.616223
1 55 11.015428
1 56 14.077741
1 57 13.594417
1 58 13.821319
1 59 12.879250
1 60 12.219151
1 61 14.730755
1 62 14.260070
1 63 11.281454
1 64 14.732904
1 65 12.764768
1 66 11.012630
1 67 13.711330
1 68 14.527570
1 69 13.553717
1 70 11.016086
1 71 14.199279
1 72 11.810398
1 73 12.552985
1 74 13.169228
1 75 13.448148
1 76 13.996648
1 77 12.753047
1 78 14.478291
1 79 12.644533
1 80 13.974235
1 81 13.699757
1 82 13.137510
1 83 13.563392
1 84 13.837838
1 85 12.182334
1 86 11.670663
1 87 13.213105
1 88 12.967811
1 89 14.067637
1 90 14.526815
1 91 13.931255
1 92 14.407755
1 93 11.437044
1 94 11.346863
1 95 13.186085
1 96 12.839027
1 97 12.378753
1 98 13.362246
1 99 12.560626
1 100 14.124008
1 101 11.247665
1 102 11.343895
1 103 12.005856
1 104 13.187543
1 105 12.320700
1 106 11.236022
1 107 11.987895
1 108 13.430889
1 109 12.302331
1 110 12.720316
1 111 11.868650
1 112 12.539430
1 113 13.779765
1 114 13.855301
1 115 14.060723
1 116 13.421441
1 117 12.784850
1 118 12.022680
1 119 12.243783
1 120 12.150772
1 121 10.978295
1 122 12.841647
1 123 14.266418
1 124 13.689176
1 125 13.217129
1 126 14.547413
1 127 13.538784
1 128 13.690630
1 129 11.879390
1 130 12.811786
1 131 14.501300
1 132 13.600527
1 133 11.338532
1 134 14.708106
1 135 12.057003
1 136 11.561625
1 137 13.208244
1 138 12.930928
1 139 14.480214
1 140 14.522082
1 141 12.476456
1 142 11.701386
1 143 11.813029
1 144 12.812029
1 145 11.588358
1 146 13.380678
1 147 12.682523
1 148 14.121178
1 149 11.020467
1 150 12.813556
1 151 14.418205
1 152 13.791255
1 153 12.888359
1 154 11.240985
1 155 12.580585
1 156 14.295099
1 157 14.519177
1 158 14.037109
1 159 11.428189
1 160 14.443597
1 161 13.097946
1 162 11.486532
1 163 13.212443
1 164 11.249818
1 165 14.737791
1 166 12.828831
1 167 12.293447
1 168 13.328179
1 169 14.286705
1 170 12.129870
1 171 13.235075
1 172 13.155303
1 173 13.052788
1 174 14.787219
1 175 14.013861
1 176 12.962547
1 177 14.623968
1 178 11.148563
1 179 12.572796
1 180 13.295555
1 181 12.916800
1 182 14.420864
1 183 11.673192
1 184 13.090911
1 185 14.360701
1 186 11.143532
1 187 14.456434
1 188 14.012343
1 189 11.792905
1 190 13.810300
1 191 14.268334
1 192 10.951856
1 193 13.315922
1 194 14.730155
1 195 13.104577
1 196 11.347161
1 197 11.697875
1 198 11.661862
1 199 12.527145
1 200 12.275584
2 0 13.505242
2 1 11.808601
2 3 11.626712
2 4 12.134070
2 5 12.599039
2 6 12.375240
2 7 13.028913
2 8 11.425984
2 9 11.283866
2 10 13.688757
2 11 11.079730
2 12 12.681052
2 13 12.635129
2 14 13.622819
2 15 13.140582
2 16 11.157441
2 17 11.941656
2 18 12.727068
2 19 12.782442
2 20 11.849615
2 21 13.556674
2 22 11.569267
2 23 14.038909
2 24 12.990055
2 25 11.294987
2 26 13.951270
2 27 13.348558
2 28 13.415238
2 29 12.096197
2 30 13.050439
2 31 14.566136
2 32 14.016882
2 33 13.361577
2 34 12.794231
2 35 14.187366
2 36 11.561120
2 37 13.836725
2 38 11.179900
2 39 12.067340
2 40 10.921351
2 41 13.705547
2 42 13.718478
2 43 12.055916
2 44 14.511426
2 45 12.381787
2 46 11.597715
2 47 11.996956
2 48 12.780655
2 49 13.305110
2 50 14.790242
2 51 14.109434
2 52 13.759347
2 53 14.226430
2 54 11.441397
2 55 11.496665
2 56 12.532103
2 57 12.792668
2 58 13.027595
2 59 11.201550
2 60 12.053733
2 61 12.738104
2 62 12.335748
2 63 14.715939
2 64 13.694010
2 65 12.841510
2 66 14.105226
2 67 13.278662
2 68 12.490741
2 69 11.680577
2 70 11.044027
2 71 11.558590
2 72 11.337507
2 73 13.048657
2 74 14.566691
2 75 14.538825
2 76 13.458483
2 77 13.544271
2 78 11.900270
2 79 11.361061
2 80 11.291157
2 81 11.264057
2 82 13.984026
2 83 11.224435
2 84 11.222564
2 85 11.145375
2 86 13.722221
2 87 14.279774
2 88 11.889732
2 89 13.011447
2 90 12.830271
2 91 11.347174
2 92 14.089861
2 93 11.680125
2 94 14.176415
2 95 13.448408
2 96 12.575921
2 97 13.653039
2 98 14.152097
2 99 14.188246
2 100 11.353604
2 101 13.112312
2 102 12.643958
2 103 11.735987
2 104 12.313589
2 105 13.018541
2 106 11.105686
2 107 13.892192
2 108 12.113655
2 109 14.547352
2 110 11.837654
2 111 14.618379
2 112 12.663707
2 113 14.219189
2 114 14.698642
2 115 12.772250
2 116 14.216655
2 117 13.898857
2 118 14.359407
2 119 14.775860
2 120 13.350903
2 121 12.953699
2 122 11.821478
2 123 14.646495
2 124 11.752455
2 125 12.075039
2 126 12.453468
2 127 13.123209
2 128 14.110169
2 129 13.976217
2 130 13.276126
2 131 12.318064
2 132 10.941548
2 133 12.410387
2 134 12.512250
2 135 11.849644
2 136 11.542765
2 137 11.029606
2 138 11.201255
2 139 14.740292
2 140 14.229314
2 141 13.037789
2 142 14.717988
2 143 14.250674
2 144 11.933265
2 145 14.711363
2 146 13.359478
2 147 13.634454
2 148 11.839238
2 149 14.269963
2 150 14.202049
2 151 11.958534
2 152 11.356220
2 153 13.097520
2 154 14.002279
2 155 11.578687
2 156 11.093418
2 157 11.263265
2 158 13.306841
2 159 12.830579
2 160 14.210510
2 161 10.989699
2 162 12.454814
2 163 11.805939
2 164 12.666594
2 165 13.013296
2 166 14.641594
2 167 11.226953
2 168 14.419609
2 169 11.410596
2 170 12.472029
2 171 13.716016
2 172 12.618013
2 173 13.491457
2 174 11.007745
2 175 12.431655
2 176 13.402499
2 177 10.945710
2 178 13.054828
2 179 14.604133
2 180 14.392838
2 181 12.645038
2 182 11.604115
2 183 11.791850
2 184 13.780475
2 185 13.787945
2 186 13.752279
2 187 12.312614
2 188 12.402888
2 189 11.612005
2 190 12.815554
2 191 12.862826
2 192 13.747898
2 193 12.353724
2 194 14.605803
2 195 12.140194
2 196 12.797110
2 197 12.002026
2 198 12.227920
2 199 13.755679
2 200 12.323183
3 0 12.460183
3 1 11.009711
3 2 11.626712
3 4 14.738046
3 5 11.744222
3 6 14.007757
3 7 12.159609
3 8 13.325275
3 9 13.463118
3 10 14.084708
3 11 12.962285
3 12 12.496736
3 13 11.580431
3 14 13.819300
3 15 12.895401
3 16 12.179765
3 17 14.479726
3 18 13.533820
3 19 12.764675
3 20 13.780179
3 21 14.540517
3 22 11.634977
3 23 11.072288
3 24 11.587091
3 25 11.501924
3 26 13.653649
3 27 13.419373
3 28 11.500154
3 29 12.744296
3 30 12.275838
3 31 12.899703
3 32 14.684643
3 33 13.028946
3 34 14.723244
3 35 12.201978
3 36 14.429410
3 37 12.766871
3 38 14.120786
3 39 13.585272
3 40 11.663882
3 41 13.941375
3 42 14.356018
3 43 13.185174
3 44 11.548304
3 45 13.698369
3 46 14.408075
3 47 11.237319
3 48 11.701791
3 49 14.164884
3 50 12.239235
3 51 11.295804
3 52 13.237302
3 53 14.296152
3 54 13.248905
3 55 11.239644
3 56 11.815334
3 57 13.062596
3 58 14.250638
3 59 12.735662
3 60 11.208875
3 61 12.161166
3 62 13.275300
3 63 12.766930
3 64 12.262925
3 65 11.385186
3 66 12.665214
3 67 11.767024
3 68 12.219852
3 69 12.888400
3 70 14.567593
3 71 11.645327
3 72 14.462655
3 73 12.202950
3 74 11.325805
3 75 11.521261
3 76 14.708864
3 77 12.457357
3 78 11.485829
3 79 11.479661
3 80 13.979659
3 81 13.172514
3 82 12.493050
3 83 12.332315
3 84 12.891960
3 85 12.032741
3 86 14.598332
3 87 12.185088
3 88 14.813722
3 89 13.892366
3 90 12.993853
3 91 12.750494
3 92 12.487095
3 93 11.547235
3 94 13.396731
3 95 12.178326
3 96 13.789225
3 97 12.489521
3 98 14.031060
3 99 13.519616
3 100 12.695582
3 101 14.057891
3 102 14.580270
3 103 11.123802
3 104 14.140106
3 105 13.716845
3 106 11.059246
3 107 11.247279
3 108 11.052084
3 109 11.115218
3 110 12.832196
3 111 11.023373
3 112 13.130162
3 113 14.183069
3 114 13.090300
3 115 14.372966
3 116 12.598189
3 117 14.817158
3 118 11.405111
3 119 11.979103
3 120 12.336751
3 121 13.966454
3 122 14.260303
3 123 14.485805
3 124 11.192966
3 125 12.761112
3 126 11.630273
3 127 14.614230
3 128 11.332872
3 129 12.938242
3 130 11.054373
3 131 12.877097
3 132 12.852912
3 133 11.935269
3 134 12.009202
3 135 13.824133
3 136 11.030694
3 137 14.442406
3 138 12.544770
3 139 11.194551
3 140 11.558449
3 141 12.514502
3 142 13.547644
3 143 11.039170
3 144 13.076511
3 145 11.861923
3 146 12.165609
3 147 12.169319
3 148 12.364428
3 149 14.521241
3 150 12.891260
3 151 14.698486
3 152 11.098350
3 153 12.957516
3 154 12.547399
3 155 14.118985
3 156 14.507014
3 157 12.954794
3 158 12.219661
3 159 14.198864
3 160 12.576141
3 161 12.844724
3 162 11.044779
3 163 12.806654
3 164 11.309200
3 165 13.305982
3 166 11.612023
3 167 11.116201
3 168 13.703355
3 169 11.210943
3 170 13.637266
3 171 13.928751
3 172 14.688112
3 173 12.812986
3 174 10.940654
3 175 12.579560
3 176 13.481765
3 177 11.415678
3 178 13.082974
3 179 11.720511
3 180 12.330249
3 181 12.270073
3 182 13.779559
3 183 13.179026
3 184 13.599533
3 185 13.500062
3 186 12.880710
3 187 14.742047
3 188 13.811309
3 189 14.291073
3 190 12.171248
3 191 13.222008
3 192 13.078420
3 193 12.200141
3 194 13.199810
3 195 11.402522
3 196 13.037536
3 197 13.529142
3 198 12.939997
3 199 14.775980
3 200 11.675861
4 0 14.043022
4 1 13.493228
4 2 12.134070
4 3 14.738046
4 5 11.930837
4 6 11.843170
4 7 11.888306
4 8 13.751342
4 9 13.048171
4 10 11.190190
4 11 11.804212
4 12 11.157909
4 13 13.314722
4 14 10.987244
4 15 11.398433
4 16 14.392354
4 17 14.337469
4 18 11.870053
4 19 12.120212
4 20 11.020095
4 21 11.789498
4 22 11.674693
4 23 14.279162
4 24 11.193186
4 25 12.980314
4 26 14.102963
4 27 11.474957
4 28 14.504663
4 29 14.740911
4 30 13.780550
4 31 12.827044
4 32 11.218300
4 33 11.409928
4 34 11.717820
4 35 12.589400
4 36 13.359409
4 37 12.301092
4 38 12.802865
4 39 14.039794
4 40 14.314002
4 41 14.123353
4 42 12.604257
4 43 11.573174
4 44 10.932202
4 45 11.762871
4 46 13.692340
4 47 12.339510
4 48 11.675999
4 49 12.248062
4 50 12.185786
4 51 11.356670
4 52 10.986330
4 53 10.956822
4 54 12.898834
4 55 11.467531
4 56 11.431066
4 57 13.273464
4 58 13.060290
4 59 13.626512
4 60 12.027718
4 61 12.662460
4 62 12.104513
4 63 12.816019
4 64 14.145459
4 65 11.985285
4 66 11.954336
4 67 12.358729
4 68 11.916638
4 69 13.391019
4 70 12.699510
4 71 11.056832
4 72 14.352203
4 73 12.005657
4 74 11.693878
4 75 12.668242
4 76 12.827828
4 77 11.811267
4 78 14.274444
4 79 13.549023
4 80 13.254807
4 81 12.522954
4 82 13.332926
4 83 12.762983
4 84 12.540592
4 85 13.528457
4 86 13.123359
4 87 13.327732
4 88 11.292281
4 89 13.075513
4 90 11.408765
4 91 11.976845
4 92 12.004586
4 93 11.366086
4 94 13.050165
4 95 14.614320
4 96 14.384360
4 97 12.547097
4 98 14.471600
4 99 11.893005
4 100 13.577972
4 101 12.610731
4 102 12.865496
4 103 14.504107
4 104 11.579934
4 105 12.528196
4 106 12.771818
4 107 14.413596
4 108 14.040733
4 109 14.534817
4 110 13.936576
4 111 14.005830
4 112 13.646021
4 113 11.414329
4 114 11.178017
4 115 12.546210
4 116 14.112126
4 117 11.530159
4 118 13.813225
4 119 11.155379
4 120 14.065936
4 121 11.431663
4 122 11.017303
4 123 13.381500
4 124 11.992338
4 125 14.626573
4 126 13.833955
4 127 11.812190
4 128 12.862608
4 129 13.535868
4 130 12.787890
4 131 11.747632
4 132 12.591935
4 133 13.756453
4 134 13.192814
4 135 11.736794
4 136 11.551028
4 137 11.728698
4 138 11.848298
4 139 11.154290
4 140 12.344899
4 141 12.803728
4 142 13.720524
4 143 12.434177
4 144 11.901386
4 145 14.256499
4 146 13.562370
4 147 12.592918
4 148 12.681015
4 149 13.890431
4 150 13.673737
4 151 12.428516
4 152 12.575702
4 153 13.410506
4 154 14.239344
4 155 14.775690
4 156 12.212117
4 157 12.003641
4 158 13.116083
4 159 12.590496
4 160 13.236949
4 161 11.004915
4 162 12.069324
4 163 12.171583
4 164 14.364055
4 165 10.955683
4 166 12.168184
4 167 11.147595
4 168 11.889222
4 169 11.924961
4 170 11.633172
4 171 14.173233
4 172 12.685706
4 173 14.008862
4 174 11.646818
4 175 13.654844
4 176 13.068163
4 177 14.390953
4 178 13.110526
4 179 13.529007
4 180 13.986603
4 181 12.618404
4 182 12.362640
4 183 13.422082
4 184 12.000244
4 185 12.965393
4 186 12.974718
4 187 14.483557
4 188 14.473716
4 189 13.415816
4 190 13.097119
4 191 14.375801
4 192 14.605767
4 193 12.655313
4 194 13.255513
4 195 11.927268
4 196 14.119770
4 197 11.195156
4 198 13.605165
4 199 14.540125
4 200 14.067832
5 0 13.419540
5 1 12.022844
5 2 12.599039
5 3 11.744222
5 4 11.930837
5 6 14.755934
5 7 13.023185
5 8 12.226031
5 9 10.989729
5 10 12.913208
5 11 12.601211
5 12 12.975977
5 13 12.237978
5 14 12.851658
5 15 11.098244
5 16 12.404762
5 17 13.405177
5 18 14.405344
5 19 11.620925
5 20 14.488462
5 21 11.006622
5 22 13.100126
5 23 13.865668
5 24 14.584636
5 25 14.513604
5 26 12.640728
5 27 14.285949
5 28 13.322175
5 29 12.703027
5 30 11.763905
5 31 13.160062
5 32 14.530006
5 33 11.775545
5 34 11.653248
5 35 14.381124
5 36 11.643526
5 37 12.292029
5 38 12.669273
5 39 11.073059
5 40 11.310913
5 41 12.275714
5 42 12.225561
5 43 12.048969
5 44 11.432291
5 45 13.020912
5 46 13.201815
5 47 13.965862
5 48 14.011091
5 49 10.922185
5 50 13.528695
5 51 13.678890
5 52 14.647892
5 53 12.596346
5 54 11.641804
5 55 10.978977
5 56 14.435177
5 57 13.855143
5 58 13.010402
5 59 13.351439
5 60 13.935908
5 61 13.927872
5 62 13.752048
5 63 12.699103
5 64 11.853244
5 65 12.924034
5 66 12.605272
5 67 14.691295
5 68 14.421284
5 69 13.530345
5 70 11.286846
5 71 11.971633
5 72 11.396026
5 73 13.213557
5 74 11.053994
5 75 14.181601
5 76 13.744540
5 77 13.139083
5 78 14.590942
5 79 13.133678
5 80 12.590510
5 81 13.920431
5 82 14.250885
5 83 12.628296
5 84 12.558433
5 85 14.504737
5 86 13.324588
5 87 12.712624
5 88 13.230306
5 89 12.333559
5 90 14.623076
5 91 12.734246
5 92 11.542714
5 93 13.316829
5 94 12.765916
5 95 11.079408
5 96 14.322346
5 97 13.255967
5 98 14.077948
5 99 13.891879
5 100 12.683266
5 101 11.451228
5 102 14.660317
5 103 13.536614
5 104 14.774561
5 105 12.160244
5 106 13.839927
5 107 13.047055
5 108 11.175673
5 109 11.448230
5 110 14.052997
5 111 11.600507
5 112 12.001985
5 113 10.998776
5 114 11.108977
5 115 11.570588
5 116 11.099447
5 117 13.912530
5 118 14.011985
5 119 12.316025
5 120 11.803675
5 121 11.133411
5 122 11.055292
5 123 11.490179
5 124 11.015054
5 125 14.236672
5 126 13.626666
5 127 11.126223
5 128 14.145832
5 129 14.296738
5 130 12.806827
5 131 14.750381
5 132 12.063154
5 133 11.812573
5 134 12.837116
5 135 12.263392
5 136 12.357142
5 137 12.845660
5 138 14.361732
5 139 14.730568
5 140 13.135116
5 141 10.934375
5 142 14.605089
5 143 12.504580
5 144 12.464844
5 145 12.762565
5 146 14.280102
5 147 13.377552
5 148 11.937021
5 149 13.305545
5 150 11.646527
5 151 13.105220
5 152 11.891903
5 153 14.379106
5 154 13.846366
5 155 12.554357
5 156 11.908700
5 157 11.039714
5 158 13.296426
5 159 11.285715
5 160 14.327630
5 161 13.682920
5 162 12.833660
5 163 11.788685
5 164 13.779870
5 165 13.180621
5 166 13.504238
5 167 10.953755
5 168 14.280669
5 169 12.929916
5 170 14.813418
5 171 14.092806
5 172 11.524840
5 173 14.625091
5 174 13.032900
5 175 11.499114
5 176 12.173377
5 177 13.616731
5 178 12.384815
5 179 13.295153
5 180 14.728250
5 181 10.928515
5 182 13.982980
5 183 13.277565
5 184 14.759180
5 185 13.013109
5 186 13.621598
5 187 12.757161
5 188 14.426849
5 189 11.625791
5 190 11.333733
5 191 12.902126
5 192 11.128657
5 193 11.782711
5 194 11.423992
5 195 14.424609
5 196 13.032260
5 197 12.376300
5 198 14.671060
5 199 11.741778
5 200 13.381267
6 0 13.272780
6 1 14.784057
6 2 12.375240
6 3 14.007757
6 4 11.843170
6 5 14.755934
6 7 11.108193
6 8 13.523000
6 9 12.005042
6 10 12.161546
6 11 11.282315
6 12 14.325123
6 13 13.128359
6 14 12.798709
6 15 13.495010
6 16 14.065707
6 17 11.468833
6 18 13.043487
6 19 11.212034
6 20 12.979991
6 21 14.556404
6 22 12.151913
6 23 12.931950
6 24 12.714438
6 25 12.735597
6 26 12.015235
6 27 11.419068
6 28 11.613629
6 29 12.920453
6 30 13.752665
6 31 11.020021
6 32 13.676244
6 33 11.161249
6 34 11.714667
6 35 13.661840
6 36 13.996754
6 37 14.452840
6 38 12.266966
6 39 13.151190
6 40 13.511493
6 41 14.473539
6 42 14.465616
6 43 11.053003
6 44 12.073368
6 45 11.114775
6 46 14.009891
6 47 12.196171
6 48 12.564803
6 49 13.198954
6 50 11.692992
6 51 11.898770
6 52 12.248140
6 53 14.119704
6 54 14.106020
6 55 11.805812
6 56 14.624090
6 57 13.044014
6 58 12.188671
6 59 11.555841
6 60 14.543959
6 61 11.575517
6 62 12.764034
6 63 13.659603
6 64 11.176555
6 65 13.335355
6 66 14.802394
6 67 11.768373
6 68 13.295232
6 69 12.385133
6 70 13.079078
6 71 11.789269
6 72 13.845336
6 73 11.009173
6 74 13.197314
6 75 11.228647
6 76 12.213484
6 77 12.561612
6 78 13.986898
6 79 11.303894
6 80 14.776566
6 81 12.942339
6 82 11.078324
6 83 11.993459
6 84 13.464371
6 85 13.121227
6 86 11.520729
6 87 11.059242
6 88 13.463402
6 89 13.678921
6 90 14.647447
6 91 12.004047
6 92 13.046929
6 93 12.174513
6 94 12.893676
6 95 12.393402
6 96 13.864671
6 97 14.148027
6 98 14.407016
6 99 13.963585
6 100 12.073775
6 101 11.835409
6 102 11.557199
6 103 11.434265
6 104 14.421965
6 105 11.583241
6 106 13.295882
6 107 13.684197
6 108 11.900850
6 109 13.985592
6 110 13.308517
6 111 11.046302
6 112 14.170771
6 113 13.887516
6 114 13.837266
6 115 12.589474
6 116 11.919094
6 117 11.175525
6 118 12.949456
6 119 11.561245
6 120 11.750206
6 121 11.249688
6 122 11.849420
6 123 12.305033
6 124 13.678210
6 125 13.617522
6 126 11.178628
6 127 13.318069
6 128 11.101869
6 129 11.389145
6 130 11.039115
6 131 11.351654
6 132 14.065231
6 133 12.953432
6 134 12.864257
6 135 13.692292
6 136 14.050941
6 137 12.069691
6 138 13.539233
6 139 12.151395
6 140 11.326280
6 141 12.528455
6 142 12.476049
6 143 11.088980
6 144 11.817350
6 145 10.939382
6 146 13.392377
6 147 11.889634
6 148 11.978713
6 149 12.786384
6 150 12.620332
6 151 12.138011
6 152 13.498772
6 153 11.188664
6 154 14.514673
6 155 14.737557
6 156 11.230816
6 157 13.778463
6 158 11.514619
6 159 13.361957
6 160 11.333506
6 161 11.928286
6 162 13.654258
6 163 13.569746
6 164 12.282991
6 165 14.125325
6 166 13.628577
6 167 14.466855
6 168 13.344661
6 169 11.597379
6 170 14.469413
6 171 14.537216
6 172 11.341153
6 173 11.535264
6 174 13.355773
6 175 13.013114
6 176 13.942235
6 177 12.044536
6 178 11.859428
6 179 12.505837
6 180 12.881955
6 181 12.455380
6 182 11.829779
6 183 12.639072
6 184 13.857360
6 185 14.732638
6 186 12.900839
6 187 13.054558
6 188 12.290002
6 189 12.023340
6 190 11.564270
6 191 11.866331
6 192 12.969576
6 193 12.877169
6 194 12.801217
6 195 13.695443
6 196 14.007787
6 197 11.372815
6 198 11.794651
6 199 11.700997
6 200 14.663831
7 0 10.926986
7 1 13.065223
7 2 13.028913
7 3 12.159609
7 4 11.888306
7 5 13.023185
7 6 11.108193
7 8 11.974196
7 9 13.090575
7 10 11.173618
7 11 13.688462
7 12 11.210846
7 13 12.488185
7 14 11.887309
7 15 11.080654
7 16 14.813476
7 17 12.353993
7 18 13.990633
7 19 12.377319
7 20 11.099679
7 21 11.826505
7 22 13.844521
7 23 11.208865
7 24 13.750997
7 25 11.027922
7 26 14.717810
7 27 13.456134
7 28 12.414107
7 29 13.049901
7 30 13.700435
7 31 13.205106
7 32 14.688464
7 33 13.345986
7 34 11.913645
7 35 11.566955
7 36 13.692100
7 37 12.386836
7 38 11.097167
7 39 13.160510
7 40 11.697878
7 41 12.837519
7 42 11.998873
7 43 11.124518
7 44 13.781353
7 45 11.288205
7 46 11.304842
7 47 14.389969
7 48 11.677698
7 49 12.534581
7 50 12.461059
7 51 13.883623
7 52 12.463147
7 53 12.485776
7 54 11.344683
7 55 13.077535
7 56 11.485015
7 57 11.102148
7 58 10.969467
7 59 11.289753
7 60 12.697228
7 61 14.284033
7 62 12.311525
7 63 11.876217
7 64 13.404042
7 65 13.733573
7 66 14.550692
7 67 13.059684
7 68 11.919747
7 69 11.558928
7 70 13.984455
7 71 11.844430
7 72 11.630275
7 73 11.982313
7 74 13.691739
7 75 13.535950
7 76 11.490434
7 77 13.460293
7 78 14.743380
7 79 11.749094
7 80 14.763859
7 81 11.321179
7 82 11.703450
7 83 11.899456
7 84 12.319621
7 85 11.578949
7 86 12.365812
7 87 13.743017
7 88 12.162211
7 89 12.027630
7 90 13.698714
7 91 14.338131
7 92 14.211996
7 93 11.561546
7 94 14.235536
7 95 13.740815
7 96 13.641647
7 97 11.269096
7 98 11.013074
7 99 12.594802
7 100 13.423933
7 101 14.545782
7 102 12.015732
7 103 11.029232
7 104 13.780322
7 105 13.274638
7 106 13.802702
7 107 11.510029
7 108 11.148662
7 109 12.120835
7 110 14.083344
7 111 11.730206
7 112 13.857212
7 113 13.325593
7 114 12.168583
7 115 13.403523
7 116 14.412534
7 117 13.532349
7 118 11.243245
7 119 12.984034
7 120 13.159088
7 121 13.523212
7 122 14.514857
7 123 13.176352
7 124 14.189353
7 125 14.302606
7 126 11.423695
7 127 13.870816
7 128 13.455062
7 129 12.003311
7 130 12.422996
7 131 11.749539
7 132 12.982749
7 133 14.236744
7 134 12.625457
7 135 14.072699
7 136 11.262475
7 137 13.980947
7 138 14.328203
7 139 14.322492
7 140 11.108623
7 141 11.443759
7 142 11.715848
7 143 13.143788
7 144 12.657188
7 145 12.240488
7 146 12.760143
7 147 14.715809
7 148 11.337654
7 149 14.622487
7 150 13.180527
7 151 14.512534
7 152 12.968821
7 153 12.952920
7 154 11.499197
7 155 11.136488
7 156 14.511084
7 157 13.984412
7 158 14.734836
7 159 13.910575
7 160 12.705773
7 161 13.051626
7 162 13.777146
7 163 14.807098
7 164 13.640237
7 165 11.572355
7 166 10.948360
7 167 11.369227
7 168 12.402983
7 169 14.562004
7 170 11.627999
7 171 13.602791
7 172 11.635306
7 173 11.144571
7 174 13.453521
7 175 13.253872
7 176 11.221866
7 177 14.778455
7 178 14.756878
7 179 13.091212
7 180 14.274914
7 181 14.727639
7 182 11.144447
7 183 11.446341
7 184 13.398763
7 185 13.580206
7 186 12.619271
7 187 12.505271
7 188 14.132022
7 189 14.630574
7 190 11.282394
7 191 11.555564
7 192 11.229792
7 193 14.072312
7 194 13.898372
7 195 12.096662
7 196 11.293215
7 197 13.799930
7 198 12.063718
7 199 13.745580
7 200 12.084004
8 0 11.893812
8 1 11.492218
8 2 11.425984
8 3 13.325275
8 4 13.751342
8 5 12.226031
8 6 13.523000
8 7 11.974196
8 9 11.102162
8 10 11.681255
8 11 13.833001
8 12 13.446022
8 13 11.216664
8 14 14.598478
8 15 13.508131
8 16 11.650295
8 17 14.351544
8 18 14.650829
8 19 12.980309
8 20 11.549160
8 21 13.688083
8 22 11.399522
8 23 11.692614
8 24 11.297329
8 25 11.477349
8 26 13.876952
8 27 12.703428
8 28 11.837992
8 29 11.853047
8 30 12.541904
8 31 13.701992
8 32 11.119949
8 33 14.078633
8 34 13.386733
8 35 12.450632
8 36 14.444202
8 37 12.096894
8 38 14.798758
8 39 14.432426
8 40 11.034439
8 41 12.410659
8 42 13.010216
8 43 14.024059
8 44 12.203836
8 45 13.160136
8 46 14.185149
8 47 11.445945
8 48 13.740854
8 49 14.439911
8 50 11.352256
8 51 12.863971
8 52 11.291681
8 53 13.625819
8 54 13.538681
8 55 14.411007
8 56 14.364726
8 57 12.549633
8 58 12.047001
8 59 12.559297
8 60 13.951812
8 61 14.696267
8 62 14.258173
8 63 13.301479
8 64 13.683785
8 65 14.409126
8 66 13.739203
8 67 13.899354
8 68 13.625316
8 69 14.560374
8 70 13.225243
8 71 12.216792
8 72 11.771584
8 73 10.971786
8 74 14.539150
8 75 14.769813
8 76 12.550081
8 77 11.234795
8 78 13.091891
8 79 12.521828
8 80 11.310130
8 81 13.342815
8 82 14.590877
8 83 12.720824
8 84 11.794007
8 85 13.566681
8 86 14.658384
8 87 11.801164
8 88 13.438817
8 89 11.811599
8 90 13.097673
8 91 12.936400
8 92 14.760678
8 93 11.978442
8 94 14.543853
8 95 14.395337
8 96 14.028389
8 97 11.469541
8 98 11.085439
8 99 13.369524
8 100 11.445862
8 101 14.317132
8 102 11.756643
8 103 13.350178
8 104 14.664015
8 105 13.680578
8 106 12.944775
8 107 14.643908
8 108 13.649782
8 109 12.283998
8 110 13.514572
8 111 14.054270
8 112 12.491419
8 113 11.268064
8 114 13.127121
8 115 14.211734
8 116 13.010117
8 117 12.150874
8 118 12.148957
8 119 12.024321
8 120 12.620532
8 121 12.040157
8 122 11.733880
8 123 12.540052
8 124 11.200938
8 125 11.427069
8 126 12.031005
8 127 13.638622
8 128 11.932807
8 129 14.399642
8 130 12.991913
8 131 13.093225
8 132 13.870107
8 133 12.924604
8 134 11.355692
8 135 14.718203
8 136 11.663429
8 137 11.209745
8 138 12.678944
8 139 14.619292
8 140 11.658240
8 141 13.326615
8 142 12.785089
8 143 13.329127
8 144 13.068157
8 145 14.605638
8 146 13.198751
8 147 14.191228
8 148 13.819830
8 149 12.122149
8 150 12.861402
8 151 11.217447
8 152 14.750684
8 153 11.952283
8 154 13.678803
8 155 14.340193
8 156 11.461890
8 157 13.622995
8 158 14.277906
8 159 11.448251
8 160 11.988166
8 161 11.913290
8 162 11.619739
8 163 13.192428
8 164 12.251882
8 165 11.532538
8 166 13.863746
8 167 12.227468
8 168 11.221655
8 169 12.593611
8 170 13.009820
8 171 13.511868
8 172 12.533063
8 173 14.724149
8 174 12.377080
8 175 13.012570
8 176 12.169333
8 177 14.373145
8 178 13.290213
8 179 11.648618
8 180 14.218173
8 181 12.893798
8 182 11.595854
8 183 11.360847
8 184 11.681843
8 185 12.080855
8 186 11.713841
8 187 14.113985
8 188 11.238354
8 189 13.856092
8 190 11.480347
8 191 12.799686
8 192 12.732047
8 193 11.636937
8 194 14.114866
8 195 14.187628
8 196 12.725801
8 197 13.006337
8 198 12.989811
8 199 13.518239
8 200 14.432170
9 0 12.240250
9 1 12.203376
9 2 11.283866
9 3 13.463118
9 4 13.048171
9 5 10.989729
9 6 12.005042
9 7 13.090575
9 8 11.102162
9 10 13.581243
9 11 13.114018
9 12 12.473282
9 13 13.038996
9 14 12.901653
9 15 14.556429
9 16 13.148991
9 17 14.491265
9 18 12.326622
9 19 14.498627
9 20 11.433508
9 21 11.549058
9 22 12.563278
9 23 12.535969
9 24 12.028194
9 25 12.156804
9 26 12.277901
9 27 11.996863
9 28 11.977797
9 29 12.194360
9 30 13.438389
9 31 12.850524
9 32 14.413786
9 33 10.941629
9 34 14.815732
9 35 11.852994
9 36 13.448848
9 37 12.687545
9 38 11.486193
9 39 12.199245
9 40 14.784658
9 41 11.567228
9 42 12.324399
9 43 11.790248
9 44 12.067125
9 45 12.395835
9 46 11.864510
9 47 11.343450
9 48 11.905953
9 49 11.020340
9 50 13.227769
9 51 11.359407
9 52 12.213339
9 53 11.638093
9 54 12.532226
9 55 11.089410
9 56 11.606066
9 57 12.260701
9 58 11.278599
9 59 13.005218
9 60 12.596579
9 61 12.284733
9 62 13.397883
9 63 13.759764
9 64 11.983145
9 65 14.681593
9 66 12.975529
9 67 11.984197
9 68 14.147485
9 69 13.677552
9 70 11.689801
9 71 13.772303
9 72 13.137352
9 73 12.725147
9 74 14.788239
9 75 13.239872
9 76 11.745199
9 77 12.776489
9 78 13.804362
9 79 14.495331
9 80 11.826238
9 81 14.146862
9 82 11.478292
9 83 13.358362
9 84 13.983324
9 85 12.161892
9 86 12.169659
9 87 12.736687
9 88 12.666868
9 89 12.023856
9 90 12.775561
9 91 11.904568
9 92 12.099068
9 93 12.921462
9 94 11.624402
9 95 11.414431
9 96 13.847798
9 97 13.485194
9 98 14.745385
9 99 14.098377
9 100 13.362020
9 101 14.030987
9 102 13.998840
9 103 11.912881
9 104 11.630588
9 105 11.393885
9 106 14.012544
9 107 12.405791
9 108 12.431511
9 109 13.793841
9 110 10.990152
9 111 14.203063
9 112 11.470113
9 113 13.907050
9 114 13.237597
9 115 13.550256
9 116 13.629721
9 117 11.694280
9 118 14.173141
9 119 11.611870
9 120 11.177670
9 121 12.464782
9 122 12.542207
9 123 13.887544
9 124 11.338883
9 125 11.225805
9 126 13.767886
9 127 13.476064
9 128 11.183402
9 129 14.417482
9 130 11.943221
9 131 14.683413
9 132 14.321569
9 133 13.150132
9 134 14.037232
9 135 13.813381
9 136 13.029998
9 137 13.147335
9 138 13.040820
9 139 12.444956
9 140 13.142755
9 141 14.436325
9 142 12.055208
9 143 13.516241
9 144 11.808764
9 145 13.717618
9 146 13.510324
9 147 12.159754
9 148 14.250975
9 149 12.485824
9 150 13.308782
9 151 11.945749
9 152 13.888594
9 153 11.975893
9 154 11.783475
9 155 12.183128
9 156 12.792982
9 157 14.769161
9 158 14.599338
9 159 11.371158
9 160 10.997357
9 161 11.475953
9 162 12.845136
9 163 12.463896
9 164 13.335159
9 165 12.191098
9 166 13.188926
9 167 11.051236
9 168 11.493972
9 169 11.219034
9 170 12.357070
9 171 12.199049
9 172 12.479568
9 173 14.267475
9 174 11.909559
9 175 13.669153
9 176 12.767618
9 177 14.510753
9 178 13.329708
9 179 14.589047
9 180 14.468368
9 181 14.343915
9 182 13.093988
9 183 13.379663
9 184 14.486359
9 185 12.507603
9 186 12.970271
9 187 11.749284
9 188 12.067322
9 189 12.076612
9 190 14.404372
9 191 14.529301
9 192 14.545851
9 193 14.799080
9 194 12.929175
9 195 14.791070
9 196 13.821605
9 197 12.173963
9 198 14.690174
9 199 13.819187
9 200 13.553484
10 0 14.223173
10 1 14.375425
10 2 13.688757
10 3 14.084708
10 4 11.190190
10 5 12.913208
10 6 12.161546
10 7 11.173618
10 8 11.681255
10 9 13.581243
10 11 11.528881
10 12 11.810320
10 13 13.884664
10 14 14.241304
10 15 11.172721
10 16 11.996485
10 17 14.750255
10 18 11.197152
10 19 14.487205
10 20 13.583943
10 21 11.766346
10 22 12.120845
10 23 13.108544
10 24 11.930623
10 25 12.022118
10 26 13.222170
10 27 12.498034
10 28 13.494873
10 29 11.771674
10 30 14.107264
10 31 13.152371
10 32 12.951771
10 33 12.875871
10 34 13.474281
10 35 11.349914
10 36 11.016213
10 37 13.519482
10 38 14.549114
10 39 13.847816
10 40 14.350433
10 41 13.436692
10 42 12.835988
10 43 14.679117
10 44 13.523904
10 45 13.344179
10 46 14.766573
10 47 14.110430
10 48 14.466234
10 49 11.719733
10 50 12.620073
10 51 12.221187
10 52 13.238125
10 53 14.275695
10 54 14.143437
10 55 13.873348
10 56 13.464909
10 57 13.888936
10 58 14.813075
10 59 14.452522
10 60 11.194552
10 61 12.483177
10 62 14.618699
10 63 13.398370
10 64 13.469717
10 65 13.282923
10 66 11.129688
10 67 11.635199
10 68 11.737668
10 69 14.473945
10 70 14.655134
10 71 13.634891
10 72 12.629435
10 73 10.979995
10 74 11.613198
10 75 14.027054
10 76 10.933948
10 77 11.666944
10 78 13.112322
10 79 11.876254
10 80 13.214031
10 81 13.115557
10 82 13.667547
10 83 12.382367
10 84 11.073130
10 85 14.677695
10 86 12.757268
10 87 11.015924
10 88 10.920303
10 89 12.583971
10 90 11.967677
10 91 11.485115
10 92 14.511235
10 93 11.541590
10 94 12.244411
10 95 13.747335
10 96 12.826260
10 97 11.386529
10 98 14.222344
10 99 11.587209
10 100 12.988209
10 101 13.016247
10 102 14.723340
10 103 12.268492
10 104 12.289602
10 105 13.967256
10 106 12.590751
10 107 14.766205
10 108 14.422799
10 109 11.823796
10 110 10.972342
10 111 14.179872
10 112 14.187359
10 113 11.283345
10 114 13.778902
10 115 14.732707
10 116 11.957480
10 117 11.969447
10 118 14.389222
10 119 12.118261
10 120 13.056053
10 121 13.941458
10 122 14.680490
10 123 14.242641
10 124 10.982871
10 125 13.723873
10 126 14.627002
10 127 12.766519
10 128 12.953402
10 129 14.048722
10 130 13.696374
10 131 14.291714
10 132 11.140787
10 133 13.422945
10 134 12.061559
10 135 14.797996
10 136 11.384176
10 137 12.684941
10 138 11.011905
10 139 11.769356
10 140 13.327446
10 141 12.018656
10 142 11.084998
10 143 14.083146
10 144 13.804871
10 145 11.618021
10 146 14.679525
10 147 14.064707
10 148 14.654786
10 149 14.569877
10 150 14.008039
10 151 13.727970
10 152 14.051196
10 153 13.082143
10 154 13.679711
10 155 13.016449
10 156 14.736062
10 157 14.473863
10 158 12.757318
10 159 14.209418
10 160 11.760174
10 161 12.458349
10 162 13.992508
10 163 14.320882
10 164 11.284148
10 165 13.974556
10 166 12.852612
10 167 11.900347
10 168 11.914148
10 169 14.598959
10 170 12.553130
10 171 11.137432
10 172 13.261504
10 173 11.656732
10 174 11.955882
10 175 12.796785
10 176 14.513389
10 177 12.693031
10 178 12.098047
10 179 14.141941
10 180 13.000794
10 181 13.306395
10 182 14.225851
10 183 13.316498
10 184 11.230227
10 185 11.705607
10 186 12.447315
10 187 14.432868
10 188 12.129300
10 189 11.128169
10 190 13.437929
10 191 13.292294
10 192 12.608003
10 193 11.842970
10 194 12.630382
10 195 13.468396
10 196 14.120594
10 197 13.925892
10 198 14.505846
10 199 13.839671
10 200 14.532760
11 0 13.893220
11 1 11.989710
11 2 11.079730
11 3 12.962285
11 4 11.804212
11 5 12.601211
11 6 11.282315
11 7 13.688462
11 8 13.833001
11 9 13.114018
11 10 11.528881
11 12 11.970188
11 13 14.631578
11 14 12.399796
11 15 12.349094
11 16 12.632253
11 17 11.808033
11 18 13.632640
11 19 12.219232
11 20 12.415920
11 21 11.170963
11 22 14.076122
11 23 11.522016
11 24 13.954303
11 25 11.930797
11 26 11.497882
11 27 14.386901
11 28 11.122253
11 29 12.912058
11 30 14.698695
11 31 13.078814
11 32 12.412475
11 33 13.231732
11 34 12.633386
11 35 12.488202
11 36 12.248711
11 37 12.304959
11 38 13.838467
11 39 12.096824
11 40 14.291319
11 41 12.459959
11 42 14.062287
11 43 12.380438
11 44 12.421679
11 45 11.066819
11 46 12.515698
11 47 12.330141
11 48 14.694110
11 49 12.884735
11 50 13.924867
11 51 11.529783
11 52 13.396138
11 53 14.715524
11 54 12.851924
11 55 11.765476
11 56 11.828523
11 57 14.671320
11 58 11.997400
11 59 14.430061
11 60 11.886165
11 61 14.130011
11 62 13.076348
11 63 13.231705
11 64 12.230471
11 65 11.885305
11 66 13.913477
11 67 13.143698
11 68 10.987179
11 69 12.410700
11 70 11.274881
11 71 12.531186
11 72 12.267849
11 73 13.063062
11 74 11.154099
11 75 13.241758
11 76 14.194678
11 77 11.920042
11 78 11.509386
11 79 14.471891
11 80 12.777782
11 81 13.326055
11 82 13.491993
11 83 13.848887
11 84 14.526952
11 85 12.265599
11 86 12.307019
11 87 14.574089
11 88 12.652257
11 89 11.281227
11 90 11.375336
11 91 12.862175
11 92 11.271079
11 93 12.522180
11 94 11.834321
11 95 13.743483
11 96 12.739697
11 97 12.929745
11 98 12.549887
11 99 13.378169
11 100 13.835544
11 101 14.390712
11 102 11.823737
11 103 14.027779
11 104 14.559111
11 105 12.058004
11 106 14.230435
11 107 11.407935
11 108 11.913576
11 109 12.679667
11 110 13.118348
11 111 13.402597
11 112 14.495885
11 113 13.710461
11 114 14.391203
11 115 12.741436
11 116 11.057466
11 117 14.692709
11 118 14.142353
11 119 14.010098
11 120 12.371892
11 121 14.785984
11 122 14.595955
11 123 13.761153
11 124 14.269410
11 125 12.879047
11 126 12.547969
11 127 11.668179
11 128 13.986454
11 129 11.075293
11 130 13.495788
11 131 13.863603
11 132 12.604313
11 133 12.702784
11 134 12.849969
11 135 14.388813
11 136 11.869627
11 137 13.618572
11 138 13.080037
11 139 13.705930
11 140 10.958716
11 141 13.096391
11 142 14.802145
11 143 13.494744
11 144 11.335721
11 145 13.887877
11 146 12.868012
11 147 12.356246
11 148 14.143251
11 149 13.984628
11 150 12.659402
11 151 14.627044
11 152 13.280825
11 153 12.286656
11 154 11.698220
11 155 11.081986
11 156 14.329154
11 157 14.035037
11 158 10.923410
11 159 12.805946
11 160 11.261359
11 161 14.141382
11 162 12.891596
11 163 12.282998
11 164 12.734593
11 165 13.440469
11 166 12.526210
11 167 13.469969
11 168 13.945273
11 169 12.264175
11 170 12.499304
11 171 12.954639
11 172 13.767610
11 173 12.403667
11 174 13.505884
11 175 12.157882
11 176 11.266231
11 177 14.140725
11 178 12.077434
11 179 11.841494
11 180 11.985671
11 181 13.469112
11 182 13.686909
11 183 14.039211
11 184 14.784815
11 185 12.295808
11 186 12.810364
11 187 11.406984
11 188 12.135334
11 189 11.471874
11 190 13.128246
11 191 11.175573
11 192 11.616012
11 193 12.323902
11 194 12.383082
11 195 13.583584
11 196 14.783508
11 197 10.956638
11 198 12.982001
11 199 13.323638
11 200 11.356220
12 0 12.550698
12 1 12.918949
12 2 12.681052
12 3 12.496736
12 4 11.157909
12 5 12.975977
12 6 14.325123
12 7 11.210846
12 8 13.446022
12 9 12.473282
12 10 11.810320
12 11 11.970188
12 13 11.331445
12 14 12.079285
12 15 14.121357
12 16 13.737645
12 17 11.538688
12 18 13.532624
12 19 12.305625
12 20 13.939693
12 21 11.563482
12 22 13.323755
12 23 13.200636
12 24 12.458814
12 25 12.643721
12 26 13.802982
12 27 11.636445
12 28 12.818115
12 29 10.959671
12 30 12.406539
12 31 14.013344
12 32 14.750859
12 33 12.937923
12 34 12.986505
12 35 14.339431
12 36 14.570587
12 37 14.386743
12 38 11.602774
12 39 14.319335
12 40 10.973816
12 41 11.952654
12 42 14.010032
12 43 11.358979
12 44 12.907814
12 45 12.835218
12 46 13.162482
12 47 11.493057
12 48 14.381144
12 49 11.489505
12 50 12.379532
12 51 12.184355
12 52 11.822466
12 53 14.299243
12 54 13.901893
12 55 13.830706
12 56 12.848415
12 57 14.105848
12 58 14.746333
12 59 14.238029
12 60 11.563893
12 61 14.373320
12 62 11.994149
12 63 13.488493
12 64 11.703383
12 65 13.036096
12 66 14.712695
12 67 11.819290
12 68 13.354461
12 69 13.508221
12 70 11.250124
12 71 12.800558
12 72 12.459679
12 73 12.298565
12 74 13.310106
12 75 13.855044
12 76 12.042923
12 77 13.623230
12 78 12.836265
12 79 14.597707
12 80 11.613498
12 81 14.515719
12 82 12.595579
12 83 14.260411
12 84 13.848782
12 85 11.259133
12 86 13.677186
12 87 12.791884
12 88 13.624605
12 89 11.609861
12 90 11.215247
12 91 11.061567
12 92 12.105540
12 93 13.414084
12 94 12.859760
12 95 13.366392
12 96 11.249754
12 97 11.482476
12 98 13.305996
12 99 13.165538
12 100 12.494496
12 101 12.262130
12 102 13.339532
12 103 11.034803
12 104 11.762340
12 105 13.207024
12 106 13.394910
12 107 11.534821
12 108 11.447171
12 109 13.346104
12 110 14.522643
12 111 14.013925
12 112 11.071787
12 113 14.701471
12 114 13.986318
12 115 12.063361
12 116 14.141843
12 117 12.586365
12 118 12.863665
12 119 12.750533
12 120 12.352893
12 121 14.782427
12 122 13.171509
12 123 14.786196
12 124 14.692819
12 125 13.353660
12 126 13.932226
12 127 12.366544
12 128 13.227353
12 129 11.854488
12 130 11.790834
12 131 12.682190
12 132 11.329146
12 133 11.043475
12 134 11.283135
12 135 13.958249
12 136 13.314363
12 137 10.988786
12 138 14.558379
12 139 13.814264
12 140 14.277722
12 141 12.197947
12 142 13.447819
12 143 14.695715
12 144 13.079838
12 145 12.631478
12 146 11.287669
12 147 12.207233
12 148 13.163762
12 149 11.616084
12 150 12.580072
12 151 11.957286
12 152 11.243746
12 153 12.130997
12 154 13.391492
12 155 10.959401
12 156 12.412134
12 157 12.733766
12 158 12.575856
12 159 12.505053
12 160 10.956625
12 161 14.699674
12 162 11.582126
12 163 10.946255
12 164 13.126109
12 165 12.886494
12 166 11.252855
12 167 14.151423
12 168 13.372388
12 169 14.026871
12 170 13.310578
12 171 11.845272
12 172 10.953719
12 173 13.605808
12 174 11.553148
12 175 12.866419
12 176 13.908105
12 177 13.902623
12 178 14.724323
12 179 11.391560
12 180 11.292708
12 181 11.438799
12 182 13.323122
12 183 11.743178
12 184 11.201135
12 185 12.293139
12 186 11.690498
12 187 14.359844
12 188 13.023214
12 189 14.042343
12 190 12.585039
12 191 13.183773
12 192 13.470032
12 193 12.574897
12 194 13.662151
12 195 13.328572
12 196 12.463113
12 197 13.575816
12 198 14.335361
12 199 11.118810
12 200 11.885192
13 0 14.479637
13 1 14.772915
13 2 12.635129
13 3 11.580431
13 4 13.314722
13 5 12.237978
13 6 13.128359
13 7 12.488185
13 8 11.216664
13 9 13.038996
13 10 13.884664
13 11 14.631578
13 12 11.331445
13 14 13.807146
13 15 12.270560
13 16 13.297444
13 17 13.145506
13 18 11.460932
13 19 14.469534
13 20 13.287513
13 21 13.340014
13 22 11.183509
13 23 13.870944
13 24 13.782618
13 25 13.136124
13 26 12.897989
13 27 13.087757
13 28 13.615827
13 29 14.712740
13 30 12.774963
13 31 11.838625
13 32 12.689751
13 33 14.647968
13 34 13.875366
13 35 12.990735
13 36 13.769971
13 37 12.911925
13 38 11.280183
13 39 14.115566
13 40 12.972619
13 41 11.899225
13 42 14.468479
13 43 14.424406
13 44 14.696586
13 45 12.332288
13 46 13.360682
13 47 14.065885
13 48 12.754356
13 49 13.093621
13 50 12.477865
13 51 12.322246
13 52 12.622433
13 53 12.653609
13 54 11.467999
13 55 12.544150
13 56 12.839581
13 57 12.833161
13 58 14.758639
13 59 12.601706
13 60 13.956351
13 61 11.288136
13 62 11.897827
13 63 14.176320
13 64 12.654746
13 65 13.304347
13 66 14.334618
13 67 13.044588
13 68 14.697226
13 69 13.385039
13 70 14.136786
13 71 13.209216
13 72 11.655840
13 73 10.954097
13 74 11.165749
13 75 14.481942
13 76 13.476369
13 77 14.303836
13 78 14.254864
13 79 11.988720
13 80 12.619216
13 81 11.666714
13 82 14.705134
13 83 12.893311
13 84 12.172825
13 85 11.155699
13 86 12.785320
13 87 13.234244
13 88 11.449537
13 89 12.919674
13 90 12.051714
13 91 11.717579
13 92 14.320962
13 93 13.867179
13 94 13.227283
13 95 11.386856
13 96 11.380982
13 97 13.152239
13 98 11.475780
13 99 12.166198
13 100 12.704707
13 101 12.338702
13 102 12.541265
13 103 14.689673
13 104 13.643515
13 105 10.966103
13 106 12.862083
13 107 13.785296
13 108 14.365399
13 109 11.224793
13 110 13.029710
13 111 14.449283
13 112 13.678573
13 113 11.754436
13 114 11.675733
13 115 11.884354
13 116 11.822307
13 117 12.309980
13 118 11.727970
13 119 14.267572
13 120 11.845397
13 121 12.655731
13 122 13.952758
13 123 12.328764
13 124 11.124108
13 125 11.317533
13 126 12.591182
13 127 14.659156
13 128 12.646956
13 129 14.250118
13 130 14.673367
13 131 11.754409
13 132 11.559244
13 133 14.809910
13 134 14.486304
13 135 13.623444
13 136 12.705311
13 137 13.307878
13 138 12.049461
13 139 12.944685
13 140 11.919067
13 141 12.920979
13 142 12.217770
13 143 12.785624
13 144 12.830137
13 145 14.332254
13 146 12.264562
13 147 11.722147
13 148 11.449848
13 149 14.274371
13 150 14.391036
13 151 13.525624
13 152 11.400622
13 153 12.833014
13 154 13.368987
13 155 10.935324
13 156 13.395054
13 157 13.705780
13 158 11.830277
13 159 11.609679
13 160 11.426023
13 161 13.872403
13 162 11.370792
13 163 11.773925
13 164 11.440140
13 165 14.623583
13 166 13.016192
13 167 13.805307
13 168 14.738057
13 169 12.122625
13 170 11.023880
13 171 13.273665
13 172 12.318968
13 173 12.898330
13 174 11.323293
13 175 13.365826
13 176 13.901332
13 177 11.506267
13 178 10.920604
13 179 14.524001
13 180 12.437287
13 181 13.436669
13 182 12.532256
13 183 13.160942
13 184 13.600537
13 185 14.372953
13 186 14.790795
13 187 13.905714
13 188 12.764938
13 189 11.230049
13 190 12.020396
13 191 11.250856
13 192 14.766910
13 193 14.637985
13 194 12.823971
13 195 10.989900
13 196 11.922012
13 197 14.422865
13 198 14.526984
13 199 13.988311
13 200 12.799500
14 0 11.951931
14 1 11.858036
14 2 13.622819
14 3 13.819300
14 4 10.987244
14 5 12.851658
14 6 12.798709
14 7 11.887309
14 8 14.598478
14 9 12.901653
14 10 14.241304
14 11 12.399796
14 12 12.079285
14 13 13.807146
14 15 14.741891
14 16 11.069643
14 17 12.388408
14 18 12.241310
14 19 12.986991
14 20 13.110002
14 21 13.749060
14 22 13.082363
14 23 13.113992
14 24 12.139353
14 25 14.216250
14 26 11.245337
14 27 14.574917
14 28 12.437147
14 29 12.613888
14 30 13.608032
14 31 11.747843
14 32 14.057765
14 33 11.861209
14 34 13.523833
14 35 10.926159
14 36 14.728499
14 37 13.657081
14 38 13.674640
14 39 11.716904
14 40 13.331185
14 41 13.940696
14 42 12.635791
14 43 11.870502
14 44 11.563971
14 45 14.400809
14 46 14.323422
14 47 10.935211
14 48 11.667177
14 49 14.799669
14 50 12.072505
14 51 12.263687
14 52 11.552529
14 53 14.133729
14 54 12.881803
14 55 11.328212
14 56 13.091280
14 57 11.360546
14 58 14.435758
14 59 11.349385
14 60 13.984539
14 61 11.271347
14 62 13.637875
14 63 13.055373
14 64 13.346861
14 65 14.121882
14 66 11.904953
14 67 13.222533
14 68 12.526524
14 69 12.629985
14 70 13.303307
14 71 12.382863
14 72 14.261164
14 73 13.043854
14 74 11.248629
14 75 13.284481
14 76 12.873479
14 77 14.764675
14 78 12.942166
14 79 13.898132
14 80 12.773379
14 81 12.686312
14 82 12.093808
14 83 14.224642
14 84 12.786131
14 85 13.932458
14 86 13.335689
14 87 13.731385
14 88 13.281981
14 89 14.154184
14 90 11.941809
14 91 11.245945
14 92 13.576310
14 93 12.610299
14 94 10.967535
14 95 11.640167
14 96 14.321445
14 97 13.581745
14 98 12.892953
14 99 13.519277
14 100 13.384930
14 101 13.550946
14 102 13.147178
14 103 12.490237
14 104 11.199827
14 105 14.043701
14 106 13.551446
14 107 13.710511
14 108 13.807555
14 109 11.105483
14 110 11.352681
14 111 13.797205
14 112 12.763093
14 113 12.014200
14 114 14.161459
14 115 11.587209
14 116 14.181076
14 117 10.955533
14 118 12.907590
14 119 11.351516
14 120 11.859878
14 121 12.481753
14 122 13.479187
14 123 12.150616
14 124 14.121312
14 125 11.502407
14 126 11.646618
14 127 14.497084
14 128 12.180946
14 129 13.432221
14 130 12.168111
14 131 13.311662
14 132 12.821099
14 133 12.170903
14 134 12.561686
14 135 11.212904
14 136 11.293449
14 137 10.952336
14 138 11.531273
14 139 11.951564
14 140 13.627810
14 141 13.032803
14 142 12.054284
14 143 13.814796
14 144 12.761160
14 145 14.447052
14 146 12.859084
14 147 14.054337
14 148 13.076965
14 149 12.945829
14 150 12.456487
14 151 13.662411
14 152 12.132468
14 153 13.343708
14 154 14.062012
14 155 14.325886
14 156 11.105938
14 157 12.348979
14 158 12.174667
14 159 12.776530
14 160 11.856923
14 161 14.527662
14 162 12.715182
14 163 14.013921
14 164 14.043895
14 165 13.870752
14 166 12.927099
14 167 14.104510
14 168 11.936012
14 169 12.519176
14 170 10.947128
14 171 14.129684
14 172 12.313916
14 173 12.762189
14 174 13.057190
14 175 13.686561
14 176 14.059748
14 177 13.505164
14 178 11.678305
14 179 12.644102
14 180 13.516895
14 181 12.225659
14 182 12.469427
14 183 14.636994
14 184 13.711601
14 185 13.581631
14 186 11.819876
14 187 12.450869
14 188 14.778154
14 189 14.742458
14 190 13.825965
14 191 14.279752
14 192 10.920906
14 193 13.221487
14 194 12.272180
14 195 13.752276
14 196 13.182005
14 197 12.390199
14 198 13.399914
14 199 13.887717
14 200 13.580498
15 0 11.195429
15 1 11.011579
15 2 13.140582
15 3 12.895401
15 4 11.398433
15 5 11.098244
15 6 13.495010
15 7 11.080654
15 8 13.508131
15 9 14.556429
15 10 11.172721
15 11 12.349094
15 12 14.121357
15 13 12.270560
15 14 14.741891
15 16 14.735496
15 17 12.741429
15 18 12.725670
15 19 11.655214
15 20 13.079610
15 21 12.105269
15 22 11.029410
15 23 12.031528
15 24 12.453513
15 25 14.102904
15 26 14.790138
15 27 11.987643
15 28 11.443390
15 29 12.283687
15 30 14.289675
15 31 11.811456
15 32 11.999732
15 33 13.352155
15 34 11.440389
15 35 12.755274
15 36 12.670189
15 37 14.070145
15 38 14.181092
15 39 13.395058
15 40 14.527892
15 41 12.229655
15 42 11.566138
15 43 11.340134
15 44 14.028351
15 45 14.249642
15 46 14.679170
15 47 14.325875
15 48 10.920960
15 49 13.235899
15 50 14.594628
15 51 11.407938
15 52 12.707132
15 53 13.804139
15 54 13.185588
15 55 11.640490
15 56 13.510171
15 57 10.945678
15 58 12.001134
15 59 13.576669
15 60 13.782270
15 61 12.657817
15 62 14.377355
15 63 13.777360
15 64 13.269147
15 65 11.685722
15 66 12.743802
15 67 12.908333
15 68 11.577626
15 69 13.355401
15 70 13.592174
15 71 13.970867
15 72 14.535961
15 73 14.414946
15 74 13.829451
15 75 13.985935
15 76 11.012745
15 77 12.067612
15 78 14.435723
15 79 12.146942
15 80 13.372462
15 81 13.467079
15 82 11.856501
15 83 12.149915
15 84 11.128700
15 85 13.937665
15 86 13.972170
15 87 14.535286
15 88 13.289466
15 89 11.850938
15 90 11.876810
15 91 12.134561
15 92 11.363051
15 93 12.087346
15 94 14.672509
15 95 11.907159
15 96 14.654668
15 97 11.927963
15 98 13.465488
15 99 14.538818
15 100 11.216866
15 101 11.168258
15 102 13.940287
15 103 14.326557
15 104 11.661318
15 105 11.805984
15 106 12.907179
15 107 13.543851
15 108 14.622827
15 109 13.092179
15 110 12.053654
15 111 14.077430
15 112 14.050717
15 113 12.777093
15 114 13.637111
15 115 12.843466
15 116 11.995278
15 117 11.791009
15 118 11.780957
15 119 13.983761
15 120 12.770574
15 121 13.686976
15 122 11.283155
15 123 13.055996
15 124 14.763191
15 125 12.245418
15 126 12.338925
15 127 11.619430
15 128 14.315460
15 129 11.425184
15 130 11.769157
15 131 12.016399
15 132 11.795975
15 133 14.685637
15 134 14.079934
15 135 14.046101
15 136 14.215768
15 137 11.281855
15 138 12.983504
15 139 11.693158
15 140 13.919938
15 141 13.372957
15 142 11.724969
15 143 12.900139
15 144 14.687105
15 145 12.746980
15 146 12.031593
15 147 14.106683
15 148 13.749674
15 149 13.008430
15 150 14.011015
15 151 12.625673
15 152 13.184833
15 153 13.795804
15 154 11.426088
15 155 11.566316
15 156 14.584487
15 157 14.334360
15 158 11.717672
15 159 12.216999
15 160 11.459512
15 161 11.346220
15 162 13.074013
15 163 12.549867
15 164 11.832768
15 165 13.690646
15 166 11.025203
15 167 13.984931
15 168 11.743177
15 169 11.480334
15 170 11.255891
15 171 14.008942
15 172 13.071928
15 173 14.276222
15 174 12.072716
15 175 14.106528
15 176 12.949064
15 177 13.859723
15 178 13.415409
15 179 14.730807
15 180 12.394607
15 181 12.771412
15 182 11.645410
15 183 12.936796
15 184 13.803441
15 185 14.485302
15 186 12.326213
15 187 13.853070
15 188 10.969552
15 189 12.122470
15 190 13.558524
15 191 14.768633
15 192 14.750049
15 193 13.010654
15 194 11.061199
15 195 12.722888
15 196 12.809275
15 197 13.787163
15 198 14.620737
15 199 13.797620
15 200 11.762672
16 0 12.774633
16 1 11.311273
16 2 11.157441
16 3 12.179765
16 4 14.392354
16 5 12.404762
16 6 14.065707
16 7 14.813476
16 8 11.650295
16 9 13.148991
16 10 11.996485
16 11 12.632253
16 12 13.737645
16 13 13.297444
16 14 11.069643
16 15 14.735496
16 17 11.150138
16 18 13.433253
16 19 13.415366
16 20 12.567105
16 21 13.880039
16 22 14.447966
16 23 11.877455
16 24 11.183458
16 25 14.248581
16 26 12.541927
16 27 13.700637
16 28 13.811992
16 29 13.443225
16 30 11.156880
16 31 11.627493
16 32 11.084454
16 33 12.481076
16 34 11.017758
16 35 14.775182
16 36 12.301813
16 37 12.636757
16 38 13.238336
16 39 13.433738
16 40 14.435890
16 41 11.866617
16 42 12.244079
16 43 12.212942
16 44 12.863385
16 45 10.936678
16 46 11.634200
16 47 12.807804
16 48 13.824064
16 49 13.224455
16 50 11.765654
16 51 11.170593
16 52 13.434318
16 53 12.853387
16 54 11.822556
16 55 12.228192
16 56 11.713848
16 57 11.937013
16 58 13.636838
16 59 11.958994
16 60 14.467051
16 61 12.351908
16 62 11.131773
16 63 13.231014
16 64 14.499243
16 65 14.050037
16 66 13.934658
16 67 13.420154
16 68 14.341652
16 69 13.062578
16 70 11.341296
16 71 11.056444
16 72 12.469871
16 73 11.103735
16 74 11.203905
16 75 13.801068
16 76 11.884329
16 77 11.794094
16 78 13.629294
16 79 12.341445
16 80 12.619262
16 81 13.711413
16 82 14.315317
16 83 11.816118
16 84 14.187050
16 85 11.641798
16 86 14.784633
16 87 11.762429
16 88 11.516030
16 89 14.691087
16 90 12.645832
16 91 14.500596
16 92 13.959820
16 93 12.089417
16 94 12.697503
16 95 10.988983
16 96 11.934787
16 97 11.192432
16 98 14.229023
16 99 14.669808
16 100 14.107515
16 101 12.418800
16 102 12.367922
16 103 12.027077
16 104 14.388427
16 105 13.801778
16 106 14.531222
16 107 13.700866
16 108 13.664371
16 109 11.392869
16 110 11.027802
16 111 13.112867
16 112 11.798438
16 113 12.752637
16 114 13.848962
16 115 13.903043
16 116 13.344453
16 117 11.962597
16 118 11.877371
16 119 12.401177
16 120 11.458702
16 121 11.160320
16 122 12.172567
16 123 13.356962
16 124 13.112937
16 125 13.701628
16 126 12.100007
16 127 14.137567
16 128 14.810668
16 129 12.574333
16 130 11.292091
16 131 13.093190
16 132 14.306113
16 133 14.418110
16 134 14.617481
16 135 12.651938
16 136 11.472933
16 137 13.288315
16 138 11.762374
16 139 12.017936
16 140 12.571605
16 141 11.884211
16 142 14.456503
16 143 12.990484
16 144 12.459731
16 145 11.272623
16 146 14.371355
16 147 12.485989
16 148 13.014694
16 149 14.575606
16 150 13.378434
16 151 12.461388
16 152 11.397834
16 153 11.647723
16 154 11.971807
16 155 13.950813
16 156 13.443562
16 157 11.405779
16 158 13.790618
16 159 14.664375
16 160 13.364502
16 161 14.672525
16 162 12.647681
16 163 12.092793
16 164 13.702271
16 165 13.723555
16 166 12.759985
16 167 13.361265
16 168 13.409871
16 169 11.416340
16 170 14.458084
16 171 13.143092
16 172 13.718758
16 173 13.861326
16 174 12.799360
16 175 11.683181
16 176 12.458043
16 177 12.951732
16 178 11.355273
16 179 13.863768
16 180 12.803479
16 181 12.340251
16 182 12.168429
16 183 11.694685
16 184 11.822700
16 185 14.776260
16 186 11.261706
16 187 11.795174
16 188 13.327298
16 189 12.025211
16 190 11.378612
16 191 11.388249
16 192 11.622027
16 193 12.712944
16 194 11.216632
16 195 11.450604
16 196 13.579362
16 197 11.215056
16 198 12.589839
16 199 11.828941
16 200 13.792868
17 0 14.530065
17 1 14.077773
17 2 11.941656
17 3 14.479726
17 4 14.337469
17 5 13.405177
17 6 11.468833
17 7 12.353993
17 8 14.351544
17 9 14.491265
17 10 14.750255
17 11 11.808033
17 12 11.538688
17 13 13.145506
17 14 12.388408
17 15 12.741429
17 16 11.150138
17 18 11.578049
17 19 13.786543
17 20 10.948548
17 21 13.782292
17 22 14.632786
17 23 11.561408
17 24 11.987637
17 25 11.405745
17 26 12.058023
17 27 13.206650
17 28 12.529500
17 29 12.237368
17 30 12.102180
17 31 13.102335
17 32 11.918553
17 33 14.340472
17 34 11.662563
17 35 13.805550
17 36 14.131512
17 37 11.631034
17 38 13.129966
17 39 13.398156
17 40 13.885461
17 41 13.598969
17 42 12.739894
17 43 10.942019
17 44 12.808248
17 45 14.654757
17 46 13.381485
17 47 14.685244
17 48 13.076336
17 49 11.612548
17 50 11.467794
17 51 13.769699
17 52 14.036778
17 53 12.331185
17 54 13.465961
17 55 11.078257
17 56 14.444422
17 57 12.086494
17 58 14.353707
17 59 12.902192
17 60 13.357625
17 61 11.565433
17 62 11.414014
17 63 13.340256
17 64 12.820523
17 65 12.849127
17 66 13.989429
17 67 11.307068
17 68 13.267767
17 69 14.151253
17 70 14.698737
17 71 13.741070
17 72 11.703020
17 73 11.105389
17 74 14.325666
17 75 12.390147
17 76 13.828192
17 77 11.232990
17 78 11.304928
17 79 14.615062
17 80 12.680433
17 81 14.706474
17 82 14.289962
17 83 14.793432
17 84 11.189293
17 85 13.004773
17 86 14.614191
17 87 13.266836
17 88 13.308150
17 89 12.046100
17 90 13.198666
17 91 13.635302
17 92 13.851220
17 93 14.411226
17 94 13.313440
17 95 11.103418
17 96 12.595565
17 97 13.308885
17 98 11.805846
17 99 12.622143
17 100 11.697291
17 101 11.558091
17 102 14.316781
17 103 14.425586
17 104 12.358259
17 105 14.339775
17 106 11.072976
17 107 11.850900
17 108 13.503072
17 109 12.617107
17 110 13.166373
17 111 12.314350
17 112 11.538938
17 113 13.946868
17 114 12.933670
17 115 12.643139
17 116 13.486839
17 117 13.869692
17 118 12.181040
17 119 12.151355
17 120 12.834794
17 121 14.402592
17 122 13.013323
17 123 14.497680
17 124 11.884107
17 125 13.187924
17 126 12.206179
17 127 14.221427
17 128 11.400349
17 129 13.462358
17 130 11.339529
17 131 11.906767
17 132 14.494476
17 133 11.674091
17 134 12.714373
17 135 14.456649
17 136 13.975957
17 137 11.519786
17 138 13.783344
17 139 13.772673
17 140 13.866489
17 141 11.835263
17 142 13.279985
17 143 12.963545
17 144 11.375596
17 145 12.088696
17 146 12.116834
17 147 11.621524
17 148 10.992035
17 149 13.262677
17 150 12.210295
17 151 13.725947
17 152 13.809337
17 153 11.239508
17 154 11.581307
17 155 13.404547
17 156 13.434865
17 157 12.594389
17 158 12.023421
17 159 11.155542
17 160 13.807475
17 161 12.653850
17 162 14.560921
17 163 12.545703
17 164 13.791479
17 165 14.454338
17 166 13.842895
17 167 13.610870
17 168 13.674912
17 169 12.339626
17 170 13.769406
17 171 14.596061
17 172 11.645517
17 173 13.329919
17 174 14.592023
17 175 14.099923
17 176 11.475301
17 177 13.213147
17 178 13.812170
17 179 14.761913
17 180 11.864438
17 181 13.311694
17 182 12.223814
17 183 11.505981
17 184 12.317885
17 185 13.103210
17 186 13.167392
17 187 14.277226
17 188 11.351136
17 189 13.830725
17 190 13.566585
17 191 11.055753
17 192 11.800571
17 193 12.504206
17 194 14.164300
17 195 12.294634
17 196 11.757661
17 197 12.793672
17 198 14.392866
17 199 10.929236
17 200 13.746756
18 0 12.106514
18 1 13.454019
18 2 12.727068
18 3 13.533820
18 4 11.870053
18 5 14.405344
18 6 13.043487
18 7 13.990633
18 8 14.650829
18 9 12.326622
18 10 11.197152
18 11 13.632640
18 12 13.532624
18 13 11.460932
18 14 12.241310
18 15 12.725670
18 16 13.433253
18 17 11.578049
18 19 12.091383
18 20 12.947764
18 21 14.691523
18 22 13.266817
18 23 13.186371
18 24 13.371485
18 25 13.492590
18 26 13.798899
18 27 12.220747
18 28 13.221347
18 29 14.207531
18 30 14.126642
18 31 12.671236
18 32 11.461798
18 33 14.045582
18 34 13.598806
18 35 11.102581
18 36 11.336228
18 37 13.973442
18 38 13.606938
18 39 14.287956
18 40 13.596104
18 41 11.815649
18 42 13.344278
18 43 11.659473
18 44 11.158172
18 45 12.715173
18 46 12.352190
18 47 14.120205
18 48 14.553472
18 49 13.168245
18 50 11.132919
18 51 12.096634
18 52 11.779819
18 53 14.507425
18 54 13.060191
18 55 12.129859
18 56 13.348364
18 57 14.093719
18 58 14.425054
18 59 11.498747
18 60 12.562875
18 61 11.734584
18 62 12.999917
18 63 14.687471
18 64 11.538879
18 65 13.616303
18 66 14.707586
18 67 14.038294
18 68 11.787400
18 69 14.027299
18 70 11.364625
18 71 11.101654
18 72 12.976725
18 73 11.812935
18 74 14.625762
18 75 12.945589
18 76 12.664781
18 77 11.003742
18 78 12.811050
18 79 12.413388
18 80 12.777394
18 81 12.708402
18 82 14.156545
18 83 14.710414
18 84 12.537472
18 85 14.626522
18 86 13.474639
18 87 11.403042
18 88 11.277827
18 89 14.697210
18 90 14.219017
18 91 11.338511
18 92 13.274597
18 93 14.198169
18 94 14.637367
18 95 11.099030
18 96 11.857209
18 97 14.378634
18 98 12.037177
18 99 12.278078
18 100 13.244961
18 101 11.158194
18 102 14.051145
18 103 13.804742
18 104 12.408958
18 105 14.226029
18 106 11.288497
18 107 11.444453
18 108 14.492806
18 109 14.781615
18 110 11.521779
18 111 11.786435
18 112 12.387689
18 113 11.025833
18 114 11.361733
18 115 12.301137
18 116 14.361704
18 117 13.113407
18 118 11.230165
18 119 13.231805
18 120 12.573395
18 121 12.318173
18 122 14.133345
18 123 14.226479
18 124 13.592061
18 125 11.356858
18 126 11.173800
18 127 12.356539
18 128 12.028948
18 129 12.728647
18 130 11.871001
18 131 12.418290
18 132 12.081832
18 133 13.284259
18 134 14.375219
18 135 13.659117
18 136 11.501696
18 137 13.988403
18 138 11.172072
18 139 13.389237
18 140 13.273003
18 141 12.400092
18 142 12.738818
18 143 14.065964
18 144 13.696440
18 145 14.478687
18 146 12.370312
18 147 12.318198
18 148 12.006084
18 149 10.999248
18 150 14.702228
18 151 12.715288
18 152 11.632968
18 153 13.907015
18 154 13.507418
18 155 13.699203
18 156 12.713868
18 157 11.191945
18 158 14.537930
18 159 13.701144
18 160 11.551165
18 161 14.691833
18 162 11.666135
18 163 14.393404
18 164 12.204391
18 165 13.158303
18 166 13.376261
18 167 11.827269
18 168 13.820325
18 169 12.168874
18 170 11.131000
18 171 11.964072
18 172 11.653128
18 173 14.758306
18 174 14.433959
18 175 11.666344
18 176 11.612924
18 177 13.734751
18 178 14.649382
18 179 11.349230
18 180 14.268042
18 181 14.680498
18 182 13.894988
18 183 13.563065
18 184 11.413137
18 185 13.114384
18 186 12.960081
18 187 13.034785
18 188 14.559934
18 189 11.441880
18 190 13.562901
18 191 12.453740
18 192 12.776307
18 193 13.327832
18 194 11.782570
18 195 12.536462
18 196 13.709121
18 197 13.596261
18 198 11.704853
18 199 12.531447
18 200 13.404927
19 0 14.066183
19 1 12.445293
19 2 12.782442
19 3 12.764675
19 4 12.120212
19 5 11.620925
19 6 11.212034
19 7 12.377319
19 8 12.980309
19 9 14.498627
19 10 14.487205
19 11 12.219232
19 12 12.305625
19 13 14.469534
19 14 12.986991
19 15 11.655214
19 16 13.415366
19 17 13.786543
19 18 12.091383
19 20 13.827704
19 21 10.938787
19 22 13.311067
19 23 10.959309
19 24 13.114789
19 25 12.634980
19 26 11.233705
19 27 13.524878
19 28 14.743450
19 29 14.590622
19 30 13.620926
19 31 12.645949
19 32 11.604876
19 33 12.309027
19 34 12.889477
19 35 11.314748
19 36 13.585615
19 37 11.041985
19 38 11.291835
19 39 13.508063
19 40 12.845664
19 41 10.932421
19 42 12.623821
19 43 11.654487
19 44 13.380106
19 45 14.787453
19 46 13.973972
19 47 12.580153
19 48 12.230652
19 49 12.651117
19 50 12.637383
19 51 12.843952
19 52 11.242956
19 53 13.477293
19 54 14.011858
19 55 12.747213
19 56 14.100655
19 57 12.915794
19 58 12.860017
19 59 12.455237
19 60 14.438803
19 61 13.182179
19 62 12.485355
19 63 11.704415
19 64 13.788429
19 65 12.646682
19 66 13.060626
19 67 13.911296
19 68 14.383622
19 69 11.017388
19 70 14.724611
19 71 13.459414
19 72 11.402559
19 73 11.742649
19 74 11.476647
19 75 11.270205
19 76 13.731570
19 77 14.027078
19 78 14.662858
19 79 14.101992
19 80 13.615300
19 81 14.599748
19 82 11.553462
19 83 12.353697
19 84 12.349614
19 85 13.926097
19 86 12.072521
19 87 12.391109
19 88 13.823958
19 89 14.700561
19 90 11.315803
19 91 14.340225
19 92 13.303791
19 93 13.622779
19 94 13.304909
19 95 11.179918
19 96 11.844219
19 97 11.253046
19 98 14.100899
19 99 12.012386
19 100 14.710008
19 101 13.795903
19 102 13.323612
19 103 14.167117
19 104 11.448334
19 105 12.211919
19 106 14.206584
19 107 14.623102
19 108 13.888920
19 109 12.572914
19 110 11.564558
19 111 11.089720
19 112 13.331011
19 113 14.770035
19 114 13.488341
19 115 11.944913
19 116 10.941650
19 117 12.695269
19 118 13.406115
19 119 13.681630
19 120 14.677505
19 121 14.215599
19 122 13.082989
19 123 12.205695
19 124 11.862498
19 125 13.865346
19 126 14.643920
19 127 14.450422
19 128 14.744114
19 129 11.849077
19 130 13.611453
19 131 13.659712
19 132 14.269694
19 133 13.177666
19 134 12.934323
19 135 11.720103
19 136 13.621915
19 137 14.581729
19 138 14.600802
19 139 14.403511
19 140 14.537508
19 141 14.488279
19 142 13.146034
19 143 13.056047
19 144 14.786495
19 145 12.599082
19 146 13.607197
19 147 13.665368
19 148 13.713497
19 149 14.347643
19 150 12.495834
19 151 13.740620
19 152 11.105587
19 153 14.505953
19 154 13.322927
19 155 14.358459
19 156 13.307908
19 157 10.959848
19 158 11.417850
19 159 11.847923
19 160 13.544931
19 161 12.821407
19 162 12.208915
19 163 13.470821
19 164 12.459109
19 165 13.012627
19 166 14.513290
19 167 13.390599
19 168 13.608665
19 169 13.110460
19 170 14.287113
19 171 13.025773
19 172 14.789490
19 173 13.822421
19 174 13.474924
19 175 11.147247
19 176 13.392179
19 177 12.843527
19 178 13.424317
19 179 13.931038
19 180 12.226627
19 181 11.422090
19 182 13.500792
19 183 13.373647
19 184 13.215710
19 185 12.804377
19 186 11.668819
19 187 11.585994
19 188 12.935219
19 189 14.245886
19 190 14.533698
19 191 11.899005
19 192 12.833310
19 193 14.665157
19 194 14.303725
19 195 13.186900
19 196 10.996793
19 197 11.574779
19 198 12.341325
19 199 14.089925
19 200 13.307593
20 0 12.348490
20 1 11.941397
20 2 11.849615
20 3 13.780179
20 4 11.020095
20 5 14.488462
20 6 12.979991
20 7 11.099679
20 8 11.549160
20 9 11.433508
20 10 13.583943
20 11 12.415920
20 12 13.939693
20 13 13.287513
20 14 13.110002
20 15 13.079610
20 16 12.567105
20 17 10.948548
20 18 12.947764
20 19 13.827704
20 21 13.528353
20 22 12.609540
20 23 13.279455
20 24 12.239865
20 25 12.393171
20 26 13.677584
20 27 10.993885
20 28 13.132269
20 29 12.754402
20 30 12.866529
20 31 13.134075
20 32 14.206930
20 33 10.968261
20 34 14.612230
20 35 11.748499
20 36 10.993301
20 37 11.313030
20 38 13.343295
20 39 14.772894
20 40 14.113717
20 41 14.655067
20 42 14.448686
20 43 12.969110
20 44 14.400871
20 45 10.968770
20 46 11.499381
20 47 13.150527
20 48 14.709636
20 49 14.181027
20 50 14.259583
20 51 11.884611
20 52 12.706548
20 53 13.009282
20 54 11.723413
20 55 13.110139
20 56 12.250619
20 57 11.496673
20 58 14.732988
20 59 13.420531
20 60 14.006103
20 61 12.673337
20 62 14.611475
20 63 14.108307
20 64 14.172265
20 65 13.082437
20 66 13.704609
20 67 11.872728
20 68 14.170549
20 69 12.383941
20 70 10.995254
20 71 14.086358
20 72 13.698437
20 73 12.183032
20 74 12.547389
20 75 12.328649
20 76 12.205321
20 77 14.647792
20 78 12.554841
20 79 13.459139
20 80 13.492280
20 81 14.659996
20 82 11.476625
20 83 11.370567
20 84 11.352097
20 85 11.763313
20 86 12.723025
20 87 12.983861
20 88 11.923006
20 89 11.268328
20 90 12.168119
20 91 13.341148
20 92 11.450372
20 93 14.447850
20 94 12.396731
20 95 13.354002
20 96 12.086316
20 97 12.879775
20 98 11.632097
20 99 13.770356
20 100 13.945927
20 101 13.985991
20 102 11.505095
20 103 13.535035
20 104 11.224796
20 105 11.400988
20 106 12.167991
20 107 11.969160
20 108 13.461076
20 109 11.826323
20 110 11.565729
20 111 10.927335
20 112 11.281323
20 113 13.530026
20 114 11.749289
20 115 11.102661
20 116 11.461624
20 117 13.026441
20 118 12.216297
20 119 11.270434
20 120 13.875047
20 121 11.854031
20 122 12.691379
20 123 13.636875
20 124 10.976331
20 125 11.609896
20 126 11.617969
20 127 12.345128
20 128 14.363342
20 129 11.097870
20 130 12.002770
20 131 13.563569
20 132 14.665020
20 133 10.972502
20 134 11.534434
20 135 11.751019
20 136 11.954801
20 137 13.936526
20 138 13.832003
20 139 12.959905
20 140 11.174588
20 141 12.790998
20 142 12.586329
20 143 13.924314
20 144 11.767723
20 145 11.216675
20 146 11.796367
20 147 13.366614
20 148 11.650139
20 149 13.210128
20 150 12.518040
20 151 14.564877
20 152 12.777531
20 153 14.133565
20 154 13.329532
20 155 14.191564
20 156 12.874967
20 157 13.381912
20 158 12.448847
20 159 14.527827
20 160 12.894747
20 161 12.894587
20 162 13.720054
20 163 13.435369
20 164 13.006389
20 165 11.855345
20 166 12.582851
20 167 13.885879
20 168 13.532558
20 169 12.520664
20 170 10.949433
20 171 13.893630
20 172 11.458751
20 173 11.155374
20 174 14.431151
20 175 11.818917
20 176 12.803579
20 177 14.653129
20 178 12.895150
20 179 13.704625
20 180 13.186440
20 181 13.726385
20 182 12.249390
20 183 14.545707
20 184 12.671122
20 185 14.484360
20 186 13.756701
20 187 13.820817
20 188 12.329541
20 189 13.854826
20 190 14.093368
20 191 14.521905
20 192 11.413125
20 193 14.061427
20 194 13.919081
20 195 14.612573
20 196 12.848165
20 197 12.191123
20 198 14.613967
20 199 13.625257
20 200 11.426772
21 0 12.377568
21 1 11.782534
21 2 13.556674
21 3 14.540517
21 4 11.789498
21 5 11.006622
21 6 14.556404
21 7 11.826505
21 8 13.688083
21 9 11.549058
21 10 11.766346
21 11 11.170963
21 12 11.563482
21 13 13.340014
21 14 13.749060
21 15 12.105269
21 16 13.880039
21 17 13.782292
21 18 14.691523
21 19 10.938787
21 20 13.528353
21 22 12.441331
21 23 13.890669
21 24 11.558141
21 25 13.556503
21 26 13.823687
21 27 11.978710
21 28 14.024078
21 29 11.101479
21 30 12.041042
21 31 13.423952
21 32 11.300202
21 33 13.187782
21 34 14.150961
21 35 11.497995
21 36 12.674241
21 37 13.172399
21 38 14.716424
21 39 12.588863
21 40 11.398797
21 41 11.919278
21 42 12.545929
21 43 13.710852
21 44 11.655358
21 45 11.152345
21 46 13.687207
21 47 13.548969
21 48 11.205058
21 49 13.454459
21 50 14.727259
21 51 13.198403
21 52 14.416542
21 53 11.297199
21 54 13.785302
21 55 11.652298
21 56 13.124897
21 57 14.003147
21 58 13.222059
21 59 14.595467
21 60 13.279039
21 61 14.503095
21 62 13.562200
21 63 13.684408
21 64 13.545005
21 65 13.302943
21 66 12.899232
21 67 13.357690
21 68 12.679171
21 69 14.095653
21 70 12.828137
21 71 14.136446
21 72 13.733429
21 73 12.506153
21 74 13.745269
21 75 12.708850
21 76 14.253165
21 77 11.697131
21 78 11.076909
21 79 13.528788
21 80 14.719599
21 81 12.408964
21 82 13.812865
21 83 14.199801
21 84 12.643265
21 85 12.945799
21 86 14.282091
21 87 13.493295
21 88 12.549584
21 89 14.199366
21 90 11.256143
21 91 13.266489
21 92 14.450418
21 93 11.134578
21 94 11.214343
21 95 12.083391
21 96 14.160378
21 97 13.160849
21 98 11.377256
21 99 11.343551
21 100 13.859085
21 101 13.256415
21 102 11.372180
21 103 13.425973
21 104 12.466691
21 105 13.264404
21 106 12.117990
21 107 12.420006
21 108 14.777072
21 109 12.169698
21 110 13.141176
21 111 13.607179
21 112 13.040061
21 113 12.922111
21 114 13.454585
21 115 13.965467
21 116 12.928108
21 117 12.850546
21 118 14.493025
21 119 11.205910
21 120 13.710699
21 121 14.704514
21 122 12.152177
21 123 14.266704
21 124 14.138780
21 125 11.369601
21 126 14.168039
21 127 11.914981
21 128 11.843969
21 129 13.240246
21 130 11.557625
21 131 13.329358
21 132 13.204200
21 133 11.627261
21 134 12.713781
21 135 11.597925
21 136 13.509736
21 137 13.433479
21 138 12.428318
21 139 11.585230
21 140 13.642272
21 141 11.742933
21 142 12.504910
21 143 14.601228
21 144 12.361222
21 145 11.489756
21 146 13.118612
21 147 11.248753
21 148 14.386613
21 149 12.326470
21 150 12.959637
21 151 14.295435
21 152 14.810374
21 153 13.472563
21 154 11.388053
21 155 14.289615
21 156 12.312243
21 157 13.857785
21 158 13.013390
21 159 12.285295
21 160 11.564077
21 161 14.708342
21 162 13.650022
21 163 14.602626
21 164 14.306381
21 165 12.093593
21 166 14.490424
21 167 13.841893
21 168 12.759410
21 169 11.370908
21 170 12.666457
21 171 13.916761
21 172 12.338665
21 173 12.613801
21 174 11.493882
21 175 10.991928
21 176 11.566571
21 177 11.075959
21 178 12.999631
21 179 13.655074
21 180 14.280250
21 181 11.086191
21 182 13.343881
21 183 11.162868
21 184 13.303241
21 185 13.858391
21 186 12.301932
21 187 12.187594
21 188 12.157378
21 189 13.679625
21 190 14.512931
21 191 14.244126
21 192 14.007694
21 193 14.734005
21 194 14.232763
21 195 11.991097
21 196 14.557545
21 197 13.117306
21 198 13.121204
21 199 12.555219
21 200 13.744404
22 0 11.748316
22 1 12.105538
22 2 11.569267
22 3 11.634977
22 4 11.674693
22 5 13.100126
22 6 12.151913
22 7 13.844521
22 8 11.399522
22 9 12.563278
22 10 12.120845
22 11 14.076122
22 12 13.323755
22 13 11.183509
22 14 13.082363
22 15 11.029410
22 16 14.447966
22 17 14.632786
22 18 13.266817
22 19 13.311067
22 20 12.609540
22 21 12.441331
22 23 10.982062
22 24 14.459026
22 25 12.311606
22 26 10.963776
22 27 13.156728
22 28 12.494209
22 29 12.577411
22 30 14.746424
22 31 13.874845
22 32 14.796943
22 33 12.069131
22 34 11.792194
22 35 11.674608
22 36 13.345807
22 37 13.199533
22 38 13.355194
22 39 14.646153
22 40 13.709091
22 41 11.864020
22 42 14.666744
22 43 12.577959
22 44 13.791082
22 45 11.821218
22 46 13.906503
22 47 12.880535
22 48 13.363678
22 49 13.359155
22 50 14.402562
22 51 11.014127
22 52 11.311832
22 53 12.963979
22 54 13.155636
22 55 12.636939
22 56 12.757682
22 57 13.856599
22 58 14.738201
22 59 12.240761
22 60 14.676320
22 61 13.621073
22 62 11.452515
22 63 10.945928
22 64 12.810019
22 65 13.425927
22 66 11.961117
22 67 13.987792
22 68 13.638133
22 69 13.321392
22 70 13.301953
22 71 11.269069
22 72 12.518713
22 73 14.207180
22 74 13.358232
22 75 12.307938
22 76 11.325944
22 77 13.532150
22 78 12.638305
22 79 11.305539
22 80 11.806950
22 81 12.529535
22 82 14.533827
22 83 12.058396
22 84 14.579263
22 85 11.892548
22 86 12.292096
22 87 11.735128
22 88 14.102410
22 89 12.931061
22 90 14.124157
22 91 12.620416
22 92 12.918709
22 93 12.916927
22 94 12.651908
22 95 10.948516
22 96 13.493117
22 97 13.618759
22 98 11.919457
22 99 12.009959
22 100 13.698105
22 101 14.546375
22 102 14.653362
22 103 14.416031
22 104 12.591600
22 105 11.701302
22 106 11.251376
22 107 11.249311
22 108 13.257750
22 109 14.480701
22 110 14.053875
22 111 13.159836
22 112 11.241319
22 113 13.389989
22 114 13.680029
22 115 11.970514
22 116 13.842001
22 117 14.461902
22 118 12.954347
22 119 11.630574
22 120 14.774102
22 121 12.245115
22 122 14.732615
22 123 13.248655
22 124 11.814098
22 125 14.337038
22 126 12.270606
22 127 11.775286
22 128 11.389183
22 129 11.784297
22 130 11.655480
22 131 11.883196
22 132 11.179772
22 133 12.119422
22 134 12.391787
22 135 11.677686
22 136 14.255892
22 137 14.446361
22 138 13.373207
22 139 12.227112
22 140 12.272227
22 141 14.169035
22 142 11.054346
22 143 13.178493
22 144 11.783000
22 145 14.188398
22 146 11.085214
22 147 14.053016
22 148 11.015839
22 149 14.210592
22 150 12.619463
22 151 11.744896
22 152 13.028765
22 153 14.576097
22 154 12.738912
22 155 11.411237
22 156 12.479890
22 157 12.073164
22 158 13.374986
22 159 14.450506
22 160 13.189079
22 161 13.832518
22 162 12.909680
22 163 14.122629
22 164 11.752088
22 165 14.104971
22 166 11.812111
22 167 10.985398
22 168 12.395612
22 169 12.192096
22 170 13.939475
22 171 11.361782
22 172 12.819460
22 173 13.548725
22 174 12.081273
22 175 14.048721
22 176 13.625037
22 177 14.507412
22 178 12.395684
22 179 13.094821
22 180 14.805112
22 181 13.328167
22 182 12.245912
22 183 12.131391
22 184 13.407132
22 185 14.203860
22 186 12.572530
22 187 11.431828
22 188 14.371940
22 189 10.921503
22 190 11.883719
22 191 11.526868
22 192 11.017404
22 193 11.587083
22 194 12.781461
22 195 14.461433
22 196 13.455265
22 197 14.348489
22 198 14.630506
22 199 14.765135
22 200 12.719543
23 0 12.112629
23 1 14.155540
23 2 14.038909
23 3 11.072288
23 4 14.279162
23 5 13.865668
23 6 12.931950
23 7 11.208865
23 8 11.692614
23 9 12.535969
23 10 13.108544
23 11 11.522016
23 12 13.200636
23 13 13.870944
23 14 13.113992
23 15 12.031528
23 16 11.877455
23 17 11.561408
23 18 13.186371
23 19 10.959309
23 20 13.279455
23 21 13.890669
23 22 10.982062
23 24 13.367844
23 25 14.263701
23 26 11.764768
23 27 12.831710
23 28 13.858340
23 29 11.313396
23 30 11.151229
23 31 13.958138
23 32 13.659995
23 33 11.380300
23 34 13.371879
23 35 12.555529
23 36 12.049045
23 37 11.708517
23 38 13.869150
23 39 14.527810
23 40 14.444829
23 41 12.655170
23 42 14.779375
23 43 14.448418
23 44 11.759552
23 45 13.664776
23 46 11.458104
23 47 11.474351
23 48 11.052115
23 49 11.816960
23 50 12.525253
23 51 14.303910
23 52 11.019694
23 53 11.011546
23 54 13.618269
23 55 13.710847
23 56 14.099427
23 57 12.329710
23 58 11.754022
23 59 14.787566
23 60 12.138106
23 61 13.756954
23 62 13.750519
23 63 13.601289
23 64 13.253848
23 65 13.808806
23 66 13.997147
23 67 13.197024
23 68 13.935431
23 69 12.018551
23 70 11.865583
23 71 13.494136
23 72 13.486983
23 73 12.045240
23 74 11.842005
23 75 12.461735
23 76 13.330557
23 77 14.407087
23 78 11.560293
23 79 13.569321
23 80 11.949619
23 81 14.278659
23 82 11.485177
23 83 13.255959
23 84 12.111005
23 85 12.270378
23 86 11.638245
23 87 11.352394
23 88 13.788845
23 89 11.686863
23 90 14.303932
23 91 12.214030
23 92 13.056601
23 93 13.702726
23 94 14.394848
23 95 11.522277
23 96 14.757768
23 97 13.325881
23 98 12.140779
23 99 11.355613
23 100 11.855707
23 101 13.715499
23 102 12.231735
23 103 14.515009
23 104 11.672017
23 105 12.306380
23 106 13.073522
23 107 14.253973
23 108 14.780535
23 109 11.805524
23 110 14.417053
23 111 11.870507
23 112 14.363934
23 113 11.406469
23 114 11.553105
23 115 13.624913
23 116 14.729418
23 117 12.225369
23 118 12.987145
23 119 13.585502
23 120 11.105689
23 121 11.510476
23 122 11.699651
23 123 12.471303
23 124 11.554399
23 125 12.874172
23 126 14.124045
23 127 12.031746
23 128 12.964703
23 129 13.712871
23 130 14.222141
23 131 12.305635
23 132 13.554699
23 133 13.320291
23 134 10.961725
23 135 14.716073
23 136 12.245919
23 137 11.439206
23 138 12.147264
23 139 12.985046
23 140 13.241331
23 141 11.239815
23 142 14.686207
23 143 11.245889
23 144 11.501622
23 145 12.591976
23 146 13.205260
23 147 11.095283
23 148 10.941031
23 149 12.255732
23 150 12.908279
23 151 11.021208
23 152 11.610397
23 153 14.120287
23 154 14.660642
23 155 11.673187
23 156 14.532951
23 157 11.527172
23 158 12.752258
23 159 11.566847
23 160 11.839771
23 161 13.036028
23 162 10.938888
23 163 11.016669
23 164 14.595309
23 165 14.187037
23 166 13.099801
23 167 14.413892
23 168 13.003891
23 169 13.267374
23 170 11.489124
23 171 13.781569
23 172 12.227476
23 173 11.897464
23 174 12.375587
23 175 13.675195
23 176 12.364210
23 177 12.114599
23 178 11.356375
23 179 11.740916
23 180 12.983209
23 181 14.204500
23 182 11.398597
23 183 14.154824
23 184 14.544054
23 185 11.335409
23 186 12.228793
23 187 10.992465
23 188 11.018678
23 189 14.773524
23 190 13.871489
23 191 12.304712
23 192 11.307442
23 193 13.359154
23 194 11.554849
23 195 13.169311
23 196 11.424804
23 197 14.110191
23 198 13.839313
23 199 13.836477
23 200 10.987616
24 0 13.957056
24 1 14.649128
24 2 12.990055
24 3 11.587091
24 4 11.193186
24 5 14.584636
24 6 12.714438
24 7 13.750997
24 8 11.297329
24 9 12.028194
24 10 11.930623
24 11 13.954303
24 12 12.458814
24 13 13.782618
24 14 12.139353
24 15 12.453513
24 16 11.183458
24 17 11.987637
24 18 13.371485
24 19 13.114789
24 20 12.239865
24 21 11.558141
24 22 14.459026
24 23 13.367844
24 25 13.211192
24 26 14.273432
24 27 12.121612
24 28 11.113919
24 29 13.211254
24 30 14.167368
24 31 12.766958
24 32 14.707064
24 33 12.930289
24 34 12.217260
24 35 12.392551
24 36 13.428651
24 37 11.667828
24 38 14.150333
24 39 13.695077
24 40 10.953876
24 41 12.996506
24 42 12.354381
24 43 13.457028
24 44 12.124871
24 45 14.458524
24 46 10.937134
24 47 13.205550
24 48 12.592199
24 49 14.213787
24 50 14.063512
24 51 14.715624
24 52 12.703609
24 53 12.684825
24 54 14.760677
24 55 12.258403
24 56 13.405974
24 57 11.866303
24 58 11.737726
24 59 10.944728
24 60 13.270267
24 61 11.476148
24 62 11.356952
24 63 11.643211
24 64 12.616630
24 65 13.743490
24 66 12.753101
24 67 12.503450
24 68 11.797010
24 69 11.503294
24 70 14.445971
24 71 13.154964
24 72 14.360942
24 73 12.070395
24 74 13.571126
24 75 13.643059
24 76 13.909733
24 77 14.367958
24 78 13.243441
24 79 13.261318
24 80 12.073320
24 81 13.994671
24 82 12.599690
24 83 14.173703
24 84 13.024055
24 85 11.471195
24 86 13.741302
24 87 12.997888
24 88 14.523716
24 89 11.837367
24 90 13.229429
24 91 11.800664
24 92 11.037704
24 93 12.183182
24 94 12.676504
24 95 13.081556
24 96 12.121784
24 97 14.344117
24 98 13.032318
24 99 14.747026
24 100 12.836778
24 101 12.259361
24 102 12.315075
24 103 11.478430
24 104 11.553008
24 105 12.638076
24 106 12.201263
24 107 13.412683
24 108 11.641292
24 109 12.892992
24 110 13.052172
24 111 14.343368
24 112 11.798111
24 113 11.827669
24 114 14.431322
24 115 14.703072
24 116 14.388802
24 117 11.922807
24 118 11.164513
24 119 11.708799
24 120 12.003601
24 121 14.123696
24 122 11.238055
24 123 14.795284
24 124 11.578801
24 125 12.121827
24 126 12.135893
24 127 14.559261
24 128 14.066286
24 129 13.877229
24 130 12.305691
24 131 11.714106
24 132 14.035036
24 133 11.306628
24 134 12.715262
24 135 11.306448
24 136 12.612815
24 137 12.782817
24 138 12.916178
24 139 13.024668
24 140 14.143442
24 141 13.959014
24 142 11.438158
24 143 14.758769
24 144 12.666112
24 145 12.118271
24 146 13.892111
24 147 13.394493
24 148 10.930927
24 149 14.138595
24 150 11.075608
24 151 13.008638
24 152 12.621080
24 153 12.493110
24 154 13.882526
24 155 11.835624
24 156 13.488472
24 157 11.935152
24 158 13.736181
24 159 12.364421
24 160 11.438754
24 161 12.006168
24 162 14.667949
24 163 12.941851
24 164 14.071034
24 165 13.214813
24 166 12.710011
24 167 14.171533
24 168 11.161452
24 169 13.873891
24 170 11.593811
24 171 14.358859
24 172 12.830949
24 173 12.425638
24 174 14.223505
24 175 13.760012
24 176 14.160214
24 177 12.425571
24 178 12.955955
24 179 11.240588
24 180 13.694805
24 181 12.006792
24 182 12.090614
24 183 14.724412
24 184 14.484143
24 185 11.464293
24 186 12.369242
24 187 14.098712
24 188 13.270411
24 189 11.943000
24 190 14.368742
24 191 12.068250
24 192 12.282123
24 193 12.316569
24 194 10.941425
24 195 12.471187
24 196 12.959786
24 197 12.451618
24 198 13.377708
24 199 11.265747
24 200 11.772483
25 0 13.997178
25 1 14.629223
25 2 11.294987
25 3 11.501924
25 4 12.980314
25 5 14.513604
25 6 12.735597
25 7 11.027922
25 8 11.477349
25 9 12.156804
25 10 12.022118
25 11 11.930797
25 12 12.643721
25 13 13.136124
25 14 14.216250
25 15 14.102904
25 16 14.248581
25 17 11.405745
25 18 13.492590
25 19 12.634980
25 20 12.393171
25 21 13.556503
25 22 12.311606
25 23 14.263701
25 24 13.211192
25 26 13.298023
25 27 11.096864
25 28 12.104695
25 29 12.338831
25 30 13.199488
25 31 14.219761
25 32 12.926783
25 33 13.695767
25 34 11.255165
25 35 12.262915
25 36 14.618877
25 37 12.000635
25 38 14.289750
25 39 14.387186
25 40 12.470944
25 41 14.256483
25 42 12.126963
25 43 14.266800
25 44 11.295675
25 45 14.604533
25 46 13.165079
25 47 13.595963
25 48 12.187338
25 49 11.687766
25 50 14.429832
25 51 14.706840
25 52 12.223004
25 53 11.906694
25 54 14.490273
25 55 11.940580
25 56 11.393037
25 57 13.405496
25 58 14.718833
25 59 14.475007
25 60 13.919285
25 61 12.463693
25 62 13.264481
25 63 12.513630
25 64 14.421677
25 65 13.718514
25 66 11.658568
25 67 13.276016
25 68 13.606200
25 69 14.751150
25 70 11.140184
25 71 12.526370
25 72 14.284487
25 73 11.355531
25 74 13.880945
25 75 14.652535
25 76 11.326555
25 77 12.316624
25 78 14.552200
25 79 14.165713
25 80 12.342577
25 81 13.777599
25 82 14.117425
25 83 14.546256
25 84 11.677875
25 85 14.186234
25 86 11.073909
25 87 14.602370
25 88 14.336830
25 89 11.645568
25 90 12.813544
25 91 12.776955
25 92 14.736361
25 93 14.279112
25 94 13.765714
25 95 11.146152
25 96 13.469536
25 97 13.636605
25 98 11.451140
25 99 10.932033
25 100 13.616093
25 101 11.415197
25 102 12.003906
25 103 12.437111
25 104 11.732918
25 105 12.968859
25 106 12.049556
25 107 14.218003
25 108 11.778114
25 109 11.257906
25 110 11.145309
25 111 13.901695
25 112 12.147865
25 113 13.490891
25 114 11.262547
25 115 11.132620
25 116 14.700384
25 117 12.523669
25 118 13.125417
25 119 11.436926
25 120 14.357584
25 121 12.267574
25 122 13.692332
25 123 12.497410
25 124 11.116086
25 125 12.843068
25 126 13.886401
25 127 12.052283
25 128 13.184182
25 129 13.587165
25 130 12.910014
25 131 11.445189
25 132 11.146068
25 133 12.002513
25 134 14.441380
25 135 13.555033
25 136 13.636649
25 137 14.659377
25 138 14.101281
25 139 12.975149
25 140 13.515162
25 141 11.763838
25 142 12.678893
25 143 13.261946
25 144 13.332372
25 145 11.564511
25 146 14.435758
25 147 10.972857
25 148 13.967574
25 149 14.777928
25 150 11.221447
25 151 12.095884
25 152 11.768278
25 153 14.101420
25 154 13.800298
25 155 14.047611
25 156 11.101900
25 157 12.089252
25 158 14.669382
25 159 13.622873
25 160 14.594424
25 161 14.196006
25 162 11.659674
25 163 13.653133
25 164 14.791983
25 165 12.810455
25 166 11.350512
25 167 11.591083
25 168 13.960901
25 169 14.689555
25 170 13.624176
25 171 12.988518
25 172 13.057540
25 173 13.606773
25 174 13.927774
25 175 14.176432
25 176 14.508566
25 177 13.436134
25 178 14.189288
25 179 14.612800
25 180 13.822027
25 181 13.325246
25 182 11.301093
25 183 14.701233
25 184 14.359903
25 185 14.499006
25 186 11.852967
25 187 14.127649
25 188 13.754809
25 189 12.251290
25 190 14.225442
25 191 14.391722
25 192 13.351361
25 193 13.444489
25 194 13.148174
25 195 11.139564
25 196 12.098248
25 197 14.111754
25 198 13.430013
25 199 13.595810
25 200 13.633800
26 0 14.550393
26 1 14.206837
26 2 13.951270
26 3 13.653649
26 4 14.102963
26 5 12.640728
26 6 12.015235
26 7 14.717810
26 8 13.876952
26 9 12.277901
26 10 13.222170
26 11 11.497882
26 12 13.802982
26 13 12.897989
26 14 11.245337
26 15 14.790138
26 16 12.541927
26 17 12.058023
26 18 13.798899
26 19 11.233705
26 20 13.677584
26 21 13.823687
26 22 10.963776
26 23 11.764768
26 24 14.273432
26 25 13.298023
26 27 13.085113
26 28 14.482868
26 29 12.699309
26 30 13.715918
26 31 13.681333
26 32 12.989379
26 33 11.901348
26 34 11.180048
26 35 11.685128
26 36 13.858735
26 37 12.440820
26 38 11.464101
26 39 12.035414
26 40 13.599794
26 41 13.633719
26 42 14.564527
26 43 14.456960
26 44 11.892035
26 45 14.512259
26 46 13.578862
26 47 12.540333
26 48 11.803943
26 49 13.053375
26 50 13.256203
26 51 11.737576
26 52 11.673490
26 53 13.381423
26 54 12.421735
26 55 11.914316
26 56 12.295163
26 57 10.937456
26 58 12.667281
26 59 12.604646
26 60 12.407375
26 61 11.506864
26 62 11.264713
26 63 11.511337
26 64 14.128247
26 65 13.078154
26 66 11.547266
26 67 14.370987
26 68 13.462424
26 69 13.351608
26 70 14.103061
26 71 12.844688
26 72 11.643662
26 73 13.229586
26 74 11.343288
26 75 12.135774
26 76 12.961775
26 77 14.315314
26 78 14.404682
26 79 11.808256
26 80 14.818365
26 81 13.967748
26 82 12.706567
26 83 13.332698
26 84 12.804520
26 85 12.199768
26 86 14.189522
26 87 13.818584
26 88 11.552897
26 89 13.903475
26 90 11.096584
26 91 11.720698
26 92 11.905601
26 93 13.728951
26 94 12.361088
26 95 13.029309
26 96 11.656505
26 97 12.704929
26 98 14.342157
26 99 13.925336
26 100 14.803418
26 101 11.798982
26 102 11.104050
26 103 13.377310
26 104 11.007647
26 105 12.896135
26 106 11.011503
26 107 12.288213
26 108 12.392529
26 109 13.161669
26 110 14.261601
26 111 13.498827
26 112 14.097401
26 113 11.902832
26 114 13.205816
26 115 11.395873
26 116 13.432840
26 117 12.038826
26 118 11.219884
26 119 11.852660
26 120 13.904385
26 121 11.349798
26 122 13.928532
26 123 11.973809
26 124 13.404502
26 125 14.208186
26 126 14.219291
26 127 12.594371
26 128 14.221730
26 129 11.896597
26 130 13.171591
26 131 13.506347
26 132 12.218306
26 133 11.944769
26 134 12.677884
26 135 13.929952
26 136 12.203151
26 137 13.825039
26 138 14.079407
26 139 14.162456
26 140 12.403777
26 141 12.275864
26 142 11.164594
26 143 13.031414
26 144 11.442191
26 145 11.624098
26 146 12.731266
26 147 12.743287
26 148 11.477063
26 149 12.563628
26 150 12.675151
26 151 11.645826
26 152 12.260377
26 153 14.686908
26 154 11.542363
26 155 13.390147
26 156 11.665473
26 157 14.274600
26 158 13.836350
26 159 13.217211
26 160 12.164475
26 161 13.905112
26 162 11.608844
26 163 11.240321
26 164 11.719000
26 165 12.419703
26 166 12.866285
26 167 12.947841
26 168 12.477528
26 169 11.849077
26 170 11.292594
26 171 14.114305
26 172 11.598654
26 173 13.450592
26 174 14.730179
26 175 13.107551
26 176 12.754022
26 177 13.799817
26 178 12.998608
26 179 11.207437
26 180 14.389567
26 181 14.780110
26 182 12.438475
26 183 11.123268
26 184 12.999194
26 185 14.021184
26 186 13.850510
26 187 13.805274
26 188 13.220715
26 189 11.953764
26 190 11.347402
26 191 14.008697
26 192 11.283624
26 193 13.975192
26 194 12.220230
26 195 13.065033
26 196 11.514674
26 197 13.242494
26 198 14.499864
26 199 13.699459
26 200 11.368182
27 0 12.220924
27 1 11.448512
27 2 13.348558
27 3 13.419373
27 4 11.474957
27 5 14.285949
27 6 11.419068
27 7 13.456134
27 8 12.703428
27 9 11.996863
27 10 12.498034
27 11 14.386901
27 12 11.636445
27 13 13.087757
27 14 14.574917
27 15 11.987643
27 16 13.700637
27 17 13.206650
27 18 12.220747
27 19 13.524878
27 20 10.993885
27 21 11.978710
27 22 13.156728
27 23 12.831710
27 24 12.121612
27 25 11.096864
27 26 13.085113
27 28 14.660835
27 29 13.166266
27 30 11.948884
27 31 11.311284
27 32 13.105490
27 33 11.350042
27 34 11.054190
27 35 13.271259
27 36 11.508230
27 37 13.420821
27 38 11.753780
27 39 11.884039
27 40 14.000624
27 41 13.210343
27 42 13.152288
27 43 13.150463
27 44 12.797002
27 45 12.540163
27 46 14.260100
27 47 12.206212
27 48 13.378838
27 49 12.616778
27 50 12.587600
27 51 13.010578
27 52 14.235530
27 53 12.383982
27 54 13.956420
27 55 13.449195
27 56 12.320207
27 57 13.383649
27 58 14.712117
27 59 13.045116
27 60 11.110841
27 61 12.356548
27 62 13.547313
27 63 12.419116
27 64 12.050489
27 65 12.172506
27 66 12.954578
27 67 14.099762
27 68 11.654064
27 69 12.281841
27 70 13.051588
27 71 11.551451
27 72 14.722822
27 73 12.709424
27 74 11.349816
27 75 14.120894
27 76 13.038972
27 77 11.909496
27 78 14.802721
27 79 12.480496
27 80 14.730845
27 81 14.621141
27 82 13.259155
27 83 12.794076
27 84 13.001519
27 85 14.774420
27 86 11.262286
27 87 11.038074
27 88 13.136064
27 89 12.682300
27 90 11.466863
27 91 14.491425
27 92 12.472733
27 93 13.847401
27 94 12.759855
27 95 14.220274
27 96 12.391692
27 97 13.960603
27 98 13.294674
27 99 14.376048
27 100 11.657640
27 101 13.510821
27 102 13.744262
27 103 13.839711
27 104 12.157468
27 105 13.267272
27 106 11.981838
27 107 12.947607
27 108 12.040085
27 109 11.112997
27 110 14.103856
27 111 11.603242
27 112 11.649799
27 113 11.752722
27 114 14.064852
27 115 12.764918
27 116 11.009634
27 117 14.748112
27 118 13.131768
27 119 11.068041
27 120 14.066474
27 121 11.708090
27 122 12.731493
27 123 14.408297
27 124 11.200014
27 125 14.743133
27 126 14.570976
27 127 11.358643
27 128 13.736907
27 129 14.647880
27 130 14.424040
27 131 10.945025
27 132 11.213679
27 133 13.496171
27 134 11.335535
27 135 11.083949
27 136 12.641354
27 137 11.732941
27 138 14.714099
27 139 13.008555
27 140 11.614411
27 141 11.366290
27 142 14.211195
27 143 14.532471
27 144 14.224801
27 145 11.921969
27 146 13.242958
27 147 11.214894
27 148 14.216228
27 149 12.759586
27 150 11.819022
27 151 14.675722
27 152 13.986070
27 153 14.661543
27 154 12.242440
27 155 12.396784
27 156 11.610985
27 157 11.208856
27 158 13.166954
27 159 10.932156
27 160 13.601991
27 161 14.486776
27 162 13.999608
27 163 12.561365
27 164 10.938523
27 165 10.945223
27 166 12.043535
27 167 13.479006
27 168 13.297371
27 169 11.005551
27 170 14.219296
27 171 12.153862
27 172 12.225063
27 173 14.410075
27 174 13.557034
27 175 13.619876
27 176 12.954718
27 177 11.225086
27 178 13.773701
27 179 11.458005
27 180 11.473023
27 181 13.980965
27 182 14.666279
27 183 12.872395
27 184 12.950044
27 185 13.723100
27 186 13.704716
27 187 11.650216
27 188 14.171561
27 189 13.923872
27 190 13.415352
27 191 14.457421
27 192 11.457549
27 193 13.921097
27 194 12.134682
27 195 13.359682
27 196 10.987181
27 197 11.867980
27 198 14.107645
27 199 11.776848
27 200 14.328705
28 0 13.290020
28 1 13.488020
28 2 13.415238
28 3 11.500154
28 4 14.504663
28 5 13.322175
28 6 11.613629
28 7 12.414107
28 8 11.837992
28 9 11.977797
28 10 13.494873
28 11 11.122253
28 12 12.818115
28 13 13.615827
28 14 12.437147
28 15 11.443390
28 16 13.811992
28 17 12.529500
28 18 13.221347
28 19 14.743450
28 20 13.132269
28 21 14.024078
28 22 12.494209
28 23 13.858340
28 24 11.113919
28 25 12.104695
28 26 14.482868
28 27 14.660835
28 29 11.471399
28 30 14.105659
28 31 14.625090
28 32 11.626275
28 33 12.005867
28 34 14.013834
28 35 12.919514
28 36 12.193276
28 37 14.489597
28 38 11.516375
28 39 12.920155
28 40 12.160350
28 41 13.519855
28 42 12.666506
28 43 11.262792
28 44 14.432924
28 45 11.111067
28 46 10.999903
28 47 11.330215
28 48 13.133686
28 49 14.321429
28 50 11.281331
28 51 13.292180
28 52 12.254671
28 53 13.116638
28 54 14.168175
28 55 11.830300
28 56 13.152855
28 57 11.008393
28 58 11.533302
28 59 11.269710
28 60 14.114972
28 61 11.586749
28 62 11.287541
28 63 12.545361
28 64 14.762607
28 65 14.546086
28 66 13.556431
28 67 12.870876
28 68 13.143451
28 69 11.055206
28 70 13.583502
28 71 12.587551
28 72 13.048126
28 73 13.656147
28 74 14.337762
28 75 12.376971
28 76 13.551243
28 77 11.152569
28 78 12.378653
28 79 13.125717
28 80 12.211911
28 81 14.211893
28 82 12.726146
28 83 11.918667
28 84 13.514872
28 85 11.482783
28 86 12.748677
28 87 11.235477
28 88 12.457415
28 89 13.526894
28 90 11.546062
28 91 11.527605
28 92 13.815915
28 93 14.448177
28 94 11.139863
28 95 14.421538
28 96 14.349440
28 97 12.614060
28 98 14.401482
28 99 13.839543
28 100 12.506535
28 101 11.858876
28 102 12.110202
28 103 12.322657
28 104 13.035570
28 105 13.799257
28 106 14.473783
28 107 13.721168
28 108 14.634406
28 109 12.326721
28 110 13.146584
28 111 14.444815
28 112 13.390353
28 113 11.890639
28 114 13.096772
28 115 12.087804
28 116 13.721193
28 117 13.929555
28 118 13.363352
28 119 10.946262
28 120 13.834187
28 121 12.048469
28 122 13.919021
28 123 13.606988
28 124 13.027193
28 125 11.581364
28 126 13.525308
28 127 12.542630
28 128 14.644179
28 129 12.901741
28 130 13.782670
28 131 14.091262
28 132 12.445058
28 133 14.028997
28 134 13.719640
28 135 11.078251
28 136 12.779006
28 137 14.482728
28 138 12.571214
28 139 12.902096
28 140 11.023739
28 141 11.891891
28 142 12.674217
28 143 11.901288
28 144 14.202689
28 145 11.204662
28 146 13.852079
28 147 11.079290
28 148 12.073236
28 149 13.199602
28 150 11.838153
28 151 14.516327
28 152 13.734706
28 153 14.743024
28 154 14.078556
28 155 11.197570
28 156 11.929827
28 157 11.042462
28 158 11.330909
28 159 13.381564
28 160 13.662850
28 161 13.139273
28 162 12.270137
28 163 14.039230
28 164 11.023796
28 165 14.340137
28 166 13.186489
28 167 14.254357
28 168 13.838304
28 169 13.585602
28 170 13.536979
28 171 13.776103
28 172 11.328848
28 173 13.775214
28 174 12.169819
28 175 11.134256
28 176 14.630525
28 177 13.426519
28 178 11.649455
28 179 12.627604
28 180 11.136259
28 181 14.693917
28 182 11.524574
28 183 11.940324
28 184 13.296722
28 185 14.661194
28 186 11.920304
28 187 14.687881
28 188 11.976024
28 189 12.613541
28 190 13.678622
28 191 13.726281
28 192 14.773756
28 193 11.172282
28 194 13.899706
28 195 12.573089
28 196 12.046899
28 197 12.504723
28 198 11.927573
28 199 13.244054
28 200 11.402404
29 0 14.588927
29 1 12.185719
29 2 12.096197
29 3 12.744296
29 4 14.740911
29 5 12.703027
29 6 12.920453
29 7 13.049901
29 8 11.853047
29 9 12.194360
29 10 11.771674
29 11 12.912058
29 12 10.959671
29 13 14.712740
29 14 12.613888
29 15 12.283687
29 16 13.443225
29 17 12.237368
29 18 14.207531
29 19 14.590622
29 20 12.754402
29 21 11.101479
29 22 12.577411
29 23 11.313396
29 24 13.211254
29 25 12.338831
29 26 12.699309
29 27 13.166266
29 28 11.471399
29 30 12.227870
29 31 12.781580
29 32 11.436144
29 33 14.802560
29 34 13.088994
29 35 11.159666
29 36 11.578760
29 37 13.592979
29 38 12.251856
29 39 12.408745
29 40 11.028788
29 41 13.060144
29 42 13.846569
29 43 14.008586
29 44 12.759087
29 45 12.262723
29 46 12.990461
29 47 14.429666
29 48 10.994118
29 49 14.234014
29 50 14.400418
29 51 12.769810
29 52 11.046693
29 53 13.099513
29 54 14.513102
29 55 14.707259
29 56 11.268045
29 57 11.204945
29 58 13.408301
29 59 14.662976
29 60 13.840380
29 61 13.927756
29 62 11.623134
29 63 13.435551
29 64 13.835680
29 65 13.608384
29 66 14.553392
29 67 14.381843
29 68 11.906306
29 69 13.026087
29 70 14.277401
29 71 11.893343
29 72 13.500062
29 73 11.619527
29 74 11.375498
29 75 11.192239
29 76 14.815784
29 77 12.419842
29 78 10.963323
29 79 13.972614
29 80 12.445666
29 81 11.353293
29 82 12.806695
29 83 12.937281
29 84 11.371327
29 85 14.387756
29 86 12.460036
29 87 14.556734
29 88 11.865595
29 89 11.787774
29 90 13.872362
29 91 12.498605
29 92 14.611192
29 93 11.487616
29 94 12.799234
29 95 13.610471
29 96 14.301028
29 97 11.177589
29 98 12.756500
29 99 11.108199
29 100 12.528510
29 101 12.987382
29 102 13.785622
29 103 13.362168
29 104 12.513061
29 105 12.455923
29 106 11.712301
29 107 12.035340
29 108 11.611941
29 109 12.877716
29 110 14.165306
29 111 14.546656
29 112 12.964204
29 113 13.322183
29 114 12.260228
29 115 12.270725
29 116 11.885038
29 117 11.856088
29 118 13.480370
29 119 13.890345
29 120 11.982673
29 121 12.551115
29 122 14.524856
29 123 11.271177
29 124 11.171867
29 125 13.461410
29 126 11.244700
29 127 11.716767
29 128 13.512796
29 129 12.093183
29 130 12.740415
29 131 11.663532
29 132 13.164918
29 133 13.019762
29 134 14.679545
29 135 11.141291
29 136 14.079571
29 137 12.096876
29 138 10.938425
29 139 11.224910
29 140 11.635787
29 141 13.684404
29 142 13.460801
29 143 14.748015
29 144 12.784329
29 145 11.684693
29 146 13.320999
29 147 11.182644
29 148 13.538507
29 149 14.638052
29 150 11.497167
29 151 14.313127
29 152 14.637938
29 153 14.788277
29 154 12.970328
29 155 11.952622
29 156 13.586503
29 157 11.153041
29 158 11.222811
29 159 13.943737
29 160 12.843601
29 161 12.023298
29 162 12.314599
29 163 11.363933
29 164 11.950015
29 165 14.649941
29 166 14.705938
29 167 14.025539
29 168 13.949661
29 169 11.503012
29 170 12.421106
29 171 12.471511
29 172 11.212863
29 173 12.068743
29 174 10.947911
29 175 11.958736
29 176 13.527645
29 177 11.660813
29 178 13.248463
29 179 12.106994
29 180 10.966455
29 181 13.584984
29 182 13.850513
29 183 13.928294
29 184 13.828138
29 185 12.833121
29 186 13.553629
29 187 11.700205
29 188 12.051247
29 189 13.173931
29 190 12.501169
29 191 11.915973
29 192 13.692336
29 193 10.924617
29 194 11.121808
29 195 14.716737
29 196 13.405578
29 197 12.522366
29 198 13.469058
29 199 13.659260
29 200 13.634308
30 0 13.203290
30 1 11.130483
30 2 13.050439
30 3 12.275838
30 4 13.780550
30 5 11.763905
30 6 13.752665
30 7 13.700435
30 8 12.541904
30 9 13.438389
30 10 14.107264
30 11 14.698695
30 12 12.406539
30 13 12.774963
30 14 13.608032
30 15 14.289675
30 16 11.156880
30 17 12.102180
30 18 14.126642
30 19 13.620926
30 20 12.866529
30 21 12.041042
30 22 14.746424
30 23 11.151229
30 24 14.167368
30 25 13.199488
30 26 13.715918
30 27 11.948884
30 28 14.105659
30 29 12.227870
30 31 12.807094
30 32 14.155156
30 33 13.147111
30 34 11.335395
30 35 11.757521
30 36 13.279537
30 37 11.617399
30 38 14.664649
30 39 14.441613
30 40 14.402803
30 41 11.105575
30 42 11.227497
30 43 12.830510
30 44 13.200391
30 45 13.619073
30 46 13.183136
30 47 14.430409
30 48 13.124318
30 49 12.030128
30 50 14.304233
30 51 14.378712
30 52 13.267456
30 53 12.229676
30 54 12.834424
30 55 13.928821
30 56 14.112095
30 57 14.172933
30 58 12.643524
30 59 14.083497
30 60 13.806377
30 61 14.623810
30 62 11.654578
30 63 11.121249
30 64 14.688765
30 65 12.364092
30 66 12.000399
30 67 12.886316
30 68 12.638991
30 69 14.662949
30 70 13.604714
30 71 13.175493
30 72 11.574266
30 73 11.112822
30 74 12.277013
30 75 11.049774
30 76 12.745504
30 77 14.643981
30 78 12.997328
30 79 12.215234
30 80 12.643084
30 81 12.449631
30 82 12.607696
30 83 11.372609
30 84 14.376003
30 85 14.501373
30 86 11.234860
30 87 11.771288
30 88 12.784578
30 89 14.545189
30 90 12.197080
30 91 14.126061
30 92 11.350393
30 93 13.408752
30 94 12.011740
30 95 14.816602
30 96 14.696168
30 97 14.599854
30 98 11.201852
30 99 11.232361
30 100 12.432543
30 101 11.184660
30 102 13.930738
30 103 14.262236
30 104 12.279115
30 105 12.598804
30 106 14.038308
30 107 13.632734
30 108 12.744301
30 109 13.245181
30 110 14.191003
30 111 12.602180
30 112 13.715813
30 113 11.809073
30 114 13.756876
30 115 12.024538
30 116 13.869673
30 117 12.871348
30 118 13.003872
30 119 14.366870
30 120 14.113163
30 121 11.625195
30 122 11.101188
30 123 14.100861
30 124 13.658790
30 125 11.101693
30 126 12.060634
30 127 12.816867
30 128 11.673258
30 129 13.583544
30 130 13.861285
30 131 11.903743
30 132 14.561573
30 133 14.663432
30 134 11.621674
30 135 11.516470
30 136 12.109580
30 137 13.923916
30 138 12.938432
30 139 12.689522
30 140 13.905984
30 141 13.469562
30 142 14.187898
30 143 13.641200
30 144 10.939551
30 145 11.323492
30 146 13.289832
30 147 10.972392
30 148 13.931057
30 149 11.965112
30 150 14.594206
30 151 13.056338
30 152 14.563694
30 153 13.237804
30 154 11.638531
30 155 11.741238
30 156 12.157800
30 157 13.118339
30 158 10.981860
30 159 12.581151
30 160 14.028291
30 161 12.600788
30 162 11.160610
30 163 10.993408
30 164 14.072767
30 165 13.965723
30 166 12.261610
30 167 13.832442
30 168 12.541660
30 169 11.571244
30 170 11.405732
30 171 14.220552
30 172 14.607457
30 173 12.894278
30 174 12.614195
30 175 14.037105
30 176 13.187119
30 177 11.522269
30 178 13.047294
30 179 14.791489
30 180 11.578247
30 181 12.909124
30 182 13.263492
30 183 12.729715
30 184 11.503211
30 185 13.615420
30 186 12.699689
30 187 12.965006
30 188 11.797971
30 189 13.849001
30 190 12.571506
30 191 14.243584
30 192 11.600433
30 193 13.844577
30 194 12.806104
30 195 14.566412
30 196 11.798852
30 197 11.417359
30 198 11.375685
30 199 11.526707
30 200 14.023614
31 0 13.471750
31 1 12.554991
31 2 14.566136
31 3 12.899703
31 4 12.827044
31 5 13.160062
31 6 11.020021
31 7 13.205106
31 8 13.701992
31 9 12.850524
31 10 13.152371
31 11 13.078814
31 12 14.013344
31 13 11.838625
31 14 11.747843
31 15 11.811456
31 16 11.627493
31 17 13.102335
31 18 12.671236
31 19 12.645949
31 20 13.134075
31 21 13.423952
31 22 13.874845
31 23 13.958138
31 24 12.766958
31 25 14.219761
31 26 13.681333
31 27 11.311284
31 28 14.625090
31 29 12.781580
31 30 12.807094
31 32 12.130527
31 33 14.681434
31 34 10.993040
31 35 11.372728
31 36 14.475480
31 37 14.738702
31 38 11.585785
31 39 11.544314
31 40 13.899908
31 41 11.635064
31 42 13.086488
31 43 14.347371
31 44 12.482060
31 45 14.190679
31 46 14.614730
31 47 11.468144
31 48 12.157272
31 49 14.089946
31 50 13.389354
31 51 14.156574
31 52 12.954611
31 53 12.988598
31 54 13.278907
31 55 12.237948
31 56 13.894879
31 57 12.132090
31 58 11.118839
31 59 11.511566
31 60 11.259931
31 61 12.389620
31 62 13.475923
31 63 13.876991
31 64 12.124644
31 65 13.146366
31 66 13.049148
31 67 14.121435
31 68 13.691015
31 69 12.353933
31 70 11.680123
31 71 14.088362
31 72 14.715755
31 73 11.964196
31 74 11.984471
31 75 12.466221
31 76 13.333129
31 77 12.826068
31 78 11.577499
31 79 11.900205
31 80 12.832014
31 81 11.228494
31 82 13.921310
31 83 12.986636
31 84 14.124603
31 85 12.924833
31 86 13.828348
31 87 11.618840
31 88 14.478898
31 89 13.883325
31 90 11.520076
31 91 12.109882
31 92 11.940818
31 93 14.362510
31 94 11.947239
31 95 14.131642
31 96 13.570879
31 97 13.102595
31 98 14.189036
31 99 11.546700
31 100 12.013258
31 101 13.116281
31 102 11.354794
31 103 12.616052
31 104 14.057067
31 105 13.673723
31 106 13.452401
31 107 12.313208
31 108 14.123106
31 109 14.558912
31 110 12.390199
31 111 13.412719
31 112 14.646708
31 113 13.420836
31 114 10.934788
31 115 11.414749
31 116 12.624894
31 117 13.788229
31 118 14.484757
31 119 13.613306
31 120 13.789309
31 121 12.835799
31 122 12.075099
31 123 12.038885
31 124 14.693337
31 125 14.710473
31 126 13.109423
31 127 14.651238
31 128 11.982819
31 129 12.850828
31 130 13.428252
31 131 14.254039
31 132 14.373831
31 133 11.467395
31 134 14.436710
31 135 14.087457
31 136 13.688437
31 137 13.708406
31 138 11.865499
31 139 13.008406
31 140 13.553151
31 141 12.334369
31 142 12.943207
31 143 12.505937
31 144 12.229625
31 145 13.518224
31 146 11.832238
31 147 11.451863
31 148 13.479587
31 149 12.968828
31 150 14.384469
31 151 11.929614
31 152 14.548890
31 153 13.015282
31 154 12.623910
31 155 13.800172
31 156 11.158994
31 157 12.728875
31 158 14.163730
31 159 12.815258
31 160 11.300135
31 161 14.419678
31 162 12.852121
31 163 12.519191
31 164 11.616599
31 165 14.156959
31 166 12.483132
31 167 14.232134
31 168 11.171532
31 169 11.738393
31 170 13.138822
31 171 12.312555
31 172 11.637322
31 173 11.248782
31 174 13.873820
31 175 11.277178
31 176 11.576244
31 177 11.132169
31 178 12.743127
31 179 12.541691
31 180 11.807566
31 181 12.020295
31 182 14.050052
31 183 13.224984
31 184 11.982238
31 185 11.723491
31 186 13.107319
31 187 11.577400
31 188 12.996366
31 189 13.330747
31 190 14.208111
31 191 11.114964
31 192 12.245165
31 193 11.941447
31 194 13.454690
31 195 13.754479
31 196 13.058883
31 197 12.492711
31 198 11.811252
31 199 13.529884
31 200 14.650566
32 0 14.568899
32 1 10.983797
32 2 14.016882
32 3 14.684643
32 4 11.218300
32 5 14.530006
32 6 13.676244
32 7 14.688464
32 8 11.119949
32 9 14.413786
32 10 12.951771
32 11 12.412475
32 12 14.750859
32 13 12.689751
32 14 14.057765
32 15 11.999732
32 16 11.084454
32 17 11.918553
32 18 11.461798
32 19 11.604876
32 20 14.206930
32 21 11.300202
32 22 14.796943
32 23 13.659995
32 24 14.707064
32 25 12.926783
32 26 12.989379
32 27 13.105490
32 28 11.626275
32 29 11.436144
32 30 14.155156
32 31 12.130527
32 33 11.300046
32 34 11.354947
32 35 11.214620
32 36 13.500170
32 37 11.710667
32 38 11.097133
32 39 11.187766
32 40 14.711882
32 41 14.181617
32 42 14.216267
32 43 11.147618
32 44 10.922654
32 45 14.003772
32 46 11.394241
32 47 11.443696
32 48 11.508600
32 49 12.716821
32 50 13.355435
32 51 13.461820
32 52 11.452218
32 53 11.484153
32 54 13.846966
32 55 11.096575
32 56 13.272461
32 57 12.981296
32 58 11.053536
32 59 11.781734
32 60 13.608527
32 61 11.040854
32 62 14.332459
32 63 11.452049
32 64 12.364626
32 65 11.977988
32 66 12.584891
32 67 11.068410
32 68 11.363031
32 69 12.078410
32 70 12.209137
32 71 12.484045
32 72 12.941780
32 73 13.888401
32 74 11.142346
32 75 11.513833
32 76 13.095579
32 77 14.346540
32 78 12.605625
32 79 13.220043
32 80 14.689996
32 81 12.292128
32 82 12.102243
32 83 14.283862
32 84 14.771285
32 85 13.647873
32 86 12.484658
32 87 12.919324
32 88 12.097465
32 89 11.416683
32 90 12.328303
32 91 12.729388
32 92 12.703123
32 93 14.650749
32 94 12.154521
32 95 11.423550
32 96 14.660338
32 97 12.053580
32 98 11.798528
32 99 12.968519
32 100 10.954444
32 101 11.812552
32 102 11.764778
32 103 14.046609
32 104 12.557604
32 105 14.570894
32 106 12.024772
32 107 13.000333
32 108 12.498172
32 109 14.371885
32 110 14.195550
32 111 12.455721
32 112 13.813763
32 113 12.391852
32 114 11.969027
32 115 13.587955
32 116 11.764811
32 117 13.819003
32 118 13.596551
32 119 11.093611
32 120 11.101335
32 121 13.055176
32 122 13.979960
32 123 12.268561
32 124 14.715768
32 125 13.118986
32 126 12.068326
32 127 12.771411
32 128 13.612987
32 129 11.325527
32 130 14.423246
32 131 12.463577
32 132 11.314977
32 133 13.980708
32 134 12.698840
32 135 11.839524
32 136 13.841945
32 137 14.219576
32 138 12.402628
32 139 11.997742
32 140 12.451890
32 141 14.772059
32 142 13.378153
32 143 12.736274
32 144 10.963346
32 145 13.790607
32 146 14.261728
32 147 14.642818
32 148 11.529582
32 149 12.665547
32 150 11.326852
32 151 11.330613
32 152 14.488634
32 153 12.345206
32 154 11.817759
32 155 10.922042
32 156 13.588670
32 157 12.189603
32 158 12.154993
32 159 12.658832
32 160 14.812627
32 161 11.909780
32 162 11.548202
32 163 14.312801
32 164 14.155523
32 165 13.835918
32 166 12.178714
32 167 12.348503
32 168 11.361350
32 169 13.022010
32 170 14.295758
32 171 11.328687
32 172 11.610844
32 173 13.272086
32 174 11.771247
32 175 13.470706
32 176 14.142952
32 177 12.873819
32 178 14.005392
32 179 11.064949
32 180 12.122656
32 181 14.615909
32 182 14.035611
32 183 14.122122
32 184 14.330777
32 185 14.119410
32 186 11.845084
32 187 14.083560
32 188 13.780543
32 189 11.271767
32 190 13.069865
32 191 14.627620
32 192 14.372317
32 193 11.447511
32 194 11.080266
32 195 11.815594
32 196 12.742383
32 197 13.138558
32 198 14.451641
32 199 11.703105
32 200 14.393720
33 0 13.769639
33 1 11.795506
33 2 13.361577
33 3 13.028946
33 4 11.409928
33 5 11.775545
33 6 11.161249
33 7 13.345986
33 8 14.078633
33 9 10.941629
33 10 12.875871
33 11 13.231732
33 12 12.937923
33 13 14.647968
33 14 11.861209
33 15 13.352155
33 16 12.481076
33 17 14.340472
33 18 14.045582
33 19 12.309027
33 20 10.968261
33 21 13.187782
33 22 12.069131
33 23 11.380300
33 24 12.930289
33 25 13.695767
33 26 11.901348
33 27 11.350042
33 28 12.005867
33 29 14.802560
33 30 13.147111
33 31 14.681434
33 32 11.300046
33 34 14.339389
33 35 13.296884
33 36 12.460803
33 37 12.967445
33 38 11.750365
33 39 12.796986
33 40 11.918744
33 41 12.035297
33 42 13.442812
33 43 13.915056
33 44 11.281160
33 45 12.246819
33 46 11.083000
33 47 13.802334
33 48 13.071604
33 49 13.509449
33 50 14.054381
33 51 11.520441
33 52 14.374270
33 53 13.845521
33 54 12.155779
33 55 12.879187
33 56 14.499187
33 57 12.257341
33 58 12.531953
33 59 14.517720
33 60 14.016404
33 61 12.123850
33 62 14.658770
33 63 11.108838
33 64 14.199477
33 65 11.818486
33 66 11.749627
33 67 13.202168
33 68 11.570699
33 69 11.671396
33 70 11.632269
33 71 13.262312
33 72 12.992734
33 73 12.503089
33 74 12.703543
33 75 13.533765
33 76 13.611244
33 77 11.958413
33 78 14.767893
33 79 14.781269
33 80 13.877560
33 81 11.979680
33 82 11.020666
33 83 12.403509
33 84 14.172251
33 85 14.792575
33 86 11.029170
33 87 12.107075
33 88 10.959297
33 89 14.348642
33 90 12.802809
33 91 12.673105
33 92 12.387493
33 93 10.980836
33 94 13.784013
33 95 13.709126
33 96 14.239078
33 97 11.803982
33 98 10.935916
33 99 14.219792
33 100 14.446027
33 101 13.535952
33 102 12.938369
33 103 13.219032
33 104 13.184649
33 105 14.739237
33 106 12.523920
33 107 14.519039
33 108 14.730445
33 109 13.428591
33 110 13.517442
33 111 14.157120
33 112 14.019868
33 113 13.158395
33 114 13.784114
33 115 12.088136
33 116 14.056591
33 117 11.283777
33 118 12.154187
33 119 14.236326
33 120 12.411126
33 121 14.792475
33 122 12.887643
33 123 14.660513
33 124 11.136805
33 125 13.219408
33 126 13.621225
33 127 12.861597
33 128 12.158710
33 129 13.381884
33 130 14.556529
33 131 11.797349
33 132 11.698374
33 133 11.128795
33 134 13.967137
33 135 13.948222
33 136 12.579920
33 137 11.689939
33 138 12.964269
33 139 10.979140
33 140 13.443177
33 141 13.505014
33 142 13.326754
33 143 13.543103
33 144 13.547203
33 145 13.565429
33 146 11.941535
33 147 14.781120
33 148 14.647257
33 149 13.073495
33 150 14.222572
33 151 14.725807
33 152 11.438921
33 153 14.566621
33 154 12.596028
33 155 12.073812
33 156 14.704656
33 157 11.958099
33 158 12.547546
33 159 14.265598
33 160 11.000862
33 161 13.996861
33 162 11.588107
33 163 14.756708
33 164 14.496850
33 165 13.727741
33 166 14.346030
33 167 11.052034
33 168 14.228658
33 169 13.841468
33 170 11.231778
33 171 14.814076
33 172 12.722334
33 173 12.568178
33 174 13.099431
33 175 11.537269
33 176 11.241393
33 177 11.399801
33 178 13.889567
33 179 14.142218
33 180 11.810331
33 181 12.035590
33 182 11.442663
33 183 11.810970
33 184 14.438652
33 185 11.972621
33 186 13.151819
33 187 12.119118
33 188 13.750262
33 189 12.715103
33 190 11.093602
33 191 12.636068
33 192 11.033450
33 193 13.436854
33 194 12.094415
33 195 12.788527
33 196 11.336985
33 197 12.219544
33 198 11.913353
33 199 13.464285
33 200 13.691936
34 0 11.169624
34 1 12.269248
34 2 12.794231
34 3 14.723244
34 4 11.717820
34 5 11.653248
34 6 11.714667
34 7 11.913645
34 8 13.386733
34 9 14.815732
34 10 13.474281
34 11 12.633386
34 12 12.986505
34 13 13.875366
34 14 13.523833
34 15 11.440389
34 16 11.017758
34 17 11.662563
34 18 13.598806
34 19 12.889477
34 20 14.612230
34 21 14.150961
34 22 11.792194
34 23 13.371879
34 24 12.217260
34 25 11.255165
34 26 11.180048
34 27 11.054190
34 28 14.013834
34 29 13.088994
34 30 11.335395
34 31 10.993040
34 32 11.354947
34 33 14.339389
34 35 13.552434
34 36 12.168303
34 37 11.808760
34 38 12.601427
34 39 11.870732
34 40 13.151027
34 41 12.060171
34 42 13.023789
34 43 12.720518
34 44 12.065984
34 45 12.440015
34 46 14.556173
34 47 11.405639
34 48 14.365401
34 49 14.730795
34 50 12.714383
34 51 12.049910
34 52 14.381786
34 53 13.199076
34 54 10.965103
34 55 14.226223
34 56 14.695177
34 57 12.405944
34 58 12.149508
34 59 12.668001
34 60 13.215177
34 61 13.562433
34 62 13.460713
34 63 14.817990
34 64 11.480979
34 65 13.251716
34 66 14.292896
34 67 14.743051
34 68 12.599308
34 69 13.844831
34 70 13.199785
34 71 13.951869
34 72 13.593010
34 73 11.057327
34 74 14.767418
34 75 14.587587
34 76 12.974565
34 77 11.851175
34 78 10.980119
34 79 10.939580
34 80 10.972482
34 81 14.459429
34 82 12.486085
34 83 12.183552
34 84 13.041368
34 85 11.561421
34 86 14.351846
34 87 11.779545
34 88 14.391797
34 89 12.692667
34 90 14.540424
34 91 11.495794
34 92 12.041237
34 93 12.124617
34 94 11.131748
34 95 13.007232
34 96 11.278428
34 97 14.553177
34 98 13.840297
34 99 13.484187
34 100 14.371501
34 101 14.096848
34 102 11.956670
34 103 12.056439
34 104 11.618923
34 105 12.156492
34 106 14.538699
34 107 14.406254
34 108 11.132223
34 109 13.223042
34 110 12.026393
34 111 13.613311
34 112 13.930078
34 113 10.993932
34 114 13.599515
34 115 13.665182
34 116 14.037916
34 117 13.676090
34 118 13.592757
34 119 12.309128
34 120 12.564791
34 121 13.844074
34 122 14.045907
34 123 11.729566
34 124 12.133741
34 125 11.939900
34 126 14.557004
34 127 13.039070
34 128 13.570459
34 129 13.501848
34 130 11.733874
34 131 12.339123
34 132 13.226884
34 133 12.489858
34 134 10.979985
34 135 12.127939
34 136 12.621370
34 137 13.779148
34 138 11.668183
34 139 11.779454
34 140 10.934153
34 141 12.164799
34 142 12.304404
34 143 13.743906
34 144 13.505163
34 145 14.378896
34 146 12.840005
34 147 14.763091
34 148 13.121659
34 149 14.108325
34 150 11.260751
34 151 14.355432
34 152 11.168411
34 153 13.085905
34 154 12.477446
34 155 14.753517
34 156 12.642507
34 157 14.630510
34 158 11.232567
34 159 13.971541
34 160 12.356725
34 161 14.013723
34 162 11.200729
34 163 13.131379
34 164 11.847268
34 165 13.393058
34 166 12.659679
34 167 11.828394
34 168 14.236017
34 169 14.093589
34 170 14.777857
34 171 12.946376
34 172 12.245472
34 173 11.587734
34 174 12.413042
34 175 12.663507
34 176 13.527551
34 177 13.444397
34 178 13.101406
34 179 11.340694
34 180 11.205249
34 181 13.822493
34 182 11.125181
34 183 12.890255
34 184 11.934379
34 185 11.405301
34 186 13.017871
34 187 12.699140
34 188 11.166518
34 189 11.622589
34 190 11.415976
34 191 13.282868
34 192 11.494177
34 193 11.412581
34 194 11.893917
34 195 14.343391
34 196 12.485373
34 197 13.504665
34 198 14.510837
34 199 13.637796
34 200 11.823350
35 0 13.244066
35 1 12.683975
35 2 14.187366
35 3 12.201978
35 4 12.589400
35 5 14.381124
35 6 13.661840
35 7 11.566955
35 8 12.450632
35 9 11.852994
35 10 11.349914
35 11 12.488202
35 12 14.339431
35 13 12.990735
35 14 10.926159
35 15 12.755274
35 16 14.775182
35 17 13.805550
35 18 11.102581
35 19 11.314748
35 20 11.748499
35 21 11.497995
35 22 11.674608
35 23 12.555529
35 24 12.392551
35 25 12.262915
35 26 11.685128
35 27 13.271259
35 28 12.919514
35 29 11.159666
35 30 11.757521
35 31 11.372728
35 32 11.214620
35 33 13.296884
35 34 13.552434
35 36 14.412073
35 37 12.007583
35 38 11.892521
35 39 13.530935
35 40 13.230174
35 41 13.720775
35 42 14.368744
35 43 14.629208
35 44 14.066460
35 45 13.227745
35 46 11.628695
35 47 13.045957
35 48 11.833350
35 49 10.970400
35 50 11.161843
35 51 13.578151
35 52 11.316591
35 53 11.725229
35 54 12.614576
35 55 14.569652
35 56 14.732605
35 57 12.975315
35 58 14.593982
35 59 12.665174
35 60 13.127300
35 61 11.094068
35 62 11.398383
35 63 13.381258
35 64 13.694173
35 65 13.738757
35 66 13.252763
35 67 12.772991
35 68 12.404470
35 69 12.928359
35 70 13.123789
35 71 14.108862
35 72 13.394182
35 73 14.289588
35 74 12.826520
35 75 11.149050
35 76 11.335335
35 77 13.389446
35 78 12.558495
35 79 12.292327
35 80 12.911105
35 81 12.815869
35 82 11.325605
35 83 13.224463
35 84 11.356068
35 85 13.800092
35 86 11.626375
35 87 13.452266
35 88 11.660019
35 89 14.467191
35 90 11.908323
35 91 12.203986
35 92 12.464431
35 93 11.456826
35 94 14.397435
35 95 12.354665
35 96 13.397317
35 97 12.355343
35 98 11.583261
35 99 14.259197
35 100 13.559858
35 101 13.720641
35 102 12.605091
35 103 14.548116
35 104 12.437500
35 105 13.125269
35 106 11.355612
35 107 14.327683
35 108 14.356661
35 109 11.163556
35 110 14.015948
35 111 14.087948
35 112 11.020049
35 113 13.194839
35 114 11.538791
35 115 12.671706
35 116 14.524779
35 117 12.983318
35 118 13.502899
35 119 12.761710
35 120 11.369261
35 121 14.420756
35 122 14.612933
35 123 14.319495
35 124 11.706570
35 125 13.081189
35 126 13.979647
35 127 14.389478
35 128 13.996169
35 129 12.688882
35 130 13.507407
35 131 11.776622
35 132 12.530296
35 133 13.969130
35 134 12.804846
35 135 13.285054
35 136 12.783593
35 137 11.806798
35 138 10.950397
35 139 14.691135
35 140 13.580663
35 141 11.688126
35 142 14.650812
35 143 12.561454
35 144 12.442838
35 145 12.554502
35 146 14.470649
35 147 12.220916
35 148 12.595597
35 149 13.128767
35 150 12.419325
35 151 12.351204
35 152 13.911864
35 153 11.835234
35 154 13.201004
35 155 11.197339
35 156 14.595629
35 157 13.411053
35 158 13.067880
35 159 12.891036
35 160 13.645531
35 161 12.541267
35 162 13.132640
35 163 11.088636
35 164 13.232249
35 165 11.262702
35 166 12.564300
35 167 11.386307
35 168 14.264661
35 169 13.814851
35 170 11.936222
35 171 12.195908
35 172 11.584863
35 173 13.381904
35 174 11.449734
35 175 14.170215
35 176 13.579402
35 177 12.995639
35 178 13.737676
35 179 13.800802
35 180 11.706557
35 181 11.001034
35 182 11.639418
35 183 11.865809
35 184 12.903378
35 185 11.348800
35 186 10.965564
35 187 12.594820
35 188 12.197546
35 189 13.447670
35 190 11.085629
35 191 14.666978
35 192 12.630155
35 193 11.305466
35 194 12.567023
35 195 13.825943
35 196 14.670654
35 197 13.043631
35 198 12.170431
35 199 13.896052
35 200 11.994969
36 0 11.950536
36 1 12.339559
36 2 11.561120
36 3 14.429410
36 4 13.359409
36 5 11.643526
36 6 13.996754
36 7 13.692100
36 8 14.444202
36 9 13.448848
36 10 11.016213
36 11 12.248711
36 12 14.570587
36 13 13.769971
36 14 14.728499
36 15 12.670189
36 16 12.301813
36 17 14.131512
36 18 11.336228
36 19 13.585615
36 20 10.993301
36 21 12.674241
36 22 13.345807
36 23 12.049045
36 24 13.428651
36 25 14.618877
36 26 13.858735
36 27 11.508230
36 28 12.193276
36 29 11.578760
36 30 13.279537
36 31 14.475480
36 32 13.500170
36 33 12.460803
36 34 12.168303
36 35 14.412073
36 37 14.258863
36 38 13.215736
36 39 12.290850
36 40 13.589384
36 41 14.179989
36 42 12.041238
36 43 11.929986
36 44 10.965510
36 45 11.125134
36 46 12.863086
36 47 12.114286
36 48 11.382994
36 49 13.190711
36 50 12.692711
36 51 11.309051
36 52 11.689418
36 53 12.931693
36 54 11.023016
36 55 11.215563
36 56 12.650343
36 57 11.630054
36 58 14.431065
36 59 10.949664
36 60 14.685477
36 61 12.281394
36 62 11.970265
36 63 14.743349
36 64 13.409924
36 65 14.274461
36 66 13.732337
36 67 13.298951
36 68 12.145099
36 69 13.163174
36 70 12.276127
36 71 13.524733
36 72 11.368353
36 73 14.042600
36 74 12.098589
36 75 12.317926
36 76 13.060875
36 77 12.248989
36 78 13.394171
36 79 12.171806
36 80 13.828823
36 81 14.334278
36 82 12.409014
36 83 14.053705
36 84 14.501597
36 85 11.377971
36 86 13.353443
36 87 14.595854
36 88 12.604229
36 89 13.729486
36 90 11.122759
36 91 12.360843
36 92 13.741970
36 93 13.153593
36 94 11.395340
36 95 13.171821
36 96 12.412125
36 97 13.319833
36 98 13.929911
36 99 14.336420
36 100 12.361170
36 101 10.936208
36 102 11.939534
36 103 14.462151
36 104 13.856513
36 105 11.516769
36 106 12.714303
36 107 13.340541
36 108 11.303856
36 109 11.783657
36 110 13.912442
36 111 14.635707
36 112 11.768073
36 113 12.728134
36 114 12.460677
36 115 12.867801
36 116 13.994194
36 117 11.009063
36 118 10.927662
36 119 12.055476
36 120 10.991628
36 121 13.234848
36 122 11.850847
36 123 12.337261
36 124 12.211068
36 125 11.828652
36 126 14.517765
36 127 11.803693
36 128 13.956988
36 129 12.196465
36 130 12.879370
36 131 12.341248
36 132 13.197257
36 133 11.078182
36 134 11.063622
36 135 11.527337
36 136 12.247746
36 137 13.951261
36 138 13.185404
36 139 11.386867
36 140 13.081894
36 141 11.369510
36 142 11.114251
36 143 11.274096
36 144 13.516640
36 145 13.574054
36 146 14.404902
36 147 12.019596
36 148 13.717213
36 149 11.330340
36 150 12.817502
36 151 12.021290
36 152 12.917251
36 153 11.316001
36 154 14.193055
36 155 11.159349
36 156 12.355736
36 157 10.989843
36 158 11.828689
36 159 13.902774
36 160 11.157037
36 161 11.912998
36 162 11.009317
36 163 10.947709
36 164 11.205868
36 165 11.732093
36 166 12.529006
36 167 14.737731
36 168 13.539578
36 169 13.292046
36 170 14.061878
36 171 10.942386
36 172 14.608873
36 173 13.349853
36 174 11.113742
36 175 11.651737
36 176 12.989720
36 177 13.843606
36 178 12.955124
36 179 13.508560
36 180 12.926018
36 181 13.364563
36 182 11.536003
36 183 13.697257
36 184 13.865417
36 185 14.756609
36 186 12.856094
36 187 14.362641
36 188 13.755233
36 189 11.803455
36 190 12.465277
36 191 13.736611
36 192 12.167082
36 193 14.604164
36 194 13.843821
36 195 14.044780
36 196 14.059436
36 197 12.448680
36 198 14.353036
36 199 12.119325
36 200 12.870336
37 0 13.024280
37 1 12.220063
37 2 13.836725
37 3 12.766871
37 4 12.301092
37 5 12.292029
37 6 14.452840
37 7 12.386836
37 8 12.096894
37 9 12.687545
37 10 13.519482
37 11 12.304959
37 12 14.386743
37 13 12.911925
37 14 13.657081
37 15 14.070145
37 16 12.636757
37 17 11.631034
37 18 13.973442
37 19 11.041985
37 20 11.313030
37 21 13.172399
37 22 13.199533
37 23 11.708517
37 24 11.667828
37 25 12.000635
37 26 12.440820
37 27 13.420821
37 28 14.489597
37 29 13.592979
37 30 11.617399
37 31 14.738702
37 32 11.710667
37 33 12.967445
37 34 11.808760
37 35 12.007583
37 36 14.258863
37 38 13.556840
37 39 12.540694
37 40 13.731886
37 41 12.841513
37 42 11.593907
37 43 12.397342
37 44 13.866515
37 45 13.495393
37 46 12.430537
37 47 11.637102
37 48 14.312407
37 49 14.308146
37 50 13.613818
37 51 14.044715
37 52 14.528641
37 53 13.517230
37 54 14.385967
37 55 12.823450
37 56 11.632511
37 57 13.696302
37 58 14.080282
37 59 12.316729
37 60 11.609749
37 61 11.391263
37 62 12.860163
37 63 11.091214
37 64 14.611437
37 65 13.924982
37 66 11.743598
37 67 11.476107
37 68 12.387463
37 69 14.247436
37 70 11.338828
37 71 11.229800
37 72 13.950450
37 73 12.361372
37 74 11.506203
37 75 12.570112
37 76 10.987013
37 77 11.451950
37 78 13.570759
37 79 14.630908
37 80 13.140517
37 81 12.387310
37 82 11.463308
37 83 12.840838
37 84 13.599363
37 85 13.382399
37 86 12.411254
37 87 14.410083
37 88 11.691504
37 89 13.783988
37 90 11.871256
37 91 12.415530
37 92 11.189691
37 93 14.052926
37 94 11.339437
37 95 12.663762
37 96 12.858135
37 97 11.067921
37 98 13.684620
37 99 13.477425
37 100 13.458483
37 101 13.755424
37 102 13.182845
37 103 10.941194
37 104 13.290442
37 105 12.451347
37 106 14.672430
37 107 11.049115
37 108 12.243511
37 109 11.313009
37 110 14.419056
37 111 12.786377
37 112 14.102521
37 113 13.088997
37 114 14.787746
37 115 14.481151
37 116 13.243302
37 117 11.717334
37 118 13.135851
37 119 11.813174
37 120 11.773689
37 121 14.723447
37 122 12.636735
37 123 14.491901
37 124 14.465759
37 125 12.515734
37 126 12.619076
37 127 13.730940
37 128 12.782377
37 129 11.387498
37 130 14.175881
37 131 13.430798
37 132 11.114165
37 133 11.889744
37 134 12.249275
37 135 13.248087
37 136 11.697295
37 137 11.316519
37 138 13.046090
37 139 13.027078
37 140 13.096481
37 141 11.014561
37 142 14.478581
37 143 13.086696
37 144 14.059799
37 145 12.881682
37 146 13.028368
37 147 13.514438
37 148 12.135794
37 149 13.570321
37 150 12.950805
37 151 12.005895
37 152 14.504544
37 153 14.611190
37 154 10.975892
37 155 11.405215
37 156 11.742564
37 157 13.253376
37 158 14.426989
37 159 13.564321
37 160 11.340444
37 161 11.460624
37 162 12.333276
37 163 11.666977
37 164 12.300993
37 165 13.762318
37 166 12.093323
37 167 13.350674
37 168 12.586463
37 169 12.507039
37 170 13.579188
37 171 14.336045
37 172 13.902849
37 173 12.000267
37 174 10.967056
37 175 12.255581
37 176 13.214198
37 177 12.459160
37 178 14.754672
37 179 11.067472
37 180 12.256882
37 181 14.215998
37 182 12.549736
37 183 13.641824
37 184 12.218290
37 185 12.788234
37 186 13.261996
37 187 13.326774
37 188 13.275048
37 189 13.654157
37 190 12.107651
37 191 14.226339
37 192 14.532347
37 193 13.907722
37 194 11.490002
37 195 14.170818
37 196 12.855134
37 197 13.459600
37 198 11.774660
37 199 11.640811
37 200 12.686743
38 0 13.552843
38 1 13.266164
38 2 11.179900
38 3 14.120786
38 4 12.802865
38 5 12.669273
38 6 12.266966
38 7 11.097167
38 8 14.798758
38 9 11.486193
38 10 14.549114
38 11 13.838467
38 12 11.602774
38 13 11.280183
38 14 13.674640
38 15 14.181092
38 16 13.238336
38 17 13.129966
38 18 13.606938
38 19 11.291835
38 20 13.343295
38 21 14.716424
38 22 13.355194
38 23 13.869150
38 24 14.150333
38 25 14.289750
38 26 11.464101
38 27 11.753780
38 28 11.516375
38 29 12.251856
38 30 14.664649
38 31 11.585785
38 32 11.097133
38 33 11.750365
38 34 12.601427
38 35 11.892521
38 36 13.215736
38 37 13.556840
38 39 12.771756
38 40 13.523764
38 41 12.831615
38 42 13.375844
38 43 13.510908
38 44 11.417514
38 45 13.830160
38 46 12.335739
38 47 12.672119
38 48 13.137478
38 49 11.414230
38 50 14.716831
38 51 14.233459
38 52 13.878477
38 53 11.550430
38 54 14.230768
38 55 14.695571
38 56 14.658413
38 57 12.210281
38 58 14.470351
38 59 14.110617
38 60 13.583202
38 61 13.483022
38 62 11.426382
38 63 14.630154
38 64 14.272102
38 65 13.164673
38 66 13.810730
38 67 11.528429
38 68 11.685190
38 69 11.429513
38 70 11.795756
38 71 12.313463
38 72 12.607098
38 73 14.572233
38 74 12.126406
38 75 12.285767
38 76 12.016903
38 77 10.995160
38 78 12.107008
38 79 13.703142
38 80 14.677566
38 81 11.560523
38 82 12.320856
38 83 14.257732
38 84 11.550238
38 85 13.990734
38 86 13.699301
38 87 12.013047
38 88 11.782334
38 89 11.417870
38 90 11.139229
38 91 13.474141
38 92 14.810749
38 93 14.224187
38 94 13.225985
38 95 12.366463
38 96 13.015062
38 97 12.199658
38 98 14.351429
38 99 11.769793
38 100 11.433327
38 101 11.572981
38 102 12.406438
38 103 11.355560
38 104 12.781438
38 105 14.661187
38 106 11.510845
38 107 11.022152
38 108 14.193905
38 109 13.674559
38 110 14.453919
38 111 12.234709
38 112 13.997397
38 113 13.849691
38 114 14.636085
38 115 12.601464
38 116 11.371960
38 117 12.806407
38 118 14.161364
38 119 14.518597
38 120 13.395526
38 121 14.298499
38 122 13.291537
38 123 11.188231
38 124 14.157841
38 125 11.950735
38 126 12.787345
38 127 12.028297
38 128 11.132602
38 129 13.171455
38 130 11.749095
38 131 11.592039
38 132 12.860383
38 133 12.403880
38 134 13.817502
38 135 11.880207
38 136 11.058482
38 137 11.858738
38 138 12.111161
38 139 13.845435
38 140 11.073741
38 141 14.718177
38 142 11.402310
38 143 11.133871
38 144 13.277336
38 145 13.128922
38 146 10.941415
38 147 13.398106
38 148 13.579610
38 149 13.247782
38 150 12.012838
38 151 13.143013
38 152 11.204817
38 153 12.912221
38 154 12.315301
38 155 14.620739
38 156 13.947717
38 157 12.609148
38 158 12.465274
38 159 14.714887
38 160 11.082471
38 161 12.229595
38 162 12.341481
38 163 11.597152
38 164 13.662718
38 165 13.268330
38 166 12.398821
38 167 12.843510
38 168 11.269600
38 169 14.256761
38 170 11.605708
38 171 12.811378
38 172 13.814836
38 173 11.418405
38 174 11.076579
38 175 13.214592
38 176 12.812176
38 177 14.402172
38 178 12.249034
38 179 14.774355
38 180 13.708030
38 181 12.633365
38 182 12.404261
38 183 13.555906
38 184 13.692325
38 185 14.451185
38 186 12.323612
38 187 11.881203
38 188 12.694362
38 189 11.271430
38 190 11.483112
38 191 14.271901
38 192 13.624457
38 193 14.096288
38 194 11.383460
38 195 13.652321
38 196 13.470762
38 197 11.172624
38 198 14.146641
38 199 14.462011
38 200 13.184627
39 0 13.585990
39 1 14.351191
39 2 12.067340
39 3 13.585272
39 4 14.039794
39 5 11.073059
39 6 13.151190
39 7 13.160510
39 8 14.432426
39 9 12.199245
39 10 13.847816
39 11 12.096824
39 12 14.319335
39 13 14.115566
39 14 11.716904
39 15 13.395058
39 16 13.433738
39 17 13.398156
39 18 14.287956
39 19 13.508063
39 20 14.772894
39 21 12.588863
39 22 14.646153
39 23 14.527810
39 24 13.695077
39 25 14.387186
39 26 12.035414
39 27 11.884039
39 28 12.920155
39 29 12.408745
39 30 14.441613
39 31 11.544314
39 32 11.187766
39 33 12.796986
39 34 11.870732
39 35 13.530935
39 36 12.290850
39 37 12.540694
39 38 12.771756
39 40 13.575015
39 41 11.261225
39 42 14.464667
39 43 13.074423
39 44 12.353595
39 45 11.780580
39 46 11.942847
39 47 13.631207
39 48 12.417015
39 49 12.359108
39 50 11.209525
39 51 11.850790
39 52 11.385419
39 53 13.111038
39 54 12.678629
39 55 12.720142
39 56 11.803725
39 57 14.628564
39 58 13.976918
39 59 11.270079
39 60 12.662980
39 61 11.982925
39 62 14.689439
39 63 14.756257
39 64 12.003736
39 65 13.496303
39 66 14.435765
39 67 11.726818
39 68 11.324221
39 69 11.809603
39 70 14.655931
39 71 13.236989
39 72 14.054800
39 73 11.676397
39 74 12.198672
39 75 13.411599
39 76 13.358542
39 77 14.763113
39 78 11.074281
39 79 12.674360
39 80 13.525657
39 81 11.537080
39 82 12.816137
39 83 13.236573
39 84 12.971286
39 85 14.332100
39 86 10.920311
39 87 11.028406
39 88 12.802509
39 89 13.430566
39 90 13.029335
39 91 11.700451
39 92 13.408822
39 93 12.917072
39 94 12.930468
39 95 10.952728
39 96 13.114592
39 97 13.981486
39 98 14.554923
39 99 12.455049
39 100 11.401205
39 101 11.563833
39 102 11.464364
39 103 14.390727
39 104 11.873526
39 105 12.424927
39 106 12.024739
39 107 11.016934
39 108 11.141615
39 109 11.678969
39 110 11.666064
39 111 13.132085
39 112 14.148451
39 113 11.114894
39 114 13.074360
39 115 11.914127
39 116 11.192283
39 117 11.230041
39 118 13.641824
39 119 11.691913
39 120 14.161460
39 121 14.236687
39 122 14.473293
39 123 13.946271
39 124 13.255228
39 125 12.904745
39 126 13.355989
39 127 12.916585
39 128 13.559379
39 129 12.980000
39 130 11.134597
39 131 12.365823
39 132 11.986395
39 133 11.405304
39 134 14.471291
39 135 13.884071
39 136 14.077061
39 137 13.241189
39 138 14.817213
39 139 13.924969
39 140 14.242433
39 141 14.427573
39 142 12.627123
39 143 11.191250
39 144 13.496612
39 145 13.401461
39 146 12.387435
39 147 14.032704
39 148 13.254274
39 149 12.010555
39 150 13.554992
39 151 12.172267
39 152 11.832399
39 153 12.659114
39 154 12.081145
39 155 13.908835
39 156 11.266876
39 157 11.168082
39 158 13.618040
39 159 13.622020
39 160 12.129067
39 161 14.090891
39 162 14.242208
39 163 11.051607
39 164 13.161475
39 165 12.527374
39 166 12.629880
39 167 11.409338
39 168 14.032845
39 169 13.370610
39 170 14.281934
39 171 14.151386
39 172 12.672694
39 173 12.686620
39 174 12.474056
39 175 12.550059
39 176 12.080481
39 177 14.070542
39 178 14.744481
39 179 11.138442
39 180 11.247732
39 181 13.900368
39 182 10.961049
39 183 14.704713
39 184 11.618561
39 185 14.203628
39 186 12.523632
39 187 13.754981
39 188 11.605683
39 189 11.238242
39 190 12.247759
39 191 11.344382
39 192 13.041015
39 193 13.935838
39 194 12.824609
39 195 12.498573
39 196 12.321235
39 197 13.637127
39 198 13.512962
39 199 12.662993
39 200 11.408462
40 0 14.650518
40 1 12.544403
40 2 10.921351
40 3 11.663882
40 4 14.314002
40 5 11.310913
40 6 13.511493
40 7 11.697878
40 8 11.034439
40 9 14.784658
40 10 14.350433
40 11 14.291319
40 12 10.973816
40 13 12.972619
40 14 13.331185
40 15 14.527892
40 16 14.435890
40 17 13.885461
40 18 13.596104
40 19 12.845664
40 20 14.113717
40 21 11.398797
40 22 13.709091
40 23 14.444829
40 24 10.953876
40 25 12.470944
40 26 13.599794
40 27 14.000624
40 28 12.160350
40 29 11.028788
40 30 14.402803
40 31 13.899908
40 32 14.711882
40 33 11.918744
40 34 13.151027
40 35 13.230174
40 36 13.589384
40 37 13.731886
40 38 13.523764
40 39 13.575015
40 41 11.424744
40 42 11.183027
40 43 13.221649
40 44 11.825503
40 45 11.071902
40 46 14.350586
40 47 14.332330
40 48 12.731229
40 49 12.181977
40 50 11.877821
40 51 11.753195
40 52 14.499550
40 53 13.031064
40 54 11.015691
40 55 11.670317
40 56 12.871404
40 57 11.480864
40 58 13.500001
40 59 11.190315
40 60 12.921816
40 61 13.235341
40 62 14.022318
40 63 11.204909
40 64 11.005093
40 65 13.625594
40 66 13.457474
40 67 14.264122
40 68 14.123980
40 69 11.886288
40 70 13.420523
40 71 12.667788
40 72 12.573882
40 73 13.575994
40 74 11.467782
40 75 13.957156
40 76 13.645225
40 77 12.949844
40 78 12.590306
40 79 13.852590
40 80 12.723703
40 81 14.744042
40 82 12.826609
40 83 12.092244
40 84 12.490861
40 85 13.600087
40 86 12.365948
40 87 14.793423
40 88 12.634871
40 89 11.321311
40 90 13.451385
40 91 11.337215
40 92 11.399282
40 93 14.097058
40 94 14.495170
40 95 14.041642
40 96 13.076112
40 97 13.926741
40 98 14.416339
40 99 11.098725
40 100 13.497130
40 101 11.710021
40 102 11.995196
40 103 14.756721
40 104 14.160488
40 105 14.343240
40 106 11.590065
40 107 12.352507
40 108 12.614125
40 109 12.799753
40 110 12.546865
40 111 11.030792
40 112 13.641077
40 113 11.102302
40 114 11.955414
40 115 11.228792
40 116 11.682012
40 117 11.466640
40 118 12.317751
40 119 13.037640
40 120 13.453517
40 121 11.612966
40 122 11.577928
40 123 13.067123
40 124 12.570386
40 125 12.815862
40 126 12.181836
40 127 11.761179
40 128 14.670246
40 129 14.293791
40 130 13.860599
40 131 13.989409
40 132 13.386194
40 133 14.426082
40 134 11.004917
40 135 13.501443
40 136 12.622565
40 137 12.240943
40 138 13.513633
40 139 14.054766
40 140 11.559451
40 141 14.473114
40 142 13.999935
40 143 13.796781
40 144 13.426109
40 145 14.228808
40 146 13.827762
40 147 12.639138
40 148 14.782290
40 149 13.323497
40 150 13.753885
40 151 12.784118
40 152 13.992485
40 153 11.266589
40 154 12.230847
40 155 14.174995
40 156 14.021015
40 157 11.298603
40 158 14.660565
40 159 12.261906
40 160 12.973457
40 161 14.306096
40 162 13.108954
40 163 13.463601
40 164 14.502505
40 165 11.017063
40 166 13.276375
40 167 11.343531
40 168 14.786682
40 169 12.151518
40 170 14.267441
40 171 14.550155
40 172 13.131545
40 173 14.034465
40 174 12.461438
40 175 11.507358
40 176 12.235460
40 177 11.291845
40 178 14.299663
40 179 11.811887
40 180 12.006269
40 181 11.622563
40 182 12.521747
40 183 13.277258
40 184 12.240691
40 185 12.284084
40 186 14.460365
40 187 11.042510
40 188 13.343693
40 189 13.215191
40 190 13.506175
40 191 13.661898
40 192 14.795774
40 193 12.708933
40 194 12.129389
40 195 12.186668
40 196 11.307931
40 197 11.535538
40 198 11.529285
40 199 11.133931
40 200 12.521958
41 0 11.308979
41 1 12.289226
41 2 13.705547
41 3 13.941375
41 4 14.123353
41 5 12.275714
41 6 14.473539
41 7 12.837519
41 8 12.410659
41 9 11.567228
41 10 13.436692
41 11 12.459959
41 12 11.952654
41 13 11.899225
41 14 13.940696
41 15 12.229655
41 16 11.866617
41 17 13.598969
41 18 11.815649
41 19 10.932421
41 20 14.655067
41 21 11.919278
41 22 11.864020
41 23 12.655170
41 24 12.996506
41 25 14.256483
41 26 13.633719
41 27 13.210343
41 28 13.519855
41 29 13.060144
41 30 11.105575
41 31 11.635064
41 32 14.181617
41 33 12.035297
41 34 12.060171
41 35 13.720775
41 36 14.179989
41 37 12.841513
41 38 12.831615
41 39 11.261225
41 40 11.424744
41 42 11.466829
41 43 12.895626
41 44 13.893206
41 45 14.600546
41 46 12.757398
41 47 14.438069
41 48 12.002823
41 49 13.020276
41 50 14.527851
41 51 14.752809
41 52 13.406290
41 53 13.832685
41 54 12.322396
41 55 14.552290
41 56 12.235298
41 57 13.778690
41 58 13.319593
41 59 12.714310
41 60 12.162093
41 61 10.960868
41 62 12.239055
41 63 13.286983
41 64 14.704210
41 65 11.721610
41 66 13.451181
41 67 14.622404
41 68 13.882686
41 69 14.816950
41 70 12.471495
41 71 11.048663
41 72 13.065069
41 73 12.556526
41 74 13.295406
41 75 13.953147
41 76 14.385495
41 77 14.115686
41 78 12.562385
41 79 13.726676
41 80 14.732789
41 81 12.280665
41 82 13.544828
41 83 13.095755
41 84 11.277256
41 85 13.578698
41 86 13.018064
41 87 12.034379
41 88 11.829349
41 89 13.054697
41 90 14.348947
41 91 14.294128
41 92 12.503754
41 93 10.941602
41 94 12.091280
41 95 14.457160
41 96 11.763791
41 97 11.083489
41 98 12.046111
41 99 11.242082
41 100 11.734820
41 101 13.823393
41 102 12.868053
41 103 13.152147
41 104 12.147513
41 105 13.167812
41 106 12.817431
41 107 13.155630
41 108 13.626513
41 109 11.304681
41 110 12.787761
41 111 14.484871
41 112 14.579832
41 113 13.004461
41 114 14.427552
41 115 11.206290
41 116 13.666411
41 117 13.288092
41 118 11.188600
41 119 11.976726
41 120 14.363170
41 121 12.115324
41 122 11.110414
41 123 11.297977
41 124 14.383234
41 125 11.139909
41 126 14.492060
41 127 13.212572
41 128 14.652102
41 129 11.872256
41 130 13.943054
41 131 14.053267
41 132 12.722846
41 133 13.631933
41 134 11.537293
41 135 14.144999
41 136 14.791820
41 137 13.004739
41 138 13.724813
41 139 11.908922
41 140 12.854080
41 141 11.902823
41 142 12.626525
41 143 11.152987
41 144 13.718462
41 145 12.669514
41 146 14.069360
41 147 13.604950
41 148 12.273676
41 149 13.050792
41 150 11.791822
41 151 14.490953
41 152 14.056165
41 153 12.240943
41 154 14.183846
41 155 10.932480
41 156 12.811291
41 157 14.409057
41 158 14.485332
41 159 11.491479
41 160 14.403302
41 161 13.255652
41 162 11.429740
41 163 11.185487
41 164 13.969848
41 165 12.535118
41 166 14.676800
41 167 13.513235
41 168 13.115532
41 169 14.663291
41 170 12.294779
41 171 11.862539
41 172 11.753283
41 173 12.943264
41 174 12.192304
41 175 14.355437
41 176 14.451113
41 177 12.515295
41 178 13.889325
41 179 13.174023
41 180 13.700511
41 181 12.758081
41 182 13.137437
41 183 12.816847
41 184 14.220368
41 185 14.464114
41 186 13.997978
41 187 11.754316
41 188 14.325822
41 189 13.561144
41 190 10.986670
41 191 14.636116
41 192 11.605786
41 193 12.462071
41 194 14.813295
41 195 12.686247
41 196 13.473226
41 197 12.100336
41 198 13.438760
41 199 11.404567
41 200 11.082987
42 0 13.413744
42 1 12.823905
42 2 13.718478
42 3 14.356018
42 4 12.604257
42 5 12.225561
42 6 14.465616
42 7 11.998873
42 8 13.010216
42 9 12.324399
42 10 12.835988
42 11 14.062287
42 12 14.010032
42 13 14.468479
42 14 12.635791
42 15 11.566138
42 16 12.244079
42 17 12.739894
42 18 13.344278
42 19 12.623821
42 20 14.448686
42 21 12.545929
42 22 14.666744
42 23 14.779375
42 24 12.354381
42 25 12.126963
42 26 14.564527
42 27 13.152288
42 28 12.666506
42 29 13.846569
42 30 11.227497
42 31 13.086488
42 32 14.216267
42 33 13.442812
42 34 13.023789
42 35 14.368744
42 36 12.041238
42 37 11.593907
42 38 13.375844
42 39 14.464667
42 40 11.183027
42 41 11.466829
42 43 14.031772
42 44 13.540434
42 45 12.934457
42 46 12.960274
42 47 13.509273
42 48 11.984287
42 49 12.032277
42 50 13.126091
42 51 11.053913
42 52 13.547489
42 53 11.471802
42 54 14.091875
42 55 14.398946
42 56 12.405623
42 57 14.023210
42 58 14.207091
42 59 13.335078
42 60 14.609851
42 61 12.397856
42 62 11.293721
42 63 14.774036
42 64 14.041870
42 65 12.174283
42 66 13.916224
42 67 13.398137
42 68 13.643887
42 69 11.195983
42 70 12.659027
42 71 12.826084
42 72 13.773340
42 73 12.249956
42 74 11.104031
42 75 10.947937
42 76 12.134190
42 77 11.726467
42 78 11.822508
42 79 12.112869
42 80 13.511541
42 81 13.425946
42 82 11.597784
42 83 11.501503
42 84 13.692020
42 85 12.439524
42 86 14.104841
42 87 12.117244
42 88 14.641616
42 89 14.420313
42 90 10.988276
42 91 12.049415
42 92 12.803874
42 93 14.361695
42 94 11.364707
42 95 14.357499
42 96 13.869343
42 97 11.137394
42 98 12.047105
42 99 14.090210
42 100 11.548402
42 101 13.515801
42 102 14.733484
42 103 13.080782
42 104 12.035678
42 105 13.224060
42 106 13.099918
42 107 13.479438
42 108 10.993666
42 109 13.837953
42 110 11.391050
42 111 12.953319
42 112 12.071155
42 113 11.031110
42 114 12.270316
42 115 12.673698
42 116 12.764240
42 117 13.854979
42 118 13.308809
42 119 13.705689
42 120 14.475422
42 121 12.479198
42 122 13.560186
42 123 13.759866
42 124 13.922740
42 125 14.474242
42 126 14.669863
42 127 11.911323
42 128 12.640363
42 129 13.381263
42 130 13.407046
42 131 11.271949
42 132 13.325711
42 133 13.006716
42 134 14.744274
42 135 14.178634
42 136 13.615381
42 137 14.600741
42 138 11.541475
42 139 11.118765
42 140 12.801888
42 141 14.521273
42 142 11.864067
42 143 11.875393
42 144 12.238178
42 145 12.178138
42 146 14.290030
42 147 12.644974
42 148 14.642322
42 149 12.927824
42 150 11.666662
42 151 14.614685
42 152 12.006823
42 153 14.742734
42 154 11.642257
42 155 12.085610
42 156 11.601414
42 157 13.479611
42 158 11.625205
42 159 11.693027
42 160 13.875811
42 161 12.893087
42 162 13.755664
42 163 11.682915
42 164 14.136620
42 165 11.251228
42 166 14.236101
42 167 11.332378
42 168 11.143448
42 169 11.733495
42 170 12.354369
42 171 11.881571
42 172 11.091688
42 173 11.691681
42 174 12.123131
42 175 14.390484
42 176 11.299141
42 177 14.183051
42 178 11.876633
42 179 12.275777
42 180 11.084827
42 181 13.007003
42 182 13.610986
42 183 11.063464
42 184 12.452608
42 185 12.021848
42 186 14.120928
42 187 14.282088
42 188 14.252074
42 189 11.268994
42 190 14.123232
42 191 14.534866
42 192 13.115115
42 193 14.059591
42 194 14.545635
42 195 12.630570
42 196 14.500172
42 197 14.586708
42 198 14.456807
42 199 11.922408
42 200 13.912314
43 0 11.921386
43 1 14.114218
43 2 12.055916
43 3 13.185174
43 4 11.573174
43 5 12.048969
43 6 11.053003
43 7 11.124518
43 8 14.024059
43 9 11.790248
43 10 14.679117
43 11 12.380438
43 12 11.358979
43 13 14.424406
43 14 11.870502
43 15 11.340134
43 16 12.212942
43 17 10.942019
43 18 11.659473
43 19 11.654487
43 20 12.969110
43 21 13.710852
43 22 12.577959
43 23 14.448418
43 24 13.457028
43 25 14.266800
43 26 14.456960
43 27 13.150463
43 28 11.262792
43 29 14.008586
43 30 12.830510
43 31 14.347371
43 32 11.147618
43 33 13.915056
43 34 12.720518
43 35 14.629208
43 36 11.929986
43 37 12.397342
43 38 13.510908
43 39 13.074423
43 40 13.221649
43 41 12.895626
43 42 14.031772
43 44 13.797327
43 45 11.218763
43 46 13.743798
43 47 13.682810
43 48 13.671119
43 49 13.831990
43 50 13.691413
43 51 11.606314
43 52 12.254277
43 53 12.294513
43 54 13.725052
43 55 14.803888
43 56 13.906149
43 57 13.631486
43 58 13.210814
43 59 11.971896
43 60 11.565136
43 61 13.307958
43 62 12.272604
43 63 10.934573
43 64 13.661680
43 65 12.946834
43 66 13.186804
43 67 12.032143
43 68 14.804103
43 69 12.634830
43 70 14.653027
43 71 11.799894
43 72 11.678478
43 73 13.916253
43 74 13.162674
43 75 14.636051
43 76 13.808807
43 77 14.123060
43 78 13.628255
43 79 12.856299
43 80 12.104168
43 81 11.242630
43 82 12.874257
43 83 14.117830
43 84 14.725130
43 85 13.435930
43 86 14.174469
43 87 13.463790
43 88 13.588811
43 89 11.775997
43 90 13.112448
43 91 11.602890
43 92 13.511793
43 93 13.628086
43 94 11.349123
43 95 11.761271
43 96 12.395100
43 97 14.171706
43 98 13.386278
43 99 14.807082
43 100 13.093613
43 101 11.618501
43 102 13.764661
43 103 12.864226
43 104 13.767502
43 105 11.227741
43 106 10.995909
43 107 12.474296
43 108 14.711449
43 109 12.544024
43 110 13.236146
43 111 11.744891
43 112 13.288068
43 113 12.535181
43 114 13.303226
43 115 14.377803
43 116 11.597183
43 117 11.082063
43 118 12.562456
43 119 13.044224
43 120 11.311659
43 121 12.669433
43 122 12.363049
43 123 14.006028
43 124 12.654327
43 125 12.050147
43 126 11.028691
43 127 11.141214
43 128 12.178982
43 129 11.759093
43 130 12.036899
43 131 12.667828
43 132 10.977011
43 133 12.819436
43 134 11.435062
43 135 14.073430
43 136 14.426109
43 137 11.774182
43 138 14.416712
43 139 14.272879
43 140 13.597226
43 141 13.546305
43 142 11.323038
43 143 13.654994
43 144 11.205794
43 145 11.297246
43 146 12.156579
43 147 13.072782
43 148 11.054180
43 149 11.496234
43 150 14.355482
43 151 14.479717
43 152 11.699479
43 153 11.291298
43 154 11.166411
43 155 14.754880
43 156 11.938083
43 157 11.094511
43 158 11.980219
43 159 11.990911
43 160 11.974348
43 161 14.590069
43 162 11.986558
43 163 11.820948
43 164 13.404423
43 165 14.657089
43 166 12.012962
43 167 13.706287
43 168 13.044985
43 169 11.649847
43 170 11.278065
43 171 14.130132
43 172 12.519904
43 173 12.223989
43 174 14.111844
43 175 12.910631
43 176 13.608127
43 177 12.759460
43 178 12.771636
43 179 14.657489
43 180 12.143785
43 181 11.464422
43 182 14.231220
43 183 13.395254
43 184 12.827210
43 185 14.010703
43 186 12.011871
43 187 14.398462
43 188 13.478071
43 189 11.338393
43 190 14.397605
43 191 14.094324
43 192 14.166553
43 193 12.541795
43 194 12.717138
43 195 14.584084
43 196 14.768124
43 197 14.524371
43 198 13.073335
43 199 14.430870
43 200 12.125636
44 0 12.483917
44 1 14.497127
44 2 14.511426
44 3 11.548304
44 4 10.932202
44 5 11.432291
44 6 12.073368
44 7 13.781353
44 8 12.203836
44 9 12.067125
44 10 13.523904
44 11 12.421679
44 12 12.907814
44 13 14.696586
44 14 11.563971
44 15 14.028351
44 16 12.863385
44 17 12.808248
44 18 11.158172
44 19 13.380106
44 20 14.400871
44 21 11.655358
44 22 13.791082
44 23 11.759552
44 24 12.124871
44 25 11.295675
44 26 11.892035
44 27 12.797002
44 28 14.432924
44 29 12.759087
44 30 13.200391
44 31 12.482060
44 32 10.922654
44 33 11.281160
44 34 12.065984
44 35 14.066460
44 36 10.965510
44 37 13.866515
44 38 11.417514
44 39 12.353595
44 40 11.825503
44 41 13.893206
44 42 13.540434
44 43 13.797327
44 45 14.770000
44 46 11.926824
44 47 11.238875
44 48 12.614393
44 49 13.088522
44 50 14.557210
44 51 12.056717
44 52 14.273942
44 53 11.668015
44 54 14.535074
44 55 14.247194
44 56 13.374664
44 57 12.628536
44 58 11.976082
44 59 12.628633
44 60 11.327019
44 61 12.569939
44 62 12.507383
44 63 12.184426
44 64 11.467672
44 65 13.691717
44 66 13.552902
44 67 13.631734
44 68 11.420138
44 69 11.291257
44 70 11.584551
44 71 11.676657
44 72 14.069921
44 73 13.371191
44 74 12.925087
44 75 12.743988
44 76 11.090129
44 77 11.007907
44 78 12.540781
44 79 14.766768
44 80 14.146270
44 81 11.870275
44 82 11.169164
44 83 14.116366
44 84 14.803025
44 85 11.274401
44 86 13.727798
44 87 14.780821
44 88 13.628504
44 89 14.433762
44 90 12.065041
44 91 14.712905
44 92 10.992100
44 93 12.525655
44 94 13.735092
44 95 13.843053
44 96 13.776546
44 97 14.140102
44 98 14.152243
44 99 11.834404
44 100 11.285720
44 101 11.400356
44 102 11.664200
44 103 14.191041
44 104 13.658533
44 105 13.176921
44 106 13.641161
44 107 12.800787
44 108 11.106224
44 109 14.613399
44 110 11.697685
44 111 12.655291
44 112 13.385903
44 113 14.237918
44 114 12.802276
44 115 13.057009
44 116 12.483079
44 117 14.371906
44 118 11.069901
44 119 14.310262
44 120 11.499517
44 121 13.376227
44 122 12.777494
44 123 13.553743
44 124 11.643534
44 125 11.608455
44 126 12.396818
44 127 13.851263
44 128 12.048326
44 129 12.479930
44 130 13.845882
44 131 14.064644
44 132 11.462844
44 133 11.782414
44 134 13.098142
44 135 12.093568
44 136 14.008957
44 137 11.181843
44 138 10.969029
44 139 13.613808
44 140 12.833432
44 141 11.623436
44 142 12.233661
44 143 13.323476
44 144 13.013400
44 145 13.268716
44 146 14.766051
44 147 11.870041
44 148 12.234348
44 149 13.785857
44 150 13.581416
44 151 14.423769
44 152 13.944695
44 153 14.816187
44 154 14.320502
44 155 12.050122
44 156 12.142510
44 157 12.133331
44 158 11.677418
44 159 12.682500
44 160 11.965939
44 161 11.451709
44 162 13.069258
44 163 11.552921
44 164 14.344894
44 165 11.288397
44 166 11.883856
44 167 14.618890
44 168 12.365185
44 169 13.042550
44 170 11.101264
44 171 14.300679
44 172 13.293280
44 173 11.028910
44 174 12.187821
44 175 12.680014
44 176 11.354798
44 177 11.151197
44 178 11.395750
44 179 11.504183
44 180 11.259350
44 181 12.904010
44 182 13.968723
44 183 11.581097
44 184 12.234049
44 185 13.957994
44 186 11.825551
44 187 13.850976
44 188 12.853240
44 189 12.633368
44 190 13.687842
44 191 11.611304
44 192 14.226584
44 193 12.864658
44 194 13.822687
44 195 10.935128
44 196 12.063281
44 197 11.989943
44 198 14.705701
44 199 14.810928
44 200 13.204631
45 0 13.802854
45 1 11.033460
45 2 12.381787
45 3 13.698369
45 4 11.762871
45 5 13.020912
45 6 11.114775
45 7 11.288205
45 8 13.160136
45 9 12.395835
45 10 13.344179
45 11 11.066819
45 12 12.835218
45 13 12.332288
45 14 14.400809
45 15 14.249642
45 16 10.936678
45 17 14.654757
45 18 12.715173
45 19 14.787453
45 20 10.968770
45 21 11.152345
45 22 11.821218
45 23 13.664776
45 24 14.458524
45 25 14.604533
45 26 14.512259
45 27 12.540163
45 28 11.111067
45 29 12.262723
45 30 13.619073
45 31 14.190679
45 32 14.003772
45 33 12.246819
45 34 12.440015
45 35 13.227745
45 36 11.125134
45 37 13.495393
45 38 13.830160
45 39 11.780580
45 40 11.071902
45 41 14.600546
45 42 12.934457
45 43 11.218763
45 44 14.770000
45 46 12.696854
45 47 12.148571
45 48 13.122088
45 49 11.684025
45 50 11.518989
45 51 14.233287
45 52 11.186482
45 53 12.240601
45 54 11.727230
45 55 12.626389
45 56 13.529666
45 57 11.410765
45 58 12.128666
45 59 11.458988
45 60 11.130589
45 61 14.762126
45 62 11.677455
45 63 14.497475
45 64 14.760183
45 65 11.055494
45 66 12.545238
45 67 12.470467
45 68 14.777319
45 69 11.609126
45 70 12.813002
45 71 12.835448
45 72 13.669096
45 73 12.242552
45 74 13.612427
45 75 14.640634
45 76 12.455136
45 77 14.339450
45 78 11.302703
45 79 13.818165
45 80 13.968950
45 81 14.170783
45 82 10.956491
45 83 13.113026
45 84 14.399506
45 85 14.311522
45 86 14.781779
45 87 11.075799
45 88 13.329323
45 89 11.355918
45 90 14.368892
45 91 11.908419
45 92 13.152044
45 93 13.995461
45 94 13.564083
45 95 12.805600
45 96 14.531186
45 97 11.741142
45 98 13.991733
45 99 11.591670
45 100 11.867474
45 101 11.158637
45 102 13.640006
45 103 13.140516
45 104 11.068343
45 105 13.813156
45 106 13.526512
45 107 11.372827
45 108 14.238975
45 109 14.343402
45 110 14.287426
45 111 12.983984
45 112 13.853465
45 113 12.569520
45 114 12.952548
45 115 10.942336
45 116 11.412897
45 117 13.655841
45 118 13.974500
45 119 13.808401
45 120 14.674177
45 121 11.041714
45 122 14.617849
45 123 14.118384
45 124 12.976239
45 125 11.428601
45 126 12.810554
45 127 11.997313
45 128 13.840390
45 129 10.983893
45 130 14.207655
45 131 14.164755
45 132 13.497652
45 133 14.750765
45 134 14.796433
45 135 11.996168
45 136 10.968591
45 137 11.432421
45 138 14.558221
45 139 11.364527
45 140 13.941328
45 141 11.093887
45 142 12.285763
45 143 11.974023
45 144 12.902466
45 145 13.226863
45 146 14.522971
45 147 11.802756
45 148 14.626643
45 149 11.801388
45 150 11.258123
45 151 13.973327
45 152 12.026293
45 153 13.799297
45 154 14.556865
45 155 13.357388
45 156 12.405901
45 157 14.145695
45 158 12.792196
45 159 13.968679
45 160 11.413992
45 161 14.117906
45 162 12.744808
45 163 14.405930
45 164 14.071171
45 165 14.130487
45 166 11.865860
45 167 12.395880
45 168 13.747039
45 169 12.628653
45 170 11.309816
45 171 12.201071
45 172 11.767806
45 173 13.218832
45 174 10.964581
45 175 12.997697
45 176 11.994758
45 177 11.528887
45 178 12.488041
45 179 12.192350
45 180 11.707974
45 181 14.321425
45 182 14.449766
45 183 11.312214
45 184 13.363892
45 185 11.118770
45 186 11.142340
45 187 13.820249
45 188 13.596942
45 189 13.154596
45 190 13.431579
45 191 12.171614
45 192 11.545239
45 193 11.079597
45 194 14.653731
45 195 12.158680
45 196 14.545771
45 197 13.927378
45 198 14.057273
45 199 11.020503
45 200 11.940961
46 0 13.644625
46 1 14.449040
46 2 11.597715
46 3 14.408075
46 4 13.692340
46 5 13.201815
46 6 14.009891
46 7 11.304842
46 8 14.185149
46 9 11.864510
46 10 14.766573
46 11 12.515698
46 12 13.162482
46 13 13.360682
46 14 14.323422
46 15 14.679170
46 16 11.634200
46 17 13.381485
46 18 12.352190
46 19 13.973972
46 20 11.499381
46 21 13.687207
46 22 13.906503
46 23 11.458104
46 24 10.937134
46 25 13.165079
46 26 13.578862
46 27 14.260100
46 28 10.999903
46 29 12.990461
46 30 13.183136
46 31 14.614730
46 32 11.394241
46 33 11.083000
46 34 14.556173
46 35 11.628695
46 36 12.863086
46 37 12.430537
46 38 12.335739
46 39 11.942847
46 40 14.350586
46 41 12.757398
46 42 12.960274
46 43 13.743798
46 44 11.926824
46 45 12.696854
46 47 13.098199
46 48 11.909326
46 49 14.020329
46 50 13.013872
46 51 14.064957
46 52 13.858388
46 53 14.591707
46 54 13.301402
46 55 11.189617
46 56 12.869807
46 57 14.031278
46 58 13.094266
46 59 10.951489
46 60 12.505251
46 61 14.065196
46 62 11.196307
46 63 11.836635
46 64 12.363628
46 65 13.591279
46 66 13.696674
46 67 12.775971
46 68 13.624075
46 69 11.040510
46 70 14.409514
46 71 14.041367
46 72 11.569758
46 73 12.067356
46 74 14.790374
46 75 11.721137
46 76 12.864297
46 77 13.529323
46 78 12.926463
46 79 13.060798
46 80 13.214700
46 81 13.571925
46 82 11.145747
46 83 12.563343
46 84 12.881853
46 85 11.645787
46 86 12.858715
46 87 13.056164
46 88 13.886205
46 89 14.489994
46 90 12.271709
46 91 14.008506
46 92 11.920811
46 93 14.801131
46 94 12.940989
46 95 12.498168
46 96 13.158724
46 97 13.112432
46 98 11.423326
46 99 11.690961
46 100 12.495007
46 101 14.008142
46 102 11.065242
46 103 12.320410
46 104 12.659449
46 105 11.741640
46 106 11.273762
46 107 13.627480
46 108 14.514048
46 109 13.208679
46 110 14.813441
46 111 11.882415
46 112 14.112724
46 113 13.320189
46 114 12.337488
46 115 12.779166
46 116 11.649937
46 117 13.190679
46 118 12.554520
46 119 11.219574
46 120 12.072160
46 121 14.092403
46 122 13.362924
46 123 14.681609
46 124 13.550343
46 125 14.365876
46 126 12.183689
46 127 11.561080
46 128 14.662073
46 129 11.788356
46 130 14.570357
46 131 12.941492
46 132 14.394112
46 133 14.236988
46 134 11.253776
46 135 12.645861
46 136 12.806367
46 137 14.408143
46 138 12.720270
46 139 12.478604
46 140 13.555493
46 141 12.979681
46 142 13.801889
46 143 11.584406
46 144 14.015056
46 145 11.345419
46 146 12.455829
46 147 12.308821
46 148 12.229048
46 149 12.987261
46 150 11.921036
46 151 12.627694
46 152 12.017700
46 153 13.381888
46 154 11.430286
46 155 12.545007
46 156 10.973552
46 157 12.378699
46 158 14.337296
46 159 14.343732
46 160 13.175724
46 161 13.210526
46 162 11.561515
46 163 11.173113
46 164 12.019044
46 165 11.376125
46 166 11.542948
46 167 11.368373
46 168 11.843970
46 169 11.529519
46 170 13.189276
46 171 13.066496
46 172 13.299268
46 173 13.788948
46 174 14.340235
46 175 11.604675
46 176 13.790569
46 177 13.257921
46 178 14.630957
46 179 11.548520
46 180 12.183226
46 181 11.938917
46 182 13.784250
46 183 11.939027
46 184 11.794829
46 185 11.191363
46 186 11.028522
46 187 13.448956
46 188 13.941675
46 189 14.013287
46 190 13.019323
46 191 14.026333
46 192 13.660139
46 193 10.938052
46 194 13.578736
46 195 12.861631
46 196 11.786274
46 197 11.481863
46 198 13.888561
46 199 14.770862
46 200 12.089890
47 0 10.942888
47 1 12.554763
47 2 11.996956
47 3 11.237319
47 4 12.339510
47 5 13.965862
47 6 12.196171
47 7 14.389969
47 8 11.445945
47 9 11.343450
47 10 14.110430
47 11 12.330141
47 12 11.493057
47 13 14.065885
47 14 10.935211
47 15 14.325875
47 16 12.807804
47 17 14.685244
47 18 14.120205
47 19 12.580153
47 20 13.150527
47 21 13.548969
47 22 12.880535
47 23 11.474351
47 24 13.205550
47 25 13.595963
47 26 12.540333
47 27 12.206212
47 28 11.330215
47 29 14.429666
47 30 14.430409
47 31 11.468144
47 32 11.443696
47 33 13.802334
47 34 11.405639
47 35 13.045957
47 36 12.114286
47 37 11.637102
47 38 12.672119
47 39 13.631207
47 40 14.332330
47 41 14.438069
47 42 13.509273
47 43 13.682810
47 44 11.238875
47 45 12.148571
47 46 13.098199
47 48 13.449608
47 49 12.167674
47 50 10.958839
47 51 11.207804
47 52 11.307504
47 53 11.026132
47 54 14.020505
47 55 13.773061
47 56 11.438130
47 57 13.881770
47 58 13.965700
47 59 13.106017
47 60 13.695287
47 61 11.979886
47 62 11.482522
47 63 13.023747
47 64 11.945460
47 65 12.772915
47 66 13.765317
47 67 13.585332
47 68 13.006689
47 69 13.231196
47 70 12.928552
47 71 13.095229
47 72 13.534279
47 73 12.036438
47 74 12.331806
47 75 13.907476
47 76 11.597935
47 77 12.176848
47 78 13.508737
47 79 10.973599
47 80 12.350478
47 81 13.473440
47 82 12.874732
47 83 14.556746
47 84 13.418227
47 85 14.715406
47 86 13.845304
47 87 14.592026
47 88 11.996154
47 89 14.317739
47 90 12.333161
47 91 13.700192
47 92 12.742373
47 93 13.034716
47 94 14.719420
47 95 12.602053
47 96 11.634623
47 97 11.699670
47 98 12.400778
47 99 14.298153
47 100 12.248191
47 101 13.017940
47 102 13.527383
47 103 13.356492
47 104 11.099521
47 105 11.811218
47 106 13.320017
47 107 14.242739
47 108 12.322207
47 109 14.801569
47 110 13.744731
47 111 12.721600
47 112 11.704758
47 113 14.045290
47 114 14.735491
47 115 13.278511
47 116 13.131869
47 117 11.725558
47 118 13.639929
47 119 13.690402
47 120 13.867000
47 121 13.279897
47 122 13.504459
47 123 11.673113
47 124 11.884671
47 125 13.367959
47 126 12.440938
47 127 12.624093
47 128 13.987417
47 129 11.304047
47 130 14.332330
47 131 11.008196
47 132 14.699465
47 133 13.846460
47 134 13.002637
47 135 12.194112
47 136 11.826663
47 137 14.702387
47 138 11.098108
47 139 11.439516
47 140 13.369118
47 141 13.708939
47 142 14.675629
47 143 11.783034
47 144 14.592267
47 145 13.789599
47 146 12.103699
47 147 13.311665
47 148 12.777793
47 149 13.658122
47 150 11.184140
47 151 11.785212
47 152 14.604555
47 153 10.963778
47 154 11.375135
47 155 13.038093
47 156 14.304569
47 157 11.156661
47 158 13.481021
47 159 11.256944
47 160 10.923835
47 161 14.344119
47 162 13.703721
47 163 11.693678
47 164 13.583472
47 165 12.933265
47 166 12.217777
47 167 12.579364
47 168 14.335987
47 169 11.844845
47 170 12.789933
47 171 11.418026
47 172 11.909543
47 173 11.467804
47 174 13.499095
47 175 13.712356
47 176 14.187017
47 177 11.668478
47 178 12.545896
47 179 11.028792
47 180 11.805603
47 181 10.975677
47 182 14.610573
47 183 11.837193
47 184 11.861555
47 185 12.598528
47 186 11.155573
47 187 10.944022
47 188 11.820306
47 189 11.319212
47 190 12.546456
47 191 12.572611
47 192 12.817645
47 193 11.997033
47 194 12.427934
47 195 13.146936
47 196 14.141298
47 197 14.689165
47 198 11.948444
47 199 14.340361
47 200 14.509539
48 0 14.752433
48 1 12.993315
48 2 12.780655
48 3 11.701791
48 4 11.675999
48 5 14.011091
48 6 12.564803
48 7 11.677698
48 8 13.740854
48 9 11.905953
48 10 14.466234
48 11 14.694110
48 12 14.381144
48 13 12.754356
48 14 11.667177
48 15 10.920960
48 16 13.824064
48 17 13.076336
48 18 14.553472
48 19 12.230652
48 20 14.709636
48 21 11.205058
48 22 13.363678
48 23 11.052115
48 24 12.592199
48 25 12.187338
48 26 11.803943
48 27 13.378838
48 28 13.133686
48 29 10.994118
48 30 13.124318
48 31 12.157272
48 32 11.508600
48 33 13.071604
48 34 14.365401
48 35 11.833350
48 36 11.382994
48 37 14.312407
48 38 13.137478
48 39 12.417015
48 40 12.731229
48 41 12.002823
48 42 11.984287
48 43 13.671119
48 44 12.614393
48 45 13.122088
48 46 11.909326
48 47 13.449608
48 49 13.931656
48 50 12.030846
48 51 12.115176
48 52 11.794088
48 53 11.969197
48 54 12.102762
48 55 13.054297
48 56 14.198049
48 57 11.645917
48 58 12.837579
48 59 11.068191
48 60 11.901282
48 61 11.415313
48 62 14.031753
48 63 13.950129
48 64 11.020247
48 65 14.763171
48 66 11.897636
48 67 12.312395
48 68 13.732559
48 69 13.478432
48 70 12.774818
48 71 12.927518
48 72 12.344783
48 73 12.803102
48 74 12.875980
48 75 10.947096
48 76 13.319166
48 77 13.174728
48 78 11.576484
48 79 11.086857
48 80 14.672413
48 81 14.790293
48 82 13.974178
48 83 11.328022
48 84 12.014064
48 85 14.630731
48 86 12.269010
48 87 13.697988
48 88 14.261772
48 89 14.128684
48 90 13.696807
48 91 11.893724
48 92 12.260853
48 93 13.936899
48 94 11.324247
48 95 12.166456
48 96 13.661329
48 97 14.776799
48 98 11.450038
48 99 13.351709
48 100 14.565810
48 101 12.852907
48 102 11.133609
48 103 11.358523
48 104 14.562869
48 105 12.076204
48 106 13.362969
48 107 13.448570
48 108 12.156165
48 109 13.375050
48 110 12.020808
48 111 14.223126
48 112 14.719169
48 113 11.441997
48 114 12.920817
48 115 14.608109
48 116 11.219301
48 117 11.349852
48 118 13.959127
48 119 12.776870
48 120 12.608980
48 121 12.691363
48 122 13.418331
48 123 13.713037
48 124 14.284866
48 125 11.371852
48 126 11.193467
48 127 12.195482
48 128 11.668268
48 129 12.264361
48 130 14.806477
48 131 14.344996
48 132 12.443044
48 133 13.455843
48 134 13.178419
48 135 11.887971
48 136 11.938515
48 137 11.334694
48 138 13.550207
48 139 13.833227
48 140 13.395172
48 141 14.386151
48 142 14.177424
48 143 12.071903
48 144 13.879023
48 145 10.942247
48 146 14.404731
48 147 12.248103
48 148 12.762536
48 149 14.660154
48 150 10.974188
48 151 11.911944
48 152 12.973042
48 153 14.361022
48 154 11.342187
48 155 13.740208
48 156 11.173679
48 157 13.868690
48 158 11.638006
48 159 13.917514
48 160 13.469858
48 161 11.130526
48 162 13.294940
48 163 11.002606
48 164 13.172056
48 165 14.169936
48 166 11.496793
48 167 13.256171
48 168 11.058523
48 169 13.333299
48 170 12.489787
48 171 12.446954
48 172 11.813755
48 173 12.306073
48 174 11.249523
48 175 11.458554
48 176 12.208858
48 177 14.713680
48 178 13.978628
48 179 12.471112
48 180 13.121200
48 181 13.945662
48 182 13.538106
48 183 11.891708
48 184 11.528164
48 185 14.308045
48 186 11.971904
48 187 13.470358
48 188 11.657494
48 189 13.405134
48 190 12.710721
48 191 11.371741
48 192 12.548736
48 193 12.689568
48 194 10.986566
48 195 12.623969
48 196 12.408421
48 197 13.968662
48 198 13.424087
48 199 11.696277
48 200 14.026478
49 0 11.774462
49 1 12.720251
49 2 13.305110
49 3 14.164884
49 4 12.248062
49 5 10.922185
49 6 13.198954
49 7 12.534581
49 8 14.439911
49 9 11.020340
49 10 11.719733
49 11 12.884735
49 12 11.489505
49 13 13.093621
49 14 14.799669
49 15 13.235899
49 16 13.224455
49 17 11.612548
49 18 13.168245
49 19 12.651117
49 20 14.181027
49 21 13.454459
49 22 13.359155
49 23 11.816960
49 24 14.213787
49 25 11.687766
49 26 13.053375
49 27 12.616778
49 28 14.321429
49 29 14.234014
49 30 12.030128
49 31 14.089946
49 32 12.716821
49 33 13.509449
49 34 14.730795
49 35 10.970400
49 36 13.190711
49 37 14.308146
49 38 11.414230
49 39 12.359108
49 40 12.181977
49 41 13.020276
49 42 12.032277
49 43 13.831990
49 44 13.088522
49 45 11.684025
49 46 14.020329
49 47 12.167674
49 48 13.931656
49 50 13.283475
49 51 12.051202
49 52 11.940546
49 53 13.377428
49 54 14.369461
49 55 11.984909
49 56 11.046546
49 57 14.326619
49 58 11.052982
49 59 12.579318
49 60 13.452405
49 61 13.811482
49 62 14.776881
49 63 11.286923
49 64 13.739809
49 65 12.012401
49 66 14.696644
49 67 13.760574
49 68 11.667800
49 69 14.103096
49 70 13.189443
49 71 11.263033
49 72 11.408781
49 73 11.460507
49 74 13.683879
49 75 13.466055
49 76 13.273319
49 77 13.612803
49 78 12.903426
49 79 12.691007
49 80 13.332088
49 81 12.793516
49 82 14.302963
49 83 12.382922
49 84 14.403916
49 85 14.134230
49 86 11.358066
49 87 11.542798
49 88 11.962844
49 89 13.242164
49 90 11.882435
49 91 11.218906
49 92 13.832996
49 93 11.807360
49 94 10.931489
49 95 11.126536
49 96 11.838630
49 97 13.925805
49 98 11.496961
49 99 12.994535
49 100 14.292615
49 101 14.117718
49 102 11.657376
49 103 12.101532
49 104 13.294848
49 105 14.656864
49 106 12.491249
49 107 11.324263
49 108 14.059692
49 109 11.567035
49 110 11.405726
49 111 11.422142
49 112 12.151182
49 113 11.907823
49 114 13.780627
49 115 13.816480
49 116 14.773536
49 117 13.943583
49 118 13.547209
49 119 14.636458
49 120 13.973442
49 121 13.942400
49 122 14.185461
49 123 11.296831
49 124 14.690724
49 125 11.311116
49 126 12.121177
49 127 13.906127
49 128 13.232947
49 129 13.309839
49 130 11.895019
49 131 11.094483
49 132 13.633283
49 133 11.891136
49 134 14.359296
49 135 13.994075
49 136 12.812588
49 137 11.998580
49 138 11.173658
49 139 13.112414
49 140 11.921114
49 141 11.668751
49 142 12.540434
49 143 11.985570
49 144 14.567925
49 145 13.240995
49 146 11.491388
49 147 10.974704
49 148 11.130404
49 149 13.025728
49 150 11.285470
49 151 12.677046
49 152 14.334428
49 153 12.005650
49 154 13.853281
49 155 13.714131
49 156 11.639705
49 157 13.808841
49 158 13.492055
49 159 11.616489
49 160 13.829544
49 161 13.668152
49 162 11.635917
49 163 11.963187
49 164 13.373088
49 165 12.236939
49 166 12.692794
49 167 12.629082
49 168 12.588346
49 169 12.531135
49 170 13.308112
49 171 11.544394
49 172 12.554758
49 173 10.992597
49 174 14.234505
49 175 14.508434
49 176 11.005040
49 177 12.976212
49 178 12.635273
49 179 14.055767
49 180 13.993956
49 181 14.795210
49 182 11.720704
49 183 14.043173
49 184 11.098825
49 185 14.663437
49 186 14.755408
49 187 11.787415
49 188 13.846526
49 189 11.587857
49 190 13.159887
49 191 11.079521
49 192 13.925393
49 193 13.194899
49 194 13.548220
49 195 11.531261
49 196 11.234518
49 197 11.807937
49 198 14.713726
49 199 14.796107
49 200 11.437208
50 0 12.246943
50 1 14.331353
50 2 14.790242
50 3 12.239235
50 4 12.185786
50 5 13.528695
50 6 11.692992
50 7 12.461059
50 8 11.352256
50 9 13.227769
50 10 12.620073
50 11 13.924867
50 12 12.379532
50 13 12.477865
50 14 12.072505
50 15 14.594628
50 16 11.765654
50 17 11.467794
50 18 11.132919
50 19 12.637383
50 20 14.259583
50 21 14.727259
50 22 14.402562
50 23 12.525253
50 24 14.063512
50 25 14.429832
50 26 13.256203
50 27 12.587600
50 28 11.281331
50 29 14.400418
50 30 14.304233
50 31 13.389354
50 32 13.355435
50 33 14.054381
50 34 12.714383
50 35 11.161843
50 36 12.692711
50 37 13.613818
50 38 14.716831
50 39 11.209525
50 40 11.877821
50 41 14.527851
50 42 13.126091
50 43 13.691413
50 44 14.557210
50 45 11.518989
50 46 13.013872
50 47 10.958839
50 48 12.030846
50 49 13.283475
50 51 10.946935
50 52 14.506320
50 53 10.935257
50 54 12.819455
50 55 12.575723
50 56 12.470382
50 57 11.325434
50 58 14.616194
50 59 14.369529
50 60 14.500787
50 61 13.293591
50 62 14.037567
50 63 12.315571
50 64 10.990357
50 65 11.296361
50 66 12.605833
50 67 12.549934
50 68 12.119869
50 69 12.766707
50 70 12.570505
50 71 13.068950
50 72 12.236926
50 73 10.976619
50 74 13.906108
50 75 11.364890
50 76 14.591775
50 77 12.195956
50 78 11.132412
50 79 12.481100
50 80 14.245082
50 81 11.002379
50 82 11.934668
50 83 12.219772
50 84 14.029671
50 85 11.820886
50 86 11.645444
50 87 13.744683
50 88 13.874566
50 89 14.068254
50 90 13.865801
50 91 13.186515
50 92 11.989017
50 93 12.760228
50 94 11.154399
50 95 12.798537
50 96 13.047050
50 97 14.613471
50 98 13.972108
50 99 13.499846
50 100 14.097588
50 101 14.099373
50 102 11.045568
50 103 13.918193
50 104 11.881689
50 105 14.298520
50 106 13.904903
50 107 12.846087
50 108 12.740951
50 109 11.811989
50 110 14.608023
50 111 13.536573
50 112 14.287589
50 113 13.299927
50 114 14.422952
50 115 13.180254
50 116 12.750486
50 117 11.202620
50 118 11.741816
50 119 12.288635
50 120 12.333701
50 121 13.593766
50 122 13.367751
50 123 11.163697
50 124 14.087936
50 125 12.914432
50 126 14.413782
50 127 13.768010
50 128 11.065723
50 129 10.927599
50 130 11.153699
50 131 12.583883
50 132 14.245306
50 133 12.056766
50 134 13.603399
50 135 12.265227
50 136 10.991904
50 137 12.981941
50 138 13.051376
50 139 14.469440
50 140 12.928730
50 141 11.515455
50 142 11.582144
50 143 12.920033
50 144 13.327801
50 145 11.397295
50 146 11.361164
50 147 12.367265
50 148 14.469349
50 149 11.378819
50 150 12.427438
50 151 12.111316
50 152 12.286050
50 153 12.909515
50 154 11.974273
50 155 14.019735
50 156 11.846337
50 157 14.062500
50 158 13.578084
50 159 12.435998
50 160 12.557941
50 161 12.756413
50 162 11.162513
50 163 14.405203
50 164 14.769181
50 165 12.767264
50 166 12.066759
50 167 12.420058
50 168 13.399968
50 169 14.674098
50 170 14.362336
50 171 14.092115
50 172 13.484237
50 173 13.938256
50 174 14.253907
50 175 13.029725
50 176 14.100803
50 177 12.951310
50 178 13.745089
50 179 14.185111
50 180 12.979791
50 181 13.850067
50 182 12.757046
50 183 14.268589
50 184 12.768070
50 185 11.870295
50 186 13.009024
50 187 13.041536
50 188 12.065250
50 189 13.175928
50 190 12.727205
50 191 13.384681
50 192 14.284223
50 193 14.625104
50 194 14.464798
50 195 12.431986
50 196 12.145027
50 197 12.199268
50 198 11.058118
50 199 12.704612
50 200 14.683057
51 0 13.607189
51 1 12.310364
51 2 14.109434
51 3 11.295804
51 4 11.356670
51 5 13.678890
51 6 11.898770
51 7 13.883623
51 8 12.863971
51 9 11.359407
51 10 12.221187
51 11 11.529783
51 12 12.184355
51 13 12.322246
51 14 12.263687
51 15 11.407938
51 16 11.170593
51 17 13.769699
51 18 12.096634
51 19 12.843952
51 20 11.884611
51 21 13.198403
51 22 11.014127
51 23 14.303910
51 24 14.715624
51 25 14.706840
51 26 11.737576
51 27 13.010578
51 28 13.292180
51 29 12.769810
51 30 14.378712
51 31 14.156574
51 32 13.461820
51 33 11.520441
51 34 12.049910
51 35 13.578151
51 36 11.309051
51 37 14.044715
51 38 14.233459
51 39 11.850790
51 40 11.753195
51 41 14.752809
51 42 11.053913
51 43 11.606314
51 44 12.056717
51 45 14.233287
51 46 14.064957
51 47 11.207804
51 48 12.115176
51 49 12.051202
51 50 10.946935
51 52 13.350047
51 53 11.018608
51 54 13.706084
51 55 14.602202
51 56 13.239542
51 57 13.702737
51 58 14.093198
51 59 12.785275
51 60 11.910922
51 61 14.384403
51 62 12.960731
51 63 13.972335
51 64 12.640702
51 65 14.049549
51 66 12.463044
51 67 12.808774
51 68 11.747861
51 69 11.385523
51 70 13.683706
51 71 13.771620
51 72 14.274915
51 73 13.528074
51 74 14.758771
51 75 12.979748
51 76 12.645513
51 77 11.085869
51 78 12.989044
51 79 12.742104
51 80 13.464463
51 81 14.483273
51 82 13.781288
51 83 14.193185
51 84 11.238645
51 85 12.114034
51 86 11.103278
51 87 11.381687
51 88 13.172033
51 89 13.373140
51 90 13.459073
51 91 10.931262
51 92 14.380738
51 93 12.899275
51 94 13.529821
51 95 13.314785
51 96 13.571562
51 97 14.711358
51 98 12.712994
51 99 11.772989
51 100 11.080187
51 101 14.200116
51 102 13.943388
51 103 12.265294
51 104 14.083022
51 105 11.614454
51 106 14.317080
51 107 11.625928
51 108 11.121763
51 109 11.499139
51 110 12.634190
51 111 12.402642
51 112 11.809477
51 113 11.474978
51 114 13.569826
51 115 11.780837
51 116 14.115465
51 117 13.271831
51 118 11.142893
51 119 14.137515
51 120 14.312646
51 121 14.692380
51 122 11.936405
51 123 14.306653
51 124 11.740805
51 125 12.026490
51 126 11.210366
51 127 13.493535
51 128 14.173653
51 129 12.686038
51 130 13.355489
51 131 13.070740
51 132 11.213716
51 133 11.588184
51 134 12.031853
51 135 12.488547
51 136 14.498205
51 137 12.077042
51 138 13.522595
51 139 13.088527
51 140 11.744933
51 141 13.647436
51 142 13.000360
51 143 12.881080
51 144 12.746501
51 145 14.408367
51 146 13.760311
51 147 14.698726
51 148 14.506216
51 149 14.498941
51 150 11.279134
51 151 13.376085
51 152 13.785438
51 153 13.774657
51 154 13.372871
51 155 13.556560
51 156 13.209575
51 157 12.116990
51 158 11.754543
51 159 11.892525
51 160 14.689419
51 161 12.057971
51 162 12.560069
51 163 11.183070
51 164 11.456631
51 165 13.035614
51 166 12.894953
51 167 13.463602
51 168 14.309686
51 169 12.678829
51 170 12.080194
51 171 12.804200
51 172 13.441955
51 173 13.789467
51 174 11.960517
51 175 13.542541
51 176 12.700753
51 177 13.747314
51 178 12.214882
51 179 13.029954
51 180 12.664593
51 181 12.217023
51 182 12.058358
51 183 14.175194
51 184 13.245442
51 185 11.032439
51 186 13.998911
51 187 11.171303
51 188 14.076818
51 189 12.096420
51 190 11.641458
51 191 11.107456
51 192 12.241471
51 193 12.550460
51 194 14.275119
51 195 14.064939
51 196 12.169546
51 197 14.282915
51 198 13.014097
51 199 13.568579
51 200 13.617291
52 0 13.179210
52 1 13.411180
52 2 13.759347
52 3 13.237302
52 4 10.986330
52 5 14.647892
52 6 12.248140
52 7 12.463147
52 8 11.291681
52 9 12.213339
52 10 13.238125
52 11 13.396138
52 12 11.822466
52 13 12.622433
52 14 11.552529
52 15 12.707132
52 16 13.434318
52 17 14.036778
52 18 11.779819
52 19 11.242956
52 20 12.706548
52 21 14.416542
52 22 11.311832
52 23 11.019694
52 24 12.703609
52 25 12.223004
52 26 11.673490
52 27 14.235530
52 28 12.254671
52 29 11.046693
52 30 13.267456
52 31 12.954611
52 32 11.452218
52 33 14.374270
52 34 14.381786
52 35 11.316591
52 36 11.689418
52 37 14.528641
52 38 13.878477
52 39 11.385419
52 40 14.499550
52 41 13.406290
52 42 13.547489
52 43 12.254277
52 44 14.273942
52 45 11.186482
52 46 13.858388
52 47 11.307504
52 48 11.794088
52 49 11.940546
52 50 14.506320
52 51 13.350047
52 53 13.848027
52 54 12.761282
52 55 11.458911
52 56 13.311306
52 57 13.980548
52 58 11.128014
52 59 12.959038
52 60 12.655167
52 61 13.789913
52 62 13.917102
52 63 11.846001
52 64 13.523673
52 65 11.245772
52 66 13.921133
52 67 13.808677
52 68 13.733294
52 69 11.700873
52 70 14.050469
52 71 11.922648
52 72 13.599438
52 73 14.066011
52 74 13.381793
52 75 13.475985
52 76 11.754181
52 77 12.448757
52 78 11.266800
52 79 11.489403
52 80 12.943472
52 81 11.939358
52 82 12.528426
52 83 11.292641
52 84 12.918645
52 85 12.009764
52 86 12.621628
52 87 11.777446
52 88 11.933457
52 89 11.873295
52 90 12.746304
52 91 12.537269
52 92 14.507932
52 93 13.049142
52 94 11.257162
52 95 14.148515
52 96 10.986601
52 97 11.517052
52 98 14.521193
52 99 12.978823
52 100 13.044184
52 101 13.692280
52 102 11.179488
52 103 13.760447
52 104 12.341887
52 105 12.500559
52 106 13.040160
52 107 13.675481
52 108 13.441706
52 109 14.260404
52 110 11.052908
52 111 13.907147
52 112 11.048292
52 113 14.206593
52 114 10.975087
52 115 12.292075
52 116 12.870909
52 117 11.375577
52 118 12.857366
52 119 14.377496
52 120 12.060603
52 121 12.799744
52 122 11.418458
52 123 11.092422
52 124 11.500170
52 125 14.779135
52 126 13.183980
52 127 13.690200
52 128 13.211669
52 129 11.227964
52 130 12.232629
52 131 13.564586
52 132 11.871613
52 133 14.665921
52 134 12.345694
52 135 11.414948
52 136 11.380623
52 137 12.930185
52 138 13.869223
52 139 11.186824
52 140 12.824688
52 141 12.137194
52 142 11.485586
52 143 13.979245
52 144 12.033817
52 145 13.758338
52 146 12.101271
52 147 11.975513
52 148 13.524485
52 149 11.892148
52 150 11.502045
52 151 12.451425
52 152 12.282713
52 153 11.471475
52 154 12.981556
52 155 12.652066
52 156 14.257882
52 157 13.896860
52 158 14.666487
52 159 12.238725
52 160 11.645406
52 161 14.123324
52 162 14.381349
52 163 12.170370
52 164 11.680091
52 165 12.557591
52 166 13.238659
52 167 14.531035
52 168 12.990872
52 169 12.538121
52 170 12.122450
52 171 14.109247
52 172 14.577130
52 173 14.235303
52 174 13.639253
52 175 13.897569
52 176 13.866615
52 177 12.250542
52 178 14.735710
52 179 13.092872
52 180 12.444838
52 181 12.603802
52 182 14.473764
52 183 14.750031
52 184 12.697399
52 185 12.701859
52 186 13.074737
52 187 13.213304
52 188 10.986855
52 189 14.661967
52 190 12.615657
52 191 11.380543
52 192 11.522130
52 193 13.459636
52 194 14.784545
52 195 12.373256
52 196 13.766074
52 197 13.169055
52 198 12.717383
52 199 14.403438
52 200 13.388389
53 0 14.715661
53 1 14.174670
53 2 14.226430
53 3 14.296152
53 4 10.956822
53 5 12.596346
53 6 14.119704
53 7 12.485776
53 8 13.625819
53 9 11.638093
53 10 14.275695
53 11 14.715524
53 12 14.299243
53 13 12.653609
53 14 14.133729
53 15 13.804139
53 16 12.853387
53 17 12.331185
53 18 14.507425
53 19 13.477293
53 20 13.009282
53 21 11.297199
53 22 12.963979
53 23 11.011546
53 24 12.684825
53 25 11.906694
53 26 13.381423
53 27 12.383982
53 28 13.116638
53 29 13.099513
53 30 12.229676
53 31 12.988598
53 32 11.484153
53 33 13.845521
53 34 13.199076
53 35 11.725229
53 36 12.931693
53 37 13.517230
53 38 11.550430
53 39 13.111038
53 40 13.031064
53 41 13.832685
53 42 11.471802
53 43 12.294513
53 44 11.668015
53 45 12.240601
53 46 14.591707
53 47 11.026132
53 48 11.969197
53 49 13.377428
53 50 10.935257
53 51 11.018608
53 52 13.848027
53 54 11.003018
53 55 12.147237
53 56 14.036904
53 57 13.811862
53 58 13.833141
53 59 11.773894
53 60 14.576197
53 61 11.761602
53 62 10.959047
53 63 13.623585
53 64 13.913558
53 65 11.826873
53 66 11.146675
53 67 13.740125
53 68 11.998750
53 69 11.397029
53 70 10.986499
53 71 13.156725
53 72 13.092483
53 73 11.900580
53 74 12.035594
53 75 12.171041
53 76 11.335335
53 77 14.624708
53 78 12.500978
53 79 12.321711
53 80 13.268734
53 81 11.827133
53 82 11.276317
53 83 13.514921
53 84 12.461089
53 85 14.411968
53 86 14.733565
53 87 11.245864
53 88 12.003155
53 89 12.106834
53 90 13.990546
53 91 11.239025
53 92 14.758915
53 93 12.412853
53 94 11.010903
53 95 13.066338
53 96 11.332374
53 97 14.456459
53 98 13.301818
53 99 11.794964
53 100 11.792913
53 101 14.620601
53 102 11.989245
53 103 12.833233
53 104 12.646787
53 105 14.494222
53 106 11.410903
53 107 13.793793
53 108 11.176820
53 109 12.436057
53 110 13.764608
53 111 11.584592
53 112 12.070256
53 113 13.427954
53 114 12.311284
53 115 14.796218
53 116 13.259670
53 117 14.571728
53 118 10.952478
53 119 12.795287
53 120 12.109540
53 121 12.465619
53 122 11.048281
53 123 11.840615
53 124 13.325210
53 125 14.165054
53 126 14.762241
53 127 12.576544
53 128 12.251942
53 129 13.450878
53 130 12.741096
53 131 11.700228
53 132 11.664765
53 133 12.764290
53 134 14.583244
53 135 11.508527
53 136 11.905032
53 137 11.114943
53 138 14.014466
53 139 13.703440
53 140 13.109976
53 141 11.441394
53 142 11.859497
53 143 14.242328
53 144 12.729497
53 145 12.813187
53 146 14.204895
53 147 13.548343
53 148 11.194704
53 149 12.498827
53 150 13.597296
53 151 12.928910
53 152 13.208372
53 153 11.317177
53 154 12.410518
53 155 12.836958
53 156 12.409482
53 157 13.379469
53 158 12.039156
53 159 12.957920
53 160 13.775055
53 161 12.060790
53 162 14.585103
53 163 12.930020
53 164 13.283438
53 165 12.689036
53 166 11.155295
53 167 12.112345
53 168 12.292598
53 169 12.697228
53 170 14.389458
53 171 13.961789
53 172 13.646671
53 173 13.416702
53 174 12.993310
53 175 12.174194
53 176 12.868749
53 177 13.659818
53 178 14.081830
53 179 11.771642
53 180 12.043002
53 181 14.733780
53 182 14.390376
53 183 12.804339
53 184 14.756073
53 185 12.491543
53 186 13.844995
53 187 12.299738
53 188 13.946893
53 189 14.125601
53 190 14.431365
53 191 13.411451
53 192 13.277927
53 193 13.736142
53 194 11.441558
53 195 11.896084
53 196 13.121009
53 197 13.830895
53 198 14.075413
53 199 14.295299
53 200 13.652409
54 0 12.439527
54 1 11.616223
54 2 11.441397
54 3 13.248905
54 4 12.898834
54 5 11.641804
54 6 14.106020
54 7 11.344683
54 8 13.538681
54 9 12.532226
54 10 14.143437
54 11 12.851924
54 12 13.901893
54 13 11.467999
54 14 12.881803
54 15 13.185588
54 16 11.822556
54 17 13.465961
54 18 13.060191
54 19 14.011858
54 20 11.723413
54 21 13.785302
54 22 13.155636
54 23 13.618269
54 24 14.760677
54 25 14.490273
54 26 12.421735
54 27 13.956420
54 28 14.168175
54 29 14.513102
54 30 12.834424
54 31 13.278907
54 32 13.846966
54 33 12.155779
54 34 10.965103
54 35 12.614576
54 36 11.023016
54 37 14.385967
54 38 14.230768
54 39 12.678629
54 40 11.015691
54 41 12.322396
54 42 14.091875
54 43 13.725052
54 44 14.535074
54 45 11.727230
54 46 13.301402
54 47 14.020505
54 48 12.102762
54 49 14.369461
54 50 12.819455
54 51 13.706084
54 52 12.761282
54 53 11.003018
54 55 11.846650
54 56 14.128617
54 57 14.391644
54 58 14.223543
54 59 13.819323
54 60 13.567096
54 61 13.061729
54 62 11.952717
54 63 14.527209
54 64 12.006602
54 65 13.582264
54 66 13.392206
54 67 11.624475
54 68 12.120649
54 69 13.626166
54 70 13.498847
54 71 13.548746
54 72 11.159888
54 73 12.963524
54 74 11.987386
54 75 12.894001
54 76 14.170925
54 77 13.390495
54 78 12.012310
54 79 12.996292
54 80 12.324813
54 81 13.839456
54 82 14.663639
54 83 14.224766
54 84 13.463405
54 85 13.529094
54 86 13.389969
54 87 12.658692
54 88 12.055949
54 89 12.451539
54 90 14.014148
54 91 13.370739
54 92 14.457089
54 93 12.084156
54 94 13.547690
54 95 13.252720
54 96 11.709969
54 97 11.135636
54 98 11.729638
54 99 11.753978
54 100 11.162483
54 101 11.874123
54 102 11.122160
54 103 14.691653
54 104 12.360052
54 105 13.435403
54 106 13.566545
54 107 14.785457
54 108 13.834376
54 109 13.010191
54 110 11.658993
54 111 12.866510
54 112 10.947781
54 113 12.481126
54 114 11.859729
54 115 13.895512
54 116 12.201537
54 117 13.494618
54 118 12.405261
54 119 11.860338
54 120 12.429577
54 121 11.896988
54 122 13.708124
54 123 13.244812
54 124 14.697870
54 125 11.526143
54 126 12.947245
54 127 12.231425
54 128 11.108378
54 129 14.017285
54 130 13.132227
54 131 13.887245
54 132 13.581779
54 133 14.328287
54 134 12.887924
54 135 14.814668
54 136 14.186747
54 137 12.605802
54 138 14.590120
54 139 14.747000
54 140 11.447966
54 141 14.734521
54 142 14.408759
54 143 12.454897
54 144 12.942485
54 145 12.148404
54 146 12.377159
54 147 14.399392
54 148 13.714041
54 149 10.972598
54 150 12.150578
54 151 14.242664
54 152 13.725600
54 153 11.248477
54 154 11.752526
54 155 14.515351
54 156 14.383438
54 157 14.585408
54 158 13.173180
54 159 14.243499
54 160 11.291214
54 161 14.435254
54 162 12.680656
54 163 12.194545
54 164 11.855926
54 165 14.484535
54 166 14.146960
54 167 12.289516
54 168 12.781812
54 169 14.489011
54 170 14.630914
54 171 12.838124
54 172 11.376833
54 173 13.192106
54 174 13.571756
54 175 11.187315
54 176 12.533212
54 177 13.738244
54 178 11.037727
54 179 11.680137
54 180 13.178225
54 181 12.667117
54 182 13.524143
54 183 11.738430
54 184 14.718153
54 185 11.502373
54 186 13.008272
54 187 12.978298
54 188 13.005731
54 189 11.274954
54 190 12.384811
54 191 11.367647
54 192 13.058594
54 193 13.998623
54 194 11.497749
54 195 13.188969
54 196 11.092226
54 197 14.060263
54 198 14.161048
54 199 14.511071
54 200 11.473377
55 0 13.854255
55 1 11.015428
55 2 11.496665
55 3 11.239644
55 4 11.467531
55 5 10.978977
55 6 11.805812
55 7 13.077535
55 8 14.411007
55 9 11.089410
55 10 13.873348
55 11 11.765476
55 12 13.830706
55 13 12.544150
55 14 11.328212
55 15 11.640490
55 16 12.228192
55 17 11.078257
55 18 12.129859
55 19 12.747213
55 20 13.110139
55 21 11.652298
55 22 12.636939
55 23 13.710847
55 24 12.258403
55 25 11.940580
55 26 11.914316
55 27 13.449195
55 28 11.830300
55 29 14.707259
55 30 13.928821
55 31 12.237948
55 32 11.096575
55 33 12.879187
55 34 14.226223
55 35 14.569652
55 36 11.215563
55 37 12.823450
55 38 14.695571
55 39 12.720142
55 40 11.670317
55 41 14.552290
55 42 14.398946
55 43 14.803888
55 44 14.247194
55 45 12.626389
55 46 11.189617
55 47 13.773061
55 48 13.054297
55 49 11.984909
55 50 12.575723
55 51 14.602202
55 52 11.458911
55 53 12.147237
55 54 11.846650
55 56 14.514165
55 57 10.922767
55 58 12.744636
55 59 13.057326
55 60 12.581602
55 61 13.044402
55 62 13.437951
55 63 13.451186
55 64 11.128906
55 65 12.083070
55 66 11.258323
55 67 14.018782
55 68 11.899174
55 69 12.543039
55 70 13.561079
55 71 14.125353
55 72 12.525389
55 73 12.154697
55 74 14.240242
55 75 14.079336
55 76 12.816726
55 77 11.051925
55 78 13.435834
55 79 12.256771
55 80 14.090817
55 81 11.559317
55 82 14.268926
55 83 10.945288
55 84 14.403361
55 85 12.544241
55 86 13.134961
55 87 12.744569
55 88 14.743481
55 89 13.549634
55 90 14.073524
55 91 14.026028
55 92 12.521970
55 93 13.672797
55 94 12.700347
55 95 14.399688
55 96 11.251887
55 97 12.558090
55 98 12.061833
55 99 11.909943
55 100 13.327094
55 101 12.999437
55 102 14.588215
55 103 14.212106
55 104 12.966712
55 105 13.425511
55 106 13.198816
55 107 13.934111
55 108 14.176700
55 109 13.173424
55 110 11.180636
55 111 14.236640
55 112 12.124423
55 113 11.605262
55 114 11.456436
55 115 13.036834
55 116 14.091847
55 117 11.063365
55 118 12.410670
55 119 14.020685
55 120 11.279170
55 121 14.086409
55 122 14.745287
55 123 13.977606
55 124 13.650225
55 125 13.292496
55 126 14.809866
55 127 12.658600
55 128 10.928938
55 129 13.190925
55 130 14.477942
55 131 13.896619
55 132 11.250551
55 133 14.093538
55 134 11.016663
55 135 11.225318
55 136 14.581968
55 137 14.762563
55 138 12.358503
55 139 12.931414
55 140 12.238053
55 141 13.808726
55 142 14.637691
55 143 11.295138
55 144 13.665077
55 145 13.176098
55 146 13.067184
55 147 12.355011
55 148 11.101029
55 149 12.613018
55 150 12.482023
55 151 11.209271
55 152 11.398960
55 153 14.135616
55 154 13.179444
55 155 10.996919
55 156 11.039538
55 157 12.809430
55 158 13.427387
55 159 11.038269
55 160 11.760970
55 161 12.360881
55 162 11.916823
55 163 12.278593
55 164 14.580156
55 165 13.973336
55 166 14.050061
55 167 12.970344
55 168 14.261925
55 169 14.313021
55 170 13.989904
55 171 13.717646
55 172 12.979599
55 173 11.605126
55 174 13.212138
55 175 14.261410
55 176 12.132180
55 177 12.106833
55 178 11.389840
55 179 13.235774
55 180 12.745206
55 181 13.804691
55 182 11.408114
55 183 13.097902
55 184 13.585271
55 185 12.680409
55 186 11.376627
55 187 11.079998
55 188 13.134521
55 189 13.397269
55 190 11.455800
55 191 13.821154
55 192 11.439062
55 193 11.721612
55 194 12.851274
55 195 14.269617
55 196 12.481720
55 197 13.913940
55 198 13.390856
55 199 14.610723
55 200 14.600555
56 0 12.044132
56 1 14.077741
56 2 12.532103
56 3 11.815334
56 4 11.431066
56 5 14.435177
56 6 14.624090
56 7 11.485015
56 8 14.364726
56 9 11.606066
56 10 13.464909
56 11 11.828523
56 12 12.848415
56 13 12.839581
56 14 13.091280
56 15 13.510171
56 16 11.713848
56 17 14.444422
56 18 13.348364
56 19 14.100655
56 20 12.250619
56 21 13.124897
56 22 12.757682
56 23 14.099427
56 24 13.405974
56 25 11.393037
56 26 12.295163
56 27 12.320207
56 28 13.152855
56 29 11.268045
56 30 14.112095
56 31 13.894879
56 32 13.272461
56 33 14.499187
56 34 14.695177
56 35 14.732605
56 36 12.650343
56 37 11.632511
56 38 14.658413
56 39 11.803725
56 40 12.871404
56 41 12.235298
56 42 12.405623
56 43 13.906149
56 44 13.374664
56 45 13.529666
56 46 12.869807
56 47 11.438130
56 48 14.198049
56 49 11.046546
56 50 12.470382
56 51 13.239542
56 52 13.311306
56 53 14.036904
56 54 14.128617
56 55 14.514165
56 57 11.734767
56 58 13.554245
56 59 13.263600
56 60 10.940260
56 61 12.383382
56 62 13.436263
56 63 12.763353
56 64 14.615036
56 65 10.931518
56 66 14.324973
56 67 11.126085
56 68 13.236868
56 69 14.806747
56 70 13.249209
56 71 14.429930
56 72 12.165705
56 73 14.608753
56 74 12.618581
56 75 12.856803
56 76 13.173701
56 77 13.655442
56 78 13.714482
56 79 13.062918
56 80 12.330291
56 81 14.492384
56 82 14.368811
56 83 14.811302
56 84 14.419515
56 85 13.474245
56 86 10.952239
56 87 11.207236
56 88 14.080687
56 89 12.448139
56 90 12.734099
56 91 12.825625
56 92 14.472103
56 93 11.306567
56 94 11.092249
56 95 11.674314
56 96 14.020199
56 97 12.705809
56 98 14.019881
56 99 13.535356
56 100 11.181943
56 101 12.950994
56 102 12.584191
56 103 12.891091
56 104 13.242966
56 105 11.741585
56 106 12.430219
56 107 11.694736
56 108 13.488776
56 109 14.410949
56 110 13.283244
56 111 13.476002
56 112 11.877561
56 113 13.790336
56 114 11.188145
56 115 14.691475
56 116 11.565499
56 117 13.595922
56 118 10.943314
56 119 11.350209
56 120 14.309723
56 121 13.949273
56 122 11.026863
56 123 13.228229
56 124 11.651000
56 125 13.916656
56 126 11.955078
56 127 12.205097
56 128 12.646640
56 129 12.373083
56 130 14.048352
56 131 14.588805
56 132 11.506031
56 133 12.481135
56 134 12.195454
56 135 12.857270
56 136 13.926344
56 137 10.968402
56 138 12.409353
56 139 11.192950
56 140 12.041084
56 141 14.380277
56 142 12.519184
56 143 12.169501
56 144 11.773828
56 145 11.689881
56 146 14.110895
56 147 12.770559
56 148 11.454916
56 149 11.192830
56 150 14.538768
56 151 14.796347
56 152 11.764653
56 153 11.424935
56 154 11.760383
56 155 11.057524
56 156 14.493429
56 157 12.722122
56 158 12.014545
56 159 11.087036
56 160 11.331101
56 161 11.793821
56 162 11.630152
56 163 13.882561
56 164 14.586264
56 165 11.240998
56 166 13.646125
56 167 11.670871
56 168 13.429700
56 169 13.430663
56 170 14.476886
56 171 14.286727
56 172 13.690546
56 173 13.307669
56 174 12.049025
56 175 12.892549
56 176 13.757303
56 177 13.650602
56 178 12.796875
56 179 13.601413
56 180 11.195540
56 181 14.181761
56 182 13.791844
56 183 12.846620
56 184 14.102836
56 185 14.068793
56 186 11.876686
56 187 14.345751
56 188 13.104385
56 189 14.815891
56 190 10.924569
56 191 13.574879
56 192 13.398859
56 193 14.041962
56 194 14.731002
56 195 14.702736
56 196 14.394507
56 197 14.177772
56 198 13.253760
56 199 11.806882
56 200 11.549157
57 0 14.700093
57 1 13.594417
57 2 12.792668
57 3 13.062596
57 4 13.273464
57 5 13.855143
57 6 13.044014
57 7 11.102148
57 8 12.549633
57 9 12.260701
57 10 13.888936
57 11 14.671320
57 12 14.105848
57 13 12.833161
57 14 11.360546
57 15 10.945678
57 16 11.937013
57 17 12.086494
57 18 14.093719
57 19 12.915794
57 20 11.496673
57 21 14.003147
57 22 13.856599
57 23 12.329710
57 24 11.866303
57 25 13.405496
57 26 10.937456
57 27 13.383649
57 28 11.008393
57 29 11.204945
57 30 14.172933
57 31 12.132090
57 32 12.981296
57 33 12.257341
57 34 12.405944
57 35 12.975315
57 36 11.630054
57 37 13.696302
57 38 12.210281
57 39 14.628564
57 40 11.480864
57 41 13.778690
57 42 14.023210
57 43 13.631486
57 44 12.628536
57 45 11.410765
57 46 14.031278
57 47 13.881770
57 48 11.645917
57 49 14.326619
57 50 11.325434
57 51 13.702737
57 52 13.980548
57 53 13.811862
57 54 14.391644
57 55 10.922767
57 56 11.734767
57 58 12.035590
57 59 12.218188
57 60 12.129138
57 61 11.561008
57 62 13.504839
57 63 14.383128
57 64 13.442367
57 65 11.858825
57 66 11.994893
57 67 13.205909
57 68 12.879032
57 69 12.007294
57 70 14.817927
57 71 12.370327
57 72 11.372279
57 73 13.628875
57 74 14.487371
57 75 12.093013
57 76 14.152882
57 77 13.929685
57 78 14.730246
57 79 14.283061
57 80 11.727114
57 81 12.766100
57 82 12.314476
57 83 13.824204
57 84 13.227374
57 85 14.319490
57 86 13.537759
57 87 14.245684
57 88 11.911016
57 89 11.606290
57 90 13.360791
57 91 13.668011
57 92 14.191559
57 93 11.569817
57 94 11.076166
57 95 12.677910
57 96 13.012586
57 97 12.287013
57 98 13.169864
57 99 11.444225
57 100 14.583622
57 101 13.042765
57 102 11.560744
57 103 12.211518
57 104 11.682697
57 105 14.416380
57 106 13.894380
57 107 14.073926
57 108 14.642826
57 109 12.746286
57 110 12.950364
57 111 11.873221
57 112 13.322496
57 113 13.109931
57 114 11.594549
57 115 14.266993
57 116 13.369071
57 117 14.759687
57 118 12.812384
57 119 12.098987
57 120 11.392228
57 121 11.914133
57 122 13.249400
57 123 13.225867
57 124 13.798710
57 125 11.657112
57 126 13.250956
57 127 13.534959
57 128 14.012330
57 129 14.129021
57 130 14.477486
57 131 11.302660
57 132 12.824486
57 133 11.664091
57 134 10.957503
57 135 12.958350
57 136 10.994903
57 137 13.814905
57 138 14.584599
57 139 13.280638
57 140 11.308587
57 141 12.131705
57 142 12.249932
57 143 14.747593
57 144 11.692096
57 145 12.763878
57 146 12.771728
57 147 11.100136
57 148 14.512384
57 149 11.704333
57 150 13.768319
57 151 13.095831
57 152 11.039388
57 153 13.525301
57 154 11.072083
57 155 12.007301
57 156 12.631503
57 157 14.692554
57 158 14.564878
57 159 11.923381
57 160 11.787097
57 161 11.248062
57 162 11.634850
57 163 11.571678
57 164 13.124351
57 165 13.783346
57 166 14.546233
57 167 14.418102
57 168 14.171121
57 169 11.951041
57 170 11.893864
57 171 14.025523
57 172 14.083538
57 173 11.175465
57 174 13.798550
57 175 12.393566
57 176 13.581263
57 177 11.869021
57 178 14.369047
57 179 14.237572
57 180 11.922317
57 181 13.103081
57 182 14.424774
57 183 14.809042
57 184 11.833315
57 185 13.895624
57 186 12.953456
57 187 14.418172
57 188 13.791588
57 189 13.145929
57 190 11.229454
57 191 11.777173
57 192 12.991998
57 193 12.741215
57 194 13.565011
57 195 13.510452
57 196 11.662870
57 197 14.442395
57 198 12.167222
57 199 11.242291
57 200 12.506992
58 0 13.825018
58 1 13.821319
58 2 13.027595
58 3 14.250638
58 4 13.060290
58 5 13.010402
58 6 12.188671
58 7 10.969467
58 8 12.047001
58 9 11.278599
58 10 14.813075
58 11 11.997400
58 12 14.746333
58 13 14.758639
58 14 14.435758
58 15 12.001134
58 16 13.636838
58 17 14.353707
58 18 14.425054
58 19 12.860017
58 20 14.732988
58 21 13.222059
58 22 14.738201
58 23 11.754022
58 24 11.737726
58 25 14.718833
58 26 12.667281
58 27 14.712117
58 28 11.533302
58 29 13.408301
58 30 12.643524
58 31 11.118839
58 32 11.053536
58 33 12.531953
58 34 12.149508
58 35 14.593982
58 36 14.431065
58 37 14.080282
58 38 14.470351
58 39 13.976918
58 40 13.500001
58 41 13.319593
58 42 14.207091
58 43 13.210814
58 44 11.976082
58 45 12.128666
58 46 13.094266
58 47 13.965700
58 48 12.837579
58 49 11.052982
58 50 14.616194
58 51 14.093198
58 52 11.128014
58 53 13.833141
58 54 14.223543
58 55 12.744636
58 56 13.554245
58 57 12.035590
58 59 14.578774
58 60 14.736894
58 61 13.801138
58 62 14.451823
58 63 11.307627
58 64 11.578307
58 65 12.883291
58 66 12.376217
58 67 11.725259
58 68 10.932245
58 69 12.149434
58 70 14.396385
58 71 14.530723
58 72 13.529101
58 73 13.139115
58 74 14.024626
58 75 14.451192
58 76 12.015144
58 77 11.715968
58 78 12.935716
58 79 12.260904
58 80 13.723459
58 81 11.194965
58 82 13.523976
58 83 12.401553
58 84 12.283912
58 85 13.943486
58 86 14.808267
58 87 11.600104
58 88 12.132430
58 89 11.303526
58 90 13.941831
58 91 13.399550
58 92 13.926627
58 93 13.996319
58 94 14.389994
58 95 11.148298
58 96 14.383629
58 97 14.611199
58 98 14.683575
58 99 11.340459
58 100 12.449904
58 101 14.620074
58 102 11.251395
58 103 14.235979
58 104 13.245203
58 105 14.236072
58 106 14.818789
58 107 11.273755
58 108 13.012801
58 109 11.921252
58 110 13.132739
58 111 13.365732
58 112 11.855592
58 113 10.928346
58 114 11.996782
58 115 12.905867
58 116 14.122515
58 117 11.952081
58 118 13.867116
58 119 12.447691
58 120 12.486425
58 121 11.249701
58 122 11.898779
58 123 13.241903
58 124 13.901243
58 125 11.867389
58 126 12.442968
58 127 14.772332
58 128 12.397091
58 129 11.102885
58 130 12.859822
58 131 13.134437
58 132 13.081263
58 133 12.265438
58 134 11.824163
58 135 14.367698
58 136 13.399450
58 137 13.259341
58 138 14.399639
58 139 10.944670
58 140 10.944340
58 141 12.755922
58 142 13.830640
58 143 12.955404
58 144 12.406924
58 145 12.492449
58 146 11.747297
58 147 12.780351
58 148 12.224868
58 149 11.550715
58 150 14.127262
58 151 11.506677
58 152 11.329681
58 153 12.750342
58 154 14.015456
58 155 12.333132
58 156 13.752504
58 157 12.868598
58 158 11.120450
58 159 12.959571
58 160 12.471727
58 161 14.145404
58 162 14.319295
58 163 12.114718
58 164 14.211489
58 165 11.566185
58 166 14.582060
58 167 12.656774
58 168 13.343365
58 169 13.564315
58 170 11.792491
58 171 13.628876
58 172 13.872831
58 173 13.623323
58 174 11.700852
58 175 13.947229
58 176 14.714880
58 177 12.546647
58 178 14.166135
58 179 13.514265
58 180 12.376766
58 181 10.931224
58 182 13.537492
58 183 12.317226
58 184 13.742676
58 185 13.124240
58 186 14.719396
58 187 12.556781
58 188 14.561443
58 189 12.651693
58 190 14.198839
58 191 12.973178
58 192 12.598873
58 193 13.676500
58 194 13.800436
58 195 13.553493
58 196 13.258950
58 197 13.650452
58 198 12.755654
58 199 11.170670
58 200 12.567089
59 0 11.289225
59 1 12.879250
59 2 11.201550
59 3 12.735662
59 4 13.626512
59 5 13.351439
59 6 11.555841
59 7 11.289753
59 8 12.559297
59 9 13.005218
59 10 14.452522
59 11 14.430061
59 12 14.238029
59 13 12.601706
59 14 11.349385
59 15 13.576669
59 16 11.958994
59 17 12.902192
59 18 11.498747
59 19 12.455237
59 20 13.420531
59 21 14.595467
59 22 12.240761
59 23 14.787566
59 24 10.944728
59 25 14.475007
59 26 12.604646
59 27 13.045116
59 28 11.269710
59 29 14.662976
59 30 14.083497
59 31 11.511566
59 32 11.781734
59 33 14.517720
59 34 12.668001
59 35 12.665174
59 36 10.949664
59 37 12.316729
59 38 14.110617
59 39 11.270079
59 40 11.190315
59 41 12.714310
59 42 13.335078
59 43 11.971896
59 44 12.628633
59 45 11.458988
59 46 10.951489
59 47 13.106017
59 48 11.068191
59 49 12.579318
59 50 14.369529
59 51 12.785275
59 52 12.959038
59 53 11.773894
59 54 13.819323
59 55 13.057326
59 56 13.263600
59 57 12.218188
59 58 14.578774
59 60 12.899985
59 61 13.582731
59 62 12.846072
59 63 12.428822
59 64 12.858900
59 65 13.159207
59 66 12.757674
59 67 11.745779
59 68 11.716301
59 69 13.623390
59 70 11.969701
59 71 12.247105
59 72 12.838186
59 73 13.442530
59 74 11.370258
59 75 14.754643
59 76 11.663621
59 77 11.210351
59 78 12.029540
59 79 14.287105
59 80 12.057952
59 81 14.778695
59 82 12.025231
59 83 12.581792
59 84 11.452130
59 85 13.505217
59 86 13.712545
59 87 11.016671
59 88 13.948673
59 89 11.087549
59 90 14.635510
59 91 11.381580
59 92 13.064129
59 93 11.623772
59 94 12.759010
59 95 14.269456
59 96 14.105873
59 97 11.233432
59 98 12.162626
59 99 14.398832
59 100 12.935741
59 101 12.566911
59 102 14.627866
59 103 14.049230
59 104 11.124271
59 105 14.743246
59 106 11.379116
59 107 12.386584
59 108 14.303471
59 109 12.264981
59 110 13.379492
59 111 13.255884
59 112 10.951235
59 113 12.481333
59 114 13.564026
59 115 13.639227
59 116 11.631748
59 117 11.278130
59 118 12.330420
59 119 14.818875
59 120 14.634027
59 121 14.105060
59 122 12.815203
59 123 12.920404
59 124 12.944932
59 125 12.455280
59 126 13.035014
59 127 13.807762
59 128 11.778158
59 129 11.501344
59 130 12.250894
59 131 11.705156
59 132 13.064173
59 133 14.674387
59 134 12.591443
59 135 13.408264
59 136 11.552560
59 137 13.822977
59 138 12.223790
59 139 12.004589
59 140 12.792718
59 141 11.845255
59 142 13.569975
59 143 11.495637
59 144 13.408709
59 145 14.112926
59 146 13.240726
59 147 13.206760
59 148 11.618753
59 149 14.568261
59 150 11.487414
59 151 13.168324
59 152 14.718522
59 153 12.726785
59 154 12.908502
59 155 13.607346
59 156 12.230054
59 157 13.235056
59 158 11.488113
59 159 14.769858
59 160 13.629495
59 161 13.985290
59 162 13.282336
59 163 14.206404
59 164 12.183765
59 165 12.822892
59 166 12.430714
59 167 12.905790
59 168 11.266211
59 169 11.530707
59 170 12.613025
59 171 12.975673
59 172 12.241891
59 173 12.436854
59 174 13.785893
59 175 11.280846
59 176 13.389203
59 177 14.328854
59 178 12.439537
59 179 11.648846
59 180 14.187408
59 181 13.426154
59 182 12.386217
59 183 14.319512
59 184 11.062197
59 185 14.361908
59 186 14.066914
59 187 12.134302
59 188 12.721652
59 189 10.948903
59 190 11.907332
59 191 11.095782
59 192 14.149681
59 193 12.421641
59 194 12.558307
59 195 12.142673
59 196 12.635177
59 197 14.369972
59 198 12.997608
59 199 11.234451
59 200 14.593923
60 0 13.130334
60 1 12.219151
60 2 12.053733
60 3 11.208875
60 4 12.027718
60 5 13.935908
60 6 14.543959
60 7 12.697228
60 8 13.951812
60 9 12.596579
60 10 11.194552
60 11 11.886165
60 12 11.563893
60 13 13.956351
60 14 13.984539
60 15 13.782270
60 16 14.467051
60 17 13.357625
60 18 12.562875
60 19 14.438803
60 20 14.006103
60 21 13.279039
60 22 14.676320
60 23 12.138106
60 24 13.270267
60 25 13.919285
60 26 12.407375
60 27 11.110841
60 28 14.114972
60 29 13.840380
60 30 13.806377
60 31 11.259931
60 32 13.608527
60 33 14.016404
60 34 13.215177
60 35 13.127300
60 36 14.685477
60 37 11.609749
60 38 13.583202
60 39 12.662980
60 40 12.921816
60 41 12.162093
60 42 14.609851
60 43 11.565136
60 44 11.327019
60 45 11.130589
60 46 12.505251
60 47 13.695287
60 48 11.901282
60 49 13.452405
60 50 14.500787
60 51 11.910922
60 52 12.655167
60 53 14.576197
60 54 13.567096
60 55 12.581602
60 56 10.940260
60 57 12.129138
60 58 14.736894
60 59 12.899985
60 61 13.682785
60 62 12.837517
60 63 13.018403
60 64 11.253086
60 65 12.980870
60 66 11.506132
60 67 12.926107
60 68 13.841685
60 69 12.699574
60 70 11.093123
60 71 12.709371
60 72 11.909958
60 73 14.345087
60 74 14.621758
60 75 14.072443
60 76 13.301928
60 77 13.739693
60 78 13.710684
60 79 12.255235
60 80 13.256545
60 81 11.121412
60 82 14.644851
60 83 12.681076
60 84 12.141931
60 85 12.645153
60 86 14.385930
60 87 14.313809
60 88 13.297195
60 89 12.613349
60 90 13.174399
60 91 11.205393
60 92 12.663104
60 93 11.360440
60 94 12.369368
60 95 14.666385
60 96 12.837458
60 97 13.506984
60 98 14.331904
60 99 11.908217
60 100 13.044749
60 101 13.633445
60 102 11.595312
60 103 11.380796
60 104 14.696311
60 105 14.181578
60 106 13.989223
60 107 12.239900
60 108 12.121878
60 109 13.107834
60 110 14.544175
60 111 11.555871
60 112 12.151354
60 113 14.772725
60 114 14.784397
60 115 12.552175
60 116 11.003725
60 117 11.593083
60 118 14.805987
60 119 12.939257
60 120 14.406426
60 121 11.527888
60 122 11.574219
60 123 11.978607
60 124 12.006699
60 125 13.502847
60 126 14.788031
60 127 11.426067
60 128 13.402877
60 129 11.634006
60 130 14.777354
60 131 11.440480
60 132 14.334580
60 133 12.622376
60 134 11.716053
60 135 12.726403
60 136 12.779514
60 137 11.841627
60 138 14.119215
60 139 12.776196
60 140 11.254249
60 141 13.727064
60 142 11.586321
60 143 13.718746
60 144 12.332867
60 145 13.593783
60 146 11.075026
60 147 14.616826
60 148 12.067889
60 149 12.783805
60 150 11.653171
60 151 14.479191
60 152 11.751035
60 153 14.306040
60 154 12.181465
60 155 12.258962
60 156 14.010475
60 157 13.749595
60 158 11.900446
60 159 12.544046
60 160 12.199300
60 161 13.982959
60 162 11.811817
60 163 12.061320
60 164 13.489569
60 165 13.040108
60 166 12.418788
60 167 11.833917
60 168 12.292181
60 169 13.427969
60 170 12.024695
60 171 14.777608
60 172 13.646382
60 173 13.495100
60 174 12.503327
60 175 14.017625
60 176 11.490280
60 177 13.024219
60 178 12.233023
60 179 13.635856
60 180 14.535695
60 181 14.362591
60 182 12.964133
60 183 12.318045
60 184 13.736631
60 185 12.640520
60 186 13.255487
60 187 12.001378
60 188 13.049545
60 189 13.877088
60 190 13.066037
60 191 13.887909
60 192 12.687084
60 193 11.763228
60 194 12.579964
60 195 12.902178
60 196 11.766673
60 197 11.358470
60 198 14.251379
60 199 13.748428
60 200 14.321642
61 0 11.942022
61 1 14.730755
61 2 12.738104
61 3 12.161166
61 4 12.662460
61 5 13.927872
61 6 11.575517
61 7 14.284033
61 8 14.696267
61 9 12.284733
61 10 12.483177
61 11 14.130011
61 12 14.373320
61 13 11.288136
61 14 11.271347
61 15 12.657817
61 16 12.351908
61 17 11.565433
61 18 11.734584
61 19 13.182179
61 20 12.673337
61 21 14.503095
61 22 13.621073
61 23 13.756954
61 24 11.476148
61 25 12.463693
61 26 11.506864
61 27 12.356548
61 28 11.586749
61 29 13.927756
61 30 14.623810
61 31 12.389620
61 32 11.040854
61 33 12.123850
61 34 13.562433
61 35 11.094068
61 36 12.281394
61 37 11.391263
61 38 13.483022
61 39 11.982925
61 40 13.235341
61 41 10.960868
61 42 12.397856
61 43 13.307958
61 44 12.569939
61 45 14.762126
61 46 14.065196
61 47 11.979886
61 48 11.415313
61 49 13.811482
61 50 13.293591
61 51 14.384403
61 52 13.789913
61 53 11.761602
61 54 13.061729
61 55 13.044402
61 56 12.383382
61 57 11.561008
61 58 13.801138
61 59 13.582731
61 60 13.682785
61 62 11.586353
61 63 12.072012
61 64 14.078439
61 65 14.425666
61 66 13.070534
61 67 14.030412
61 68 11.494475
61 69 14.201962
61 70 12.710445
61 71 14.323280
61 72 12.795790
61 73 11.516770
61 74 13.939569
61 75 14.059885
61 76 11.391875
61 77 13.381148
61 78 13.868924
61 79 12.475656
61 80 13.202383
61 81 11.889369
61 82 14.678229
61 83 11.069287
61 84 14.690611
61 85 10.960432
61 86 11.304407
61 87 14.312802
61 88 12.417705
61 89 13.248574
61 90 14.249371
61 91 13.361686
61 92 11.689139
61 93 12.369338
61 94 12.796121
61 95 11.931616
61 96 12.859461
61 97 13.179994
61 98 13.854240
61 99 13.926033
61 100 13.480306
61 101 13.547889
61 102 14.465760
61 103 11.516947
61 104 12.251656
61 105 14.491917
61 106 13.999106
61 107 12.370014
61 108 14.020642
61 109 12.425981
61 110 12.016092
61 111 12.845665
61 112 12.680412
61 113 13.704148
61 114 12.308278
61 115 13.992064
61 116 12.083851
61 117 13.031972
61 118 14.692511
61 119 13.697027
61 120 14.569628
61 121 12.908042
61 122 13.134171
61 123 13.795946
61 124 11.733545
61 125 11.395438
61 126 12.493879
61 127 11.762050
61 128 14.483310
61 129 13.812063
61 130 11.564071
61 131 12.409764
61 132 12.768753
61 133 11.371101
61 134 12.160840
61 135 13.237776
61 136 14.393975
61 137 13.455372
61 138 11.377024
61 139 14.647485
61 140 12.486583
61 141 14.256132
61 142 11.355362
61 143 12.513781
61 144 14.747297
61 145 12.610035
61 146 12.728393
61 147 11.322627
61 148 12.175175
61 149 12.611584
61 150 11.061182
61 151 13.966048
61 152 13.113389
61 153 12.054531
61 154 14.512556
61 155 13.028030
61 156 13.430117
61 157 13.467151
61 158 13.347654
61 159 13.216425
61 160 11.787946
61 161 12.205463
61 162 11.412667
61 163 13.987700
61 164 11.891020
61 165 11.182587
61 166 12.892145
61 167 13.599167
61 168 12.160165
61 169 14.213248
61 170 11.966658
61 171 14.255044
61 172 14.767766
61 173 14.141846
61 174 11.672797
61 175 11.762058
61 176 13.989752
61 177 12.425034
61 178 11.707131
61 179 13.027583
61 180 14.817520
61 181 14.233527
61 182 14.471711
61 183 13.811804
61 184 12.697004
61 185 11.025394
61 186 12.792440
61 187 13.922575
61 188 14.171645
61 189 11.312480
61 190 12.921572
61 191 12.579076
61 192 14.810065
61 193 13.993427
61 194 13.964488
61 195 12.098192
61 196 12.824804
61 197 11.651195
61 198 12.400068
61 199 11.811386
61 200 13.892306
62 0 10.971069
62 1 14.260070
62 2 12.335748
62 3 13.275300
62 4 12.104513
62 5 13.752048
62 6 12.764034
62 7 12.311525
62 8 14.258173
62 9 13.397883
62 10 14.618699
62 11 13.076348
62 12 11.994149
62 13 11.897827
62 14 13.637875
62 15 14.377355
62 16 11.131773
62 17 11.414014
62 18 12.999917
62 19 12.485355
62 20 14.611475
62 21 13.562200
62 22 11.452515
62 23 13.750519
62 24 11.356952
62 25 13.264481
62 26 11.264713
62 27 13.547313
62 28 11.287541
62 29 11.623134
62 30 11.654578
62 31 13.475923
62 32 14.332459
62 33 14.658770
62 34 13.460713
62 35 11.398383
62 36 11.970265
62 37 12.860163
62 38 11.426382
62 39 14.689439
62 40 14.022318
62 41 12.239055
62 42 11.293721
62 43 12.272604
62 44 12.507383
62 45 11.677455
62 46 11.196307
62 47 11.482522
62 48 14.031753
62 49 14.776881
62 50 14.037567
62 51 12.960731
62 52 13.917102
62 53 10.959047
62 54 11.952717
62 55 13.437951
62 56 13.436263
62 57 13.504839
62 58 14.451823
62 59 12.846072
62 60 12.837517
62 61 11.586353
62 63 14.521129
62 64 11.013102
62 65 14.013383
62 66 13.029358
62 67 10.927724
62 68 13.136404
62 69 13.778554
62 70 13.355895
62 71 14.352887
62 72 11.784794
62 73 14.152143
62 74 14.136169
62 75 11.893826
62 76 13.757208
62 77 11.926981
62 78 10.953333
62 79 13.876659
62 80 13.220080
62 81 11.273730
62 82 12.744535
62 83 12.745539
62 84 14.263942
62 85 12.616369
62 86 11.177845
62 87 12.921619
62 88 14.059833
62 89 11.745709
62 90 13.787593
62 91 12.171114
62 92 12.564869
62 93 13.881985
62 94 14.434081
62 95 14.009505
62 96 12.488956
62 97 11.528450
62 98 14.193348
62 99 14.621769
62 100 11.876766
62 101 11.593596
62 102 11.661198
62 103 14.093531
62 104 11.136937
62 105 12.865116
62 106 14.162085
62 107 11.392545
62 108 11.961408
62 109 12.942946
62 110 13.401369
62 111 11.317459
62 112 13.894430
62 113 11.435164
62 114 14.412602
62 115 14.736769
62 116 13.530991
62 117 14.381458
62 118 13.718404
62 119 11.511348
62 120 12.290367
62 121 11.727944
62 122 12.099026
62 123 11.601614
62 124 13.469796
62 125 11.104905
62 126 11.527022
62 127 12.174882
62 128 12.844058
62 129 11.352806
62 130 12.060193
62 131 12.788494
62 132 11.834692
62 133 14.589414
62 134 13.057056
62 135 14.034301
62 136 14.031408
62 137 11.852272
62 138 14.721132
62 139 13.487923
62 140 14.101877
62 141 11.964901
62 142 14.608686
62 143 13.229902
62 144 14.585842
62 145 14.691241
62 146 13.202690
62 147 13.666710
62 148 11.961841
62 149 13.064410
62 150 14.314302
62 151 12.558143
62 152 11.420065
62 153 11.422936
62 154 11.868481
62 155 11.636788
62 156 13.660748
62 157 12.943913
62 158 13.663026
62 159 13.127078
62 160 12.930109
62 161 11.296480
62 162 13.084174
62 163 11.594085
62 164 14.144046
62 165 14.275727
62 166 11.305597
62 167 11.921532
62 168 14.558136
62 169 14.358631
62 170 13.446658
62 171 12.069386
62 172 12.439546
62 173 12.073540
62 174 13.981459
62 175 14.112297
62 176 13.452411
62 177 12.894555
62 178 12.937413
62 179 10.948115
62 180 13.035101
62 181 11.938169
62 182 12.087514
62 183 13.973228
62 184 14.032136
62 185 12.350046
62 186 13.461471
62 187 14.300378
62 188 13.147936
62 189 14.497146
62 190 13.295286
62 191 12.901884
62 192 11.685426
62 193 12.508438
62 194 14.465625
62 195 13.599697
62 196 13.321954
62 197 13.451840
62 198 11.752124
62 199 13.979418
62 200 14.035116
63 0 11.277730
63 1 11.281454
63 2 14.715939
63 3 12.766930
63 4 12.816019
63 5 12.699103
63 6 13.659603
63 7 11.876217
63 8 13.301479
63 9 13.759764
63 10 13.398370
63 11 13.231705
63 12 13.488493
63 13 14.176320
63 14 13.055373
63 15 13.777360
63 16 13.231014
63 17 13.340256
63 18 14.687471
63 19 11.704415
63 20 14.108307
63 21 13.684408
63 22 10.945928
63 23 13.601289
63 24 11.643211
63 25 12.513630
63 26 11.511337
63 27 12.419116
63 28 12.545361
63 29 13.435551
63 30 11.121249
63 31 13.876991
63 32 11.452049
63 33 11.108838
63 34 14.817990
63 35 13.381258
63 36 14.743349
63 37 11.091214
63 38 14.630154
63 39 14.756257
63 40 11.204909
63 41 13.286983
63 42 14.774036
63 43 10.934573
63 44 12.184426
63 45 14.497475
63 46 11.836635
63 47 13.023747
63 48 13.950129
63 49 11.286923
63 50 12.315571
63 51 13.972335
63 52 11.846001
63 53 13.623585
63 54 14.527209
63 55 13.451186
63 56 12.763353
63 57 14.383128
63 58 11.307627
63 59 12.428822
63 60 13.018403
63 61 12.072012
63 62 14.521129
63 64 11.942494
63 65 13.550930
63 66 12.263784
63 67 13.674618
63 68 11.965278
63 69 11.501727
63 70 13.932360
63 71 11.609195
63 72 12.433625
63 73 13.060354
63 74 11.206521
63 75 13.369079
63 76 13.063933
63 77 14.183017
63 78 14.418763
63 79 12.539475
63 80 11.779540
63 81 14.389392
63 82 13.277799
63 83 13.252067
63 84 13.110009
63 85 12.776977
63 86 11.301436
63 87 13.006105
63 88 14.103364
63 89 13.034881
63 90 12.875996
63 91 11.785992
63 92 13.216484
63 93 12.785032
63 94 13.155055
63 95 13.231564
63 96 11.072088
63 97 14.267439
63 98 13.330609
63 99 13.891385
63 100 12.946952
63 101 12.574605
63 102 13.102021
63 103 13.346960
63 104 11.224176
63 105 11.718944
63 106 11.651162
63 107 12.208821
63 108 11.895791
63 109 14.233712
63 110 11.044200
63 111 13.158523
63 112 14.043794
63 113 11.984667
63 114 14.804360
63 115 13.836285
63 116 13.232878
63 117 12.361297
63 118 12.366111
63 119 11.811205
63 120 12.755767
63 121 13.556614
63 122 14.359223
63 123 11.059982
63 124 14.735388
63 125 13.766468
63 126 12.161136
63 127 12.105863
63 128 13.056506
63 129 14.547652
63 130 14.763809
63 131 11.864536
63 132 14.521225
63 133 11.604967
63 134 13.654444
63 135 14.483695
63 136 11.490570
63 137 12.881036
63 138 14.276938
63 139 12.174676
63 140 11.623514
63 141 12.856016
63 142 12.738457
63 143 11.044068
63 144 13.493325
63 145 12.956885
63 146 12.415873
63 147 11.443773
63 148 11.124241
63 149 13.167961
63 150 14.218687
63 151 13.752406
63 152 12.192096
63 153 10.943514
63 154 11.204692
63 155 11.198082
63 156 11.633650
63 157 12.378055
63 158 11.084314
63 159 13.977602
63 160 12.943751
63 161 14.563798
63 162 11.175789
63 163 14.554276
63 164 14.646395
63 165 13.723900
63 166 14.518204
63 167 14.792165
63 168 12.451666
63 169 13.686793
63 170 12.763003
63 171 13.388901
63 172 13.836647
63 173 14.198428
63 174 12.091803
63 175 13.396527
63 176 12.849328
63 177 13.039299
63 178 13.577689
63 179 11.950235
63 180 13.420438
63 181 12.842145
63 182 12.776728
63 183 12.941755
63 184 11.099530
63 185 12.484260
63 186 14.064191
63 187 13.279807
63 188 14.077216
63 189 14.516448
63 190 11.587090
63 191 14.145360
63 192 13.679915
63 193 11.475293
63 194 14.056740
63 195 11.669883
63 196 13.353534
63 197 11.924507
63 198 11.627625
63 199 14.104656
63 200 13.956631
64 0 13.996312
64 1 14.732904
64 2 13.694010
64 3 12.262925
64 4 14.145459
64 5 11.853244
64 6 11.176555
64 7 13.404042
64 8 13.683785
64 9 11.983145
64 10 13.469717
64 11 12.230471
64 12 11.703383
64 13 12.654746
64 14 13.346861
64 15 13.269147
64 16 14.499243
64 17 12.820523
64 18 11.538879
64 19 13.788429
64 20 14.172265
64 21 13.545005
64 22 12.810019
64 23 13.253848
64 24 12.616630
64 25 14.421677
64 26 14.128247
64 27 12.050489
64 28 14.762607
64 29 13.835680
64 30 14.688765
64 31 12.124644
64 32 12.364626
64 33 14.199477
64 34 11.480979
64 35 13.694173
64 36 13.409924
64 37 14.611437
64 38 14.272102
64 39 12.003736
64 40 11.005093
64 41 14.704210
64 42 14.041870
64 43 13.661680
64 44 11.467672
64 45 14.760183
64 46 12.363628
64 47 11.945460
64 48 11.020247
64 49 13.739809
64 50 10.990357
64 51 12.640702
64 52 13.523673
64 53 13.913558
64 54 12.006602
64 55 11.128906
64 56 14.615036
64 57 13.442367
64 58 11.578307
64 59 12.858900
64 60 11.253086
64 61 14.078439
64 62 11.013102
64 63 11.942494
64 65 11.661011
64 66 12.859618
64 67 14.705529
64 68 12.828472
64 69 14.067350
64 70 13.403529
64 71 11.934323
64 72 11.893229
64 73 12.585386
64 74 13.629319
64 75 14.224830
64 76 12.045423
64 77 14.358618
64 78 14.674327
64 79 11.426008
64 80 12.505002
64 81 11.560816
64 82 14.163094
64 83 11.885023
64 84 12.040797
64 85 12.434228
64 86 12.033791
64 87 14.611812
64 88 13.658766
64 89 11.492696
64 90 11.555636
64 91 13.715102
64 92 13.075609
64 93 13.074786
64 94 11.156217
64 95 13.168949
64 96 12.720166
64 97 14.349451
64 98 11.944459
64 99 12.498483
64 100 14.639066
64 101 12.447510
64 102 13.375700
64 103 10.981138
64 104 12.739801
64 105 14.421266
64 106 11.680123
64 107 13.796381
64 108 11.290161
64 109 14.666300
64 110 14.244083
64 111 12.647806
64 112 14.676652
64 113 12.471496
64 114 12.192353
64 115 13.106862
64 116 14.392525
64 117 14.136553
64 118 13.023295
64 119 13.414250
64 120 14.395322
64 121 12.447382
64 122 12.900052
64 123 11.545337
64 124 12.928366
64 125 14.620956
64 126 11.648612
64 127 11.034013
64 128 13.971825
64 129 14.008974
64 130 12.700947
64 131 12.923282
64 132 12.056445
64 133 11.933361
64 134 13.964940
64 135 11.485855
64 136 11.440849
64 137 13.314420
64 138 11.258729
64 139 11.818977
64 140 14.540768
64 141 11.081574
64 142 11.174105
64 143 10.993783
64 144 12.545679
64 145 11.611389
64 146 11.926283
64 147 12.693116
64 148 13.840860
64 149 13.830681
64 150 12.869839
64 151 14.407600
64 152 13.439382
64 153 11.221522
64 154 14.628118
64 155 11.234788
64 156 14.054588
64 157 11.646685
64 158 11.788294
64 159 14.044309
64 160 13.944851
64 161 14.192935
64 162 14.696069
64 163 12.518515
64 164 11.444136
64 165 11.162317
64 166 11.004303
64 167 11.316063
64 168 12.687725
64 169 14.084942
64 170 11.663162
64 171 12.608144
64 172 14.672957
64 173 11.539255
64 174 13.031887
64 175 10.973901
64 176 11.140946
64 177 13.700690
64 178 12.945324
64 179 13.001630
64 180 14.008313
64 181 11.455430
64 182 11.442320
64 183 11.350250
64 184 12.812735
64 185 11.149159
64 186 13.087053
64 187 12.229772
64 188 11.216238
64 189 11.638874
64 190 14.091728
64 191 11.368110
64 192 11.103900
64 193 12.312265
64 194 11.232920
64 195 12.449793
64 196 12.687151
64 197 14.154046
64 198 14.127284
64 199 12.005013
64 200 12.676453
65 0 11.258777
65 1 12.764768
65 2 12.841510
65 3 11.385186
65 4 11.985285
65 5 12.924034
65 6 13.335355
65 7 13.733573
65 8 14.409126
65 9 14.681593
65 10 13.282923
65 11 11.885305
65 12 13.036096
65 13 13.304347
65 14 14.121882
65 15 11.685722
65 16 14.050037
65 17 12.849127
65 18 13.616303
65 19 12.646682
65 20 13.082437
65 21 13.302943
65 22 13.425927
65 23 13.808806
65 24 13.743490
65 25 13.718514
65 26 13.078154
65 27 12.172506
65 28 14.546086
65 29 13.608384
65 30 12.364092
65 31 13.146366
65 32 11.977988
65 33 11.818486
65 34 13.251716
65 35 13.738757
65 36 14.274461
65 37 13.924982
65 38 13.164673
65 39 13.496303
65 40 13.625594
65 41 11.721610
65 42 12.174283
65 43 12.946834
65 44 13.691717
65 45 11.055494
65 46 13.591279
65 47 12.772915
65 48 14.763171
65 49 12.012401
65 50 11.296361
65 51 14.049549
65 52 11.245772
65 53 11.826873
65 54 13.582264
65 55 12.083070
65 56 10.931518
65 57 11.858825
65 58 12.883291
65 59 13.159207
65 60 12.980870
65 61 14.425666
65 62 14.013383
65 63 13.550930
65 64 11.661011
65 66 13.597102
65 67 11.438786
65 68 11.647202
65 69 13.955443
65 70 12.876771
65 71 13.082369
65 72 14.238603
65 73 14.726956
65 74 14.445120
65 75 14.582932
65 76 12.407157
65 77 11.124099
65 78 10.962653
65 79 13.886787
65 80 12.849718
65 81 13.636556
65 82 11.915414
65 83 13.886007
65 84 10.962826
65 85 11.431583
65 86 14.595029
65 87 13.734230
65 88 13.601896
65 89 11.396490
65 90 11.723865
65 91 11.449296
65 92 12.214670
65 93 11.360031
65 94 12.578538
65 95 11.159809
65 96 11.289514
65 97 14.567296
65 98 13.000264
65 99 11.080692
65 100 12.736822
65 101 10.927326
65 102 11.259358
65 103 11.559321
65 104 12.827615
65 105 14.174000
65 106 14.016574
65 107 14.413141
65 108 11.261551
65 109 12.886959
65 110 12.941683
65 111 11.922919
65 112 14.217174
65 113 12.800864
65 114 13.225018
65 115 14.748792
65 116 12.202678
65 117 14.182655
65 118 11.086278
65 119 12.814060
65 120 12.748580
65 121 13.401203
65 122 11.224337
65 123 13.069222
65 124 11.152146
65 125 14.064224
65 126 11.532980
65 127 13.798772
65 128 14.725746
65 129 14.323397
65 130 11.536933
65 131 12.300885
65 132 12.859968
65 133 11.269304
65 134 12.654191
65 135 12.370716
65 136 12.961999
65 137 13.462316
65 138 11.437779
65 139 12.374489
65 140 13.684790
65 141 11.134970
65 142 14.361494
65 143 10.934622
65 144 11.164353
65 145 14.208312
65 146 12.858997
65 147 13.286698
65 148 11.040082
65 149 11.818104
65 150 13.369438
65 151 13.873471
65 152 12.553131
65 153 11.986616
65 154 11.007274
65 155 11.678664
65 156 12.827892
65 157 12.549840
65 158 11.513475
65 159 14.803119
65 160 13.452309
65 161 11.901706
65 162 13.441406
65 163 13.370420
65 164 13.629084
65 165 14.211152
65 166 11.029847
65 167 12.618638
65 168 13.992054
65 169 14.472904
65 170 13.651918
65 171 12.975453
65 172 13.966991
65 173 12.316473
65 174 11.546343
65 175 12.390923
65 176 13.463004
65 177 13.763963
65 178 14.147156
65 179 13.384654
65 180 11.754077
65 181 13.869460
65 182 11.590560
65 183 13.287775
65 184 13.401926
65 185 11.038814
65 186 12.239908
65 187 11.241350
65 188 14.652112
65 189 11.937157
65 190 14.457391
65 191 14.160839
65 192 12.762301
65 193 11.964221
65 194 14.615465
65 195 13.150941
65 196 11.179706
65 197 11.153929
65 198 12.417025
65 199 11.260218
65 200 13.981747
66 0 13.894478
66 1 11.012630
66 2 14.105226
66 3 12.665214
66 4 11.954336
66 5 12.605272
66 6 14.802394
66 7 14.550692
66 8 13.739203
66 9 12.975529
66 10 11.129688
66 11 13.913477
66 12 14.712695
66 13 14.334618
66 14 11.904953
66 15 12.743802
66 16 13.934658
66 17 13.989429
66 18 14.707586
66 19 13.060626
66 20 13.704609
66 21 12.899232
66 22 11.961117
66 23 13.997147
66 24 12.753101
66 25 11.658568
66 26 11.547266
66 27 12.954578
66 28 13.556431
66 29 14.553392
66 30 12.000399
66 31 13.049148
66 32 12.584891
66 33 11.749627
66 34 14.292896
66 35 13.252763
66 36 13.732337
66 37 11.743598
66 38 13.810730
66 39 14.435765
66 40 13.457474
66 41 13.451181
66 42 13.916224
66 43 13.186804
66 44 13.552902
66 45 12.545238
66 46 13.696674
66 47 13.765317
66 48 11.897636
66 49 14.696644
66 50 12.605833
66 51 12.463044
66 52 13.921133
66 53 11.146675
66 54 13.392206
66 55 11.258323
66 56 14.324973
66 57 11.994893
66 58 12.376217
66 59 12.757674
66 60 11.506132
66 61 13.070534
66 62 13.029358
66 63 12.263784
66 64 12.859618
66 65 13.597102
66 67 11.660488
66 68 13.199751
66 69 13.533229
66 70 13.622544
66 71 11.681803
66 72 11.496301
66 73 11.720365
66 74 13.829242
66 75 14.604560
66 76 11.724704
66 77 11.696900
66 78 14.098119
66 79 14.370285
66 80 13.273359
66 81 13.093174
66 82 11.151758
66 83 11.160464
66 84 13.875972
66 85 13.427954
66 86 12.968485
66 87 13.651337
66 88 14.107521
66 89 13.900820
66 90 11.032980
66 91 12.499292
66 92 13.324699
66 93 13.273211
66 94 13.316444
66 95 14.369808
66 96 11.844460
66 97 13.910202
66 98 14.137738
66 99 11.656507
66 100 13.699403
66 101 11.857150
66 102 12.309470
66 103 13.205652
66 104 13.131012
66 105 11.401807
66 106 14.806360
66 107 14.203121
66 108 12.329104
66 109 14.614795
66 110 12.336344
66 111 12.502484
66 112 13.424539
66 113 11.924452
66 114 14.581258
66 115 13.443132
66 116 11.221425
66 117 12.321595
66 118 12.517785
66 119 11.925414
66 120 12.663214
66 121 13.082701
66 122 13.657075
66 123 14.789443
66 124 13.790800
66 125 13.011234
66 126 13.331672
66 127 13.322516
66 128 12.098475
66 129 13.566034
66 130 13.869709
66 131 13.261157
66 132 13.667147
66 133 12.126624
66 134 12.617790
66 135 11.552435
66 136 11.176201
66 137 10.950316
66 138 13.679333
66 139 13.273781
66 140 11.512222
66 141 11.723388
66 142 14.669184
66 143 14.016884
66 144 11.171004
66 145 13.161207
66 146 13.185479
66 147 12.417488
66 148 12.519793
66 149 14.181586
66 150 12.700073
66 151 13.277740
66 152 14.387299
66 153 14.124612
66 154 11.519625
66 155 10.943604
66 156 12.147585
66 157 13.558411
66 158 11.499234
66 159 13.755173
66 160 12.372138
66 161 14.267051
66 162 13.584481
66 163 12.469013
66 164 12.360421
66 165 11.627891
66 166 14.791052
66 167 11.946906
66 168 13.540438
66 169 11.526718
66 170 13.728145
66 171 13.034225
66 172 13.890292
66 173 11.709212
66 174 11.059675
66 175 11.814255
66 176 13.790225
66 177 10.968902
66 178 14.710997
66 179 13.333232
66 180 11.191396
66 181 13.075971
66 182 12.659541
66 183 13.937598
66 184 12.752740
66 185 12.648360
66 186 11.637889
66 187 11.086761
66 188 11.570910
66 189 11.011404
66 190 11.677185
66 191 14.310909
66 192 11.719649
66 193 11.771664
66 194 12.582197
66 195 14.546535
66 196 14.632594
66 197 12.685038
66 198 14.301763
66 199 12.597149
66 200 14.054518
67 0 14.521834
67 1 13.711330
67 2 13.278662
67 3 11.767024
67 4 12.358729
67 5 14.691295
67 6 11.768373
67 7 13.059684
67 8 13.899354
67 9 11.984197
67 10 11.635199
67 11 13.143698
67 12 11.819290
67 13 13.044588
67 14 13.222533
67 15 12.908333
67 16 13.420154
67 17 11.307068
67 18 14.038294
67 19 13.911296
67 20 11.872728
67 21 13.357690
67 22 13.987792
67 23 13.197024
67 24 12.503450
67 25 13.276016
67 26 14.370987
67 27 14.099762
67 28 12.870876
67 29 14.381843
67 30 12.886316
67 31 14.121435
67 32 11.068410
67 33 13.202168
67 34 14.743051
67 35 12.772991
67 36 13.298951
67 37 11.476107
67 38 11.528429
67 39 11.726818
67 40 14.264122
67 41 14.622404
67 42 13.398137
67 43 12.032143
67 44 13.631734
67 45 12.470467
67 46 12.775971
67 47 13.585332
67 48 12.312395
67 49 13.760574
67 50 12.549934
67 51 12.808774
67 52 13.808677
67 53 13.740125
67 54 11.624475
67 55 14.018782
67 56 11.126085
67 57 13.205909
67 58 11.725259
67 59 11.745779
67 60 12.926107
67 61 14.030412
67 62 10.927724
67 63 13.674618
67 64 14.705529
67 65 11.438786
67 66 11.660488
67 68 13.952485
67 69 11.253784
67 70 12.380774
67 71 11.722453
67 72 11.532942
67 73 10.981752
67 74 12.085471
67 75 12.338497
67 76 11.027188
67 77 14.009816
67 78 13.361095
67 79 14.598224
67 80 13.994718
67 81 12.576429
67 82 12.266415
67 83 12.669057
67 84 14.111901
67 85 11.228711
67 86 14.765258
67 87 13.932197
67 88 12.817656
67 89 11.867350
67 90 11.377154
67 91 13.204726
67 92 13.310518
67 93 11.070971
67 94 12.786312
67 95 12.220626
67 96 11.073526
67 97 12.134884
67 98 13.479058
67 99 13.124666
67 100 11.680123
67 101 13.092856
67 102 11.347118
67 103 11.990578
67 104 14.209910
67 105 11.677585
67 106 13.183042
67 107 13.973741
67 108 13.535936
67 109 12.580208
67 110 11.219235
67 111 14.786688
67 112 14.701591
67 113 13.140767
67 114 13.213744
67 115 13.872608
67 116 11.543142
67 117 14.125911
67 118 14.509075
67 119 13.201022
67 120 11.211549
67 121 13.669647
67 122 14.605419
67 123 11.952056
67 124 13.004568
67 125 12.486975
67 126 14.124601
67 127 12.303044
67 128 12.327793
67 129 11.303875
67 130 11.356120
67 131 12.083115
67 132 11.983594
67 133 13.610026
67 134 13.813123
67 135 12.447922
67 136 13.451152
67 137 12.720134
67 138 12.773667
67 139 13.583841
67 140 12.960174
67 141 11.758211
67 142 10.950581
67 143 11.115831
67 144 14.811948
67 145 11.558408
67 146 12.458379
67 147 12.994276
67 148 14.810978
67 149 13.999178
67 150 12.306350
67 151 10.999700
67 152 12.063686
67 153 11.054615
67 154 10.975375
67 155 11.322747
67 156 11.721404
67 157 14.097712
67 158 14.046403
67 159 12.894119
67 160 12.439315
67 161 11.679612
67 162 13.021893
67 163 10.952980
67 164 12.016733
67 165 13.822324
67 166 13.218829
67 167 11.407768
67 168 13.054280
67 169 11.844434
67 170 14.027388
67 171 12.346581
67 172 11.156729
67 173 12.051702
67 174 11.787871
67 175 12.548882
67 176 13.429601
67 177 11.283678
67 178 11.084684
67 179 13.254727
67 180 12.016217
67 181 11.516515
67 182 11.450688
67 183 11.858104
67 184 11.128541
67 185 14.305079
67 186 13.043726
67 187 13.575810
67 188 11.187662
67 189 10.925255
67 190 13.706490
67 191 12.690580
67 192 12.139825
67 193 11.469781
67 194 14.735224
67 195 13.166183
67 196 13.985734
67 197 14.057518
67 198 11.702830
67 199 12.697350
67 200 11.761387
68 0 12.327366
68 1 14.527570
68 2 12.490741
68 3 12.219852
68 4 11.916638
68 5 14.421284
68 6 13.295232
68 7 11.919747
68 8 13.625316
68 9 14.147485
68 10 11.737668
68 11 10.987179
68 12 13.354461
68 13 14.697226
68 14 12.526524
68 15 11.577626
68 16 14.341652
68 17 13.267767
68 18 11.787400
68 19 14.383622
68 20 14.170549
68 21 12.679171
68 22 13.638133
68 23 13.935431
68 24 11.797010
68 25 13.606200
68 26 13.462424
68 27 11.654064
68 28 13.143451
68 29 11.906306
68 30 12.638991
68 31 13.691015
68 32 11.363031
68 33 11.570699
68 34 12.599308
68 35 12.404470
68 36 12.145099
68 37 12.387463
68 38 11.685190
68 39 11.324221
68 40 14.123980
68 41 13.882686
68 42 13.643887
68 43 14.804103
68 44 11.420138
68 45 14.777319
68 46 13.624075
68 47 13.006689
68 48 13.732559
68 49 11.667800
68 50 12.119869
68 51 11.747861
68 52 13.733294
68 53 11.998750
68 54 12.120649
68 55 11.899174
68 56 13.236868
68 57 12.879032
68 58 10.932245
68 59 11.716301
68 60 13.841685
68 61 11.494475
68 62 13.136404
68 63 11.965278
68 64 12.828472
68 65 11.647202
68 66 13.199751
68 67 13.952485
68 69 13.078953
68 70 13.493697
68 71 14.027491
68 72 14.452232
68 73 12.170364
68 74 11.266361
68 75 14.377996
68 76 14.072412
68 77 14.248411
68 78 11.207159
68 79 11.327686
68 80 14.519998
68 81 13.370428
68 82 13.576695
68 83 13.796253
68 84 14.453799
68 85 13.275616
68 86 14.745861
68 87 13.948423
68 88 12.634516
68 89 13.516096
68 90 13.127230
68 91 12.146845
68 92 11.492759
68 93 12.286663
68 94 14.690851
68 95 14.237354
68 96 11.004279
68 97 14.338612
68 98 12.437023
68 99 12.008145
68 100 11.836644
68 101 14.201027
68 102 11.405916
68 103 11.749657
68 104 12.802847
68 105 14.399052
68 106 14.366382
68 107 13.657864
68 108 12.665755
68 109 10.964974
68 110 11.808043
68 111 13.863884
68 112 13.569589
68 113 11.604037
68 114 13.963744
68 115 10.999373
68 116 13.115945
68 117 14.250895
68 118 12.997426
68 119 11.190201
68 120 12.091813
68 121 13.690546
68 122 13.474695
68 123 14.051134
68 124 11.633423
68 125 11.740749
68 126 14.494757
68 127 11.799288
68 128 12.607508
68 129 13.016907
68 130 14.411631
68 131 13.315216
68 132 11.465550
68 133 12.266124
68 134 12.808618
68 135 13.978512
68 136 14.454779
68 137 12.457261
68 138 12.422524
68 139 14.070108
68 140 11.104445
68 141 11.961238
68 142 11.407443
68 143 11.171390
68 144 14.710878
68 145 13.475815
68 146 11.357606
68 147 14.027945
68 148 12.187872
68 149 12.549817
68 150 14.034800
68 151 10.952530
68 152 11.193655
68 153 11.894160
68 154 10.933343
68 155 13.504904
68 156 14.557540
68 157 14.681132
68 158 11.400590
68 159 13.175304
68 160 13.875933
68 161 12.730058
68 162 12.426771
68 163 14.338155
68 164 13.693378
68 165 11.235166
68 166 14.634963
68 167 12.561573
68 168 14.570554
68 169 11.618431
68 170 13.995632
68 171 14.739964
68 172 11.698733
68 173 13.433570
68 174 13.568795
68 175 12.226947
68 176 11.755936
68 177 12.649172
68 178 13.888637
68 179 12.648890
68 180 13.494756
68 181 11.191417
68 182 12.331663
68 183 12.322716
68 184 14.339470
68 185 13.630552
68 186 12.332750
68 187 11.623100
68 188 14.114009
68 189 14.787339
68 190 11.626023
68 191 11.700457
68 192 14.624705
68 193 13.708513
68 194 14.073418
68 195 11.974296
68 196 11.495781
68 197 12.537120
68 198 11.414230
68 199 12.685036
68 200 11.225359
69 0 12.609416
69 1 13.553717
69 2 11.680577
69 3 12.888400
69 4 13.391019
69 5 13.530345
69 6 12.385133
69 7 11.558928
69 8 14.560374
69 9 13.677552
69 10 14.473945
69 11 12.410700
69 12 13.508221
69 13 13.385039
69 14 12.629985
69 15 13.355401
69 16 13.062578
69 17 14.151253
69 18 14.027299
69 19 11.017388
69 20 12.383941
69 21 14.095653
69 22 13.321392
69 23 12.018551
69 24 11.503294
69 25 14.751150
69 26 13.351608
69 27 12.281841
69 28 11.055206
69 29 13.026087
69 30 14.662949
69 31 12.353933
69 32 12.078410
69 33 11.671396
69 34 13.844831
69 35 12.928359
69 36 13.163174
69 37 14.247436
69 38 11.429513
69 39 11.809603
69 40 11.886288
69 41 14.816950
69 42 11.195983
69 43 12.634830
69 44 11.291257
69 45 11.609126
69 46 11.040510
69 47 13.231196
69 48 13.478432
69 49 14.103096
69 50 12.766707
69 51 11.385523
69 52 11.700873
69 53 11.397029
69 54 13.626166
69 55 12.543039
69 56 14.806747
69 57 12.007294
69 58 12.149434
69 59 13.623390
69 60 12.699574
69 61 14.201962
69 62 13.778554
69 63 11.501727
69 64 14.067350
69 65 13.955443
69 66 13.533229
69 67 11.253784
69 68 13.078953
69 70 12.442997
69 71 12.811487
69 72 13.290526
69 73 12.608564
69 74 13.596206
69 75 11.648766
69 76 12.795685
69 77 14.635089
69 78 12.830996
69 79 11.188344
69 80 12.469780
69 81 11.570352
69 82 14.457933
69 83 11.397365
69 84 12.798358
69 85 13.412198
69 86 11.931589
69 87 12.907483
69 88 12.185785
69 89 13.420322
69 90 14.099945
69 91 11.324270
69 92 12.661788
69 93 11.552648
69 94 11.482339
69 95 11.932061
69 96 14.774938
69 97 13.278483
69 98 12.776277
69 99 11.904913
69 100 12.323113
69 101 11.017215
69 102 14.301944
69 103 14.304095
69 104 14.387736
69 105 12.658030
69 106 11.682813
69 107 14.038014
69 108 13.221857
69 109 12.731713
69 110 11.025553
69 111 14.547932
69 112 14.439145
69 113 14.134803
69 114 12.397093
69 115 13.647199
69 116 12.977760
69 117 12.565140
69 118 14.580943
69 119 14.174267
69 120 14.511222
69 121 14.292193
69 122 13.839333
69 123 13.979071
69 124 11.623585
69 125 13.589924
69 126 14.719513
69 127 13.154355
69 128 14.765738
69 129 12.273032
69 130 11.957261
69 131 14.287521
69 132 12.402064
69 133 12.108305
69 134 13.913580
69 135 13.564963
69 136 12.620817
69 137 12.248249
69 138 11.846951
69 139 14.626238
69 140 12.803004
69 141 11.948033
69 142 11.551911
69 143 12.208387
69 144 13.665390
69 145 13.702887
69 146 14.438358
69 147 12.497947
69 148 14.309567
69 149 12.012011
69 150 11.926892
69 151 14.282278
69 152 12.401222
69 153 11.348044
69 154 12.423786
69 155 13.475335
69 156 13.901819
69 157 11.150788
69 158 11.353474
69 159 13.792725
69 160 11.080520
69 161 11.343017
69 162 13.480969
69 163 11.313934
69 164 11.213229
69 165 14.503711
69 166 11.851563
69 167 12.813109
69 168 14.631516
69 169 13.996753
69 170 11.581326
69 171 13.406846
69 172 12.081864
69 173 12.367716
69 174 13.556843
69 175 12.893860
69 176 11.796741
69 177 12.671517
69 178 13.066066
69 179 11.175521
69 180 14.229637
69 181 13.367676
69 182 12.711867
69 183 14.644054
69 184 11.299728
69 185 14.481536
69 186 13.033192
69 187 13.428939
69 188 13.412051
69 189 11.179283
69 190 13.448126
69 191 14.556048
69 192 13.102165
69 193 13.125170
69 194 11.679674
69 195 11.569006
69 196 11.378361
69 197 13.553571
69 198 13.175845
69 199 12.988028
69 200 14.592729
70 0 11.683391
70 1 11.016086
70 2 11.044027
70 3 14.567593
70 4 12.699510
70 5 11.286846
70 6 13.079078
70 7 13.984455
70 8 13.225243
70 9 11.689801
70 10 14.655134
70 11 11.274881
70 12 11.250124
70 13 14.136786
70 14 13.303307
70 15 13.592174
70 16 11.341296
70 17 14.698737
70 18 11.364625
70 19 14.724611
70 20 10.995254
70 21 12.828137
70 22 13.301953
70 23 11.865583
70 24 14.445971
70 25 11.140184
70 26 14.103061
70 27 13.051588
70 28 13.583502
70 29 14.277401
70 30 13.604714
70 31 11.680123
70 32 12.209137
70 33 11.632269
70 34 13.199785
70 35 13.123789
70 36 12.276127
70 37 11.338828
70 38 11.795756
70 39 14.655931
70 40 13.420523
70 41 12.471495
70 42 12.659027
70 43 14.653027
70 44 11.584551
70 45 12.813002
70 46 14.409514
70 47 12.928552
70 48 12.774818
70 49 13.189443
70 50 12.570505
70 51 13.683706
70 52 14.050469
70 53 10.986499
70 54 13.498847
70 55 13.561079
70 56 13.249209
70 57 14.817927
70 58 14.396385
70 59 11.969701
70 60 11.093123
70 61 12.710445
70 62 13.355895
70 63 13.932360
70 64 13.403529
70 65 12.876771
70 66 13.622544
70 67 12.380774
70 68 13.493697
70 69 12.442997
70 71 13.958871
70 72 11.938133
70 73 11.148725
70 74 14.187723
70 75 11.400471
70 76 13.604011
70 77 11.139936
70 78 12.059873
70 79 12.412928
70 80 12.297888
70 81 12.841527
70 82 13.168681
70 83 13.728199
70 84 11.007430
70 85 12.864458
70 86 12.418399
70 87 14.466240
70 88 11.955419
70 89 11.304009
70 90 12.853047
70 91 13.290257
70 92 12.159278
70 93 13.463891
70 94 11.891707
70 95 14.250431
70 96 12.103401
70 97 12.082451
70 98 12.180874
70 99 11.489698
70 100 11.105537
70 101 13.012033
70 102 12.686265
70 103 14.110891
70 104 13.670117
70 105 12.589481
70 106 12.704612
70 107 11.817670
70 108 14.514369
70 109 11.475928
70 110 13.697243
70 111 13.199479
70 112 13.340811
70 113 12.279097
70 114 13.592655
70 115 13.920498
70 116 11.070276
70 117 13.492387
70 118 11.217986
70 119 11.541674
70 120 12.386246
70 121 11.879598
70 122 14.708620
70 123 10.955875
70 124 11.324545
70 125 13.102547
70 126 11.210717
70 127 12.904957
70 128 12.511373
70 129 11.861563
70 130 14.635158
70 131 13.295282
70 132 14.336700
70 133 12.441799
70 134 13.664009
70 135 13.453654
70 136 11.566198
70 137 11.258785
70 138 13.561180
70 139 12.670496
70 140 14.508070
70 141 13.150760
70 142 12.550072
70 143 11.399961
70 144 13.867246
70 145 14.722408
70 146 12.034373
70 147 11.724198
70 148 13.911510
70 149 12.162095
70 150 13.778845
70 151 14.243088
70 152 13.171006
70 153 13.543303
70 154 13.747326
70 155 12.135061
70 156 12.364594
70 157 13.240453
70 158 11.561014
70 159 13.246717
70 160 11.615044
70 161 12.873914
70 162 14.535880
70 163 12.458323
70 164 12.601318
70 165 12.620628
70 166 12.223624
70 167 12.521243
70 168 11.495940
70 169 14.325113
70 170 13.879247
70 171 12.870833
70 172 12.992178
70 173 11.575846
70 174 11.085097
70 175 14.084850
70 176 14.691059
70 177 14.555960
70 178 11.146600
70 179 12.220791
70 180 13.474152
70 181 14.458520
70 182 14.556542
70 183 14.395346
70 184 14.324172
70 185 14.300978
70 186 12.220209
70 187 12.541308
70 188 13.315023
70 189 11.882524
70 190 11.285400
70 191 11.778830
70 192 13.276247
70 193 11.334888
70 194 13.036988
70 195 11.812833
70 196 12.711826
70 197 14.002102
70 198 12.607977
70 199 13.164137
70 200 12.525548
71 0 12.554700
71 1 14.199279
71 2 11.558590
71 3 11.645327
71 4 11.056832
71 5 11.971633
71 6 11.789269
71 7 11.844430
71 8 12.216792
71 9 13.772303
71 10 13.634891
71 11 12.531186
71 12 12.800558
71 13 13.209216
71 14 12.382863
71 15 13.970867
71 16 11.056444
71 17 13.741070
71 18 11.101654
71 19 13.459414
71 20 14.086358
71 21 14.136446
71 22 11.269069
71 23 13.494136
71 24 13.154964
71 25 12.526370
71 26 12.844688
71 27 11.551451
71 28 12.587551
71 29 11.893343
71 30 13.175493
71 31 14.088362
71 32 12.484045
71 33 13.262312
71 34 13.951869
71 35 14.108862
71 36 13.524733
71 37 11.229800
71 38 12.313463
71 39 13.236989
71 40 12.667788
71 41 11.048663
71 42 12.826084
71 43 11.799894
71 44 11.676657
71 45 12.835448
71 46 14.041367
71 47 13.095229
71 48 12.927518
71 49 11.263033
71 50 13.068950
71 51 13.771620
71 52 11.922648
71 53 13.156725
71 54 13.548746
71 55 14.125353
71 56 14.429930
71 57 12.370327
71 58 14.530723
71 59 12.247105
71 60 12.709371
71 61 14.323280
71 62 14.352887
71 63 11.609195
71 64 11.934323
71 65 13.082369
71 66 11.681803
71 67 11.722453
71 68 14.027491
71 69 12.811487
71 70 13.958871
71 72 11.186859
71 73 13.744160
71 74 12.480411
71 75 13.715421
71 76 11.306987
71 77 14.224292
71 78 12.534199
71 79 13.821641
71 80 13.814780
71 81 14.397441
71 82 11.421171
71 83 11.128201
71 84 13.168915
71 85 14.308787
71 86 11.080106
71 87 14.451895
71 88 14.373698
71 89 13.726616
71 90 12.810486
71 91 13.620473
71 92 11.661402
71 93 12.492431
71 94 13.314180
71 95 14.618684
71 96 12.956252
71 97 11.222093
71 98 11.859662
71 99 11.857691
71 100 11.366457
71 101 12.201318
71 102 13.230990
71 103 13.045408
71 104 12.678913
71 105 13.577248
71 106 14.738128
71 107 11.708968
71 108 13.296814
71 109 12.340248
71 110 14.411867
71 111 13.826810
71 112 14.047211
71 113 14.754702
71 114 10.990176
71 115 12.744853
71 116 14.126698
71 117 12.810497
71 118 14.459873
71 119 12.608964
71 120 11.913085
71 121 11.791654
71 122 11.271023
71 123 12.385718
71 124 14.210543
71 125 12.743166
71 126 14.339843
71 127 13.951444
71 128 13.126542
71 129 11.694498
71 130 14.050670
71 131 11.043816
71 132 11.003005
71 133 13.235959
71 134 12.057976
71 135 14.485163
71 136 14.460647
71 137 12.730864
71 138 12.479973
71 139 13.170210
71 140 11.285691
71 141 14.652581
71 142 12.332136
71 143 11.002025
71 144 13.267139
71 145 12.424055
71 146 12.318490
71 147 14.369141
71 148 10.924640
71 149 11.750691
71 150 11.431238
71 151 11.174715
71 152 12.240351
71 153 11.276455
71 154 11.877890
71 155 12.180633
71 156 13.993304
71 157 11.410029
71 158 11.096721
71 159 13.750119
71 160 14.122287
71 161 12.405490
71 162 13.173611
71 163 11.033934
71 164 11.316758
71 165 13.606827
71 166 11.936009
71 167 14.639860
71 168 11.035534
71 169 14.661072
71 170 12.431654
71 171 12.966351
71 172 13.122086
71 173 14.647078
71 174 14.701047
71 175 14.234193
71 176 11.986862
71 177 12.541213
71 178 11.198568
71 179 11.763770
71 180 12.906763
71 181 11.762117
71 182 12.092320
71 183 12.245135
71 184 12.948092
71 185 12.220552
71 186 11.881769
71 187 13.496753
71 188 14.321684
71 189 13.534793
71 190 12.449878
71 191 14.187551
71 192 12.779015
71 193 13.670552
71 194 12.784398
71 195 11.213608
71 196 12.022494
71 197 13.562292
71 198 11.154946
71 199 12.241044
71 200 12.923178
72 0 13.747625
72 1 11.810398
72 2 11.337507
72 3 14.462655
72 4 14.352203
72 5 11.396026
72 6 13.845336
72 7 11.630275
72 8 11.771584
72 9 13.137352
72 10 12.629435
72 11 12.267849
72 12 12.459679
72 13 11.655840
72 14 14.261164
72 15 14.535961
72 16 12.469871
72 17 11.703020
72 18 12.976725
72 19 11.402559
72 20 13.698437
72 21 13.733429
72 22 12.518713
72 23 13.486983
72 24 14.360942
72 25 14.284487
72 26 11.643662
72 27 14.722822
72 28 13.048126
72 29 13.500062
72 30 11.574266
72 31 14.715755
72 32 12.941780
72 33 12.992734
72 34 13.593010
72 35 13.394182
72 36 11.368353
72 37 13.950450
72 38 12.607098
72 39 14.054800
72 40 12.573882
72 41 13.065069
72 42 13.773340
72 43 11.678478
72 44 14.069921
72 45 13.669096
72 46 11.569758
72 47 13.534279
72 48 12.344783
72 49 11.408781
72 50 12.236926
72 51 14.274915
72 52 13.599438
72 53 13.092483
72 54 11.159888
72 55 12.525389
72 56 12.165705
72 57 11.372279
72 58 13.529101
72 59 12.838186
72 60 11.909958
72 61 12.795790
72 62 11.784794
72 63 12.433625
72 64 11.893229
72 65 14.238603
72 66 11.496301
72 67 11.532942
72 68 14.452232
72 69 13.290526
72 70 11.938133
72 71 11.186859
72 73 14.293692
72 74 14.380524
72 75 11.786102
72 76 14.367000
72 77 13.385708
72 78 12.648262
72 79 12.725062
72 80 13.934954
72 81 14.775133
72 82 13.798658
72 83 11.511158
72 84 13.425074
72 85 14.255757
72 86 14.076942
72 87 11.290566
72 88 11.255189
72 89 14.493848
72 90 11.987695
72 91 13.871572
72 92 13.224523
72 93 13.359251
72 94 12.002029
72 95 12.054681
72 96 14.479946
72 97 13.533700
72 98 12.797691
72 99 13.514257
72 100 14.285414
72 101 12.667916
72 102 11.509143
72 103 13.823306
72 104 13.254985
72 105 12.103625
72 106 13.326912
72 107 12.101627
72 108 11.088225
72 109 11.275324
72 110 14.090877
72 111 14.655872
72 112 13.937602
72 113 12.745511
72 114 13.614659
72 115 14.683291
72 116 11.833061
72 117 14.385510
72 118 13.060227
72 119 14.022542
72 120 14.557763
72 121 14.641925
72 122 14.069026
72 123 12.739323
72 124 13.957397
72 125 12.182250
72 126 13.551273
72 127 14.326402
72 128 11.536160
72 129 12.133226
72 130 12.171161
72 131 12.052458
72 132 13.785914
72 133 11.745395
72 134 14.785814
72 135 12.327469
72 136 14.292796
72 137 12.045190
72 138 14.469802
72 139 11.434106
72 140 13.192408
72 141 13.057827
72 142 13.140907
72 143 11.016201
72 144 12.324857
72 145 13.351025
72 146 11.639643
72 147 14.065896
72 148 14.793713
72 149 14.669040
72 150 13.595427
72 151 11.173257
72 152 14.359377
72 153 13.895373
72 154 11.751364
72 155 13.332233
72 156 13.989132
72 157 13.878794
72 158 14.475184
72 159 11.349216
72 160 13.570117
72 161 14.656577
72 162 11.698289
72 163 13.934487
72 164 14.031689
72 165 13.184755
72 166 14.060129
72 167 14.457898
72 168 12.676754
72 169 13.411271
72 170 13.293096
72 171 13.332955
72 172 13.231910
72 173 13.966042
72 174 11.539386
72 175 14.508748
72 176 13.316516
72 177 11.233648
72 178 11.505185
72 179 14.224609
72 180 11.782963
72 181 13.330133
72 182 14.391414
72 183 11.989857
72 184 14.117712
72 185 11.900878
72 186 13.363883
72 187 13.267916
72 188 14.523649
72 189 14.383608
72 190 12.169990
72 191 13.404999
72 192 11.546750
72 193 12.115383
72 194 14.256404
72 195 11.021626
72 196 11.749629
72 197 10.941350
72 198 14.305990
72 199 12.381915
72 200 14.717496
73 0 14.605737
73 1 12.552985
73 2 13.048657
73 3 12.202950
73 4 12.005657
73 5 13.213557
73 6 11.009173
73 7 11.982313
73 8 10.971786
73 9 12.725147
73 10 10.979995
73 11 13.063062
73 12 12.298565
73 13 10.954097
73 14 13.043854
73 15 14.414946
73 16 11.103735
73 17 11.105389
73 18 11.812935
73 19 11.742649
73 20 12.183032
73 21 12.506153
73 22 14.207180
73 23 12.045240
73 24 12.070395
73 25 11.355531
73 26 13.229586
73 27 12.709424
73 28 13.656147
73 29 11.619527
73 30 11.112822
73 31 11.964196
73 32 13.888401
73 33 12.503089
73 34 11.057327
73 35 14.289588
73 36 14.042600
73 37 12.361372
73 38 14.572233
73 39 11.676397
73 40 13.575994
73 41 12.556526
73 42 12.249956
73 43 13.916253
73 44 13.371191
73 45 12.242552
73 46 12.067356
73 47 12.036438
73 48 12.803102
73 49 11.460507
73 50 10.976619
73 51 13.528074
73 52 14.066011
73 53 11.900580
73 54 12.963524
73 55 12.154697
73 56 14.608753
73 57 13.628875
73 58 13.139115
73 59 13.442530
73 60 14.345087
73 61 11.516770
73 62 14.152143
73 63 13.060354
73 64 12.585386
73 65 14.726956
73 66 11.720365
73 67 10.981752
73 68 12.170364
73 69 12.608564
73 70 11.148725
73 71 13.744160
73 72 14.293692
73 74 11.379691
73 75 14.589678
73 76 11.397973
73 77 11.874337
73 78 14.150350
73 79 11.599573
73 80 13.888276
73 81 12.991234
73 82 12.801044
73 83 11.278674
73 84 13.996835
73 85 12.296932
73 86 12.776176
73 87 11.901093
73 88 12.204329
73 89 13.217429
73 90 14.572952
73 91 14.331316
73 92 12.589318
73 93 14.154434
73 94 11.520641
73 95 11.748066
73 96 13.857398
73 97 11.544430
73 98 12.467361
73 99 14.115471
73 100 10.979336
73 101 11.719465
73 102 13.248393
73 103 13.728482
73 104 13.957446
73 105 11.365073
73 106 14.657956
73 107 11.956938
73 108 12.130758
73 109 11.428134
73 110 13.378422
73 111 11.016710
73 112 11.186823
73 113 11.064470
73 114 13.893912
73 115 14.003587
73 116 12.396827
73 117 11.792821
73 118 13.536875
73 119 13.017727
73 120 12.194420
73 121 13.222543
73 122 14.230160
73 123 13.192295
73 124 11.421633
73 125 12.086688
73 126 11.128132
73 127 12.063631
73 128 11.875043
73 129 12.979477
73 130 13.896489
73 131 14.499362
73 132 14.222931
73 133 11.959650
73 134 14.109151
73 135 12.593002
73 136 14.519268
73 137 11.335494
73 138 14.596548
73 139 14.028076
73 140 13.719547
73 141 14.802717
73 142 13.835139
73 143 12.479613
73 144 13.773244
73 145 11.246633
73 146 11.250822
73 147 13.907899
73 148 13.947908
73 149 11.885260
73 150 12.603988
73 151 14.587565
73 152 14.706658
73 153 14.524283
73 154 14.218477
73 155 12.981180
73 156 11.368487
73 157 11.666859
73 158 14.384235
73 159 13.099331
73 160 12.333246
73 161 14.166279
73 162 11.182523
73 163 11.226766
73 164 13.519439
73 165 11.860947
73 166 12.076166
73 167 13.816479
73 168 13.789899
73 169 12.920934
73 170 13.872564
73 171 12.039678
73 172 12.581317
73 173 14.696583
73 174 13.247324
73 175 11.240895
73 176 12.266847
73 177 13.783402
73 178 11.688634
73 179 14.461616
73 180 13.521608
73 181 14.185213
73 182 13.300751
73 183 12.055208
73 184 11.702249
73 185 11.644307
73 186 14.131982
73 187 11.589192
73 188 13.957606
73 189 11.168873
73 190 11.526179
73 191 12.318872
73 192 13.409722
73 193 14.402972
73 194 13.672684
73 195 11.512974
73 196 13.277705
73 197 11.843129
73 198 12.215830
73 199 13.149627
73 200 11.125768
74 0 12.456145
74 1 13.169228
74 2 14.566691
74 3 11.325805
74 4 11.693878
74 5 11.053994
74 6 13.197314
74 7 13.691739
74 8 14.539150
74 9 14.788239
74 10 11.613198
74 11 11.154099
74 12 13.310106
74 13 11.165749
74 14 11.248629
74 15 13.829451
74 16 11.203905
74 17 14.325666
74 18 14.625762
74 19 11.476647
74 20 12.547389
74 21 13.745269
74 22 13.358232
74 23 11.842005
74 24 13.571126
74 25 13.880945
74 26 11.343288
74 27 11.349816
74 28 14.337762
74 29 11.375498
74 30 12.277013
74 31 11.984471
74 32 11.142346
74 33 12.703543
74 34 14.767418
74 35 12.826520
74 36 12.098589
74 37 11.506203
74 38 12.126406
74 39 12.198672
74 40 11.467782
74 41 13.295406
74 42 11.104031
74 43 13.162674
74 44 12.925087
74 45 13.612427
74 46 14.790374
74 47 12.331806
74 48 12.875980
74 49 13.683879
74 50 13.906108
74 51 14.758771
74 52 13.381793
74 53 12.035594
74 54 11.987386
74 55 14.240242
74 56 12.618581
74 57 14.487371
74 58 14.024626
74 59 11.370258
74 60 14.621758
74 61 13.939569
74 62 14.136169
74 63 11.206521
74 64 13.629319
74 65 14.445120
74 66 13.829242
74 67 12.085471
74 68 11.266361
74 69 13.596206
74 70 14.187723
74 71 12.480411
74 72 14.380524
74 73 11.379691
74 75 14.315202
74 76 13.463349
74 77 11.093349
74 78 13.586863
74 79 12.205130
74 80 12.829451
74 81 13.236033
74 82 13.634684
74 83 12.778676
74 84 12.138552
74 85 11.656664
74 86 12.715130
74 87 13.113629
74 88 12.873158
74 89 11.456080
74 90 12.357843
74 91 11.806409
74 92 14.498193
74 93 12.767726
74 94 12.236563
74 95 13.701958
74 96 14.017680
74 97 13.960459
74 98 13.183622
74 99 12.037902
74 100 12.842346
74 101 14.215025
74 102 13.023503
74 103 14.562251
74 104 12.399749
74 105 11.048264
74 106 14.199910
74 107 10.955235
74 108 13.423074
74 109 11.292664
74 110 12.494344
74 111 14.079713
74 112 14.241965
74 113 11.843693
74 114 11.843504
74 115 11.214646
74 116 13.254551
74 117 14.304125
74 118 12.536867
74 119 11.022382
74 120 11.380362
74 121 14.376172
74 122 13.666832
74 123 12.522646
74 124 13.054353
74 125 13.113281
74 126 13.754754
74 127 11.145048
74 128 13.791564
74 129 11.200938
74 130 13.937789
74 131 13.843944
74 132 13.450878
74 133 14.676275
74 134 14.305217
74 135 12.840116
74 136 13.124918
74 137 14.430066
74 138 14.701200
74 139 12.138704
74 140 12.842754
74 141 11.758293
74 142 11.555611
74 143 11.170384
74 144 14.038223
74 145 12.746731
74 146 11.701481
74 147 14.274365
74 148 11.384272
74 149 14.069912
74 150 14.497367
74 151 13.532045
74 152 12.340031
74 153 12.225125
74 154 12.292689
74 155 14.592036
74 156 12.807688
74 157 14.743765
74 158 12.285036
74 159 11.267980
74 160 14.659364
74 161 14.296288
74 162 11.951212
74 163 13.009389
74 164 14.706426
74 165 12.065445
74 166 10.949512
74 167 12.172024
74 168 13.770694
74 169 14.095045
74 170 13.452765
74 171 13.931706
74 172 12.496352
74 173 14.646439
74 174 13.004916
74 175 14.665103
74 176 14.293705
74 177 13.660218
74 178 13.334608
74 179 12.940721
74 180 11.625168
74 181 14.090469
74 182 14.530993
74 183 12.303313
74 184 11.011828
74 185 11.674961
74 186 14.780594
74 187 12.666523
74 188 11.092566
74 189 14.482969
74 190 13.340169
74 191 14.415776
74 192 14.777228
74 193 12.394399
74 194 13.268085
74 195 14.065190
74 196 11.437982
74 197 12.984231
74 198 11.648177
74 199 14.013553
74 200 14.222757
75 0 13.836700
75 1 13.448148
75 2 14.538825
75 3 11.521261
75 4 12.668242
75 5 14.181601
75 6 11.228647
75 7 13.535950
75 8 14.769813
75 9 13.239872
75 10 14.027054
75 11 13.241758
75 12 13.855044
75 13 14.481942
75 14 13.284481
75 15 13.985935
75 16 13.801068
75 17 12.390147
75 18 12.945589
75 19 11.270205
75 20 12.328649
75 21 12.708850
75 22 12.307938
75 23 12.461735
75 24 13.643059
75 25 14.652535
75 26 12.135774
75 27 14.120894
75 28 12.376971
75 29 11.192239
75 30 11.049774
75 31 12.466221
75 32 11.513833
75 33 13.533765
75 34 14.587587
75 35 11.149050
75 36 12.317926
75 37 12.570112
75 38 12.285767
75 39 13.411599
75 40 13.957156
75 41 13.953147
75 42 10.947937
75 43 14.636051
75 44 12.743988
75 45 14.640634
75 46 11.721137
75 47 13.907476
75 48 10.947096
75 49 13.466055
75 50 11.364890
75 51 12.979748
75 52 13.475985
75 53 12.171041
75 54 12.894001
75 55 14.079336
75 56 12.856803
75 57 12.093013
75 58 14.451192
75 59 14.754643
75 60 14.072443
75 61 14.059885
75 62 11.893826
75 63 13.369079
75 64 14.224830
75 65 14.582932
75 66 14.604560
75 67 12.338497
75 68 14.377996
75 69 11.648766
75 70 11.400471
75 71 13.715421
75 72 11.786102
75 73 14.589678
75 74 14.315202
75 76 14.313152
75 77 12.401195
75 78 11.522737
75 79 13.139360
75 80 11.117215
75 81 14.489176
75 82 12.482062
75 83 13.829889
75 84 14.658917
75 85 11.373224
75 86 11.669541
75 87 11.860539
75 88 11.397207
75 89 11.996466
75 90 13.683294
75 91 11.209073
75 92 12.005926
75 93 13.261843
75 94 13.078749
75 95 14.509737
75 96 14.073561
75 97 13.315772
75 98 13.031036
75 99 13.583239
75 100 13.730721
75 101 12.007396
75 102 13.078548
75 103 13.548922
75 104 11.170129
75 105 14.700690
75 106 12.203932
75 107 13.949638
75 108 13.142342
75 109 11.731270
75 110 11.269154
75 111 13.651612
75 112 12.598430
75 113 13.219740
75 114 13.459936
75 115 11.324040
75 116 14.101919
75 117 12.820501
75 118 11.268131
75 119 11.281244
75 120 11.689559
75 121 12.886168
75 122 13.810543
75 123 12.830752
75 124 13.053348
75 125 12.761225
75 126 14.529738
75 127 11.487773
75 128 13.126006
75 129 13.825798
75 130 14.359160
75 131 11.397886
75 132 11.705307
75 133 11.704365
75 134 11.866062
75 135 13.196262
75 136 10.963748
75 137 13.669656
75 138 13.092476
75 139 14.679826
75 140 12.679158
75 141 14.102549
75 142 14.484087
75 143 14.792267
75 144 13.918973
75 145 14.761677
75 146 13.654439
75 147 12.205712
75 148 13.384377
75 149 11.495251
75 150 12.954189
75 151 13.025983
75 152 11.251675
75 153 11.547401
75 154 14.176234
75 155 14.563171
75 156 11.970150
75 157 11.748305
75 158 12.641060
75 159 13.173909
75 160 13.684894
75 161 12.307710
75 162 12.074202
75 163 12.792396
75 164 14.083342
75 165 12.957651
75 166 11.462941
75 167 14.014473
75 168 12.952870
75 169 12.231310
75 170 11.342024
75 171 12.006904
75 172 10.975133
75 173 11.684428
75 174 13.424909
75 175 11.175645
75 176 13.824818
75 177 12.480937
75 178 11.606069
75 179 14.167521
75 180 11.450668
75 181 13.998100
75 182 14.541211
75 183 13.794984
75 184 14.783002
75 185 11.234094
75 186 12.254845
75 187 12.400864
75 188 11.172152
75 189 12.562933
75 190 11.000436
75 191 12.604412
75 192 14.382948
75 193 13.352029
75 194 11.133341
75 195 12.687436
75 196 12.994465
75 197 13.842880
75 198 11.986113
75 199 12.352000
75 200 13.652390
76 0 12.322072
76 1 13.996648
76 2 13.458483
76 3 14.708864
76 4 12.827828
76 5 13.744540
76 6 12.213484
76 7 11.490434
76 8 12.550081
76 9 11.745199
76 10 10.933948
76 11 14.194678
76 12 12.042923
76 13 13.476369
76 14 12.873479
76 15 11.012745
76 16 11.884329
76 17 13.828192
76 18 12.664781
76 19 13.731570
76 20 12.205321
76 21 14.253165
76 22 11.325944
76 23 13.330557
76 24 13.909733
76 25 11.326555
76 26 12.961775
76 27 13.038972
76 28 13.551243
76 29 14.815784
76 30 12.745504
76 31 13.333129
76 32 13.095579
76 33 13.611244
76 34 12.974565
76 35 11.335335
76 36 13.060875
76 37 10.987013
76 38 12.016903
76 39 13.358542
76 40 13.645225
76 41 14.385495
76 42 12.134190
76 43 13.808807
76 44 11.090129
76 45 12.455136
76 46 12.864297
76 47 11.597935
76 48 13.319166
76 49 13.273319
76 50 14.591775
76 51 12.645513
76 52 11.754181
76 53 11.335335
76 54 14.170925
76 55 12.816726
76 56 13.173701
76 57 14.152882
76 58 12.015144
76 59 11.663621
76 60 13.301928
76 61 11.391875
76 62 13.757208
76 63 13.063933
76 64 12.045423
76 65 12.407157
76 66 11.724704
76 67 11.027188
76 68 14.072412
76 69 12.795685
76 70 13.604011
76 71 11.306987
76 72 14.367000
76 73 11.397973
76 74 13.463349
76 75 14.313152
76 77 14.738502
76 78 14.703858
76 79 14.211452
76 80 12.389663
76 81 12.214158
76 82 14.174237
76 83 13.295703
76 84 10.938945
76 85 14.815870
76 86 13.899787
76 87 11.196778
76 88 12.448062
76 89 12.690674
76 90 11.239197
76 91 12.753784
76 92 11.918920
76 93 12.622938
76 94 11.432368
76 95 14.170366
76 96 13.043521
76 97 11.066604
76 98 12.135214
76 99 11.128901
76 100 12.920965
76 101 13.460491
76 102 12.798955
76 103 13.801526
76 104 11.449010
76 105 11.644308
76 106 11.295331
76 107 11.532076
76 108 11.294796
76 109 13.863387
76 110 11.106920
76 111 14.712692
76 112 14.750165
76 113 11.757755
76 114 13.090494
76 115 12.100164
76 116 14.688092
76 117 13.599003
76 118 14.388779
76 119 11.271645
76 120 13.234318
76 121 12.152886
76 122 12.045020
76 123 12.530670
76 124 13.524647
76 125 13.467336
76 126 14.741697
76 127 12.936205
76 128 14.723398
76 129 13.992322
76 130 11.503765
76 131 14.241786
76 132 12.353036
76 133 12.152624
76 134 14.101066
76 135 14.760182
76 136 14.718494
76 137 14.473759
76 138 14.399356
76 139 14.125612
76 140 11.701386
76 141 12.592066
76 142 14.507527
76 143 12.480586
76 144 12.331062
76 145 14.639841
76 146 12.919896
76 147 12.633525
76 148 13.574348
76 149 14.096266
76 150 11.978800
76 151 13.577076
76 152 14.045637
76 153 14.664853
76 154 13.245640
76 155 14.535239
76 156 13.190350
76 157 11.280108
76 158 14.457736
76 159 13.623784
76 160 11.035195
76 161 12.638961
76 162 13.195110
76 163 14.296868
76 164 12.919170
76 165 13.808174
76 166 13.692071
76 167 12.353574
76 168 11.393663
76 169 14.214455
76 170 12.076366
76 171 13.135625
76 172 13.152164
76 173 11.173525
76 174 13.754300
76 175 13.699379
76 176 11.462078
76 177 11.136886
76 178 13.761562
76 179 14.372001
76 180 14.242567
76 181 12.937856
76 182 12.696379
76 183 12.193100
76 184 14.396775
76 185 11.573533
76 186 12.005897
76 187 14.198891
76 188 13.677275
76 189 12.998164
76 190 13.452052
76 191 13.205209
76 192 11.540648
76 193 14.320589
76 194 12.790286
76 195 11.983565
76 196 13.716879
76 197 13.659490
76 198 13.537561
76 199 12.927872
76 200 13.585704
77 0 11.725133
77 1 12.753047
77 2 13.544271
77 3 12.457357
77 4 11.811267
77 5 13.139083
77 6 12.561612
77 7 13.460293
77 8 11.234795
77 9 12.776489
77 10 11.666944
77 11 11.920042
77 12 13.623230
77 13 14.303836
77 14 14.764675
77 15 12.067612
77 16 11.794094
77 17 11.232990
77 18 11.003742
77 19 14.027078
77 20 14.647792
77 21 11.697131
77 22 13.532150
77 23 14.407087
77 24 14.367958
77 25 12.316624
77 26 14.315314
77 27 11.909496
77 28 11.152569
77 29 12.419842
77 30 14.643981
77 31 12.826068
77 32 14.346540
77 33 11.958413
77 34 11.851175
77 35 13.389446
77 36 12.248989
77 37 11.451950
77 38 10.995160
77 39 14.763113
77 40 12.949844
77 41 14.115686
77 42 11.726467
77 43 14.123060
77 44 11.007907
77 45 14.339450
77 46 13.529323
77 47 12.176848
77 48 13.174728
77 49 13.612803
77 50 12.195956
77 51 11.085869
77 52 12.448757
77 53 14.624708
77 54 13.390495
77 55 11.051925
77 56 13.655442
77 57 13.929685
77 58 11.715968
77 59 11.210351
77 60 13.739693
77 61 13.381148
77 62 11.926981
77 63 14.183017
77 64 14.358618
77 65 11.124099
77 66 11.696900
77 67 14.009816
77 68 14.248411
77 69 14.635089
77 70 11.139936
77 71 14.224292
77 72 13.385708
77 73 11.874337
77 74 11.093349
77 75 12.401195
77 76 14.738502
77 78 14.295374
77 79 13.629390
77 80 11.037404
77 81 13.179654
77 82 12.782844
77 83 12.443531
77 84 13.305458
77 85 13.404786
77 86 14.298152
77 87 13.113872
77 88 14.703037
77 89 12.403543
77 90 13.154238
77 91 11.809543
77 92 12.650749
77 93 12.375831
77 94 14.612826
77 95 14.465793
77 96 11.270704
77 97 14.671589
77 98 11.024537
77 99 14.739886
77 100 11.310746
77 101 12.429934
77 102 14.231227
77 103 11.097449
77 104 12.343149
77 105 11.699569
77 106 11.319494
77 107 12.457277
77 108 14.067731
77 109 14.194909
77 110 14.566153
77 111 13.368689
77 112 13.649817
77 113 11.816044
77 114 12.639519
77 115 14.181822
77 116 13.778869
77 117 13.418038
77 118 13.391124
77 119 13.943786
77 120 12.577450
77 121 11.624875
77 122 11.084902
77 123 13.212168
77 124 11.976912
77 125 14.579113
77 126 11.680716
77 127 11.737711
77 128 13.985876
77 129 14.127349
77 130 13.378352
77 131 12.977738
77 132 14.055296
77 133 11.143024
77 134 11.704160
77 135 12.262733
77 136 11.596235
77 137 13.728485
77 138 12.439404
77 139 12.210864
77 140 13.451829
77 141 12.839522
77 142 11.722964
77 143 12.166462
77 144 11.125662
77 145 13.495994
77 146 12.654247
77 147 11.481315
77 148 11.514688
77 149 12.660440
77 150 12.600281
77 151 11.087662
77 152 13.524728
77 153 14.621992
77 154 11.032470
77 155 13.296322
77 156 12.710144
77 157 12.420100
77 158 12.837250
77 159 14.185235
77 160 12.425013
77 161 12.590379
77 162 11.327480
77 163 11.978961
77 164 14.154375
77 165 12.485874
77 166 13.099620
77 167 11.883320
77 168 11.238182
77 169 12.081619
77 170 11.837070
77 171 14.140624
77 172 13.824808
77 173 13.585092
77 174 11.195488
77 175 13.494158
77 176 11.764072
77 177 14.716626
77 178 12.222738
77 179 11.786230
77 180 11.228725
77 181 14.733179
77 182 11.025769
77 183 14.544598
77 184 12.884053
77 185 11.329454
77 186 12.891394
77 187 13.848494
77 188 11.260760
77 189 13.775212
77 190 11.338194
77 191 13.798358
77 192 12.318899
77 193 13.884937
77 194 11.382319
77 195 14.739753
77 196 11.199416
77 197 11.230044
77 198 11.631096
77 199 14.786350
77 200 11.096333
78 0 11.212786
78 1 14.478291
78 2 11.900270
78 3 11.485829
78 4 14.274444
78 5 14.590942
78 6 13.986898
78 7 14.743380
78 8 13.091891
78 9 13.804362
78 10 13.112322
78 11 11.509386
78 12 12.836265
78 13 14.254864
78 14 12.942166
78 15 14.435723
78 16 13.629294
78 17 11.304928
78 18 12.811050
78 19 14.662858
78 20 12.554841
78 21 11.076909
78 22 12.638305
78 23 11.560293
78 24 13.243441
78 25 14.552200
78 26 14.404682
78 27 14.802721
78 28 12.378653
78 29 10.963323
78 30 12.997328
78 31 11.577499
78 32 12.605625
78 33 14.767893
78 34 10.980119
78 35 12.558495
78 36 13.394171
78 37 13.570759
78 38 12.107008
78 39 11.074281
78 40 12.590306
78 41 12.562385
78 42 11.822508
78 43 13.628255
78 44 12.540781
78 45 11.302703
78 46 12.926463
78 47 13.508737
78 48 11.576484
78 49 12.903426
78 50 11.132412
78 51 12.989044
78 52 11.266800
78 53 12.500978
78 54 12.012310
78 55 13.435834
78 56 13.714482
78 57 14.730246
78 58 12.935716
78 59 12.029540
78 60 13.710684
78 61 13.868924
78 62 10.953333
78 63 14.418763
78 64 14.674327
78 65 10.962653
78 66 14.098119
78 67 13.361095
78 68 11.207159
78 69 12.830996
78 70 12.059873
78 71 12.534199
78 72 12.648262
78 73 14.150350
78 74 13.586863
78 75 11.522737
78 76 14.703858
78 77 14.295374
78 79 14.463796
78 80 13.144256
78 81 11.210400
78 82 11.313698
78 83 12.990579
78 84 13.514907
78 85 12.419447
78 86 11.949770
78 87 12.490321
78 88 12.195125
78 89 11.288653
78 90 13.312897
78 91 11.522797
78 92 13.443188
78 93 13.096754
78 94 12.229846
78 95 13.123510
78 96 12.152911
78 97 14.162075
78 98 13.574430
78 99 14.184795
78 100 11.894553
78 101 13.239253
78 102 14.136660
78 103 14.258002
78 104 11.222348
78 105 11.975232
78 106 13.991742
78 107 14.549921
78 108 13.616837
78 109 10.979120
78 110 14.665742
78 111 12.673370
78 112 12.925964
78 113 12.399706
78 114 11.785750
78 115 14.176627
78 116 11.669146
78 117 12.257566
78 118 12.740842
78 119 12.198356
78 120 12.510296
78 121 12.099226
78 122 14.646861
78 123 10.967451
78 124 14.066939
78 125 13.315887
78 126 12.409563
78 127 14.510076
78 128 11.231343
78 129 11.997203
78 130 11.373097
78 131 11.058109
78 132 11.444567
78 133 12.584944
78 134 14.562830
78 135 13.847966
78 136 11.209076
78 137 14.718105
78 138 14.692304
78 139 12.747729
78 140 11.119138
78 141 13.600446
78 142 14.021686
78 143 11.916566
78 144 11.691672
78 145 13.012179
78 146 14.063228
78 147 14.039470
78 148 12.839541
78 149 13.794914
78 150 10.954624
78 151 12.813179
78 152 14.298108
78 153 11.925131
78 154 12.756092
78 155 14.444253
78 156 11.651254
78 157 12.738037
78 158 12.943948
78 159 14.012398
78 160 12.687770
78 161 13.459088
78 162 13.843063
78 163 11.149212
78 164 12.219894
78 165 11.569624
78 166 11.512137
78 167 13.556674
78 168 13.629283
78 169 14.122467
78 170 11.444129
78 171 14.362977
78 172 12.924731
78 173 13.931229
78 174 12.808521
78 175 11.732867
78 176 12.138805
78 177 13.061221
78 178 12.212907
78 179 13.619583
78 180 14.292791
78 181 13.385424
78 182 11.667664
78 183 11.009332
78 184 11.031914
78 185 11.231952
78 186 13.364932
78 187 11.809207
78 188 12.897994
78 189 13.764328
78 190 13.505622
78 191 14.209273
78 192 14.804039
78 193 12.416388
78 194 13.073123
78 195 13.796376
78 196 13.542129
78 197 14.100464
78 198 11.941055
78 199 14.123885
78 200 14.582935
79 0 10.944884
79 1 12.644533
79 2 11.361061
79 3 11.479661
79 4 13.549023
79 5 13.133678
79 6 11.303894
79 7 11.749094
79 8 12.521828
79 9 14.495331
79 10 11.876254
79 11 14.471891
79 12 14.597707
79 13 11.988720
79 14 13.898132
79 15 12.146942
79 16 12.341445
79 17 14.615062
79 18 12.413388
79 19 14.101992
79 20 13.459139
79 21 13.528788
79 22 11.305539
79 23 13.569321
79 24 13.261318
79 25 14.165713
79 26 11.808256
79 27 12.480496
79 28 13.125717
79 29 13.972614
79 30 12.215234
79 31 11.900205
79 32 13.220043
79 33 14.781269
79 34 10.939580
79 35 12.292327
79 36 12.171806
79 37 14.630908
79 38 13.703142
79 39 12.674360
79 40 13.852590
79 41 13.726676
79 42 12.112869
79 43 12.856299
79 44 14.766768
79 45 13.818165
79 46 13.060798
79 47 10.973599
79 48 11.086857
79 49 12.691007
79 50 12.481100
79 51 12.742104
79 52 11.489403
79 53 12.321711
79 54 12.996292
79 55 12.256771
79 56 13.062918
79 57 14.283061
79 58 12.260904
79 59 14.287105
79 60 12.255235
79 61 12.475656
79 62 13.876659
79 63 12.539475
79 64 11.426008
79 65 13.886787
79 66 14.370285
79 67 14.598224
79 68 11.327686
79 69 11.188344
79 70 12.412928
79 71 13.821641
79 72 12.725062
79 73 11.599573
79 74 12.205130
79 75 13.139360
79 76 14.211452
79 77 13.629390
79 78 14.463796
79 80 14.073345
79 81 12.632158
79 82 14.513879
79 83 13.998926
79 84 11.726015
79 85 12.682574
79 86 14.689952
79 87 12.197522
79 88 11.507360
79 89 14.539393
79 90 11.064852
79 91 12.072106
79 92 14.110199
79 93 13.818019
79 94 14.170500
79 95 13.351812
79 96 12.055602
79 97 12.005074
79 98 13.348688
79 99 11.672573
79 100 13.885121
79 101 12.923710
79 102 14.605793
79 103 14.137135
79 104 13.080318
79 105 12.537125
79 106 14.338772
79 107 14.313800
79 108 12.490388
79 109 13.225564
79 110 11.859884
79 111 11.335376
79 112 12.190153
79 113 10.997049
79 114 11.235779
79 115 13.784190
79 116 14.714636
79 117 14.362482
79 118 12.749452
79 119 13.080055
79 120 11.400487
79 121 11.733003
79 122 13.589301
79 123 14.065966
79 124 11.340962
79 125 12.394483
79 126 12.852609
79 127 14.657203
79 128 14.775322
79 129 12.365397
79 130 14.448727
79 131 13.768192
79 132 12.503351
79 133 13.822457
79 134 11.415210
79 135 13.060870
79 136 14.358702
79 137 14.078848
79 138 13.691096
79 139 12.807804
79 140 14.516065
79 141 11.463614
79 142 13.855263
79 143 14.482130
79 144 14.576904
79 145 11.695052
79 146 11.950060
79 147 14.231265
79 148 13.077941
79 149 12.448764
79 150 12.021398
79 151 11.013543
79 152 11.189324
79 153 13.554171
79 154 11.673495
79 155 13.894954
79 156 11.487211
79 157 14.645041
79 158 11.628313
79 159 12.393646
79 160 12.619972
79 161 13.219047
79 162 12.356936
79 163 11.945609
79 164 13.966835
79 165 13.607379
79 166 14.389462
79 167 12.421888
79 168 12.529486
79 169 14.285528
79 170 12.526383
79 171 13.646947
79 172 13.127750
79 173 13.490941
79 174 11.982613
79 175 13.791634
79 176 11.888045
79 177 11.356308
79 178 14.301026
79 179 12.178974
79 180 12.436703
79 181 12.194607
79 182 12.502442
79 183 12.630575
79 184 12.805065
79 185 12.793864
79 186 11.015357
79 187 12.676023
79 188 14.598536
79 189 11.004011
79 190 13.988092
79 191 13.524808
79 192 12.709876
79 193 11.087149
79 194 13.123912
79 195 12.019247
79 196 13.712385
79 197 14.088331
79 198 11.535100
79 199 11.826031
79 200 14.549479
80 0 12.921911
80 1 13.974235
80 2 11.291157
80 3 13.979659
80 4 13.254807
80 5 12.590510
80 6 14.776566
80 7 14.763859
80 8 11.310130
80 9 11.826238
80 10 13.214031
80 11 12.777782
80 12 11.613498
80 13 12.619216
80 14 12.773379
80 15 13.372462
80 16 12.619262
80 17 12.680433
80 18 12.777394
80 19 13.615300
80 20 13.492280
80 21 14.719599
80 22 11.806950
80 23 11.949619
80 24 12.073320
80 25 12.342577
80 26 14.818365
80 27 14.730845
80 28 12.211911
80 29 12.445666
80 30 12.643084
80 31 12.832014
80 32 14.689996
80 33 13.877560
80 34 10.972482
80 35 12.911105
80 36 13.828823
80 37 13.140517
80 38 14.677566
80 39 13.525657
80 40 12.723703
80 41 14.732789
80 42 13.511541
80 43 12.104168
80 44 14.146270
80 45 13.968950
80 46 13.214700
80 47 12.350478
80 48 14.672413
80 49 13.332088
80 50 14.245082
80 51 13.464463
80 52 12.943472
80 53 13.268734
80 54 12.324813
80 55 14.090817
80 56 12.330291
80 57 11.727114
80 58 13.723459
80 59 12.057952
80 60 13.256545
80 61 13.202383
80 62 13.220080
80 63 11.779540
80 64 12.505002
80 65 12.849718
80 66 13.273359
80 67 13.994718
80 68 14.519998
80 69 12.469780
80 70 12.297888
80 71 13.814780
80 72 13.934954
80 73 13.888276
80 74 12.829451
80 75 11.117215
80 76 12.389663
80 77 11.037404
80 78 13.144256
80 79 14.073345
80 81 12.221681
80 82 13.050822
80 83 12.554155
80 84 12.855147
80 85 12.194520
80 86 11.889445
80 87 13.191899
80 88 11.240539
80 89 13.065910
80 90 11.927753
80 91 14.485204
80 92 14.396668
80 93 14.494742
80 94 13.418263
80 95 13.183516
80 96 12.468504
80 97 13.278632
80 98 14.012381
80 99 11.206623
80 100 13.776543
80 101 14.371446
80 102 13.304066
80 103 12.522313
80 104 12.698939
80 105 11.639212
80 106 13.652038
80 107 11.865453
80 108 12.443300
80 109 13.657962
80 110 13.500160
80 111 13.660191
80 112 11.158665
80 113 14.589963
80 114 13.424986
80 115 13.982604
80 116 13.395402
80 117 13.088917
80 118 14.731135
80 119 11.853506
80 120 13.652928
80 121 14.536960
80 122 13.657304
80 123 14.344994
80 124 11.793691
80 125 13.148138
80 126 13.165205
80 127 11.800461
80 128 12.812768
80 129 14.498131
80 130 11.310390
80 131 12.001924
80 132 12.029646
80 133 13.221315
80 134 11.466237
80 135 13.458160
80 136 14.411704
80 137 13.299191
80 138 14.782633
80 139 11.423068
80 140 11.599257
80 141 14.702770
80 142 12.752500
80 143 11.468909
80 144 14.064219
80 145 11.032057
80 146 12.215990
80 147 14.211214
80 148 11.943277
80 149 11.010705
80 150 12.006028
80 151 11.007593
80 152 14.753287
80 153 11.731038
80 154 12.209002
80 155 11.183279
80 156 11.245509
80 157 14.011891
80 158 14.014379
80 159 11.014692
80 160 11.406828
80 161 12.837237
80 162 12.168537
80 163 11.552680
80 164 12.867142
80 165 14.474097
80 166 10.957087
80 167 11.388909
80 168 14.478471
80 169 13.740961
80 170 13.326890
80 171 11.355576
80 172 14.406741
80 173 11.098036
80 174 14.274075
80 175 12.788061
80 176 13.684111
80 177 12.460827
80 178 12.661366
80 179 12.213644
80 180 10.935371
80 181 11.017026
80 182 12.536014
80 183 14.091245
80 184 11.875837
80 185 12.273470
80 186 14.177085
80 187 11.389258
80 188 12.565056
80 189 12.800523
80 190 13.841953
80 191 12.099145
80 192 11.621648
80 193 14.751291
80 194 14.052887
80 195 12.783117
80 196 11.675107
80 197 13.785530
80 198 14.799627
80 199 14.390020
80 200 14.571250
81 0 12.837282
81 1 13.699757
81 2 11.264057
81 3 13.172514
81 4 12.522954
81 5 13.920431
81 6 12.942339
81 7 11.321179
81 8 13.342815
81 9 14.146862
81 10 13.115557
81 11 13.326055
81 12 14.515719
81 13 11.666714
81 14 12.686312
81 15 13.467079
81 16 13.711413
81 17 14.706474
81 18 12.708402
81 19 14.599748
81 20 14.659996
81 21 12.408964
81 22 12.529535
81 23 14.278659
81 24 13.994671
81 25 13.777599
81 26 13.967748
81 27 14.621141
81 28 14.211893
81 29 11.353293
81 30 12.449631
81 31 11.228494
81 32 12.292128
81 33 11.979680
81 34 14.459429
81 35 12.815869
81 36 14.334278
81 37 12.387310
81 38 11.560523
81 39 11.537080
81 40 14.744042
81 41 12.280665
81 42 13.425946
81 43 11.242630
81 44 11.870275
81 45 14.170783
81 46 13.571925
81 47 13.473440
81 48 14.790293
81 49 12.793516
81 50 11.002379
81 51 14.483273
81 52 11.939358
81 53 11.827133
81 54 13.839456
81 55 11.559317
81 56 14.492384
81 57 12.766100
81 58 11.194965
81 59 14.778695
81 60 11.121412
81 61 11.889369
81 62 11.273730
81 63 14.389392
81 64 11.560816
81 65 13.636556
81 66 13.093174
81 67 12.576429
81 68 13.370428
81 69 11.570352
81 70 12.841527
81 71 14.397441
81 72 14.775133
81 73 12.991234
81 74 13.236033
81 75 14.489176
81 76 12.214158
81 77 13.179654
81 78 11.210400
81 79 12.632158
81 80 12.221681
81 82 12.449082
81 83 13.996687
81 84 14.056502
81 85 12.916037
81 86 13.550790
81 87 14.092570
81 88 11.590022
81 89 11.748037
81 90 11.053936
81 91 11.617844
81 92 14.278074
81 93 11.172327
81 94 14.408623
81 95 13.974183
81 96 14.660785
81 97 11.911391
81 98 14.423297
81 99 14.381133
81 100 13.943759
81 101 11.739056
81 102 12.344902
81 103 12.208061
81 104 13.798453
81 105 13.435532
81 106 11.506413
81 107 14.722814
81 108 11.449313
81 109 13.817908
81 110 12.674763
81 111 12.398553
81 112 13.439810
81 113 11.161776
81 114 13.586974
81 115 11.440859
81 116 14.405743
81 117 11.942519
81 118 12.113680
81 119 12.379530
81 120 11.409247
81 121 11.152220
81 122 13.094946
81 123 11.748370
81 124 12.864714
81 125 12.873174
81 126 12.922195
81 127 14.105284
81 128 14.045138
81 129 12.580787
81 130 14.456427
81 131 11.132249
81 132 13.352868
81 133 14.374900
81 134 13.207317
81 135 12.315978
81 136 12.858194
81 137 12.017330
81 138 13.829803
81 139 12.740778
81 140 11.699617
81 141 11.600959
81 142 12.777938
81 143 13.119038
81 144 12.231092
81 145 11.355563
81 146 11.907404
81 147 14.494878
81 148 12.724538
81 149 11.027548
81 150 13.086355
81 151 12.565932
81 152 13.318083
81 153 12.899669
81 154 12.926098
81 155 12.196728
81 156 12.616607
81 157 14.761871
81 158 14.689971
81 159 13.470437
81 160 14.663453
81 161 12.961636
81 162 14.666056
81 163 13.739061
81 164 12.991465
81 165 12.033794
81 166 13.970310
81 167 14.021327
81 168 12.737523
81 169 14.458841
81 170 12.709888
81 171 12.565746
81 172 12.948846
81 173 11.657717
81 174 12.394413
81 175 11.015731
81 176 11.812361
81 177 12.090138
81 178 12.297036
81 179 13.552219
81 180 11.148873
81 181 13.464883
81 182 12.945177
81 183 13.785148
81 184 14.326863
81 185 11.883542
81 186 14.748532
81 187 13.414860
81 188 11.518245
81 189 11.220604
81 190 12.204391
81 191 12.576984
81 192 11.045403
81 193 13.081476
81 194 12.788098
81 195 12.586021
81 196 14.255184
81 197 13.018594
81 198 14.717162
81 199 13.502466
81 200 13.505371
82 0 13.430476
82 1 13.137510
82 2 13.984026
82 3 12.493050
82 4 13.332926
82 5 14.250885
82 6 11.078324
82 7 11.703450
82 8 14.590877
82 9 11.478292
82 10 13.667547
82 11 13.491993
82 12 12.595579
82 13 14.705134
82 14 12.093808
82 15 11.856501
82 16 14.315317
82 17 14.289962
82 18 14.156545
82 19 11.553462
82 20 11.476625
82 21 13.812865
82 22 14.533827
82 23 11.485177
82 24 12.599690
82 25 14.117425
82 26 12.706567
82 27 13.259155
82 28 12.726146
82 29 12.806695
82 30 12.607696
82 31 13.921310
82 32 12.102243
82 33 11.020666
82 34 12.486085
82 35 11.325605
82 36 12.409014
82 37 11.463308
82 38 12.320856
82 39 12.816137
82 40 12.826609
82 41 13.544828
82 42 11.597784
82 43 12.874257
82 44 11.169164
82 45 10.956491
82 46 11.145747
82 47 12.874732
82 48 13.974178
82 49 14.302963
82 50 11.934668
82 51 13.781288
82 52 12.528426
82 53 11.276317
82 54 14.663639
82 55 14.268926
82 56 14.368811
82 57 12.314476
82 58 13.523976
82 59 12.025231
82 60 14.644851
82 61 14.678229
82 62 12.744535
82 63 13.277799
82 64 14.163094
82 65 11.915414
82 66 11.151758
82 67 12.266415
82 68 13.576695
82 69 14.457933
82 70 13.168681
82 71 11.421171
82 72 13.798658
82 73 12.801044
82 74 13.634684
82 75 12.482062
82 76 14.174237
82 77 12.782844
82 78 11.313698
82 79 14.513879
82 80 13.050822
82 81 12.449082
82 83 13.799406
82 84 13.388390
82 85 14.616484
82 86 12.316985
82 87 12.324457
82 88 11.490910
82 89 11.745992
82 90 14.630485
82 91 14.726275
82 92 12.913374
82 93 12.776887
82 94 13.349972
82 95 11.302376
82 96 11.783962
82 97 13.307390
82 98 14.110468
82 99 11.224360
82 100 14.569494
82 101 12.001318
82 102 11.108522
82 103 11.943108
82 104 13.443969
82 105 13.630127
82 106 11.910454
82 107 14.503781
82 108 14.753281
82 109 11.216808
82 110 11.745382
82 111 13.933355
82 112 13.672752
82 113 12.124159
82 114 11.588687
82 115 14.118528
82 116 14.808058
82 117 12.266301
82 118 12.178546
82 119 12.321082
82 120 13.058381
82 121 13.086336
82 122 12.777505
82 123 12.687439
82 124 14.225799
82 125 12.114114
82 126 12.017470
82 127 12.873055
82 128 13.293749
82 129 13.625050
82 130 11.053710
82 131 12.063131
82 132 11.936844
82 133 14.414079
82 134 12.562483
82 135 14.195742
82 136 12.030116
82 137 13.363261
82 138 11.971711
82 139 13.497742
82 140 12.601890
82 141 13.031302
82 142 14.093476
82 143 14.054119
82 144 11.230738
82 145 12.530837
82 146 14.255077
82 147 12.532601
82 148 14.808830
82 149 12.712088
82 150 14.487101
82 151 13.845244
82 152 14.030512
82 153 13.029187
82 154 12.999539
82 155 12.010995
82 156 14.046195
82 157 13.690764
82 158 11.567111
82 159 11.023633
82 160 13.575011
82 161 13.824340
82 162 13.243996
82 163 11.580193
82 164 13.518952
82 165 13.212425
82 166 11.615716
82 167 11.540539
82 168 14.383002
82 169 12.200718
82 170 14.054974
82 171 12.630189
82 172 12.878984
82 173 13.727223
82 174 13.507917
82 175 11.920834
82 176 12.358650
82 177 11.569739
82 178 11.973871
82 179 13.274332
82 180 12.466471
82 181 11.274933
82 182 12.650203
82 183 13.941963
82 184 13.555236
82 185 13.926823
82 186 11.162463
82 187 11.242772
82 188 11.937150
82 189 14.597237
82 190 11.054386
82 191 13.591749
82 192 14.509171
82 193 14.775602
82 194 12.489802
82 195 11.181933
82 196 11.989921
82 197 13.024155
82 198 14.012282
82 199 12.335981
82 200 12.613950
83 0 14.165671
83 1 13.563392
83 2 11.224435
83 3 12.332315
83 4 12.762983
83 5 12.628296
83 6 11.993459
83 7 11.899456
83 8 12.720824
83 9 13.358362
83 10 12.382367
83 11 13.848887
83 12 14.260411
83 13 12.893311
83 14 14.224642
83 15 12.149915
83 16 11.816118
83 17 14.793432
83 18 14.710414
83 19 12.353697
83 20 11.370567
83 21 14.199801
83 22 12.058396
83 23 13.255959
83 24 14.173703
83 25 14.546256
83 26 13.332698
83 27 12.794076
83 28 11.918667
83 29 12.937281
83 30 11.372609
83 31 12.986636
83 32 14.283862
83 33 12.403509
83 34 12.183552
83 35 13.224463
83 36 14.053705
83 37 12.840838
83 38 14.257732
83 39 13.236573
83 40 12.092244
83 41 13.095755
83 42 11.501503
83 43 14.117830
83 44 14.116366
83 45 13.113026
83 46 12.563343
83 47 14.556746
83 48 11.328022
83 49 12.382922
83 50 12.219772
83 51 14.193185
83 52 11.292641
83 53 13.514921
83 54 14.224766
83 55 10.945288
83 56 14.811302
83 57 13.824204
83 58 12.401553
83 59 12.581792
83 60 12.681076
83 61 11.069287
83 62 12.745539
83 63 13.252067
83 64 11.885023
83 65 13.886007
83 66 11.160464
83 67 12.669057
83 68 13.796253
83 69 11.397365
83 70 13.728199
83 71 11.128201
83 72 11.511158
83 73 11.278674
83 74 12.778676
83 75 13.829889
83 76 13.295703
83 77 12.443531
83 78 12.990579
83 79 13.998926
83 80 12.554155
83 81 13.996687
83 82 13.799406
83 84 14.128080
83 85 14.805890
83 86 11.174744
83 87 11.861627
83 88 12.591626
83 89 12.845138
83 90 12.220631
83 91 14.026802
83 92 12.479506
83 93 13.067110
83 94 11.640701
83 95 11.729187
83 96 12.350035
83 97 11.147770
83 98 13.293201
83 99 14.051940
83 100 13.596286
83 101 14.372110
83 102 14.290208
83 103 13.144570
83 104 13.412128
83 105 11.836663
83 106 14.424194
83 107 14.450812
83 108 14.229025
83 109 14.465926
83 110 13.031011
83 111 14.151160
83 112 14.260076
83 113 11.986372
83 114 13.052891
83 115 11.571457
83 116 13.828502
83 117 11.124107
83 118 11.983039
83 119 11.357912
83 120 14.584303
83 121 13.850549
83 122 10.991723
83 123 12.442930
83 124 14.601712
83 125 14.314828
83 126 12.841863
83 127 14.570803
83 128 13.752017
83 129 14.740969
83 130 11.519532
83 131 14.069244
83 132 14.715047
83 133 13.679997
83 134 13.111571
83 135 13.211387
83 136 13.642975
83 137 13.107697
83 138 14.399473
83 139 11.013759
83 140 14.001398
83 141 11.898464
83 142 14.469617
83 143 11.483080
83 144 11.905353
83 145 14.062683
83 146 11.162365
83 147 12.041372
83 148 13.227374
83 149 13.369982
83 150 12.814069
83 151 14.299851
83 152 11.552538
83 153 14.065372
83 154 13.559399
83 155 13.691483
83 156 14.559615
83 157 13.656976
83 158 12.812408
83 159 12.863862
83 160 13.498736
83 161 10.994328
83 162 11.025106
83 163 14.772929
83 164 12.939109
83 165 13.198859
83 166 14.254653
83 167 12.248613
83 168 13.420605
83 169 11.901655
83 170 11.137388
83 171 11.647575
83 172 14.088497
83 173 12.230844
83 174 13.060135
83 175 12.721740
83 176 14.326357
83 177 14.408257
83 178 14.272470
83 179 14.194706
83 180 13.564357
83 181 14.565098
83 182 11.235423
83 183 12.142628
83 184 13.765581
83 185 14.257920
83 186 12.489444
83 187 11.873668
83 188 12.948532
83 189 14.037184
83 190 12.521772
83 191 13.243670
83 192 14.690582
83 193 14.237050
83 194 13.289531
83 195 14.704656
83 196 14.183275
83 197 13.169196
83 198 12.047320
83 199 14.752708
83 200 14.743109
84 0 13.152877
84 1 13.837838
84 2 11.222564
84 3 12.891960
84 4 12.540592
84 5 12.558433
84 6 13.464371
84 7 12.319621
84 8 11.794007
84 9 13.983324
84 10 11.073130
84 11 14.526952
84 12 13.848782
84 13 12.172825
84 14 12.786131
84 15 11.128700
84 16 14.187050
84 17 11.189293
84 18 12.537472
84 19 12.349614
84 20 11.352097
84 21 12.643265
84 22 14.579263
84 23 12.111005
84 24 13.024055
84 25 11.677875
84 26 12.804520
84 27 13.001519
84 28 13.514872
84 29 11.371327
84 30 14.376003
84 31 14.124603
84 32 14.771285
84 33 14.172251
84 34 13.041368
84 35 11.356068
84 36 14.501597
84 37 13.599363
84 38 11.550238
84 39 12.971286
84 40 12.490861
84 41 11.277256
84 42 13.692020
84 43 14.725130
84 44 14.803025
84 45 14.399506
84 46 12.881853
84 47 13.418227
84 48 12.014064
84 49 14.403916
84 50 14.029671
84 51 11.238645
84 52 12.918645
84 53 12.461089
84 54 13.463405
84 55 14.403361
84 56 14.419515
84 57 13.227374
84 58 12.283912
84 59 11.452130
84 60 12.141931
84 61 14.690611
84 62 14.263942
84 63 13.110009
84 64 12.040797
84 65 10.962826
84 66 13.875972
84 67 14.111901
84 68 14.453799
84 69 12.798358
84 70 11.007430
84 71 13.168915
84 72 13.425074
84 73 13.996835
84 74 12.138552
84 75 14.658917
84 76 10.938945
84 77 13.305458
84 78 13.514907
84 79 11.726015
84 80 12.855147
84 81 14.056502
84 82 13.388390
84 83 14.128080
84 85 11.465364
84 86 11.848687
84 87 11.455657
84 88 12.521949
84 89 13.549031
84 90 12.670160
84 91 12.871605
84 92 14.076762
84 93 11.576321
84 94 13.872331
84 95 14.154472
84 96 11.478201
84 97 12.313365
84 98 13.385422
84 99 13.668932
84 100 11.164576
84 101 13.599389
84 102 11.786539
84 103 14.530797
84 104 13.934478
84 105 13.089688
84 106 14.438250
84 107 14.522280
84 108 12.124534
84 109 12.761600
84 110 13.601873
84 111 13.870086
84 112 11.184963
84 113 11.640834
84 114 14.293391
84 115 12.648335
84 116 11.879981
84 117 14.351322
84 118 11.400690
84 119 11.072281
84 120 13.327576
84 121 11.075898
84 122 13.803320
84 123 12.602536
84 124 13.340487
84 125 11.045734
84 126 12.071521
84 127 12.977875
84 128 12.340200
84 129 11.520725
84 130 11.894275
84 131 11.552038
84 132 14.676606
84 133 12.273718
84 134 13.990331
84 135 12.792592
84 136 11.567109
84 137 12.048694
84 138 11.231482
84 139 13.542845
84 140 12.736697
84 141 14.663364
84 142 14.615997
84 143 12.629558
84 144 11.802337
84 145 12.236304
84 146 14.748093
84 147 12.914002
84 148 12.805117
84 149 11.578708
84 150 13.980266
84 151 13.492773
84 152 13.509176
84 153 14.201462
84 154 12.038820
84 155 12.183022
84 156 10.930654
84 157 12.620482
84 158 12.783158
84 159 11.208094
84 160 13.412784
84 161 14.545841
84 162 14.143714
84 163 14.793305
84 164 12.501328
84 165 13.224001
84 166 11.711117
84 167 13.781888
84 168 14.722335
84 169 13.307303
84 170 12.601841
84 171 14.688786
84 172 11.107017
84 173 14.518603
84 174 13.510265
84 175 12.842722
84 176 13.303744
84 177 13.445739
84 178 13.223656
84 179 12.406310
84 180 14.373583
84 181 11.062716
84 182 12.970462
84 183 12.067688
84 184 11.474824
84 185 12.340965
84 186 12.558249
84 187 13.764013
84 188 14.616533
84 189 12.394825
84 190 13.384297
84 191 12.896469
84 192 11.481378
84 193 13.047207
84 194 13.185098
84 195 11.517567
84 196 12.119098
84 197 12.696406
84 198 11.315145
84 199 11.183908
84 200 13.705551
85 0 12.409934
85 1 12.182334
85 2 11.145375
85 3 12.032741
85 4 13.528457
85 5 14.504737
85 6 13.121227
85 7 11.578949
85 8 13.566681
85 9 12.161892
85 10 14.677695
85 11 12.265599
85 12 11.259133
85 13 11.155699
85 14 13.932458
85 15 13.937665
85 16 11.641798
85 17 13.004773
85 18 14.626522
85 19 13.926097
85 20 11.763313
85 21 12.945799
85 22 11.892548
85 23 12.270378
85 24 11.471195
85 25 14.186234
85 26 12.199768
85 27 14.774420
85 28 11.482783
85 29 14.387756
85 30 14.501373
85 31 12.924833
85 32 13.647873
85 33 14.792575
85 34 11.561421
85 35 13.800092
85 36 11.377971
85 37 13.382399
85 38 13.990734
85 39 14.332100
85 40 13.600087
85 41 13.578698
85 42 12.439524
85 43 13.435930
85 44 11.274401
85 45 14.311522
85 46 11.645787
85 47 14.715406
85 48 14.630731
85 49 14.134230
85 50 11.820886
85 51 12.114034
85 52 12.009764
85 53 14.411968
85 54 13.529094
85 55 12.544241
85 56 13.474245
85 57 14.319490
85 58 13.943486
85 59 13.505217
85 60 12.645153
85 61 10.960432
85 62 12.616369
85 63 12.776977
85 64 12.434228
85 65 11.431583
85 66 13.427954
85 67 11.228711
85 68 13.275616
85 69 13.412198
85 70 12.864458
85 71 14.308787
85 72 14.255757
85 73 12.296932
85 74 11.656664
85 75 11.373224
85 76 14.815870
85 77 13.404786
85 78 12.419447
85 79 12.682574
85 80 12.194520
85 81 12.916037
85 82 14.616484
85 83 14.805890
85 84 11.465364
85 86 14.219693
85 87 14.454191
85 88 11.131149
85 89 14.341500
85 90 11.300898
85 91 14.735814
85 92 12.498945
85 93 12.473472
85 94 11.561297
85 95 13.029517
85 96 12.705469
85 97 12.520225
85 98 11.895984
85 99 14.125381
85 100 11.549707
85 101 13.925896
85 102 14.196787
85 103 12.675563
85 104 14.382022
85 105 11.977401
85 106 12.669946
85 107 14.396360
85 108 13.465064
85 109 14.593914
85 110 11.136488
85 111 11.766925
85 112 14.368560
85 113 11.463942
85 114 11.204743
85 115 11.814294
85 116 11.154802
85 117 11.075349
85 118 11.442565
85 119 14.655903
85 120 12.120677
85 121 14.476255
85 122 14.021522
85 123 11.460063
85 124 13.129137
85 125 13.469088
85 126 11.455078
85 127 11.020989
85 128 14.418616
85 129 12.698312
85 130 12.134977
85 131 10.941991
85 132 12.753664
85 133 11.580758
85 134 11.934073
85 135 14.761923
85 136 14.561415
85 137 13.013259
85 138 13.013822
85 139 14.138676
85 140 11.056538
85 141 13.335804
85 142 11.848536
85 143 13.483701
85 144 14.490097
85 145 14.097055
85 146 12.155031
85 147 11.797978
85 148 11.597104
85 149 13.660127
85 150 11.613472
85 151 14.350937
85 152 13.139411
85 153 14.375224
85 154 14.547890
85 155 11.871979
85 156 11.155956
85 157 12.207273
85 158 13.333137
85 159 14.631840
85 160 10.999720
85 161 12.682272
85 162 12.877626
85 163 11.654155
85 164 13.420555
85 165 13.947772
85 166 13.802952
85 167 12.493749
85 168 11.740816
85 169 12.082895
85 170 12.632382
85 171 12.872230
85 172 12.493985
85 173 13.501846
85 174 11.457617
85 175 14.474322
85 176 12.279769
85 177 12.481575
85 178 12.946414
85 179 11.826663
85 180 10.953292
85 181 10.995279
85 182 13.036826
85 183 13.095788
85 184 14.246665
85 185 14.265569
85 186 13.990183
85 187 12.736379
85 188 10.975563
85 189 11.087480
85 190 14.570087
85 191 13.641985
85 192 11.199897
85 193 11.468665
85 194 13.910569
85 195 12.449871
85 196 13.668538
85 197 12.532471
85 198 12.392139
85 199 13.083554
85 200 13.928183
86 0 12.556735
86 1 11.670663
86 2 13.722221
86 3 14.598332
86 4 13.123359
86 5 13.324588
86 6 11.520729
86 7 12.365812
86 8 14.658384
86 9 12.169659
86 10 12.757268
86 11 12.307019
86 12 13.677186
86 13 12.785320
86 14 13.335689
86 15 13.972170
86 16 14.784633
86 17 14.614191
86 18 13.474639
86 19 12.072521
86 20 12.723025
86 21 14.282091
86 22 12.292096
86 23 11.638245
86 24 13.741302
86 25 11.073909
86 26 14.189522
86 27 11.262286
86 28 12.748677
86 29 12.460036
86 30 11.234860
86 31 13.828348
86 32 12.484658
86 33 11.029170
86 34 14.351846
86 35 11.626375
86 36 13.353443
86 37 12.411254
86 38 13.699301
86 39 10.920311
86 40 12.365948
86 41 13.018064
86 42 14.104841
86 43 14.174469
86 44 13.727798
86 45 14.781779
86 46 12.858715
86 47 13.845304
86 48 12.269010
86 49 11.358066
86 50 11.645444
86 51 11.103278
86 52 12.621628
86 53 14.733565
86 54 13.389969
86 55 13.134961
86 56 10.952239
86 57 13.537759
86 58 14.808267
86 59 13.712545
86 60 14.385930
86 61 11.304407
86 62 11.177845
86 63 11.301436
86 64 12.033791
86 65 14.595029
86 66 12.968485
86 67 14.765258
86 68 14.745861
86 69 11.931589
86 70 12.418399
86 71 11.080106
86 72 14.076942
86 73 12.776176
86 74 12.715130
86 75 11.669541
86 76 13.899787
86 77 14.298152
86 78 11.949770
86 79 14.689952
86 80 11.889445
86 81 13.550790
86 82 12.316985
86 83 11.174744
86 84 11.848687
86 85 14.219693
86 87 11.519066
86 88 13.886733
86 89 12.608329
86 90 11.223689
86 91 10.983308
86 92 11.843825
86 93 13.787562
86 94 12.288260
86 95 13.282508
86 96 12.353096
86 97 12.216742
86 98 11.637187
86 99 12.997478
86 100 11.852613
86 101 14.484441
86 102 12.086583
86 103 12.019728
86 104 13.252979
86 105 13.114605
86 106 13.687991
86 107 13.794175
86 108 12.735803
86 109 12.993760
86 110 11.170294
86 111 12.710470
86 112 11.270704
86 113 13.286116
86 114 13.771910
86 115 14.600470
86 116 13.220823
86 117 13.035959
86 118 14.408460
86 119 12.781223
86 120 11.093056
86 121 12.053395
86 122 12.292479
86 123 11.085004
86 124 11.601930
86 125 12.351212
86 126 13.078741
86 127 12.547978
86 128 12.417203
86 129 13.235335
86 130 13.579021
86 131 14.415870
86 132 13.728019
86 133 14.700501
86 134 12.853168
86 135 13.285025
86 136 12.552335
86 137 11.348313
86 138 11.621547
86 139 10.954575
86 140 14.537150
86 141 11.655726
86 142 11.973081
86 143 14.633415
86 144 12.313483
86 145 11.898977
86 146 11.292619
86 147 11.855237
86 148 12.591609
86 149 13.381079
86 150 12.157769
86 151 13.500456
86 152 11.952051
86 153 14.700096
86 154 11.860722
86 155 14.020903
86 156 10.926832
86 157 14.022221
86 158 14.360749
86 159 11.157604
86 160 13.973242
86 161 11.020937
86 162 11.509146
86 163 14.014333
86 164 14.798962
86 165 11.381947
86 166 11.692799
86 167 11.352490
86 168 11.763250
86 169 10.939427
86 170 12.063209
86 171 11.998679
86 172 14.688876
86 173 11.828947
86 174 12.583490
86 175 13.739763
86 176 13.188478
86 177 14.090621
86 178 14.442594
86 179 14.542253
86 180 11.341204
86 181 13.534602
86 182 13.511977
86 183 12.846865
86 184 11.377001
86 185 14.063961
86 186 12.852265
86 187 13.098427
86 188 12.716610
86 189 11.402440
86 190 12.869527
86 191 12.555127
86 192 12.139586
86 193 11.919249
86 194 13.742598
86 195 11.684888
86 196 14.471486
86 197 14.281125
86 198 12.809739
86 199 11.738721
86 200 13.904756
87 0 14.171717
87 1 13.213105
87 2 14.279774
87 3 12.185088
87 4 13.327732
87 5 12.712624
87 6 11.059242
87 7 13.743017
87 8 11.801164
87 9 12.736687
87 10 11.015924
87 11 14.574089
87 12 12.791884
87 13 13.234244
87 14 13.731385
87 15 14.535286
87 16 11.762429
87 17 13.266836
87 18 11.403042
87 19 12.391109
87 20 12.983861
87 21 13.493295
87 22 11.735128
87 23 11.352394
87 24 12.997888
87 25 14.602370
87 26 13.818584
87 27 11.038074
87 28 11.235477
87 29 14.556734
87 30 11.771288
87 31 11.618840
87 32 12.919324
87 33 12.107075
87 34 11.779545
87 35 13.452266
87 36 14.595854
87 37 14.410083
87 38 12.013047
87 39 11.028406
87 40 14.793423
87 41 12.034379
87 42 12.117244
87 43 13.463790
87 44 14.780821
87 45 11.075799
87 46 13.056164
87 47 14.592026
87 48 13.697988
87 49 11.542798
87 50 13.744683
87 51 11.381687
87 52 11.777446
87 53 11.245864
87 54 12.658692
87 55 12.744569
87 56 11.207236
87 57 14.245684
87 58 11.600104
87 59 11.016671
87 60 14.313809
87 61 14.312802
87 62 12.921619
87 63 13.006105
87 64 14.611812
87 65 13.734230
87 66 13.651337
87 67 13.932197
87 68 13.948423
87 69 12.907483
87 70 14.466240
87 71 14.451895
87 72 11.290566
87 73 11.901093
87 74 13.113629
87 75 11.860539
87 76 11.196778
87 77 13.113872
87 78 12.490321
87 79 12.197522
87 80 13.191899
87 81 14.092570
87 82 12.324457
87 83 11.861627
87 84 11.455657
87 85 14.454191
87 86 11.519066
87 88 12.419729
87 89 12.507588
87 90 11.728298
87 91 12.063739
87 92 13.957280
87 93 13.837228
87 94 13.324489
87 95 13.114006
87 96 14.539007
87 97 12.552893
87 98 14.493639
87 99 12.407044
87 100 11.953805
87 101 14.698626
87 102 12.707301
87 103 13.084926
87 104 14.713727
87 105 13.769940
87 106 11.421712
87 107 14.596444
87 108 13.988844
87 109 14.693995
87 110 12.151051
87 111 14.303310
87 112 14.057115
87 113 12.544022
87 114 12.450133
87 115 13.966336
87 116 13.337512
87 117 11.379422
87 118 12.106798
87 119 13.846264
87 120 13.756627
87 121 11.937580
87 122 11.144181
87 123 13.245686
87 124 12.433666
87 125 11.899357
87 126 14.035952
87 127 13.547037
87 128 14.611895
87 129 13.430599
87 130 11.121809
87 131 13.460988
87 132 13.794412
87 133 12.114537
87 134 12.758471
87 135 10.966332
87 136 13.397779
87 137 11.650848
87 138 12.116207
87 139 13.370708
87 140 13.048580
87 141 14.700623
87 142 12.018158
87 143 13.366707
87 144 11.168729
87 145 12.606990
87 146 11.372117
87 147 12.802350
87 148 12.949790
87 149 14.786337
87 150 12.131417
87 151 13.998286
87 152 14.702731
87 153 11.824796
87 154 11.900706
87 155 14.652083
87 156 14.557913
87 157 13.041484
87 158 13.369367
87 159 13.726880
87 160 11.363239
87 161 13.195764
87 162 13.066307
87 163 13.945585
87 164 11.654371
87 165 14.613754
87 166 12.138624
87 167 11.945263
87 168 13.685546
87 169 12.806308
87 170 13.816616
87 171 11.139367
87 172 14.289622
87 173 14.819853
87 174 11.286911
87 175 12.737967
87 176 12.991694
87 177 11.246674
87 178 13.923178
87 179 14.746377
87 180 14.697059
87 181 13.547193
87 182 14.350742
87 183 14.580731
87 184 12.535865
87 185 14.183382
87 186 11.505766
87 187 14.773897
87 188 13.539166
87 189 13.858975
87 190 12.823840
87 191 12.102546
87 192 13.231517
87 193 12.055060
87 194 13.178758
87 195 12.966180
87 196 11.348844
87 197 13.329035
87 198 13.417984
87 199 14.799624
87 200 14.118640
88 0 13.671082
88 1 12.967811
88 2 11.889732
88 3 14.813722
88 4 11.292281
88 5 13.230306
88 6 13.463402
88 7 12.162211
88 8 13.438817
88 9 12.666868
88 10 10.920303
88 11 12.652257
88 12 13.624605
88 13 11.449537
88 14 13.281981
88 15 13.289466
88 16 11.516030
88 17 13.308150
88 18 11.277827
88 19 13.823958
88 20 11.923006
88 21 12.549584
88 22 14.102410
88 23 13.788845
88 24 14.523716
88 25 14.336830
88 26 11.552897
88 27 13.136064
88 28 12.457415
88 29 11.865595
88 30 12.784578
88 31 14.478898
88 32 12.097465
88 33 10.959297
88 34 14.391797
88 35 11.660019
88 36 12.604229
88 37 11.691504
88 38 11.782334
88 39 12.802509
88 40 12.634871
88 41 11.829349
88 42 14.641616
88 43 13.588811
88 44 13.628504
88 45 13.329323
88 46 13.886205
88 47 11.996154
88 48 14.261772
88 49 11.962844
88 50 13.874566
88 51 13.172033
88 52 11.933457
88 53 12.003155
88 54 12.055949
88 55 14.743481
88 56 14.080687
88 57 11.911016
88 58 12.132430
88 59 13.948673
88 60 13.297195
88 61 12.417705
88 62 14.059833
88 63 14.103364
88 64 13.658766
88 65 13.601896
88 66 14.107521
88 67 12.817656
88 68 12.634516
88 69 12.185785
88 70 11.955419
88 71 14.373698
88 72 11.255189
88 73 12.204329
88 74 12.873158
88 75 11.397207
88 76 12.448062
88 77 14.703037
88 78 12.195125
88 79 11.507360
88 80 11.240539
88 81 11.590022
88 82 11.490910
88 83 12.591626
88 84 12.521949
88 85 11.131149
88 86 13.886733
88 87 12.419729
88 89 11.089496
88 90 14.168343
88 91 11.401258
88 92 11.790062
88 93 12.949159
88 94 14.236523
88 95 13.946583
88 96 11.400234
88 97 14.133854
88 98 13.759302
88 99 12.266199
88 100 11.229487
88 101 14.792506
88 102 10.925124
88 103 12.454728
88 104 12.141610
88 105 13.544571
88 106 11.222287
88 107 11.122075
88 108 13.049612
88 109 10.998519
88 110 11.518654
88 111 11.049374
88 112 13.118096
88 113 13.001924
88 114 11.275096
88 115 14.733589
88 116 11.149074
88 117 14.351101
88 118 13.654152
88 119 13.336705
88 120 13.989029
88 121 11.772917
88 122 13.318982
88 123 14.436491
88 124 12.218865
88 125 12.147936
88 126 12.731993
88 127 12.414467
88 128 14.456597
88 129 13.888156
88 130 14.072436
88 131 11.339821
88 132 12.748023
88 133 11.768515
88 134 12.791852
88 135 11.537444
88 136 12.733512
88 137 14.811757
88 138 11.387631
88 139 14.730403
88 140 12.319257
88 141 11.194107
88 142 12.179625
88 143 13.719492
88 144 11.862257
88 145 13.714795
88 146 13.919853
88 147 13.072620
88 148 11.677681
88 149 14.162270
88 150 12.113100
88 151 13.661017
88 152 11.212464
88 153 11.794020
88 154 11.906610
88 155 11.052148
88 156 11.922557
88 157 13.470515
88 158 12.998736
88 159 12.265749
88 160 12.436252
88 161 13.831569
88 162 11.831314
88 163 11.508621
88 164 14.660100
88 165 12.485772
88 166 14.677547
88 167 13.133014
88 168 14.420608
88 169 12.409765
88 170 13.501252
88 171 14.457948
88 172 13.093727
88 173 11.976150
88 174 13.970209
88 175 11.549108
88 176 13.675091
88 177 13.838273
88 178 12.923795
88 179 12.845100
88 180 12.307663
88 181 12.816610
88 182 11.493480
88 183 11.582568
88 184 11.907552
88 185 13.769071
88 186 11.744434
88 187 12.180736
88 188 13.511461
88 189 11.170646
88 190 13.102077
88 191 11.588253
88 192 13.142365
88 193 10.924500
88 194 12.710849
88 195 13.031304
88 196 13.776230
88 197 14.046919
88 198 12.536302
88 199 12.516007
88 200 12.028791
89 0 12.686289
89 1 14.067637
89 2 13.011447
89 3 13.892366
89 4 13.075513
89 5 12.333559
89 6 13.678921
89 7 12.027630
89 8 11.811599
89 9 12.023856
89 10 12.583971
89 11 11.281227
89 12 11.609861
89 13 12.919674
89 14 14.154184
89 15 11.850938
89 16 14.691087
89 17 12.046100
89 18 14.697210
89 19 14.700561
89 20 11.268328
89 21 14.199366
89 22 12.931061
89 23 11.686863
89 24 11.837367
89 25 11.645568
89 26 13.903475
89 27 12.682300
89 28 13.526894
89 29 11.787774
89 30 14.545189
89 31 13.883325
89 32 11.416683
89 33 14.348642
89 34 12.692667
89 35 14.467191
89 36 13.729486
89 37 13.783988
89 38 11.417870
89 39 13.430566
89 40 11.321311
89 41 13.054697
89 42 14.420313
89 43 11.775997
89 44 14.433762
89 45 11.355918
89 46 14.489994
89 47 14.317739
89 48 14.128684
89 49 13.242164
89 50 14.068254
89 51 13.373140
89 52 11.873295
89 53 12.106834
89 54 12.451539
89 55 13.549634
89 56 12.448139
89 57 11.606290
89 58 11.303526
89 59 11.087549
89 60 12.613349
89 61 13.248574
89 62 11.745709
89 63 13.034881
89 64 11.492696
89 65 11.396490
89 66 13.900820
89 67 11.867350
89 68 13.516096
89 69 13.420322
89 70 11.304009
89 71 13.726616
89 72 14.493848
89 73 13.217429
89 74 11.456080
89 75 11.996466
89 76 12.690674
89 77 12.403543
89 78 11.288653
89 79 14.539393
89 80 13.065910
89 81 11.748037
89 82 11.745992
89 83 12.845138
89 84 13.549031
89 85 14.341500
89 86 12.608329
89 87 12.507588
89 88 11.089496
89 90 12.847531
89 91 13.855688
89 92 12.763024
89 93 12.810514
89 94 13.149784
89 95 11.272745
89 96 11.586107
89 97 14.462105
89 98 11.398825
89 99 11.828968
89 100 14.720619
89 101 12.384907
89 102 12.180030
89 103 14.557570
89 104 12.773009
89 105 11.271185
89 106 13.939731
89 107 12.904481
89 108 12.393310
89 109 14.553064
89 110 11.817583
89 111 12.621435
89 112 13.626734
89 113 12.081049
89 114 12.814479
89 115 11.072015
89 116 13.771473
89 117 13.459469
89 118 13.411912
89 119 11.725921
89 120 13.216823
89 121 13.131917
89 122 11.215708
89 123 12.500715
89 124 12.127028
89 125 14.109884
89 126 11.700523
89 127 12.312684
89 128 13.378860
89 129 12.431910
89 130 11.442793
89 131 13.908067
89 132 13.371507
89 133 12.019743
89 134 12.407255
89 135 11.476634
89 136 12.894493
89 137 13.432430
89 138 11.989724
89 139 13.601656
89 140 11.143757
89 141 14.491437
89 142 12.585864
89 143 11.871840
89 144 13.201110
89 145 14.049755
89 146 14.083343
89 147 13.222550
89 148 12.453873
89 149 13.015698
89 150 13.199383
89 151 14.412593
89 152 12.473068
89 153 13.611849
89 154 14.769544
89 155 13.251738
89 156 13.607037
89 157 14.293654
89 158 12.375807
89 159 12.425084
89 160 14.558892
89 161 12.202516
89 162 11.420900
89 163 13.455209
89 164 13.487932
89 165 14.388999
89 166 14.032055
89 167 12.720326
89 168 13.891169
89 169 12.425445
89 170 11.108167
89 171 14.761226
89 172 14.660865
89 173 14.279990
89 174 11.904613
89 175 12.865882
89 176 11.953942
89 177 12.259213
89 178 11.215961
89 179 11.846022
89 180 13.165734
89 181 13.339569
89 182 13.600782
89 183 14.321649
89 184 12.303943
89 185 11.629820
89 186 10.959449
89 187 14.173921
89 188 14.464383
89 189 13.420718
89 190 14.137080
89 191 13.552825
89 192 11.059761
89 193 12.116800
89 194 13.499200
89 195 12.480130
89 196 12.308236
89 197 11.096922
89 198 13.659617
89 199 11.036559
89 200 13.649160
90 0 11.501717
90 1 14.526815
90 2 12.830271
90 3 12.993853
90 4 11.408765
90 5 14.623076
90 6 14.647447
90 7 13.698714
90 8 13.097673
90 9 12.775561
90 10 11.967677
90 11 11.375336
90 12 11.215247
90 13 12.051714
90 14 11.941809
90 15 11.876810
90 16 12.645832
90 17 13.198666
90 18 14.219017
90 19 11.315803
90 20 12.168119
90 21 11.256143
90 22 14.124157
90 23 14.303932
90 24 13.229429
90 25 12.813544
90 26 11.096584
90 27 11.466863
90 28 11.546062
90 29 13.872362
90 30 12.197080
90 31 11.520076
90 32 12.328303
90 33 12.802809
90 34 14.540424
90 35 11.908323
90 36 11.122759
90 37 11.871256
90 38 11.139229
90 39 13.029335
90 40 13.451385
90 41 14.348947
90 42 10.988276
90 43 13.112448
90 44 12.065041
90 45 14.368892
90 46 12.271709
90 47 12.333161
90 48 13.696807
90 49 11.882435
90 50 13.865801
90 51 13.459073
90 52 12.746304
90 53 13.990546
90 54 14.014148
90 55 14.073524
90 56 12.734099
90 57 13.360791
90 58 13.941831
90 59 14.635510
90 60 13.174399
90 61 14.249371
90 62 13.787593
90 63 12.875996
90 64 11.555636
90 65 11.723865
90 66 11.032980
90 67 11.377154
90 68 13.127230
90 69 14.099945
90 70 12.853047
90 71 12.810486
90 72 11.987695
90 73 14.572952
90 74 12.357843
90 75 13.683294
90 76 11.239197
90 77 13.154238
90 78 13.312897
90 79 11.064852
90 80 11.927753
90 81 11.053936
90 82 14.630485
90 83 12.220631
90 84 12.670160
90 85 11.300898
90 86 11.223689
90 87 11.728298
90 88 14.168343
90 89 12.847531
90 91 11.505567
90 92 13.307399
90 93 12.803687
90 94 12.232379
90 95 13.986057
90 96 11.256000
90 97 14.186825
90 98 12.996795
90 99 14.584639
90 100 14.808845
90 101 13.315387
90 102 13.348494
90 103 12.490227
90 104 12.615840
90 105 11.970647
90 106 13.121538
90 107 12.460656
90 108 12.805230
90 109 12.054083
90 110 12.684758
90 111 12.073273
90 112 13.639795
90 113 12.767198
90 114 12.071686
90 115 12.057706
90 116 12.416043
90 117 13.065275
90 118 13.419521
90 119 13.361414
90 120 11.581974
90 121 13.091801
90 122 12.152891
90 123 14.416762
90 124 12.337373
90 125 12.405924
90 126 11.616889
90 127 12.736811
90 128 11.214304
90 129 14.177311
90 130 12.889096
90 131 13.908948
90 132 12.249732
90 133 14.086997
90 134 11.107985
90 135 13.603852
90 136 11.310119
90 137 13.649603
90 138 12.536470
90 139 11.703866
90 140 12.650132
90 141 12.966690
90 142 13.800606
90 143 11.853697
90 144 14.503014
90 145 13.964792
90 146 13.973609
90 147 13.833967
90 148 11.416425
90 149 13.911735
90 150 10.948008
90 151 12.654661
90 152 14.177426
90 153 14.803648
90 154 11.075775
90 155 13.486800
90 156 12.682788
90 157 11.995910
90 158 12.520232
90 159 12.790495
90 160 14.379228
90 161 11.955823
90 162 11.497606
90 163 11.300894
90 164 12.489555
90 165 13.973905
90 166 12.490934
90 167 11.771009
90 168 11.808428
90 169 11.955824
90 170 14.519976
90 171 13.436999
90 172 12.853407
90 173 13.555476
90 174 11.911307
90 175 11.398223
90 176 12.379836
90 177 12.232064
90 178 13.367866
90 179 13.913255
90 180 13.710015
90 181 13.601455
90 182 11.528214
90 183 12.732433
90 184 11.069169
90 185 10.925877
90 186 11.197321
90 187 12.733022
90 188 11.861458
90 189 12.217838
90 190 11.675973
90 191 13.365596
90 192 12.955869
90 193 12.358871
90 194 11.225223
90 195 12.576167
90 196 14.013178
90 197 11.094637
90 198 14.723658
90 199 11.945966
90 200 12.556838
91 0 14.589942
91 1 13.931255
91 2 11.347174
91 3 12.750494
91 4 11.976845
91 5 12.734246
91 6 12.004047
91 7 14.338131
91 8 12.936400
91 9 11.904568
91 10 11.485115
91 11 12.862175
91 12 11.061567
91 13 11.717579
91 14 11.245945
91 15 12.134561
91 16 14.500596
91 17 13.635302
91 18 11.338511
91 19 14.340225
91 20 13.341148
91 21 13.266489
91 22 12.620416
91 23 12.214030
91 24 11.800664
91 25 12.776955
91 26 11.720698
91 27 14.491425
91 28 11.527605
91 29 12.498605
91 30 14.126061
91 31 12.109882
91 32 12.729388
91 33 12.673105
91 34 11.495794
91 35 12.203986
91 36 12.360843
91 37 12.415530
91 38 13.474141
91 39 11.700451
91 40 11.337215
91 41 14.294128
91 42 12.049415
91 43 11.602890
91 44 14.712905
91 45 11.908419
91 46 14.008506
91 47 13.700192
91 48 11.893724
91 49 11.218906
91 50 13.186515
91 51 10.931262
91 52 12.537269
91 53 11.239025
91 54 13.370739
91 55 14.026028
91 56 12.825625
91 57 13.668011
91 58 13.399550
91 59 11.381580
91 60 11.205393
91 61 13.361686
91 62 12.171114
91 63 11.785992
91 64 13.715102
91 65 11.449296
91 66 12.499292
91 67 13.204726
91 68 12.146845
91 69 11.324270
91 70 13.290257
91 71 13.620473
91 72 13.871572
91 73 14.331316
91 74 11.806409
91 75 11.209073
91 76 12.753784
91 77 11.809543
91 78 11.522797
91 79 12.072106
91 80 14.485204
91 81 11.617844
91 82 14.726275
91 83 14.026802
91 84 12.871605
91 85 14.735814
91 86 10.983308
91 87 12.063739
91 88 11.401258
91 89 13.855688
91 90 11.505567
91 92 13.835398
91 93 11.134739
91 94 13.381888
91 95 12.733640
91 96 14.518620
91 97 13.233793
91 98 14.773352
91 99 11.199802
91 100 14.791160
91 101 11.053345
91 102 13.953908
91 103 14.729350
91 104 14.253052
91 105 13.441459
91 106 11.567709
91 107 13.267774
91 108 14.286854
91 109 14.162887
91 110 12.807872
91 111 14.235592
91 112 14.444300
91 113 12.746183
91 114 12.393171
91 115 13.865124
91 116 14.510495
91 117 12.873009
91 118 12.070164
91 119 13.095186
91 120 12.444659
91 121 14.782440
91 122 10.940032
91 123 14.054151
91 124 12.721933
91 125 13.386029
91 126 13.683567
91 127 14.474214
91 128 12.369671
91 129 14.407054
91 130 13.395856
91 131 10.924930
91 132 14.526585
91 133 14.509740
91 134 11.832886
91 135 13.581166
91 136 14.102418
91 137 11.199847
91 138 12.243198
91 139 13.377471
91 140 13.424631
91 141 12.137682
91 142 11.817106
91 143 11.213496
91 144 13.976280
91 145 13.338982
91 146 14.742041
91 147 14.190774
91 148 13.570129
91 149 13.647147
91 150 12.611398
91 151 14.672907
91 152 14.215723
91 153 12.281343
91 154 11.416778
91 155 14.474277
91 156 12.447623
91 157 11.706228
91 158 11.352370
91 159 11.780201
91 160 14.351625
91 161 14.297516
91 162 12.364921
91 163 12.837915
91 164 14.105919
91 165 13.184656
91 166 14.677420
91 167 13.067838
91 168 11.390466
91 169 14.485315
91 170 12.755399
91 171 14.656740
91 172 12.177789
91 173 11.240905
91 174 11.472667
91 175 11.435438
91 176 13.162723
91 177 13.888185
91 178 14.290096
91 179 12.585737
91 180 13.405164
91 181 11.700265
91 182 11.915927
91 183 14.549913
91 184 12.571585
91 185 11.886487
91 186 14.682170
91 187 12.467058
91 188 11.473134
91 189 13.330592
91 190 11.882952
91 191 11.295486
91 192 11.208812
91 193 12.482128
91 194 13.639091
91 195 14.371465
91 196 11.024993
91 197 12.773859
91 198 13.942029
91 199 12.738417
91 200 11.714723
92 0 10.977316
92 1 14.407755
92 2 14.089861
92 3 12.487095
92 4 12.004586
92 5 11.542714
92 6 13.046929
92 7 14.211996
92 8 14.760678
92 9 12.099068
92 10 14.511235
92 11 11.271079
92 12 12.105540
92 13 14.320962
92 14 13.576310
92 15 11.363051
92 16 13.959820
92 17 13.851220
92 18 13.274597
92 19 13.303791
92 20 11.450372
92 21 14.450418
92 22 12.918709
92 23 13.056601
92 24 11.037704
92 25 14.736361
92 26 11.905601
92 27 12.472733
92 28 13.815915
92 29 14.611192
92 30 11.350393
92 31 11.940818
92 32 12.703123
92 33 12.387493
92 34 12.041237
92 35 12.464431
92 36 13.741970
92 37 11.189691
92 38 14.810749
92 39 13.408822
92 40 11.399282
92 41 12.503754
92 42 12.803874
92 43 13.511793
92 44 10.992100
92 45 13.152044
92 46 11.920811
92 47 12.742373
92 48 12.260853
92 49 13.832996
92 50 11.989017
92 51 14.380738
92 52 14.507932
92 53 14.758915
92 54 14.457089
92 55 12.521970
92 56 14.472103
92 57 14.191559
92 58 13.926627
92 59 13.064129
92 60 12.663104
92 61 11.689139
92 62 12.564869
92 63 13.216484
92 64 13.075609
92 65 12.214670
92 66 13.324699
92 67 13.310518
92 68 11.492759
92 69 12.661788
92 70 12.159278
92 71 11.661402
92 72 13.224523
92 73 12.589318
92 74 14.498193
92 75 12.005926
92 76 11.918920
92 77 12.650749
92 78 13.443188
92 79 14.110199
92 80 14.396668
92 81 14.278074
92 82 12.913374
92 83 12.479506
92 84 14.076762
92 85 12.498945
92 86 11.843825
92 87 13.957280
92 88 11.790062
92 89 12.763024
92 90 13.307399
92 91 13.835398
92 93 14.267449
92 94 12.506164
92 95 12.496788
92 96 12.502824
92 97 13.041044
92 98 12.479685
92 99 11.904889
92 100 11.078405
92 101 11.820978
92 102 11.361344
92 103 14.131043
92 104 11.859778
92 105 12.588852
92 106 12.320701
92 107 11.710541
92 108 11.084298
92 109 12.280432
92 110 14.649950
92 111 11.082813
92 112 12.256295
92 113 12.362622
92 114 13.064661
92 115 13.481500
92 116 13.959363
92 117 14.167493
92 118 13.462013
92 119 10.987449
92 120 14.271917
92 121 14.117883
92 122 12.231557
92 123 12.350722
92 124 14.669216
92 125 13.988370
92 126 13.050240
92 127 12.744579
92 128 12.731463
92 129 12.844930
92 130 14.762733
92 131 14.224216
92 132 11.214917
92 133 11.946050
92 134 14.735856
92 135 12.983848
92 136 12.202170
92 137 11.939590
92 138 13.156537
92 139 14.197598
92 140 14.174979
92 141 13.895213
92 142 11.626680
92 143 11.857967
92 144 11.593688
92 145 13.726913
92 146 12.265038
92 147 14.649324
92 148 14.204653
92 149 14.538371
92 150 13.768647
92 151 11.624323
92 152 12.232361
92 153 13.219460
92 154 12.204829
92 155 14.351737
92 156 12.849865
92 157 12.471218
92 158 12.257244
92 159 12.254448
92 160 14.774527
92 161 12.232983
92 162 12.119429
92 163 11.407201
92 164 11.395361
92 165 11.205724
92 166 12.169385
92 167 13.536848
92 168 12.399408
92 169 13.175513
92 170 13.201491
92 171 11.019975
92 172 12.736129
92 173 14.036182
92 174 12.227861
92 175 11.248966
92 176 12.816833
92 177 14.512876
92 178 14.642572
92 179 13.972440
92 180 11.148435
92 181 14.081587
92 182 12.094196
92 183 12.432727
92 184 11.032192
92 185 12.779241
92 186 14.556047
92 187 13.898039
92 188 13.701211
92 189 12.286037
92 190 11.112249
92 191 14.707002
92 192 14.505425
92 193 13.167479
92 194 12.504321
92 195 13.882085
92 196 14.597009
92 197 11.558775
92 198 14.730822
92 199 13.192808
92 200 14.251854
93 0 11.386479
93 1 11.437044
93 2 11.680125
93 3 11.547235
93 4 11.366086
93 5 13.316829
93 6 12.174513
93 7 11.561546
93 8 11.978442
93 9 12.921462
93 10 11.541590
93 11 12.522180
93 12 13.414084
93 13 13.867179
93 14 12.610299
93 15 12.087346
93 16 12.089417
93 17 14.411226
93 18 14.198169
93 19 13.622779
93 20 14.447850
93 21 11.134578
93 22 12.916927
93 23 13.702726
93 24 12.183182
93 25 14.279112
93 26 13.728951
93 27 13.847401
93 28 14.448177
93 29 11.487616
93 30 13.408752
93 31 14.362510
93 32 14.650749
93 33 10.980836
93 34 12.124617
93 35 11.456826
93 36 13.153593
93 37 14.052926
93 38 14.224187
93 39 12.917072
93 40 14.097058
93 41 10.941602
93 42 14.361695
93 43 13.628086
93 44 12.525655
93 45 13.995461
93 46 14.801131
93 47 13.034716
93 48 13.936899
93 49 11.807360
93 50 12.760228
93 51 12.899275
93 52 13.049142
93 53 12.412853
93 54 12.084156
93 55 13.672797
93 56 11.306567
93 57 11.569817
93 58 13.996319
93 59 11.623772
93 60 11.360440
93 61 12.369338
93 62 13.881985
93 63 12.785032
93 64 13.074786
93 65 11.360031
93 66 13.273211
93 67 11.070971
93 68 12.286663
93 69 11.552648
93 70 13.463891
93 71 12.492431
93 72 13.359251
93 73 14.154434
93 74 12.767726
93 75 13.261843
93 76 12.622938
93 77 12.375831
93 78 13.096754
93 79 13.818019
93 80 14.494742
93 81 11.172327
93 82 12.776887
93 83 13.067110
93 84 11.576321
93 85 12.473472
93 86 13.787562
93 87 13.837228
93 88 12.949159
93 89 12.810514
93 90 12.803687
93 91 11.134739
93 92 14.267449
93 94 13.933560
93 95 11.152494
93 96 14.008403
93 97 11.966767
93 98 11.414183
93 99 11.955353
93 100 12.295687
93 101 14.546265
93 102 14.616948
93 103 12.967011
93 104 14.592347
93 105 14.381827
93 106 12.172761
93 107 13.695637
93 108 13.252761
93 109 13.996170
93 110 13.079071
93 111 12.048359
93 112 12.285081
93 113 12.917783
93 114 11.513058
93 115 14.418205
93 116 11.744275
93 117 14.403092
93 118 13.645188
93 119 11.773825
93 120 14.595132
93 121 13.464144
93 122 13.622312
93 123 14.158538
93 124 13.613048
93 125 11.701676
93 126 11.426055
93 127 11.284692
93 128 11.584813
93 129 14.367984
93 130 11.546618
93 131 11.897201
93 132 14.427273
93 133 12.624650
93 134 11.147725
93 135 11.345373
93 136 13.149484
93 137 11.936409
93 138 14.571675
93 139 12.179486
93 140 14.186980
93 141 12.667350
93 142 13.192148
93 143 11.764620
93 144 11.816324
93 145 11.148207
93 146 13.518475
93 147 11.565459
93 148 12.093295
93 149 11.426920
93 150 11.512502
93 151 13.779780
93 152 11.863321
93 153 12.744443
93 154 13.842933
93 155 14.346677
93 156 12.719366
93 157 13.274419
93 158 11.814032
93 159 14.674640
93 160 14.259859
93 161 13.311609
93 162 12.868599
93 163 14.287307
93 164 14.333773
93 165 10.944642
93 166 13.869686
93 167 14.506544
93 168 10.939464
93 169 12.412751
93 170 11.610807
93 171 13.081110
93 172 13.167582
93 173 12.946438
93 174 13.277044
93 175 12.474930
93 176 12.555824
93 177 14.079149
93 178 13.276967
93 179 12.463920
93 180 11.303613
93 181 14.433729
93 182 12.859599
93 183 11.863348
93 184 11.326296
93 185 10.948177
93 186 12.326985
93 187 12.383656
93 188 12.666448
93 189 11.316986
93 190 11.618333
93 191 11.163875
93 192 11.115730
93 193 13.286996
93 194 11.529087
93 195 13.071277
93 196 12.691014
93 197 14.159758
93 198 13.521773
93 199 13.691789
93 200 12.903290
94 0 13.351890
94 1 11.346863
94 2 14.176415
94 3 13.396731
94 4 13.050165
94 5 12.765916
94 6 12.893676
94 7 14.235536
94 8 14.543853
94 9 11.624402
94 10 12.244411
94 11 11.834321
94 12 12.859760
94 13 13.227283
94 14 10.967535
94 15 14.672509
94 16 12.697503
94 17 13.313440
94 18 14.637367
94 19 13.304909
94 20 12.396731
94 21 11.214343
94 22 12.651908
94 23 14.394848
94 24 12.676504
94 25 13.765714
94 26 12.361088
94 27 12.759855
94 28 11.139863
94 29 12.799234
94 30 12.011740
94 31 11.947239
94 32 12.154521
94 33 13.784013
94 34 11.131748
94 35 14.397435
94 36 11.395340
94 37 11.339437
94 38 13.225985
94 39 12.930468
94 40 14.495170
94 41 12.091280
94 42 11.364707
94 43 11.349123
94 44 13.735092
94 45 13.564083
94 46 12.940989
94 47 14.719420
94 48 11.324247
94 49 10.931489
94 50 11.154399
94 51 13.529821
94 52 11.257162
94 53 11.010903
94 54 13.547690
94 55 12.700347
94 56 11.092249
94 57 11.076166
94 58 14.389994
94 59 12.759010
94 60 12.369368
94 61 12.796121
94 62 14.434081
94 63 13.155055
94 64 11.156217
94 65 12.578538
94 66 13.316444
94 67 12.786312
94 68 14.690851
94 69 11.482339
94 70 11.891707
94 71 13.314180
94 72 12.002029
94 73 11.520641
94 74 12.236563
94 75 13.078749
94 76 11.432368
94 77 14.612826
94 78 12.229846
94 79 14.170500
94 80 13.418263
94 81 14.408623
94 82 13.349972
94 83 11.640701
94 84 13.872331
94 85 11.561297
94 86 12.288260
94 87 13.324489
94 88 14.236523
94 89 13.149784
94 90 12.232379
94 91 13.381888
94 92 12.506164
94 93 13.933560
94 95 14.631418
94 96 11.263493
94 97 11.133755
94 98 13.305414
94 99 12.195025
94 100 14.240908
94 101 11.493353
94 102 11.842750
94 103 11.461091
94 104 10.931873
94 105 13.190434
94 106 13.479128
94 107 11.494540
94 108 13.244013
94 109 11.562528
94 110 13.881948
94 111 12.773408
94 112 12.829431
94 113 13.948432
94 114 14.232185
94 115 14.367401
94 116 13.017371
94 117 14.673056
94 118 14.216330
94 119 14.525525
94 120 12.645086
94 121 11.741005
94 122 13.064608
94 123 12.154091
94 124 12.997653
94 125 13.587105
94 126 11.425827
94 127 12.115651
94 128 13.214591
94 129 14.150416
94 130 11.177481
94 131 13.524491
94 132 14.643142
94 133 10.999695
94 134 11.726165
94 135 11.358683
94 136 12.344076
94 137 11.487496
94 138 12.033870
94 139 11.518915
94 140 12.057670
94 141 12.912897
94 142 11.487147
94 143 12.510751
94 144 12.485831
94 145 13.527715
94 146 11.490894
94 147 11.128935
94 148 10.993677
94 149 13.186453
94 150 13.493994
94 151 11.171246
94 152 13.422879
94 153 13.061203
94 154 12.140510
94 155 14.680638
94 156 12.494074
94 157 11.425945
94 158 11.841935
94 159 11.134498
94 160 11.433008
94 161 14.576415
94 162 14.338094
94 163 12.542196
94 164 13.555057
94 165 11.522471
94 166 11.585072
94 167 12.652797
94 168 12.999106
94 169 12.188856
94 170 13.533868
94 171 11.667409
94 172 11.367104
94 173 13.856711
94 174 12.851020
94 175 14.764995
94 176 12.248920
94 177 14.336662
94 178 12.931550
94 179 11.683389
94 180 13.029001
94 181 12.021352
94 182 13.699220
94 183 13.853702
94 184 13.856068
94 185 12.929315
94 186 11.591989
94 187 14.267721
94 188 13.773058
94 189 11.980224
94 190 12.427657
94 191 13.680914
94 192 11.663466
94 193 11.830774
94 194 13.077793
94 195 11.929978
94 196 14.722716
94 197 13.484134
94 198 12.093436
94 199 11.564681
94 200 12.630664
95 0 14.099552
95 1 13.186085
95 2 13.448408
95 3 12.178326
95 4 14.614320
95 5 11.079408
95 6 12.393402
95 7 13.740815
95 8 14.395337
95 9 11.414431
95 10 13.747335
95 11 13.743483
95 12 13.366392
95 13 11.386856
95 14 11.640167
95 15 11.907159
95 16 10.988983
95 17 11.103418
95 18 11.099030
95 19 11.179918
95 20 13.354002
95 21 12.083391
95 22 10.948516
95 23 11.522277
95 24 13.081556
95 25 11.146152
95 26 13.029309
95 27 14.220274
95 28 14.421538
95 29 13.610471
95 30 14.816602
95 31 14.131642
95 32 11.423550
95 33 13.709126
95 34 13.007232
95 35 12.354665
95 36 13.171821
95 37 12.663762
95 38 12.366463
95 39 10.952728
95 40 14.041642
95 41 14.457160
95 42 14.357499
95 43 11.761271
95 44 13.843053
95 45 12.805600
95 46 12.498168
95 47 12.602053
95 48 12.166456
95 49 11.126536
95 50 12.798537
95 51 13.314785
95 52 14.148515
95 53 13.066338
95 54 13.252720
95 55 14.399688
95 56 11.674314
95 57 12.677910
95 58 11.148298
95 59 14.269456
95 60 14.666385
95 61 11.931616
95 62 14.009505
95 63 13.231564
95 64 13.168949
95 65 11.159809
95 66 14.369808
95 67 12.220626
95 68 14.237354
95 69 11.932061
95 70 14.250431
95 71 14.618684
95 72 12.054681
95 73 11.748066
95 74 13.701958
95 75 14.509737
95 76 14.170366
95 77 14.465793
95 78 13.123510
95 79 13.351812
95 80 13.183516
95 81 13.974183
95 82 11.302376
95 83 11.729187
95 84 14.154472
95 85 13.029517
95 86 13.282508
95 87 13.114006
95 88 13.946583
95 89 11.272745
95 90 13.986057
95 91 12.733640
95 92 12.496788
95 93 11.152494
95 94 14.631418
95 96 11.718673
95 97 13.880359
95 98 13.719256
95 99 12.879694
95 100 12.007522
95 101 12.010921
95 102 13.845408
95 103 12.014704
95 104 14.186956
95 105 13.978419
95 106 14.683298
95 107 14.798825
95 108 13.852735
95 109 14.383945
95 110 14.586005
95 111 12.333482
95 112 13.321822
95 113 12.852138
95 114 12.072903
95 115 11.530579
95 116 14.370460
95 117 13.239007
95 118 13.622851
95 119 10.981708
95 120 12.871468
95 121 13.075521
95 122 12.061213
95 123 11.577430
95 124 11.557481
95 125 13.387063
95 126 13.075810
95 127 14.673809
95 128 14.797143
95 129 11.543567
95 130 14.717294
95 131 14.354962
95 132 11.161607
95 133 13.728169
95 134 14.286873
95 135 12.556169
95 136 13.329808
95 137 12.341461
95 138 14.676920
95 139 12.479500
95 140 12.839610
95 141 14.502198
95 142 13.021842
95 143 12.485575
95 144 13.846839
95 145 11.793751
95 146 14.075995
95 147 14.166374
95 148 14.172164
95 149 12.163672
95 150 13.117285
95 151 13.177653
95 152 14.014933
95 153 10.933939
95 154 13.616516
95 155 12.729549
95 156 13.679054
95 157 11.701566
95 158 11.776215
95 159 12.853783
95 160 13.463250
95 161 14.620154
95 162 11.415877
95 163 12.153907
95 164 12.723346
95 165 14.560463
95 166 12.166732
95 167 12.268285
95 168 11.521202
95 169 11.074656
95 170 14.372723
95 171 14.034698
95 172 12.448139
95 173 12.330219
95 174 13.462094
95 175 12.469678
95 176 12.362169
95 177 13.666856
95 178 11.015274
95 179 13.658957
95 180 11.385393
95 181 12.336007
95 182 13.181729
95 183 12.983481
95 184 13.011883
95 185 13.227915
95 186 13.356726
95 187 12.047674
95 188 13.344761
95 189 12.725396
95 190 12.052448
95 191 11.988577
95 192 11.185441
95 193 11.161331
95 194 13.847104
95 195 13.545345
95 196 11.217259
95 197 12.988816
95 198 13.698089
95 199 14.045787
95 200 14.594087
96 0 11.771503
96 1 12.839027
96 2 12.575921
96 3 13.789225
96 4 14.384360
96 5 14.322346
96 6 13.864671
96 7 13.641647
96 8 14.028389
96 9 13.847798
96 10 12.826260
96 11 12.739697
96 12 11.249754
96 13 11.380982
96 14 14.321445
96 15 14.654668
96 16 11.934787
96 17 12.595565
96 18 11.857209
96 19 11.844219
96 20 12.086316
96 21 14.160378
96 22 13.493117
96 23 14.757768
96 24 12.121784
96 25 13.469536
96 26 11.656505
96 27 12.391692
96 28 14.349440
96 29 14.301028
96 30 14.696168
96 31 13.570879
96 32 14.660338
96 33 14.239078
96 34 11.278428
96 35 13.397317
96 36 12.412125
96 37 12.858135
96 38 13.015062
96 39 13.114592
96 40 13.076112
96 41 11.763791
96 42 13.869343
96 43 12.395100
96 44 13.776546
96 45 14.531186
96 46 13.158724
96 47 11.634623
96 48 13.661329
96 49 11.838630
96 50 13.047050
96 51 13.571562
96 52 10.986601
96 53 11.332374
96 54 11.709969
96 55 11.251887
96 56 14.020199
96 57 13.012586
96 58 14.383629
96 59 14.105873
96 60 12.837458
96 61 12.859461
96 62 12.488956
96 63 11.072088
96 64 12.720166
96 65 11.289514
96 66 11.844460
96 67 11.073526
96 68 11.004279
96 69 14.774938
96 70 12.103401
96 71 12.956252
96 72 14.479946
96 73 13.857398
96 74 14.017680
96 75 14.073561
96 76 13.043521
96 77 11.270704
96 78 12.152911
96 79 12.055602
96 80 12.468504
96 81 14.660785
96 82 11.783962
96 83 12.350035
96 84 11.478201
96 85 12.705469
96 86 12.353096
96 87 14.539007
96 88 11.400234
96 89 11.586107
96 90 11.256000
96 91 14.518620
96 92 12.502824
96 93 14.008403
96 94 11.263493
96 95 11.718673
96 97 11.027555
96 98 13.704212
96 99 13.582849
96 100 11.840406
96 101 13.045744
96 102 12.246365
96 103 11.321879
96 104 12.199640
96 105 11.816195
96 106 12.807654
96 107 12.989850
96 108 14.157952
96 109 11.522900
96 110 11.098422
96 111 12.639756
96 112 14.158248
96 113 13.402879
96 114 11.219386
96 115 12.223900
96 116 12.439699
96 117 13.637084
96 118 13.198137
96 119 12.994590
96 120 13.815883
96 121 13.894058
96 122 14.308126
96 123 14.540873
96 124 13.437501
96 125 14.740107
96 126 12.833788
96 127 13.825665
96 128 12.076452
96 129 12.828180
96 130 11.470912
96 131 12.752400
96 132 12.691207
96 133 13.180504
96 134 13.383987
96 135 14.662716
96 136 13.035273
96 137 11.735063
96 138 12.318167
96 139 13.581036
96 140 12.253440
96 141 11.642749
96 142 12.595554
96 143 12.657957
96 144 14.212219
96 145 11.563019
96 146 12.447494
96 147 13.601374
96 148 12.129735
96 149 14.006745
96 150 10.955462
96 151 14.009798
96 152 13.805640
96 153 11.055264
96 154 11.049867
96 155 14.164327
96 156 13.257443
96 157 14.078582
96 158 13.844015
96 159 14.565228
96 160 12.116086
96 161 14.526800
96 162 13.143539
96 163 12.043863
96 164 13.923628
96 165 12.297564
96 166 13.740098
96 167 14.210782
96 168 13.638044
96 169 11.638263
96 170 14.441068
96 171 13.797332
96 172 12.737461
96 173 13.669140
96 174 13.609793
96 175 12.470482
96 176 12.160718
96 177 10.932259
96 178 12.009930
96 179 13.881113
96 180 11.490528
96 181 14.731722
96 182 14.300470
96 183 12.374432
96 184 11.329336
96 185 11.298085
96 186 13.167819
96 187 12.902262
96 188 14.789731
96 189 13.434849
96 190 13.591150
96 191 10.937104
96 192 12.036166
96 193 12.033782
96 194 13.805582
96 195 13.666499
96 196 13.235728
96 197 11.978654
96 198 12.821472
96 199 11.875773
96 200 13.281105
97 0 12.967198
97 1 12.378753
97 2 13.653039
97 3 12.489521
97 4 12.547097
97 5 13.255967
97 6 14.148027
97 7 11.269096
97 8 11.469541
97 9 13.485194
97 10 11.386529
97 11 12.929745
97 12 11.482476
97 13 13.152239
97 14 13.581745
97 15 11.927963
97 16 11.192432
97 17 13.308885
97 18 14.378634
97 19 11.253046
97 20 12.879775
97 21 13.160849
97 22 13.618759
97 23 13.325881
97 24 14.344117
97 25 13.636605
97 26 12.704929
97 27 13.960603
97 28 12.614060
97 29 11.177589
97 30 14.599854
97 31 13.102595
97 32 12.053580
97 33 11.803982
97 34 14.553177
97 35 12.355343
97 36 13.319833
97 37 11.067921
97 38 12.199658
97 39 13.981486
97 40 13.926741
97 41 11.083489
97 42 11.137394
97 43 14.171706
97 44 14.140102
97 45 11.741142
97 46 13.112432
97 47 11.699670
97 48 14.776799
97 49 13.925805
97 50 14.613471
97 51 14.711358
97 52 11.517052
97 53 14.456459
97 54 11.135636
97 55 12.558090
97 56 12.705809
97 57 12.287013
97 58 14.611199
97 59 11.233432
97 60 13.506984
97 61 13.179994
97 62 11.528450
97 63 14.267439
97 64 14.349451
97 65 14.567296
97 66 13.910202
97 67 12.134884
97 68 14.338612
97 69 13.278483
97 70 12.082451
97 71 11.222093
97 72 13.533700
97 73 11.544430
97 74 13.960459
97 75 13.315772
97 76 11.066604
97 77 14.671589
97 78 14.162075
97 79 12.005074
97 80 13.278632
97 81 11.911391
97 82 13.307390
97 83 11.147770
97 84 12.313365
97 85 12.520225
97 86 12.216742
97 87 12.552893
97 88 14.133854
97 89 14.462105
97 90 14.186825
97 91 13.233793
97 92 13.041044
97 93 11.966767
97 94 11.133755
97 95 13.880359
97 96 11.027555
97 98 13.654516
97 99 13.508165
97 100 14.139616
97 101 14.655242
97 102 13.843841
97 103 14.065844
97 104 14.637943
97 105 11.564518
97 106 11.743495
97 107 13.904587
97 108 12.884729
97 109 14.183519
97 110 14.279187
97 111 12.903896
97 112 13.245326
97 113 14.279261
97 114 12.435548
97 115 11.412388
97 116 13.912861
97 117 12.152828
97 118 12.982189
97 119 12.765442
97 120 13.310087
97 121 14.784589
97 122 11.014823
97 123 14.206873
97 124 10.920251
97 125 14.681508
97 126 14.286542
97 127 12.904582
97 128 12.136509
97 129 12.733855
97 130 14.425062
97 131 11.773409
97 132 11.661339
97 133 11.731928
97 134 12.454383
97 135 14.693151
97 136 14.168761
97 137 13.985106
97 138 13.586678
97 139 11.147037
97 140 12.045265
97 141 12.065208
97 142 12.504206
97 143 11.628936
97 144 14.131676
97 145 10.960386
97 146 14.034594
97 147 12.391393
97 148 13.081291
97 149 11.290822
97 150 11.996621
97 151 14.712404
97 152 12.064367
97 153 14.753765
97 154 11.047907
97 155 12.359693
97 156 12.682219
97 157 14.464590
97 158 11.859588
97 159 11.910672
97 160 11.146285
97 161 11.965686
97 162 11.994270
97 163 11.992205
97 164 12.558726
97 165 14.472059
97 166 14.396952
97 167 12.036464
97 168 10.984660
97 169 13.499250
97 170 13.165748
97 171 11.447790
97 172 13.652143
97 173 11.135285
97 174 14.129801
97 175 13.797487
97 176 11.922503
97 177 14.617539
97 178 11.377631
97 179 12.898011
97 180 11.238810
97 181 11.374578
97 182 14.366801
97 183 12.438260
97 184 14.148501
97 185 12.405005
97 186 13.812880
97 187 11.924217
97 188 12.417932
97 189 11.854111
97 190 13.945900
97 191 12.570443
97 192 14.421974
97 193 11.492589
97 194 12.704387
97 195 14.559608
97 196 11.784048
97 197 12.522516
97 198 13.129057
97 199 13.456031
97 200 12.399124
98 0 13.597853
98 1 13.362246
98 2 14.152097
98 3 14.031060
98 4 14.471600
98 5 14.077948
98 6 14.407016
98 7 11.013074
98 8 11.085439
98 9 14.745385
98 10 14.222344
98 11 12.549887
98 12 13.305996
98 13 11.475780
98 14 12.892953
98 15 13.465488
98 16 14.229023
98 17 11.805846
98 18 12.037177
98 19 14.100899
98 20 11.632097
98 21 11.377256
98 22 11.919457
98 23 12.140779
98 24 13.032318
98 25 11.451140
98 26 14.342157
98 27 13.294674
98 28 14.401482
98 29 12.756500
98 30 11.201852
98 31 14.189036
98 32 11.798528
98 33 10.935916
98 34 13.840297
98 35 11.583261
98 36 13.929911
98 37 13.684620
98 38 14.351429
98 39 14.554923
98 40 14.416339
98 41 12.046111
98 42 12.047105
98 43 13.386278
98 44 14.152243
98 45 13.991733
98 46 11.423326
98 47 12.400778
98 48 11.450038
98 49 11.496961
98 50 13.972108
98 51 12.712994
98 52 14.521193
98 53 13.301818
98 54 11.729638
98 55 12.061833
98 56 14.019881
98 57 13.169864
98 58 14.683575
98 59 12.162626
98 60 14.331904
98 61 13.854240
98 62 14.193348
98 63 13.330609
98 64 11.944459
98 65 13.000264
98 66 14.137738
98 67 13.479058
98 68 12.437023
98 69 12.776277
98 70 12.180874
98 71 11.859662
98 72 12.797691
98 73 12.467361
98 74 13.183622
98 75 13.031036
98 76 12.135214
98 77 11.024537
98 78 13.574430
98 79 13.348688
98 80 14.012381
98 81 14.423297
98 82 14.110468
98 83 13.293201
98 84 13.385422
98 85 11.895984
98 86 11.637187
98 87 14.493639
98 88 13.759302
98 89 11.398825
98 90 12.996795
98 91 14.773352
98 92 12.479685
98 93 11.414183
98 94 13.305414
98 95 13.719256
98 96 13.704212
98 97 13.654516
98 99 13.561120
98 100 11.340352
98 101 12.105850
98 102 13.214964
98 103 11.211423
98 104 13.574026
98 105 13.596464
98 106 13.722091
98 107 13.149938
98 108 13.658730
98 109 11.334487
98 110 12.318818
98 111 12.272078
98 112 13.637830
98 113 11.058596
98 114 14.172040
98 115 11.029460
98 116 11.600163
98 117 12.851826
98 118 14.580689
98 119 11.549789
98 120 12.899887
98 121 11.830297
98 122 12.446471
98 123 13.313486
98 124 14.096586
98 125 11.077230
98 126 12.649239
98 127 10.973831
98 128 13.310777
98 129 11.354875
98 130 14.286829
98 131 12.716790
98 132 14.282789
98 133 13.289990
98 134 14.242239
98 135 13.251396
98 136 11.026725
98 137 13.978630
98 138 11.545420
98 139 11.391475
98 140 14.491356
98 141 13.109781
98 142 11.927734
98 143 13.195826
98 144 12.987268
98 145 13.258245
98 146 11.809772
98 147 11.908804
98 148 14.679102
98 149 11.491612
98 150 13.776583
98 151 11.290550
98 152 13.990027
98 153 13.537771
98 154 11.676693
98 155 14.714692
98 156 11.493972
98 157 12.927774
98 158 12.919694
98 159 12.124664
98 160 14.383382
98 161 13.219664
98 162 11.136875
98 163 12.352139
98 164 13.871117
98 165 11.815087
98 166 12.641692
98 167 14.072913
98 168 13.674985
98 169 14.270890
98 170 11.726952
98 171 13.734512
98 172 14.138523
98 173 13.945052
98 174 11.557312
98 175 11.416983
98 176 12.964355
98 177 14.391352
98 178 14.591153
98 179 12.611140
98 180 12.747294
98 181 11.763901
98 182 14.520305
98 183 13.026719
98 184 12.448114
98 185 12.248887
98 186 11.945348
98 187 14.729847
98 188 13.619728
98 189 14.214881
98 190 13.746114
98 191 11.435697
98 192 12.016755
98 193 13.693785
98 194 14.095530
98 195 12.792412
98 196 14.375150
98 197 11.869702
98 198 12.016449
98 199 13.804479
98 200 12.831610
99 0 10.920879
99 1 12.560626
99 2 14.188246
99 3 13.519616
99 4 11.893005
99 5 13.891879
99 6 13.963585
99 7 12.594802
99 8 13.369524
99 9 14.098377
99 10 11.587209
99 11 13.378169
99 12 13.165538
99 13 12.166198
99 14 13.519277
99 15 14.538818
99 16 14.669808
99 17 12.622143
99 18 12.278078
99 19 12.012386
99 20 13.770356
99 21 11.343551
99 22 12.009959
99 23 11.355613
99 24 14.747026
99 25 10.932033
99 26 13.925336
99 27 14.376048
99 28 13.839543
99 29 11.108199
99 30 11.232361
99 31 11.546700
99 32 12.968519
99 33 14.219792
99 34 13.484187
99 35 14.259197
99 36 14.336420
99 37 13.477425
99 38 11.769793
99 39 12.455049
99 40 11.098725
99 41 11.242082
99 42 14.090210
99 43 14.807082
99 44 11.834404
99 45 11.591670
99 46 11.690961
99 47 14.298153
99 48 13.351709
99 49 12.994535
99 50 13.499846
99 51 11.772989
99 52 12.978823
99 53 11.794964
99 54 11.753978
99 55 11.909943
99 56 13.535356
99 57 11.444225
99 58 11.340459
99 59 14.398832
99 60 11.908217
99 61 13.926033
99 62 14.621769
99 63 13.891385
99 64 12.498483
99 65 11.080692
99 66 11.656507
99 67 13.124666
99 68 12.008145
99 69 11.904913
99 70 11.489698
99 71 11.857691
99 72 13.514257
99 73 14.115471
99 74 12.037902
99 75 13.583239
99 76 11.128901
99 77 14.739886
99 78 14.184795
99 79 11.672573
99 80 11.206623
99 81 14.381133
99 82 11.224360
99 83 14.051940
99 84 13.668932
99 85 14.125381
99 86 12.997478
99 87 12.407044
99 88 12.266199
99 89 11.828968
99 90 14.584639
99 91 11.199802
99 92 11.904889
99 93 11.955353
99 94 12.195025
99 95 12.879694
99 96 13.582849
99 97 13.508165
99 98 13.561120
99 100 12.909028
99 101 12.074830
99 102 12.500606
99 103 11.831786
99 104 11.939952
99 105 14.333341
99 106 10.948368
99 107 14.364570
99 108 12.996196
99 109 12.591925
99 110 13.716557
99 111 12.468455
99 112 13.855822
99 113 11.806182
99 114 12.689489
99 115 12.284165
99 116 13.039721
99 117 13.055931
99 118 13.472608
99 119 13.336850
99 120 13.003455
99 121 13.324140
99 122 13.267795
99 123 11.631859
99 124 14.261472
99 125 11.378290
99 126 14.316409
99 127 12.242951
99 128 12.683154
99 129 12.193146
99 130 13.030155
99 131 13.247236
99 132 14.040305
99 133 13.427210
99 134 11.233170
99 135 11.720532
99 136 11.880037
99 137 10.977005
99 138 14.209838
99 139 11.343430
99 140 11.672909
99 141 12.430505
99 142 12.969981
99 143 13.935196
99 144 13.103158
99 145 12.668552
99 146 12.502979
99 147 14.322778
99 148 12.550300
99 149 12.325813
99 150 12.749200
99 151 12.319955
99 152 14.663337
99 153 12.551247
99 154 13.910403
99 155 12.209454
99 156 13.060557
99 157 13.860223
99 158 13.748902
99 159 14.666219
99 160 13.091436
99 161 12.779199
99 162 12.176600
99 163 11.024266
99 164 11.184583
99 165 11.798587
99 166 11.694077
99 167 12.525740
99 168 10.974320
99 169 14.594826
99 170 13.195659
99 171 12.778040
99 172 14.166144
99 173 11.077190
99 174 13.230641
99 175 14.521411
99 176 14.207351
99 177 14.785050
99 178 12.451752
99 179 14.090101
99 180 13.355008
99 181 13.808264
99 182 11.636500
99 183 11.691039
99 184 14.423409
99 185 11.625056
99 186 14.102110
99 187 11.402975
99 188 12.461381
99 189 11.187466
99 190 11.068249
99 191 11.517812
99 192 14.394345
99 193 12.886213
99 194 11.141999
99 195 14.548974
99 196 12.744501
99 197 14.374099
99 198 11.539919
99 199 11.815042
99 200 12.475213
100 0 13.666628
100 1 14.124008
100 2 11.353604
100 3 12.695582
100 4 13.577972
100 5 12.683266
100 6 12.073775
100 7 13.423933
100 8 11.445862
100 9 13.362020
100 10 12.988209
100 11 13.835544
100 12 12.494496
100 13 12.704707
100 14 13.384930
100 15 11.216866
100 16 14.107515
100 17 11.697291
100 18 13.244961
100 19 14.710008
100 20 13.945927
100 21 13.859085
100 22 13.698105
100 23 11.855707
100 24 12.836778
100 25 13.616093
100 26 14.803418
100 27 11.657640
100 28 12.506535
100 29 12.528510
100 30 12.432543
100 31 12.013258
100 32 10.954444
100 33 14.446027
100 34 14.371501
100 35 13.559858
100 36 12.361170
100 37 13.458483
100 38 11.433327
100 39 11.401205
100 40 13.497130
100 41 11.734820
100 42 11.548402
100 43 13.093613
100 44 11.285720
100 45 11.867474
100 46 12.495007
100 47 12.248191
100 48 14.565810
100 49 14.292615
100 50 14.097588
100 51 11.080187
100 52 13.044184
100 53 11.792913
100 54 11.162483
100 55 13.327094
100 56 11.181943
100 57 14.583622
100 58 12.449904
100 59 12.935741
100 60 13.044749
100 61 13.480306
100 62 11.876766
100 63 12.946952
100 64 14.639066
100 65 12.736822
100 66 13.699403
100 67 11.680123
100 68 11.836644
100 69 12.323113
100 70 11.105537
100 71 11.366457
100 72 14.285414
100 73 10.979336
100 74 12.842346
100 75 13.730721
100 76 12.920965
100 77 11.310746
100 78 11.894553
100 79 13.885121
100 80 13.776543
100 81 13.943759
100 82 14.569494
100 83 13.596286
100 84 11.164576
100 85 11.549707
100 86 11.852613
100 87 11.953805
100 88 11.229487
100 89 14.720619
100 90 14.808845
100 91 14.791160
100 92 11.078405
100 93 12.295687
100 94 14.240908
100 95 12.007522
100 96 11.840406
100 97 14.139616
100 98 11.340352
100 99 12.909028
100 101 12.227160
100 102 14.112964
100 103 12.368906
100 104 10.988648
100 105 12.257748
100 106 13.509002
100 107 14.653325
100 108 14.660618
100 109 13.844597
100 110 13.820001
100 111 14.020342
100 112 14.710264
100 113 12.343764
100 114 13.015807
100 115 12.458259
100 116 13.212176
100 117 11.003983
100 118 13.221138
100 119 13.321227
100 120 14.490922
100 121 10.920804
100 122 11.758060
100 123 11.017512
100 124 12.264530
100 125 12.569611
100 126 11.124744
100 127 11.596552
100 128 14.080012
100 129 12.427626
100 130 14.065874
100 131 12.543076
100 132 12.423313
100 133 13.183887
100 134 11.304992
100 135 14.749117
100 136 14.756685
100 137 11.992118
100 138 13.920059
100 139 11.172358
100 140 12.513383
100 141 12.261675
100 142 13.785833
100 143 13.615629
100 144 13.811871
100 145 11.231863
100 146 12.433584
100 147 11.942750
100 148 14.119215
100 149 11.908523
100 150 11.983805
100 151 11.326455
100 152 13.525552
100 153 14.490566
100 154 11.338556
100 155 11.256214
100 156 14.176012
100 157 14.109186
100 158 13.283550
100 159 11.595149
100 160 11.842019
100 161 11.756989
100 162 11.015578
100 163 12.978906
100 164 12.791363
100 165 11.016733
100 166 11.378359
100 167 11.261266
100 168 11.192060
100 169 12.563744
100 170 13.209190
100 171 13.429548
100 172 12.950414
100 173 12.044150
100 174 14.007337
100 175 11.007384
100 176 11.711518
100 177 14.117511
100 178 13.309723
100 179 13.128176
100 180 12.464493
100 181 14.148082
100 182 12.669604
100 183 13.857898
100 184 13.963087
100 185 13.690457
100 186 10.972874
100 187 14.779998
100 188 13.031547
100 189 14.079403
100 190 13.650990
100 191 12.015977
100 192 11.182793
100 193 11.038797
100 194 11.198958
100 195 13.835189
100 196 12.259424
100 197 12.883366
100 198 14.669148
100 199 13.289969
100 200 12.775704
101 0 12.334733
101 1 11.247665
101 2 13.112312
101 3 14.057891
101 4 12.610731
101 5 11.451228
101 6 11.835409
101 7 14.545782
101 8 14.317132
101 9 14.030987
101 10 13.016247
101 11 14.390712
101 12 12.262130
101 13 12.338702
101 14 13.550946
101 15 11.168258
101 16 12.418800
101 17 11.558091
101 18 11.158194
101 19 13.795903
101 20 13.985991
101 21 13.256415
101 22 14.546375
101 23 13.715499
101 24 12.259361
101 25 11.415197
101 26 11.798982
101 27 13.510821
101 28 11.858876
101 29 12.987382
101 30 11.184660
101 31 13.116281
101 32 11.812552
101 33 13.535952
101 34 14.096848
101 35 13.720641
101 36 10.936208
101 37 13.755424
101 38 11.572981
101 39 11.563833
101 40 11.710021
101 41 13.823393
101 42 13.515801
101 43 11.618501
101 44 11.400356
101 45 11.158637
101 46 14.008142
101 47 13.017940
101 48 12.852907
101 49 14.117718
101 50 14.099373
101 51 14.200116
101 52 13.692280
101 53 14.620601
101 54 11.874123
101 55 12.999437
101 56 12.950994
101 57 13.042765
101 58 14.620074
101 59 12.566911
101 60 13.633445
101 61 13.547889
101 62 11.593596
101 63 12.574605
101 64 12.447510
101 65 10.927326
101 66 11.857150
101 67 13.092856
101 68 14.201027
101 69 11.017215
101 70 13.012033
101 71 12.201318
101 72 12.667916
101 73 11.719465
101 74 14.215025
101 75 12.007396
101 76 13.460491
101 77 12.429934
101 78 13.239253
101 79 12.923710
101 80 14.371446
101 81 11.739056
101 82 12.001318
101 83 14.372110
101 84 13.599389
101 85 13.925896
101 86 14.484441
101 87 14.698626
101 88 14.792506
101 89 12.384907
101 90 13.315387
101 91 11.053345
101 92 11.820978
101 93 14.546265
101 94 11.493353
101 95 12.010921
101 96 13.045744
101 97 14.655242
101 98 12.105850
101 99 12.074830
101 100 12.227160
101 102 12.514978
101 103 12.148034
101 104 13.896213
101 105 12.167643
101 106 12.973328
101 107 11.724962
101 108 13.970980
101 109 13.444517
101 110 12.821503
101 111 11.378700
101 112 14.173437
101 113 13.105660
101 114 14.727756
101 115 11.310784
101 116 11.768890
101 117 11.515855
101 118 13.271925
101 119 11.768773
101 120 12.557396
101 121 12.649697
101 122 12.010438
101 123 11.112532
101 124 12.343345
101 125 12.982249
101 126 14.117437
101 127 13.212430
101 128 12.324625
101 129 11.449452
101 130 12.090179
101 131 13.621153
101 132 11.033001
101 133 12.526616
101 134 14.644581
101 135 13.621262
101 136 13.475213
101 137 14.542606
101 138 14.790506
101 139 11.396453
101 140 13.619981
101 141 14.063092
101 142 12.559678
101 143 12.892862
101 144 14.098383
101 145 13.697981
101 146 14.212008
101 147 11.999763
101 148 12.540760
101 149 13.343240
101 150 12.228626
101 151 13.745939
101 152 13.421745
101 153 12.004832
101 154 14.562954
101 155 12.234709
101 156 12.141626
101 157 12.218850
101 158 12.256313
101 159 11.737379
101 160 13.805993
101 161 11.874857
101 162 11.735438
101 163 11.344511
101 164 13.511878
101 165 11.016554
101 166 14.054604
101 167 13.502356
101 168 11.732606
101 169 12.533106
101 170 12.626606
101 171 11.834417
101 172 13.779894
101 173 14.377379
101 174 11.821378
101 175 11.842382
101 176 14.063607
101 177 13.485607
101 178 11.790423
101 179 14.692782
101 180 13.018947
101 181 11.112324
101 182 12.520375
101 183 13.482877
101 184 11.867844
101 185 14.561296
101 186 12.643357
101 187 12.528902
101 188 14.434360
101 189 11.395798
101 190 13.241843
101 191 11.758120
101 192 13.235135
101 193 12.925969
101 194 13.505289
101 195 14.339763
101 196 14.325549
101 197 11.252353
101 198 13.174895
101 199 13.798456
101 200 13.510239
102 0 14.288704
102 1 11.343895
102 2 12.643958
102 3 14.580270
102 4 12.865496
102 5 14.660317
102 6 11.557199
102 7 12.015732
102 8 11.756643
102 9 13.998840
102 10 14.723340
102 11 11.823737
102 12 13.339532
102 13 12.541265
102 14 13.147178
102 15 13.940287
102 16 12.367922
102 17 14.316781
102 18 14.051145
102 19 13.323612
102 20 11.505095
102 21 11.372180
102 22 14.653362
102 23 12.231735
102 24 12.315075
102 25 12.003906
102 26 11.104050
102 27 13.744262
102 28 12.110202
102 29 13.785622
102 30 13.930738
102 31 11.354794
102 32 11.764778
102 33 12.938369
102 34 11.956670
102 35 12.605091
102 36 11.939534
102 37 13.182845
102 38 12.406438
102 39 11.464364
102 40 11.995196
102 41 12.868053
102 42 14.733484
102 43 13.764661
102 44 11.664200
102 45 13.640006
102 46 11.065242
102 47 13.527383
102 48 11.133609
102 49 11.657376
102 50 11.045568
102 51 13.943388
102 52 11.179488
102 53 11.989245
102 54 11.122160
102 55 14.588215
102 56 12.584191
102 57 11.560744
102 58 11.251395
102 59 14.627866
102 60 11.595312
102 61 14.465760
102 62 11.661198
102 63 13.102021
102 64 13.375700
102 65 11.259358
102 66 12.309470
102 67 11.347118
102 68 11.405916
102 69 14.301944
102 70 12.686265
102 71 13.230990
102 72 11.509143
102 73 13.248393
102 74 13.023503
102 75 13.078548
102 76 12.798955
102 77 14.231227
102 78 14.136660
102 79 14.605793
102 80 13.304066
102 81 12.344902
102 82 11.108522
102 83 14.290208
102 84 11.786539
102 85 14.196787
102 86 12.086583
102 87 12.707301
102 88 10.925124
102 89 12.180030
102 90 13.348494
102 91 13.953908
102 92 11.361344
102 93 14.616948
102 94 11.842750
102 95 13.845408
102 96 12.246365
102 97 13.843841
102 98 13.214964
102 99 12.500606
102 100 14.112964
102 101 12.514978
102 103 14.766571
102 104 14.301696
102 105 13.570332
102 106 13.942927
102 107 13.911897
102 108 12.647304
102 109 12.839747
102 110 10.925872
102 111 13.023237
102 112 12.811111
102 113 13.291168
102 114 13.029602
102 115 14.074421
102 116 12.741581
102 117 12.442188
102 118 13.765495
102 119 11.904367
102 120 12.781099
102 121 13.291658
102 122 11.367488
102 123 11.917078
102 124 12.453597
102 125 14.078114
102 126 12.091358
102 127 13.489532
102 128 11.847202
102 129 13.288174
102 130 12.679272
102 131 13.616287
102 132 11.679248
102 133 12.858985
102 134 13.181164
102 135 11.434938
102 136 11.738189
102 137 14.471672
102 138 11.357516
102 139 14.336967
102 140 14.343185
102 141 12.859023
102 142 14.070102
102 143 11.608280
102 144 12.881300
102 145 14.571944
102 146 12.551675
102 147 14.350856
102 148 11.664874
102 149 11.792452
102 150 12.903317
102 151 14.413781
102 152 11.511967
102 153 11.313502
102 154 11.287296
102 155 11.835923
102 156 11.818609
102 157 11.292369
102 158 14.614175
102 159 12.963557
102 160 13.190820
102 161 11.680104
102 162 11.874175
102 163 13.495634
102 164 11.903599
102 165 13.907175
102 166 13.021246
102 167 10.988788
102 168 11.682617
102 169 13.340479
102 170 13.704244
102 171 14.750776
102 172 14.017262
102 173 13.691732
102 174 11.219669
102 175 12.145735
102 176 13.389154
102 177 11.282365
102 178 12.518941
102 179 12.886344
102 180 12.713195
102 181 12.113163
102 182 14.283332
102 183 14.180070
102 184 13.860581
102 185 12.552725
102 186 12.687586
102 187 11.645953
102 188 13.585278
102 189 13.408237
102 190 13.259627
102 191 12.656748
102 192 14.483594
102 193 12.327803
102 194 11.087592
102 195 13.404135
102 196 14.326266
102 197 11.284014
102 198 14.411815
102 199 14.738527
102 200 12.654645
103 0 12.388987
103 1 12.005856
103 2 11.735987
103 3 11.123802
103 4 14.504107
103 5 13.536614
103 6 11.434265
103 7 11.029232
103 8 13.350178
103 9 11.912881
103 10 12.268492
103 11 14.027779
103 12 11.034803
103 13 14.689673
103 14 12.490237
103 15 14.326557
103 16 12.027077
103 17 14.425586
103 18 13.804742
103 19 14.167117
103 20 13.535035
103 21 13.425973
103 22 14.416031
103 23 14.515009
103 24 11.478430
103 25 12.437111
103 26 13.377310
103 27 13.839711
103 28 12.322657
103 29 13.362168
103 30 14.262236
103 31 12.616052
103 32 14.046609
103 33 13.219032
103 34 12.056439
103 35 14.548116
103 36 14.462151
103 37 10.941194
103 38 11.355560
103 39 14.390727
103 40 14.756721
103 41 13.152147
103 42 13.080782
103 43 12.864226
103 44 14.191041
103 45 13.140516
103 46 12.320410
103 47 13.356492
103 48 11.358523
103 49 12.101532
103 50 13.918193
103 51 12.265294
103 52 13.760447
103 53 12.833233
103 54 14.691653
103 55 14.212106
103 56 12.891091
103 57 12.211518
103 58 14.235979
103 59 14.049230
103 60 11.380796
103 61 11.516947
103 62 14.093531
103 63 13.346960
103 64 10.981138
103 65 11.559321
103 66 13.205652
103 67 11.990578
103 68 11.749657
103 69 14.304095
103 70 14.110891
103 71 13.045408
103 72 13.823306
103 73 13.728482
103 74 14.562251
103 75 13.548922
103 76 13.801526
103 77 11.097449
103 78 14.258002
103 79 14.137135
103 80 12.522313
103 81 12.208061
103 82 11.943108
103 83 13.144570
103 84 14.530797
103 85 12.675563
103 86 12.019728
103 87 13.084926
103 88 12.454728
103 89 14.557570
103 90 12.490227
103 91 14.729350
103 92 14.131043
103 93 12.967011
103 94 11.461091
103 95 12.014704
103 96 11.321879
103 97 14.065844
103 98 11.211423
103 99 11.831786
103 100 12.368906
103 101 12.148034
103 102 14.766571
103 104 11.315747
103 105 14.219890
103 106 12.193887
103 107 13.525722
103 108 12.422067
103 109 14.222682
103 110 12.858509
103 111 11.569414
103 112 12.616070
103 113 11.842446
103 114 11.164489
103 115 12.792431
103 116 12.034585
103 117 12.088067
103 118 12.796774
103 119 12.412136
103 120 11.225122
103 121 13.824693
103 122 11.128621
103 123 14.208768
103 124 14.092922
103 125 14.521146
103 126 13.363438
103 127 13.018567
103 128 12.473409
103 129 11.146228
103 130 13.598284
103 131 13.503440
103 132 13.465220
103 133 14.051101
103 134 12.519568
103 135 14.249012
103 136 12.762343
103 137 12.722341
103 138 11.082844
103 139 13.180167
103 140 11.570720
103 141 14.793234
103 142 12.332591
103 143 10.960001
103 144 14.278324
103 145 13.242210
103 146 12.068084
103 147 11.908819
103 148 11.189613
103 149 13.629119
103 150 14.383554
103 151 12.862097
103 152 14.301568
103 153 13.002775
103 154 13.814976
103 155 13.592811
103 156 11.579916
103 157 13.240998
103 158 11.533247
103 159 12.628861
103 160 11.386973
103 161 11.356217
103 162 13.308780
103 163 13.539746
103 164 11.905811
103 165 11.678651
103 166 11.804299
103 167 12.314030
103 168 12.171966
103 169 12.071584
103 170 14.031098
103 171 12.257841
103 172 12.806075
103 173 14.337426
103 174 11.061389
103 175 11.566873
103 176 13.311468
103 177 11.469266
103 178 14.499833
103 179 10.940577
103 180 12.312397
103 181 14.192122
103 182 13.536687
103 183 14.314358
103 184 11.869980
103 185 13.362329
103 186 13.096980
103 187 13.572109
103 188 14.671279
103 189 11.304523
103 190 14.284859
103 191 11.617247
103 192 13.329055
103 193 12.907325
103 194 13.702935
103 195 11.619263
103 196 11.942471
103 197 14.223790
103 198 12.406292
103 199 14.423312
103 200 14.345703
104 0 12.260653
104 1 13.187543
104 2 12.313589
104 3 14.140106
104 4 11.579934
104 5 14.774561
104 6 14.421965
104 7 13.780322
104 8 14.664015
104 9 11.630588
104 10 12.289602
104 11 14.559111
104 12 11.762340
104 13 13.643515
104 14 11.199827
104 15 11.661318
104 16 14.388427
104 17 12.358259
104 18 12.408958
104 19 11.448334
104 20 11.224796
104 21 12.466691
104 22 12.591600
104 23 11.672017
104 24 11.553008
104 25 11.732918
104 26 11.007647
104 27 12.157468
104 28 13.035570
104 29 12.513061
104 30 12.279115
104 31 14.057067
104 32 12.557604
104 33 13.184649
104 34 11.618923
104 35 12.437500
104 36 13.856513
104 37 13.290442
104 38 12.781438
104 39 11.873526
104 40 14.160488
104 41 12.147513
104 42 12.035678
104 43 13.767502
104 44 13.658533
104 45 11.068343
104 46 12.659449
104 47 11.099521
104 48 14.562869
104 49 13.294848
104 50 11.881689
104 51 14.083022
104 52 12.341887
104 53 12.646787
104 54 12.360052
104 55 12.966712
104 56 13.242966
104 57 11.682697
104 58 13.245203
104 59 11.124271
104 60 14.696311
104 61 12.251656
104 62 11.136937
104 63 11.224176
104 64 12.739801
104 65 12.827615
104 66 13.131012
104 67 14.209910
104 68 12.802847
104 69 14.387736
104 70 13.670117
104 71 12.678913
104 72 13.254985
104 73 13.957446
104 74 12.399749
104 75 11.170129
104 76 11.449010
104 77 12.343149
104 78 11.222348
104 79 13.080318
104 80 12.698939
104 81 13.798453
104 82 13.443969
104 83 13.412128
104 84 13.934478
104 85 14.382022
104 86 13.252979
104 87 14.713727
104 88 12.141610
104 89 12.773009
104 90 12.615840
104 91 14.253052
104 92 11.859778
104 93 14.592347
104 94 10.931873
104 95 14.186956
104 96 12.199640
104 97 14.637943
104 98 13.574026
104 99 11.939952
104 100 10.988648
104 101 13.896213
104 102 14.301696
104 103 11.315747
104 105 12.253434
104 106 13.297818
104 107 12.578037
104 108 12.657617
104 109 13.926456
104 110 14.625756
104 111 11.904113
104 112 13.659716
104 113 11.645193
104 114 14.485113
104 115 14.776298
104 116 13.445988
104 117 11.949211
104 118 12.755477
104 119 12.815122
104 120 14.762689
104 121 13.150198
104 122 11.579902
104 123 13.163183
104 124 14.074185
104 125 13.233211
104 126 13.601953
104 127 12.370027
104 128 13.761557
104 129 12.210922
104 130 13.026179
104 131 12.435916
104 132 12.008930
104 133 13.898131
104 134 14.008502
104 135 12.361504
104 136 11.444004
104 137 14.454942
104 138 12.635241
104 139 14.382487
104 140 13.824508
104 141 11.363005
104 142 13.244701
104 143 13.945460
104 144 12.345011
104 145 13.024426
104 146 14.673021
104 147 10.953482
104 148 11.494871
104 149 13.353605
104 150 11.691800
104 151 11.429681
104 152 13.471457
104 153 12.075692
104 154 12.753583
104 155 13.456498
104 156 11.550236
104 157 13.187687
104 158 11.791108
104 159 14.375820
104 160 13.392780
104 161 14.303981
104 162 13.766389
104 163 13.715275
104 164 14.471792
104 165 11.397021
104 166 11.032227
104 167 14.596727
104 168 10.943681
104 169 11.060872
104 170 13.328546
104 171 13.529115
104 172 12.615173
104 173 13.706899
104 174 14.632859
104 175 11.777160
104 176 11.101128
104 177 11.218194
104 178 11.298062
104 179 11.516160
104 180 12.730350
104 181 13.983755
104 182 12.760308
104 183 14.347711
104 184 12.850405
104 185 12.515243
104 186 11.676948
104 187 12.520397
104 188 13.435278
104 189 11.441953
104 190 14.804406
104 191 14.675552
104 192 13.996723
104 193 11.021267
104 194 14.203164
104 195 11.828002
104 196 11.736151
104 197 11.162730
104 198 11.651688
104 199 12.007087
104 200 11.918028
105 0 12.791289
105 1 12.320700
105 2 13.018541
105 3 13.716845
105 4 12.528196
105 5 12.160244
105 6 11.583241
105 7 13.274638
105 8 13.680578
105 9 11.393885
105 10 13.967256
105 11 12.058004
105 12 13.207024
105 13 10.966103
105 14 14.043701
105 15 11.805984
105 16 13.801778
105 17 14.339775
105 18 14.226029
105 19 12.211919
105 20 11.400988
105 21 13.264404
105 22 11.701302
105 23 12.306380
105 24 12.638076
105 25 12.968859
105 26 12.896135
105 27 13.267272
105 28 13.799257
105 29 12.455923
105 30 12.598804
105 31 13.673723
105 32 14.570894
105 33 14.739237
105 34 12.156492
105 35 13.125269
105 36 11.516769
105 37 12.451347
105 38 14.661187
105 39 12.424927
105 40 14.343240
105 41 13.167812
105 42 13.224060
105 43 11.227741
105 44 13.176921
105 45 13.813156
105 46 11.741640
105 47 11.811218
105 48 12.076204
105 49 14.656864
105 50 14.298520
105 51 11.614454
105 52 12.500559
105 53 14.494222
105 54 13.435403
105 55 13.425511
105 56 11.741585
105 57 14.416380
105 58 14.236072
105 59 14.743246
105 60 14.181578
105 61 14.491917
105 62 12.865116
105 63 11.718944
105 64 14.421266
105 65 14.174000
105 66 11.401807
105 67 11.677585
105 68 14.399052
105 69 12.658030
105 70 12.589481
105 71 13.577248
105 72 12.103625
105 73 11.365073
105 74 11.048264
105 75 14.700690
105 76 11.644308
105 77 11.699569
105 78 11.975232
105 79 12.537125
105 80 11.639212
105 81 13.435532
105 82 13.630127
105 83 11.836663
105 84 13.089688
105 85 11.977401
105 86 13.114605
105 87 13.769940
105 88 13.544571
105 89 11.271185
105 90 11.970647
105 91 13.441459
105 92 12.588852
105 93 14.381827
105 94 13.190434
105 95 13.978419
105 96 11.816195
105 97 11.564518
105 98 13.596464
105 99 14.333341
105 100 12.257748
105 101 12.167643
105 102 13.570332
105 103 14.219890
105 104 12.253434
105 106 12.931304
105 107 11.508116
105 108 11.319373
105 109 11.317273
105 110 13.509476
105 111 11.620296
105 112 11.010440
105 113 14.648920
105 114 11.215583
105 115 11.402860
105 116 10.984651
105 117 12.110993
105 118 14.117592
105 119 11.359351
105 120 11.334734
105 121 13.190053
105 122 12.137755
105 123 14.217694
105 124 12.048914
105 125 12.732630
105 126 13.515595
105 127 13.292919
105 128 12.394287
105 129 14.539146
105 130 11.080115
105 131 13.572923
105 132 13.464525
105 133 14.668205
105 134 12.224035
105 135 13.079033
105 136 13.736745
105 137 12.138172
105 138 12.359687
105 139 12.239382
105 140 11.823358
105 141 12.989496
105 142 13.760139
105 143 13.277371
105 144 12.372982
105 145 12.806788
105 146 11.637759
105 147 11.812527
105 148 11.844527
105 149 13.069798
105 150 12.986485
105 151 13.475655
105 152 12.824245
105 153 14.604017
105 154 13.248142
105 155 13.842004
105 156 11.587265
105 157 12.664147
105 158 14.146322
105 159 11.077803
105 160 13.668744
105 161 10.994519
105 162 11.159833
105 163 14.373969
105 164 14.697479
105 165 13.090140
105 166 13.426321
105 167 14.403880
105 168 11.464322
105 169 12.322499
105 170 12.112040
105 171 12.106003
105 172 12.748321
105 173 14.064640
105 174 13.359269
105 175 13.722946
105 176 12.015517
105 177 13.282531
105 178 13.513883
105 179 12.857251
105 180 11.088911
105 181 12.482499
105 182 12.583931
105 183 14.358561
105 184 12.194443
105 185 12.834477
105 186 13.367473
105 187 13.409499
105 188 12.818675
105 189 14.405391
105 190 12.623962
105 191 11.796687
105 192 11.994119
105 193 12.075072
105 194 11.579308
105 195 11.311516
105 196 12.407620
105 197 14.768344
105 198 13.106223
105 199 13.287573
105 200 13.895586
106 0 12.193158
106 1 11.236022
106 2 11.105686
106 3 11.059246
106 4 12.771818
106 5 13.839927
106 6 13.295882
106 7 13.802702
106 8 12.944775
106 9 14.012544
106 10 12.590751
106 11 14.230435
106 12 13.394910
106 13 12.862083
106 14 13.551446
106 15 12.907179
106 16 14.531222
106 17 11.072976
106 18 11.288497
106 19 14.206584
106 20 12.167991
106 21 12.117990
106 22 11.251376
106 23 13.073522
106 24 12.201263
106 25 12.049556
106 26 11.011503
106 27 11.981838
106 28 14.473783
106 29 11.712301
106 30 14.038308
106 31 13.452401
106 32 12.024772
106 33 12.523920
106 34 14.538699
106 35 11.355612
106 36 12.714303
106 37 14.672430
106 38 11.510845
106 39 12.024739
106 40 11.590065
106 41 12.817431
106 42 13.099918
106 43 10.995909
106 44 13.641161
106 45 13.526512
106 46 11.273762
106 47 13.320017
106 48 13.362969
106 49 12.491249
106 50 13.904903
106 51 14.317080
106 52 13.040160
106 53 11.410903
106 54 13.566545
106 55 13.198816
106 56 12.430219
106 57 13.894380
106 58 14.818789
106 59 11.379116
106 60 13.989223
106 61 13.999106
106 62 14.162085
106 63 11.651162
106 64 11.680123
106 65 14.016574
106 66 14.806360
106 67 13.183042
106 68 14.366382
106 69 11.682813
106 70 12.704612
106 71 14.738128
106 72 13.326912
106 73 14.657956
106 74 14.199910
106 75 12.203932
106 76 11.295331
106 77 11.319494
106 78 13.991742
106 79 14.338772
106 80 13.652038
106 81 11.506413
106 82 11.910454
106 83 14.424194
106 84 14.438250
106 85 12.669946
106 86 13.687991
106 87 11.421712
106 88 11.222287
106 89 13.939731
106 90 13.121538
106 91 11.567709
106 92 12.320701
106 93 12.172761
106 94 13.479128
106 95 14.683298
106 96 12.807654
106 97 11.743495
106 98 13.722091
106 99 10.948368
106 100 13.509002
106 101 12.973328
106 102 13.942927
106 103 12.193887
106 104 13.297818
106 105 12.931304
106 107 12.659559
106 108 11.441455
106 109 11.549496
106 110 12.652064
106 111 12.762117
106 112 12.976854
106 113 11.745507
106 114 14.711911
106 115 14.114317
106 116 12.705641
106 117 11.333162
106 118 11.217653
106 119 12.291741
106 120 12.843157
106 121 11.881280
106 122 13.801015
106 123 13.654935
106 124 12.807198
106 125 11.664831
106 126 11.930457
106 127 11.894419
106 128 13.263403
106 129 14.665199
106 130 12.959241
106 131 12.593517
106 132 13.325341
106 133 11.755434
106 134 11.222555
106 135 12.035348
106 136 12.903920
106 137 10.984622
106 138 14.776620
106 139 11.669558
106 140 13.108314
106 141 13.681978
106 142 13.027171
106 143 13.376085
106 144 12.267057
106 145 11.433069
106 146 11.233256
106 147 12.528111
106 148 13.157445
106 149 14.075904
106 150 11.614516
106 151 14.816389
106 152 11.655081
106 153 13.067569
106 154 14.308583
106 155 14.580686
106 156 14.575096
106 157 14.809088
106 158 12.898917
106 159 14.651597
106 160 13.292641
106 161 14.210796
106 162 11.299606
106 163 14.442898
106 164 14.368108
106 165 12.563802
106 166 12.825940
106 167 11.811641
106 168 14.619142
106 169 12.010882
106 170 14.531498
106 171 13.755300
106 172 13.764591
106 173 13.880248
106 174 12.725917
106 175 12.869309
106 176 12.560713
106 177 12.046792
106 178 12.388084
106 179 11.925016
106 180 14.349539
106 181 12.040286
106 182 12.149344
106 183 13.316099
106 184 14.304942
106 185 14.018432
106 186 11.106562
106 187 14.600701
106 188 14.752267
106 189 12.059098
106 190 13.804367
106 191 13.477588
106 192 14.290256
106 193 14.334218
106 194 14.653220
106 195 14.005436
106 196 11.623971
106 197 14.004036
106 198 11.187919
106 199 11.027669
106 200 12.858316
107 0 14.060082
107 1 11.987895
107 2 13.892192
107 3 11.247279
107 4 14.413596
107 5 13.047055
107 6 13.684197
107 7 11.510029
107 8 14.643908
107 9 12.405791
107 10 14.766205
107 11 11.407935
107 12 11.534821
107 13 13.785296
107 14 13.710511
107 15 13.543851
107 16 13.700866
107 17 11.850900
107 18 11.444453
107 19 14.623102
107 20 11.969160
107 21 12.420006
107 22 11.249311
107 23 14.253973
107 24 13.412683
107 25 14.218003
107 26 12.288213
107 27 12.947607
107 28 13.721168
107 29 12.035340
107 30 13.632734
107 31 12.313208
107 32 13.000333
107 33 14.519039
107 34 14.406254
107 35 14.327683
107 36 13.340541
107 37 11.049115
107 38 11.022152
107 39 11.016934
107 40 12.352507
107 41 13.155630
107 42 13.479438
107 43 12.474296
107 44 12.800787
107 45 11.372827
107 46 13.627480
107 47 14.242739
107 48 13.448570
107 49 11.324263
107 50 12.846087
107 51 11.625928
107 52 13.675481
107 53 13.793793
107 54 14.785457
107 55 13.934111
107 56 11.694736
107 57 14.073926
107 58 11.273755
107 59 12.386584
107 60 12.239900
107 61 12.370014
107 62 11.392545
107 63 12.208821
107 64 13.796381
107 65 14.413141
107 66 14.203121
107 67 13.973741
107 68 13.657864
107 69 14.038014
107 70 11.817670
107 71 11.708968
107 72 12.101627
107 73 11.956938
107 74 10.955235
107 75 13.949638
107 76 11.532076
107 77 12.457277
107 78 14.549921
107 79 14.313800
107 80 11.865453
107 81 14.722814
107 82 14.503781
107 83 14.450812
107 84 14.522280
107 85 14.396360
107 86 13.794175
107 87 14.596444
107 88 11.122075
107 89 12.904481
107 90 12.460656
107 91 13.267774
107 92 11.710541
107 93 13.695637
107 94 11.494540
107 95 14.798825
107 96 12.989850
107 97 13.904587
107 98 13.149938
107 99 14.364570
107 100 14.653325
107 101 11.724962
107 102 13.911897
107 103 13.525722
107 104 12.578037
107 105 11.508116
107 106 12.659559
107 108 13.512198
107 109 11.938538
107 110 12.273550
107 111 14.351898
107 112 11.888501
107 113 14.475147
107 114 14.320782
107 115 13.162923
107 116 14.771320
107 117 12.068580
107 118 12.734889
107 119 13.404822
107 120 12.693197
107 121 11.005194
107 122 11.620250
107 123 14.443877
107 124 14.603672
107 125 14.112601
107 126 13.899168
107 127 14.376967
107 128 14.519917
107 129 11.278953
107 130 13.194133
107 131 11.420175
107 132 12.051730
107 133 14.726071
107 134 11.280199
107 135 13.400310
107 136 14.005372
107 137 12.388848
107 138 11.042337
107 139 12.872112
107 140 13.957811
107 141 13.864874
107 142 12.036107
107 143 11.973404
107 144 11.286478
107 145 13.119784
107 146 13.108478
107 147 14.234400
107 148 14.309461
107 149 11.719629
107 150 11.307731
107 151 12.717403
107 152 13.379578
107 153 11.718235
107 154 12.867834
107 155 11.664684
107 156 13.461897
107 157 11.309888
107 158 12.246306
107 159 11.466025
107 160 14.444839
107 161 11.376946
107 162 14.506142
107 163 14.483971
107 164 14.155325
107 165 11.392711
107 166 14.252238
107 167 14.762806
107 168 13.658619
107 169 11.733132
107 170 13.422679
107 171 13.286382
107 172 12.653413
107 173 11.854163
107 174 14.296678
107 175 12.539782
107 176 14.074117
107 177 11.899602
107 178 14.814856
107 179 11.248354
107 180 11.759333
107 181 13.555445
107 182 13.595747
107 183 12.873088
107 184 14.447243
107 185 11.646133
107 186 14.652256
107 187 14.218585
107 188 14.539451
107 189 14.558465
107 190 13.030696
107 191 11.671108
107 192 11.662180
107 193 13.681044
107 194 14.104856
107 195 13.133622
107 196 13.374513
107 197 13.974772
107 198 13.320187
107 199 14.073354
107 200 13.103582
108 0 11.191286
108 1 13.430889
108 2 12.113655
108 3 11.052084
108 4 14.040733
108 5 11.175673
108 6 11.900850
108 7 11.148662
108 8 13.649782
108 9 12.431511
108 10 14.422799
108 11 11.913576
108 12 11.447171
108 13 14.365399
108 14 13.807555
108 15 14.622827
108 16 13.664371
108 17 13.503072
108 18 14.492806
108 19 13.888920
108 20 13.461076
108 21 14.777072
108 22 13.257750
108 23 14.780535
108 24 11.641292
108 25 11.778114
108 26 12.392529
108 27 12.040085
108 28 14.634406
108 29 11.611941
108 30 12.744301
108 31 14.123106
108 32 12.498172
108 33 14.730445
108 34 11.132223
108 35 14.356661
108 36 11.303856
108 37 12.243511
108 38 14.193905
108 39 11.141615
108 40 12.614125
108 41 13.626513
108 42 10.993666
108 43 14.711449
108 44 11.106224
108 45 14.238975
108 46 14.514048
108 47 12.322207
108 48 12.156165
108 49 14.059692
108 50 12.740951
108 51 11.121763
108 52 13.441706
108 53 11.176820
108 54 13.834376
108 55 14.176700
108 56 13.488776
108 57 14.642826
108 58 13.012801
108 59 14.303471
108 60 12.121878
108 61 14.020642
108 62 11.961408
108 63 11.895791
108 64 11.290161
108 65 11.261551
108 66 12.329104
108 67 13.535936
108 68 12.665755
108 69 13.221857
108 70 14.514369
108 71 13.296814
108 72 11.088225
108 73 12.130758
108 74 13.423074
108 75 13.142342
108 76 11.294796
108 77 14.067731
108 78 13.616837
108 79 12.490388
108 80 12.443300
108 81 11.449313
108 82 14.753281
108 83 14.229025
108 84 12.124534
108 85 13.465064
108 86 12.735803
108 87 13.988844
108 88 13.049612
108 89 12.393310
108 90 12.805230
108 91 14.286854
108 92 11.084298
108 93 13.252761
108 94 13.244013
108 95 13.852735
108 96 14.157952
108 97 12.884729
108 98 13.658730
108 99 12.996196
108 100 14.660618
108 101 13.970980
108 102 12.647304
108 103 12.422067
108 104 12.657617
108 105 11.319373
108 106 11.441455
108 107 13.512198
108 109 13.861430
108 110 13.552271
108 111 11.172757
108 112 13.092780
108 113 13.273203
108 114 13.290741
108 115 12.819646
108 116 14.245043
108 117 14.792495
108 118 12.393171
108 119 13.850324
108 120 12.190977
108 121 14.721302
108 122 12.741093
108 123 14.231802
108 124 12.791773
108 125 11.579393
108 126 11.895639
108 127 12.073329
108 128 12.254572
108 129 14.750699
108 130 14.684230
108 131 12.736823
108 132 14.579547
108 133 14.127748
108 134 11.334928
108 135 13.853879
108 136 13.500102
108 137 12.260919
108 138 14.419019
108 139 13.690165
108 140 13.678452
108 141 11.444684
108 142 14.332575
108 143 14.039271
108 144 13.170337
108 145 14.427530
108 146 11.205719
108 147 11.347056
108 148 11.882096
108 149 14.421119
108 150 13.765571
108 151 12.228829
108 152 13.675575
108 153 13.222589
108 154 12.538339
108 155 11.812795
108 156 14.438930
108 157 12.550926
108 158 11.359662
108 159 12.277960
108 160 14.023200
108 161 13.267359
108 162 11.961815
108 163 13.214997
108 164 14.251553
108 165 11.085866
108 166 13.483668
108 167 11.939298
108 168 13.311001
108 169 11.606988
108 170 12.043180
108 171 12.927049
108 172 12.440297
108 173 11.215152
108 174 12.829058
108 175 13.257024
108 176 14.369129
108 177 14.677517
108 178 12.571867
108 179 13.122707
108 180 13.781394
108 181 11.827183
108 182 13.307022
108 183 11.230047
108 184 12.547165
108 185 12.707906
108 186 13.635872
108 187 11.228023
108 188 12.131991
108 189 11.294666
108 190 11.329609
108 191 13.900566
108 192 13.384022
108 193 12.237807
108 194 12.916306
108 195 12.406487
108 196 14.061150
108 197 11.528974
108 198 12.609250
108 199 11.608994
108 200 11.735916
109 0 11.689881
109 1 12.302331
109 2 14.547352
109 3 11.115218
109 4 14.534817
109 5 11.448230
109 6 13.985592
109 7 12.120835
109 8 12.283998
109 9 13.793841
109 10 11.823796
109 11 12.679667
109 12 13.346104
109 13 11.224793
109 14 11.105483
109 15 13.092179
109 16 11.392869
109 17 12.617107
109 18 14.781615
109 19 12.572914
109 20 11.826323
109 21 12.169698
109 22 14.480701
109 23 11.805524
109 24 12.892992
109 25 11.257906
109 26 13.161669
109 27 11.112997
109 28 12.326721
109 29 12.877716
109 30 13.245181
109 31 14.558912
109 32 14.371885
109 33 13.428591
109 34 13.223042
109 35 11.163556
109 36 11.783657
109 37 11.313009
109 38 13.674559
109 39 11.678969
109 40 12.799753
109 41 11.304681
109 42 13.837953
109 43 12.544024
109 44 14.613399
109 45 14.343402
109 46 13.208679
109 47 14.801569
109 48 13.375050
109 49 11.567035
109 50 11.811989
109 51 11.499139
109 52 14.260404
109 53 12.436057
109 54 13.010191
109 55 13.173424
109 56 14.410949
109 57 12.746286
109 58 11.921252
109 59 12.264981
109 60 13.107834
109 61 12.425981
109 62 12.942946
109 63 14.233712
109 64 14.666300
109 65 12.886959
109 66 14.614795
109 67 12.580208
109 68 10.964974
109 69 12.731713
109 70 11.475928
109 71 12.340248
109 72 11.275324
109 73 11.428134
109 74 11.292664
109 75 11.731270
109 76 13.863387
109 77 14.194909
109 78 10.979120
109 79 13.225564
109 80 13.657962
109 81 13.817908
109 82 11.216808
109 83 14.465926
109 84 12.761600
109 85 14.593914
109 86 12.993760
109 87 14.693995
109 88 10.998519
109 89 14.553064
109 90 12.054083
109 91 14.162887
109 92 12.280432
109 93 13.996170
109 94 11.562528
109 95 14.383945
109 96 11.522900
109 97 14.183519
109 98 11.334487
109 99 12.591925
109 100 13.844597
109 101 13.444517
109 102 12.839747
109 103 14.222682
109 104 13.926456
109 105 11.317273
109 106 11.549496
109 107 11.938538
109 108 13.861430
109 110 13.951692
109 111 14.233621
109 112 11.288753
109 113 11.380162
109 114 12.950043
109 115 12.149938
109 116 12.402147
109 117 13.416383
109 118 14.226637
109 119 11.377417
109 120 13.596915
109 121 13.549819
109 122 11.426711
109 123 13.732933
109 124 13.843159
109 125 13.061423
109 126 10.965572
109 127 12.010413
109 128 11.903851
109 129 11.145118
109 130 12.177839
109 131 14.264655
109 132 12.369264
109 133 13.274900
109 134 12.504331
109 135 11.084209
109 136 14.699292
109 137 11.117269
109 138 12.789726
109 139 11.979971
109 140 14.715292
109 141 12.460242
109 142 11.837595
109 143 12.477637
109 144 11.441424
109 145 11.668291
109 146 13.409877
109 147 14.034479
109 148 11.421523
109 149 12.563637
109 150 12.706293
109 151 12.769758
109 152 14.760678
109 153 12.415773
109 154 14.791984
109 155 11.372780
109 156 14.162779
109 157 13.690351
109 158 10.970367
109 159 12.375070
109 160 14.261974
109 161 11.097965
109 162 14.520199
109 163 13.819879
109 164 10.988451
109 165 14.417117
109 166 14.622526
109 167 13.944210
109 168 13.358417
109 169 13.643663
109 170 11.423997
109 171 13.167443
109 172 11.408352
109 173 14.054674
109 174 14.812586
109 175 13.075333
109 176 10.954242
109 177 11.832506
109 178 14.150521
109 179 13.166040
109 180 11.083477
109 181 11.385164
109 182 11.768977
109 183 14.325138
109 184 12.098758
109 185 14.701087
109 186 13.881171
109 187 14.062413
109 188 12.625803
109 189 13.955672
109 190 11.737160
109 191 13.935760
109 192 13.243648
109 193 12.015228
109 194 11.003040
109 195 14.107212
109 196 14.163296
109 197 11.229347
109 198 12.333163
109 199 12.882614
109 200 13.249897
110 0 11.142867
110 1 12.720316
110 2 11.837654
110 3 12.832196
110 4 13.936576
110 5 14.052997
110 6 13.308517
110 7 14.083344
110 8 13.514572
110 9 10.990152
110 10 10.972342
110 11 13.118348
110 12 14.522643
110 13 13.029710
110 14 11.352681
110 15 12.053654
110 16 11.027802
110 17 13.166373
110 18 11.521779
110 19 11.564558
110 20 11.565729
110 21 13.141176
110 22 14.053875
110 23 14.417053
110 24 13.052172
110 25 11.145309
110 26 14.261601
110 27 14.103856
110 28 13.146584
110 29 14.165306
110 30 14.191003
110 31 12.390199
110 32 14.195550
110 33 13.517442
110 34 12.026393
110 35 14.015948
110 36 13.912442
110 37 14.419056
110 38 14.453919
110 39 11.666064
110 40 12.546865
110 41 12.787761
110 42 11.391050
110 43 13.236146
110 44 11.697685
110 45 14.287426
110 46 14.813441
110 47 13.744731
110 48 12.020808
110 49 11.405726
110 50 14.608023
110 51 12.634190
110 52 11.052908
110 53 13.764608
110 54 11.658993
110 55 11.180636
110 56 13.283244
110 57 12.950364
110 58 13.132739
110 59 13.379492
110 60 14.544175
110 61 12.016092
110 62 13.401369
110 63 11.044200
110 64 14.244083
110 65 12.941683
110 66 12.336344
110 67 11.219235
110 68 11.808043
110 69 11.025553
110 70 13.697243
110 71 14.411867
110 72 14.090877
110 73 13.378422
110 74 12.494344
110 75 11.269154
110 76 11.106920
110 77 14.566153
110 78 14.665742
110 79 11.859884
110 80 13.500160
110 81 12.674763
110 82 11.745382
110 83 13.031011
110 84 13.601873
110 85 11.136488
110 86 11.170294
110 87 12.151051
110 88 11.518654
110 89 11.817583
110 90 12.684758
110 91 12.807872
110 92 14.649950
110 93 13.079071
110 94 13.881948
110 95 14.586005
110 96 11.098422
110 97 14.279187
110 98 12.318818
110 99 13.716557
110 100 13.820001
110 101 12.821503
110 102 10.925872
110 103 12.858509
110 104 14.625756
110 105 13.509476
110 106 12.652064
110 107 12.273550
110 108 13.552271
110 109 13.951692
110 111 13.937111
110 112 14.237606
110 113 14.051816
110 114 14.281118
110 115 14.732042
110 116 12.759878
110 117 12.884266
110 118 13.030622
110 119 12.677410
110 120 11.522252
110 121 14.666896
110 122 14.761587
110 123 13.055764
110 124 14.029182
110 125 11.151391
110 126 13.033790
110 127 11.834569
110 128 12.018460
110 129 12.288965
110 130 12.401896
110 131 12.919160
110 132 13.344245
110 133 12.931715
110 134 13.807829
110 135 12.544775
110 136 14.532861
110 137 11.403025
110 138 13.271825
110 139 12.564035
110 140 13.255450
110 141 13.381740
110 142 12.848358
110 143 13.712438
110 144 13.488241
110 145 14.417460
110 146 13.705268
110 147 14.342830
110 148 11.706497
110 149 11.847982
110 150 13.994744
110 151 12.953196
110 152 13.584324
110 153 13.766333
110 154 14.196682
110 155 11.853595
110 156 12.457064
110 157 14.572336
110 158 12.774779
110 159 12.618922
110 160 11.737981
110 161 11.125172
110 162 14.330675
110 163 14.012976
110 164 11.985937
110 165 11.375592
110 166 11.494954
110 167 13.702947
110 168 11.261474
110 169 11.573439
110 170 14.257129
110 171 14.242075
110 172 14.392629
110 173 11.906988
110 174 13.383799
110 175 13.438879
110 176 12.708370
110 177 13.092000
110 178 13.664350
110 179 12.198329
110 180 12.943929
110 181 12.057939
110 182 11.705574
110 183 10.956515
110 184 13.387248
110 185 12.053722
110 186 14.743246
110 187 14.507458
110 188 14.523730
110 189 12.588235
110 190 13.305232
110 191 13.569624
110 192 11.964227
110 193 13.178107
110 194 12.672852
110 195 13.603132
110 196 12.626222
110 197 11.682077
110 198 11.618462
110 199 12.191697
110 200 12.979426
111 0 12.552603
111 1 11.868650
111 2 14.618379
111 3 11.023373
111 4 14.005830
111 5 11.600507
111 6 11.046302
111 7 11.730206
111 8 14.054270
111 9 14.203063
111 10 14.179872
111 11 13.402597
111 12 14.013925
111 13 14.449283
111 14 13.797205
111 15 14.077430
111 16 13.112867
111 17 12.314350
111 18 11.786435
111 19 11.089720
111 20 10.927335
111 21 13.607179
111 22 13.159836
111 23 11.870507
111 24 14.343368
111 25 13.901695
111 26 13.498827
111 27 11.603242
111 28 14.444815
111 29 14.546656
111 30 12.602180
111 31 13.412719
111 32 12.455721
111 33 14.157120
111 34 13.613311
111 35 14.087948
111 36 14.635707
111 37 12.786377
111 38 12.234709
111 39 13.132085
111 40 11.030792
111 41 14.484871
111 42 12.953319
111 43 11.744891
111 44 12.655291
111 45 12.983984
111 46 11.882415
111 47 12.721600
111 48 14.223126
111 49 11.422142
111 50 13.536573
111 51 12.402642
111 52 13.907147
111 53 11.584592
111 54 12.866510
111 55 14.236640
111 56 13.476002
111 57 11.873221
111 58 13.365732
111 59 13.255884
111 60 11.555871
111 61 12.845665
111 62 11.317459
111 63 13.158523
111 64 12.647806
111 65 11.922919
111 66 12.502484
111 67 14.786688
111 68 13.863884
111 69 14.547932
111 70 13.199479
111 71 13.826810
111 72 14.655872
111 73 11.016710
111 74 14.079713
111 75 13.651612
111 76 14.712692
111 77 13.368689
111 78 12.673370
111 79 11.335376
111 80 13.660191
111 81 12.398553
111 82 13.933355
111 83 14.151160
111 84 13.870086
111 85 11.766925
111 86 12.710470
111 87 14.303310
111 88 11.049374
111 89 12.621435
111 90 12.073273
111 91 14.235592
111 92 11.082813
111 93 12.048359
111 94 12.773408
111 95 12.333482
111 96 12.639756
111 97 12.903896
111 98 12.272078
111 99 12.468455
111 100 14.020342
111 101 11.378700
111 102 13.023237
111 103 11.569414
111 104 11.904113
111 105 11.620296
111 106 12.762117
111 107 14.351898
111 108 11.172757
111 109 14.233621
111 110 13.937111
111 112 11.512976
111 113 11.697947
111 114 14.464299
111 115 13.241418
111 116 13.224531
111 117 14.498188
111 118 12.025090
111 119 13.348204
111 120 12.503388
111 121 10.980647
111 122 11.035237
111 123 10.984077
111 124 11.921665
111 125 13.565121
111 126 11.431216
111 127 13.646738
111 128 13.557607
111 129 11.309158
111 130 14.630002
111 131 12.412918
111 132 13.705127
111 133 11.051963
111 134 13.652166
111 135 14.004574
111 136 14.406344
111 137 12.116598
111 138 11.633716
111 139 11.296354
111 140 13.122698
111 141 13.591084
111 142 12.345880
111 143 12.044088
111 144 13.404444
111 145 14.555790
111 146 13.427172
111 147 10.972963
111 148 12.277333
111 149 14.218301
111 150 12.767400
111 151 14.349568
111 152 12.478511
111 153 11.035212
111 154 14.127268
111 155 12.325770
111 156 13.318847
111 157 11.985395
111 158 14.481461
111 159 11.288935
111 160 11.428620
111 161 12.701555
111 162 14.698495
111 163 13.588976
111 164 11.151016
111 165 14.334689
111 166 12.277419
111 167 14.582452
111 168 13.525203
111 169 10.945806
111 170 13.511778
111 171 11.239538
111 172 14.508526
111 173 11.812320
111 174 13.382517
111 175 10.947555
111 176 12.254142
111 177 14.812300
111 178 13.080174
111 179 12.413988
111 180 14.717386
111 181 14.274098
111 182 11.995738
111 183 12.238999
111 184 11.766690
111 185 12.586751
111 186 13.483146
111 187 12.600698
111 188 14.059076
111 189 14.073829
111 190 14.713030
111 191 12.318086
111 192 11.782972
111 193 14.634466
111 194 14.395042
111 195 12.192898
111 196 13.887197
111 197 14.326987
111 198 12.311836
111 199 12.659484
111 200 12.076784
112 0 12.778689
112 1 12.539430
112 2 12.663707
112 3 13.130162
112 4 13.646021
112 5 12.001985
112 6 14.170771
112 7 13.857212
112 8 12.491419
112 9 11.470113
112 10 14.187359
112 11 14.495885
112 12 11.071787
112 13 13.678573
112 14 12.763093
112 15 14.050717
112 16 11.798438
112 17 11.538938
112 18 12.387689
112 19 13.331011
112 20 11.281323
112 21 13.040061
112 22 11.241319
112 23 14.363934
112 24 11.798111
112 25 12.147865
112 26 14.097401
112 27 11.649799
112 28 13.390353
112 29 12.964204
112 30 13.715813
112 31 14.646708
112 32 13.813763
112 33 14.019868
112 34 13.930078
112 35 11.020049
112 36 11.768073
112 37 14.102521
112 38 13.997397
112 39 14.148451
112 40 13.641077
112 41 14.579832
112 42 12.071155
112 43 13.288068
112 44 13.385903
112 45 13.853465
112 46 14.112724
112 47 11.704758
112 48 14.719169
112 49 12.151182
112 50 14.287589
112 51 11.809477
112 52 11.048292
112 53 12.070256
112 54 10.947781
112 55 12.124423
112 56 11.877561
112 57 13.322496
112 58 11.855592
112 59 10.951235
112 60 12.151354
112 61 12.680412
112 62 13.894430
112 63 14.043794
112 64 14.676652
112 65 14.217174
112 66 13.424539
112 67 14.701591
112 68 13.569589
112 69 14.439145
112 70 13.340811
112 71 14.047211
112 72 13.937602
112 73 11.186823
112 74 14.241965
112 75 12.598430
112 76 14.750165
112 77 13.649817
112 78 12.925964
112 79 12.190153
112 80 11.158665
112 81 13.439810
112 82 13.672752
112 83 14.260076
112 84 11.184963
112 85 14.368560
112 86 11.270704
112 87 14.057115
112 88 13.118096
112 89 13.626734
112 90 13.639795
112 91 14.444300
112 92 12.256295
112 93 12.285081
112 94 12.829431
112 95 13.321822
112 96 14.158248
112 97 13.245326
112 98 13.637830
112 99 13.855822
112 100 14.710264
112 101 14.173437
112 102 12.811111
112 103 12.616070
112 104 13.659716
112 105 11.010440
112 106 12.976854
112 107 11.888501
112 108 13.092780
112 109 11.288753
112 110 14.237606
112 111 11.512976
112 113 13.570019
112 114 11.146541
112 115 14.260799
112 116 11.199259
112 117 11.286774
112 118 13.850086
112 119 14.614339
112 120 13.215218
112 121 11.358670
112 122 14.292866
112 123 14.259814
112 124 11.902614
112 125 11.616676
112 126 11.112950
112 127 14.232609
112 128 11.533627
112 129 13.086811
112 130 13.461820
112 131 13.811610
112 132 11.658770
112 133 12.411367
112 134 13.265654
112 135 13.745304
112 136 13.264896
112 137 14.572260
112 138 13.138349
112 139 14.390750
112 140 12.313619
112 141 13.148215
112 142 11.584133
112 143 11.064521
112 144 10.969614
112 145 11.769945
112 146 11.393485
112 147 12.968498
112 148 13.420374
112 149 13.283628
112 150 13.571080
112 151 12.225446
112 152 12.175862
112 153 14.615507
112 154 13.893036
112 155 14.509799
112 156 12.806585
112 157 14.762001
112 158 12.662530
112 159 11.554829
112 160 13.486109
112 161 13.699629
112 162 12.806150
112 163 13.447857
112 164 11.801541
112 165 12.206692
112 166 12.492633
112 167 11.552911
112 168 14.073240
112 169 14.486402
112 170 11.814718
112 171 14.538129
112 172 14.348093
112 173 13.193028
112 174 12.658404
112 175 11.154759
112 176 13.510821
112 177 13.697170
112 178 13.393723
112 179 11.115998
112 180 12.027076
112 181 14.525391
112 182 11.023635
112 183 13.047513
112 184 14.529159
112 185 12.097369
112 186 13.130808
112 187 13.052892
112 188 14.443597
112 189 11.469228
112 190 14.420635
112 191 12.486025
112 192 12.841241
112 193 13.939415
112 194 12.837730
112 195 12.754788
112 196 12.443727
112 197 11.026928
112 198 12.167358
112 199 12.991797
112 200 12.427404
113 0 14.386342
113 1 13.779765
113 2 14.219189
113 3 14.183069
113 4 11.414329
113 5 10.998776
113 6 13.887516
113 7 13.325593
113 8 11.268064
113 9 13.907050
113 10 11.283345
113 11 13.710461
113 12 14.701471
113 13 11.754436
113 14 12.014200
113 15 12.777093
113 16 12.752637
113 17 13.946868
113 18 11.025833
113 19 14.770035
113 20 13.530026
113 21 12.922111
113 22 13.389989
113 23 11.406469
113 24 11.827669
113 25 13.490891
113 26 11.902832
113 27 11.752722
113 28 11.890639
113 29 13.322183
113 30 11.809073
113 31 13.420836
113 32 12.391852
113 33 13.158395
113 34 10.993932
113 35 13.194839
113 36 12.728134
113 37 13.088997
113 38 13.849691
113 39 11.114894
113 40 11.102302
113 41 13.004461
113 42 11.031110
113 43 12.535181
113 44 14.237918
113 45 12.569520
113 46 13.320189
113 47 14.045290
113 48 11.441997
113 49 11.907823
113 50 13.299927
113 51 11.474978
113 52 14.206593
113 53 13.427954
113 54 12.481126
113 55 11.605262
113 56 13.790336
113 57 13.109931
113 58 10.928346
113 59 12.481333
113 60 14.772725
113 61 13.704148
113 62 11.435164
113 63 11.984667
113 64 12.471496
113 65 12.800864
113 66 11.924452
113 67 13.140767
113 68 11.604037
113 69 14.134803
113 70 12.279097
113 71 14.754702
113 72 12.745511
113 73 11.064470
113 74 11.843693
113 75 13.219740
113 76 11.757755
113 77 11.816044
113 78 12.399706
113 79 10.997049
113 80 14.589963
113 81 11.161776
113 82 12.124159
113 83 11.986372
113 84 11.640834
113 85 11.463942
113 86 13.286116
113 87 12.544022
113 88 13.001924
113 89 12.081049
113 90 12.767198
113 91 12.746183
113 92 12.362622
113 93 12.917783
113 94 13.948432
113 95 12.852138
113 96 13.402879
113 97 14.279261
113 98 11.058596
113 99 11.806182
113 100 12.343764
113 101 13.105660
113 102 13.291168
113 103 11.842446
113 104 11.645193
113 105 14.648920
113 106 11.745507
113 107 14.475147
113 108 13.273203
113 109 11.380162
113 110 14.051816
113 111 11.697947
113 112 13.570019
113 114 13.808048
113 115 14.083035
113 116 13.941201
113 117 12.407462
113 118 12.810292
113 119 13.838761
113 120 13.639052
113 121 12.678084
113 122 11.886632
113 123 11.841684
113 124 13.202983
113 125 11.959450
113 126 11.071536
113 127 11.295717
113 128 12.200676
113 129 12.851044
113 130 13.626041
113 131 14.405866
113 132 12.959857
113 133 12.510156
113 134 11.416613
113 135 14.780585
113 136 11.930879
113 137 14.015058
113 138 12.589465
113 139 13.948556
113 140 13.317805
113 141 14.407544
113 142 11.056215
113 143 11.445920
113 144 13.947147
113 145 12.228878
113 146 12.602682
113 147 13.926780
113 148 14.505758
113 149 12.811650
113 150 11.693116
113 151 12.813005
113 152 12.996701
113 153 12.840696
113 154 11.084292
113 155 11.899189
113 156 13.994720
113 157 13.833776
113 158 12.286968
113 159 13.976477
113 160 11.669343
113 161 14.206684
113 162 14.122135
113 163 13.397415
113 164 12.897770
113 165 11.163057
113 166 11.647512
113 167 12.232659
113 168 14.336071
113 169 11.361230
113 170 14.041284
113 171 12.004111
113 172 11.019477
113 173 12.617921
113 174 12.823252
113 175 12.847357
113 176 12.285358
113 177 11.956990
113 178 13.541303
113 179 11.387123
113 180 12.731508
113 181 13.061926
113 182 13.581472
113 183 12.245686
113 184 11.647121
113 185 12.798011
113 186 14.461692
113 187 10.993333
113 188 12.494546
113 189 14.027537
113 190 11.030872
113 191 11.428974
113 192 14.062751
113 193 14.706254
113 194 12.393765
113 195 14.598436
113 196 12.695828
113 197 14.050040
113 198 14.701114
113 199 13.312874
113 200 12.689886
114 0 12.018569
114 1 13.855301
114 2 14.698642
114 3 13.090300
114 4 11.178017
114 5 11.108977
114 6 13.837266
114 7 12.168583
114 8 13.127121
114 9 13.237597
114 10 13.778902
114 11 14.391203
114 12 13.986318
114 13 11.675733
114 14 14.161459
114 15 13.637111
114 16 13.848962
114 17 12.933670
114 18 11.361733
114 19 13.488341
114 20 11.749289
114 21 13.454585
114 22 13.680029
114 23 11.553105
114 24 14.431322
114 25 11.262547
114 26 13.205816
114 27 14.064852
114 28 13.096772
114 29 12.260228
114 30 13.756876
114 31 10.934788
114 32 11.969027
114 33 13.784114
114 34 13.599515
114 35 11.538791
114 36 12.460677
114 37 14.787746
114 38 14.636085
114 39 13.074360
114 40 11.955414
114 41 14.427552
114 42 12.270316
114 43 13.303226
114 44 12.802276
114 45 12.952548
114 46 12.337488
114 47 14.735491
114 48 12.920817
114 49 13.780627
114 50 14.422952
114 51 13.569826
114 52 10.975087
114 53 12.311284
114 54 11.859729
114 55 11.456436
114 56 11.188145
114 57 11.594549
114 58 11.996782
114 59 13.564026
114 60 14.784397
114 61 12.308278
114 62 14.412602
114 63 14.804360
114 64 12.192353
114 65 13.225018
114 66 14.581258
114 67 13.213744
114 68 13.963744
114 69 12.397093
114 70 13.592655
114 71 10.990176
114 72 13.614659
114 73 13.893912
114 74 11.843504
114 75 13.459936
114 76 13.090494
114 77 12.639519
114 78 11.785750
114 79 11.235779
114 80 13.424986
114 81 13.586974
114 82 11.588687
114 83 13.052891
114 84 14.293391
114 85 11.204743
114 86 13.771910
114 87 12.450133
114 88 11.275096
114 89 12.814479
114 90 12.071686
114 91 12.393171
114 92 13.064661
114 93 11.513058
114 94 14.232185
114 95 12.072903
114 96 11.219386
114 97 12.435548
114 98 14.172040
114 99 12.689489
114 100 13.015807
114 101 14.727756
114 102 13.029602
114 103 11.164489
114 104 14.485113
114 105 11.215583
114 106 14.711911
114 107 14.320782
114 108 13.290741
114 109 12.950043
114 110 14.281118
114 111 14.464299
114 112 11.146541
114 113 13.808048
114 115 14.270417
114 116 11.087196
114 117 13.317834
114 118 11.322266
114 119 11.754725
114 120 13.877322
114 121 13.324052
114 122 12.105283
114 123 12.709423
114 124 12.816679
114 125 14.251750
114 126 11.958654
114 127 14.072733
114 128 13.445956
114 129 11.769591
114 130 13.187113
114 131 14.581363
114 132 12.753422
114 133 10.970774
114 134 11.426186
114 135 14.271120
114 136 13.015062
114 137 12.315471
114 138 11.882472
114 139 12.542013
114 140 11.054800
114 141 11.946484
114 142 12.320184
114 143 11.131055
114 144 11.671670
114 145 14.310548
114 146 11.832771
114 147 12.851470
114 148 11.883601
114 149 13.273050
114 150 11.805692
114 151 13.530286
114 152 13.651785
114 153 14.196644
114 154 11.697832
114 155 14.499422
114 156 13.744726
114 157 13.941957
114 158 12.702271
114 159 14.491512
114 160 11.530785
114 161 13.637949
114 162 12.609603
114 163 13.039353
114 164 13.315146
114 165 13.347611
114 166 14.645982
114 167 11.471764
114 168 11.849357
114 169 13.157926
114 170 12.894971
114 171 12.783410
114 172 13.910264
114 173 14.122949
114 174 11.031322
114 175 13.662524
114 176 13.920516
114 177 11.785781
114 178 11.119014
114 179 14.647469
114 180 12.077293
114 181 13.063046
114 182 13.248620
114 183 14.560924
114 184 14.229300
114 185 12.187163
114 186 14.411424
114 187 12.363034
114 188 14.024062
114 189 14.389210
114 190 11.262395
114 191 13.580796
114 192 11.415864
114 193 12.987084
114 194 12.368811
114 195 11.323707
114 196 11.722936
114 197 12.976720
114 198 11.436557
114 199 13.652884
114 200 14.392075
115 0 13.153166
115 1 14.060723
115 2 12.772250
115 3 14.372966
115 4 12.546210
115 5 11.570588
115 6 12.589474
115 7 13.403523
115 8 14.211734
115 9 13.550256
115 10 14.732707
115 11 12.741436
115 12 12.063361
115 13 11.884354
115 14 11.587209
115 15 12.843466
115 16 13.903043
115 17 12.643139
115 18 12.301137
115 19 11.944913
115 20 11.102661
115 21 13.965467
115 22 11.970514
115 23 13.624913
115 24 14.703072
115 25 11.132620
115 26 11.395873
115 27 12.764918
115 28 12.087804
115 29 12.270725
115 30 12.024538
115 31 11.414749
115 32 13.587955
115 33 12.088136
115 34 13.665182
115 35 12.671706
115 36 12.867801
115 37 14.481151
115 38 12.601464
115 39 11.914127
115 40 11.228792
115 41 11.206290
115 42 12.673698
115 43 14.377803
115 44 13.057009
115 45 10.942336
115 46 12.779166
115 47 13.278511
115 48 14.608109
115 49 13.816480
115 50 13.180254
115 51 11.780837
115 52 12.292075
115 53 14.796218
115 54 13.895512
115 55 13.036834
115 56 14.691475
115 57 14.266993
115 58 12.905867
115 59 13.639227
115 60 12.552175
115 61 13.992064
115 62 14.736769
115 63 13.836285
115 64 13.106862
115 65 14.748792
115 66 13.443132
115 67 13.872608
115 68 10.999373
115 69 13.647199
115 70 13.920498
115 71 12.744853
115 72 14.683291
115 73 14.003587
115 74 11.214646
115 75 11.324040
115 76 12.100164
115 77 14.181822
115 78 14.176627
115 79 13.784190
115 80 13.982604
115 81 11.440859
115 82 14.118528
115 83 11.571457
115 84 12.648335
115 85 11.814294
115 86 14.600470
115 87 13.966336
115 88 14.733589
115 89 11.072015
115 90 12.057706
115 91 13.865124
115 92 13.481500
115 93 14.418205
115 94 14.367401
115 95 11.530579
115 96 12.223900
115 97 11.412388
115 98 11.029460
115 99 12.284165
115 100 12.458259
115 101 11.310784
115 102 14.074421
115 103 12.792431
115 104 14.776298
115 105 11.402860
115 106 14.114317
115 107 13.162923
115 108 12.819646
115 109 12.149938
115 110 14.732042
115 111 13.241418
115 112 14.260799
115 113 14.083035
115 114 14.270417
115 116 11.654244
115 117 13.498519
115 118 12.780876
115 119 14.791941
115 120 13.579077
115 121 12.230795
115 122 11.503334
115 123 14.137304
115 124 12.187148
115 125 14.029755
115 126 14.327978
115 127 13.069679
115 128 13.025395
115 129 11.379648
115 130 14.456533
115 131 11.246340
115 132 11.422618
115 133 11.530637
115 134 13.623871
115 135 14.460594
115 136 12.574313
115 137 13.210101
115 138 11.149040
115 139 14.479657
115 140 11.019149
115 141 13.647018
115 142 12.794382
115 143 13.514692
115 144 14.067977
115 145 11.373637
115 146 11.424514
115 147 11.360445
115 148 12.703892
115 149 11.017323
115 150 14.658089
115 151 10.995074
115 152 11.219404
115 153 12.572996
115 154 13.087431
115 155 11.701037
115 156 12.323017
115 157 11.070782
115 158 14.590294
115 159 13.883009
115 160 12.154480
115 161 13.458114
115 162 12.056183
115 163 11.844591
115 164 12.117620
115 165 12.526812
115 166 14.681727
115 167 12.829363
115 168 14.377546
115 169 14.327148
115 170 11.011879
115 171 12.770884
115 172 14.051096
115 173 12.813183
115 174 14.378282
115 175 11.311802
115 176 14.754683
115 177 13.013908
115 178 14.421030
115 179 13.776366
115 180 13.431728
115 181 13.073176
115 182 11.333174
115 183 12.309616
115 184 11.200163
115 185 14.790963
115 186 14.110587
115 187 13.587034
115 188 11.020249
115 189 12.329841
115 190 13.531005
115 191 14.048011
115 192 13.386667
115 193 13.801158
115 194 13.501512
115 195 13.993503
115 196 11.052182
115 197 11.846896
115 198 11.583967
115 199 11.599977
115 200 13.049352
116 0 13.951284
116 1 13.421441
116 2 14.216655
116 3 12.598189
116 4 14.112126
116 5 11.099447
116 6 11.919094
116 7 14.412534
116 8 13.010117
116 9 13.629721
116 10 11.957480
116 11 11.057466
116 12 14.141843
116 13 11.822307
116 14 14.181076
116 15 11.995278
116 16 13.344453
116 17 13.486839
116 18 14.361704
116 19 10.941650
116 20 11.461624
116 21 12.928108
116 22 13.842001
116 23 14.729418
116 24 14.388802
116 25 14.700384
116 26 13.432840
116 27 11.009634
116 28 13.721193
116 29 11.885038
116 30 13.869673
116 31 12.624894
116 32 11.764811
116 33 14.056591
116 34 14.037916
116 35 14.524779
116 36 13.994194
116 37 13.243302
116 38 11.371960
116 39 11.192283
116 40 11.682012
116 41 13.666411
116 42 12.764240
116 43 11.597183
116 44 12.483079
116 45 11.412897
116 46 11.649937
116 47 13.131869
116 48 11.219301
116 49 14.773536
116 50 12.750486
116 51 14.115465
116 52 12.870909
116 53 13.259670
116 54 12.201537
116 55 14.091847
116 56 11.565499
116 57 13.369071
116 58 14.122515
116 59 11.631748
116 60 11.003725
116 61 12.083851
116 62 13.530991
116 63 13.232878
116 64 14.392525
116 65 12.202678
116 66 11.221425
116 67 11.543142
116 68 13.115945
116 69 12.977760
116 70 11.070276
116 71 14.126698
116 72 11.833061
116 73 12.396827
116 74 13.254551
116 75 14.101919
116 76 14.688092
116 77 13.778869
116 78 11.669146
116 79 14.714636
116 80 13.395402
116 81 14.405743
116 82 14.808058
116 83 13.828502
116 84 11.879981
116 85 11.154802
116 86 13.220823
116 87 13.337512
116 88 11.149074
116 89 13.771473
116 90 12.416043
116 91 14.510495
116 92 13.959363
116 93 11.744275
116 94 13.017371
116 95 14.370460
116 96 12.439699
116 97 13.912861
116 98 11.600163
116 99 13.039721
116 100 13.212176
116 101 11.768890
116 102 12.741581
116 103 12.034585
116 104 13.445988
116 105 10.984651
116 106 12.705641
116 107 14.771320
116 108 14.245043
116 109 12.402147
116 110 12.759878
116 111 13.224531
116 112 11.199259
116 113 13.941201
116 114 11.087196
116 115 11.654244
116 117 11.653429
116 118 12.784598
116 119 13.614350
116 120 12.235096
116 121 12.818160
116 122 12.453553
116 123 12.499302
116 124 11.671220
116 125 13.871998
116 126 14.473836
116 127 11.943280
116 128 12.482006
116 129 14.179396
116 130 14.283688
116 131 13.599009
116 132 12.384366
116 133 10.995709
116 134 10.921933
116 135 11.352195
116 136 12.801026
116 137 13.937796
116 138 11.036215
116 139 11.546439
116 140 13.136214
116 141 11.762277
116 142 13.590611
116 143 12.749728
116 144 11.691899
116 145 12.448019
116 146 13.792032
116 147 12.970917
116 148 11.165272
116 149 14.764869
116 150 12.504000
116 151 11.373276
116 152 12.703424
116 153 11.407287
116 154 12.715252
116 155 11.039286
116 156 14.563850
116 157 13.099843
116 158 11.648073
116 159 13.535755
116 160 13.468703
116 161 13.825098
116 162 12.702043
116 163 12.116847
116 164 13.614940
116 165 11.852675
116 166 11.081540
116 167 11.688109
116 168 13.418948
116 169 11.844751
116 170 12.338578
116 171 11.781113
116 172 12.259169
116 173 14.738306
116 174 12.021988
116 175 13.772926
116 176 11.374903
116 177 12.983937
116 178 11.312514
116 179 13.651640
116 180 12.406284
116 181 11.206667
116 182 14.644498
116 183 11.647550
116 184 11.917032
116 185 11.814583
116 186 11.819723
116 187 11.459259
116 188 11.643407
116 189 13.311954
116 190 12.051007
116 191 14.501802
116 192 11.930309
116 193 14.203123
116 194 14.749759
116 195 12.464392
116 196 14.106162
116 197 11.665216
116 198 14.242860
116 199 14.555759
116 200 12.949808
117 0 14.576890
117 1 12.784850
117 2 13.898857
117 3 14.817158
117 4 11.530159
117 5 13.912530
117 6 11.175525
117 7 13.532349
117 8 12.150874
117 9 11.694280
117 10 11.969447
117 11 14.692709
117 12 12.586365
117 13 12.309980
117 14 10.955533
117 15 11.791009
117 16 11.962597
117 17 13.869692
117 18 13.113407
117 19 12.695269
117 20 13.026441
117 21 12.850546
117 22 14.461902
117 23 12.225369
117 24 11.922807
117 25 12.523669
117 26 12.038826
117 27 14.748112
117 28 13.929555
117 29 11.856088
117 30 12.871348
117 31 13.788229
117 32 13.819003
117 33 11.283777
117 34 13.676090
117 35 12.983318
117 36 11.009063
117 37 11.717334
117 38 12.806407
117 39 11.230041
117 40 11.466640
117 41 13.288092
117 42 13.854979
117 43 11.082063
117 44 14.371906
117 45 13.655841
117 46 13.190679
117 47 11.725558
117 48 11.349852
117 49 13.943583
117 50 11.202620
117 51 13.271831
117 52 11.375577
117 53 14.571728
117 54 13.494618
117 55 11.063365
117 56 13.595922
117 57 14.759687
117 58 11.952081
117 59 11.278130
117 60 11.593083
117 61 13.031972
117 62 14.381458
117 63 12.361297
117 64 14.136553
117 65 14.182655
117 66 12.321595
117 67 14.125911
117 68 14.250895
117 69 12.565140
117 70 13.492387
117 71 12.810497
117 72 14.385510
117 73 11.792821
117 74 14.304125
117 75 12.820501
117 76 13.599003
117 77 13.418038
117 78 12.257566
117 79 14.362482
117 80 13.088917
117 81 11.942519
117 82 12.266301
117 83 11.124107
117 84 14.351322
117 85 11.075349
117 86 13.035959
117 87 11.379422
117 88 14.351101
117 89 13.459469
117 90 13.065275
117 91 12.873009
117 92 14.167493
117 93 14.403092
117 94 14.673056
117 95 13.239007
117 96 13.637084
117 97 12.152828
117 98 12.851826
117 99 13.055931
117 100 11.003983
117 101 11.515855
117 102 12.442188
117 103 12.088067
117 104 11.949211
117 105 12.110993
117 106 11.333162
117 107 12.068580
117 108 14.792495
117 109 13.416383
117 110 12.884266
117 111 14.498188
117 112 11.286774
117 113 12.407462
117 114 13.317834
117 115 13.498519
117 116 11.653429
117 118 12.532528
117 119 11.962303
117 120 14.547906
117 121 14.123311
117 122 14.304658
117 123 12.936123
117 124 14.500044
117 125 13.234905
117 126 12.530140
117 127 13.448347
117 128 11.101304
117 129 11.583792
117 130 14.417202
117 131 14.145067
117 132 11.554327
117 133 12.406715
117 134 14.484270
117 135 11.389428
117 136 13.360388
117 137 13.061961
117 138 11.585940
117 139 13.755275
117 140 14.672891
117 141 11.152185
117 142 12.027524
117 143 14.507441
117 144 11.146377
117 145 12.294260
117 146 11.349967
117 147 10.987487
117 148 13.311337
117 149 14.163686
117 150 12.476751
117 151 11.198795
117 152 11.542569
117 153 11.797768
117 154 12.043231
117 155 13.727171
117 156 11.289268
117 157 13.002043
117 158 13.717952
117 159 13.221335
117 160 11.676971
117 161 10.935534
117 162 14.096337
117 163 13.900770
117 164 13.165397
117 165 12.010171
117 166 14.123616
117 167 12.934032
117 168 11.828794
117 169 13.039503
117 170 11.721294
117 171 12.293640
117 172 11.006163
117 173 12.012512
117 174 13.824731
117 175 12.754946
117 176 14.616698
117 177 14.298049
117 178 12.621720
117 179 12.969352
117 180 12.086973
117 181 12.786449
117 182 11.988788
117 183 11.761703
117 184 14.374680
117 185 13.680633
117 186 12.687471
117 187 12.410529
117 188 11.722696
117 189 14.487675
117 190 12.645974
117 191 12.198280
117 192 14.109191
117 193 13.654220
117 194 12.992036
117 195 14.485851
117 196 13.235228
117 197 11.850298
117 198 14.383516
117 199 13.448969
117 200 12.872821
118 0 10.990104
118 1 12.022680
118 2 14.359407
118 3 11.405111
118 4 13.813225
118 5 14.011985
118 6 12.949456
118 7 11.243245
118 8 12.148957
118 9 14.173141
118 10 14.389222
118 11 14.142353
118 12 12.863665
118 13 11.727970
118 14 12.907590
118 15 11.780957
118 16 11.877371
118 17 12.181040
118 18 11.230165
118 19 13.406115
118 20 12.216297
118 21 14.493025
118 22 12.954347
118 23 12.987145
118 24 11.164513
118 25 13.125417
118 26 11.219884
118 27 13.131768
118 28 13.363352
118 29 13.480370
118 30 13.003872
118 31 14.484757
118 32 13.596551
118 33 12.154187
118 34 13.592757
118 35 13.502899
118 36 10.927662
118 37 13.135851
118 38 14.161364
118 39 13.641824
118 40 12.317751
118 41 11.188600
118 42 13.308809
118 43 12.562456
118 44 11.069901
118 45 13.974500
118 46 12.554520
118 47 13.639929
118 48 13.959127
118 49 13.547209
118 50 11.741816
118 51 11.142893
118 52 12.857366
118 53 10.952478
118 54 12.405261
118 55 12.410670
118 56 10.943314
118 57 12.812384
118 58 13.867116
118 59 12.330420
118 60 14.805987
118 61 14.692511
118 62 13.718404
118 63 12.366111
118 64 13.023295
118 65 11.086278
118 66 12.517785
118 67 14.509075
118 68 12.997426
118 69 14.580943
118 70 11.217986
118 71 14.459873
118 72 13.060227
118 73 13.536875
118 74 12.536867
118 75 11.268131
118 76 14.388779
118 77 13.391124
118 78 12.740842
118 79 12.749452
118 80 14.731135
118 81 12.113680
118 82 12.178546
118 83 11.983039
118 84 11.400690
118 85 11.442565
118 86 14.408460
118 87 12.106798
118 88 13.654152
118 89 13.411912
118 90 13.419521
118 91 12.070164
118 92 13.462013
118 93 13.645188
118 94 14.216330
118 95 13.622851
118 96 13.198137
118 97 12.982189
118 98 14.580689
118 99 13.472608
118 100 13.221138
118 101 13.271925
118 102 13.765495
118 103 12.796774
118 104 12.755477
118 105 14.117592
118 106 11.217653
118 107 12.734889
118 108 12.393171
118 109 14.226637
118 110 13.030622
118 111 12.025090
118 112 13.850086
118 113 12.810292
118 114 11.322266
118 115 12.780876
118 116 12.784598
118 117 12.532528
118 119 13.054127
118 120 13.614235
118 121 13.193022
118 122 14.598912
118 123 13.265837
118 124 14.479149
118 125 11.087492
118 126 13.251996
118 127 14.490663
118 128 11.087433
118 129 12.558938
118 130 12.575474
118 131 13.331741
118 132 11.694471
118 133 11.281076
118 134 12.537365
118 135 11.749301
118 136 11.541245
118 137 11.387892
118 138 13.252429
118 139 14.436986
118 140 12.360158
118 141 13.181902
118 142 14.453477
118 143 11.284615
118 144 13.849366
118 145 13.143838
118 146 13.650682
118 147 11.078878
118 148 14.786334
118 149 14.184731
118 150 13.705650
118 151 13.172139
118 152 11.368817
118 153 13.472719
118 154 14.710312
118 155 11.456388
118 156 13.143850
118 157 11.652118
118 158 13.759268
118 159 14.806916
118 160 12.695829
118 161 12.056201
118 162 11.396304
118 163 14.100360
118 164 11.636519
118 165 12.398226
118 166 14.063186
118 167 13.254831
118 168 12.071083
118 169 12.879410
118 170 11.309912
118 171 12.832937
118 172 11.384690
118 173 13.854104
118 174 14.378647
118 175 13.988813
118 176 12.370522
118 177 12.792391
118 178 13.712036
118 179 11.044077
118 180 11.351456
118 181 13.798119
118 182 13.718646
118 183 14.019490
118 184 14.484043
118 185 13.918031
118 186 11.749502
118 187 12.859538
118 188 12.676614
118 189 13.899802
118 190 14.171701
118 191 13.810074
118 192 14.289361
118 193 11.402428
118 194 13.819287
118 195 13.190564
118 196 14.635063
118 197 12.646177
118 198 11.688747
118 199 14.316266
118 200 14.799983
119 0 13.933456
119 1 12.243783
119 2 14.775860
119 3 11.979103
119 4 11.155379
119 5 12.316025
119 6 11.561245
119 7 12.984034
119 8 12.024321
119 9 11.611870
119 10 12.118261
119 11 14.010098
119 12 12.750533
119 13 14.267572
119 14 11.351516
119 15 13.983761
119 16 12.401177
119 17 12.151355
119 18 13.231805
119 19 13.681630
119 20 11.270434
119 21 11.205910
119 22 11.630574
119 23 13.585502
119 24 11.708799
119 25 11.436926
119 26 11.852660
119 27 11.068041
119 28 10.946262
119 29 13.890345
119 30 14.366870
119 31 13.613306
119 32 11.093611
119 33 14.236326
119 34 12.309128
119 35 12.761710
119 36 12.055476
119 37 11.813174
119 38 14.518597
119 39 11.691913
119 40 13.037640
119 41 11.976726
119 42 13.705689
119 43 13.044224
119 44 14.310262
119 45 13.808401
119 46 11.219574
119 47 13.690402
119 48 12.776870
119 49 14.636458
119 50 12.288635
119 51 14.137515
119 52 14.377496
119 53 12.795287
119 54 11.860338
119 55 14.020685
119 56 11.350209
119 57 12.098987
119 58 12.447691
119 59 14.818875
119 60 12.939257
119 61 13.697027
119 62 11.511348
119 63 11.811205
119 64 13.414250
119 65 12.814060
119 66 11.925414
119 67 13.201022
119 68 11.190201
119 69 14.174267
119 70 11.541674
119 71 12.608964
119 72 14.022542
119 73 13.017727
119 74 11.022382
119 75 11.281244
119 76 11.271645
119 77 13.943786
119 78 12.198356
119 79 13.080055
119 80 11.853506
119 81 12.379530
119 82 12.321082
119 83 11.357912
119 84 11.072281
119 85 14.655903
119 86 12.781223
119 87 13.846264
119 88 13.336705
119 89 11.725921
119 90 13.361414
119 91 13.095186
119 92 10.987449
119 93 11.773825
119 94 14.525525
119 95 10.981708
119 96 12.994590
119 97 12.765442
119 98 11.549789
119 99 13.336850
119 100 13.321227
119 101 11.768773
119 102 11.904367
119 103 12.412136
119 104 12.815122
119 105 11.359351
119 106 12.291741
119 107 13.404822
119 108 13.850324
119 109 11.377417
119 110 12.677410
119 111 13.348204
119 112 14.614339
119 113 13.838761
119 114 11.754725
119 115 14.791941
119 116 13.614350
119 117 11.962303
119 118 13.054127
119 120 11.033950
119 121 10.975989
119 122 11.215612
119 123 11.277952
119 124 12.847374
119 125 11.342661
119 126 12.108428
119 127 12.634443
119 128 13.306247
119 129 14.024676
119 130 12.346665
119 131 13.050130
119 132 12.813987
119 133 13.671990
119 134 11.966845
119 135 13.826593
119 136 14.533240
119 137 14.575784
119 138 11.298080
119 139 11.146202
119 140 14.500564
119 141 12.080281
119 142 13.048899
119 143 14.523364
119 144 14.567224
119 145 12.979316
119 146 14.234050
119 147 14.505276
119 148 11.917760
119 149 14.550937
119 150 13.687342
119 151 13.482896
119 152 12.049464
119 153 14.754361
119 154 14.717163
119 155 12.313376
119 156 12.450871
119 157 12.893501
119 158 14.032436
119 159 14.554135
119 160 12.775299
119 161 11.064708
119 162 12.315995
119 163 14.002871
119 164 11.450872
119 165 12.971158
119 166 12.669649
119 167 12.985204
119 168 11.368081
119 169 12.680170
119 170 12.603305
119 171 11.578450
119 172 10.936778
119 173 11.663917
119 174 14.588977
119 175 12.208581
119 176 12.703359
119 177 11.882364
119 178 14.759001
119 179 12.407889
119 180 14.691108
119 181 11.812008
119 182 14.270737
119 183 11.727292
119 184 13.713549
119 185 11.859187
119 186 12.718693
119 187 12.817331
119 188 14.463932
119 189 13.183685
119 190 13.126923
119 191 14.556377
119 192 11.662822
119 193 14.118574
119 194 12.319723
119 195 11.730142
119 196 12.692919
119 197 13.207139
119 198 13.525584
119 199 13.339220
119 200 14.604153
120 0 11.652178
120 1 12.150772
120 2 13.350903
120 3 12.336751
120 4 14.065936
120 5 11.803675
120 6 11.750206
120 7 13.159088
120 8 12.620532
120 9 11.177670
120 10 13.056053
120 11 12.371892
120 12 12.352893
120 13 11.845397
120 14 11.859878
120 15 12.770574
120 16 11.458702
120 17 12.834794
120 18 12.573395
120 19 14.677505
120 20 13.875047
120 21 13.710699
120 22 14.774102
120 23 11.105689
120 24 12.003601
120 25 14.357584
120 26 13.904385
120 27 14.066474
120 28 13.834187
120 29 11.982673
120 30 14.113163
120 31 13.789309
120 32 11.101335
120 33 12.411126
120 34 12.564791
120 35 11.369261
120 36 10.991628
120 37 11.773689
120 38 13.395526
120 39 14.161460
120 40 13.453517
120 41 14.363170
120 42 14.475422
120 43 11.311659
120 44 11.499517
120 45 14.674177
120 46 12.072160
120 47 13.867000
120 48 12.608980
120 49 13.973442
120 50 12.333701
120 51 14.312646
120 52 12.060603
120 53 12.109540
120 54 12.429577
120 55 11.279170
120 56 14.309723
120 57 11.392228
120 58 12.486425
120 59 14.634027
120 60 14.406426
120 61 14.569628
120 62 12.290367
120 63 12.755767
120 64 14.395322
120 65 12.748580
120 66 12.663214
120 67 11.211549
120 68 12.091813
120 69 14.511222
120 70 12.386246
120 71 11.913085
120 72 14.557763
120 73 12.194420
120 74 11.380362
120 75 11.689559
120 76 13.234318
120 77 12.577450
120 78 12.510296
120 79 11.400487
120 80 13.652928
120 81 11.409247
120 82 13.058381
120 83 14.584303
120 84 13.327576
120 85 12.120677
120 86 11.093056
120 87 13.756627
120 88 13.989029
120 89 13.216823
120 90 11.581974
120 91 12.444659
120 92 14.271917
120 93 14.595132
120 94 12.645086
120 95 12.871468
120 96 13.815883
120 97 13.310087
120 98 12.899887
120 99 13.003455
120 100 14.490922
120 101 12.557396
120 102 12.781099
120 103 11.225122
120 104 14.762689
120 105 11.334734
120 106 12.843157
120 107 12.693197
120 108 12.190977
120 109 13.596915
120 110 11.522252
120 111 12.503388
120 112 13.215218
120 113 13.639052
120 114 13.877322
120 115 13.579077
120 116 12.235096
120 117 14.547906
120 118 13.614235
120 119 11.033950
120 121 11.656810
120 122 13.249167
120 123 14.102681
120 124 14.804048
120 125 12.488371
120 126 13.873437
120 127 12.752857
120 128 13.691688
120 129 12.200722
120 130 11.935026
120 131 12.361798
120 132 13.356070
120 133 11.327632
120 134 13.929106
120 135 11.806667
120 136 11.213032
120 137 14.552827
120 138 12.489683
120 139 13.613052
120 140 11.977411
120 141 11.891774
120 142 14.596163
120 143 13.227633
120 144 11.391446
120 145 11.863046
120 146 13.613090
120 147 11.421974
120 148 12.453578
120 149 12.062944
120 150 12.974158
120 151 11.550308
120 152 14.665273
120 153 14.763697
120 154 11.790705
120 155 14.332903
120 156 13.253614
120 157 12.162900
120 158 11.050348
120 159 12.911444
120 160 11.746029
120 161 13.865905
120 162 14.284905
120 163 14.795400
120 164 12.122161
120 165 12.119483
120 166 13.995332
120 167 11.547753
120 168 11.425365
120 169 11.691176
120 170 11.950503
120 171 14.469495
120 172 12.362964
120 173 11.871408
120 174 13.442072
120 175 14.477939
120 176 13.983091
120 177 13.862742
120 178 13.270399
120 179 11.987296
120 180 14.520144
120 181 13.579841
120 182 14.353382
120 183 12.068939
120 184 13.055789
120 185 11.701716
120 186 12.456030
120 187 12.650879
120 188 11.478041
120 189 12.902906
120 190 14.165789
120 191 14.315493
120 192 11.541471
120 193 11.397468
120 194 10.992724
120 195 11.390363
120 196 13.339057
120 197 12.268680
120 198 13.812944
120 199 13.551572
120 200 13.117282
121 0 11.023236
121 1 10.978295
121 2 12.953699
121 3 13.966454
121 4 11.431663
121 5 11.133411
121 6 11.249688
121 7 13.523212
121 8 12.040157
121 9 12.464782
121 10 13.941458
121 11 14.785984
121 12 14.782427
121 13 12.655731
121 14 12.481753
121 15 13.686976
121 16 11.160320
121 17 14.402592
121 18 12.318173
121 19 14.215599
121 20 11.854031
121 21 14.704514
121 22 12.245115
121 23 11.510476
121 24 14.123696
121 25 12.267574
121 26 11.349798
121 27 11.708090
121 28 12.048469
121 29 12.551115
121 30 11.625195
121 31 12.835799
121 32 13.055176
121 33 14.792475
121 34 13.844074
121 35 14.420756
121 36 13.234848
121 37 14.723447
121 38 14.298499
121 39 14.236687
121 40 11.612966
121 41 12.115324
121 42 12.479198
121 43 12.669433
121 44 13.376227
121 45 11.041714
121 46 14.092403
121 47 13.279897
121 48 12.691363
121 49 13.942400
121 50 13.593766
121 51 14.692380
121 52 12.799744
121 53 12.465619
121 54 11.896988
121 55 14.086409
121 56 13.949273
121 57 11.914133
121 58 11.249701
121 59 14.105060
121 60 11.527888
121 61 12.908042
121 62 11.727944
121 63 13.556614
121 64 12.447382
121 65 13.401203
121 66 13.082701
121 67 13.669647
121 68 13.690546
121 69 14.292193
121 70 11.879598
121 71 11.791654
121 72 14.641925
121 73 13.222543
121 74 14.376172
121 75 12.886168
121 76 12.152886
121 77 11.624875
121 78 12.099226
121 79 11.733003
121 80 14.536960
121 81 11.152220
121 82 13.086336
121 83 13.850549
121 84 11.075898
121 85 14.476255
121 86 12.053395
121 87 11.937580
121 88 11.772917
121 89 13.131917
121 90 13.091801
121 91 14.782440
121 92 14.117883
121 93 13.464144
121 94 11.741005
121 95 13.075521
121 96 13.894058
121 97 14.784589
121 98 11.830297
121 99 13.324140
121 100 10.920804
121 101 12.649697
121 102 13.291658
121 103 13.824693
121 104 13.150198
121 105 13.190053
121 106 11.881280
121 107 11.005194
121 108 14.721302
121 109 13.549819
121 110 14.666896
121 111 10.980647
121 112 11.358670
121 113 12.678084
121 114 13.324052
121 115 12.230795
121 116 12.818160
121 117 14.123311
121 118 13.193022
121 119 10.975989
121 120 11.656810
121 122 11.484400
121 123 11.593340
121 124 14.175297
121 125 13.196052
121 126 13.037190
121 127 14.091610
121 128 11.083964
121 129 12.020019
121 130 14.695176
121 131 13.711080
121 132 12.977995
121 133 14.730927
121 134 10.936804
121 135 13.713363
121 136 13.584550
121 137 11.317239
121 138 13.437734
121 139 11.461430
121 140 14.294910
121 141 13.811891
121 142 13.018733
121 143 12.451234
121 144 13.453369
121 145 13.019183
121 146 13.786518
121 147 13.054474
121 148 11.928671
121 149 14.728416
121 150 12.451185
121 151 12.060306
121 152 13.027397
121 153 13.748886
121 154 14.691417
121 155 11.953954
121 156 11.626011
121 157 12.454378
121 158 14.680701
121 159 11.224851
121 160 14.579822
121 161 11.059714
121 162 14.593493
121 163 14.423839
121 164 11.496536
121 165 11.146238
121 166 11.997617
121 167 11.840819
121 168 14.286024
121 169 13.565107
121 170 11.980899
121 171 13.710746
121 172 11.669623
121 173 11.366853
121 174 12.984889
121 175 12.672541
121 176 14.394871
121 177 12.511639
121 178 11.148874
121 179 12.010869
121 180 12.547578
121 181 14.630492
121 182 13.965315
121 183 13.515202
121 184 14.445128
121 185 14.026627
121 186 11.567832
121 187 13.272904
121 188 14.342789
121 189 13.745913
121 190 13.029042
121 191 13.731178
121 192 13.070830
121 193 13.247781
121 194 13.867601
121 195 12.923187
121 196 12.086450
121 197 14.057673
121 198 13.742666
121 199 13.195620
121 200 11.076739
122 0 11.213840
122 1 12.841647
122 2 11.821478
122 3 14.260303
122 4 11.017303
122 5 11.055292
122 6 11.849420
122 7 14.514857
122 8 11.733880
122 9 12.542207
122 10 14.680490
122 11 14.595955
122 12 13.171509
122 13 13.952758
122 14 13.479187
122 15 11.283155
122 16 12.172567
122 17 13.013323
122 18 14.133345
122 19 13.082989
122 20 12.691379
122 21 12.152177
122 22 14.732615
122 23 11.699651
122 24 11.238055
122 25 13.692332
122 26 13.928532
122 27 12.731493
122 28 13.919021
122 29 14.524856
122 30 11.101188
122 31 12.075099
122 32 13.979960
122 33 12.887643
122 34 14.045907
122 35 14.612933
122 36 11.850847
122 37 12.636735
122 38 13.291537
122 39 14.473293
122 40 11.577928
122 41 11.110414
122 42 13.560186
122 43 12.363049
122 44 12.777494
122 45 14.617849
122 46 13.362924
122 47 13.504459
122 48 13.418331
122 49 14.185461
122 50 13.367751
122 51 11.936405
122 52 11.418458
122 53 11.048281
122 54 13.708124
122 55 14.745287
122 56 11.026863
122 57 13.249400
122 58 11.898779
122 59 12.815203
122 60 11.574219
122 61 13.134171
122 62 12.099026
122 63 14.359223
122 64 12.900052
122 65 11.224337
122 66 13.657075
122 67 14.605419
122 68 13.474695
122 69 13.839333
122 70 14.708620
122 71 11.271023
122 72 14.069026
122 73 14.230160
122 74 13.666832
122 75 13.810543
122 76 12.045020
122 77 11.084902
122 78 14.646861
122 79 13.589301
122 80 13.657304
122 81 13.094946
122 82 12.777505
122 83 10.991723
122 84 13.803320
122 85 14.021522
122 86 12.292479
122 87 11.144181
122 88 13.318982
122 89 11.215708
122 90 12.152891
122 91 10.940032
122 92 12.231557
122 93 13.622312
122 94 13.064608
122 95 12.061213
122 96 14.308126
122 97 11.014823
122 98 12.446471
122 99 13.267795
122 100 11.758060
122 101 12.010438
122 102 11.367488
122 103 11.128621
122 104 11.579902
122 105 12.137755
122 106 13.801015
122 107 11.620250
122 108 12.741093
122 109 11.426711
122 110 14.761587
122 111 11.035237
122 112 14.292866
122 113 11.886632
122 114 12.105283
122 115 11.503334
122 116 12.453553
122 117 14.304658
122 118 14.598912
122 119 11.215612
122 120 13.249167
122 121 11.484400
122 123 12.844042
122 124 13.751968
122 125 11.553248
122 126 12.445405
122 127 11.264140
122 128 12.645442
122 129 12.526172
122 130 13.365155
122 131 12.084630
122 132 12.700425
122 133 11.740958
122 134 10.965692
122 135 14.813764
122 136 12.782833
122 137 11.529586
122 138 13.579808
122 139 11.743808
122 140 14.135295
122 141 14.391644
122 142 12.400359
122 143 14.817874
122 144 11.734025
122 145 11.877059
122 146 12.305559
122 147 13.186144
122 148 13.587360
122 149 13.717085
122 150 11.964286
122 151 14.505778
122 152 13.508751
122 153 12.931328
122 154 14.153642
122 155 13.481036
122 156 12.819458
122 157 13.778837
122 158 12.563597
122 159 12.004328
122 160 14.684733
122 161 12.021699
122 162 11.516222
122 163 11.522230
122 164 12.584783
122 165 13.801242
122 166 13.080625
122 167 13.713900
122 168 14.376726
122 169 11.447235
122 170 12.533750
122 171 12.217384
122 172 13.688783
122 173 13.036767
122 174 11.943287
122 175 14.100597
122 176 14.410771
122 177 13.132062
122 178 12.273784
122 179 11.960844
122 180 11.392855
122 181 11.769336
122 182 13.698924
122 183 10.956024
122 184 13.314008
122 185 13.499586
122 186 14.432696
122 187 13.507457
122 188 13.505371
122 189 12.100634
122 190 14.603427
122 191 11.525633
122 192 13.544021
122 193 13.791478
122 194 13.619135
122 195 13.566399
122 196 14.554104
122 197 12.706368
122 198 13.811422
122 199 11.415678
122 200 11.977074
123 0 13.415284
123 1 14.266418
123 2 14.646495
123 3 14.485805
123 4 13.381500
123 5 11.490179
123 6 12.305033
123 7 13.176352
123 8 12.540052
123 9 13.887544
123 10 14.242641
123 11 13.761153
123 12 14.786196
123 13 12.328764
123 14 12.150616
123 15 13.055996
123 16 13.356962
123 17 14.497680
123 18 14.226479
123 19 12.205695
123 20 13.636875
123 21 14.266704
123 22 13.248655
123 23 12.471303
123 24 14.795284
123 25 12.497410
123 26 11.973809
123 27 14.408297
123 28 13.606988
123 29 11.271177
123 30 14.100861
123 31 12.038885
123 32 12.268561
123 33 14.660513
123 34 11.729566
123 35 14.319495
123 36 12.337261
123 37 14.491901
123 38 11.188231
123 39 13.946271
123 40 13.067123
123 41 11.297977
123 42 13.759866
123 43 14.006028
123 44 13.553743
123 45 14.118384
123 46 14.681609
123 47 11.673113
123 48 13.713037
123 49 11.296831
123 50 11.163697
123 51 14.306653
123 52 11.092422
123 53 11.840615
123 54 13.244812
123 55 13.977606
123 56 13.228229
123 57 13.225867
123 58 13.241903
123 59 12.920404
123 60 11.978607
123 61 13.795946
123 62 11.601614
123 63 11.059982
123 64 11.545337
123 65 13.069222
123 66 14.789443
123 67 11.952056
123 68 14.051134
123 69 13.979071
123 70 10.955875
123 71 12.385718
123 72 12.739323
123 73 13.192295
123 74 12.522646
123 75 12.830752
123 76 12.530670
123 77 13.212168
123 78 10.967451
123 79 14.065966
123 80 14.344994
123 81 11.748370
123 82 12.687439
123 83 12.442930
123 84 12.602536
123 85 11.460063
123 86 11.085004
123 87 13.245686
123 88 14.436491
123 89 12.500715
123 90 14.416762
123 91 14.054151
123 92 12.350722
123 93 14.158538
123 94 12.154091
123 95 11.577430
123 96 14.540873
123 97 14.206873
123 98 13.313486
123 99 11.631859
123 100 11.017512
123 101 11.112532
123 102 11.917078
123 103 14.208768
123 104 13.163183
123 105 14.217694
123 106 13.654935
123 107 14.443877
123 108 14.231802
123 109 13.732933
123 110 13.055764
123 111 10.984077
123 112 14.259814
123 113 11.841684
123 114 12.709423
123 115 14.137304
123 116 12.499302
123 117 12.936123
123 118 13.265837
123 119 11.277952
123 120 14.102681
123 121 11.593340
123 122 12.844042
123 124 14.462816
123 125 12.614238
123 126 13.813199
123 127 11.808301
123 128 11.905008
123 129 11.060203
123 130 13.775630
123 131 13.353035
123 132 13.294913
123 133 10.979205
123 134 14.353599
123 135 12.322884
123 136 13.629417
123 137 13.552024
123 138 13.482118
123 139 14.178282
123 140 13.883497
123 141 14.667695
123 142 13.606990
123 143 12.185455
123 144 11.287636
123 145 11.548139
123 146 14.667977
123 147 12.240110
123 148 12.208119
123 149 12.055901
123 150 14.580578
123 151 11.953285
123 152 13.046621
123 153 13.785878
123 154 14.469861
123 155 14.214090
123 156 13.953163
123 157 12.389106
123 158 11.995487
123 159 13.536514
123 160 11.292617
123 161 12.668857
123 162 11.664426
123 163 13.288617
123 164 12.058887
123 165 11.076110
123 166 11.252747
123 167 14.221903
123 168 12.093113
123 169 13.899559
123 170 13.403530
123 171 12.998678
123 172 11.013081
123 173 12.703934
123 174 12.800975
123 175 14.085356
123 176 13.921752
123 177 14.327326
123 178 11.268892
123 179 13.767226
123 180 11.304527
123 181 12.820621
123 182 12.622909
123 183 11.444227
123 184 14.530165
123 185 11.000363
123 186 13.174012
123 187 11.167034
123 188 12.416376
123 189 12.843322
123 190 14.458926
123 191 13.422666
123 192 11.536747
123 193 13.667745
123 194 13.990656
123 195 13.956480
123 196 13.685327
123 197 12.593112
123 198 11.250186
123 199 14.808228
123 200 13.130764
124 0 13.884193
124 1 13.689176
124 2 11.752455
124 3 11.192966
124 4 11.992338
124 5 11.015054
124 6 13.678210
124 7 14.189353
124 8 11.200938
124 9 11.338883
124 10 10.982871
124 11 14.269410
124 12 14.692819
124 13 11.124108
124 14 14.121312
124 15 14.763191
124 16 13.112937
124 17 11.884107
124 18 13.592061
124 19 11.862498
124 20 10.976331
124 21 14.138780
124 22 11.814098
124 23 11.554399
124 24 11.578801
124 25 11.116086
124 26 13.404502
124 27 11.200014
124 28 13.027193
124 29 11.171867
124 30 13.658790
124 31 14.693337
124 32 14.715768
124 33 11.136805
124 34 12.133741
124 35 11.706570
124 36 12.211068
124 37 14.465759
124 38 14.157841
124 39 13.255228
124 40 12.570386
124 41 14.383234
124 42 13.922740
124 43 12.654327
124 44 11.643534
124 45 12.976239
124 46 13.550343
124 47 11.884671
124 48 14.284866
124 49 14.690724
124 50 14.087936
124 51 11.740805
124 52 11.500170
124 53 13.325210
124 54 14.697870
124 55 13.650225
124 56 11.651000
124 57 13.798710
124 58 13.901243
124 59 12.944932
124 60 12.006699
124 61 11.733545
124 62 13.469796
124 63 14.735388
124 64 12.928366
124 65 11.152146
124 66 13.790800
124 67 13.004568
124 68 11.633423
124 69 11.623585
124 70 11.324545
124 71 14.210543
124 72 13.957397
124 73 11.421633
124 74 13.054353
124 75 13.053348
124 76 13.524647
124 77 11.976912
124 78 14.066939
124 79 11.340962
124 80 11.793691
124 81 12.864714
124 82 14.225799
124 83 14.601712
124 84 13.340487
124 85 13.129137
124 86 11.601930
124 87 12.433666
124 88 12.218865
124 89 12.127028
124 90 12.337373
124 91 12.721933
124 92 14.669216
124 93 13.613048
124 94 12.997653
124 95 11.557481
124 96 13.437501
124 97 10.920251
124 98 14.096586
124 99 14.261472
124 100 12.264530
124 101 12.343345
124 102 12.453597
124 103 14.092922
124 104 14.074185
124 105 12.048914
124 106 12.807198
124 107 14.603672
124 108 12.791773
124 109 13.843159
124 110 14.029182
124 111 11.921665
124 112 11.902614
124 113 13.202983
124 114 12.816679
124 115 12.187148
124 116 11.671220
124 117 14.500044
124 118 14.479149
124 119 12.847374
124 120 14.804048
124 121 14.175297
124 122 13.751968
124 123 14.462816
124 125 14.699381
124 126 12.195594
124 127 12.535238
124 128 12.719817
124 129 13.902704
124 130 11.031182
124 131 11.315979
124 132 13.652739
124 133 13.365051
124 134 13.150316
124 135 11.149922
124 136 12.044566
124 137 14.038123
124 138 14.563646
124 139 14.094079
124 140 11.644869
124 141 12.408057
124 142 11.969025
124 143 13.170839
124 144 12.119918
124 145 13.312747
124 146 12.709578
124 147 11.400115
124 148 14.077418
124 149 13.168603
124 150 14.578779
124 151 14.053614
124 152 12.467782
124 153 14.425756
124 154 13.638279
124 155 14.206246
124 156 13.113715
124 157 13.997568
124 158 13.861912
124 159 11.694683
124 160 13.892819
124 161 12.723414
124 162 11.402979
124 163 11.712640
124 164 14.056227
124 165 14.437212
124 166 14.387154
124 167 11.598741
124 168 12.631646
124 169 11.323714
124 170 12.924906
124 171 13.658575
124 172 13.396000
124 173 12.403329
124 174 12.411718
124 175 12.275552
124 176 13.764155
124 177 12.176979
124 178 11.496799
124 179 13.305358
124 180 14.528041
124 181 12.902653
124 182 13.207272
124 183 11.440538
124 184 13.410496
124 185 11.461588
124 186 11.588726
124 187 12.169198
124 188 11.954537
124 189 13.440587
124 190 14.748946
124 191 11.371947
124 192 12.904800
124 193 11.263140
124 194 12.171980
124 195 12.533653
124 196 13.436416
124 197 11.845470
124 198 13.150889
124 199 14.591128
124 200 12.022782
125 0 12.000998
125 1 13.217129
125 2 12.075039
125 3 12.761112
125 4 14.626573
125 5 14.236672
125 6 13.617522
125 7 14.302606
125 8 11.427069
125 9 11.225805
125 10 13.723873
125 11 12.879047
125 12 13.353660
125 13 11.317533
125 14 11.502407
125 15 12.245418
125 16 13.701628
125 17 13.187924
125 18 11.356858
125 19 13.865346
125 20 11.609896
125 21 11.369601
125 22 14.337038
125 23 12.874172
125 24 12.121827
125 25 12.843068
125 26 14.208186
125 27 14.743133
125 28 11.581364
125 29 13.461410
125 30 11.101693
125 31 14.710473
125 32 13.118986
125 33 13.219408
125 34 11.939900
125 35 13.081189
125 36 11.828652
125 37 12.515734
125 38 11.950735
125 39 12.904745
125 40 12.815862
125 41 11.139909
125 42 14.474242
125 43 12.050147
125 44 11.608455
125 45 11.428601
125 46 14.365876
125 47 13.367959
125 48 11.371852
125 49 11.311116
125 50 12.914432
125 51 12.026490
125 52 14.779135
125 53 14.165054
125 54 11.526143
125 55 13.292496
125 56 13.916656
125 57 11.657112
125 58 11.867389
125 59 12.455280
125 60 13.502847
125 61 11.395438
125 62 11.104905
125 63 13.766468
125 64 14.620956
125 65 14.064224
125 66 13.011234
125 67 12.486975
125 68 11.740749
125 69 13.589924
125 70 13.102547
125 71 12.743166
125 72 12.182250
125 73 12.086688
125 74 13.113281
125 75 12.761225
125 76 13.467336
125 77 14.579113
125 78 13.315887
125 79 12.394483
125 80 13.148138
125 81 12.873174
125 82 12.114114
125 83 14.314828
125 84 11.045734
125 85 13.469088
125 86 12.351212
125 87 11.899357
125 88 12.147936
125 89 14.109884
125 90 12.405924
125 91 13.386029
125 92 13.988370
125 93 11.701676
125 94 13.587105
125 95 13.387063
125 96 14.740107
125 97 14.681508
125 98 11.077230
125 99 11.378290
125 100 12.569611
125 101 12.982249
125 102 14.078114
125 103 14.521146
125 104 13.233211
125 105 12.732630
125 106 11.664831
125 107 14.112601
125 108 11.579393
125 109 13.061423
125 110 11.151391
125 111 13.565121
125 112 11.616676
125 113 11.959450
125 114 14.251750
125 115 14.029755
125 116 13.871998
125 117 13.234905
125 118 11.087492
125 119 11.342661
125 120 12.488371
125 121 13.196052
125 122 11.553248
125 123 12.614238
125 124 14.699381
125 126 14.448104
125 127 11.927172
125 128 12.345648
125 129 13.072490
125 130 12.282738
125 131 14.295390
125 132 13.503713
125 133 11.829599
125 134 11.431471
125 135 11.314132
125 136 12.726443
125 137 11.010092
125 138 14.083023
125 139 13.386493
125 140 14.645376
125 141 14.399905
125 142 13.451023
125 143 13.244990
125 144 13.825316
125 145 11.310568
125 146 13.048107
125 147 11.964822
125 148 13.019911
125 149 13.555448
125 150 11.896150
125 151 11.077062
125 152 12.409547
125 153 11.031536
125 154 12.528977
125 155 11.779938
125 156 14.120865
125 157 11.972588
125 158 14.696598
125 159 11.545184
125 160 11.970191
125 161 12.798649
125 162 14.618552
125 163 12.968044
125 164 14.113023
125 165 11.479177
125 166 11.665409
125 167 12.687410
125 168 11.218247
125 169 14.804269
125 170 13.272714
125 171 13.146842
125 172 13.931499
125 173 14.561891
125 174 13.263799
125 175 13.198342
125 176 14.029018
125 177 12.376204
125 178 13.077287
125 179 14.303097
125 180 14.396372
125 181 13.694069
125 182 12.657472
125 183 10.937431
125 184 14.230403
125 185 13.680141
125 186 11.257301
125 187 12.394190
125 188 12.280039
125 189 11.399031
125 190 13.291372
125 191 12.710764
125 192 13.315807
125 193 14.417706
125 194 14.302439
125 195 13.281898
125 196 14.775948
125 197 12.271372
125 198 11.891051
125 199 10.985762
125 200 11.621663
126 0 14.507176
126 1 14.547413
126 2 12.453468
126 3 11.630273
126 4 13.833955
126 5 13.626666
126 6 11.178628
126 7 11.423695
126 8 12.031005
126 9 13.767886
126 10 14.627002
126 11 12.547969
126 12 13.932226
126 13 12.591182
126 14 11.646618
126 15 12.338925
126 16 12.100007
126 17 12.206179
126 18 11.173800
126 19 14.643920
126 20 11.617969
126 21 14.168039
126 22 12.270606
126 23 14.124045
126 24 12.135893
126 25 13.886401
126 26 14.219291
126 27 14.570976
126 28 13.525308
126 29 11.244700
126 30 12.060634
126 31 13.109423
126 32 12.068326
126 33 13.621225
126 34 14.557004
126 35 13.979647
126 36 14.517765
126 37 12.619076
126 38 12.787345
126 39 13.355989
126 40 12.181836
126 41 14.492060
126 42 14.669863
126 43 11.028691
126 44 12.396818
126 45 12.810554
126 46 12.183689
126 47 12.440938
126 48 11.193467
126 49 12.121177
126 50 14.413782
126 51 11.210366
126 52 13.183980
126 53 14.762241
126 54 12.947245
126 55 14.809866
126 56 11.955078
126 57 13.250956
126 58 12.442968
126 59 13.035014
126 60 14.788031
126 61 12.493879
126 62 11.527022
126 63 12.161136
126 64 11.648612
126 65 11.532980
126 66 13.331672
126 67 14.124601
126 68 14.494757
126 69 14.719513
126 70 11.210717
126 71 14.339843
126 72 13.551273
126 73 11.128132
126 74 13.754754
126 75 14.529738
126 76 14.741697
126 77 11.680716
126 78 12.409563
126 79 12.852609
126 80 13.165205
126 81 12.922195
126 82 12.017470
126 83 12.841863
126 84 12.071521
126 85 11.455078
126 86 13.078741
126 87 14.035952
126 88 12.731993
126 89 11.700523
126 90 11.616889
126 91 13.683567
126 92 13.050240
126 93 11.426055
126 94 11.425827
126 95 13.075810
126 96 12.833788
126 97 14.286542
126 98 12.649239
126 99 14.316409
126 100 11.124744
126 101 14.117437
126 102 12.091358
126 103 13.363438
126 104 13.601953
126 105 13.515595
126 106 11.930457
126 107 13.899168
126 108 11.895639
126 109 10.965572
126 110 13.033790
126 111 11.431216
126 112 11.112950
126 113 11.071536
126 114 11.958654
126 115 14.327978
126 116 14.473836
126 117 12.530140
126 118 13.251996
126 119 12.108428
126 120 13.873437
126 121 13.037190
126 122 12.445405
126 123 13.813199
126 124 12.195594
126 125 14.448104
126 127 12.197300
126 128 10.985924
126 129 10.959832
126 130 13.425846
126 131 14.274832
126 132 11.810249
126 133 13.742544
126 134 12.146318
126 135 14.757298
126 136 12.718179
126 137 13.187185
126 138 14.330041
126 139 12.349421
126 140 12.786321
126 141 13.144392
126 142 14.132065
126 143 11.601483
126 144 12.182568
126 145 13.881496
126 146 12.720916
126 147 13.581730
126 148 10.931436
126 149 11.490470
126 150 13.162054
126 151 12.900571
126 152 10.945604
126 153 13.311560
126 154 14.100690
126 155 12.152668
126 156 10.928513
126 157 13.393316
126 158 13.295933
126 159 13.278934
126 160 11.543950
126 161 12.624248
126 162 11.631227
126 163 14.441018
126 164 12.229641
126 165 13.854582
126 166 12.690383
126 167 11.804268
126 168 14.363408
126 169 13.753196
126 170 12.420003
126 171 12.813279
126 172 11.178987
126 173 11.192830
126 174 14.218054
126 175 12.425811
126 176 13.373441
126 177 14.019972
126 178 14.000308
126 179 14.089848
126 180 11.015198
126 181 11.278083
126 182 11.378079
126 183 14.716011
126 184 12.509901
126 185 13.231381
126 186 13.804316
126 187 11.010551
126 188 13.513930
126 189 10.998353
126 190 13.626381
126 191 12.428077
126 192 14.586889
126 193 11.125195
126 194 11.863168
126 195 13.387159
126 196 12.157056
126 197 13.534136
126 198 13.332636
126 199 11.473941
126 200 13.982986
127 0 10.926360
127 1 13.538784
127 2 13.123209
127 3 14.614230
127 4 11.812190
127 5 11.126223
127 6 13.318069
127 7 13.870816
127 8 13.638622
127 9 13.476064
127 10 12.766519
127 11 11.668179
127 12 12.366544
127 13 14.659156
127 14 14.497084
127 15 11.619430
127 16 14.137567
127 17 14.221427
127 18 12.356539
127 19 14.450422
127 20 12.345128
127 21 11.914981
127 22 11.775286
127 23 12.031746
127 24 14.559261
127 25 12.052283
127 26 12.594371
127 27 11.358643
127 28 12.542630
127 29 11.716767
127 30 12.816867
127 31 14.651238
127 32 12.771411
127 33 12.861597
127 34 13.039070
127 35 14.389478
127 36 11.803693
127 37 13.730940
127 38 12.028297
127 39 12.916585
127 40 11.761179
127 41 13.212572
127 42 11.911323
127 43 11.141214
127 44 13.851263
127 45 11.997313
127 46 11.561080
127 47 12.624093
127 48 12.195482
127 49 13.906127
127 50 13.768010
127 51 13.493535
127 52 13.690200
127 53 12.576544
127 54 12.231425
127 55 12.658600
127 56 12.205097
127 57 13.534959
127 58 14.772332
127 59 13.807762
127 60 11.426067
127 61 11.762050
127 62 12.174882
127 63 12.105863
127 64 11.034013
127 65 13.798772
127 66 13.322516
127 67 12.303044
127 68 11.799288
127 69 13.154355
127 70 12.904957
127 71 13.951444
127 72 14.326402
127 73 12.063631
127 74 11.145048
127 75 11.487773
127 76 12.936205
127 77 11.737711
127 78 14.510076
127 79 14.657203
127 80 11.800461
127 81 14.105284
127 82 12.873055
127 83 14.570803
127 84 12.977875
127 85 11.020989
127 86 12.547978
127 87 13.547037
127 88 12.414467
127 89 12.312684
127 90 12.736811
127 91 14.474214
127 92 12.744579
127 93 11.284692
127 94 12.115651
127 95 14.673809
127 96 13.825665
127 97 12.904582
127 98 10.973831
127 99 12.242951
127 100 11.596552
127 101 13.212430
127 102 13.489532
127 103 13.018567
127 104 12.370027
127 105 13.292919
127 106 11.894419
127 107 14.376967
127 108 12.073329
127 109 12.010413
127 110 11.834569
127 111 13.646738
127 112 14.232609
127 113 11.295717
127 114 14.072733
127 115 13.069679
127 116 11.943280
127 117 13.448347
127 118 14.490663
127 119 12.634443
127 120 12.752857
127 121 14.091610
127 122 11.264140
127 123 11.808301
127 124 12.535238
127 125 11.927172
127 126 12.197300
127 128 12.348908
127 129 11.993135
127 130 13.889985
127 131 13.366346
127 132 11.917320
127 133 11.336273
127 134 13.979920
127 135 12.957049
127 136 12.275003
127 137 13.996882
127 138 12.651555
127 139 12.208190
127 140 13.847222
127 141 13.874163
127 142 13.918982
127 143 10.937908
127 144 11.100139
127 145 14.486476
127 146 14.076023
127 147 12.056268
127 148 12.177112
127 149 14.636632
127 150 11.760826
127 151 11.526085
127 152 13.368856
127 153 13.504674
127 154 11.465262
127 155 14.803307
127 156 12.286512
127 157 12.556651
127 158 13.902740
127 159 12.343791
127 160 13.598860
127 161 12.935832
127 162 12.898853
127 163 11.496553
127 164 12.861870
127 165 11.299744
127 166 12.075034
127 167 12.272866
127 168 12.101999
127 169 11.099967
127 170 14.800812
127 171 14.165685
127 172 12.550886
127 173 13.884328
127 174 11.951839
127 175 12.975264
127 176 13.180575
127 177 13.394751
127 178 14.264275
127 179 13.041306
127 180 12.053882
127 181 10.980092
127 182 12.794175
127 183 11.531725
127 184 14.216927
127 185 13.500397
127 186 12.916610
127 187 13.068146
127 188 14.416063
127 189 12.580458
127 190 14.774946
127 191 12.345714
127 192 14.710746
127 193 12.403589
127 194 13.876035
127 195 11.590834
127 196 13.706041
127 197 13.306088
127 198 14.688271
127 199 13.454574
127 200 13.992138
128 0 12.161035
128 1 13.690630
128 2 14.110169
128 3 11.332872
128 4 12.862608
128 5 14.145832
128 6 11.101869
128 7 13.455062
128 8 11.932807
128 9 11.183402
128 10 12.953402
128 11 13.986454
128 12 13.227353
128 13 12.646956
128 14 12.180946
128 15 14.315460
128 16 14.810668
128 17 11.400349
128 18 12.028948
128 19 14.744114
128 20 14.363342
128 21 11.843969
128 22 11.389183
128 23 12.964703
128 24 14.066286
128 25 13.184182
128 26 14.221730
128 27 13.736907
128 28 14.644179
128 29 13.512796
128 30 11.673258
128 31 11.982819
128 32 13.612987
128 33 12.158710
128 34 13.570459
128 35 13.996169
128 36 13.956988
128 37 12.782377
128 38 11.132602
128 39 13.559379
128 40 14.670246
128 41 14.652102
128 42 12.640363
128 43 12.178982
128 44 12.048326
128 45 13.840390
128 46 14.662073
128 47 13.987417
128 48 11.668268
128 49 13.232947
128 50 11.065723
128 51 14.173653
128 52 13.211669
128 53 12.251942
128 54 11.108378
128 55 10.928938
128 56 12.646640
128 57 14.012330
128 58 12.397091
128 59 11.778158
128 60 13.402877
128 61 14.483310
128 62 12.844058
128 63 13.056506
128 64 13.971825
128 65 14.725746
128 66 12.098475
128 67 12.327793
128 68 12.607508
128 69 14.765738
128 70 12.511373
128 71 13.126542
128 72 11.536160
128 73 11.875043
128 74 13.791564
128 75 13.126006
128 76 14.723398
128 77 13.985876
128 78 11.231343
128 79 14.775322
128 80 12.812768
128 81 14.045138
128 82 13.293749
128 83 13.752017
128 84 12.340200
128 85 14.418616
128 86 12.417203
128 87 14.611895
128 88 14.456597
128 89 13.378860
128 90 11.214304
128 91 12.369671
128 92 12.731463
128 93 11.584813
128 94 13.214591
128 95 14.797143
128 96 12.076452
128 97 12.136509
128 98 13.310777
128 99 12.683154
128 100 14.080012
128 101 12.324625
128 102 11.847202
128 103 12.473409
128 104 13.761557
128 105 12.394287
128 106 13.263403
128 107 14.519917
128 108 12.254572
128 109 11.903851
128 110 12.018460
128 111 13.557607
128 112 11.533627
128 113 12.200676
128 114 13.445956
128 115 13.025395
128 116 12.482006
128 117 11.101304
128 118 11.087433
128 119 13.306247
128 120 13.691688
128 121 11.083964
128 122 12.645442
128 123 11.905008
128 124 12.719817
128 125 12.345648
128 126 10.985924
128 127 12.348908
128 129 12.802720
128 130 13.282108
128 131 13.379032
128 132 13.820471
128 133 13.446373
128 134 11.665177
128 135 13.231964
128 136 14.344121
128 137 12.524663
128 138 11.090878
128 139 14.538181
128 140 11.717575
128 141 14.597994
128 142 12.669312
128 143 14.109226
128 144 11.244236
128 145 12.620034
128 146 13.172305
128 147 12.504568
128 148 14.784849
128 149 13.898428
128 150 10.986911
128 151 13.836444
128 152 13.738286
128 153 11.781392
128 154 11.203674
128 155 12.514572
128 156 12.227552
128 157 11.866846
128 158 11.722547
128 159 11.097479
128 160 14.281996
128 161 11.601424
128 162 11.941270
128 163 13.320813
128 164 12.869825
128 165 12.495090
128 166 11.562128
128 167 11.442130
128 168 11.826346
128 169 13.950255
128 170 13.419697
128 171 13.300677
128 172 14.165636
128 173 13.740148
128 174 12.959249
128 175 14.385946
128 176 13.288975
128 177 12.321449
128 178 14.428890
128 179 12.282023
128 180 12.992861
128 181 13.580387
128 182 11.851274
128 183 13.837184
128 184 12.470275
128 185 11.190884
128 186 11.601813
128 187 13.597836
128 188 14.582164
128 189 13.018612
128 190 11.130288
128 191 13.954031
128 192 12.192314
128 193 12.305323
128 194 11.634944
128 195 14.355651
128 196 13.077751
128 197 13.844586
128 198 12.342719
128 199 11.757202
128 200 12.180741
129 0 11.238962
129 1 11.879390
129 2 13.976217
129 3 12.938242
129 4 13.535868
129 5 14.296738
129 6 11.389145
129 7 12.003311
129 8 14.399642
129 9 14.417482
129 10 14.048722
129 11 11.075293
129 12 11.854488
129 13 14.250118
129 14 13.432221
129 15 11.425184
129 16 12.574333
129 17 13.462358
129 18 12.728647
129 19 11.849077
129 20 11.097870
129 21 13.240246
129 22 11.784297
129 23 13.712871
129 24 13.877229
129 25 13.587165
129 26 11.896597
129 27 14.647880
129 28 12.901741
129 29 12.093183
129 30 13.583544
129 31 12.850828
129 32 11.325527
129 33 13.381884
129 34 13.501848
129 35 12.688882
129 36 12.196465
129 37 11.387498
129 38 13.171455
129 39 12.980000
129 40 14.293791
129 41 11.872256
129 42 13.381263
129 43 11.759093
129 44 12.479930
129 45 10.983893
129 46 11.788356
129 47 11.304047
129 48 12.264361
129 49 13.309839
129 50 10.927599
129 51 12.686038
129 52 11.227964
129 53 13.450878
129 54 14.017285
129 55 13.190925
129 56 12.373083
129 57 14.129021
129 58 11.102885
129 59 11.501344
129 60 11.634006
129 61 13.812063
129 62 11.352806
129 63 14.547652
129 64 14.008974
129 65 14.323397
129 66 13.566034
129 67 11.303875
129 68 13.016907
129 69 12.273032
129 70 11.861563
129 71 11.694498
129 72 12.133226
129 73 12.979477
129 74 11.200938
129 75 13.825798
129 76 13.992322
129 77 14.127349
129 78 11.997203
129 79 12.365397
129 80 14.498131
129 81 12.580787
129 82 13.625050
129 83 14.740969
129 84 11.520725
129 85 12.698312
129 86 13.235335
129 87 13.430599
129 88 13.888156
129 89 12.431910
129 90 14.177311
129 91 14.407054
129 92 12.844930
129 93 14.367984
129 94 14.150416
129 95 11.543567
129 96 12.828180
129 97 12.733855
129 98 11.354875
129 99 12.193146
129 100 12.427626
129 101 11.449452
129 102 13.288174
129 103 11.146228
129 104 12.210922
129 105 14.539146
129 106 14.665199
129 107 11.278953
129 108 14.750699
129 109 11.145118
129 110 12.288965
129 111 11.309158
129 112 13.086811
129 113 12.851044
129 114 11.769591
129 115 11.379648
129 116 14.179396
129 117 11.583792
129 118 12.558938
129 119 14.024676
129 120 12.200722
129 121 12.020019
129 122 12.526172
129 123 11.060203
129 124 13.902704
129 125 13.072490
129 126 10.959832
129 127 11.993135
129 128 12.802720
129 130 14.388209
129 131 14.294438
129 132 13.708952
129 133 13.930553
129 134 11.896735
129 135 12.149704
129 136 13.462631
129 137 13.191788
129 138 11.976281
129 139 13.558101
129 140 13.282616
129 141 12.120069
129 142 14.612831
129 143 13.895845
129 144 12.803392
129 145 13.992348
129 146 14.055697
129 147 12.012343
129 148 13.072128
129 149 13.164344
129 150 12.225744
129 151 12.862642
129 152 12.927898
129 153 12.197646
129 154 12.276882
129 155 12.330816
129 156 11.690022
129 157 13.931092
129 158 11.901899
129 159 11.975878
129 160 14.721930
129 161 14.182518
129 162 13.478906
129 163 12.099662
129 164 13.668457
129 165 11.772445
129 166 11.422677
129 167 13.086314
129 168 11.443801
129 169 11.580198
129 170 14.047153
129 171 12.141860
129 172 14.238506
129 173 11.737216
129 174 13.047204
129 175 12.227591
129 176 13.973067
129 177 10.925960
129 178 13.412666
129 179 11.614590
129 180 12.786367
129 181 14.594199
129 182 12.813227
129 183 12.373661
129 184 12.650875
129 185 12.335219
129 186 12.690279
129 187 11.893583
129 188 12.889089
129 189 12.732697
129 190 13.978063
129 191 11.298760
129 192 14.326615
129 193 11.774647
129 194 11.683762
129 195 12.974944
129 196 11.052909
129 197 14.800705
129 198 14.132998
129 199 12.689429
129 200 12.783552
130 0 11.794842
130 1 12.811786
130 2 13.276126
130 3 11.054373
130 4 12.787890
130 5 12.806827
130 6 11.039115
130 7 12.422996
130 8 12.991913
130 9 11.943221
130 10 13.696374
130 11 13.495788
130 12 11.790834
130 13 14.673367
130 14 12.168111
130 15 11.769157
130 16 11.292091
130 17 11.339529
130 18 11.871001
130 19 13.611453
130 20 12.002770
130 21 11.557625
130 22 11.655480
130 23 14.222141
130 24 12.305691
130 25 12.910014
130 26 13.171591
130 27 14.424040
130 28 13.782670
130 29 12.740415
130 30 13.861285
130 31 13.428252
130 32 14.423246
130 33 14.556529
130 34 11.733874
130 35 13.507407
130 36 12.879370
130 37 14.175881
130 38 11.749095
130 39 11.134597
130 40 13.860599
130 41 13.943054
130 42 13.407046
130 43 12.036899
130 44 13.845882
130 45 14.207655
130 46 14.570357
130 47 14.332330
130 48 14.806477
130 49 11.895019
130 50 11.153699
130 51 13.355489
130 52 12.232629
130 53 12.741096
130 54 13.132227
130 55 14.477942
130 56 14.048352
130 57 14.477486
130 58 12.859822
130 59 12.250894
130 60 14.777354
130 61 11.564071
130 62 12.060193
130 63 14.763809
130 64 12.700947
130 65 11.536933
130 66 13.869709
130 67 11.356120
130 68 14.411631
130 69 11.957261
130 70 14.635158
130 71 14.050670
130 72 12.171161
130 73 13.896489
130 74 13.937789
130 75 14.359160
130 76 11.503765
130 77 13.378352
130 78 11.373097
130 79 14.448727
130 80 11.310390
130 81 14.456427
130 82 11.053710
130 83 11.519532
130 84 11.894275
130 85 12.134977
130 86 13.579021
130 87 11.121809
130 88 14.072436
130 89 11.442793
130 90 12.889096
130 91 13.395856
130 92 14.762733
130 93 11.546618
130 94 11.177481
130 95 14.717294
130 96 11.470912
130 97 14.425062
130 98 14.286829
130 99 13.030155
130 100 14.065874
130 101 12.090179
130 102 12.679272
130 103 13.598284
130 104 13.026179
130 105 11.080115
130 106 12.959241
130 107 13.194133
130 108 14.684230
130 109 12.177839
130 110 12.401896
130 111 14.630002
130 112 13.461820
130 113 13.626041
130 114 13.187113
130 115 14.456533
130 116 14.283688
130 117 14.417202
130 118 12.575474
130 119 12.346665
130 120 11.935026
130 121 14.695176
130 122 13.365155
130 123 13.775630
130 124 11.031182
130 125 12.282738
130 126 13.425846
130 127 13.889985
130 128 13.282108
130 129 14.388209
130 131 11.822106
130 132 11.780178
130 133 13.146929
130 134 11.530242
130 135 13.653899
130 136 13.430888
130 137 13.324299
130 138 14.224712
130 139 13.528253
130 140 11.961841
130 141 10.956208
130 142 13.863597
130 143 12.419387
130 144 13.400405
130 145 14.017682
130 146 14.426040
130 147 14.806409
130 148 11.624592
130 149 14.698301
130 150 12.037646
130 151 12.754813
130 152 12.746533
130 153 14.771680
130 154 12.881692
130 155 11.228478
130 156 11.942278
130 157 11.311752
130 158 12.784764
130 159 12.017752
130 160 13.624526
130 161 13.435398
130 162 11.299925
130 163 12.865593
130 164 11.748835
130 165 12.855361
130 166 14.024896
130 167 14.010532
130 168 14.774595
130 169 11.535454
130 170 11.911768
130 171 11.914648
130 172 12.669386
130 173 14.500422
130 174 13.186014
130 175 14.440244
130 176 14.041941
130 177 13.700859
130 178 11.520979
130 179 13.547860
130 180 11.849921
130 181 14.470384
130 182 12.125394
130 183 12.535565
130 184 13.053556
130 185 13.372889
130 186 12.977313
130 187 12.445523
130 188 12.433174
130 189 14.221505
130 190 13.471700
130 191 12.415283
130 192 11.127398
130 193 12.111113
130 194 13.045834
130 195 13.965731
130 196 14.365866
130 197 13.624562
130 198 14.539939
130 199 13.728006
130 200 13.748702
131 0 13.811877
131 1 14.501300
131 2 12.318064
131 3 12.877097
131 4 11.747632
131 5 14.750381
131 6 11.351654
131 7 11.749539
131 8 13.093225
131 9 14.683413
131 10 14.291714
131 11 13.863603
131 12 12.682190
131 13 11.754409
131 14 13.311662
131 15 12.016399
131 16 13.093190
131 17 11.906767
131 18 12.418290
131 19 13.659712
131 20 13.563569
131 21 13.329358
131 22 11.883196
131 23 12.305635
131 24 11.714106
131 25 11.445189
131 26 13.506347
131 27 10.945025
131 28 14.091262
131 29 11.663532
131 30 11.903743
131 31 14.254039
131 32 12.463577
131 33 11.797349
131 34 12.339123
131 35 11.776622
131 36 12.341248
131 37 13.430798
131 38 11.592039
131 39 12.365823
131 40 13.989409
131 41 14.053267
131 42 11.271949
131 43 12.667828
131 44 14.064644
131 45 14.164755
131 46 12.941492
131 47 11.008196
131 48 14.344996
131 49 11.094483
131 50 12.583883
131 51 13.070740
131 52 13.564586
131 53 11.700228
131 54 13.887245
131 55 13.896619
131 56 14.588805
131 57 11.302660
131 58 13.134437
131 59 11.705156
131 60 11.440480
131 61 12.409764
131 62 12.788494
131 63 11.864536
131 64 12.923282
131 65 12.300885
131 66 13.261157
131 67 12.083115
131 68 13.315216
131 69 14.287521
131 70 13.295282
131 71 11.043816
131 72 12.052458
131 73 14.499362
131 74 13.843944
131 75 11.397886
131 76 14.241786
131 77 12.977738
131 78 11.058109
131 79 13.768192
131 80 12.001924
131 81 11.132249
131 82 12.063131
131 83 14.069244
131 84 11.552038
131 85 10.941991
131 86 14.415870
131 87 13.460988
131 88 11.339821
131 89 13.908067
131 90 13.908948
131 91 10.924930
131 92 14.224216
131 93 11.897201
131 94 13.524491
131 95 14.354962
131 96 12.752400
131 97 11.773409
131 98 12.716790
131 99 13.247236
131 100 12.543076
131 101 13.621153
131 102 13.616287
131 103 13.503440
131 104 12.435916
131 105 13.572923
131 106 12.593517
131 107 11.420175
131 108 12.736823
131 109 14.264655
131 110 12.919160
131 111 12.412918
131 112 13.811610
131 113 14.405866
131 114 14.581363
131 115 11.246340
131 116 13.599009
131 117 14.145067
131 118 13.331741
131 119 13.050130
131 120 12.361798
131 121 13.711080
131 122 12.084630
131 123 13.353035
131 124 11.315979
131 125 14.295390
131 126 14.274832
131 127 13.366346
131 128 13.379032
131 129 14.294438
131 130 11.822106
131 132 13.285999
131 133 11.917936
131 134 11.985725
131 135 10.996673
131 136 13.696305
131 137 11.213573
131 138 13.235190
131 139 12.068246
131 140 13.498833
131 141 14.639969
131 142 12.558855
131 143 13.773415
131 144 12.633662
131 145 12.239493
131 146 13.655414
131 147 12.916168
131 148 12.506705
131 149 12.329388
131 150 14.638673
131 151 12.410692
131 152 11.788935
131 153 11.005530
131 154 14.812634
131 155 11.189248
131 156 11.597648
131 157 11.264680
131 158 11.949279
131 159 13.603618
131 160 13.415487
131 161 12.168544
131 162 12.270304
131 163 13.768613
131 164 13.579524
131 165 13.644638
131 166 11.524525
131 167 14.277432
131 168 13.952917
131 169 11.270154
131 170 14.696838
131 171 14.258760
131 172 11.120427
131 173 13.577570
131 174 14.731240
131 175 11.856766
131 176 13.009872
131 177 11.230999
131 178 12.397774
131 179 11.532128
131 180 11.065221
131 181 11.770552
131 182 12.701106
131 183 14.037610
131 184 13.238001
131 185 13.267028
131 186 12.867971
131 187 13.389641
131 188 12.602751
131 189 11.243224
131 190 12.385264
131 191 13.714811
131 192 14.452776
131 193 12.136254
131 194 11.946973
131 195 13.225215
131 196 11.596024
131 197 12.815220
131 198 11.700468
131 199 12.473179
131 200 12.953327
132 0 14.691911
132 1 13.600527
132 2 10.941548
132 3 12.852912
132 4 12.591935
132 5 12.063154
132 6 14.065231
132 7 12.982749
132 8 13.870107
132 9 14.321569
132 10 11.140787
132 11 12.604313
132 12 11.329146
132 13 11.559244
132 14 12.821099
132 15 11.795975
132 16 14.306113
132 17 14.494476
132 18 12.081832
132 19 14.269694
132 20 14.665020
132 21 13.204200
132 22 11.179772
132 23 13.554699
132 24 14.035036
132 25 11.146068
132 26 12.218306
132 27 11.213679
132 28 12.445058
132 29 13.164918
132 30 14.561573
132 31 14.373831
132 32 11.314977
132 33 11.698374
132 34 13.226884
132 35 12.530296
132 36 13.197257
132 37 11.114165
132 38 12.860383
132 39 11.986395
132 40 13.386194
132 41 12.722846
132 42 13.325711
132 43 10.977011
132 44 11.462844
132 45 13.497652
132 46 14.394112
132 47 14.699465
132 48 12.443044
132 49 13.633283
132 50 14.245306
132 51 11.213716
132 52 11.871613
132 53 11.664765
132 54 13.581779
132 55 11.250551
132 56 11.506031
132 57 12.824486
132 58 13.081263
132 59 13.064173
132 60 14.334580
132 61 12.768753
132 62 11.834692
132 63 14.521225
132 64 12.056445
132 65 12.859968
132 66 13.667147
132 67 11.983594
132 68 11.465550
132 69 12.402064
132 70 14.336700
132 71 11.003005
132 72 13.785914
132 73 14.222931
132 74 13.450878
132 75 11.705307
132 76 12.353036
132 77 14.055296
132 78 11.444567
132 79 12.503351
132 80 12.029646
132 81 13.352868
132 82 11.936844
132 83 14.715047
132 84 14.676606
132 85 12.753664
132 86 13.728019
132 87 13.794412
132 88 12.748023
132 89 13.371507
132 90 12.249732
132 91 14.526585
132 92 11.214917
132 93 14.427273
132 94 14.643142
132 95 11.161607
132 96 12.691207
132 97 11.661339
132 98 14.282789
132 99 14.040305
132 100 12.423313
132 101 11.033001
132 102 11.679248
132 103 13.465220
132 104 12.008930
132 105 13.464525
132 106 13.325341
132 107 12.051730
132 108 14.579547
132 109 12.369264
132 110 13.344245
132 111 13.705127
132 112 11.658770
132 113 12.959857
132 114 12.753422
132 115 11.422618
132 116 12.384366
132 117 11.554327
132 118 11.694471
132 119 12.813987
132 120 13.356070
132 121 12.977995
132 122 12.700425
132 123 13.294913
132 124 13.652739
132 125 13.503713
132 126 11.810249
132 127 11.917320
132 128 13.820471
132 129 13.708952
132 130 11.780178
132 131 13.285999
132 133 11.385979
132 134 14.325747
132 135 11.289982
132 136 12.910589
132 137 14.548206
132 138 12.222475
132 139 13.223617
132 140 13.058371
132 141 11.737402
132 142 13.577048
132 143 12.947812
132 144 14.072768
132 145 12.198021
132 146 12.211573
132 147 12.533538
132 148 12.579951
132 149 12.075909
132 150 12.202062
132 151 11.598033
132 152 12.597784
132 153 13.824075
132 154 12.929263
132 155 11.115141
132 156 13.559826
132 157 13.656512
132 158 14.248005
132 159 13.953622
132 160 11.916364
132 161 14.351371
132 162 14.051923
132 163 14.681399
132 164 11.860669
132 165 11.867648
132 166 13.909648
132 167 14.514421
132 168 14.023369
132 169 12.155781
132 170 14.448449
132 171 13.140799
132 172 11.580796
132 173 13.458400
132 174 11.354818
132 175 12.818284
132 176 11.339810
132 177 13.933024
132 178 11.355822
132 179 13.333036
132 180 12.685926
132 181 13.361381
132 182 11.065420
132 183 12.628299
132 184 11.033738
132 185 13.639092
132 186 14.667629
132 187 14.760786
132 188 12.282947
132 189 13.962635
132 190 13.422022
132 191 11.399047
132 192 13.348208
132 193 12.718191
132 194 12.263382
132 195 11.608376
132 196 13.776812
132 197 11.498635
132 198 11.176622
132 199 13.833180
132 200 11.166735
133 0 14.043415
133 1 11.338532
133 2 12.410387
133 3 11.935269
133 4 13.756453
133 5 11.812573
133 6 12.953432
133 7 14.236744
133 8 12.924604
133 9 13.150132
133 10 13.422945
133 11 12.702784
133 12 11.043475
133 13 14.809910
133 14 12.170903
133 15 14.685637
133 16 14.418110
133 17 11.674091
133 18 13.284259
133 19 13.177666
133 20 10.972502
133 21 11.627261
133 22 12.119422
133 23 13.320291
133 24 11.306628
133 25 12.002513
133 26 11.944769
133 27 13.496171
133 28 14.028997
133 29 13.019762
133 30 14.663432
133 31 11.467395
133 32 13.980708
133 33 11.128795
133 34 12.489858
133 35 13.969130
133 36 11.078182
133 37 11.889744
133 38 12.403880
133 39 11.405304
133 40 14.426082
133 41 13.631933
133 42 13.006716
133 43 12.819436
133 44 11.782414
133 45 14.750765
133 46 14.236988
133 47 13.846460
133 48 13.455843
133 49 11.891136
133 50 12.056766
133 51 11.588184
133 52 14.665921
133 53 12.764290
133 54 14.328287
133 55 14.093538
133 56 12.481135
133 57 11.664091
133 58 12.265438
133 59 14.674387
133 60 12.622376
133 61 11.371101
133 62 14.589414
133 63 11.604967
133 64 11.933361
133 65 11.269304
133 66 12.126624
133 67 13.610026
133 68 12.266124
133 69 12.108305
133 70 12.441799
133 71 13.235959
133 72 11.745395
133 73 11.959650
133 74 14.676275
133 75 11.704365
133 76 12.152624
133 77 11.143024
133 78 12.584944
133 79 13.822457
133 80 13.221315
133 81 14.374900
133 82 14.414079
133 83 13.679997
133 84 12.273718
133 85 11.580758
133 86 14.700501
133 87 12.114537
133 88 11.768515
133 89 12.019743
133 90 14.086997
133 91 14.509740
133 92 11.946050
133 93 12.624650
133 94 10.999695
133 95 13.728169
133 96 13.180504
133 97 11.731928
133 98 13.289990
133 99 13.427210
133 100 13.183887
133 101 12.526616
133 102 12.858985
133 103 14.051101
133 104 13.898131
133 105 14.668205
133 106 11.755434
133 107 14.726071
133 108 14.127748
133 109 13.274900
133 110 12.931715
133 111 11.051963
133 112 12.411367
133 113 12.510156
133 114 10.970774
133 115 11.530637
133 116 10.995709
133 117 12.406715
133 118 11.281076
133 119 13.671990
133 120 11.327632
133 121 14.730927
133 122 11.740958
133 123 10.979205
133 124 13.365051
133 125 11.829599
133 126 13.742544
133 127 11.336273
133 128 13.446373
133 129 13.930553
133 130 13.146929
133 131 11.917936
133 132 11.385979
133 134 12.736549
133 135 13.444324
133 136 13.521261
133 137 13.254380
133 138 11.731483
133 139 13.535155
133 140 12.858972
133 141 14.775824
133 142 13.438919
133 143 13.438699
133 144 11.205928
133 145 12.692308
133 146 13.618934
133 147 11.887631
133 148 13.164030
133 149 14.642330
133 150 13.419873
133 151 11.571571
133 152 11.390502
133 153 12.521487
133 154 12.954370
133 155 13.769733
133 156 13.714937
133 157 13.862548
133 158 13.299421
133 159 11.672092
133 160 11.119996
133 161 13.341086
133 162 13.563684
133 163 14.212108
133 164 12.083793
133 165 10.925053
133 166 13.609748
133 167 11.332526
133 168 13.130099
133 169 14.638434
133 170 12.535119
133 171 13.200950
133 172 12.230143
133 173 11.228010
133 174 11.707655
133 175 13.102061
133 176 11.864177
133 177 10.970099
133 178 14.379454
133 179 12.154611
133 180 10.952093
133 181 11.140290
133 182 11.536040
133 183 14.717371
133 184 13.093057
133 185 13.344364
133 186 13.033198
133 187 11.357541
133 188 14.707915
133 189 12.145575
133 190 12.077168
133 191 10.926267
133 192 13.601201
133 193 14.409493
133 194 11.731749
133 195 12.126709
133 196 14.778473
133 197 11.523428
133 198 14.663908
133 199 13.150444
133 200 14.047686
134 0 12.749032
134 1 14.708106
134 2 12.512250
134 3 12.009202
134 4 13.192814
134 5 12.837116
134 6 12.864257
134 7 12.625457
134 8 11.355692
134 9 14.037232
134 10 12.061559
134 11 12.849969
134 12 11.283135
134 13 14.486304
134 14 12.561686
134 15 14.079934
134 16 14.617481
134 17 12.714373
134 18 14.375219
134 19 12.934323
134 20 11.534434
134 21 12.713781
134 22 12.391787
134 23 10.961725
134 24 12.715262
134 25 14.441380
134 26 12.677884
134 27 11.335535
134 28 13.719640
134 29 14.679545
134 30 11.621674
134 31 14.436710
134 32 12.698840
134 33 13.967137
134 34 10.979985
134 35 12.804846
134 36 11.063622
134 37 12.249275
134 38 13.817502
134 39 14.471291
134 40 11.004917
134 41 11.537293
134 42 14.744274
134 43 11.435062
134 44 13.098142
134 45 14.796433
134 46 11.253776
134 47 13.002637
134 48 13.178419
134 49 14.359296
134 50 13.603399
134 51 12.031853
134 52 12.345694
134 53 14.583244
134 54 12.887924
134 55 11.016663
134 56 12.195454
134 57 10.957503
134 58 11.824163
134 59 12.591443
134 60 11.716053
134 61 12.160840
134 62 13.057056
134 63 13.654444
134 64 13.964940
134 65 12.654191
134 66 12.617790
134 67 13.813123
134 68 12.808618
134 69 13.913580
134 70 13.664009
134 71 12.057976
134 72 14.785814
134 73 14.109151
134 74 14.305217
134 75 11.866062
134 76 14.101066
134 77 11.704160
134 78 14.562830
134 79 11.415210
134 80 11.466237
134 81 13.207317
134 82 12.562483
134 83 13.111571
134 84 13.990331
134 85 11.934073
134 86 12.853168
134 87 12.758471
134 88 12.791852
134 89 12.407255
134 90 11.107985
134 91 11.832886
134 92 14.735856
134 93 11.147725
134 94 11.726165
134 95 14.286873
134 96 13.383987
134 97 12.454383
134 98 14.242239
134 99 11.233170
134 100 11.304992
134 101 14.644581
134 102 13.181164
134 103 12.519568
134 104 14.008502
134 105 12.224035
134 106 11.222555
134 107 11.280199
134 108 11.334928
134 109 12.504331
134 110 13.807829
134 111 13.652166
134 112 13.265654
134 113 11.416613
134 114 11.426186
134 115 13.623871
134 116 10.921933
134 117 14.484270
134 118 12.537365
134 119 11.966845
134 120 13.929106
134 121 10.936804
134 122 10.965692
134 123 14.353599
134 124 13.150316
134 125 11.431471
134 126 12.146318
134 127 13.979920
134 128 11.665177
134 129 11.896735
134 130 11.530242
134 131 11.985725
134 132 14.325747
134 133 12.736549
134 135 12.617730
134 136 11.238591
134 137 11.251923
134 138 11.439257
134 139 11.990670
134 140 13.003997
134 141 11.800581
134 142 11.299396
134 143 12.161732
134 144 14.273148
134 145 13.998403
134 146 13.655003
134 147 11.259260
134 148 13.314419
134 149 12.589699
134 150 14.105018
134 151 14.568453
134 152 13.419445
134 153 14.773039
134 154 12.567577
134 155 14.395144
134 156 14.499779
134 157 13.795873
134 158 14.180706
134 159 12.584688
134 160 10.961923
134 161 12.891418
134 162 11.228573
134 163 11.699467
134 164 10.938319
134 165 13.495665
134 166 11.284566
134 167 13.960029
134 168 14.137108
134 169 11.909976
134 170 11.629188
134 171 13.481745
134 172 13.414666
134 173 11.289565
134 174 14.256251
134 175 13.913625
134 176 14.726841
134 177 11.092109
134 178 12.878345
134 179 11.090291
134 180 11.700929
134 181 13.968248
134 182 11.614425
134 183 13.058410
134 184 11.653651
134 185 14.778082
134 186 13.508287
134 187 14.813298
134 188 12.168819
134 189 13.638598
134 190 13.946258
134 191 14.711344
134 192 11.881188
134 193 14.567732
134 194 12.764067
134 195 13.859705
134 196 11.811147
134 197 14.008537
134 198 14.740362
134 199 12.408971
134 200 12.426646
135 0 14.325166
135 1 12.057003
135 2 11.849644
135 3 13.824133
135 4 11.736794
135 5 12.263392
135 6 13.692292
135 7 14.072699
135 8 14.718203
135 9 13.813381
135 10 14.797996
135 11 14.388813
135 12 13.958249
135 13 13.623444
135 14 11.212904
135 15 14.046101
135 16 12.651938
135 17 14.456649
135 18 13.659117
135 19 11.720103
135 20 11.751019
135 21 11.597925
135 22 11.677686
135 23 14.716073
135 24 11.306448
135 25 13.555033
135 26 13.929952
135 27 11.083949
135 28 11.078251
135 29 11.141291
135 30 11.516470
135 31 14.087457
135 32 11.839524
135 33 13.948222
135 34 12.127939
135 35 13.285054
135 36 11.527337
135 37 13.248087
135 38 11.880207
135 39 13.884071
135 40 13.501443
135 41 14.144999
135 42 14.178634
135 43 14.073430
135 44 12.093568
135 45 11.996168
135 46 12.645861
135 47 12.194112
135 48 11.887971
135 49 13.994075
135 50 12.265227
135 51 12.488547
135 52 11.414948
135 53 11.508527
135 54 14.814668
135 55 11.225318
135 56 12.857270
135 57 12.958350
135 58 14.367698
135 59 13.408264
135 60 12.726403
135 61 13.237776
135 62 14.034301
135 63 14.483695
135 64 11.485855
135 65 12.370716
135 66 11.552435
135 67 12.447922
135 68 13.978512
135 69 13.564963
135 70 13.453654
135 71 14.485163
135 72 12.327469
135 73 12.593002
135 74 12.840116
135 75 13.196262
135 76 14.760182
135 77 12.262733
135 78 13.847966
135 79 13.060870
135 80 13.458160
135 81 12.315978
135 82 14.195742
135 83 13.211387
135 84 12.792592
135 85 14.761923
135 86 13.285025
135 87 10.966332
135 88 11.537444
135 89 11.476634
135 90 13.603852
135 91 13.581166
135 92 12.983848
135 93 11.345373
135 94 11.358683
135 95 12.556169
135 96 14.662716
135 97 14.693151
135 98 13.251396
135 99 11.720532
135 100 14.749117
135 101 13.621262
135 102 11.434938
135 103 14.249012
135 104 12.361504
135 105 13.079033
135 106 12.035348
135 107 13.400310
135 108 13.853879
135 109 11.084209
135 110 12.544775
135 111 14.004574
135 112 13.745304
135 113 14.780585
135 114 14.271120
135 115 14.460594
135 116 11.352195
135 117 11.389428
135 118 11.749301
135 119 13.826593
135 120 11.806667
135 121 13.713363
135 122 14.813764
135 123 12.322884
135 124 11.149922
135 125 11.314132
135 126 14.757298
135 127 12.957049
135 128 13.231964
135 129 12.149704
135 130 13.653899
135 131 10.996673
135 132 11.289982
135 133 13.444324
135 134 12.617730
135 136 14.290604
135 137 12.781542
135 138 11.551226
135 139 14.315068
135 140 13.978421
135 141 14.675212
135 142 13.559001
135 143 13.116336
135 144 10.923228
135 145 12.500802
135 146 11.414216
135 147 11.253637
135 148 12.837062
135 149 13.491444
135 150 11.072983
135 151 11.143154
135 152 14.719396
135 153 13.685537
135 154 14.388584
135 155 14.138512
135 156 13.616422
135 157 14.056238
135 158 11.523556
135 159 14.211582
135 160 12.709153
135 161 12.444903
135 162 11.948122
135 163 13.910051
135 164 13.574573
135 165 13.930272
135 166 10.959604
135 167 12.720907
135 168 14.329703
135 169 14.389549
135 170 11.478970
135 171 11.744945
135 172 14.728567
135 173 13.985994
135 174 13.194555
135 175 14.736089
135 176 12.201407
135 177 11.540984
135 178 14.645452
135 179 14.643664
135 180 13.346708
135 181 12.283767
135 182 14.141320
135 183 14.127700
135 184 11.437692
135 185 10.926589
135 186 13.489789
135 187 10.993312
135 188 14.444037
135 189 14.573607
135 190 12.000140
135 191 13.740137
135 192 13.705584
135 193 11.481200
135 194 14.610401
135 195 14.470416
135 196 13.235034
135 197 12.767728
135 198 13.572906
135 199 14.729767
135 200 12.037815
136 0 14.771252
136 1 11.561625
136 2 11.542765
136 3 11.030694
136 4 11.551028
136 5 12.357142
136 6 14.050941
136 7 11.262475
136 8 11.663429
136 9 13.029998
136 10 11.384176
136 11 11.869627
136 12 13.314363
136 13 12.705311
136 14 11.293449
136 15 14.215768
136 16 11.472933
136 17 13.975957
136 18 11.501696
136 19 13.621915
136 20 11.954801
136 21 13.509736
136 22 14.255892
136 23 12.245919
136 24 12.612815
136 25 13.636649
136 26 12.203151
136 27 12.641354
136 28 12.779006
136 29 14.079571
136 30 12.109580
136 31 13.688437
136 32 13.841945
136 33 12.579920
136 34 12.621370
136 35 12.783593
136 36 12.247746
136 37 11.697295
136 38 11.058482
136 39 14.077061
136 40 12.622565
136 41 14.791820
136 42 13.615381
136 43 14.426109
136 44 14.008957
136 45 10.968591
136 46 12.806367
136 47 11.826663
136 48 11.938515
136 49 12.812588
136 50 10.991904
136 51 14.498205
136 52 11.380623
136 53 11.905032
136 54 14.186747
136 55 14.581968
136 56 13.926344
136 57 10.994903
136 58 13.399450
136 59 11.552560
136 60 12.779514
136 61 14.393975
136 62 14.031408
136 63 11.490570
136 64 11.440849
136 65 12.961999
136 66 11.176201
136 67 13.451152
136 68 14.454779
136 69 12.620817
136 70 11.566198
136 71 14.460647
136 72 14.292796
136 73 14.519268
136 74 13.124918
136 75 10.963748
136 76 14.718494
136 77 11.596235
136 78 11.209076
136 79 14.358702
136 80 14.411704
136 81 12.858194
136 82 12.030116
136 83 13.642975
136 84 11.567109
136 85 14.561415
136 86 12.552335
136 87 13.397779
136 88 12.733512
136 89 12.894493
136 90 11.310119
136 91 14.102418
136 92 12.202170
136 93 13.149484
136 94 12.344076
136 95 13.329808
136 96 13.035273
136 97 14.168761
136 98 11.026725
136 99 11.880037
136 100 14.756685
136 101 13.475213
136 102 11.738189
136 103 12.762343
136 104 11.444004
136 105 13.736745
136 106 12.903920
136 107 14.005372
136 108 13.500102
136 109 14.699292
136 110 14.532861
136 111 14.406344
136 112 13.264896
136 113 11.930879
136 114 13.015062
136 115 12.574313
136 116 12.801026
136 117 13.360388
136 118 11.541245
136 119 14.533240
136 120 11.213032
136 121 13.584550
136 122 12.782833
136 123 13.629417
136 124 12.044566
136 125 12.726443
136 126 12.718179
136 127 12.275003
136 128 14.344121
136 129 13.462631
136 130 13.430888
136 131 13.696305
136 132 12.910589
136 133 13.521261
136 134 11.238591
136 135 14.290604
136 137 12.332188
136 138 13.233092
136 139 12.892326
136 140 13.536132
136 141 13.590275
136 142 11.759124
136 143 12.347798
136 144 13.160517
136 145 14.580251
136 146 13.840913
136 147 12.584669
136 148 13.080665
136 149 13.061559
136 150 13.926649
136 151 12.168444
136 152 14.305110
136 153 11.423511
136 154 14.289151
136 155 14.717254
136 156 13.210309
136 157 13.459803
136 158 14.048441
136 159 14.283450
136 160 12.649991
136 161 13.764558
136 162 13.585966
136 163 13.477829
136 164 14.529132
136 165 14.393849
136 166 11.574969
136 167 13.523306
136 168 13.316071
136 169 12.223359
136 170 12.564738
136 171 11.287116
136 172 13.771614
136 173 14.562302
136 174 12.942971
136 175 13.730259
136 176 12.424931
136 177 14.148818
136 178 11.244572
136 179 12.502419
136 180 11.927823
136 181 13.450886
136 182 11.041968
136 183 13.545894
136 184 14.585148
136 185 13.140836
136 186 14.146453
136 187 14.454529
136 188 13.873987
136 189 14.069355
136 190 13.547463
136 191 11.722915
136 192 12.201046
136 193 12.935148
136 194 14.733724
136 195 13.339593
136 196 13.628205
136 197 14.404660
136 198 14.098608
136 199 12.756671
136 200 14.017509
137 0 12.101815
137 1 13.208244
137 2 11.029606
137 3 14.442406
137 4 11.728698
137 5 12.845660
137 6 12.069691
137 7 13.980947
137 8 11.209745
137 9 13.147335
137 10 12.684941
137 11 13.618572
137 12 10.988786
137 13 13.307878
137 14 10.952336
137 15 11.281855
137 16 13.288315
137 17 11.519786
137 18 13.988403
137 19 14.581729
137 20 13.936526
137 21 13.433479
137 22 14.446361
137 23 11.439206
137 24 12.782817
137 25 14.659377
137 26 13.825039
137 27 11.732941
137 28 14.482728
137 29 12.096876
137 30 13.923916
137 31 13.708406
137 32 14.219576
137 33 11.689939
137 34 13.779148
137 35 11.806798
137 36 13.951261
137 37 11.316519
137 38 11.858738
137 39 13.241189
137 40 12.240943
137 41 13.004739
137 42 14.600741
137 43 11.774182
137 44 11.181843
137 45 11.432421
137 46 14.408143
137 47 14.702387
137 48 11.334694
137 49 11.998580
137 50 12.981941
137 51 12.077042
137 52 12.930185
137 53 11.114943
137 54 12.605802
137 55 14.762563
137 56 10.968402
137 57 13.814905
137 58 13.259341
137 59 13.822977
137 60 11.841627
137 61 13.455372
137 62 11.852272
137 63 12.881036
137 64 13.314420
137 65 13.462316
137 66 10.950316
137 67 12.720134
137 68 12.457261
137 69 12.248249
137 70 11.258785
137 71 12.730864
137 72 12.045190
137 73 11.335494
137 74 14.430066
137 75 13.669656
137 76 14.473759
137 77 13.728485
137 78 14.718105
137 79 14.078848
137 80 13.299191
137 81 12.017330
137 82 13.363261
137 83 13.107697
137 84 12.048694
137 85 13.013259
137 86 11.348313
137 87 11.650848
137 88 14.811757
137 89 13.432430
137 90 13.649603
137 91 11.199847
137 92 11.939590
137 93 11.936409
137 94 11.487496
137 95 12.341461
137 96 11.735063
137 97 13.985106
137 98 13.978630
137 99 10.977005
137 100 11.992118
137 101 14.542606
137 102 14.471672
137 103 12.722341
137 104 14.454942
137 105 12.138172
137 106 10.984622
137 107 12.388848
137 108 12.260919
137 109 11.117269
137 110 11.403025
137 111 12.116598
137 112 14.572260
137 113 14.015058
137 114 12.315471
137 115 13.210101
137 116 13.937796
137 117 13.061961
137 118 11.387892
137 119 14.575784
137 120 14.552827
137 121 11.317239
137 122 11.529586
137 123 13.552024
137 124 14.038123
137 125 11.010092
137 126 13.187185
137 127 13.996882
137 128 12.524663
137 129 13.191788
137 130 13.324299
137 131 11.213573
137 132 14.548206
137 133 13.254380
137 134 11.251923
137 135 12.781542
137 136 12.332188
137 138 11.438113
137 139 14.202511
137 140 14.503577
137 141 12.920328
137 142 11.431404
137 143 14.482228
137 144 12.354462
137 145 14.645543
137 146 13.159198
137 147 13.524728
137 148 13.288502
137 149 12.749381
137 150 11.714361
137 151 13.579899
137 152 12.102460
137 153 13.769798
137 154 12.770229
137 155 11.828163
137 156 13.102863
137 157 12.015508
137 158 11.520977
137 159 11.246996
137 160 14.392846
137 161 12.832256
137 162 10.978976
137 163 14.214332
137 164 13.862428
137 165 12.549318
137 166 11.896487
137 167 11.350652
137 168 14.247108
137 169 13.106805
137 170 13.704378
137 171 12.312873
137 172 13.300411
137 173 13.244489
137 174 10.963918
137 175 13.474447
137 176 11.692748
137 177 13.279198
137 178 11.782792
137 179 12.583693
137 180 14.681675
137 181 12.813291
137 182 13.977614
137 183 14.561338
137 184 11.683299
137 185 14.080461
137 186 13.669801
137 187 11.603491
137 188 11.521844
137 189 12.339325
137 190 12.338050
137 191 13.450867
137 192 12.034854
137 193 10.948256
137 194 11.924629
137 195 13.200961
137 196 13.201441
137 197 11.899395
137 198 11.528919
137 199 11.633024
137 200 11.346007
138 0 11.206216
138 1 12.930928
138 2 11.201255
138 3 12.544770
138 4 11.848298
138 5 14.361732
138 6 13.539233
138 7 14.328203
138 8 12.678944
138 9 13.040820
138 10 11.011905
138 11 13.080037
138 12 14.558379
138 13 12.049461
138 14 11.531273
138 15 12.983504
138 16 11.762374
138 17 13.783344
138 18 11.172072
138 19 14.600802
138 20 13.832003
138 21 12.428318
138 22 13.373207
138 23 12.147264
138 24 12.916178
138 25 14.101281
138 26 14.079407
138 27 14.714099
138 28 12.571214
138 29 10.938425
138 30 12.938432
138 31 11.865499
138 32 12.402628
138 33 12.964269
138 34 11.668183
138 35 10.950397
138 36 13.185404
138 37 13.046090
138 38 12.111161
138 39 14.817213
138 40 13.513633
138 41 13.724813
138 42 11.541475
138 43 14.416712
138 44 10.969029
138 45 14.558221
138 46 12.720270
138 47 11.098108
138 48 13.550207
138 49 11.173658
138 50 13.051376
138 51 13.522595
138 52 13.869223
138 53 14.014466
138 54 14.590120
138 55 12.358503
138 56 12.409353
138 57 14.584599
138 58 14.399639
138 59 12.223790
138 60 14.119215
138 61 11.377024
138 62 14.721132
138 63 14.276938
138 64 11.258729
138 65 11.437779
138 66 13.679333
138 67 12.773667
138 68 12.422524
138 69 11.846951
138 70 13.561180
138 71 12.479973
138 72 14.469802
138 73 14.596548
138 74 14.701200
138 75 13.092476
138 76 14.399356
138 77 12.439404
138 78 14.692304
138 79 13.691096
138 80 14.782633
138 81 13.829803
138 82 11.971711
138 83 14.399473
138 84 11.231482
138 85 13.013822
138 86 11.621547
138 87 12.116207
138 88 11.387631
138 89 11.989724
138 90 12.536470
138 91 12.243198
138 92 13.156537
138 93 14.571675
138 94 12.033870
138 95 14.676920
138 96 12.318167
138 97 13.586678
138 98 11.545420
138 99 14.209838
138 100 13.920059
138 101 14.790506
138 102 11.357516
138 103 11.082844
138 104 12.635241
138 105 12.359687
138 106 14.776620
138 107 11.042337
138 108 14.419019
138 109 12.789726
138 110 13.271825
138 111 11.633716
138 112 13.138349
138 113 12.589465
138 114 11.882472
138 115 11.149040
138 116 11.036215
138 117 11.585940
138 118 13.252429
138 119 11.298080
138 120 12.489683
138 121 13.437734
138 122 13.579808
138 123 13.482118
138 124 14.563646
138 125 14.083023
138 126 14.330041
138 127 12.651555
138 128 11.090878
138 129 11.976281
138 130 14.224712
138 131 13.235190
138 132 12.222475
138 133 11.731483
138 134 11.439257
138 135 11.551226
138 136 13.233092
138 137 11.438113
138 139 11.303641
138 140 11.356104
138 141 14.202168
138 142 14.238667
138 143 13.582929
138 144 11.431017
138 145 11.203464
138 146 14.336622
138 147 12.330954
138 148 14.180982
138 149 11.865079
138 150 12.481449
138 151 14.348147
138 152 12.000373
138 153 14.731014
138 154 12.449610
138 155 13.389579
138 156 14.506800
138 157 12.726898
138 158 11.451344
138 159 14.476995
138 160 11.741765
138 161 13.622201
138 162 12.620836
138 163 14.014323
138 164 13.694662
138 165 13.951488
138 166 11.528283
138 167 11.001825
138 168 11.970167
138 169 11.077477
138 170 14.422168
138 171 11.552057
138 172 13.038381
138 173 13.285542
138 174 12.888072
138 175 14.314859
138 176 14.440996
138 177 10.962134
138 178 11.987381
138 179 12.932396
138 180 12.997991
138 181 11.012013
138 182 11.543645
138 183 12.497234
138 184 12.095084
138 185 12.307124
138 186 13.403798
138 187 14.255359
138 188 11.451237
138 189 11.474713
138 190 12.934720
138 191 12.429333
138 192 11.084935
138 193 13.406829
138 194 10.962677
138 195 13.036431
138 196 13.467261
138 197 11.896677
138 198 11.001980
138 199 13.970864
138 200 12.980425
139 0 10.938477
139 1 14.480214
139 2 14.740292
139 3 11.194551
139 4 11.154290
139 5 14.730568
139 6 12.151395
139 7 14.322492
139 8 14.619292
139 9 12.444956
139 10 11.769356
139 11 13.705930
139 12 13.814264
139 13 12.944685
139 14 11.951564
139 15 11.693158
139 16 12.017936
139 17 13.772673
139 18 13.389237
139 19 14.403511
139 20 12.959905
139 21 11.585230
139 22 12.227112
139 23 12.985046
139 24 13.024668
139 25 12.975149
139 26 14.162456
139 27 13.008555
139 28 12.902096
139 29 11.224910
139 30 12.689522
139 31 13.008406
139 32 11.997742
139 33 10.979140
139 34 11.779454
139 35 14.691135
139 36 11.386867
139 37 13.027078
139 38 13.845435
139 39 13.924969
139 40 14.054766
139 41 11.908922
139 42 11.118765
139 43 14.272879
139 44 13.613808
139 45 11.364527
139 46 12.478604
139 47 11.439516
139 48 13.833227
139 49 13.112414
139 50 14.469440
139 51 13.088527
139 52 11.186824
139 53 13.703440
139 54 14.747000
139 55 12.931414
139 56 11.192950
139 57 13.280638
139 58 10.944670
139 59 12.004589
139 60 12.776196
139 61 14.647485
139 62 13.487923
139 63 12.174676
139 64 11.818977
139 65 12.374489
139 66 13.273781
139 67 13.583841
139 68 14.070108
139 69 14.626238
139 70 12.670496
139 71 13.170210
139 72 11.434106
139 73 14.028076
139 74 12.138704
139 75 14.679826
139 76 14.125612
139 77 12.210864
139 78 12.747729
139 79 12.807804
139 80 11.423068
139 81 12.740778
139 82 13.497742
139 83 11.013759
139 84 13.542845
139 85 14.138676
139 86 10.954575
139 87 13.370708
139 88 14.730403
139 89 13.601656
139 90 11.703866
139 91 13.377471
139 92 14.197598
139 93 12.179486
139 94 11.518915
139 95 12.479500
139 96 13.581036
139 97 11.147037
139 98 11.391475
139 99 11.343430
139 100 11.172358
139 101 11.396453
139 102 14.336967
139 103 13.180167
139 104 14.382487
139 105 12.239382
139 106 11.669558
139 107 12.872112
139 108 13.690165
139 109 11.979971
139 110 12.564035
139 111 11.296354
139 112 14.390750
139 113 13.948556
139 114 12.542013
139 115 14.479657
139 116 11.546439
139 117 13.755275
139 118 14.436986
139 119 11.146202
139 120 13.613052
139 121 11.461430
139 122 11.743808
139 123 14.178282
139 124 14.094079
139 125 13.386493
139 126 12.349421
139 127 12.208190
139 128 14.538181
139 129 13.558101
139 130 13.528253
139 131 12.068246
139 132 13.223617
139 133 13.535155
139 134 11.990670
139 135 14.315068
139 136 12.892326
139 137 14.202511
139 138 11.303641
139 140 14.654355
139 141 14.210417
139 142 14.313507
139 143 14.090376
139 144 11.753750
139 145 14.505396
139 146 13.949929
139 147 14.381044
139 148 14.075881
139 149 12.815452
139 150 12.509880
139 151 13.525022
139 152 13.867140
139 153 12.533058
139 154 11.106333
139 155 12.890359
139 156 11.631915
139 157 11.852697
139 158 11.212931
139 159 14.792141
139 160 12.754816
139 161 13.828862
139 162 11.373560
139 163 13.168844
139 164 12.912743
139 165 13.658806
139 166 11.036639
139 167 13.185257
139 168 12.250373
139 169 13.496495
139 170 14.744850
139 171 12.750752
139 172 11.837457
139 173 14.813923
139 174 14.205241
139 175 11.161894
139 176 13.008229
139 177 14.606602
139 178 11.727884
139 179 12.244812
139 180 14.555734
139 181 13.195139
139 182 13.355441
139 183 13.365026
139 184 13.215704
139 185 12.493467
139 186 11.690379
139 187 14.338196
139 188 11.404304
139 189 11.003325
139 190 12.843832
139 191 11.975471
139 192 12.305162
139 193 11.958492
139 194 12.283036
139 195 10.993725
139 196 11.707229
139 197 13.578750
139 198 11.198052
139 199 12.357764
139 200 13.009922
140 0 11.177852
140 1 14.522082
140 2 14.229314
140 3 11.558449
140 4 12.344899
140 5 13.135116
140 6 11.326280
140 7 11.108623
140 8 11.658240
140 9 13.142755
140 10 13.327446
140 11 10.958716
140 12 14.277722
140 13 11.919067
140 14 13.627810
140 15 13.919938
140 16 12.571605
140 17 13.866489
140 18 13.273003
140 19 14.537508
140 20 11.174588
140 21 13.642272
140 22 12.272227
140 23 13.241331
140 24 14.143442
140 25 13.515162
140 26 12.403777
140 27 11.614411
140 28 11.023739
140 29 11.635787
140 30 13.905984
140 31 13.553151
140 32 12.451890
140 33 13.443177
140 34 10.934153
140 35 13.580663
140 36 13.081894
140 37 13.096481
140 38 11.073741
140 39 14.242433
140 40 11.559451
140 41 12.854080
140 42 12.801888
140 43 13.597226
140 44 12.833432
140 45 13.941328
140 46 13.555493
140 47 13.369118
140 48 13.395172
140 49 11.921114
140 50 12.928730
140 51 11.744933
140 52 12.824688
140 53 13.109976
140 54 11.447966
140 55 12.238053
140 56 12.041084
140 57 11.308587
140 58 10.944340
140 59 12.792718
140 60 11.254249
140 61 12.486583
140 62 14.101877
140 63 11.623514
140 64 14.540768
140 65 13.684790
140 66 11.512222
140 67 12.960174
140 68 11.104445
140 69 12.803004
140 70 14.508070
140 71 11.285691
140 72 13.192408
140 73 13.719547
140 74 12.842754
140 75 12.679158
140 76 11.701386
140 77 13.451829
140 78 11.119138
140 79 14.516065
140 80 11.599257
140 81 11.699617
140 82 12.601890
140 83 14.001398
140 84 12.736697
140 85 11.056538
140 86 14.537150
140 87 13.048580
140 88 12.319257
140 89 11.143757
140 90 12.650132
140 91 13.424631
140 92 14.174979
140 93 14.186980
140 94 12.057670
140 95 12.839610
140 96 12.253440
140 97 12.045265
140 98 14.491356
140 99 11.672909
140 100 12.513383
140 101 13.619981
140 102 14.343185
140 103 11.570720
140 104 13.824508
140 105 11.823358
140 106 13.108314
140 107 13.957811
140 108 13.678452
140 109 14.715292
140 110 13.255450
140 111 13.122698
140 112 12.313619
140 113 13.317805
140 114 11.054800
140 115 11.019149
140 116 13.136214
140 117 14.672891
140 118 12.360158
140 119 14.500564
140 120 11.977411
140 121 14.294910
140 122 14.135295
140 123 13.883497
140 124 11.644869
140 125 14.645376
140 126 12.786321
140 127 13.847222
140 128 11.717575
140 129 13.282616
140 130 11.961841
140 131 13.498833
140 132 13.058371
140 133 12.858972
140 134 13.003997
140 135 13.978421
140 136 13.536132
140 137 14.503577
140 138 11.356104
140 139 14.654355
140 141 11.116903
140 142 12.543130
140 143 11.853512
140 144 13.022106
140 145 11.594129
140 146 14.210025
140 147 11.095448
140 148 12.925137
140 149 13.813183
140 150 13.352240
140 151 11.717122
140 152 12.785665
140 153 12.419343
140 154 11.973655
140 155 11.441686
140 156 14.308241
140 157 11.751444
140 158 13.832662
140 159 12.344992
140 160 11.650229
140 161 12.757683
140 162 14.370754
140 163 11.643225
140 164 12.959627
140 165 13.299583
140 166 11.527226
140 167 14.344537
140 168 13.100022
140 169 14.086900
140 170 12.459414
140 171 11.432565
140 172 12.418276
140 173 12.516633
140 174 13.196612
140 175 13.993671
140 176 14.546626
140 177 11.037462
140 178 13.847078
140 179 14.624407
140 180 14.644565
140 181 11.905459
140 182 12.196486
140 183 14.169429
140 184 11.472795
140 185 13.877806
140 186 13.980950
140 187 12.778600
140 188 11.678682
140 189 13.620231
140 190 11.965489
140 191 14.240097
140 192 11.810636
140 193 14.527000
140 194 14.472709
140 195 11.488960
140 196 12.534675
140 197 11.999518
140 198 13.024912
140 199 12.335307
140 200 11.815688
141 0 12.431830
141 1 12.476456
141 2 13.037789
141 3 12.514502
141 4 12.803728
141 5 10.934375
141 6 12.528455
141 7 11.443759
141 8 13.326615
141 9 14.436325
141 10 12.018656
141 11 13.096391
141 12 12.197947
141 13 12.920979
141 14 13.032803
141 15 13.372957
141 16 11.884211
141 17 11.835263
141 18 12.400092
141 19 14.488279
141 20 12.790998
141 21 11.742933
141 22 14.169035
141 23 11.239815
141 24 13.959014
141 25 11.763838
141 26 12.275864
141 27 11.366290
141 28 11.891891
141 29 13.684404
141 30 13.469562
141 31 12.334369
141 32 14.772059
141 33 13.505014
141 34 12.164799
141 35 11.688126
141 36 11.369510
141 37 11.014561
141 38 14.718177
141 39 14.427573
141 40 14.473114
141 41 11.902823
141 42 14.521273
141 43 13.546305
141 44 11.623436
141 45 11.093887
141 46 12.979681
141 47 13.708939
141 48 14.386151
141 49 11.668751
141 50 11.515455
141 51 13.647436
141 52 12.137194
141 53 11.441394
141 54 14.734521
141 55 13.808726
141 56 14.380277
141 57 12.131705
141 58 12.755922
141 59 11.845255
141 60 13.727064
141 61 14.256132
141 62 11.964901
141 63 12.856016
141 64 11.081574
141 65 11.134970
141 66 11.723388
141 67 11.758211
141 68 11.961238
141 69 11.948033
141 70 13.150760
141 71 14.652581
141 72 13.057827
141 73 14.802717
141 74 11.758293
141 75 14.102549
141 76 12.592066
141 77 12.839522
141 78 13.600446
141 79 11.463614
141 80 14.702770
141 81 11.600959
141 82 13.031302
141 83 11.898464
141 84 14.663364
141 85 13.335804
141 86 11.655726
141 87 14.700623
141 88 11.194107
141 89 14.491437
141 90 12.966690
141 91 12.137682
141 92 13.895213
141 93 12.667350
141 94 12.912897
141 95 14.502198
141 96 11.642749
141 97 12.065208
141 98 13.109781
141 99 12.430505
141 100 12.261675
141 101 14.063092
141 102 12.859023
141 103 14.793234
141 104 11.363005
141 105 12.989496
141 106 13.681978
141 107 13.864874
141 108 11.444684
141 109 12.460242
141 110 13.381740
141 111 13.591084
141 112 13.148215
141 113 14.407544
141 114 11.946484
141 115 13.647018
141 116 11.762277
141 117 11.152185
141 118 13.181902
141 119 12.080281
141 120 11.891774
141 121 13.811891
141 122 14.391644
141 123 14.667695
141 124 12.408057
141 125 14.399905
141 126 13.144392
141 127 13.874163
141 128 14.597994
141 129 12.120069
141 130 10.956208
141 131 14.639969
141 132 11.737402
141 133 14.775824
141 134 11.800581
141 135 14.675212
141 136 13.590275
141 137 12.920328
141 138 14.202168
141 139 14.210417
141 140 11.116903
141 142 13.653750
141 143 14.803773
141 144 11.899165
141 145 12.920899
141 146 10.963672
141 147 11.120972
141 148 11.301510
141 149 11.161124
141 150 14.295826
141 151 13.496370
141 152 11.691407
141 153 11.862160
141 154 11.559600
141 155 14.322936
141 156 11.199318
141 157 12.972069
141 158 14.349294
141 159 14.374653
141 160 12.351877
141 161 11.344288
141 162 14.111212
141 163 12.396089
141 164 10.924642
141 165 13.424333
141 166 13.037359
141 167 12.380990
141 168 12.047543
141 169 12.483591
141 170 13.337050
141 171 11.725487
141 172 13.730322
141 173 13.844374
141 174 13.158241
141 175 11.779615
141 176 11.874622
141 177 12.310159
141 178 13.111622
141 179 11.521875
141 180 14.303921
141 181 12.013598
141 182 11.801113
141 183 13.974635
141 184 10.925913
141 185 13.050983
141 186 13.904556
141 187 14.526028
141 188 14.755834
141 189 11.693418
141 190 14.700454
141 191 14.411342
141 192 11.590895
141 193 14.410467
141 194 13.852841
141 195 11.286766
141 196 13.550166
141 197 12.879709
141 198 13.245756
141 199 12.706592
141 200 12.473165
142 0 14.118150
142 1 11.701386
142 2 14.717988
142 3 13.547644
142 4 13.720524
142 5 14.605089
142 6 12.476049
142 7 11.715848
142 8 12.785089
142 9 12.055208
142 10 11.084998
142 11 14.802145
142 12 13.447819
142 13 12.217770
142 14 12.054284
142 15 11.724969
142 16 14.456503
142 17 13.279985
142 18 12.738818
142 19 13.146034
142 20 12.586329
142 21 12.504910
142 22 11.054346
142 23 14.686207
142 24 11.438158
142 25 12.678893
142 26 11.164594
142 27 14.211195
142 28 12.674217
142 29 13.460801
142 30 14.187898
142 31 12.943207
142 32 13.378153
142 33 13.326754
142 34 12.304404
142 35 14.650812
142 36 11.114251
142 37 14.478581
142 38 11.402310
142 39 12.627123
142 40 13.999935
142 41 12.626525
142 42 11.864067
142 43 11.323038
142 44 12.233661
142 45 12.285763
142 46 13.801889
142 47 14.675629
142 48 14.177424
142 49 12.540434
142 50 11.582144
142 51 13.000360
142 52 11.485586
142 53 11.859497
142 54 14.408759
142 55 14.637691
142 56 12.519184
142 57 12.249932
142 58 13.830640
142 59 13.569975
142 60 11.586321
142 61 11.355362
142 62 14.608686
142 63 12.738457
142 64 11.174105
142 65 14.361494
142 66 14.669184
142 67 10.950581
142 68 11.407443
142 69 11.551911
142 70 12.550072
142 71 12.332136
142 72 13.140907
142 73 13.835139
142 74 11.555611
142 75 14.484087
142 76 14.507527
142 77 11.722964
142 78 14.021686
142 79 13.855263
142 80 12.752500
142 81 12.777938
142 82 14.093476
142 83 14.469617
142 84 14.615997
142 85 11.848536
142 86 11.973081
142 87 12.018158
142 88 12.179625
142 89 12.585864
142 90 13.800606
142 91 11.817106
142 92 11.626680
142 93 13.192148
142 94 11.487147
142 95 13.021842
142 96 12.595554
142 97 12.504206
142 98 11.927734
142 99 12.969981
142 100 13.785833
142 101 12.559678
142 102 14.070102
142 103 12.332591
142 104 13.244701
142 105 13.760139
142 106 13.027171
142 107 12.036107
142 108 14.332575
142 109 11.837595
142 110 12.848358
142 111 12.345880
142 112 11.584133
142 113 11.056215
142 114 12.320184
142 115 12.794382
142 116 13.590611
142 117 12.027524
142 118 14.453477
142 119 13.048899
142 120 14.596163
142 121 13.018733
142 122 12.400359
142 123 13.606990
142 124 11.969025
142 125 13.451023
142 126 14.132065
142 127 13.918982
142 128 12.669312
142 129 14.612831
142 130 13.863597
142 131 12.558855
142 132 13.577048
142 133 13.438919
142 134 11.299396
142 135 13.559001
142 136 11.759124
142 137 11.431404
142 138 14.238667
142 139 14.313507
142 140 12.543130
142 141 13.653750
142 143 14.741847
142 144 11.813612
142 145 13.493210
142 146 14.301203
142 147 11.540778
142 148 14.044932
142 149 13.514980
142 150 13.354252
142 151 11.518373
142 152 11.985267
142 153 12.282962
142 154 12.676683
142 155 13.820743
142 156 11.704428
142 157 11.587995
142 158 13.475726
142 159 12.398818
142 160 14.147785
142 161 11.728237
142 162 13.394105
142 163 12.051915
142 164 11.576327
142 165 14.491939
142 166 11.072108
142 167 14.579694
142 168 13.756689
142 169 12.646247
142 170 13.532759
142 171 14.646933
142 172 11.723629
142 173 12.763275
142 174 12.738106
142 175 11.943241
142 176 12.195295
142 177 11.114392
142 178 13.769344
142 179 11.240574
142 180 14.007336
142 181 13.280016
142 182 12.070882
142 183 11.481239
142 184 12.856104
142 185 11.438334
142 186 12.348428
142 187 11.378578
142 188 13.973695
142 189 10.988200
142 190 12.336076
142 191 12.041367
142 192 11.561804
142 193 13.864810
142 194 11.942854
142 195 12.274667
142 196 14.082233
142 197 11.911531
142 198 14.546223
142 199 11.438865
142 200 12.180162
143 0 12.290240
143 1 11.813029
143 2 14.250674
143 3 11.039170
143 4 12.434177
143 5 12.504580
143 6 11.088980
143 7 13.143788
143 8 13.329127
143 9 13.516241
143 10 14.083146
143 11 13.494744
143 12 14.695715
143 13 12.785624
143 14 13.814796
143 15 12.900139
143 16 12.990484
143 17 12.963545
143 18 14.065964
143 19 13.056047
143 20 13.924314
143 21 14.601228
143 22 13.178493
143 23 11.245889
143 24 14.758769
143 25 13.261946
143 26 13.031414
143 27 14.532471
143 28 11.901288
143 29 14.748015
143 30 13.641200
143 31 12.505937
143 32 12.736274
143 33 13.543103
143 34 13.743906
143 35 12.561454
143 36 11.274096
143 37 13.086696
143 38 11.133871
143 39 11.191250
143 40 13.796781
143 41 11.152987
143 42 11.875393
143 43 13.654994
143 44 13.323476
143 45 11.974023
143 46 11.584406
143 47 11.783034
143 48 12.071903
143 49 11.985570
143 50 12.920033
143 51 12.881080
143 52 13.979245
143 53 14.242328
143 54 12.454897
143 55 11.295138
143 56 12.169501
143 57 14.747593
143 58 12.955404
143 59 11.495637
143 60 13.718746
143 61 12.513781
143 62 13.229902
143 63 11.044068
143 64 10.993783
143 65 10.934622
143 66 14.016884
143 67 11.115831
143 68 11.171390
143 69 12.208387
143 70 11.399961
143 71 11.002025
143 72 11.016201
143 73 12.479613
143 74 11.170384
143 75 14.792267
143 76 12.480586
143 77 12.166462
143 78 11.916566
143 79 14.482130
143 80 11.468909
143 81 13.119038
143 82 14.054119
143 83 11.483080
143 84 12.629558
143 85 13.483701
143 86 14.633415
143 87 13.366707
143 88 13.719492
143 89 11.871840
143 90 11.853697
143 91 11.213496
143 92 11.857967
143 93 11.764620
143 94 12.510751
143 95 12.485575
143 96 12.657957
143 97 11.628936
143 98 13.195826
143 99 13.935196
143 100 13.615629
143 101 12.892862
143 102 11.608280
143 103 10.960001
143 104 13.945460
143 105 13.277371
143 106 13.376085
143 107 11.973404
143 108 14.039271
143 109 12.477637
143 110 13.712438
143 111 12.044088
143 112 11.064521
143 113 11.445920
143 114 11.131055
143 115 13.514692
143 116 12.749728
143 117 14.507441
143 118 11.284615
143 119 14.523364
143 120 13.227633
143 121 12.451234
143 122 14.817874
143 123 12.185455
143 124 13.170839
143 125 13.244990
143 126 11.601483
143 127 10.937908
143 128 14.109226
143 129 13.895845
143 130 12.419387
143 131 13.773415
143 132 12.947812
143 133 13.438699
143 134 12.161732
143 135 13.116336
143 136 12.347798
143 137 14.482228
143 138 13.582929
143 139 14.090376
143 140 11.853512
143 141 14.803773
143 142 14.741847
143 144 14.289444
143 145 11.165007
143 146 11.580536
143 147 13.951171
143 148 14.123086
143 149 12.480838
143 150 14.173629
143 151 11.657867
143 152 12.932686
143 153 13.775217
143 154 12.477103
143 155 13.286565
143 156 13.479191
143 157 12.826853
143 158 11.121979
143 159 13.135940
143 160 12.279828
143 161 12.459512
143 162 12.668750
143 163 14.623277
143 164 13.265484
143 165 11.031104
143 166 11.145677
143 167 13.869402
143 168 12.935824
143 169 13.295630
143 170 12.206298
143 171 10.928073
143 172 13.070579
143 173 13.572968
143 174 13.161528
143 175 11.854951
143 176 12.193274
143 177 14.800356
143 178 13.482080
143 179 13.417687
143 180 14.083144
143 181 14.529432
143 182 14.539216
143 183 11.158898
143 184 12.463966
143 185 12.845592
143 186 12.492066
143 187 12.425034
143 188 13.109974
143 189 13.048448
143 190 14.305559
143 191 11.305322
143 192 13.308310
143 193 13.294843
143 194 12.633622
143 195 12.429341
143 196 12.959687
143 197 14.802671
143 198 13.519535
143 199 14.509685
143 200 12.413786
144 0 14.183997
144 1 12.812029
144 2 11.933265
144 3 13.076511
144 4 11.901386
144 5 12.464844
144 6 11.817350
144 7 12.657188
144 8 13.068157
144 9 11.808764
144 10 13.804871
144 11 11.335721
144 12 13.079838
144 13 12.830137
144 14 12.761160
144 15 14.687105
144 16 12.459731
144 17 11.375596
144 18 13.696440
144 19 14.786495
144 20 11.767723
144 21 12.361222
144 22 11.783000
144 23 11.501622
144 24 12.666112
144 25 13.332372
144 26 11.442191
144 27 14.224801
144 28 14.202689
144 29 12.784329
144 30 10.939551
144 31 12.229625
144 32 10.963346
144 33 13.547203
144 34 13.505163
144 35 12.442838
144 36 13.516640
144 37 14.059799
144 38 13.277336
144 39 13.496612
144 40 13.426109
144 41 13.718462
144 42 12.238178
144 43 11.205794
144 44 13.013400
144 45 12.902466
144 46 14.015056
144 47 14.592267
144 48 13.879023
144 49 14.567925
144 50 13.327801
144 51 12.746501
144 52 12.033817
144 53 12.729497
144 54 12.942485
144 55 13.665077
144 56 11.773828
144 57 11.692096
144 58 12.406924
144 59 13.408709
144 60 12.332867
144 61 14.747297
144 62 14.585842
144 63 13.493325
144 64 12.545679
144 65 11.164353
144 66 11.171004
144 67 14.811948
144 68 14.710878
144 69 13.665390
144 70 13.867246
144 71 13.267139
144 72 12.324857
144 73 13.773244
144 74 14.038223
144 75 13.918973
144 76 12.331062
144 77 11.125662
144 78 11.691672
144 79 14.576904
144 80 14.064219
144 81 12.231092
144 82 11.230738
144 83 11.905353
144 84 11.802337
144 85 14.490097
144 86 12.313483
144 87 11.168729
144 88 11.862257
144 89 13.201110
144 90 14.503014
144 91 13.976280
144 92 11.593688
144 93 11.816324
144 94 12.485831
144 95 13.846839
144 96 14.212219
144 97 14.131676
144 98 12.987268
144 99 13.103158
144 100 13.811871
144 101 14.098383
144 102 12.881300
144 103 14.278324
144 104 12.345011
144 105 12.372982
144 106 12.267057
144 107 11.286478
144 108 13.170337
144 109 11.441424
144 110 13.488241
144 111 13.404444
144 112 10.969614
144 113 13.947147
144 114 11.671670
144 115 14.067977
144 116 11.691899
144 117 11.146377
144 118 13.849366
144 119 14.567224
144 120 11.391446
144 121 13.453369
144 122 11.734025
144 123 11.287636
144 124 12.119918
144 125 13.825316
144 126 12.182568
144 127 11.100139
144 128 11.244236
144 129 12.803392
144 130 13.400405
144 131 12.633662
144 132 14.072768
144 133 11.205928
144 134 14.273148
144 135 10.923228
144 136 13.160517
144 137 12.354462
144 138 11.431017
144 139 11.753750
144 140 13.022106
144 141 11.899165
144 142 11.813612
144 143 14.289444
144 145 13.796751
144 146 14.040829
144 147 11.579825
144 148 14.337117
144 149 13.958421
144 150 13.752133
144 151 11.971639
144 152 14.436922
144 153 11.000713
144 154 13.049433
144 155 12.330886
144 156 14.779994
144 157 12.932581
144 158 12.660035
144 159 12.081901
144 160 13.946527
144 161 13.630447
144 162 12.655119
144 163 11.271719
144 164 14.358751
144 165 12.787301
144 166 13.399108
144 167 12.439466
144 168 11.700951
144 169 14.545092
144 170 11.741306
144 171 11.327026
144 172 12.474322
144 173 11.856550
144 174 11.581766
144 175 12.059544
144 176 12.517352
144 177 12.345455
144 178 11.854549
144 179 13.240950
144 180 14.318990
144 181 14.657576
144 182 11.284602
144 183 13.386688
144 184 14.270575
144 185 14.612769
144 186 12.650439
144 187 12.033263
144 188 11.726262
144 189 14.467766
144 190 11.865525
144 191 14.521997
144 192 13.608205
144 193 12.190268
144 194 14.570231
144 195 11.989445
144 196 13.838253
144 197 14.596522
144 198 12.098592
144 199 11.456771
144 200 11.594326
145 0 14.699857
145 1 11.588358
145 2 14.711363
145 3 11.861923
145 4 14.256499
145 5 12.762565
145 6 10.939382
145 7 12.240488
145 8 14.605638
145 9 13.717618
145 10 11.618021
145 11 13.887877
145 12 12.631478
145 13 14.332254
145 14 14.447052
145 15 12.746980
145 16 11.272623
145 17 12.088696
145 18 14.478687
145 19 12.599082
145 20 11.216675
145 21 11.489756
145 22 14.188398
145 23 12.591976
145 24 12.118271
145 25 11.564511
145 26 11.624098
145 27 11.921969
145 28 11.204662
145 29 11.684693
145 30 11.323492
145 31 13.518224
145 32 13.790607
145 33 13.565429
145 34 14.378896
145 35 12.554502
145 36 13.574054
145 37 12.881682
145 38 13.128922
145 39 13.401461
145 40 14.228808
145 41 12.669514
145 42 12.178138
145 43 11.297246
145 44 13.268716
145 45 13.226863
145 46 11.345419
145 47 13.789599
145 48 10.942247
145 49 13.240995
145 50 11.397295
145 51 14.408367
145 52 13.758338
145 53 12.813187
145 54 12.148404
145 55 13.176098
145 56 11.689881
145 57 12.763878
145 58 12.492449
145 59 14.112926
145 60 13.593783
145 61 12.610035
145 62 14.691241
145 63 12.956885
145 64 11.611389
145 65 14.208312
145 66 13.161207
145 67 11.558408
145 68 13.475815
145 69 13.702887
145 70 14.722408
145 71 12.424055
145 72 13.351025
145 73 11.246633
145 74 12.746731
145 75 14.761677
145 76 14.639841
145 77 13.495994
145 78 13.012179
145 79 11.695052
145 80 11.032057
145 81 11.355563
145 82 12.530837
145 83 14.062683
145 84 12.236304
145 85 14.097055
145 86 11.898977
145 87 12.606990
145 88 13.714795
145 89 14.049755
145 90 13.964792
145 91 13.338982
145 92 13.726913
145 93 11.148207
145 94 13.527715
145 95 11.793751
145 96 11.563019
145 97 10.960386
145 98 13.258245
145 99 12.668552
145 100 11.231863
145 101 13.697981
145 102 14.571944
145 103 13.242210
145 104 13.024426
145 105 12.806788
145 106 11.433069
145 107 13.119784
145 108 14.427530
145 109 11.668291
145 110 14.417460
145 111 14.555790
145 112 11.769945
145 113 12.228878
145 114 14.310548
145 115 11.373637
145 116 12.448019
145 117 12.294260
145 118 13.143838
145 119 12.979316
145 120 11.863046
145 121 13.019183
145 122 11.877059
145 123 11.548139
145 124 13.312747
145 125 11.310568
145 126 13.881496
145 127 14.486476
145 128 12.620034
145 129 13.992348
145 130 14.017682
145 131 12.239493
145 132 12.198021
145 133 12.692308
145 134 13.998403
145 135 12.500802
145 136 14.580251
145 137 14.645543
145 138 11.203464
145 139 14.505396
145 140 11.594129
145 141 12.920899
145 142 13.493210
145 143 11.165007
145 144 13.796751
145 146 12.713753
145 147 14.115598
145 148 13.762116
145 149 11.699340
145 150 11.770540
145 151 13.033619
145 152 11.995542
145 153 11.780680
145 154 14.575224
145 155 11.979968
145 156 11.030093
145 157 12.689838
145 158 14.450206
145 159 11.069945
145 160 11.330821
145 161 11.205377
145 162 12.233280
145 163 11.145771
145 164 12.060461
145 165 13.667144
145 166 11.213036
145 167 13.501326
145 168 11.360642
145 169 11.060212
145 170 13.525874
145 171 12.538990
145 172 13.563581
145 173 13.928330
145 174 13.684701
145 175 12.313115
145 176 14.530459
145 177 14.151864
145 178 13.231656
145 179 14.732348
145 180 12.149772
145 181 11.465625
145 182 12.203402
145 183 12.666647
145 184 14.354122
145 185 12.820377
145 186 11.889149
145 187 13.194266
145 188 11.230379
145 189 11.865836
145 190 12.334739
145 191 12.611702
145 192 14.555970
145 193 13.669111
145 194 11.596467
145 195 11.753402
145 196 13.759099
145 197 11.045361
145 198 12.658058
145 199 14.038951
145 200 12.677617
146 0 14.371109
146 1 13.380678
146 2 13.359478
146 3 12.165609
146 4 13.562370
146 5 14.280102
146 6 13.392377
146 7 12.760143
146 8 13.198751
146 9 13.510324
146 10 14.679525
146 11 12.868012
146 12 11.287669
146 13 12.264562
146 14 12.859084
146 15 12.031593
146 16 14.371355
146 17 12.116834
146 18 12.370312
146 19 13.607197
146 20 11.796367
146 21 13.118612
146 22 11.085214
146 23 13.205260
146 24 13.892111
146 25 14.435758
146 26 12.731266
146 27 13.242958
146 28 13.852079
146 29 13.320999
146 30 13.289832
146 31 11.832238
146 32 14.261728
146 33 11.941535
146 34 12.840005
146 35 14.470649
146 36 14.404902
146 37 13.028368
146 38 10.941415
146 39 12.387435
146 40 13.827762
146 41 14.069360
146 42 14.290030
146 43 12.156579
146 44 14.766051
146 45 14.522971
146 46 12.455829
146 47 12.103699
146 48 14.404731
146 49 11.491388
146 50 11.361164
146 51 13.760311
146 52 12.101271
146 53 14.204895
146 54 12.377159
146 55 13.067184
146 56 14.110895
146 57 12.771728
146 58 11.747297
146 59 13.240726
146 60 11.075026
146 61 12.728393
146 62 13.202690
146 63 12.415873
146 64 11.926283
146 65 12.858997
146 66 13.185479
146 67 12.458379
146 68 11.357606
146 69 14.438358
146 70 12.034373
146 71 12.318490
146 72 11.639643
146 73 11.250822
146 74 11.701481
146 75 13.654439
146 76 12.919896
146 77 12.654247
146 78 14.063228
146 79 11.950060
146 80 12.215990
146 81 11.907404
146 82 14.255077
146 83 11.162365
146 84 14.748093
146 85 12.155031
146 86 11.292619
146 87 11.372117
146 88 13.919853
146 89 14.083343
146 90 13.973609
146 91 14.742041
146 92 12.265038
146 93 13.518475
146 94 11.490894
146 95 14.075995
146 96 12.447494
146 97 14.034594
146 98 11.809772
146 99 12.502979
146 100 12.433584
146 101 14.212008
146 102 12.551675
146 103 12.068084
146 104 14.673021
146 105 11.637759
146 106 11.233256
146 107 13.108478
146 108 11.205719
146 109 13.409877
146 110 13.705268
146 111 13.427172
146 112 11.393485
146 113 12.602682
146 114 11.832771
146 115 11.424514
146 116 13.792032
146 117 11.349967
146 118 13.650682
146 119 14.234050
146 120 13.613090
146 121 13.786518
146 122 12.305559
146 123 14.667977
146 124 12.709578
146 125 13.048107
146 126 12.720916
146 127 14.076023
146 128 13.172305
146 129 14.055697
146 130 14.426040
146 131 13.655414
146 132 12.211573
146 133 13.618934
146 134 13.655003
146 135 11.414216
146 136 13.840913
146 137 13.159198
146 138 14.336622
146 139 13.949929
146 140 14.210025
146 141 10.963672
146 142 14.301203
146 143 11.580536
146 144 14.040829
146 145 12.713753
146 147 13.093511
146 148 13.823138
146 149 12.814312
146 150 13.773485
146 151 10.949987
146 152 11.569434
146 153 13.454486
146 154 14.535763
146 155 11.929020
146 156 13.096220
146 157 11.950863
146 158 11.832682
146 159 14.398182
146 160 13.207073
146 161 10.944437
146 162 11.991189
146 163 12.678925
146 164 11.598068
146 165 14.600629
146 166 11.253232
146 167 12.782505
146 168 13.163447
146 169 11.773917
146 170 12.456922
146 171 14.198558
146 172 11.536731
146 173 11.836612
146 174 13.705886
146 175 11.767310
146 176 11.955978
146 177 13.173181
146 178 10.993343
146 179 12.072060
146 180 12.331206
146 181 11.834304
146 182 12.387793
146 183 12.374543
146 184 12.189597
146 185 12.613907
146 186 14.462776
146 187 14.680411
146 188 14.232062
146 189 14.463226
146 190 12.129155
146 191 14.418552
146 192 14.339028
146 193 12.003051
146 194 14.392725
146 195 12.510232
146 196 13.244870
146 197 11.496902
146 198 12.594319
146 199 13.787936
146 200 12.840896
147 0 13.458689
147 1 12.682523
147 2 13.634454
147 3 12.169319
147 4 12.592918
147 5 13.377552
147 6 11.889634
147 7 14.715809
147 8 14.191228
147 9 12.159754
147 10 14.064707
147 11 12.356246
147 12 12.207233
147 13 11.722147
147 14 14.054337
147 15 14.106683
147 16 12.485989
147 17 11.621524
147 18 12.318198
147 19 13.665368
147 20 13.366614
147 21 11.248753
147 22 14.053016
147 23 11.095283
147 24 13.394493
147 25 10.972857
147 26 12.743287
147 27 11.214894
147 28 11.079290
147 29 11.182644
147 30 10.972392
147 31 11.451863
147 32 14.642818
147 33 14.781120
147 34 14.763091
147 35 12.220916
147 36 12.019596
147 37 13.514438
147 38 13.398106
147 39 14.032704
147 40 12.639138
147 41 13.604950
147 42 12.644974
147 43 13.072782
147 44 11.870041
147 45 11.802756
147 46 12.308821
147 47 13.311665
147 48 12.248103
147 49 10.974704
147 50 12.367265
147 51 14.698726
147 52 11.975513
147 53 13.548343
147 54 14.399392
147 55 12.355011
147 56 12.770559
147 57 11.100136
147 58 12.780351
147 59 13.206760
147 60 14.616826
147 61 11.322627
147 62 13.666710
147 63 11.443773
147 64 12.693116
147 65 13.286698
147 66 12.417488
147 67 12.994276
147 68 14.027945
147 69 12.497947
147 70 11.724198
147 71 14.369141
147 72 14.065896
147 73 13.907899
147 74 14.274365
147 75 12.205712
147 76 12.633525
147 77 11.481315
147 78 14.039470
147 79 14.231265
147 80 14.211214
147 81 14.494878
147 82 12.532601
147 83 12.041372
147 84 12.914002
147 85 11.797978
147 86 11.855237
147 87 12.802350
147 88 13.072620
147 89 13.222550
147 90 13.833967
147 91 14.190774
147 92 14.649324
147 93 11.565459
147 94 11.128935
147 95 14.166374
147 96 13.601374
147 97 12.391393
147 98 11.908804
147 99 14.322778
147 100 11.942750
147 101 11.999763
147 102 14.350856
147 103 11.908819
147 104 10.953482
147 105 11.812527
147 106 12.528111
147 107 14.234400
147 108 11.347056
147 109 14.034479
147 110 14.342830
147 111 10.972963
147 112 12.968498
147 113 13.926780
147 114 12.851470
147 115 11.360445
147 116 12.970917
147 117 10.987487
147 118 11.078878
147 119 14.505276
147 120 11.421974
147 121 13.054474
147 122 13.186144
147 123 12.240110
147 124 11.400115
147 125 11.964822
147 126 13.581730
147 127 12.056268
147 128 12.504568
147 129 12.012343
147 130 14.806409
147 131 12.916168
147 132 12.533538
147 133 11.887631
147 134 11.259260
147 135 11.253637
147 136 12.584669
147 137 13.524728
147 138 12.330954
147 139 14.381044
147 140 11.095448
147 141 11.120972
147 142 11.540778
147 143 13.951171
147 144 11.579825
147 145 14.115598
147 146 13.093511
147 148 12.010303
147 149 11.609318
147 150 14.296067
147 151 11.392328
147 152 13.094307
147 153 12.381199
147 154 11.052202
147 155 11.847449
147 156 10.938104
147 157 13.417652
147 158 12.472420
147 159 12.983979
147 160 11.545552
147 161 12.300170
147 162 11.141474
147 163 13.151633
147 164 14.187121
147 165 13.155527
147 166 13.107502
147 167 12.533102
147 168 10.952472
147 169 13.777480
147 170 13.534078
147 171 13.001277
147 172 11.648942
147 173 11.760043
147 174 14.073428
147 175 11.285345
147 176 13.115864
147 177 12.316005
147 178 13.799055
147 179 14.384910
147 180 11.822365
147 181 12.184741
147 182 13.209496
147 183 14.697082
147 184 12.000756
147 185 14.259168
147 186 11.646404
147 187 11.388480
147 188 11.403360
147 189 12.178520
147 190 13.006588
147 191 13.574897
147 192 10.936550
147 193 12.893507
147 194 11.454611
147 195 11.631446
147 196 11.470641
147 197 10.926323
147 198 13.206679
147 199 11.358122
147 200 11.951962
148 0 13.188406
148 1 14.121178
148 2 11.839238
148 3 12.364428
148 4 12.681015
148 5 11.937021
148 6 11.978713
148 7 11.337654
148 8 13.819830
148 9 14.250975
148 10 14.654786
148 11 14.143251
148 12 13.163762
148 13 11.449848
148 14 13.076965
148 15 13.749674
148 16 13.014694
148 17 10.992035
148 18 12.006084
148 19 13.713497
148 20 11.650139
148 21 14.386613
148 22 11.015839
148 23 10.941031
148 24 10.930927
148 25 13.967574
148 26 11.477063
148 27 14.216228
148 28 12.073236
148 29 13.538507
148 30 13.931057
148 31 13.479587
148 32 11.529582
148 33 14.647257
148 34 13.121659
148 35 12.595597
148 36 13.717213
148 37 12.135794
148 38 13.579610
148 39 13.254274
148 40 14.782290
148 41 12.273676
148 42 14.642322
148 43 11.054180
148 44 12.234348
148 45 14.626643
148 46 12.229048
148 47 12.777793
148 48 12.762536
148 49 11.130404
148 50 14.469349
148 51 14.506216
148 52 13.524485
148 53 11.194704
148 54 13.714041
148 55 11.101029
148 56 11.454916
148 57 14.512384
148 58 12.224868
148 59 11.618753
148 60 12.067889
148 61 12.175175
148 62 11.961841
148 63 11.124241
148 64 13.840860
148 65 11.040082
148 66 12.519793
148 67 14.810978
148 68 12.187872
148 69 14.309567
148 70 13.911510
148 71 10.924640
148 72 14.793713
148 73 13.947908
148 74 11.384272
148 75 13.384377
148 76 13.574348
148 77 11.514688
148 78 12.839541
148 79 13.077941
148 80 11.943277
148 81 12.724538
148 82 14.808830
148 83 13.227374
148 84 12.805117
148 85 11.597104
148 86 12.591609
148 87 12.949790
148 88 11.677681
148 89 12.453873
148 90 11.416425
148 91 13.570129
148 92 14.204653
148 93 12.093295
148 94 10.993677
148 95 14.172164
148 96 12.129735
148 97 13.081291
148 98 14.679102
148 99 12.550300
148 100 14.119215
148 101 12.540760
148 102 11.664874
148 103 11.189613
148 104 11.494871
148 105 11.844527
148 106 13.157445
148 107 14.309461
148 108 11.882096
148 109 11.421523
148 110 11.706497
148 111 12.277333
148 112 13.420374
148 113 14.505758
148 114 11.883601
148 115 12.703892
148 116 11.165272
148 117 13.311337
148 118 14.786334
148 119 11.917760
148 120 12.453578
148 121 11.928671
148 122 13.587360
148 123 12.208119
148 124 14.077418
148 125 13.019911
148 126 10.931436
148 127 12.177112
148 128 14.784849
148 129 13.072128
148 130 11.624592
148 131 12.506705
148 132 12.579951
148 133 13.164030
148 134 13.314419
148 135 12.837062
148 136 13.080665
148 137 13.288502
148 138 14.180982
148 139 14.075881
148 140 12.925137
148 141 11.301510
148 142 14.044932
148 143 14.123086
148 144 14.337117
148 145 13.762116
148 146 13.823138
148 147 12.010303
148 149 14.201891
148 150 14.131167
148 151 11.726240
148 152 12.748835
148 153 13.499834
148 154 13.892442
148 155 13.043439
148 156 13.207502
148 157 11.105391
148 158 11.471266
148 159 11.786388
148 160 10.980829
148 161 13.966697
148 162 11.124409
148 163 13.772763
148 164 11.109945
148 165 11.913778
148 166 13.536971
148 167 12.011097
148 168 12.115085
148 169 14.760377
148 170 11.911956
148 171 14.633952
148 172 11.625699
148 173 13.249912
148 174 13.616428
148 175 12.709201
148 176 12.601191
148 177 13.096409
148 178 13.456729
148 179 14.406974
148 180 12.002096
148 181 11.162843
148 182 12.767448
148 183 11.613390
148 184 12.945994
148 185 12.595700
148 186 14.403244
148 187 12.668130
148 188 13.320095
148 189 13.419241
148 190 13.914457
148 191 12.334625
148 192 12.353558
148 193 11.384499
148 194 11.546063
148 195 13.183377
148 196 12.725612
148 197 14.801035
148 198 11.278057
148 199 12.089328
148 200 12.513713
149 0 11.120512
149 1 11.020467
149 2 14.269963
149 3 14.521241
149 4 13.890431
149 5 13.305545
149 6 12.786384
149 7 14.622487
149 8 12.122149
149 9 12.485824
149 10 14.569877
149 11 13.984628
149 12 11.616084
149 13 14.274371
149 14 12.945829
149 15 13.008430
149 16 14.575606
149 17 13.262677
149 18 10.999248
149 19 14.347643
149 20 13.210128
149 21 12.326470
149 22 14.210592
149 23 12.255732
149 24 14.138595
149 25 14.777928
149 26 12.563628
149 27 12.759586
149 28 13.199602
149 29 14.638052
149 30 11.965112
149 31 12.968828
149 32 12.665547
149 33 13.073495
149 34 14.108325
149 35 13.128767
149 36 11.330340
149 37 13.570321
149 38 13.247782
149 39 12.010555
149 40 13.323497
149 41 13.050792
149 42 12.927824
149 43 11.496234
149 44 13.785857
149 45 11.801388
149 46 12.987261
149 47 13.658122
149 48 14.660154
149 49 13.025728
149 50 11.378819
149 51 14.498941
149 52 11.892148
149 53 12.498827
149 54 10.972598
149 55 12.613018
149 56 11.192830
149 57 11.704333
149 58 11.550715
149 59 14.568261
149 60 12.783805
149 61 12.611584
149 62 13.064410
149 63 13.167961
149 64 13.830681
149 65 11.818104
149 66 14.181586
149 67 13.999178
149 68 12.549817
149 69 12.012011
149 70 12.162095
149 71 11.750691
149 72 14.669040
149 73 11.885260
149 74 14.069912
149 75 11.495251
149 76 14.096266
149 77 12.660440
149 78 13.794914
149 79 12.448764
149 80 11.010705
149 81 11.027548
149 82 12.712088
149 83 13.369982
149 84 11.578708
149 85 13.660127
149 86 13.381079
149 87 14.786337
149 88 14.162270
149 89 13.015698
149 90 13.911735
149 91 13.647147
149 92 14.538371
149 93 11.426920
149 94 13.186453
149 95 12.163672
149 96 14.006745
149 97 11.290822
149 98 11.491612
149 99 12.325813
149 100 11.908523
149 101 13.343240
149 102 11.792452
149 103 13.629119
149 104 13.353605
149 105 13.069798
149 106 14.075904
149 107 11.719629
149 108 14.421119
149 109 12.563637
149 110 11.847982
149 111 14.218301
149 112 13.283628
149 113 12.811650
149 114 13.273050
149 115 11.017323
149 116 14.764869
149 117 14.163686
149 118 14.184731
149 119 14.550937
149 120 12.062944
149 121 14.728416
149 122 13.717085
149 123 12.055901
149 124 13.168603
149 125 13.555448
149 126 11.490470
149 127 14.636632
149 128 13.898428
149 129 13.164344
149 130 14.698301
149 131 12.329388
149 132 12.075909
149 133 14.642330
149 134 12.589699
149 135 13.491444
149 136 13.061559
149 137 12.749381
149 138 11.865079
149 139 12.815452
149 140 13.813183
149 141 11.161124
149 142 13.514980
149 143 12.480838
149 144 13.958421
149 145 11.699340
149 146 12.814312
149 147 11.609318
149 148 14.201891
149 150 11.304866
149 151 11.081031
149 152 12.031462
149 153 13.872812
149 154 11.205024
149 155 12.388930
149 156 12.917451
149 157 11.823777
149 158 12.201861
149 159 11.372174
149 160 12.249113
149 161 13.165787
149 162 11.183550
149 163 13.783164
149 164 12.550898
149 165 13.048487
149 166 12.790869
149 167 14.352028
149 168 13.208886
149 169 14.257635
149 170 12.464869
149 171 14.612535
149 172 13.130734
149 173 14.057363
149 174 12.713849
149 175 14.724888
149 176 13.250121
149 177 14.817138
149 178 12.321534
149 179 13.646151
149 180 14.560595
149 181 14.430571
149 182 13.599878
149 183 14.455851
149 184 14.739997
149 185 13.550542
149 186 10.948884
149 187 14.164424
149 188 12.479076
149 189 13.645225
149 190 13.550872
149 191 12.444730
149 192 13.726645
149 193 13.774767
149 194 14.080311
149 195 12.973331
149 196 12.654302
149 197 11.528533
149 198 14.315222
149 199 11.706387
149 200 13.145281
150 0 14.422090
150 1 12.813556
150 2 14.202049
150 3 12.891260
150 4 13.673737
150 5 11.646527
150 6 12.620332
150 7 13.180527
150 8 12.861402
150 9 13.308782
150 10 14.008039
150 11 12.659402
150 12 12.580072
150 13 14.391036
150 14 12.456487
150 15 14.011015
150 16 13.378434
150 17 12.210295
150 18 14.702228
150 19 12.495834
150 20 12.518040
150 21 12.959637
150 22 12.619463
150 23 12.908279
150 24 11.075608
150 25 11.221447
150 26 12.675151
150 27 11.819022
150 28 11.838153
150 29 11.497167
150 30 14.594206
150 31 14.384469
150 32 11.326852
150 33 14.222572
150 34 11.260751
150 35 12.419325
150 36 12.817502
150 37 12.950805
150 38 12.012838
150 39 13.554992
150 40 13.753885
150 41 11.791822
150 42 11.666662
150 43 14.355482
150 44 13.581416
150 45 11.258123
150 46 11.921036
150 47 11.184140
150 48 10.974188
150 49 11.285470
150 50 12.427438
150 51 11.279134
150 52 11.502045
150 53 13.597296
150 54 12.150578
150 55 12.482023
150 56 14.538768
150 57 13.768319
150 58 14.127262
150 59 11.487414
150 60 11.653171
150 61 11.061182
150 62 14.314302
150 63 14.218687
150 64 12.869839
150 65 13.369438
150 66 12.700073
150 67 12.306350
150 68 14.034800
150 69 11.926892
150 70 13.778845
150 71 11.431238
150 72 13.595427
150 73 12.603988
150 74 14.497367
150 75 12.954189
150 76 11.978800
150 77 12.600281
150 78 10.954624
150 79 12.021398
150 80 12.006028
150 81 13.086355
150 82 14.487101
150 83 12.814069
150 84 13.980266
150 85 11.613472
150 86 12.157769
150 87 12.131417
150 88 12.113100
150 89 13.199383
150 90 10.948008
150 91 12.611398
150 92 13.768647
150 93 11.512502
150 94 13.493994
150 95 13.117285
150 96 10.955462
150 97 11.996621
150 98 13.776583
150 99 12.749200
150 100 11.983805
150 101 12.228626
150 102 12.903317
150 103 14.383554
150 104 11.691800
150 105 12.986485
150 106 11.614516
150 107 11.307731
150 108 13.765571
150 109 12.706293
150 110 13.994744
150 111 12.767400
150 112 13.571080
150 113 11.693116
150 114 11.805692
150 115 14.658089
150 116 12.504000
150 117 12.476751
150 118 13.705650
150 119 13.687342
150 120 12.974158
150 121 12.451185
150 122 11.964286
150 123 14.580578
150 124 14.578779
150 125 11.896150
150 126 13.162054
150 127 11.760826
150 128 10.986911
150 129 12.225744
150 130 12.037646
150 131 14.638673
150 132 12.202062
150 133 13.419873
150 134 14.105018
150 135 11.072983
150 136 13.926649
150 137 11.714361
150 138 12.481449
150 139 12.509880
150 140 13.352240
150 141 14.295826
150 142 13.354252
150 143 14.173629
150 144 13.752133
150 145 11.770540
150 146 13.773485
150 147 14.296067
150 148 14.131167
150 149 11.304866
150 151 13.265142
150 152 13.162081
150 153 13.045539
150 154 13.150723
150 155 12.972426
150 156 13.359554
150 157 13.934630
150 158 11.725537
150 159 11.551046
150 160 10.954150
150 161 12.847439
150 162 11.722634
150 163 12.763904
150 164 13.452755
150 165 14.758898
150 166 13.118008
150 167 12.931168
150 168 12.493808
150 169 14.188760
150 170 12.184715
150 171 13.783302
150 172 14.268603
150 173 11.959091
150 174 11.964085
150 175 11.974550
150 176 11.358682
150 177 11.404465
150 178 14.039569
150 179 10.932091
150 180 13.749445
150 181 13.478339
150 182 13.408773
150 183 11.984685
150 184 14.077593
150 185 11.866940
150 186 13.790511
150 187 14.771988
150 188 14.038829
150 189 12.033041
150 190 12.184803
150 191 12.193527
150 192 14.292718
150 193 12.541532
150 194 13.385682
150 195 12.413379
150 196 12.405722
150 197 12.407449
150 198 12.941423
150 199 13.905386
150 200 13.637693
151 0 11.140048
151 1 14.418205
151 2 11.958534
151 3 14.698486
151 4 12.428516
151 5 13.105220
151 6 12.138011
151 7 14.512534
151 8 11.217447
151 9 11.945749
151 10 13.727970
151 11 14.627044
151 12 11.957286
151 13 13.525624
151 14 13.662411
151 15 12.625673
151 16 12.461388
151 17 13.725947
151 18 12.715288
151 19 13.740620
151 20 14.564877
151 21 14.295435
151 22 11.744896
151 23 11.021208
151 24 13.008638
151 25 12.095884
151 26 11.645826
151 27 14.675722
151 28 14.516327
151 29 14.313127
151 30 13.056338
151 31 11.929614
151 32 11.330613
151 33 14.725807
151 34 14.355432
151 35 12.351204
151 36 12.021290
151 37 12.005895
151 38 13.143013
151 39 12.172267
151 40 12.784118
151 41 14.490953
151 42 14.614685
151 43 14.479717
151 44 14.423769
151 45 13.973327
151 46 12.627694
151 47 11.785212
151 48 11.911944
151 49 12.677046
151 50 12.111316
151 51 13.376085
151 52 12.451425
151 53 12.928910
151 54 14.242664
151 55 11.209271
151 56 14.796347
151 57 13.095831
151 58 11.506677
151 59 13.168324
151 60 14.479191
151 61 13.966048
151 62 12.558143
151 63 13.752406
151 64 14.407600
151 65 13.873471
151 66 13.277740
151 67 10.999700
151 68 10.952530
151 69 14.282278
151 70 14.243088
151 71 11.174715
151 72 11.173257
151 73 14.587565
151 74 13.532045
151 75 13.025983
151 76 13.577076
151 77 11.087662
151 78 12.813179
151 79 11.013543
151 80 11.007593
151 81 12.565932
151 82 13.845244
151 83 14.299851
151 84 13.492773
151 85 14.350937
151 86 13.500456
151 87 13.998286
151 88 13.661017
151 89 14.412593
151 90 12.654661
151 91 14.672907
151 92 11.624323
151 93 13.779780
151 94 11.171246
151 95 13.177653
151 96 14.009798
151 97 14.712404
151 98 11.290550
151 99 12.319955
151 100 11.326455
151 101 13.745939
151 102 14.413781
151 103 12.862097
151 104 11.429681
151 105 13.475655
151 106 14.816389
151 107 12.717403
151 108 12.228829
151 109 12.769758
151 110 12.953196
151 111 14.349568
151 112 12.225446
151 113 12.813005
151 114 13.530286
151 115 10.995074
151 116 11.373276
151 117 11.198795
151 118 13.172139
151 119 13.482896
151 120 11.550308
151 121 12.060306
151 122 14.505778
151 123 11.953285
151 124 14.053614
151 125 11.077062
151 126 12.900571
151 127 11.526085
151 128 13.836444
151 129 12.862642
151 130 12.754813
151 131 12.410692
151 132 11.598033
151 133 11.571571
151 134 14.568453
151 135 11.143154
151 136 12.168444
151 137 13.579899
151 138 14.348147
151 139 13.525022
151 140 11.717122
151 141 13.496370
151 142 11.518373
151 143 11.657867
151 144 11.971639
151 145 13.033619
151 146 10.949987
151 147 11.392328
151 148 11.726240
151 149 11.081031
151 150 13.265142
151 152 14.469215
151 153 11.208538
151 154 11.994462
151 155 12.684388
151 156 11.066146
151 157 11.319591
151 158 12.513960
151 159 13.632255
151 160 14.627633
151 161 11.687970
151 162 14.150017
151 163 11.368820
151 164 13.628687
151 165 13.150405
151 166 14.588044
151 167 13.987829
151 168 14.292453
151 169 11.724878
151 170 12.386193
151 171 14.397282
151 172 13.560111
151 173 11.435957
151 174 11.796192
151 175 14.598117
151 176 14.453643
151 177 13.322488
151 178 13.358221
151 179 11.646143
151 180 11.931870
151 181 13.860659
151 182 12.853927
151 183 14.537678
151 184 13.484143
151 185 13.268115
151 186 14.113256
151 187 13.361857
151 188 13.657866
151 189 13.277384
151 190 11.606561
151 191 11.410878
151 192 13.196426
151 193 13.648862
151 194 14.582083
151 195 13.914960
151 196 13.794341
151 197 11.771397
151 198 13.146629
151 199 14.356607
151 200 12.917615
152 0 12.287922
152 1 13.791255
152 2 11.356220
152 3 11.098350
152 4 12.575702
152 5 11.891903
152 6 13.498772
152 7 12.968821
152 8 14.750684
152 9 13.888594
152 10 14.051196
152 11 13.280825
152 12 11.243746
152 13 11.400622
152 14 12.132468
152 15 13.184833
152 16 11.397834
152 17 13.809337
152 18 11.632968
152 19 11.105587
152 20 12.777531
152 21 14.810374
152 22 13.028765
152 23 11.610397
152 24 12.621080
152 25 11.768278
152 26 12.260377
152 27 13.986070
152 28 13.734706
152 29 14.637938
152 30 14.563694
152 31 14.548890
152 32 14.488634
152 33 11.438921
152 34 11.168411
152 35 13.911864
152 36 12.917251
152 37 14.504544
152 38 11.204817
152 39 11.832399
152 40 13.992485
152 41 14.056165
152 42 12.006823
152 43 11.699479
152 44 13.944695
152 45 12.026293
152 46 12.017700
152 47 14.604555
152 48 12.973042
152 49 14.334428
152 50 12.286050
152 51 13.785438
152 52 12.282713
152 53 13.208372
152 54 13.725600
152 55 11.398960
152 56 11.764653
152 57 11.039388
152 58 11.329681
152 59 14.718522
152 60 11.751035
152 61 13.113389
152 62 11.420065
152 63 12.192096
152 64 13.439382
152 65 12.553131
152 66 14.387299
152 67 12.063686
152 68 11.193655
152 69 12.401222
152 70 13.171006
152 71 12.240351
152 72 14.359377
152 73 14.706658
152 74 12.340031
152 75 11.251675
152 76 14.045637
152 77 13.524728
152 78 14.298108
152 79 11.189324
152 80 14.753287
152 81 13.318083
152 82 14.030512
152 83 11.552538
152 84 13.509176
152 85 13.139411
152 86 11.952051
152 87 14.702731
152 88 11.212464
152 89 12.473068
152 90 14.177426
152 91 14.215723
152 92 12.232361
152 93 11.863321
152 94 13.422879
152 95 14.014933
152 96 13.805640
152 97 12.064367
152 98 13.990027
152 99 14.663337
152 100 13.525552
152 101 13.421745
152 102 11.511967
152 103 14.301568
152 104 13.471457
152 105 12.824245
152 106 11.655081
152 107 13.379578
152 108 13.675575
152 109 14.760678
152 110 13.584324
152 111 12.478511
152 112 12.175862
152 113 12.996701
152 114 13.651785
152 115 11.219404
152 116 12.703424
152 117 11.542569
152 118 11.368817
152 119 12.049464
152 120 14.665273
152 121 13.027397
152 122 13.508751
152 123 13.046621
152 124 12.467782
152 125 12.409547
152 126 10.945604
152 127 13.368856
152 128 13.738286
152 129 12.927898
152 130 12.746533
152 131 11.788935
152 132 12.597784
152 133 11.390502
152 134 13.419445
152 135 14.719396
152 136 14.305110
152 137 12.102460
152 138 12.000373
152 139 13.867140
152 140 12.785665
152 141 11.691407
152 142 11.985267
152 143 12.932686
152 144 14.436922
152 145 11.995542
152 146 11.569434
152 147 13.094307
152 148 12.748835
152 149 12.031462
152 150 13.162081
152 151 14.469215
152 153 13.474963
152 154 13.096344
152 155 12.880249
152 156 13.073845
152 157 12.698106
152 158 14.518482
152 159 11.676059
152 160 13.327759
152 161 10.994586
152 162 13.830276
152 163 12.909109
152 164 13.559364
152 165 11.788576
152 166 14.289528
152 167 11.217351
152 168 13.525058
152 169 14.089097
152 170 13.268528
152 171 12.517751
152 172 13.898743
152 173 14.591124
152 174 11.978368
152 175 11.021769
152 176 14.488366
152 177 11.026742
152 178 13.052616
152 179 14.215658
152 180 11.716624
152 181 14.694739
152 182 12.221929
152 183 12.680513
152 184 13.790536
152 185 12.626581
152 186 12.571037
152 187 14.545598
152 188 11.229210
152 189 12.095518
152 190 13.141667
152 191 13.040443
152 192 13.874079
152 193 14.721790
152 194 13.197898
152 195 11.108747
152 196 14.655929
152 197 10.979722
152 198 11.178323
152 199 13.850792
152 200 14.088471
153 0 11.797166
153 1 12.888359
153 2 13.097520
153 3 12.957516
153 4 13.410506
153 5 14.379106
153 6 11.188664
153 7 12.952920
153 8 11.952283
153 9 11.975893
153 10 13.082143
153 11 12.286656
153 12 12.130997
153 13 12.833014
153 14 13.343708
153 15 13.795804
153 16 11.647723
153 17 11.239508
153 18 13.907015
153 19 14.505953
153 20 14.133565
153 21 13.472563
153 22 14.576097
153 23 14.120287
153 24 12.493110
153 25 14.101420
153 26 14.686908
153 27 14.661543
153 28 14.743024
153 29 14.788277
153 30 13.237804
153 31 13.015282
153 32 12.345206
153 33 14.566621
153 34 13.085905
153 35 11.835234
153 36 11.316001
153 37 14.611190
153 38 12.912221
153 39 12.659114
153 40 11.266589
153 41 12.240943
153 42 14.742734
153 43 11.291298
153 44 14.816187
153 45 13.799297
153 46 13.381888
153 47 10.963778
153 48 14.361022
153 49 12.005650
153 50 12.909515
153 51 13.774657
153 52 11.471475
153 53 11.317177
153 54 11.248477
153 55 14.135616
153 56 11.424935
153 57 13.525301
153 58 12.750342
153 59 12.726785
153 60 14.306040
153 61 12.054531
153 62 11.422936
153 63 10.943514
153 64 11.221522
153 65 11.986616
153 66 14.124612
153 67 11.054615
153 68 11.894160
153 69 11.348044
153 70 13.543303
153 71 11.276455
153 72 13.895373
153 73 14.524283
153 74 12.225125
153 75 11.547401
153 76 14.664853
153 77 14.621992
153 78 11.925131
153 79 13.554171
153 80 11.731038
153 81 12.899669
153 82 13.029187
153 83 14.065372
153 84 14.201462
153 85 14.375224
153 86 14.700096
153 87 11.824796
153 88 11.794020
153 89 13.611849
153 90 14.803648
153 91 12.281343
153 92 13.219460
153 93 12.744443
153 94 13.061203
153 95 10.933939
153 96 11.055264
153 97 14.753765
153 98 13.537771
153 99 12.551247
153 100 14.490566
153 101 12.004832
153 102 11.313502
153 103 13.002775
153 104 12.075692
153 105 14.604017
153 106 13.067569
153 107 11.718235
153 108 13.222589
153 109 12.415773
153 110 13.766333
153 111 11.035212
153 112 14.615507
153 113 12.840696
153 114 14.196644
153 115 12.572996
153 116 11.407287
153 117 11.797768
153 118 13.472719
153 119 14.754361
153 120 14.763697
153 121 13.748886
153 122 12.931328
153 123 13.785878
153 124 14.425756
153 125 11.031536
153 126 13.311560
153 127 13.504674
153 128 11.781392
153 129 12.197646
153 130 14.771680
153 131 11.005530
153 132 13.824075
153 133 12.521487
153 134 14.773039
153 135 13.685537
153 136 11.423511
153 137 13.769798
153 138 14.731014
153 139 12.533058
153 140 12.419343
153 141 11.862160
153 142 12.282962
153 143 13.775217
153 144 11.000713
153 145 11.780680
153 146 13.454486
153 147 12.381199
153 148 13.499834
153 149 13.872812
153 150 13.045539
153 151 11.208538
153 152 13.474963
153 154 11.083041
153 155 11.803260
153 156 11.459508
153 157 13.229526
153 158 14.473976
153 159 12.105795
153 160 12.480449
153 161 11.831983
153 162 12.890036
153 163 12.850396
153 164 13.040496
153 165 13.498350
153 166 14.447086
153 167 12.396278
153 168 12.851044
153 169 11.784116
153 170 14.415852
153 171 14.195439
153 172 14.269710
153 173 13.927628
153 174 11.040358
153 175 13.161020
153 176 11.986538
153 177 13.974687
153 178 11.987338
153 179 14.301045
153 180 14.066072
153 181 14.601488
153 182 13.771278
153 183 14.499492
153 184 11.740178
153 185 12.742152
153 186 14.812118
153 187 12.675578
153 188 11.653739
153 189 11.712367
153 190 13.801149
153 191 13.451280
153 192 12.545329
153 193 13.760275
153 194 12.256512
153 195 11.431480
153 196 11.941864
153 197 11.212385
153 198 14.262992
153 199 11.079002
153 200 14.097433
154 0 13.836292
154 1 11.240985
154 2 14.002279
154 3 12.547399
154 4 14.239344
154 5 13.846366
154 6 14.514673
154 7 11.499197
154 8 13.678803
154 9 11.783475
154 10 13.679711
154 11 11.698220
154 12 13.391492
154 13 13.368987
154 14 14.062012
154 15 11.426088
154 16 11.971807
154 17 11.581307
154 18 13.507418
154 19 13.322927
154 20 13.329532
154 21 11.388053
154 22 12.738912
154 23 14.660642
154 24 13.882526
154 25 13.800298
154 26 11.542363
154 27 12.242440
154 28 14.078556
154 29 12.970328
154 30 11.638531
154 31 12.623910
154 32 11.817759
154 33 12.596028
154 34 12.477446
154 35 13.201004
154 36 14.193055
154 37 10.975892
154 38 12.315301
154 39 12.081145
154 40 12.230847
154 41 14.183846
154 42 11.642257
154 43 11.166411
154 44 14.320502
154 45 14.556865
154 46 11.430286
154 47 11.375135
154 48 11.342187
154 49 13.853281
154 50 11.974273
154 51 13.372871
154 52 12.981556
154 53 12.410518
154 54 11.752526
154 55 13.179444
154 56 11.760383
154 57 11.072083
154 58 14.015456
154 59 12.908502
154 60 12.181465
154 61 14.512556
154 62 11.868481
154 63 11.204692
154 64 14.628118
154 65 11.007274
154 66 11.519625
154 67 10.975375
154 68 10.933343
154 69 12.423786
154 70 13.747326
154 71 11.877890
154 72 11.751364
154 73 14.218477
154 74 12.292689
154 75 14.176234
154 76 13.245640
154 77 11.032470
154 78 12.756092
154 79 11.673495
154 80 12.209002
154 81 12.926098
154 82 12.999539
154 83 13.559399
154 84 12.038820
154 85 14.547890
154 86 11.860722
154 87 11.900706
154 88 11.906610
154 89 14.769544
154 90 11.075775
154 91 11.416778
154 92 12.204829
154 93 13.842933
154 94 12.140510
154 95 13.616516
154 96 11.049867
154 97 11.047907
154 98 11.676693
154 99 13.910403
154 100 11.338556
154 101 14.562954
154 102 11.287296
154 103 13.814976
154 104 12.753583
154 105 13.248142
154 106 14.308583
154 107 12.867834
154 108 12.538339
154 109 14.791984
154 110 14.196682
154 111 14.127268
154 112 13.893036
154 113 11.084292
154 114 11.697832
154 115 13.087431
154 116 12.715252
154 117 12.043231
154 118 14.710312
154 119 14.717163
154 120 11.790705
154 121 14.691417
154 122 14.153642
154 123 14.469861
154 124 13.638279
154 125 12.528977
154 126 14.100690
154 127 11.465262
154 128 11.203674
154 129 12.276882
154 130 12.881692
154 131 14.812634
154 132 12.929263
154 133 12.954370
154 134 12.567577
154 135 14.388584
154 136 14.289151
154 137 12.770229
154 138 12.449610
154 139 11.106333
154 140 11.973655
154 141 11.559600
154 142 12.676683
154 143 12.477103
154 144 13.049433
154 145 14.575224
154 146 14.535763
154 147 11.052202
154 148 13.892442
154 149 11.205024
154 150 13.150723
154 151 11.994462
154 152 13.096344
154 153 11.083041
154 155 13.429117
154 156 12.994594
154 157 11.987272
154 158 12.069429
154 159 11.959810
154 160 12.633345
154 161 14.423670
154 162 11.514200
154 163 13.675053
154 164 12.259586
154 165 12.279450
154 166 11.082973
154 167 13.612362
154 168 14.212009
154 169 11.563397
154 170 14.810748
154 171 14.354061
154 172 12.789881
154 173 13.126869
154 174 14.063769
154 175 12.536419
154 176 14.706089
154 177 12.266443
154 178 12.679573
154 179 13.206496
154 180 13.242106
154 181 14.094507
154 182 13.647862
154 183 12.740753
154 184 11.264184
154 185 11.328738
154 186 13.957047
154 187 11.608360
154 188 14.811194
154 189 13.344209
154 190 13.361772
154 191 11.723652
154 192 14.577843
154 193 11.970106
154 194 12.874563
154 195 14.720457
154 196 11.577376
154 197 13.213551
154 198 14.667500
154 199 13.885687
154 200 13.966438
155 0 13.538236
155 1 12.580585
155 2 11.578687
155 3 14.118985
155 4 14.775690
155 5 12.554357
155 6 14.737557
155 7 11.136488
155 8 14.340193
155 9 12.183128
155 10 13.016449
155 11 11.081986
155 12 10.959401
155 13 10.935324
155 14 14.325886
155 15 11.566316
155 16 13.950813
155 17 13.404547
155 18 13.699203
155 19 14.358459
155 20 14.191564
155 21 14.289615
155 22 11.411237
155 23 11.673187
155 24 11.835624
155 25 14.047611
155 26 13.390147
155 27 12.396784
155 28 11.197570
155 29 11.952622
155 30 11.741238
155 31 13.800172
155 32 10.922042
155 33 12.073812
155 34 14.753517
155 35 11.197339
155 36 11.159349
155 37 11.405215
155 38 14.620739
155 39 13.908835
155 40 14.174995
155 41 10.932480
155 42 12.085610
155 43 14.754880
155 44 12.050122
155 45 13.357388
155 46 12.545007
155 47 13.038093
155 48 13.740208
155 49 13.714131
155 50 14.019735
155 51 13.556560
155 52 12.652066
155 53 12.836958
155 54 14.515351
155 55 10.996919
155 56 11.057524
155 57 12.007301
155 58 12.333132
155 59 13.607346
155 60 12.258962
155 61 13.028030
155 62 11.636788
155 63 11.198082
155 64 11.234788
155 65 11.678664
155 66 10.943604
155 67 11.322747
155 68 13.504904
155 69 13.475335
155 70 12.135061
155 71 12.180633
155 72 13.332233
155 73 12.981180
155 74 14.592036
155 75 14.563171
155 76 14.535239
155 77 13.296322
155 78 14.444253
155 79 13.894954
155 80 11.183279
155 81 12.196728
155 82 12.010995
155 83 13.691483
155 84 12.183022
155 85 11.871979
155 86 14.020903
155 87 14.652083
155 88 11.052148
155 89 13.251738
155 90 13.486800
155 91 14.474277
155 92 14.351737
155 93 14.346677
155 94 14.680638
155 95 12.729549
155 96 14.164327
155 97 12.359693
155 98 14.714692
155 99 12.209454
155 100 11.256214
155 101 12.234709
155 102 11.835923
155 103 13.592811
155 104 13.456498
155 105 13.842004
155 106 14.580686
155 107 11.664684
155 108 11.812795
155 109 11.372780
155 110 11.853595
155 111 12.325770
155 112 14.509799
155 113 11.899189
155 114 14.499422
155 115 11.701037
155 116 11.039286
155 117 13.727171
155 118 11.456388
155 119 12.313376
155 120 14.332903
155 121 11.953954
155 122 13.481036
155 123 14.214090
155 124 14.206246
155 125 11.779938
155 126 12.152668
155 127 14.803307
155 128 12.514572
155 129 12.330816
155 130 11.228478
155 131 11.189248
155 132 11.115141
155 133 13.769733
155 134 14.395144
155 135 14.138512
155 136 14.717254
155 137 11.828163
155 138 13.389579
155 139 12.890359
155 140 11.441686
155 141 14.322936
155 142 13.820743
155 143 13.286565
155 144 12.330886
155 145 11.979968
155 146 11.929020
155 147 11.847449
155 148 13.043439
155 149 12.388930
155 150 12.972426
155 151 12.684388
155 152 12.880249
155 153 11.803260
155 154 13.429117
155 156 14.615165
155 157 11.608774
155 158 13.298798
155 159 13.060519
155 160 13.061483
155 161 13.341082
155 162 13.768729
155 163 13.926664
155 164 12.106509
155 165 13.863250
155 166 14.234078
155 167 11.638477
155 168 12.022587
155 169 14.654211
155 170 14.533483
155 171 12.611419
155 172 11.589714
155 173 11.992093
155 174 13.938560
155 175 13.065975
155 176 14.587609
155 177 14.149487
155 178 14.016375
155 179 11.999177
155 180 12.426028
155 181 13.641104
155 182 11.182862
155 183 11.759167
155 184 11.621654
155 185 11.198487
155 186 12.776942
155 187 14.539356
155 188 12.198204
155 189 12.015820
155 190 12.717667
155 191 13.571115
155 192 11.158100
155 193 12.092829
155 194 11.877736
155 195 11.659884
155 196 14.817787
155 197 14.313058
155 198 14.690206
155 199 13.503284
155 200 12.725891
156 0 12.181170
156 1 14.295099
156 2 11.093418
156 3 14.507014
156 4 12.212117
156 5 11.908700
156 6 11.230816
156 7 14.511084
156 8 11.461890
156 9 12.792982
156 10 14.736062
156 11 14.329154
156 12 12.412134
156 13 13.395054
156 14 11.105938
156 15 14.584487
156 16 13.443562
156 17 13.434865
156 18 12.713868
156 19 13.307908
156 20 12.874967
156 21 12.312243
156 22 12.479890
156 23 14.532951
156 24 13.488472
156 25 11.101900
156 26 11.665473
156 27 11.610985
156 28 11.929827
156 29 13.586503
156 30 12.157800
156 31 11.158994
156 32 13.588670
156 33 14.704656
156 34 12.642507
156 35 14.595629
156 36 12.355736
156 37 11.742564
156 38 13.947717
156 39 11.266876
156 40 14.021015
156 41 12.811291
156 42 11.601414
156 43 11.938083
156 44 12.142510
156 45 12.405901
156 46 10.973552
156 47 14.304569
156 48 11.173679
156 49 11.639705
156 50 11.846337
156 51 13.209575
156 52 14.257882
156 53 12.409482
156 54 14.383438
156 55 11.039538
156 56 14.493429
156 57 12.631503
156 58 13.752504
156 59 12.230054
156 60 14.010475
156 61 13.430117
156 62 13.660748
156 63 11.633650
156 64 14.054588
156 65 12.827892
156 66 12.147585
156 67 11.721404
156 68 14.557540
156 69 13.901819
156 70 12.364594
156 71 13.993304
156 72 13.989132
156 73 11.368487
156 74 12.807688
156 75 11.970150
156 76 13.190350
156 77 12.710144
156 78 11.651254
156 79 11.487211
156 80 11.245509
156 81 12.616607
156 82 14.046195
156 83 14.559615
156 84 10.930654
156 85 11.155956
156 86 10.926832
156 87 14.557913
156 88 11.922557
156 89 13.607037
156 90 12.682788
156 91 12.447623
156 92 12.849865
156 93 12.719366
156 94 12.494074
156 95 13.679054
156 96 13.257443
156 97 12.682219
156 98 11.493972
156 99 13.060557
156 100 14.176012
156 101 12.141626
156 102 11.818609
156 103 11.579916
156 104 11.550236
156 105 11.587265
156 106 14.575096
156 107 13.461897
156 108 14.438930
156 109 14.162779
156 110 12.457064
156 111 13.318847
156 112 12.806585
156 113 13.994720
156 114 13.744726
156 115 12.323017
156 116 14.563850
156 117 11.289268
156 118 13.143850
156 119 12.450871
156 120 13.253614
156 121 11.626011
156 122 12.819458
156 123 13.953163
156 124 13.113715
156 125 14.120865
156 126 10.928513
156 127 12.286512
156 128 12.227552
156 129 11.690022
156 130 11.942278
156 131 11.597648
156 132 13.559826
156 133 13.714937
156 134 14.499779
156 135 13.616422
156 136 13.210309
156 137 13.102863
156 138 14.506800
156 139 11.631915
156 140 14.308241
156 141 11.199318
156 142 11.704428
156 143 13.479191
156 144 14.779994
156 145 11.030093
156 146 13.096220
156 147 10.938104
156 148 13.207502
156 149 12.917451
156 150 13.359554
156 151 11.066146
156 152 13.073845
156 153 11.459508
156 154 12.994594
156 155 14.615165
156 157 14.025616
156 158 14.596783
156 159 14.383474
156 160 11.429488
156 161 12.749717
156 162 12.509552
156 163 13.276769
156 164 12.914806
156 165 13.398077
156 166 11.235267
156 167 14.519034
156 168 11.214345
156 169 14.419796
156 170 13.061792
156 171 13.148225
156 172 13.548346
156 173 11.219043
156 174 14.634984
156 175 14.758491
156 176 14.140685
156 177 12.947586
156 178 11.958525
156 179 11.169235
156 180 11.203805
156 181 11.999634
156 182 13.121155
156 183 11.082767
156 184 11.589535
156 185 11.771591
156 186 12.538622
156 187 11.615108
156 188 14.387056
156 189 14.535903
156 190 14.071679
156 191 14.540804
156 192 13.112412
156 193 13.781378
156 194 13.452671
156 195 13.554221
156 196 14.108140
156 197 14.185461
156 198 14.082699
156 199 11.496388
156 200 12.118794
157 0 13.977162
157 1 14.519177
157 2 11.263265
157 3 12.954794
157 4 12.003641
157 5 11.039714
157 6 13.778463
157 7 13.984412
157 8 13.622995
157 9 14.769161
157 10 14.473863
157 11 14.035037
157 12 12.733766
157 13 13.705780
157 14 12.348979
157 15 14.334360
157 16 11.405779
157 17 12.594389
157 18 11.191945
157 19 10.959848
157 20 13.381912
157 21 13.857785
157 22 12.073164
157 23 11.527172
157 24 11.935152
157 25 12.089252
157 26 14.274600
157 27 11.208856
157 28 11.042462
157 29 11.153041
157 30 13.118339
157 31 12.728875
157 32 12.189603
157 33 11.958099
157 34 14.630510
157 35 13.411053
157 36 10.989843
157 37 13.253376
157 38 12.609148
157 39 11.168082
157 40 11.298603
157 41 14.409057
157 42 13.479611
157 43 11.094511
157 44 12.133331
157 45 14.145695
157 46 12.378699
157 47 11.156661
157 48 13.868690
157 49 13.808841
157 50 14.062500
157 51 12.116990
157 52 13.896860
157 53 13.379469
157 54 14.585408
157 55 12.809430
157 56 12.722122
157 57 14.692554
157 58 12.868598
157 59 13.235056
157 60 13.749595
157 61 13.467151
157 62 12.943913
157 63 12.378055
157 64 11.646685
157 65 12.549840
157 66 13.558411
157 67 14.097712
157 68 14.681132
157 69 11.150788
157 70 13.240453
157 71 11.410029
157 72 13.878794
157 73 11.666859
157 74 14.743765
157 75 11.748305
157 76 11.280108
157 77 12.420100
157 78 12.738037
157 79 14.645041
157 80 14.011891
157 81 14.761871
157 82 13.690764
157 83 13.656976
157 84 12.620482
157 85 12.207273
157 86 14.022221
157 87 13.041484
157 88 13.470515
157 89 14.293654
157 90 11.995910
157 91 11.706228
157 92 12.471218
157 93 13.274419
157 94 11.425945
157 95 11.701566
157 96 14.078582
157 97 14.464590
157 98 12.927774
157 99 13.860223
157 100 14.109186
157 101 12.218850
157 102 11.292369
157 103 13.240998
157 104 13.187687
157 105 12.664147
157 106 14.809088
157 107 11.309888
157 108 12.550926
157 109 13.690351
157 110 14.572336
157 111 11.985395
157 112 14.762001
157 113 13.833776
157 114 13.941957
157 115 11.070782
157 116 13.099843
157 117 13.002043
157 118 11.652118
157 119 12.893501
157 120 12.162900
157 121 12.454378
157 122 13.778837
157 123 12.389106
157 124 13.997568
157 125 11.972588
157 126 13.393316
157 127 12.556651
157 128 11.866846
157 129 13.931092
157 130 11.311752
157 131 11.264680
157 132 13.656512
157 133 13.862548
157 134 13.795873
157 135 14.056238
157 136 13.459803
157 137 12.015508
157 138 12.726898
157 139 11.852697
157 140 11.751444
157 141 12.972069
157 142 11.587995
157 143 12.826853
157 144 12.932581
157 145 12.689838
157 146 11.950863
157 147 13.417652
157 148 11.105391
157 149 11.823777
157 150 13.934630
157 151 11.319591
157 152 12.698106
157 153 13.229526
157 154 11.987272
157 155 11.608774
157 156 14.025616
157 158 12.699218
157 159 13.352766
157 160 13.850432
157 161 13.599227
157 162 13.492242
157 163 11.328846
157 164 13.402043
157 165 12.335623
157 166 11.691055
157 167 12.263988
157 168 11.692950
157 169 11.493133
157 170 13.998441
157 171 14.294945
157 172 11.559479
157 173 12.093377
157 174 12.561729
157 175 12.649268
157 176 14.349903
157 177 12.159249
157 178 13.272417
157 179 14.556814
157 180 11.736418
157 181 11.705071
157 182 14.202895
157 183 11.523000
157 184 11.133470
157 185 13.506974
157 186 12.211719
157 187 11.245285
157 188 11.479753
157 189 12.359952
157 190 14.011359
157 191 14.749234
157 192 13.085849
157 193 12.511494
157 194 14.604253
157 195 12.746617
157 196 11.988644
157 197 11.800483
157 198 12.898702
157 199 12.184079
157 200 13.337409
158 0 13.587916
158 1 14.037109
158 2 13.306841
158 3 12.219661
158 4 13.116083
158 5 13.296426
158 6 11.514619
158 7 14.734836
158 8 14.277906
158 9 14.599338
158 10 12.757318
158 11 10.923410
158 12 12.575856
158 13 11.830277
158 14 12.174667
158 15 11.717672
158 16 13.790618
158 17 12.023421
158 18 14.537930
158 19 11.417850
158 20 12.448847
158 21 13.013390
158 22 13.374986
158 23 12.752258
158 24 13.736181
158 25 14.669382
158 26 13.836350
158 27 13.166954
158 28 11.330909
158 29 11.222811
158 30 10.981860
158 31 14.163730
158 32 12.154993
158 33 12.547546
158 34 11.232567
158 35 13.067880
158 36 11.828689
158 37 14.426989
158 38 12.465274
158 39 13.618040
158 40 14.660565
158 41 14.485332
158 42 11.625205
158 43 11.980219
158 44 11.677418
158 45 12.792196
158 46 14.337296
158 47 13.481021
158 48 11.638006
158 49 13.492055
158 50 13.578084
158 51 11.754543
158 52 14.666487
158 53 12.039156
158 54 13.173180
158 55 13.427387
158 56 12.014545
158 57 14.564878
158 58 11.120450
158 59 11.488113
158 60 11.900446
158 61 13.347654
158 62 13.663026
158 63 11.084314
158 64 11.788294
158 65 11.513475
158 66 11.499234
158 67 14.046403
158 68 11.400590
158 69 11.353474
158 70 11.561014
158 71 11.096721
158 72 14.475184
158 73 14.384235
158 74 12.285036
158 75 12.641060
158 76 14.457736
158 77 12.837250
158 78 12.943948
158 79 11.628313
158 80 14.014379
158 81 14.689971
158 82 11.567111
158 83 12.812408
158 84 12.783158
158 85 13.333137
158 86 14.360749
158 87 13.369367
158 88 12.998736
158 89 12.375807
158 90 12.520232
158 91 11.352370
158 92 12.257244
158 93 11.814032
158 94 11.841935
158 95 11.776215
158 96 13.844015
158 97 11.859588
158 98 12.919694
158 99 13.748902
158 100 13.283550
158 101 12.256313
158 102 14.614175
158 103 11.533247
158 104 11.791108
158 105 14.146322
158 106 12.898917
158 107 12.246306
158 108 11.359662
158 109 10.970367
158 110 12.774779
158 111 14.481461
158 112 12.662530
158 113 12.286968
158 114 12.702271
158 115 14.590294
158 116 11.648073
158 117 13.717952
158 118 13.759268
158 119 14.032436
158 120 11.050348
158 121 14.680701
158 122 12.563597
158 123 11.995487
158 124 13.861912
158 125 14.696598
158 126 13.295933
158 127 13.902740
158 128 11.722547
158 129 11.901899
158 130 12.784764
158 131 11.949279
158 132 14.248005
158 133 13.299421
158 134 14.180706
158 135 11.523556
158 136 14.048441
158 137 11.520977
158 138 11.451344
158 139 11.212931
158 140 13.832662
158 141 14.349294
158 142 13.475726
158 143 11.121979
158 144 12.660035
158 145 14.450206
158 146 11.832682
158 147 12.472420
158 148 11.471266
158 149 12.201861
158 150 11.725537
158 151 12.513960
158 152 14.518482
158 153 14.473976
158 154 12.069429
158 155 13.298798
158 156 14.596783
158 157 12.699218
158 159 10.966073
158 160 13.090419
158 161 13.016317
158 162 14.318602
158 163 12.432055
158 164 13.361566
158 165 14.431511
158 166 14.007143
158 167 11.807272
158 168 11.593739
158 169 11.348126
158 170 14.586769
158 171 14.805541
158 172 11.145937
158 173 12.660405
158 174 12.760569
158 175 13.259499
158 176 13.851084
158 177 13.731125
158 178 11.270283
158 179 14.678655
158 180 14.145646
158 181 12.223034
158 182 10.981507
158 183 11.749529
158 184 11.003856
158 185 13.976914
158 186 13.087337
158 187 13.281700
158 188 14.565384
158 189 11.180163
158 190 13.989847
158 191 12.819543
158 192 13.881472
158 193 13.155398
158 194 11.554042
158 195 12.894745
158 196 12.883722
158 197 13.077739
158 198 13.581828
158 199 13.930265
158 200 12.018588
159 0 12.299595
159 1 11.428189
159 2 12.830579
159 3 14.198864
159 4 12.590496
159 5 11.285715
159 6 13.361957
159 7 13.910575
159 8 11.448251
159 9 11.371158
159 10 14.209418
159 11 12.805946
159 12 12.505053
159 13 11.609679
159 14 12.776530
159 15 12.216999
159 16 14.664375
159 17 11.155542
159 18 13.701144
159 19 11.847923
159 20 14.527827
159 21 12.285295
159 22 14.450506
159 23 11.566847
159 24 12.364421
159 25 13.622873
159 26 13.217211
159 27 10.932156
159 28 13.381564
159 29 13.943737
159 30 12.581151
159 31 12.815258
159 32 12.658832
159 33 14.265598
159 34 13.971541
159 35 12.891036
159 36 13.902774
159 37 13.564321
159 38 14.714887
159 39 13.622020
159 40 12.261906
159 41 11.491479
159 42 11.693027
159 43 11.990911
159 44 12.682500
159 45 13.968679
159 46 14.343732
159 47 11.256944
159 48 13.917514
159 49 11.616489
159 50 12.435998
159 51 11.892525
159 52 12.238725
159 53 12.957920
159 54 14.243499
159 55 11.038269
159 56 11.087036
159 57 11.923381
159 58 12.959571
159 59 14.769858
159 60 12.544046
159 61 13.216425
159 62 13.127078
159 63 13.977602
159 64 14.044309
159 65 14.803119
159 66 13.755173
159 67 12.894119
159 68 13.175304
159 69 13.792725
159 70 13.246717
159 71 13.750119
159 72 11.349216
159 73 13.099331
159 74 11.267980
159 75 13.173909
159 76 13.623784
159 77 14.185235
159 78 14.012398
159 79 12.393646
159 80 11.014692
159 81 13.470437
159 82 11.023633
159 83 12.863862
159 84 11.208094
159 85 14.631840
159 86 11.157604
159 87 13.726880
159 88 12.265749
159 89 12.425084
159 90 12.790495
159 91 11.780201
159 92 12.254448
159 93 14.674640
159 94 11.134498
159 95 12.853783
159 96 14.565228
159 97 11.910672
159 98 12.124664
159 99 14.666219
159 100 11.595149
159 101 11.737379
159 102 12.963557
159 103 12.628861
159 104 14.375820
159 105 11.077803
159 106 14.651597
159 107 11.466025
159 108 12.277960
159 109 12.375070
159 110 12.618922
159 111 11.288935
159 112 11.554829
159 113 13.976477
159 114 14.491512
159 115 13.883009
159 116 13.535755
159 117 13.221335
159 118 14.806916
159 119 14.554135
159 120 12.911444
159 121 11.224851
159 122 12.004328
159 123 13.536514
159 124 11.694683
159 125 11.545184
159 126 13.278934
159 127 12.343791
159 128 11.097479
159 129 11.975878
159 130 12.017752
159 131 13.603618
159 132 13.953622
159 133 11.672092
159 134 12.584688
159 135 14.211582
159 136 14.283450
159 137 11.246996
159 138 14.476995
159 139 14.792141
159 140 12.344992
159 141 14.374653
159 142 12.398818
159 143 13.135940
159 144 12.081901
159 145 11.069945
159 146 14.398182
159 147 12.983979
159 148 11.786388
159 149 11.372174
159 150 11.551046
159 151 13.632255
159 152 11.676059
159 153 12.105795
159 154 11.959810
159 155 13.060519
159 156 14.383474
159 157 13.352766
159 158 10.966073
159 160 14.030693
159 161 12.119196
159 162 12.467067
159 163 14.038097
159 164 13.645480
159 165 14.059648
159 166 14.611365
159 167 12.468186
159 168 11.404335
159 169 12.030036
159 170 14.245505
159 171 11.525412
159 172 11.299381
159 173 13.091284
159 174 13.794799
159 175 13.242373
159 176 12.463958
159 177 11.112774
159 178 14.528559
159 179 13.015978
159 180 14.777854
159 181 12.237056
159 182 13.800703
159 183 14.468911
159 184 11.428140
159 185 14.776100
159 186 11.556399
159 187 12.042090
159 188 14.732742
159 189 12.303110
159 190 14.044304
159 191 12.943971
159 192 14.506743
159 193 11.550387
159 194 14.502512
159 195 13.233747
159 196 12.403191
159 197 11.727006
159 198 13.891407
159 199 13.524239
159 200 13.855476
160 0 11.128025
160 1 14.443597
160 2 14.210510
160 3 12.576141
160 4 13.236949
160 5 14.327630
160 6 11.333506
160 7 12.705773
160 8 11.988166
160 9 10.997357
160 10 11.760174
160 11 11.261359
160 12 10.956625
160 13 11.426023
160 14 11.856923
160 15 11.459512
160 16 13.364502
160 17 13.807475
160 18 11.551165
160 19 13.544931
160 20 12.894747
160 21 11.564077
160 22 13.189079
160 23 11.839771
160 24 11.438754
160 25 14.594424
160 26 12.164475
160 27 13.601991
160 28 13.662850
160 29 12.843601
160 30 14.028291
160 31 11.300135
160 32 14.812627
160 33 11.000862
160 34 12.356725
160 35 13.645531
160 36 11.157037
160 37 11.340444
160 38 11.082471
160 39 12.129067
160 40 12.973457
160 41 14.403302
160 42 13.875811
160 43 11.974348
160 44 11.965939
160 45 11.413992
160 46 13.175724
160 47 10.923835
160 48 13.469858
160 49 13.829544
160 50 12.557941
160 51 14.689419
160 52 11.645406
160 53 13.775055
160 54 11.291214
160 55 11.760970
160 56 11.331101
160 57 11.787097
160 58 12.471727
160 59 13.629495
160 60 12.199300
160 61 11.787946
160 62 12.930109
160 63 12.943751
160 64 13.944851
160 65 13.452309
160 66 12.372138
160 67 12.439315
160 68 13.875933
160 69 11.080520
160 70 11.615044
160 71 14.122287
160 72 13.570117
160 73 12.333246
160 74 14.659364
160 75 13.684894
160 76 11.035195
160 77 12.425013
160 78 12.687770
160 79 12.619972
160 80 11.406828
160 81 14.663453
160 82 13.575011
160 83 13.498736
160 84 13.412784
160 85 10.999720
160 86 13.973242
160 87 11.363239
160 88 12.436252
160 89 14.558892
160 90 14.379228
160 91 14.351625
160 92 14.774527
160 93 14.259859
160 94 11.433008
160 95 13.463250
160 96 12.116086
160 97 11.146285
160 98 14.383382
160 99 13.091436
160 100 11.842019
160 101 13.805993
160 102 13.190820
160 103 11.386973
160 104 13.392780
160 105 13.668744
160 106 13.292641
160 107 14.444839
160 108 14.023200
160 109 14.261974
160 110 11.737981
160 111 11.428620
160 112 13.486109
160 113 11.669343
160 114 11.530785
160 115 12.154480
160 116 13.468703
160 117 11.676971
160 118 12.695829
160 119 12.775299
160 120 11.746029
160 121 14.579822
160 122 14.684733
160 123 11.292617
160 124 13.892819
160 125 11.970191
160 126 11.543950
160 127 13.598860
160 128 14.281996
160 129 14.721930
160 130 13.624526
160 131 13.415487
160 132 11.916364
160 133 11.119996
160 134 10.961923
160 135 12.709153
160 136 12.649991
160 137 14.392846
160 138 11.741765
160 139 12.754816
160 140 11.650229
160 141 12.351877
160 142 14.147785
160 143 12.279828
160 144 13.946527
160 145 11.330821
160 146 13.207073
160 147 11.545552
160 148 10.980829
160 149 12.249113
160 150 10.954150
160 151 14.627633
160 152 13.327759
160 153 12.480449
160 154 12.633345
160 155 13.061483
160 156 11.429488
160 157 13.850432
160 158 13.090419
160 159 14.030693
160 161 14.413051
160 162 13.626183
160 163 13.359378
160 164 13.027756
160 165 14.706860
160 166 10.992024
160 167 12.034698
160 168 11.642642
160 169 13.798290
160 170 11.895706
160 171 12.496744
160 172 12.891665
160 173 12.426447
160 174 14.473841
160 175 12.596591
160 176 14.236303
160 177 14.814197
160 178 14.373772
160 179 13.692738
160 180 14.528340
160 181 13.529755
160 182 14.456150
160 183 11.374795
160 184 14.015340
160 185 12.032110
160 186 11.815263
160 187 14.065777
160 188 11.049725
160 189 14.316929
160 190 12.350535
160 191 12.655382
160 192 12.338754
160 193 12.462002
160 194 13.837216
160 195 12.010339
160 196 12.622837
160 197 13.872554
160 198 14.463644
160 199 11.023002
160 200 12.291283
161 0 14.666583
161 1 13.097946
161 2 10.989699
161 3 12.844724
161 4 11.004915
161 5 13.682920
161 6 11.928286
161 7 13.051626
161 8 11.913290
161 9 11.475953
161 10 12.458349
161 11 14.141382
161 12 14.699674
161 13 13.872403
161 14 14.527662
161 15 11.346220
161 16 14.672525
161 17 12.653850
161 18 14.691833
161 19 12.821407
161 20 12.894587
161 21 14.708342
161 22 13.832518
161 23 13.036028
161 24 12.006168
161 25 14.196006
161 26 13.905112
161 27 14.486776
161 28 13.139273
161 29 12.023298
161 30 12.600788
161 31 14.419678
161 32 11.909780
161 33 13.996861
161 34 14.013723
161 35 12.541267
161 36 11.912998
161 37 11.460624
161 38 12.229595
161 39 14.090891
161 40 14.306096
161 41 13.255652
161 42 12.893087
161 43 14.590069
161 44 11.451709
161 45 14.117906
161 46 13.210526
161 47 14.344119
161 48 11.130526
161 49 13.668152
161 50 12.756413
161 51 12.057971
161 52 14.123324
161 53 12.060790
161 54 14.435254
161 55 12.360881
161 56 11.793821
161 57 11.248062
161 58 14.145404
161 59 13.985290
161 60 13.982959
161 61 12.205463
161 62 11.296480
161 63 14.563798
161 64 14.192935
161 65 11.901706
161 66 14.267051
161 67 11.679612
161 68 12.730058
161 69 11.343017
161 70 12.873914
161 71 12.405490
161 72 14.656577
161 73 14.166279
161 74 14.296288
161 75 12.307710
161 76 12.638961
161 77 12.590379
161 78 13.459088
161 79 13.219047
161 80 12.837237
161 81 12.961636
161 82 13.824340
161 83 10.994328
161 84 14.545841
161 85 12.682272
161 86 11.020937
161 87 13.195764
161 88 13.831569
161 89 12.202516
161 90 11.955823
161 91 14.297516
161 92 12.232983
161 93 13.311609
161 94 14.576415
161 95 14.620154
161 96 14.526800
161 97 11.965686
161 98 13.219664
161 99 12.779199
161 100 11.756989
161 101 11.874857
161 102 11.680104
161 103 11.356217
161 104 14.303981
161 105 10.994519
161 106 14.210796
161 107 11.376946
161 108 13.267359
161 109 11.097965
161 110 11.125172
161 111 12.701555
161 112 13.699629
161 113 14.206684
161 114 13.637949
161 115 13.458114
161 116 13.825098
161 117 10.935534
161 118 12.056201
161 119 11.064708
161 120 13.865905
161 121 11.059714
161 122 12.021699
161 123 12.668857
161 124 12.723414
161 125 12.798649
161 126 12.624248
161 127 12.935832
161 128 11.601424
161 129 14.182518
161 130 13.435398
161 131 12.168544
161 132 14.351371
161 133 13.341086
161 134 12.891418
161 135 12.444903
161 136 13.764558
161 137 12.832256
161 138 13.622201
161 139 13.828862
161 140 12.757683
161 141 11.344288
161 142 11.728237
161 143 12.459512
161 144 13.630447
161 145 11.205377
161 146 10.944437
161 147 12.300170
161 148 13.966697
161 149 13.165787
161 150 12.847439
161 151 11.687970
161 152 10.994586
161 153 11.831983
161 154 14.423670
161 155 13.341082
161 156 12.749717
161 157 13.599227
161 158 13.016317
161 159 12.119196
161 160 14.413051
161 162 11.517033
161 163 11.785626
161 164 14.386364
161 165 11.444932
161 166 14.143941
161 167 13.192337
161 168 14.293475
161 169 12.249301
161 170 13.882565
161 171 13.163655
161 172 14.341959
161 173 12.762186
161 174 11.361717
161 175 12.724031
161 176 13.350312
161 177 13.512077
161 178 12.294737
161 179 12.934767
161 180 13.075081
161 181 13.596790
161 182 14.707264
161 183 12.509810
161 184 12.785353
161 185 11.497648
161 186 14.226198
161 187 13.211081
161 188 11.199151
161 189 11.440855
161 190 12.351874
161 191 11.540631
161 192 13.819631
161 193 14.225536
161 194 13.315747
161 195 14.489849
161 196 12.416935
161 197 11.768824
161 198 13.397860
161 199 12.448748
161 200 12.872568
162 0 13.295951
162 1 11.486532
162 2 12.454814
162 3 11.044779
162 4 12.069324
162 5 12.833660
162 6 13.654258
162 7 13.777146
162 8 11.619739
162 9 12.845136
162 10 13.992508
162 11 12.891596
162 12 11.582126
162 13 11.370792
162 14 12.715182
162 15 13.074013
162 16 12.647681
162 17 14.560921
162 18 11.666135
162 19 12.208915
162 20 13.720054
162 21 13.650022
162 22 12.909680
162 23 10.938888
162 24 14.667949
162 25 11.659674
162 26 11.608844
162 27 13.999608
162 28 12.270137
162 29 12.314599
162 30 11.160610
162 31 12.852121
162 32 11.548202
162 33 11.588107
162 34 11.200729
162 35 13.132640
162 36 11.009317
162 37 12.333276
162 38 12.341481
162 39 14.242208
162 40 13.108954
162 41 11.429740
162 42 13.755664
162 43 11.986558
162 44 13.069258
162 45 12.744808
162 46 11.561515
162 47 13.703721
162 48 13.294940
162 49 11.635917
162 50 11.162513
162 51 12.560069
162 52 14.381349
162 53 14.585103
162 54 12.680656
162 55 11.916823
162 56 11.630152
162 57 11.634850
162 58 14.319295
162 59 13.282336
162 60 11.811817
162 61 11.412667
162 62 13.084174
162 63 11.175789
162 64 14.696069
162 65 13.441406
162 66 13.584481
162 67 13.021893
162 68 12.426771
162 69 13.480969
162 70 14.535880
162 71 13.173611
162 72 11.698289
162 73 11.182523
162 74 11.951212
162 75 12.074202
162 76 13.195110
162 77 11.327480
162 78 13.843063
162 79 12.356936
162 80 12.168537
162 81 14.666056
162 82 13.243996
162 83 11.025106
162 84 14.143714
162 85 12.877626
162 86 11.509146
162 87 13.066307
162 88 11.831314
162 89 11.420900
162 90 11.497606
162 91 12.364921
162 92 12.119429
162 93 12.868599
162 94 14.338094
162 95 11.415877
162 96 13.143539
162 97 11.994270
162 98 11.136875
162 99 12.176600
162 100 11.015578
162 101 11.735438
162 102 11.874175
162 103 13.308780
162 104 13.766389
162 105 11.159833
162 106 11.299606
162 107 14.506142
162 108 11.961815
162 109 14.520199
162 110 14.330675
162 111 14.698495
162 112 12.806150
162 113 14.122135
162 114 12.609603
162 115 12.056183
162 116 12.702043
162 117 14.096337
162 118 11.396304
162 119 12.315995
162 120 14.284905
162 121 14.593493
162 122 11.516222
162 123 11.664426
162 124 11.402979
162 125 14.618552
162 126 11.631227
162 127 12.898853
162 128 11.941270
162 129 13.478906
162 130 11.299925
162 131 12.270304
162 132 14.051923
162 133 13.563684
162 134 11.228573
162 135 11.948122
162 136 13.585966
162 137 10.978976
162 138 12.620836
162 139 11.373560
162 140 14.370754
162 141 14.111212
162 142 13.394105
162 143 12.668750
162 144 12.655119
162 145 12.233280
162 146 11.991189
162 147 11.141474
162 148 11.124409
162 149 11.183550
162 150 11.722634
162 151 14.150017
162 152 13.830276
162 153 12.890036
162 154 11.514200
162 155 13.768729
162 156 12.509552
162 157 13.492242
162 158 14.318602
162 159 12.467067
162 160 13.626183
162 161 11.517033
162 163 13.390664
162 164 12.496831
162 165 12.274654
162 166 13.983570
162 167 12.218721
162 168 14.427866
162 169 13.471108
162 170 13.830925
162 171 12.363209
162 172 11.217580
162 173 11.701159
162 174 14.649461
162 175 11.688090
162 176 13.094081
162 177 11.939508
162 178 13.728556
162 179 13.741780
162 180 13.018473
162 181 12.305136
162 182 11.984166
162 183 13.192688
162 184 13.758640
162 185 13.516241
162 186 12.061367
162 187 12.852345
162 188 11.846601
162 189 11.195731
162 190 12.715797
162 191 11.722522
162 192 12.348962
162 193 14.757474
162 194 14.608201
162 195 13.584870
162 196 13.700346
162 197 14.423712
162 198 12.031136
162 199 12.015311
162 200 11.709077
163 0 14.313349
163 1 13.212443
163 2 11.805939
163 3 12.806654
163 4 12.171583
163 5 11.788685
163 6 13.569746
163 7 14.807098
163 8 13.192428
163 9 12.463896
163 10 14.320882
163 11 12.282998
163 12 10.946255
163 13 11.773925
163 14 14.013921
163 15 12.549867
163 16 12.092793
163 17 12.545703
163 18 14.393404
163 19 13.470821
163 20 13.435369
163 21 14.602626
163 22 14.122629
163 23 11.016669
163 24 12.941851
163 25 13.653133
163 26 11.240321
163 27 12.561365
163 28 14.039230
163 29 11.363933
163 30 10.993408
163 31 12.519191
163 32 14.312801
163 33 14.756708
163 34 13.131379
163 35 11.088636
163 36 10.947709
163 37 11.666977
163 38 11.597152
163 39 11.051607
163 40 13.463601
163 41 11.185487
163 42 11.682915
163 43 11.820948
163 44 11.552921
163 45 14.405930
163 46 11.173113
163 47 11.693678
163 48 11.002606
163 49 11.963187
163 50 14.405203
163 51 11.183070
163 52 12.170370
163 53 12.930020
163 54 12.194545
163 55 12.278593
163 56 13.882561
163 57 11.571678
163 58 12.114718
163 59 14.206404
163 60 12.061320
163 61 13.987700
163 62 11.594085
163 63 14.554276
163 64 12.518515
163 65 13.370420
163 66 12.469013
163 67 10.952980
163 68 14.338155
163 69 11.313934
163 70 12.458323
163 71 11.033934
163 72 13.934487
163 73 11.226766
163 74 13.009389
163 75 12.792396
163 76 14.296868
163 77 11.978961
163 78 11.149212
163 79 11.945609
163 80 11.552680
163 81 13.739061
163 82 11.580193
163 83 14.772929
163 84 14.793305
163 85 11.654155
163 86 14.014333
163 87 13.945585
163 88 11.508621
163 89 13.455209
163 90 11.300894
163 91 12.837915
163 92 11.407201
163 93 14.287307
163 94 12.542196
163 95 12.153907
163 96 12.043863
163 97 11.992205
163 98 12.352139
163 99 11.024266
163 100 12.978906
163 101 11.344511
163 102 13.495634
163 103 13.539746
163 104 13.715275
163 105 14.373969
163 106 14.442898
163 107 14.483971
163 108 13.214997
163 109 13.819879
163 110 14.012976
163 111 13.588976
163 112 13.447857
163 113 13.397415
163 114 13.039353
163 115 11.844591
163 116 12.116847
163 117 13.900770
163 118 14.100360
163 119 14.002871
163 120 14.795400
163 121 14.423839
163 122 11.522230
163 123 13.288617
163 124 11.712640
163 125 12.968044
163 126 14.441018
163 127 11.496553
163 128 13.320813
163 129 12.099662
163 130 12.865593
163 131 13.768613
163 132 14.681399
163 133 14.212108
163 134 11.699467
163 135 13.910051
163 136 13.477829
163 137 14.214332
163 138 14.014323
163 139 13.168844
163 140 11.643225
163 141 12.396089
163 142 12.051915
163 143 14.623277
163 144 11.271719
163 145 11.145771
163 146 12.678925
163 147 13.151633
163 148 13.772763
163 149 13.783164
163 150 12.763904
163 151 11.368820
163 152 12.909109
163 153 12.850396
163 154 13.675053
163 155 13.926664
163 156 13.276769
163 157 11.328846
163 158 12.432055
163 159 14.038097
163 160 13.359378
163 161 11.785626
163 162 13.390664
163 164 12.500392
163 165 11.269259
163 166 13.066082
163 167 11.915900
163 168 12.133693
163 169 12.412036
163 170 14.164238
163 171 13.055333
163 172 13.002259
163 173 11.165078
163 174 12.504004
163 175 14.462855
163 176 13.994541
163 177 14.031383
163 178 12.209462
163 179 14.151499
163 180 14.789091
163 181 14.020723
163 182 12.573599
163 183 12.190616
163 184 11.274493
163 185 12.116084
163 186 14.582017
163 187 14.130019
163 188 11.578898
163 189 12.280864
163 190 11.533446
163 191 11.383686
163 192 14.446925
163 193 12.809145
163 194 12.728737
163 195 14.475570
163 196 12.218525
163 197 14.273330
163 198 13.458696
163 199 14.648482
163 200 12.783668
164 0 12.774806
164 1 11.249818
164 2 12.666594
164 3 11.309200
164 4 14.364055
164 5 13.779870
164 6 12.282991
164 7 13.640237
164 8 12.251882
164 9 13.335159
164 10 11.284148
164 11 12.734593
164 12 13.126109
164 13 11.440140
164 14 14.043895
164 15 11.832768
164 16 13.702271
164 17 13.791479
164 18 12.204391
164 19 12.459109
164 20 13.006389
164 21 14.306381
164 22 11.752088
164 23 14.595309
164 24 14.071034
164 25 14.791983
164 26 11.719000
164 27 10.938523
164 28 11.023796
164 29 11.950015
164 30 14.072767
164 31 11.616599
164 32 14.155523
164 33 14.496850
164 34 11.847268
164 35 13.232249
164 36 11.205868
164 37 12.300993
164 38 13.662718
164 39 13.161475
164 40 14.502505
164 41 13.969848
164 42 14.136620
164 43 13.404423
164 44 14.344894
164 45 14.071171
164 46 12.019044
164 47 13.583472
164 48 13.172056
164 49 13.373088
164 50 14.769181
164 51 11.456631
164 52 11.680091
164 53 13.283438
164 54 11.855926
164 55 14.580156
164 56 14.586264
164 57 13.124351
164 58 14.211489
164 59 12.183765
164 60 13.489569
164 61 11.891020
164 62 14.144046
164 63 14.646395
164 64 11.444136
164 65 13.629084
164 66 12.360421
164 67 12.016733
164 68 13.693378
164 69 11.213229
164 70 12.601318
164 71 11.316758
164 72 14.031689
164 73 13.519439
164 74 14.706426
164 75 14.083342
164 76 12.919170
164 77 14.154375
164 78 12.219894
164 79 13.966835
164 80 12.867142
164 81 12.991465
164 82 13.518952
164 83 12.939109
164 84 12.501328
164 85 13.420555
164 86 14.798962
164 87 11.654371
164 88 14.660100
164 89 13.487932
164 90 12.489555
164 91 14.105919
164 92 11.395361
164 93 14.333773
164 94 13.555057
164 95 12.723346
164 96 13.923628
164 97 12.558726
164 98 13.871117
164 99 11.184583
164 100 12.791363
164 101 13.511878
164 102 11.903599
164 103 11.905811
164 104 14.471792
164 105 14.697479
164 106 14.368108
164 107 14.155325
164 108 14.251553
164 109 10.988451
164 110 11.985937
164 111 11.151016
164 112 11.801541
164 113 12.897770
164 114 13.315146
164 115 12.117620
164 116 13.614940
164 117 13.165397
164 118 11.636519
164 119 11.450872
164 120 12.122161
164 121 11.496536
164 122 12.584783
164 123 12.058887
164 124 14.056227
164 125 14.113023
164 126 12.229641
164 127 12.861870
164 128 12.869825
164 129 13.668457
164 130 11.748835
164 131 13.579524
164 132 11.860669
164 133 12.083793
164 134 10.938319
164 135 13.574573
164 136 14.529132
164 137 13.862428
164 138 13.694662
164 139 12.912743
164 140 12.959627
164 141 10.924642
164 142 11.576327
164 143 13.265484
164 144 14.358751
164 145 12.060461
164 146 11.598068
164 147 14.187121
164 148 11.109945
164 149 12.550898
164 150 13.452755
164 151 13.628687
164 152 13.559364
164 153 13.040496
164 154 12.259586
164 155 12.106509
164 156 12.914806
164 157 13.402043
164 158 13.361566
164 159 13.645480
164 160 13.027756
164 161 14.386364
164 162 12.496831
164 163 12.500392
164 165 14.476931
164 166 14.571959
164 167 14.575812
164 168 11.180589
164 169 11.110089
164 170 13.485159
164 171 14.291307
164 172 10.969705
164 173 12.973976
164 174 14.787423
164 175 13.420367
164 176 14.052805
164 177 14.748351
164 178 14.764211
164 179 13.837877
164 180 14.168972
164 181 13.352636
164 182 13.446206
164 183 14.435067
164 184 13.390279
164 185 14.056847
164 186 13.871887
164 187 14.629122
164 188 13.683585
164 189 13.591602
164 190 14.446685
164 191 14.177077
164 192 11.133436
164 193 13.868452
164 194 11.308414
164 195 12.263398
164 196 12.299284
164 197 12.481656
164 198 11.687992
164 199 13.446615
164 200 12.448386
165 0 11.271868
165 1 14.737791
165 2 13.013296
165 3 13.305982
165 4 10.955683
165 5 13.180621
165 6 14.125325
165 7 11.572355
165 8 11.532538
165 9 12.191098
165 10 13.974556
165 11 13.440469
165 12 12.886494
165 13 14.623583
165 14 13.870752
165 15 13.690646
165 16 13.723555
165 17 14.454338
165 18 13.158303
165 19 13.012627
165 20 11.855345
165 21 12.093593
165 22 14.104971
165 23 14.187037
165 24 13.214813
165 25 12.810455
165 26 12.419703
165 27 10.945223
165 28 14.340137
165 29 14.649941
165 30 13.965723
165 31 14.156959
165 32 13.835918
165 33 13.727741
165 34 13.393058
165 35 11.262702
165 36 11.732093
165 37 13.762318
165 38 13.268330
165 39 12.527374
165 40 11.017063
165 41 12.535118
165 42 11.251228
165 43 14.657089
165 44 11.288397
165 45 14.130487
165 46 11.376125
165 47 12.933265
165 48 14.169936
165 49 12.236939
165 50 12.767264
165 51 13.035614
165 52 12.557591
165 53 12.689036
165 54 14.484535
165 55 13.973336
165 56 11.240998
165 57 13.783346
165 58 11.566185
165 59 12.822892
165 60 13.040108
165 61 11.182587
165 62 14.275727
165 63 13.723900
165 64 11.162317
165 65 14.211152
165 66 11.627891
165 67 13.822324
165 68 11.235166
165 69 14.503711
165 70 12.620628
165 71 13.606827
165 72 13.184755
165 73 11.860947
165 74 12.065445
165 75 12.957651
165 76 13.808174
165 77 12.485874
165 78 11.569624
165 79 13.607379
165 80 14.474097
165 81 12.033794
165 82 13.212425
165 83 13.198859
165 84 13.224001
165 85 13.947772
165 86 11.381947
165 87 14.613754
165 88 12.485772
165 89 14.388999
165 90 13.973905
165 91 13.184656
165 92 11.205724
165 93 10.944642
165 94 11.522471
165 95 14.560463
165 96 12.297564
165 97 14.472059
165 98 11.815087
165 99 11.798587
165 100 11.016733
165 101 11.016554
165 102 13.907175
165 103 11.678651
165 104 11.397021
165 105 13.090140
165 106 12.563802
165 107 11.392711
165 108 11.085866
165 109 14.417117
165 110 11.375592
165 111 14.334689
165 112 12.206692
165 113 11.163057
165 114 13.347611
165 115 12.526812
165 116 11.852675
165 117 12.010171
165 118 12.398226
165 119 12.971158
165 120 12.119483
165 121 11.146238
165 122 13.801242
165 123 11.076110
165 124 14.437212
165 125 11.479177
165 126 13.854582
165 127 11.299744
165 128 12.495090
165 129 11.772445
165 130 12.855361
165 131 13.644638
165 132 11.867648
165 133 10.925053
165 134 13.495665
165 135 13.930272
165 136 14.393849
165 137 12.549318
165 138 13.951488
165 139 13.658806
165 140 13.299583
165 141 13.424333
165 142 14.491939
165 143 11.031104
165 144 12.787301
165 145 13.667144
165 146 14.600629
165 147 13.155527
165 148 11.913778
165 149 13.048487
165 150 14.758898
165 151 13.150405
165 152 11.788576
165 153 13.498350
165 154 12.279450
165 155 13.863250
165 156 13.398077
165 157 12.335623
165 158 14.431511
165 159 14.059648
165 160 14.706860
165 161 11.444932
165 162 12.274654
165 163 11.269259
165 164 14.476931
165 166 11.140125
165 167 13.883117
165 168 12.977053
165 169 11.097310
165 170 13.256933
165 171 14.186493
165 172 10.927377
165 173 14.328206
165 174 13.607438
165 175 12.505561
165 176 11.276433
165 177 11.735571
165 178 14.331720
165 179 13.768266
165 180 14.530686
165 181 11.021327
165 182 12.885644
165 183 12.149884
165 184 11.964316
165 185 11.760217
165 186 11.871693
165 187 12.030356
165 188 12.387153
165 189 11.655874
165 190 12.453083
165 191 11.381104
165 192 12.664572
165 193 13.589187
165 194 14.311502
165 195 12.410748
165 196 11.522746
165 197 12.675166
165 198 13.869320
165 199 12.772940
165 200 11.541108
166 0 11.035117
166 1 12.828831
166 2 14.641594
166 3 11.612023
166 4 12.168184
166 5 13.504238
166 6 13.628577
166 7 10.948360
166 8 13.863746
166 9 13.188926
166 10 12.852612
166 11 12.526210
166 12 11.252855
166 13 13.016192
166 14 12.927099
166 15 11.025203
166 16 12.759985
166 17 13.842895
166 18 13.376261
166 19 14.513290
166 20 12.582851
166 21 14.490424
166 22 11.812111
166 23 13.099801
166 24 12.710011
166 25 11.350512
166 26 12.866285
166 27 12.043535
166 28 13.186489
166 29 14.705938
166 30 12.261610
166 31 12.483132
166 32 12.178714
166 33 14.346030
166 34 12.659679
166 35 12.564300
166 36 12.529006
166 37 12.093323
166 38 12.398821
166 39 12.629880
166 40 13.276375
166 41 14.676800
166 42 14.236101
166 43 12.012962
166 44 11.883856
166 45 11.865860
166 46 11.542948
166 47 12.217777
166 48 11.496793
166 49 12.692794
166 50 12.066759
166 51 12.894953
166 52 13.238659
166 53 11.155295
166 54 14.146960
166 55 14.050061
166 56 13.646125
166 57 14.546233
166 58 14.582060
166 59 12.430714
166 60 12.418788
166 61 12.892145
166 62 11.305597
166 63 14.518204
166 64 11.004303
166 65 11.029847
166 66 14.791052
166 67 13.218829
166 68 14.634963
166 69 11.851563
166 70 12.223624
166 71 11.936009
166 72 14.060129
166 73 12.076166
166 74 10.949512
166 75 11.462941
166 76 13.692071
166 77 13.099620
166 78 11.512137
166 79 14.389462
166 80 10.957087
166 81 13.970310
166 82 11.615716
166 83 14.254653
166 84 11.711117
166 85 13.802952
166 86 11.692799
166 87 12.138624
166 88 14.677547
166 89 14.032055
166 90 12.490934
166 91 14.677420
166 92 12.169385
166 93 13.869686
166 94 11.585072
166 95 12.166732
166 96 13.740098
166 97 14.396952
166 98 12.641692
166 99 11.694077
166 100 11.378359
166 101 14.054604
166 102 13.021246
166 103 11.804299
166 104 11.032227
166 105 13.426321
166 106 12.825940
166 107 14.252238
166 108 13.483668
166 109 14.622526
166 110 11.494954
166 111 12.277419
166 112 12.492633
166 113 11.647512
166 114 14.645982
166 115 14.681727
166 116 11.081540
166 117 14.123616
166 118 14.063186
166 119 12.669649
166 120 13.995332
166 121 11.997617
166 122 13.080625
166 123 11.252747
166 124 14.387154
166 125 11.665409
166 126 12.690383
166 127 12.075034
166 128 11.562128
166 129 11.422677
166 130 14.024896
166 131 11.524525
166 132 13.909648
166 133 13.609748
166 134 11.284566
166 135 10.959604
166 136 11.574969
166 137 11.896487
166 138 11.528283
166 139 11.036639
166 140 11.527226
166 141 13.037359
166 142 11.072108
166 143 11.145677
166 144 13.399108
166 145 11.213036
166 146 11.253232
166 147 13.107502
166 148 13.536971
166 149 12.790869
166 150 13.118008
166 151 14.588044
166 152 14.289528
166 153 14.447086
166 154 11.082973
166 155 14.234078
166 156 11.235267
166 157 11.691055
166 158 14.007143
166 159 14.611365
166 160 10.992024
166 161 14.143941
166 162 13.983570
166 163 13.066082
166 164 14.571959
166 165 11.140125
166 167 13.085690
166 168 13.774305
166 169 12.847386
166 170 13.246263
166 171 13.916607
166 172 13.139602
166 173 14.195701
166 174 11.340173
166 175 11.836571
166 176 11.191858
166 177 14.043022
166 178 12.155670
166 179 11.217558
166 180 14.473447
166 181 14.339973
166 182 12.547749
166 183 12.281531
166 184 11.741068
166 185 11.138785
166 186 14.655120
166 187 12.900180
166 188 13.050017
166 189 13.733024
166 190 11.027667
166 191 12.704287
166 192 13.691194
166 193 13.130626
166 194 13.826276
166 195 13.460061
166 196 13.490495
166 197 11.007927
166 198 12.735450
166 199 12.784659
166 200 14.090080
167 0 12.278790
167 1 12.293447
167 2 11.226953
167 3 11.116201
167 4 11.147595
167 5 10.953755
167 6 14.466855
167 7 11.369227
167 8 12.227468
167 9 11.051236
167 10 11.900347
167 11 13.469969
167 12 14.151423
167 13 13.805307
167 14 14.104510
167 15 13.984931
167 16 13.361265
167 17 13.610870
167 18 11.827269
167 19 13.390599
167 20 13.885879
167 21 13.841893
167 22 10.985398
167 23 14.413892
167 24 14.171533
167 25 11.591083
167 26 12.947841
167 27 13.479006
167 28 14.254357
167 29 14.025539
167 30 13.832442
167 31 14.232134
167 32 12.348503
167 33 11.052034
167 34 11.828394
167 35 11.386307
167 36 14.737731
167 37 13.350674
167 38 12.843510
167 39 11.409338
167 40 11.343531
167 41 13.513235
167 42 11.332378
167 43 13.706287
167 44 14.618890
167 45 12.395880
167 46 11.368373
167 47 12.579364
167 48 13.256171
167 49 12.629082
167 50 12.420058
167 51 13.463602
167 52 14.531035
167 53 12.112345
167 54 12.289516
167 55 12.970344
167 56 11.670871
167 57 14.418102
167 58 12.656774
167 59 12.905790
167 60 11.833917
167 61 13.599167
167 62 11.921532
167 63 14.792165
167 64 11.316063
167 65 12.618638
167 66 11.946906
167 67 11.407768
167 68 12.561573
167 69 12.813109
167 70 12.521243
167 71 14.639860
167 72 14.457898
167 73 13.816479
167 74 12.172024
167 75 14.014473
167 76 12.353574
167 77 11.883320
167 78 13.556674
167 79 12.421888
167 80 11.388909
167 81 14.021327
167 82 11.540539
167 83 12.248613
167 84 13.781888
167 85 12.493749
167 86 11.352490
167 87 11.945263
167 88 13.133014
167 89 12.720326
167 90 11.771009
167 91 13.067838
167 92 13.536848
167 93 14.506544
167 94 12.652797
167 95 12.268285
167 96 14.210782
167 97 12.036464
167 98 14.072913
167 99 12.525740
167 100 11.261266
167 101 13.502356
167 102 10.988788
167 103 12.314030
167 104 14.596727
167 105 14.403880
167 106 11.811641
167 107 14.762806
167 108 11.939298
167 109 13.944210
167 110 13.702947
167 111 14.582452
167 112 11.552911
167 113 12.232659
167 114 11.471764
167 115 12.829363
167 116 11.688109
167 117 12.934032
167 118 13.254831
167 119 12.985204
167 120 11.547753
167 121 11.840819
167 122 13.713900
167 123 14.221903
167 124 11.598741
167 125 12.687410
167 126 11.804268
167 127 12.272866
167 128 11.442130
167 129 13.086314
167 130 14.010532
167 131 14.277432
167 132 14.514421
167 133 11.332526
167 134 13.960029
167 135 12.720907
167 136 13.523306
167 137 11.350652
167 138 11.001825
167 139 13.185257
167 140 14.344537
167 141 12.380990
167 142 14.579694
167 143 13.869402
167 144 12.439466
167 145 13.501326
167 146 12.782505
167 147 12.533102
167 148 12.011097
167 149 14.352028
167 150 12.931168
167 151 13.987829
167 152 11.217351
167 153 12.396278
167 154 13.612362
167 155 11.638477
167 156 14.519034
167 157 12.263988
167 158 11.807272
167 159 12.468186
167 160 12.034698
167 161 13.192337
167 162 12.218721
167 163 11.915900
167 164 14.575812
167 165 13.883117
167 166 13.085690
167 168 12.772315
167 169 14.663444
167 170 14.436432
167 171 11.276656
167 172 13.427690
167 173 11.548091
167 174 14.756205
167 175 13.318152
167 176 12.543883
167 177 12.224680
167 178 11.788188
167 179 14.766753
167 180 13.709897
167 181 11.740706
167 182 11.870448
167 183 12.079370
167 184 11.734778
167 185 13.677020
167 186 11.209398
167 187 14.422923
167 188 11.779465
167 189 14.234875
167 190 11.205629
167 191 13.311603
167 192 14.794346
167 193 12.861806
167 194 11.886025
167 195 11.912805
167 196 14.216689
167 197 14.580437
167 198 11.557822
167 199 14.448542
167 200 14.550424
168 0 12.517326
168 1 13.328179
168 2 14.419609
168 3 13.703355
168 4 11.889222
168 5 14.280669
168 6 13.344661
168 7 12.402983
168 8 11.221655
168 9 11.493972
168 10 11.914148
168 11 13.945273
168 12 13.372388
168 13 14.738057
168 14 11.936012
168 15 11.743177
168 16 13.409871
168 17 13.674912
168 18 13.820325
168 19 13.608665
168 20 13.532558
168 21 12.759410
168 22 12.395612
168 23 13.003891
168 24 11.161452
168 25 13.960901
168 26 12.477528
168 27 13.297371
168 28 13.838304
168 29 13.949661
168 30 12.541660
168 31 11.171532
168 32 11.361350
168 33 14.228658
168 34 14.236017
168 35 14.264661
168 36 13.539578
168 37 12.586463
168 38 11.269600
168 39 14.032845
168 40 14.786682
168 41 13.115532
168 42 11.143448
168 43 13.044985
168 44 12.365185
168 45 13.747039
168 46 11.843970
168 47 14.335987
168 48 11.058523
168 49 12.588346
168 50 13.399968
168 51 14.309686
168 52 12.990872
168 53 12.292598
168 54 12.781812
168 55 14.261925
168 56 13.429700
168 57 14.171121
168 58 13.343365
168 59 11.266211
168 60 12.292181
168 61 12.160165
168 62 14.558136
168 63 12.451666
168 64 12.687725
168 65 13.992054
168 66 13.540438
168 67 13.054280
168 68 14.570554
168 69 14.631516
168 70 11.495940
168 71 11.035534
168 72 12.676754
168 73 13.789899
168 74 13.770694
168 75 12.952870
168 76 11.393663
168 77 11.238182
168 78 13.629283
168 79 12.529486
168 80 14.478471
168 81 12.737523
168 82 14.383002
168 83 13.420605
168 84 14.722335
168 85 11.740816
168 86 11.763250
168 87 13.685546
168 88 14.420608
168 89 13.891169
168 90 11.808428
168 91 11.390466
168 92 12.399408
168 93 10.939464
168 94 12.999106
168 95 11.521202
168 96 13.638044
168 97 10.984660
168 98 13.674985
168 99 10.974320
168 100 11.192060
168 101 11.732606
168 102 11.682617
168 103 12.171966
168 104 10.943681
168 105 11.464322
168 106 14.619142
168 107 13.658619
168 108 13.311001
168 109 13.358417
168 110 11.261474
168 111 13.525203
168 112 14.073240
168 113 14.336071
168 114 11.849357
168 115 14.377546
168 116 13.418948
168 117 11.828794
168 118 12.071083
168 119 11.368081
168 120 11.425365
168 121 14.286024
168 122 14.376726
168 123 12.093113
168 124 12.631646
168 125 11.218247
168 126 14.363408
168 127 12.101999
168 128 11.826346
168 129 11.443801
168 130 14.774595
168 131 13.952917
168 132 14.023369
168 133 13.130099
168 134 14.137108
168 135 14.329703
168 136 13.316071
168 137 14.247108
168 138 11.970167
168 139 12.250373
168 140 13.100022
168 141 12.047543
168 142 13.756689
168 143 12.935824
168 144 11.700951
168 145 11.360642
168 146 13.163447
168 147 10.952472
168 148 12.115085
168 149 13.208886
168 150 12.493808
168 151 14.292453
168 152 13.525058
168 153 12.851044
168 154 14.212009
168 155 12.022587
168 156 11.214345
168 157 11.692950
168 158 11.593739
168 159 11.404335
168 160 11.642642
168 161 14.293475
168 162 14.427866
168 163 12.133693
168 164 11.180589
168 165 12.977053
168 166 13.774305
168 167 12.772315
168 169 13.379156
168 170 13.222126
168 171 12.837336
168 172 14.634892
168 173 14.257558
168 174 14.636537
168 175 12.688367
168 176 11.134661
168 177 12.193511
168 178 12.230086
168 179 11.636343
168 180 12.921747
168 181 11.377411
168 182 14.530278
168 183 12.553031
168 184 13.057185
168 185 13.646046
168 186 12.645389
168 187 12.451093
168 188 14.149877
168 189 12.819170
168 190 12.833394
168 191 11.771909
168 192 13.974409
168 193 13.366190
168 194 12.724528
168 195 14.785205
168 196 13.118638
168 197 13.234514
168 198 13.356413
168 199 11.957417
168 200 14.207210
169 0 13.965744
169 1 14.286705
169 2 11.410596
169 3 11.210943
169 4 11.924961
169 5 12.929916
169 6 11.597379
169 7 14.562004
169 8 12.593611
169 9 11.219034
169 10 14.598959
169 11 12.264175
169 12 14.026871
169 13 12.122625
169 14 12.519176
169 15 11.480334
169 16 11.416340
169 17 12.339626
169 18 12.168874
169 19 13.110460
169 20 12.520664
169 21 11.370908
169 22 12.192096
169 23 13.267374
169 24 13.873891
169 25 14.689555
169 26 11.849077
169 27 11.005551
169 28 13.585602
169 29 11.503012
169 30 11.571244
169 31 11.738393
169 32 13.022010
169 33 13.841468
169 34 14.093589
169 35 13.814851
169 36 13.292046
169 37 12.507039
169 38 14.256761
169 39 13.370610
169 40 12.151518
169 41 14.663291
169 42 11.733495
169 43 11.649847
169 44 13.042550
169 45 12.628653
169 46 11.529519
169 47 11.844845
169 48 13.333299
169 49 12.531135
169 50 14.674098
169 51 12.678829
169 52 12.538121
169 53 12.697228
169 54 14.489011
169 55 14.313021
169 56 13.430663
169 57 11.951041
169 58 13.564315
169 59 11.530707
169 60 13.427969
169 61 14.213248
169 62 14.358631
169 63 13.686793
169 64 14.084942
169 65 14.472904
169 66 11.526718
169 67 11.844434
169 68 11.618431
169 69 13.996753
169 70 14.325113
169 71 14.661072
169 72 13.411271
169 73 12.920934
169 74 14.095045
169 75 12.231310
169 76 14.214455
169 77 12.081619
169 78 14.122467
169 79 14.285528
169 80 13.740961
169 81 14.458841
169 82 12.200718
169 83 11.901655
169 84 13.307303
169 85 12.082895
169 86 10.939427
169 87 12.806308
169 88 12.409765
169 89 12.425445
169 90 11.955824
169 91 14.485315
169 92 13.175513
169 93 12.412751
169 94 12.188856
169 95 11.074656
169 96 11.638263
169 97 13.499250
169 98 14.270890
169 99 14.594826
169 100 12.563744
169 101 12.533106
169 102 13.340479
169 103 12.071584
169 104 11.060872
169 105 12.322499
169 106 12.010882
169 107 11.733132
169 108 11.606988
169 109 13.643663
169 110 11.573439
169 111 10.945806
169 112 14.486402
169 113 11.361230
169 114 13.157926
169 115 14.327148
169 116 11.844751
169 117 13.039503
169 118 12.879410
169 119 12.680170
169 120 11.691176
169 121 13.565107
169 122 11.447235
169 123 13.899559
169 124 11.323714
169 125 14.804269
169 126 13.753196
169 127 11.099967
169 128 13.950255
169 129 11.580198
169 130 11.535454
169 131 11.270154
169 132 12.155781
169 133 14.638434
169 134 11.909976
169 135 14.389549
169 136 12.223359
169 137 13.106805
169 138 11.077477
169 139 13.496495
169 140 14.086900
169 141 12.483591
169 142 12.646247
169 143 13.295630
169 144 14.545092
169 145 11.060212
169 146 11.773917
169 147 13.777480
169 148 14.760377
169 149 14.257635
169 150 14.188760
169 151 11.724878
169 152 14.089097
169 153 11.784116
169 154 11.563397
169 155 14.654211
169 156 14.419796
169 157 11.493133
169 158 11.348126
169 159 12.030036
169 160 13.798290
169 161 12.249301
169 162 13.471108
169 163 12.412036
169 164 11.110089
169 165 11.097310
169 166 12.847386
169 167 14.663444
169 168 13.379156
169 170 10.989302
169 171 13.665711
169 172 14.300725
169 173 14.689762
169 174 14.021416
169 175 13.626785
169 176 13.941826
169 177 12.306540
169 178 14.283503
169 179 12.024113
169 180 13.226953
169 181 14.740151
169 182 11.487435
169 183 11.416610
169 184 12.163290
169 185 11.899487
169 186 11.272270
169 187 11.146702
169 188 14.598793
169 189 11.076390
169 190 12.267667
169 191 11.331341
169 192 12.567822
169 193 12.083199
169 194 14.249727
169 195 14.129416
169 196 11.879137
169 197 13.611164
169 198 11.488254
169 199 11.451850
169 200 13.392310
170 0 13.700618
170 1 12.129870
170 2 12.472029
170 3 13.637266
170 4 11.633172
170 5 14.813418
170 6 14.469413
170 7 11.627999
170 8 13.009820
170 9 12.357070
170 10 12.553130
170 11 12.499304
170 12 13.310578
170 13 11.023880
170 14 10.947128
170 15 11.255891
170 16 14.458084
170 17 13.769406
170 18 11.131000
170 19 14.287113
170 20 10.949433
170 21 12.666457
170 22 13.939475
170 23 11.489124
170 24 11.593811
170 25 13.624176
170 26 11.292594
170 27 14.219296
170 28 13.536979
170 29 12.421106
170 30 11.405732
170 31 13.138822
170 32 14.295758
170 33 11.231778
170 34 14.777857
170 35 11.936222
170 36 14.061878
170 37 13.579188
170 38 11.605708
170 39 14.281934
170 40 14.267441
170 41 12.294779
170 42 12.354369
170 43 11.278065
170 44 11.101264
170 45 11.309816
170 46 13.189276
170 47 12.789933
170 48 12.489787
170 49 13.308112
170 50 14.362336
170 51 12.080194
170 52 12.122450
170 53 14.389458
170 54 14.630914
170 55 13.989904
170 56 14.476886
170 57 11.893864
170 58 11.792491
170 59 12.613025
170 60 12.024695
170 61 11.966658
170 62 13.446658
170 63 12.763003
170 64 11.663162
170 65 13.651918
170 66 13.728145
170 67 14.027388
170 68 13.995632
170 69 11.581326
170 70 13.879247
170 71 12.431654
170 72 13.293096
170 73 13.872564
170 74 13.452765
170 75 11.342024
170 76 12.076366
170 77 11.837070
170 78 11.444129
170 79 12.526383
170 80 13.326890
170 81 12.709888
170 82 14.054974
170 83 11.137388
170 84 12.601841
170 85 12.632382
170 86 12.063209
170 87 13.816616
170 88 13.501252
170 89 11.108167
170 90 14.519976
170 91 12.755399
170 92 13.201491
170 93 11.610807
170 94 13.533868
170 95 14.372723
170 96 14.441068
170 97 13.165748
170 98 11.726952
170 99 13.195659
170 100 13.209190
170 101 12.626606
170 102 13.704244
170 103 14.031098
170 104 13.328546
170 105 12.112040
170 106 14.531498
170 107 13.422679
170 108 12.043180
170 109 11.423997
170 110 14.257129
170 111 13.511778
170 112 11.814718
170 113 14.041284
170 114 12.894971
170 115 11.011879
170 116 12.338578
170 117 11.721294
170 118 11.309912
170 119 12.603305
170 120 11.950503
170 121 11.980899
170 122 12.533750
170 123 13.403530
170 124 12.924906
170 125 13.272714
170 126 12.420003
170 127 14.800812
170 128 13.419697
170 129 14.047153
170 130 11.911768
170 131 14.696838
170 132 14.448449
170 133 12.535119
170 134 11.629188
170 135 11.478970
170 136 12.564738
170 137 13.704378
170 138 14.422168
170 139 14.744850
170 140 12.459414
170 141 13.337050
170 142 13.532759
170 143 12.206298
170 144 11.741306
170 145 13.525874
170 146 12.456922
170 147 13.534078
170 148 11.911956
170 149 12.464869
170 150 12.184715
170 151 12.386193
170 152 13.268528
170 153 14.415852
170 154 14.810748
170 155 14.533483
170 156 13.061792
170 157 13.998441
170 158 14.586769
170 159 14.245505
170 160 11.895706
170 161 13.882565
170 162 13.830925
170 163 14.164238
170 164 13.485159
170 165 13.256933
170 166 13.246263
170 167 14.436432
170 168 13.222126
170 169 10.989302
170 171 14.289117
170 172 11.416513
170 173 13.336369
170 174 13.938486
170 175 13.404266
170 176 12.160368
170 177 13.619738
170 178 14.336628
170 179 12.720078
170 180 14.039057
170 181 13.392992
170 182 14.084465
170 183 14.643257
170 184 11.720646
170 185 13.491137
170 186 11.964044
170 187 12.728721
170 188 11.620551
170 189 12.911712
170 190 12.007656
170 191 13.617908
170 192 12.492988
170 193 12.291940
170 194 11.613815
170 195 11.531089
170 196 14.665836
170 197 13.463043
170 198 12.381196
170 199 14.808770
170 200 14.163011
171 0 12.401398
171 1 13.235075
171 2 13.716016
171 3 13.928751
171 4 14.173233
171 5 14.092806
171 6 14.537216
171 7 13.602791
171 8 13.511868
171 9 12.199049
171 10 11.137432
171 11 12.954639
171 12 11.845272
171 13 13.273665
171 14 14.129684
171 15 14.008942
171 16 13.143092
171 17 14.596061
171 18 11.964072
171 19 13.025773
171 20 13.893630
171 21 13.916761
171 22 11.361782
171 23 13.781569
171 24 14.358859
171 25 12.988518
171 26 14.114305
171 27 12.153862
171 28 13.776103
171 29 12.471511
171 30 14.220552
171 31 12.312555
171 32 11.328687
171 33 14.814076
171 34 12.946376
171 35 12.195908
171 36 10.942386
171 37 14.336045
171 38 12.811378
171 39 14.151386
171 40 14.550155
171 41 11.862539
171 42 11.881571
171 43 14.130132
171 44 14.300679
171 45 12.201071
171 46 13.066496
171 47 11.418026
171 48 12.446954
171 49 11.544394
171 50 14.092115
171 51 12.804200
171 52 14.109247
171 53 13.961789
171 54 12.838124
171 55 13.717646
171 56 14.286727
171 57 14.025523
171 58 13.628876
171 59 12.975673
171 60 14.777608
171 61 14.255044
171 62 12.069386
171 63 13.388901
171 64 12.608144
171 65 12.975453
171 66 13.034225
171 67 12.346581
171 68 14.739964
171 69 13.406846
171 70 12.870833
171 71 12.966351
171 72 13.332955
171 73 12.039678
171 74 13.931706
171 75 12.006904
171 76 13.135625
171 77 14.140624
171 78 14.362977
171 79 13.646947
171 80 11.355576
171 81 12.565746
171 82 12.630189
171 83 11.647575
171 84 14.688786
171 85 12.872230
171 86 11.998679
171 87 11.139367
171 88 14.457948
171 89 14.761226
171 90 13.436999
171 91 14.656740
171 92 11.019975
171 93 13.081110
171 94 11.667409
171 95 14.034698
171 96 13.797332
171 97 11.447790
171 98 13.734512
171 99 12.778040
171 100 13.429548
171 101 11.834417
171 102 14.750776
171 103 12.257841
171 104 13.529115
171 105 12.106003
171 106 13.755300
171 107 13.286382
171 108 12.927049
171 109 13.167443
171 110 14.242075
171 111 11.239538
171 112 14.538129
171 113 12.004111
171 114 12.783410
171 115 12.770884
171 116 11.781113
171 117 12.293640
171 118 12.832937
171 119 11.578450
171 120 14.469495
171 121 13.710746
171 122 12.217384
171 123 12.998678
171 124 13.658575
171 125 13.146842
171 126 12.813279
171 127 14.165685
171 128 13.300677
171 129 12.141860
171 130 11.914648
171 131 14.258760
171 132 13.140799
171 133 13.200950
171 134 13.481745
171 135 11.744945
171 136 11.287116
171 137 12.312873
171 138 11.552057
171 139 12.750752
171 140 11.432565
171 141 11.725487
171 142 14.646933
171 143 10.928073
171 144 11.327026
171 145 12.538990
171 146 14.198558
171 147 13.001277
171 148 14.633952
171 149 14.612535
171 150 13.783302
171 151 14.397282
171 152 12.517751
171 153 14.195439
171 154 14.354061
171 155 12.611419
171 156 13.148225
171 157 14.294945
171 158 14.805541
171 159 11.525412
171 160 12.496744
171 161 13.163655
171 162 12.363209
171 163 13.055333
171 164 14.291307
171 165 14.186493
171 166 13.916607
171 167 11.276656
171 168 12.837336
171 169 13.665711
171 170 14.289117
171 172 14.647690
171 173 12.164959
171 174 13.649817
171 175 14.108419
171 176 12.623796
171 177 10.984030
171 178 14.293941
171 179 12.903398
171 180 13.843288
171 181 13.519817
171 182 14.146328
171 183 11.121606
171 184 12.173910
171 185 14.131082
171 186 11.008198
171 187 14.603078
171 188 14.508157
171 189 12.528173
171 190 12.100589
171 191 14.011629
171 192 12.274210
171 193 11.170837
171 194 11.756151
171 195 11.706949
171 196 10.963064
171 197 11.645498
171 198 13.202529
171 199 14.778856
171 200 13.647835
172 0 13.736046
172 1 13.155303
172 2 12.618013
172 3 14.688112
172 4 12.685706
172 5 11.524840
172 6 11.341153
172 7 11.635306
172 8 12.533063
172 9 12.479568
172 10 13.261504
172 11 13.767610
172 12 10.953719
172 13 12.318968
172 14 12.313916
172 15 13.071928
172 16 13.718758
172 17 11.645517
172 18 11.653128
172 19 14.789490
172 20 11.458751
172 21 12.338665
172 22 12.819460
172 23 12.227476
172 24 12.830949
172 25 13.057540
172 26 11.598654
172 27 12.225063
172 28 11.328848
172 29 11.212863
172 30 14.607457
172 31 11.637322
172 32 11.610844
172 33 12.722334
172 34 12.245472
172 35 11.584863
172 36 14.608873
172 37 13.902849
172 38 13.814836
172 39 12.672694
172 40 13.131545
172 41 11.753283
172 42 11.091688
172 43 12.519904
172 44 13.293280
172 45 11.767806
172 46 13.299268
172 47 11.909543
172 48 11.813755
172 49 12.554758
172 50 13.484237
172 51 13.441955
172 52 14.577130
172 53 13.646671
172 54 11.376833
172 55 12.979599
172 56 13.690546
172 57 14.083538
172 58 13.872831
172 59 12.241891
172 60 13.646382
172 61 14.767766
172 62 12.439546
172 63 13.836647
172 64 14.672957
172 65 13.966991
172 66 13.890292
172 67 11.156729
172 68 11.698733
172 69 12.081864
172 70 12.992178
172 71 13.122086
172 72 13.231910
172 73 12.581317
172 74 12.496352
172 75 10.975133
172 76 13.152164
172 77 13.824808
172 78 12.924731
172 79 13.127750
172 80 14.406741
172 81 12.948846
172 82 12.878984
172 83 14.088497
172 84 11.107017
172 85 12.493985
172 86 14.688876
172 87 14.289622
172 88 13.093727
172 89 14.660865
172 90 12.853407
172 91 12.177789
172 92 12.736129
172 93 13.167582
172 94 11.367104
172 95 12.448139
172 96 12.737461
172 97 13.652143
172 98 14.138523
172 99 14.166144
172 100 12.950414
172 101 13.779894
172 102 14.017262
172 103 12.806075
172 104 12.615173
172 105 12.748321
172 106 13.764591
172 107 12.653413
172 108 12.440297
172 109 11.408352
172 110 14.392629
172 111 14.508526
172 112 14.348093
172 113 11.019477
172 114 13.910264
172 115 14.051096
172 116 12.259169
172 117 11.006163
172 118 11.384690
172 119 10.936778
172 120 12.362964
172 121 11.669623
172 122 13.688783
172 123 11.013081
172 124 13.396000
172 125 13.931499
172 126 11.178987
172 127 12.550886
172 128 14.165636
172 129 14.238506
172 130 12.669386
172 131 11.120427
172 132 11.580796
172 133 12.230143
172 134 13.414666
172 135 14.728567
172 136 13.771614
172 137 13.300411
172 138 13.038381
172 139 11.837457
172 140 12.418276
172 141 13.730322
172 142 11.723629
172 143 13.070579
172 144 12.474322
172 145 13.563581
172 146 11.536731
172 147 11.648942
172 148 11.625699
172 149 13.130734
172 150 14.268603
172 151 13.560111
172 152 13.898743
172 153 14.269710
172 154 12.789881
172 155 11.589714
172 156 13.548346
172 157 11.559479
172 158 11.145937
172 159 11.299381
172 160 12.891665
172 161 14.341959
172 162 11.217580
172 163 13.002259
172 164 10.969705
172 165 10.927377
172 166 13.139602
172 167 13.427690
172 168 14.634892
172 169 14.300725
172 170 11.416513
172 171 14.647690
172 173 11.744140
172 174 13.939395
172 175 14.155104
172 176 14.065178
172 177 11.438601
172 178 13.089066
172 179 11.429678
172 180 11.987206
172 181 11.335347
172 182 13.138710
172 183 12.662050
172 184 14.363406
172 185 12.013882
172 186 14.158254
172 187 14.076356
172 188 11.499588
172 189 14.643314
172 190 11.505801
172 191 14.757785
172 192 12.836254
172 193 11.594142
172 194 14.811364
172 195 13.087390
172 196 11.924457
172 197 12.853888
172 198 11.366536
172 199 12.739419
172 200 13.774519
173 0 13.135420
173 1 13.052788
173 2 13.491457
173 3 12.812986
173 4 14.008862
173 5 14.625091
173 6 11.535264
173 7 11.144571
173 8 14.724149
173 9 14.267475
173 10 11.656732
173 11 12.403667
173 12 13.605808
173 13 12.898330
173 14 12.762189
173 15 14.276222
173 16 13.861326
173 17 13.329919
173 18 14.758306
173 19 13.822421
173 20 11.155374
173 21 12.613801
173 22 13.548725
173 23 11.897464
173 24 12.425638
173 25 13.606773
173 26 13.450592
173 27 14.410075
173 28 13.775214
173 29 12.068743
173 30 12.894278
173 31 11.248782
173 32 13.272086
173 33 12.568178
173 34 11.587734
173 35 13.381904
173 36 13.349853
173 37 12.000267
173 38 11.418405
173 39 12.686620
173 40 14.034465
173 41 12.943264
173 42 11.691681
173 43 12.223989
173 44 11.028910
173 45 13.218832
173 46 13.788948
173 47 11.467804
173 48 12.306073
173 49 10.992597
173 50 13.938256
173 51 13.789467
173 52 14.235303
173 53 13.416702
173 54 13.192106
173 55 11.605126
173 56 13.307669
173 57 11.175465
173 58 13.623323
173 59 12.436854
173 60 13.495100
173 61 14.141846
173 62 12.073540
173 63 14.198428
173 64 11.539255
173 65 12.316473
173 66 11.709212
173 67 12.051702
173 68 13.433570
173 69 12.367716
173 70 11.575846
173 71 14.647078
173 72 13.966042
173 73 14.696583
173 74 14.646439
173 75 11.684428
173 76 11.173525
173 77 13.585092
173 78 13.931229
173 79 13.490941
173 80 11.098036
173 81 11.657717
173 82 13.727223
173 83 12.230844
173 84 14.518603
173 85 13.501846
173 86 11.828947
173 87 14.819853
173 88 11.976150
173 89 14.279990
173 90 13.555476
173 91 11.240905
173 92 14.036182
173 93 12.946438
173 94 13.856711
173 95 12.330219
173 96 13.669140
173 97 11.135285
173 98 13.945052
173 99 11.077190
173 100 12.044150
173 101 14.377379
173 102 13.691732
173 103 14.337426
173 104 13.706899
173 105 14.064640
173 106 13.880248
173 107 11.854163
173 108 11.215152
173 109 14.054674
173 110 11.906988
173 111 11.812320
173 112 13.193028
173 113 12.617921
173 114 14.122949
173 115 12.813183
173 116 14.738306
173 117 12.012512
173 118 13.854104
173 119 11.663917
173 120 11.871408
173 121 11.366853
173 122 13.036767
173 123 12.703934
173 124 12.403329
173 125 14.561891
173 126 11.192830
173 127 13.884328
173 128 13.740148
173 129 11.737216
173 130 14.500422
173 131 13.577570
173 132 13.458400
173 133 11.228010
173 134 11.289565
173 135 13.985994
173 136 14.562302
173 137 13.244489
173 138 13.285542
173 139 14.813923
173 140 12.516633
173 141 13.844374
173 142 12.763275
173 143 13.572968
173 144 11.856550
173 145 13.928330
173 146 11.836612
173 147 11.760043
173 148 13.249912
173 149 14.057363
173 150 11.959091
173 151 11.435957
173 152 14.591124
173 153 13.927628
173 154 13.126869
173 155 11.992093
173 156 11.219043
173 157 12.093377
173 158 12.660405
173 159 13.091284
173 160 12.426447
173 161 12.762186
173 162 11.701159
173 163 11.165078
173 164 12.973976
173 165 14.328206
173 166 14.195701
173 167 11.548091
173 168 14.257558
173 169 14.689762
173 170 13.336369
173 171 12.164959
173 172 11.744140
173 174 11.894432
173 175 12.310188
173 176 13.583427
173 177 13.253934
173 178 13.633782
173 179 12.632206
173 180 11.153982
173 181 13.270479
173 182 12.472067
173 183 13.957904
173 184 13.539581
173 185 13.499913
173 186 11.810628
173 187 13.284016
173 188 11.480556
173 189 13.207824
173 190 12.421611
173 191 14.201966
173 192 11.643710
173 193 12.080832
173 194 13.513012
173 195 13.431798
173 196 12.385037
173 197 13.369124
173 198 11.878403
173 199 11.196839
173 200 13.368274
174 0 10.995845
174 1 14.787219
174 2 11.007745
174 3 10.940654
174 4 11.646818
174 5 13.032900
174 6 13.355773
174 7 13.453521
174 8 12.377080
174 9 11.909559
174 10 11.955882
174 11 13.505884
174 12 11.553148
174 13 11.323293
174 14 13.057190
174 15 12.072716
174 16 12.799360
174 17 14.592023
174 18 14.433959
174 19 13.474924
174 20 14.431151
174 21 11.493882
174 22 12.081273
174 23 12.375587
174 24 14.223505
174 25 13.927774
174 26 14.730179
174 27 13.557034
174 28 12.169819
174 29 10.947911
174 30 12.614195
174 31 13.873820
174 32 11.771247
174 33 13.099431
174 34 12.413042
174 35 11.449734
174 36 11.113742
174 37 10.967056
174 38 11.076579
174 39 12.474056
174 40 12.461438
174 41 12.192304
174 42 12.123131
174 43 14.111844
174 44 12.187821
174 45 10.964581
174 46 14.340235
174 47 13.499095
174 48 11.249523
174 49 14.234505
174 50 14.253907
174 51 11.960517
174 52 13.639253
174 53 12.993310
174 54 13.571756
174 55 13.212138
174 56 12.049025
174 57 13.798550
174 58 11.700852
174 59 13.785893
174 60 12.503327
174 61 11.672797
174 62 13.981459
174 63 12.091803
174 64 13.031887
174 65 11.546343
174 66 11.059675
174 67 11.787871
174 68 13.568795
174 69 13.556843
174 70 11.085097
174 71 14.701047
174 72 11.539386
174 73 13.247324
174 74 13.004916
174 75 13.424909
174 76 13.754300
174 77 11.195488
174 78 12.808521
174 79 11.982613
174 80 14.274075
174 81 12.394413
174 82 13.507917
174 83 13.060135
174 84 13.510265
174 85 11.457617
174 86 12.583490
174 87 11.286911
174 88 13.970209
174 89 11.904613
174 90 11.911307
174 91 11.472667
174 92 12.227861
174 93 13.277044
174 94 12.851020
174 95 13.462094
174 96 13.609793
174 97 14.129801
174 98 11.557312
174 99 13.230641
174 100 14.007337
174 101 11.821378
174 102 11.219669
174 103 11.061389
174 104 14.632859
174 105 13.359269
174 106 12.725917
174 107 14.296678
174 108 12.829058
174 109 14.812586
174 110 13.383799
174 111 13.382517
174 112 12.658404
174 113 12.823252
174 114 11.031322
174 115 14.378282
174 116 12.021988
174 117 13.824731
174 118 14.378647
174 119 14.588977
174 120 13.442072
174 121 12.984889
174 122 11.943287
174 123 12.800975
174 124 12.411718
174 125 13.263799
174 126 14.218054
174 127 11.951839
174 128 12.959249
174 129 13.047204
174 130 13.186014
174 131 14.731240
174 132 11.354818
174 133 11.707655
174 134 14.256251
174 135 13.194555
174 136 12.942971
174 137 10.963918
174 138 12.888072
174 139 14.205241
174 140 13.196612
174 141 13.158241
174 142 12.738106
174 143 13.161528
174 144 11.581766
174 145 13.684701
174 146 13.705886
174 147 14.073428
174 148 13.616428
174 149 12.713849
174 150 11.964085
174 151 11.796192
174 152 11.978368
174 153 11.040358
174 154 14.063769
174 155 13.938560
174 156 14.634984
174 157 12.561729
174 158 12.760569
174 159 13.794799
174 160 14.473841
174 161 11.361717
174 162 14.649461
174 163 12.504004
174 164 14.787423
174 165 13.607438
174 166 11.340173
174 167 14.756205
174 168 14.636537
174 169 14.021416
174 170 13.938486
174 171 13.649817
174 172 13.939395
174 173 11.894432
174 175 14.730244
174 176 13.015451
174 177 13.916977
174 178 14.452369
174 179 12.249979
174 180 13.437128
174 181 13.974982
174 182 11.524708
174 183 11.886550
174 184 11.112835
174 185 12.214174
174 186 12.228653
174 187 11.148735
174 188 11.502629
174 189 13.561817
174 190 12.311375
174 191 12.292247
174 192 13.351252
174 193 13.431930
174 194 13.415642
174 195 14.417751
174 196 11.971637
174 197 14.095999
174 198 11.591100
174 199 13.293622
174 200 13.441936
175 0 11.079067
175 1 14.013861
175 2 12.431655
175 3 12.579560
175 4 13.654844
175 5 11.499114
175 6 13.013114
175 7 13.253872
175 8 13.012570
175 9 13.669153
175 10 12.796785
175 11 12.157882
175 12 12.866419
175 13 13.365826
175 14 13.686561
175 15 14.106528
175 16 11.683181
175 17 14.099923
175 18 11.666344
175 19 11.147247
175 20 11.818917
175 21 10.991928
175 22 14.048721
175 23 13.675195
175 24 13.760012
175 25 14.176432
175 26 13.107551
175 27 13.619876
175 28 11.134256
175 29 11.958736
175 30 14.037105
175 31 11.277178
175 32 13.470706
175 33 11.537269
175 34 12.663507
175 35 14.170215
175 36 11.651737
175 37 12.255581
175 38 13.214592
175 39 12.550059
175 40 11.507358
175 41 14.355437
175 42 14.390484
175 43 12.910631
175 44 12.680014
175 45 12.997697
175 46 11.604675
175 47 13.712356
175 48 11.458554
175 49 14.508434
175 50 13.029725
175 51 13.542541
175 52 13.897569
175 53 12.174194
175 54 11.187315
175 55 14.261410
175 56 12.892549
175 57 12.393566
175 58 13.947229
175 59 11.280846
175 60 14.017625
175 61 11.762058
175 62 14.112297
175 63 13.396527
175 64 10.973901
175 65 12.390923
175 66 11.814255
175 67 12.548882
175 68 12.226947
175 69 12.893860
175 70 14.084850
175 71 14.234193
175 72 14.508748
175 73 11.240895
175 74 14.665103
175 75 11.175645
175 76 13.699379
175 77 13.494158
175 78 11.732867
175 79 13.791634
175 80 12.788061
175 81 11.015731
175 82 11.920834
175 83 12.721740
175 84 12.842722
175 85 14.474322
175 86 13.739763
175 87 12.737967
175 88 11.549108
175 89 12.865882
175 90 11.398223
175 91 11.435438
175 92 11.248966
175 93 12.474930
175 94 14.764995
175 95 12.469678
175 96 12.470482
175 97 13.797487
175 98 11.416983
175 99 14.521411
175 100 11.007384
175 101 11.842382
175 102 12.145735
175 103 11.566873
175 104 11.777160
175 105 13.722946
175 106 12.869309
175 107 12.539782
175 108 13.257024
175 109 13.075333
175 110 13.438879
175 111 10.947555
175 112 11.154759
175 113 12.847357
175 114 13.662524
175 115 11.311802
175 116 13.772926
175 117 12.754946
175 118 13.988813
175 119 12.208581
175 120 14.477939
175 121 12.672541
175 122 14.100597
175 123 14.085356
175 124 12.275552
175 125 13.198342
175 126 12.425811
175 127 12.975264
175 128 14.385946
175 129 12.227591
175 130 14.440244
175 131 11.856766
175 132 12.818284
175 133 13.102061
175 134 13.913625
175 135 14.736089
175 136 13.730259
175 137 13.474447
175 138 14.314859
175 139 11.161894
175 140 13.993671
175 141 11.779615
175 142 11.943241
175 143 11.854951
175 144 12.059544
175 145 12.313115
175 146 11.767310
175 147 11.285345
175 148 12.709201
175 149 14.724888
175 150 11.974550
175 151 14.598117
175 152 11.021769
175 153 13.161020
175 154 12.536419
175 155 13.065975
175 156 14.758491
175 157 12.649268
175 158 13.259499
175 159 13.242373
175 160 12.596591
175 161 12.724031
175 162 11.688090
175 163 14.462855
175 164 13.420367
175 165 12.505561
175 166 11.836571
175 167 13.318152
175 168 12.688367
175 169 13.626785
175 170 13.404266
175 171 14.108419
175 172 14.155104
175 173 12.310188
175 174 14.730244
175 176 12.873686
175 177 13.779606
175 178 11.503550
175 179 12.804963
175 180 13.661733
175 181 11.274732
175 182 14.683876
175 183 14.400513
175 184 12.098489
175 185 12.175974
175 186 13.856314
175 187 11.409295
175 188 12.214520
175 189 13.536438
175 190 14.269625
175 191 11.192463
175 192 13.189151
175 193 11.086155
175 194 13.798224
175 195 13.520323
175 196 11.371762
175 197 12.835596
175 198 12.619469
175 199 12.241665
175 200 11.162147
176 0 11.535098
176 1 12.962547
176 2 13.402499
176 3 13.481765
176 4 13.068163
176 5 12.173377
176 6 13.942235
176 7 11.221866
176 8 12.169333
176 9 12.767618
176 10 14.513389
176 11 11.266231
176 12 13.908105
176 13 13.901332
176 14 14.059748
176 15 12.949064
176 16 12.458043
176 17 11.475301
176 18 11.612924
176 19 13.392179
176 20 12.803579
176 21 11.566571
176 22 13.625037
176 23 12.364210
176 24 14.160214
176 25 14.508566
176 26 12.754022
176 27 12.954718
176 28 14.630525
176 29 13.527645
176 30 13.187119
176 31 11.576244
176 32 14.142952
176 33 11.241393
176 34 13.527551
176 35 13.579402
176 36 12.989720
176 37 13.214198
176 38 12.812176
176 39 12.080481
176 40 12.235460
176 41 14.451113
176 42 11.299141
176 43 13.608127
176 44 11.354798
176 45 11.994758
176 46 13.790569
176 47 14.187017
176 48 12.208858
176 49 11.005040
176 50 14.100803
176 51 12.700753
176 52 13.866615
176 53 12.868749
176 54 12.533212
176 55 12.132180
176 56 13.757303
176 57 13.581263
176 58 14.714880
176 59 13.389203
176 60 11.490280
176 61 13.989752
176 62 13.452411
176 63 12.849328
176 64 11.140946
176 65 13.463004
176 66 13.790225
176 67 13.429601
176 68 11.755936
176 69 11.796741
176 70 14.691059
176 71 11.986862
176 72 13.316516
176 73 12.266847
176 74 14.293705
176 75 13.824818
176 76 11.462078
176 77 11.764072
176 78 12.138805
176 79 11.888045
176 80 13.684111
176 81 11.812361
176 82 12.358650
176 83 14.326357
176 84 13.303744
176 85 12.279769
176 86 13.188478
176 87 12.991694
176 88 13.675091
176 89 11.953942
176 90 12.379836
176 91 13.162723
176 92 12.816833
176 93 12.555824
176 94 12.248920
176 95 12.362169
176 96 12.160718
176 97 11.922503
176 98 12.964355
176 99 14.207351
176 100 11.711518
176 101 14.063607
176 102 13.389154
176 103 13.311468
176 104 11.101128
176 105 12.015517
176 106 12.560713
176 107 14.074117
176 108 14.369129
176 109 10.954242
176 110 12.708370
176 111 12.254142
176 112 13.510821
176 113 12.285358
176 114 13.920516
176 115 14.754683
176 116 11.374903
176 117 14.616698
176 118 12.370522
176 119 12.703359
176 120 13.983091
176 121 14.394871
176 122 14.410771
176 123 13.921752
176 124 13.764155
176 125 14.029018
176 126 13.373441
176 127 13.180575
176 128 13.288975
176 129 13.973067
176 130 14.041941
176 131 13.009872
176 132 11.339810
176 133 11.864177
176 134 14.726841
176 135 12.201407
176 136 12.424931
176 137 11.692748
176 138 14.440996
176 139 13.008229
176 140 14.546626
176 141 11.874622
176 142 12.195295
176 143 12.193274
176 144 12.517352
176 145 14.530459
176 146 11.955978
176 147 13.115864
176 148 12.601191
176 149 13.250121
176 150 11.358682
176 151 14.453643
176 152 14.488366
176 153 11.986538
176 154 14.706089
176 155 14.587609
176 156 14.140685
176 157 14.349903
176 158 13.851084
176 159 12.463958
176 160 14.236303
176 161 13.350312
176 162 13.094081
176 163 13.994541
176 164 14.052805
176 165 11.276433
176 166 11.191858
176 167 12.543883
176 168 11.134661
176 169 13.941826
176 170 12.160368
176 171 12.623796
176 172 14.065178
176 173 13.583427
176 174 13.015451
176 175 12.873686
176 177 12.981308
176 178 13.398099
176 179 11.036739
176 180 12.319039
176 181 11.081246
176 182 13.398769
176 183 14.558256
176 184 14.426754
176 185 12.595922
176 186 14.611529
176 187 11.798598
176 188 14.015405
176 189 14.797566
176 190 12.133511
176 191 11.485883
176 192 11.896118
176 193 14.431127
176 194 14.318977
176 195 12.819952
176 196 12.097006
176 197 13.856941
176 198 13.897056
176 199 13.530057
176 200 12.790179
177 0 13.227952
177 1 14.623968
177 2 10.945710
177 3 11.415678
177 4 14.390953
177 5 13.616731
177 6 12.044536
177 7 14.778455
177 8 14.373145
177 9 14.510753
177 10 12.693031
177 11 14.140725
177 12 13.902623
177 13 11.506267
177 14 13.505164
177 15 13.859723
177 16 12.951732
177 17 13.213147
177 18 13.734751
177 19 12.843527
177 20 14.653129
177 21 11.075959
177 22 14.507412
177 23 12.114599
177 24 12.425571
177 25 13.436134
177 26 13.799817
177 27 11.225086
177 28 13.426519
177 29 11.660813
177 30 11.522269
177 31 11.132169
177 32 12.873819
177 33 11.399801
177 34 13.444397
177 35 12.995639
177 36 13.843606
177 37 12.459160
177 38 14.402172
177 39 14.070542
177 40 11.291845
177 41 12.515295
177 42 14.183051
177 43 12.759460
177 44 11.151197
177 45 11.528887
177 46 13.257921
177 47 11.668478
177 48 14.713680
177 49 12.976212
177 50 12.951310
177 51 13.747314
177 52 12.250542
177 53 13.659818
177 54 13.738244
177 55 12.106833
177 56 13.650602
177 57 11.869021
177 58 12.546647
177 59 14.328854
177 60 13.024219
177 61 12.425034
177 62 12.894555
177 63 13.039299
177 64 13.700690
177 65 13.763963
177 66 10.968902
177 67 11.283678
177 68 12.649172
177 69 12.671517
177 70 14.555960
177 71 12.541213
177 72 11.233648
177 73 13.783402
177 74 13.660218
177 75 12.480937
177 76 11.136886
177 77 14.716626
177 78 13.061221
177 79 11.356308
177 80 12.460827
177 81 12.090138
177 82 11.569739
177 83 14.408257
177 84 13.445739
177 85 12.481575
177 86 14.090621
177 87 11.246674
177 88 13.838273
177 89 12.259213
177 90 12.232064
177 91 13.888185
177 92 14.512876
177 93 14.079149
177 94 14.336662
177 95 13.666856
177 96 10.932259
177 97 14.617539
177 98 14.391352
177 99 14.785050
177 100 14.117511
177 101 13.485607
177 102 11.282365
177 103 11.469266
177 104 11.218194
177 105 13.282531
177 106 12.046792
177 107 11.899602
177 108 14.677517
177 109 11.832506
177 110 13.092000
177 111 14.812300
177 112 13.697170
177 113 11.956990
177 114 11.785781
177 115 13.013908
177 116 12.983937
177 117 14.298049
177 118 12.792391
177 119 11.882364
177 120 13.862742
177 121 12.511639
177 122 13.132062
177 123 14.327326
177 124 12.176979
177 125 12.376204
177 126 14.019972
177 127 13.394751
177 128 12.321449
177 129 10.925960
177 130 13.700859
177 131 11.230999
177 132 13.933024
177 133 10.970099
177 134 11.092109
177 135 11.540984
177 136 14.148818
177 137 13.279198
177 138 10.962134
177 139 14.606602
177 140 11.037462
177 141 12.310159
177 142 11.114392
177 143 14.800356
177 144 12.345455
177 145 14.151864
177 146 13.173181
177 147 12.316005
177 148 13.096409
177 149 14.817138
177 150 11.404465
177 151 13.322488
177 152 11.026742
177 153 13.974687
177 154 12.266443
177 155 14.149487
177 156 12.947586
177 157 12.159249
177 158 13.731125
177 159 11.112774
177 160 14.814197
177 161 13.512077
177 162 11.939508
177 163 14.031383
177 164 14.748351
177 165 11.735571
177 166 14.043022
177 167 12.224680
177 168 12.193511
177 169 12.306540
177 170 13.619738
177 171 10.984030
177 172 11.438601
177 173 13.253934
177 174 13.916977
177 175 13.779606
177 176 12.981308
177 178 13.494564
177 179 14.587160
177 180 13.167293
177 181 11.676890
177 182 13.295955
177 183 11.774909
177 184 14.580835
177 185 13.508404
177 186 12.893356
177 187 14.368026
177 188 12.749236
177 189 11.418119
177 190 13.468279
177 191 13.418216
177 192 14.627764
177 193 12.494070
177 194 14.030191
177 195 13.738113
177 196 12.101410
177 197 10.934450
177 198 13.747695
177 199 10.980635
177 200 11.209545
178 0 13.943660
178 1 11.148563
178 2 13.054828
178 3 13.082974
178 4 13.110526
178 5 12.384815
178 6 11.859428
178 7 14.756878
178 8 13.290213
178 9 13.329708
178 10 12.098047
178 11 12.077434
178 12 14.724323
178 13 10.920604
178 14 11.678305
178 15 13.415409
178 16 11.355273
178 17 13.812170
178 18 14.649382
178 19 13.424317
178 20 12.895150
178 21 12.999631
178 22 12.395684
178 23 11.356375
178 24 12.955955
178 25 14.189288
178 26 12.998608
178 27 13.773701
178 28 11.649455
178 29 13.248463
178 30 13.047294
178 31 12.743127
178 32 14.005392
178 33 13.889567
178 34 13.101406
178 35 13.737676
178 36 12.955124
178 37 14.754672
178 38 12.249034
178 39 14.744481
178 40 14.299663
178 41 13.889325
178 42 11.876633
178 43 12.771636
178 44 11.395750
178 45 12.488041
178 46 14.630957
178 47 12.545896
178 48 13.978628
178 49 12.635273
178 50 13.745089
178 51 12.214882
178 52 14.735710
178 53 14.081830
178 54 11.037727
178 55 11.389840
178 56 12.796875
178 57 14.369047
178 58 14.166135
178 59 12.439537
178 60 12.233023
178 61 11.707131
178 62 12.937413
178 63 13.577689
178 64 12.945324
178 65 14.147156
178 66 14.710997
178 67 11.084684
178 68 13.888637
178 69 13.066066
178 70 11.146600
178 71 11.198568
178 72 11.505185
178 73 11.688634
178 74 13.334608
178 75 11.606069
178 76 13.761562
178 77 12.222738
178 78 12.212907
178 79 14.301026
178 80 12.661366
178 81 12.297036
178 82 11.973871
178 83 14.272470
178 84 13.223656
178 85 12.946414
178 86 14.442594
178 87 13.923178
178 88 12.923795
178 89 11.215961
178 90 13.367866
178 91 14.290096
178 92 14.642572
178 93 13.276967
178 94 12.931550
178 95 11.015274
178 96 12.009930
178 97 11.377631
178 98 14.591153
178 99 12.451752
178 100 13.309723
178 101 11.790423
178 102 12.518941
178 103 14.499833
178 104 11.298062
178 105 13.513883
178 106 12.388084
178 107 14.814856
178 108 12.571867
178 109 14.150521
178 110 13.664350
178 111 13.080174
178 112 13.393723
178 113 13.541303
178 114 11.119014
178 115 14.421030
178 116 11.312514
178 117 12.621720
178 118 13.712036
178 119 14.759001
178 120 13.270399
178 121 11.148874
178 122 12.273784
178 123 11.268892
178 124 11.496799
178 125 13.077287
178 126 14.000308
178 127 14.264275
178 128 14.428890
178 129 13.412666
178 130 11.520979
178 131 12.397774
178 132 11.355822
178 133 14.379454
178 134 12.878345
178 135 14.645452
178 136 11.244572
178 137 11.782792
178 138 11.987381
178 139 11.727884
178 140 13.847078
178 141 13.111622
178 142 13.769344
178 143 13.482080
178 144 11.854549
178 145 13.231656
178 146 10.993343
178 147 13.799055
178 148 13.456729
178 149 12.321534
178 150 14.039569
178 151 13.358221
178 152 13.052616
178 153 11.987338
178 154 12.679573
178 155 14.016375
178 156 11.958525
178 157 13.272417
178 158 11.270283
178 159 14.528559
178 160 14.373772
178 161 12.294737
178 162 13.728556
178 163 12.209462
178 164 14.764211
178 165 14.331720
178 166 12.155670
178 167 11.788188
178 168 12.230086
178 169 14.283503
178 170 14.336628
178 171 14.293941
178 172 13.089066
178 173 13.633782
178 174 14.452369
178 175 11.503550
178 176 13.398099
178 177 13.494564
178 179 13.853865
178 180 11.629307
178 181 12.169796
178 182 11.510291
178 183 11.002496
178 184 13.336270
178 185 12.736390
178 186 11.151741
178 187 14.742116
178 188 11.346302
178 189 13.862582
178 190 13.512708
178 191 13.525491
178 192 12.852290
178 193 12.292530
178 194 11.596878
178 195 13.272598
178 196 12.719282
178 197 14.623922
178 198 13.940891
178 199 12.296011
178 200 14.635916
179 0 13.391344
179 1 12.572796
179 2 14.604133
179 3 11.720511
179 4 13.529007
179 5 13.295153
179 6 12.505837
179 7 13.091212
179 8 11.648618
179 9 14.589047
179 10 14.141941
179 11 11.841494
179 12 11.391560
179 13 14.524001
179 14 12.644102
179 15 14.730807
179 16 13.863768
179 17 14.761913
179 18 11.349230
179 19 13.931038
179 20 13.704625
179 21 13.655074
179 22 13.094821
179 23 11.740916
179 24 11.240588
179 25 14.612800
179 26 11.207437
179 27 11.458005
179 28 12.627604
179 29 12.106994
179 30 14.791489
179 31 12.541691
179 32 11.064949
179 33 14.142218
179 34 11.340694
179 35 13.800802
179 36 13.508560
179 37 11.067472
179 38 14.774355
179 39 11.138442
179 40 11.811887
179 41 13.174023
179 42 12.275777
179 43 14.657489
179 44 11.504183
179 45 12.192350
179 46 11.548520
179 47 11.028792
179 48 12.471112
179 49 14.055767
179 50 14.185111
179 51 13.029954
179 52 13.092872
179 53 11.771642
179 54 11.680137
179 55 13.235774
179 56 13.601413
179 57 14.237572
179 58 13.514265
179 59 11.648846
179 60 13.635856
179 61 13.027583
179 62 10.948115
179 63 11.950235
179 64 13.001630
179 65 13.384654
179 66 13.333232
179 67 13.254727
179 68 12.648890
179 69 11.175521
179 70 12.220791
179 71 11.763770
179 72 14.224609
179 73 14.461616
179 74 12.940721
179 75 14.167521
179 76 14.372001
179 77 11.786230
179 78 13.619583
179 79 12.178974
179 80 12.213644
179 81 13.552219
179 82 13.274332
179 83 14.194706
179 84 12.406310
179 85 11.826663
179 86 14.542253
179 87 14.746377
179 88 12.845100
179 89 11.846022
179 90 13.913255
179 91 12.585737
179 92 13.972440
179 93 12.463920
179 94 11.683389
179 95 13.658957
179 96 13.881113
179 97 12.898011
179 98 12.611140
179 99 14.090101
179 100 13.128176
179 101 14.692782
179 102 12.886344
179 103 10.940577
179 104 11.516160
179 105 12.857251
179 106 11.925016
179 107 11.248354
179 108 13.122707
179 109 13.166040
179 110 12.198329
179 111 12.413988
179 112 11.115998
179 113 11.387123
179 114 14.647469
179 115 13.776366
179 116 13.651640
179 117 12.969352
179 118 11.044077
179 119 12.407889
179 120 11.987296
179 121 12.010869
179 122 11.960844
179 123 13.767226
179 124 13.305358
179 125 14.303097
179 126 14.089848
179 127 13.041306
179 128 12.282023
179 129 11.614590
179 130 13.547860
179 131 11.532128
179 132 13.333036
179 133 12.154611
179 134 11.090291
179 135 14.643664
179 136 12.502419
179 137 12.583693
179 138 12.932396
179 139 12.244812
179 140 14.624407
179 141 11.521875
179 142 11.240574
179 143 13.417687
179 144 13.240950
179 145 14.732348
179 146 12.072060
179 147 14.384910
179 148 14.406974
179 149 13.646151
179 150 10.932091
179 151 11.646143
179 152 14.215658
179 153 14.301045
179 154 13.206496
179 155 11.999177
179 156 11.169235
179 157 14.556814
179 158 14.678655
179 159 13.015978
179 160 13.692738
179 161 12.934767
179 162 13.741780
179 163 14.151499
179 164 13.837877
179 165 13.768266
179 166 11.217558
179 167 14.766753
179 168 11.636343
179 169 12.024113
179 170 12.720078
179 171 12.903398
179 172 11.429678
179 173 12.632206
179 174 12.249979
179 175 12.804963
179 176 11.036739
179 177 14.587160
179 178 13.853865
179 180 14.083404
179 181 13.772020
179 182 14.091466
179 183 11.355117
179 184 11.878358
179 185 10.939526
179 186 14.558732
179 187 14.743616
179 188 11.499004
179 189 14.111612
179 190 12.262303
179 191 12.194386
179 192 12.577712
179 193 11.534788
179 194 11.305829
179 195 13.272889
179 196 14.353752
179 197 12.193507
179 198 11.958859
179 199 12.801948
179 200 11.751518
180 0 14.451994
180 1 13.295555
180 2 14.392838
180 3 12.330249
180 4 13.986603
180 5 14.728250
180 6 12.881955
180 7 14.274914
180 8 14.218173
180 9 14.468368
180 10 13.000794
180 11 11.985671
180 12 11.292708
180 13 12.437287
180 14 13.516895
180 15 12.394607
180 16 12.803479
180 17 11.864438
180 18 14.268042
180 19 12.226627
180 20 13.186440
180 21 14.280250
180 22 14.805112
180 23 12.983209
180 24 13.694805
180 25 13.822027
180 26 14.389567
180 27 11.473023
180 28 11.136259
180 29 10.966455
180 30 11.578247
180 31 11.807566
180 32 12.122656
180 33 11.810331
180 34 11.205249
180 35 11.706557
180 36 12.926018
180 37 12.256882
180 38 13.708030
180 39 11.247732
180 40 12.006269
180 41 13.700511
180 42 11.084827
180 43 12.143785
180 44 11.259350
180 45 11.707974
180 46 12.183226
180 47 11.805603
180 48 13.121200
180 49 13.993956
180 50 12.979791
180 51 12.664593
180 52 12.444838
180 53 12.043002
180 54 13.178225
180 55 12.745206
180 56 11.195540
180 57 11.922317
180 58 12.376766
180 59 14.187408
180 60 14.535695
180 61 14.817520
180 62 13.035101
180 63 13.420438
180 64 14.008313
180 65 11.754077
180 66 11.191396
180 67 12.016217
180 68 13.494756
180 69 14.229637
180 70 13.474152
180 71 12.906763
180 72 11.782963
180 73 13.521608
180 74 11.625168
180 75 11.450668
180 76 14.242567
180 77 11.228725
180 78 14.292791
180 79 12.436703
180 80 10.935371
180 81 11.148873
180 82 12.466471
180 83 13.564357
180 84 14.373583
180 85 10.953292
180 86 11.341204
180 87 14.697059
180 88 12.307663
180 89 13.165734
180 90 13.710015
180 91 13.405164
180 92 11.148435
180 93 11.303613
180 94 13.029001
180 95 11.385393
180 96 11.490528
180 97 11.238810
180 98 12.747294
180 99 13.355008
180 100 12.464493
180 101 13.018947
180 102 12.713195
180 103 12.312397
180 104 12.730350
180 105 11.088911
180 106 14.349539
180 107 11.759333
180 108 13.781394
180 109 11.083477
180 110 12.943929
180 111 14.717386
180 112 12.027076
180 113 12.731508
180 114 12.077293
180 115 13.431728
180 116 12.406284
180 117 12.086973
180 118 11.351456
180 119 14.691108
180 120 14.520144
180 121 12.547578
180 122 11.392855
180 123 11.304527
180 124 14.528041
180 125 14.396372
180 126 11.015198
180 127 12.053882
180 128 12.992861
180 129 12.786367
180 130 11.849921
180 131 11.065221
180 132 12.685926
180 133 10.952093
180 134 11.700929
180 135 13.346708
180 136 11.927823
180 137 14.681675
180 138 12.997991
180 139 14.555734
180 140 14.644565
180 141 14.303921
180 142 14.007336
180 143 14.083144
180 144 14.318990
180 145 12.149772
180 146 12.331206
180 147 11.822365
180 148 12.002096
180 149 14.560595
180 150 13.749445
180 151 11.931870
180 152 11.716624
180 153 14.066072
180 154 13.242106
180 155 12.426028
180 156 11.203805
180 157 11.736418
180 158 14.145646
180 159 14.777854
180 160 14.528340
180 161 13.075081
180 162 13.018473
180 163 14.789091
180 164 14.168972
180 165 14.530686
180 166 14.473447
180 167 13.709897
180 168 12.921747
180 169 13.226953
180 170 14.039057
180 171 13.843288
180 172 11.987206
180 173 11.153982
180 174 13.437128
180 175 13.661733
180 176 12.319039
180 177 13.167293
180 178 11.629307
180 179 14.083404
180 181 12.158037
180 182 14.234284
180 183 11.414766
180 184 13.461791
180 185 13.150203
180 186 13.863631
180 187 13.463594
180 188 11.103079
180 189 13.548803
180 190 11.004703
180 191 13.233516
180 192 14.125552
180 193 12.204328
180 194 13.223890
180 195 11.982208
180 196 14.039502
180 197 11.784072
180 198 11.024098
180 199 10.957356
180 200 13.936288
181 0 12.607317
181 1 12.916800
181 2 12.645038
181 3 12.270073
181 4 12.618404
181 5 10.928515
181 6 12.455380
181 7 14.727639
181 8 12.893798
181 9 14.343915
181 10 13.306395
181 11 13.469112
181 12 11.438799
181 13 13.436669
181 14 12.225659
181 15 12.771412
181 16 12.340251
181 17 13.311694
181 18 14.680498
181 19 11.422090
181 20 13.726385
181 21 11.086191
181 22 13.328167
181 23 14.204500
181 24 12.006792
181 25 13.325246
181 26 14.780110
181 27 13.980965
181 28 14.693917
181 29 13.584984
181 30 12.909124
181 31 12.020295
181 32 14.615909
181 33 12.035590
181 34 13.822493
181 35 11.001034
181 36 13.364563
181 37 14.215998
181 38 12.633365
181 39 13.900368
181 40 11.622563
181 41 12.758081
181 42 13.007003
181 43 11.464422
181 44 12.904010
181 45 14.321425
181 46 11.938917
181 47 10.975677
181 48 13.945662
181 49 14.795210
181 50 13.850067
181 51 12.217023
181 52 12.603802
181 53 14.733780
181 54 12.667117
181 55 13.804691
181 56 14.181761
181 57 13.103081
181 58 10.931224
181 59 13.426154
181 60 14.362591
181 61 14.233527
181 62 11.938169
181 63 12.842145
181 64 11.455430
181 65 13.869460
181 66 13.075971
181 67 11.516515
181 68 11.191417
181 69 13.367676
181 70 14.458520
181 71 11.762117
181 72 13.330133
181 73 14.185213
181 74 14.090469
181 75 13.998100
181 76 12.937856
181 77 14.733179
181 78 13.385424
181 79 12.194607
181 80 11.017026
181 81 13.464883
181 82 11.274933
181 83 14.565098
181 84 11.062716
181 85 10.995279
181 86 13.534602
181 87 13.547193
181 88 12.816610
181 89 13.339569
181 90 13.601455
181 91 11.700265
181 92 14.081587
181 93 14.433729
181 94 12.021352
181 95 12.336007
181 96 14.731722
181 97 11.374578
181 98 11.763901
181 99 13.808264
181 100 14.148082
181 101 11.112324
181 102 12.113163
181 103 14.192122
181 104 13.983755
181 105 12.482499
181 106 12.040286
181 107 13.555445
181 108 11.827183
181 109 11.385164
181 110 12.057939
181 111 14.274098
181 112 14.525391
181 113 13.061926
181 114 13.063046
181 115 13.073176
181 116 11.206667
181 117 12.786449
181 118 13.798119
181 119 11.812008
181 120 13.579841
181 121 14.630492
181 122 11.769336
181 123 12.820621
181 124 12.902653
181 125 13.694069
181 126 11.278083
181 127 10.980092
181 128 13.580387
181 129 14.594199
181 130 14.470384
181 131 11.770552
181 132 13.361381
181 133 11.140290
181 134 13.968248
181 135 12.283767
181 136 13.450886
181 137 12.813291
181 138 11.012013
181 139 13.195139
181 140 11.905459
181 141 12.013598
181 142 13.280016
181 143 14.529432
181 144 14.657576
181 145 11.465625
181 146 11.834304
181 147 12.184741
181 148 11.162843
181 149 14.430571
181 150 13.478339
181 151 13.860659
181 152 14.694739
181 153 14.601488
181 154 14.094507
181 155 13.641104
181 156 11.999634
181 157 11.705071
181 158 12.223034
181 159 12.237056
181 160 13.529755
181 161 13.596790
181 162 12.305136
181 163 14.020723
181 164 13.352636
181 165 11.021327
181 166 14.339973
181 167 11.740706
181 168 11.377411
181 169 14.740151
181 170 13.392992
181 171 13.519817
181 172 11.335347
181 173 13.270479
181 174 13.974982
181 175 11.274732
181 176 11.081246
181 177 11.676890
181 178 12.169796
181 179 13.772020
181 180 12.158037
181 182 11.152472
181 183 14.160549
181 184 13.754192
181 185 11.807071
181 186 13.453022
181 187 14.379262
181 188 12.616727
181 189 14.738686
181 190 14.659437
181 191 12.123157
181 192 11.993895
181 193 14.683059
181 194 11.540204
181 195 14.599158
181 196 14.797999
181 197 13.860342
181 198 11.621051
181 199 13.273927
181 200 13.277715
182 0 12.993622
182 1 14.420864
182 2 11.604115
182 3 13.779559
182 4 12.362640
182 5 13.982980
182 6 11.829779
182 7 11.144447
182 8 11.595854
182 9 13.093988
182 10 14.225851
182 11 13.686909
182 12 13.323122
182 13 12.532256
182 14 12.469427
182 15 11.645410
182 16 12.168429
182 17 12.223814
182 18 13.894988
182 19 13.500792
182 20 12.249390
182 21 13.343881
182 22 12.245912
182 23 11.398597
182 24 12.090614
182 25 11.301093
182 26 12.438475
182 27 14.666279
182 28 11.524574
182 29 13.850513
182 30 13.263492
182 31 14.050052
182 32 14.035611
182 33 11.442663
182 34 11.125181
182 35 11.639418
182 36 11.536003
182 37 12.549736
182 38 12.404261
182 39 10.961049
182 40 12.521747
182 41 13.137437
182 42 13.610986
182 43 14.231220
182 44 13.968723
182 45 14.449766
182 46 13.784250
182 47 14.610573
182 48 13.538106
182 49 11.720704
182 50 12.757046
182 51 12.058358
182 52 14.473764
182 53 14.390376
182 54 13.524143
182 55 11.408114
182 56 13.791844
182 57 14.424774
182 58 13.537492
182 59 12.386217
182 60 12.964133
182 61 14.471711
182 62 12.087514
182 63 12.776728
182 64 11.442320
182 65 11.590560
182 66 12.659541
182 67 11.450688
182 68 12.331663
182 69 12.711867
182 70 14.556542
182 71 12.092320
182 72 14.391414
182 73 13.300751
182 74 14.530993
182 75 14.541211
182 76 12.696379
182 77 11.025769
182 78 11.667664
182 79 12.502442
182 80 12.536014
182 81 12.945177
182 82 12.650203
182 83 11.235423
182 84 12.970462
182 85 13.036826
182 86 13.511977
182 87 14.350742
182 88 11.493480
182 89 13.600782
182 90 11.528214
182 91 11.915927
182 92 12.094196
182 93 12.859599
182 94 13.699220
182 95 13.181729
182 96 14.300470
182 97 14.366801
182 98 14.520305
182 99 11.636500
182 100 12.669604
182 101 12.520375
182 102 14.283332
182 103 13.536687
182 104 12.760308
182 105 12.583931
182 106 12.149344
182 107 13.595747
182 108 13.307022
182 109 11.768977
182 110 11.705574
182 111 11.995738
182 112 11.023635
182 113 13.581472
182 114 13.248620
182 115 11.333174
182 116 14.644498
182 117 11.988788
182 118 13.718646
182 119 14.270737
182 120 14.353382
182 121 13.965315
182 122 13.698924
182 123 12.622909
182 124 13.207272
182 125 12.657472
182 126 11.378079
182 127 12.794175
182 128 11.851274
182 129 12.813227
182 130 12.125394
182 131 12.701106
182 132 11.065420
182 133 11.536040
182 134 11.614425
182 135 14.141320
182 136 11.041968
182 137 13.977614
182 138 11.543645
182 139 13.355441
182 140 12.196486
182 141 11.801113
182 142 12.070882
182 143 14.539216
182 144 11.284602
182 145 12.203402
182 146 12.387793
182 147 13.209496
182 148 12.767448
182 149 13.599878
182 150 13.408773
182 151 12.853927
182 152 12.221929
182 153 13.771278
182 154 13.647862
182 155 11.182862
182 156 13.121155
182 157 14.202895
182 158 10.981507
182 159 13.800703
182 160 14.456150
182 161 14.707264
182 162 11.984166
182 163 12.573599
182 164 13.446206
182 165 12.885644
182 166 12.547749
182 167 11.870448
182 168 14.530278
182 169 11.487435
182 170 14.084465
182 171 14.146328
182 172 13.138710
182 173 12.472067
182 174 11.524708
182 175 14.683876
182 176 13.398769
182 177 13.295955
182 178 11.510291
182 179 14.091466
182 180 14.234284
182 181 11.152472
182 183 12.244835
182 184 12.271379
182 185 11.545477
182 186 14.811784
182 187 13.594284
182 188 13.860286
182 189 11.996208
182 190 10.982153
182 191 10.964098
182 192 13.302044
182 193 13.015402
182 194 14.299814
182 195 14.669447
182 196 12.650357
182 197 11.785965
182 198 13.254820
182 199 14.287450
182 200 13.906702
183 0 14.496476
183 1 11.673192
183 2 11.791850
183 3 13.179026
183 4 13.422082
183 5 13.277565
183 6 12.639072
183 7 11.446341
183 8 11.360847
183 9 13.379663
183 10 13.316498
183 11 14.039211
183 12 11.743178
183 13 13.160942
183 14 14.636994
183 15 12.936796
183 16 11.694685
183 17 11.505981
183 18 13.563065
183 19 13.373647
183 20 14.545707
183 21 11.162868
183 22 12.131391
183 23 14.154824
183 24 14.724412
183 25 14.701233
183 26 11.123268
183 27 12.872395
183 28 11.940324
183 29 13.928294
183 30 12.729715
183 31 13.224984
183 32 14.122122
183 33 11.810970
183 34 12.890255
183 35 11.865809
183 36 13.697257
183 37 13.641824
183 38 13.555906
183 39 14.704713
183 40 13.277258
183 41 12.816847
183 42 11.063464
183 43 13.395254
183 44 11.581097
183 45 11.312214
183 46 11.939027
183 47 11.837193
183 48 11.891708
183 49 14.043173
183 50 14.268589
183 51 14.175194
183 52 14.750031
183 53 12.804339
183 54 11.738430
183 55 13.097902
183 56 12.846620
183 57 14.809042
183 58 12.317226
183 59 14.319512
183 60 12.318045
183 61 13.811804
183 62 13.973228
183 63 12.941755
183 64 11.350250
183 65 13.287775
183 66 13.937598
183 67 11.858104
183 68 12.322716
183 69 14.644054
183 70 14.395346
183 71 12.245135
183 72 11.989857
183 73 12.055208
183 74 12.303313
183 75 13.794984
183 76 12.193100
183 77 14.544598
183 78 11.009332
183 79 12.630575
183 80 14.091245
183 81 13.785148
183 82 13.941963
183 83 12.142628
183 84 12.067688
183 85 13.095788
183 86 12.846865
183 87 14.580731
183 88 11.582568
183 89 14.321649
183 90 12.732433
183 91 14.549913
183 92 12.432727
183 93 11.863348
183 94 13.853702
183 95 12.983481
183 96 12.374432
183 97 12.438260
183 98 13.026719
183 99 11.691039
183 100 13.857898
183 101 13.482877
183 102 14.180070
183 103 14.314358
183 104 14.347711
183 105 14.358561
183 106 13.316099
183 107 12.873088
183 108 11.230047
183 109 14.325138
183 110 10.956515
183 111 12.238999
183 112 13.047513
183 113 12.245686
183 114 14.560924
183 115 12.309616
183 116 11.647550
183 117 11.761703
183 118 14.019490
183 119 11.727292
183 120 12.068939
183 121 13.515202
183 122 10.956024
183 123 11.444227
183 124 11.440538
183 125 10.937431
183 126 14.716011
183 127 11.531725
183 128 13.837184
183 129 12.373661
183 130 12.535565
183 131 14.037610
183 132 12.628299
183 133 14.717371
183 134 13.058410
183 135 14.127700
183 136 13.545894
183 137 14.561338
183 138 12.497234
183 139 13.365026
183 140 14.169429
183 141 13.974635
183 142 11.481239
183 143 11.158898
183 144 13.386688
183 145 12.666647
183 146 12.374543
183 147 14.697082
183 148 11.613390
183 149 14.455851
183 150 11.984685
183 151 14.537678
183 152 12.680513
183 153 14.499492
183 154 12.740753
183 155 11.759167
183 156 11.082767
183 157 11.523000
183 158 11.749529
183 159 14.468911
183 160 11.374795
183 161 12.509810
183 162 13.192688
183 163 12.190616
183 164 14.435067
183 165 12.149884
183 166 12.281531
183 167 12.079370
183 168 12.553031
183 169 11.416610
183 170 14.643257
183 171 11.121606
183 172 12.662050
183 173 13.957904
183 174 11.886550
183 175 14.400513
183 176 14.558256
183 177 11.774909
183 178 11.002496
183 179 11.355117
183 180 11.414766
183 181 14.160549
183 182 12.244835
183 184 12.105851
183 185 14.469181
183 186 14.497912
183 187 13.550212
183 188 14.741641
183 189 11.574804
183 190 12.927070
183 191 13.701877
183 192 13.347419
183 193 14.048016
183 194 13.148189
183 195 14.058296
183 196 12.192801
183 197 11.038536
183 198 11.648674
183 199 11.822389
183 200 13.001405
184 0 11.762597
184 1 13.090911
184 2 13.780475
184 3 13.599533
184 4 12.000244
184 5 14.759180
184 6 13.857360
184 7 13.398763
184 8 11.681843
184 9 14.486359
184 10 11.230227
184 11 14.784815
184 12 11.201135
184 13 13.600537
184 14 13.711601
184 15 13.803441
184 16 11.822700
184 17 12.317885
184 18 11.413137
184 19 13.215710
184 20 12.671122
184 21 13.303241
184 22 13.407132
184 23 14.544054
184 24 14.484143
184 25 14.359903
184 26 12.999194
184 27 12.950044
184 28 13.296722
184 29 13.828138
184 30 11.503211
184 31 11.982238
184 32 14.330777
184 33 14.438652
184 34 11.934379
184 35 12.903378
184 36 13.865417
184 37 12.218290
184 38 13.692325
184 39 11.618561
184 40 12.240691
184 41 14.220368
184 42 12.452608
184 43 12.827210
184 44 12.234049
184 45 13.363892
184 46 11.794829
184 47 11.861555
184 48 11.528164
184 49 11.098825
184 50 12.768070
184 51 13.245442
184 52 12.697399
184 53 14.756073
184 54 14.718153
184 55 13.585271
184 56 14.102836
184 57 11.833315
184 58 13.742676
184 59 11.062197
184 60 13.736631
184 61 12.697004
184 62 14.032136
184 63 11.099530
184 64 12.812735
184 65 13.401926
184 66 12.752740
184 67 11.128541
184 68 14.339470
184 69 11.299728
184 70 14.324172
184 71 12.948092
184 72 14.117712
184 73 11.702249
184 74 11.011828
184 75 14.783002
184 76 14.396775
184 77 12.884053
184 78 11.031914
184 79 12.805065
184 80 11.875837
184 81 14.326863
184 82 13.555236
184 83 13.765581
184 84 11.474824
184 85 14.246665
184 86 11.377001
184 87 12.535865
184 88 11.907552
184 89 12.303943
184 90 11.069169
184 91 12.571585
184 92 11.032192
184 93 11.326296
184 94 13.856068
184 95 13.011883
184 96 11.329336
184 97 14.148501
184 98 12.448114
184 99 14.423409
184 100 13.963087
184 101 11.867844
184 102 13.860581
184 103 11.869980
184 104 12.850405
184 105 12.194443
184 106 14.304942
184 107 14.447243
184 108 12.547165
184 109 12.098758
184 110 13.387248
184 111 11.766690
184 112 14.529159
184 113 11.647121
184 114 14.229300
184 115 11.200163
184 116 11.917032
184 117 14.374680
184 118 14.484043
184 119 13.713549
184 120 13.055789
184 121 14.445128
184 122 13.314008
184 123 14.530165
184 124 13.410496
184 125 14.230403
184 126 12.509901
184 127 14.216927
184 128 12.470275
184 129 12.650875
184 130 13.053556
184 131 13.238001
184 132 11.033738
184 133 13.093057
184 134 11.653651
184 135 11.437692
184 136 14.585148
184 137 11.683299
184 138 12.095084
184 139 13.215704
184 140 11.472795
184 141 10.925913
184 142 12.856104
184 143 12.463966
184 144 14.270575
184 145 14.354122
184 146 12.189597
184 147 12.000756
184 148 12.945994
184 149 14.739997
184 150 14.077593
184 151 13.484143
184 152 13.790536
184 153 11.740178
184 154 11.264184
184 155 11.621654
184 156 11.589535
184 157 11.133470
184 158 11.003856
184 159 11.428140
184 160 14.015340
184 161 12.785353
184 162 13.758640
184 163 11.274493
184 164 13.390279
184 165 11.964316
184 166 11.741068
184 167 11.734778
184 168 13.057185
184 169 12.163290
184 170 11.720646
184 171 12.173910
184 172 14.363406
184 173 13.539581
184 174 11.112835
184 175 12.098489
184 176 14.426754
184 177 14.580835
184 178 13.336270
184 179 11.878358
184 180 13.461791
184 181 13.754192
184 182 12.271379
184 183 12.105851
184 185 11.125689
184 186 12.778299
184 187 13.865016
184 188 11.638108
184 189 14.401629
184 190 12.353396
184 191 12.673391
184 192 13.701198
184 193 13.682917
184 194 14.154437
184 195 11.540604
184 196 12.871190
184 197 13.929991
184 198 14.585793
184 199 11.845117
184 200 13.846923
185 0 11.714276
185 1 14.360701
185 2 13.787945
185 3 13.500062
185 4 12.965393
185 5 13.013109
185 6 14.732638
185 7 13.580206
185 8 12.080855
185 9 12.507603
185 10 11.705607
185 11 12.295808
185 12 12.293139
185 13 14.372953
185 14 13.581631
185 15 14.485302
185 16 14.776260
185 17 13.103210
185 18 13.114384
185 19 12.804377
185 20 14.484360
185 21 13.858391
185 22 14.203860
185 23 11.335409
185 24 11.464293
185 25 14.499006
185 26 14.021184
185 27 13.723100
185 28 14.661194
185 29 12.833121
185 30 13.615420
185 31 11.723491
185 32 14.119410
185 33 11.972621
185 34 11.405301
185 35 11.348800
185 36 14.756609
185 37 12.788234
185 38 14.451185
185 39 14.203628
185 40 12.284084
185 41 14.464114
185 42 12.021848
185 43 14.010703
185 44 13.957994
185 45 11.118770
185 46 11.191363
185 47 12.598528
185 48 14.308045
185 49 14.663437
185 50 11.870295
185 51 11.032439
185 52 12.701859
185 53 12.491543
185 54 11.502373
185 55 12.680409
185 56 14.068793
185 57 13.895624
185 58 13.124240
185 59 14.361908
185 60 12.640520
185 61 11.025394
185 62 12.350046
185 63 12.484260
185 64 11.149159
185 65 11.038814
185 66 12.648360
185 67 14.305079
185 68 13.630552
185 69 14.481536
185 70 14.300978
185 71 12.220552
185 72 11.900878
185 73 11.644307
185 74 11.674961
185 75 11.234094
185 76 11.573533
185 77 11.329454
185 78 11.231952
185 79 12.793864
185 80 12.273470
185 81 11.883542
185 82 13.926823
185 83 14.257920
185 84 12.340965
185 85 14.265569
185 86 14.063961
185 87 14.183382
185 88 13.769071
185 89 11.629820
185 90 10.925877
185 91 11.886487
185 92 12.779241
185 93 10.948177
185 94 12.929315
185 95 13.227915
185 96 11.298085
185 97 12.405005
185 98 12.248887
185 99 11.625056
185 100 13.690457
185 101 14.561296
185 102 12.552725
185 103 13.362329
185 104 12.515243
185 105 12.834477
185 106 14.018432
185 107 11.646133
185 108 12.707906
185 109 14.701087
185 110 12.053722
185 111 12.586751
185 112 12.097369
185 113 12.798011
185 114 12.187163
185 115 14.790963
185 116 11.814583
185 117 13.680633
185 118 13.918031
185 119 11.859187
185 120 11.701716
185 121 14.026627
185 122 13.499586
185 123 11.000363
185 124 11.461588
185 125 13.680141
185 126 13.231381
185 127 13.500397
185 128 11.190884
185 129 12.335219
185 130 13.372889
185 131 13.267028
185 132 13.639092
185 133 13.344364
185 134 14.778082
185 135 10.926589
185 136 13.140836
185 137 14.080461
185 138 12.307124
185 139 12.493467
185 140 13.877806
185 141 13.050983
185 142 11.438334
185 143 12.845592
185 144 14.612769
185 145 12.820377
185 146 12.613907
185 147 14.259168
185 148 12.595700
185 149 13.550542
185 150 11.866940
185 151 13.268115
185 152 12.626581
185 153 12.742152
185 154 11.328738
185 155 11.198487
185 156 11.771591
185 157 13.506974
185 158 13.976914
185 159 14.776100
185 160 12.032110
185 161 11.497648
185 162 13.516241
185 163 12.116084
185 164 14.056847
185 165 11.760217
185 166 11.138785
185 167 13.677020
185 168 13.646046
185 169 11.899487
185 170 13.491137
185 171 14.131082
185 172 12.013882
185 173 13.499913
185 174 12.214174
185 175 12.175974
185 176 12.595922
185 177 13.508404
185 178 12.736390
185 179 10.939526
185 180 13.150203
185 181 11.807071
185 182 11.545477
185 183 14.469181
185 184 11.125689
185 186 12.981980
185 187 10.955480
185 188 13.188296
185 189 12.020300
185 190 14.110012
185 191 14.356892
185 192 14.136074
185 193 11.049909
185 194 12.838677
185 195 11.151791
185 196 13.223257
185 197 13.136843
185 198 11.375177
185 199 11.504600
185 200 11.736230
186 0 12.124574
186 1 11.143532
186 2 13.752279
186 3 12.880710
186 4 12.974718
186 5 13.621598
186 6 12.900839
186 7 12.619271
186 8 11.713841
186 9 12.970271
186 10 12.447315
186 11 12.810364
186 12 11.690498
186 13 14.790795
186 14 11.819876
186 15 12.326213
186 16 11.261706
186 17 13.167392
186 18 12.960081
186 19 11.668819
186 20 13.756701
186 21 12.301932
186 22 12.572530
186 23 12.228793
186 24 12.369242
186 25 11.852967
186 26 13.850510
186 27 13.704716
186 28 11.920304
186 29 13.553629
186 30 12.699689
186 31 13.107319
186 32 11.845084
186 33 13.151819
186 34 13.017871
186 35 10.965564
186 36 12.856094
186 37 13.261996
186 38 12.323612
186 39 12.523632
186 40 14.460365
186 41 13.997978
186 42 14.120928
186 43 12.011871
186 44 11.825551
186 45 11.142340
186 46 11.028522
186 47 11.155573
186 48 11.971904
186 49 14.755408
186 50 13.009024
186 51 13.998911
186 52 13.074737
186 53 13.844995
186 54 13.008272
186 55 11.376627
186 56 11.876686
186 57 12.953456
186 58 14.719396
186 59 14.066914
186 60 13.255487
186 61 12.792440
186 62 13.461471
186 63 14.064191
186 64 13.087053
186 65 12.239908
186 66 11.637889
186 67 13.043726
186 68 12.332750
186 69 13.033192
186 70 12.220209
186 71 11.881769
186 72 13.363883
186 73 14.131982
186 74 14.780594
186 75 12.254845
186 76 12.005897
186 77 12.891394
186 78 13.364932
186 79 11.015357
186 80 14.177085
186 81 14.748532
186 82 11.162463
186 83 12.489444
186 84 12.558249
186 85 13.990183
186 86 12.852265
186 87 11.505766
186 88 11.744434
186 89 10.959449
186 90 11.197321
186 91 14.682170
186 92 14.556047
186 93 12.326985
186 94 11.591989
186 95 13.356726
186 96 13.167819
186 97 13.812880
186 98 11.945348
186 99 14.102110
186 100 10.972874
186 101 12.643357
186 102 12.687586
186 103 13.096980
186 104 11.676948
186 105 13.367473
186 106 11.106562
186 107 14.652256
186 108 13.635872
186 109 13.881171
186 110 14.743246
186 111 13.483146
186 112 13.130808
186 113 14.461692
186 114 14.411424
186 115 14.110587
186 116 11.819723
186 117 12.687471
186 118 11.749502
186 119 12.718693
186 120 12.456030
186 121 11.567832
186 122 14.432696
186 123 13.174012
186 124 11.588726
186 125 11.257301
186 126 13.804316
186 127 12.916610
186 128 11.601813
186 129 12.690279
186 130 12.977313
186 131 12.867971
186 132 14.667629
186 133 13.033198
186 134 13.508287
186 135 13.489789
186 136 14.146453
186 137 13.669801
186 138 13.403798
186 139 11.690379
186 140 13.980950
186 141 13.904556
186 142 12.348428
186 143 12.492066
186 144 12.650439
186 145 11.889149
186 146 14.462776
186 147 11.646404
186 148 14.403244
186 149 10.948884
186 150 13.790511
186 151 14.113256
186 152 12.571037
186 153 14.812118
186 154 13.957047
186 155 12.776942
186 156 12.538622
186 157 12.211719
186 158 13.087337
186 159 11.556399
186 160 11.815263
186 161 14.226198
186 162 12.061367
186 163 14.582017
186 164 13.871887
186 165 11.871693
186 166 14.655120
186 167 11.209398
186 168 12.645389
186 169 11.272270
186 170 11.964044
186 171 11.008198
186 172 14.158254
186 173 11.810628
186 174 12.228653
186 175 13.856314
186 176 14.611529
186 177 12.893356
186 178 11.151741
186 179 14.558732
186 180 13.863631
186 181 13.453022
186 182 14.811784
186 183 14.497912
186 184 12.778299
186 185 12.981980
186 187 12.121635
186 188 13.051442
186 189 13.690241
186 190 14.516357
186 191 13.170356
186 192 14.722968
186 193 13.048247
186 194 12.274597
186 195 12.916801
186 196 11.718927
186 197 13.697241
186 198 13.908200
186 199 13.081744
186 200 11.147542
187 0 13.228260
187 1 14.456434
187 2 12.312614
187 3 14.742047
187 4 14.483557
187 5 12.757161
187 6 13.054558
187 7 12.505271
187 8 14.113985
187 9 11.749284
187 10 14.432868
187 11 11.406984
187 12 14.359844
187 13 13.905714
187 14 12.450869
187 15 13.853070
187 16 11.795174
187 17 14.277226
187 18 13.034785
187 19 11.585994
187 20 13.820817
187 21 12.187594
187 22 11.431828
187 23 10.992465
187 24 14.098712
187 25 14.127649
187 26 13.805274
187 27 11.650216
187 28 14.687881
187 29 11.700205
187 30 12.965006
187 31 11.577400
187 32 14.083560
187 33 12.119118
187 34 12.699140
187 35 12.594820
187 36 14.362641
187 37 13.326774
187 38 11.881203
187 39 13.754981
187 40 11.042510
187 41 11.754316
187 42 14.282088
187 43 14.398462
187 44 13.850976
187 45 13.820249
187 46 13.448956
187 47 10.944022
187 48 13.470358
187 49 11.787415
187 50 13.041536
187 51 11.171303
187 52 13.213304
187 53 12.299738
187 54 12.978298
187 55 11.079998
187 56 14.345751
187 57 14.418172
187 58 12.556781
187 59 12.134302
187 60 12.001378
187 61 13.922575
187 62 14.300378
187 63 13.279807
187 64 12.229772
187 65 11.241350
187 66 11.086761
187 67 13.575810
187 68 11.623100
187 69 13.428939
187 70 12.541308
187 71 13.496753
187 72 13.267916
187 73 11.589192
187 74 12.666523
187 75 12.400864
187 76 14.198891
187 77 13.848494
187 78 11.809207
187 79 12.676023
187 80 11.389258
187 81 13.414860
187 82 11.242772
187 83 11.873668
187 84 13.764013
187 85 12.736379
187 86 13.098427
187 87 14.773897
187 88 12.180736
187 89 14.173921
187 90 12.733022
187 91 12.467058
187 92 13.898039
187 93 12.383656
187 94 14.267721
187 95 12.047674
187 96 12.902262
187 97 11.924217
187 98 14.729847
187 99 11.402975
187 100 14.779998
187 101 12.528902
187 102 11.645953
187 103 13.572109
187 104 12.520397
187 105 13.409499
187 106 14.600701
187 107 14.218585
187 108 11.228023
187 109 14.062413
187 110 14.507458
187 111 12.600698
187 112 13.052892
187 113 10.993333
187 114 12.363034
187 115 13.587034
187 116 11.459259
187 117 12.410529
187 118 12.859538
187 119 12.817331
187 120 12.650879
187 121 13.272904
187 122 13.507457
187 123 11.167034
187 124 12.169198
187 125 12.394190
187 126 11.010551
187 127 13.068146
187 128 13.597836
187 129 11.893583
187 130 12.445523
187 131 13.389641
187 132 14.760786
187 133 11.357541
187 134 14.813298
187 135 10.993312
187 136 14.454529
187 137 11.603491
187 138 14.255359
187 139 14.338196
187 140 12.778600
187 141 14.526028
187 142 11.378578
187 143 12.425034
187 144 12.033263
187 145 13.194266
187 146 14.680411
187 147 11.388480
187 148 12.668130
187 149 14.164424
187 150 14.771988
187 151 13.361857
187 152 14.545598
187 153 12.675578
187 154 11.608360
187 155 14.539356
187 156 11.615108
187 157 11.245285
187 158 13.281700
187 159 12.042090
187 160 14.065777
187 161 13.211081
187 162 12.852345
187 163 14.130019
187 164 14.629122
187 165 12.030356
187 166 12.900180
187 167 14.422923
187 168 12.451093
187 169 11.146702
187 170 12.728721
187 171 14.603078
187 172 14.076356
187 173 13.284016
187 174 11.148735
187 175 11.409295
187 176 11.798598
187 177 14.368026
187 178 14.742116
187 179 14.743616
187 180 13.463594
187 181 14.379262
187 182 13.594284
187 183 13.550212
187 184 13.865016
187 185 10.955480
187 186 12.121635
187 188 11.247832
187 189 13.264736
187 190 13.351935
187 191 13.721698
187 192 14.566531
187 193 11.075650
187 194 13.240310
187 195 12.922906
187 196 14.750505
187 197 13.640341
187 198 12.568805
187 199 13.891532
187 200 11.155588
188 0 12.777659
188 1 14.012343
188 2 12.402888
188 3 13.811309
188 4 14.473716
188 5 14.426849
188 6 12.290002
188 7 14.132022
188 8 11.238354
188 9 12.067322
188 10 12.129300
188 11 12.135334
188 12 13.023214
188 13 12.764938
188 14 14.778154
188 15 10.969552
188 16 13.327298
188 17 11.351136
188 18 14.559934
188 19 12.935219
188 20 12.329541
188 21 12.157378
188 22 14.371940
188 23 11.018678
188 24 13.270411
188 25 13.754809
188 26 13.220715
188 27 14.171561
188 28 11.976024
188 29 12.051247
188 30 11.797971
188 31 12.996366
188 32 13.780543
188 33 13.750262
188 34 11.166518
188 35 12.197546
188 36 13.755233
188 37 13.275048
188 38 12.694362
188 39 11.605683
188 40 13.343693
188 41 14.325822
188 42 14.252074
188 43 13.478071
188 44 12.853240
188 45 13.596942
188 46 13.941675
188 47 11.820306
188 48 11.657494
188 49 13.846526
188 50 12.065250
188 51 14.076818
188 52 10.986855
188 53 13.946893
188 54 13.005731
188 55 13.134521
188 56 13.104385
188 57 13.791588
188 58 14.561443
188 59 12.721652
188 60 13.049545
188 61 14.171645
188 62 13.147936
188 63 14.077216
188 64 11.216238
188 65 14.652112
188 66 11.570910
188 67 11.187662
188 68 14.114009
188 69 13.412051
188 70 13.315023
188 71 14.321684
188 72 14.523649
188 73 13.957606
188 74 11.092566
188 75 11.172152
188 76 13.677275
188 77 11.260760
188 78 12.897994
188 79 14.598536
188 80 12.565056
188 81 11.518245
188 82 11.937150
188 83 12.948532
188 84 14.616533
188 85 10.975563
188 86 12.716610
188 87 13.539166
188 88 13.511461
188 89 14.464383
188 90 11.861458
188 91 11.473134
188 92 13.701211
188 93 12.666448
188 94 13.773058
188 95 13.344761
188 96 14.789731
188 97 12.417932
188 98 13.619728
188 99 12.461381
188 100 13.031547
188 101 14.434360
188 102 13.585278
188 103 14.671279
188 104 13.435278
188 105 12.818675
188 106 14.752267
188 107 14.539451
188 108 12.131991
188 109 12.625803
188 110 14.523730
188 111 14.059076
188 112 14.443597
188 113 12.494546
188 114 14.024062
188 115 11.020249
188 116 11.643407
188 117 11.722696
188 118 12.676614
188 119 14.463932
188 120 11.478041
188 121 14.342789
188 122 13.505371
188 123 12.416376
188 124 11.954537
188 125 12.280039
188 126 13.513930
188 127 14.416063
188 128 14.582164
188 129 12.889089
188 130 12.433174
188 131 12.602751
188 132 12.282947
188 133 14.707915
188 134 12.168819
188 135 14.444037
188 136 13.873987
188 137 11.521844
188 138 11.451237
188 139 11.404304
188 140 11.678682
188 141 14.755834
188 142 13.973695
188 143 13.109974
188 144 11.726262
188 145 11.230379
188 146 14.232062
188 147 11.403360
188 148 13.320095
188 149 12.479076
188 150 14.038829
188 151 13.657866
188 152 11.229210
188 153 11.653739
188 154 14.811194
188 155 12.198204
188 156 14.387056
188 157 11.479753
188 158 14.565384
188 159 14.732742
188 160 11.049725
188 161 11.199151
188 162 11.846601
188 163 11.578898
188 164 13.683585
188 165 12.387153
188 166 13.050017
188 167 11.779465
188 168 14.149877
188 169 14.598793
188 170 11.620551
188 171 14.508157
188 172 11.499588
188 173 11.480556
188 174 11.502629
188 175 12.214520
188 176 14.015405
188 177 12.749236
188 178 11.346302
188 179 11.499004
188 180 11.103079
188 181 12.616727
188 182 13.860286
188 183 14.741641
188 184 11.638108
188 185 13.188296
188 186 13.051442
188 187 11.247832
188 189 13.378266
188 190 13.445703
188 191 12.129978
188 192 12.597786
188 193 13.087538
188 194 12.905229
188 195 11.697772
188 196 11.668966
188 197 13.886021
188 198 14.177484
188 199 13.523489
188 200 14.061441
189 0 12.474904
189 1 11.792905
189 2 11.612005
189 3 14.291073
189 4 13.415816
189 5 11.625791
189 6 12.023340
189 7 14.630574
189 8 13.856092
189 9 12.076612
189 10 11.128169
189 11 11.471874
189 12 14.042343
189 13 11.230049
189 14 14.742458
189 15 12.122470
189 16 12.025211
189 17 13.830725
189 18 11.441880
189 19 14.245886
189 20 13.854826
189 21 13.679625
189 22 10.921503
189 23 14.773524
189 24 11.943000
189 25 12.251290
189 26 11.953764
189 27 13.923872
189 28 12.613541
189 29 13.173931
189 30 13.849001
189 31 13.330747
189 32 11.271767
189 33 12.715103
189 34 11.622589
189 35 13.447670
189 36 11.803455
189 37 13.654157
189 38 11.271430
189 39 11.238242
189 40 13.215191
189 41 13.561144
189 42 11.268994
189 43 11.338393
189 44 12.633368
189 45 13.154596
189 46 14.013287
189 47 11.319212
189 48 13.405134
189 49 11.587857
189 50 13.175928
189 51 12.096420
189 52 14.661967
189 53 14.125601
189 54 11.274954
189 55 13.397269
189 56 14.815891
189 57 13.145929
189 58 12.651693
189 59 10.948903
189 60 13.877088
189 61 11.312480
189 62 14.497146
189 63 14.516448
189 64 11.638874
189 65 11.937157
189 66 11.011404
189 67 10.925255
189 68 14.787339
189 69 11.179283
189 70 11.882524
189 71 13.534793
189 72 14.383608
189 73 11.168873
189 74 14.482969
189 75 12.562933
189 76 12.998164
189 77 13.775212
189 78 13.764328
189 79 11.004011
189 80 12.800523
189 81 11.220604
189 82 14.597237
189 83 14.037184
189 84 12.394825
189 85 11.087480
189 86 11.402440
189 87 13.858975
189 88 11.170646
189 89 13.420718
189 90 12.217838
189 91 13.330592
189 92 12.286037
189 93 11.316986
189 94 11.980224
189 95 12.725396
189 96 13.434849
189 97 11.854111
189 98 14.214881
189 99 11.187466
189 100 14.079403
189 101 11.395798
189 102 13.408237
189 103 11.304523
189 104 11.441953
189 105 14.405391
189 106 12.059098
189 107 14.558465
189 108 11.294666
189 109 13.955672
189 110 12.588235
189 111 14.073829
189 112 11.469228
189 113 14.027537
189 114 14.389210
189 115 12.329841
189 116 13.311954
189 117 14.487675
189 118 13.899802
189 119 13.183685
189 120 12.902906
189 121 13.745913
189 122 12.100634
189 123 12.843322
189 124 13.440587
189 125 11.399031
189 126 10.998353
189 127 12.580458
189 128 13.018612
189 129 12.732697
189 130 14.221505
189 131 11.243224
189 132 13.962635
189 133 12.145575
189 134 13.638598
189 135 14.573607
189 136 14.069355
189 137 12.339325
189 138 11.474713
189 139 11.003325
189 140 13.620231
189 141 11.693418
189 142 10.988200
189 143 13.048448
189 144 14.467766
189 145 11.865836
189 146 14.463226
189 147 12.178520
189 148 13.419241
189 149 13.645225
189 150 12.033041
189 151 13.277384
189 152 12.095518
189 153 11.712367
189 154 13.344209
189 155 12.015820
189 156 14.535903
189 157 12.359952
189 158 11.180163
189 159 12.303110
189 160 14.316929
189 161 11.440855
189 162 11.195731
189 163 12.280864
189 164 13.591602
189 165 11.655874
189 166 13.733024
189 167 14.234875
189 168 12.819170
189 169 11.076390
189 170 12.911712
189 171 12.528173
189 172 14.643314
189 173 13.207824
189 174 13.561817
189 175 13.536438
189 176 14.797566
189 177 11.418119
189 178 13.862582
189 179 14.111612
189 180 13.548803
189 181 14.738686
189 182 11.996208
189 183 11.574804
189 184 14.401629
189 185 12.020300
189 186 13.690241
189 187 13.264736
189 188 13.378266
189 190 14.048078
189 191 14.688092
189 192 12.905020
189 193 12.548188
189 194 14.255888
189 195 14.188945
189 196 14.381967
189 197 11.655263
189 198 12.232132
189 199 12.713594
189 200 13.551891
190 0 12.644904
190 1 13.810300
190 2 12.815554
190 3 12.171248
190 4 13.097119
190 5 11.333733
190 6 11.564270
190 7 11.282394
190 8 11.480347
190 9 14.404372
190 10 13.437929
190 11 13.128246
190 12 12.585039
190 13 12.020396
190 14 13.825965
190 15 13.558524
190 16 11.378612
190 17 13.566585
190 18 13.562901
190 19 14.533698
190 20 14.093368
190 21 14.512931
190 22 11.883719
190 23 13.871489
190 24 14.368742
190 25 14.225442
190 26 11.347402
190 27 13.415352
190 28 13.678622
190 29 12.501169
190 30 12.571506
190 31 14.208111
190 32 13.069865
190 33 11.093602
190 34 11.415976
190 35 11.085629
190 36 12.465277
190 37 12.107651
190 38 11.483112
190 39 12.247759
190 40 13.506175
190 41 10.986670
190 42 14.123232
190 43 14.397605
190 44 13.687842
190 45 13.431579
190 46 13.019323
190 47 12.546456
190 48 12.710721
190 49 13.159887
190 50 12.727205
190 51 11.641458
190 52 12.615657
190 53 14.431365
190 54 12.384811
190 55 11.455800
190 56 10.924569
190 57 11.229454
190 58 14.198839
190 59 11.907332
190 60 13.066037
190 61 12.921572
190 62 13.295286
190 63 11.587090
190 64 14.091728
190 65 14.457391
190 66 11.677185
190 67 13.706490
190 68 11.626023
190 69 13.448126
190 70 11.285400
190 71 12.449878
190 72 12.169990
190 73 11.526179
190 74 13.340169
190 75 11.000436
190 76 13.452052
190 77 11.338194
190 78 13.505622
190 79 13.988092
190 80 13.841953
190 81 12.204391
190 82 11.054386
190 83 12.521772
190 84 13.384297
190 85 14.570087
190 86 12.869527
190 87 12.823840
190 88 13.102077
190 89 14.137080
190 90 11.675973
190 91 11.882952
190 92 11.112249
190 93 11.618333
190 94 12.427657
190 95 12.052448
190 96 13.591150
190 97 13.945900
190 98 13.746114
190 99 11.068249
190 100 13.650990
190 101 13.241843
190 102 13.259627
190 103 14.284859
190 104 14.804406
190 105 12.623962
190 106 13.804367
190 107 13.030696
190 108 11.329609
190 109 11.737160
190 110 13.305232
190 111 14.713030
190 112 14.420635
190 113 11.030872
190 114 11.262395
190 115 13.531005
190 116 12.051007
190 117 12.645974
190 118 14.171701
190 119 13.126923
190 120 14.165789
190 121 13.029042
190 122 14.603427
190 123 14.458926
190 124 14.748946
190 125 13.291372
190 126 13.626381
190 127 14.774946
190 128 11.130288
190 129 13.978063
190 130 13.471700
190 131 12.385264
190 132 13.422022
190 133 12.077168
190 134 13.946258
190 135 12.000140
190 136 13.547463
190 137 12.338050
190 138 12.934720
190 139 12.843832
190 140 11.965489
190 141 14.700454
190 142 12.336076
190 143 14.305559
190 144 11.865525
190 145 12.334739
190 146 12.129155
190 147 13.006588
190 148 13.914457
190 149 13.550872
190 150 12.184803
190 151 11.606561
190 152 13.141667
190 153 13.801149
190 154 13.361772
190 155 12.717667
190 156 14.071679
190 157 14.011359
190 158 13.989847
190 159 14.044304
190 160 12.350535
190 161 12.351874
190 162 12.715797
190 163 11.533446
190 164 14.446685
190 165 12.453083
190 166 11.027667
190 167 11.205629
190 168 12.833394
190 169 12.267667
190 170 12.007656
190 171 12.100589
190 172 11.505801
190 173 12.421611
190 174 12.311375
190 175 14.269625
190 176 12.133511
190 177 13.468279
190 178 13.512708
190 179 12.262303
190 180 11.004703
190 181 14.659437
190 182 10.982153
190 183 12.927070
190 184 12.353396
190 185 14.110012
190 186 14.516357
190 187 13.351935
190 188 13.445703
190 189 14.048078
190 191 11.268870
190 192 14.783262
190 193 14.609299
190 194 11.358258
190 195 14.500832
190 196 14.668345
190 197 13.905207
190 198 11.672009
190 199 11.330853
190 200 14.682746
191 0 11.801025
191 1 14.268334
191 2 12.862826
191 3 13.222008
191 4 14.375801
191 5 12.902126
191 6 11.866331
191 7 11.555564
191 8 12.799686
191 9 14.529301
191 10 13.292294
191 11 11.175573
191 12 13.183773
191 13 11.250856
191 14 14.279752
191 15 14.768633
191 16 11.388249
191 17 11.055753
191 18 12.453740
191 19 11.899005
191 20 14.521905
191 21 14.244126
191 22 11.526868
191 23 12.304712
191 24 12.068250
191 25 14.391722
191 26 14.008697
191 27 14.457421
191 28 13.726281
191 29 11.915973
191 30 14.243584
191 31 11.114964
191 32 14.627620
191 33 12.636068
191 34 13.282868
191 35 14.666978
191 36 13.736611
191 37 14.226339
191 38 14.271901
191 39 11.344382
191 40 13.661898
191 41 14.636116
191 42 14.534866
191 43 14.094324
191 44 11.611304
191 45 12.171614
191 46 14.026333
191 47 12.572611
191 48 11.371741
191 49 11.079521
191 50 13.384681
191 51 11.107456
191 52 11.380543
191 53 13.411451
191 54 11.367647
191 55 13.821154
191 56 13.574879
191 57 11.777173
191 58 12.973178
191 59 11.095782
191 60 13.887909
191 61 12.579076
191 62 12.901884
191 63 14.145360
191 64 11.368110
191 65 14.160839
191 66 14.310909
191 67 12.690580
191 68 11.700457
191 69 14.556048
191 70 11.778830
191 71 14.187551
191 72 13.404999
191 73 12.318872
191 74 14.415776
191 75 12.604412
191 76 13.205209
191 77 13.798358
191 78 14.209273
191 79 13.524808
191 80 12.099145
191 81 12.576984
191 82 13.591749
191 83 13.243670
191 84 12.896469
191 85 13.641985
191 86 12.555127
191 87 12.102546
191 88 11.588253
191 89 13.552825
191 90 13.365596
191 91 11.295486
191 92 14.707002
191 93 11.163875
191 94 13.680914
191 95 11.988577
191 96 10.937104
191 97 12.570443
191 98 11.435697
191 99 11.517812
191 100 12.015977
191 101 11.758120
191 102 12.656748
191 103 11.617247
191 104 14.675552
191 105 11.796687
191 106 13.477588
191 107 11.671108
191 108 13.900566
191 109 13.935760
191 110 13.569624
191 111 12.318086
191 112 12.486025
191 113 11.428974
191 114 13.580796
191 115 14.048011
191 116 14.501802
191 117 12.198280
191 118 13.810074
191 119 14.556377
191 120 14.315493
191 121 13.731178
191 122 11.525633
191 123 13.422666
191 124 11.371947
191 125 12.710764
191 126 12.428077
191 127 12.345714
191 128 13.954031
191 129 11.298760
191 130 12.415283
191 131 13.714811
191 132 11.399047
191 133 10.926267
191 134 14.711344
191 135 13.740137
191 136 11.722915
191 137 13.450867
191 138 12.429333
191 139 11.975471
191 140 14.240097
191 141 14.411342
191 142 12.041367
191 143 11.305322
191 144 14.521997
191 145 12.611702
191 146 14.418552
191 147 13.574897
191 148 12.334625
191 149 12.444730
191 150 12.193527
191 151 11.410878
191 152 13.040443
191 153 13.451280
191 154 11.723652
191 155 13.571115
191 156 14.540804
191 157 14.749234
191 158 12.819543
191 159 12.943971
191 160 12.655382
191 161 11.540631
191 162 11.722522
191 163 11.383686
191 164 14.177077
191 165 11.381104
191 166 12.704287
191 167 13.311603
191 168 11.771909
191 169 11.331341
191 170 13.617908
191 171 14.011629
191 172 14.757785
191 173 14.201966
191 174 12.292247
191 175 11.192463
191 176 11.485883
191 177 13.418216
191 178 13.525491
191 179 12.194386
191 180 13.233516
191 181 12.123157
191 182 10.964098
191 183 13.701877
191 184 12.673391
191 185 14.356892
191 186 13.170356
191 187 13.721698
191 188 12.129978
191 189 14.688092
191 190 11.268870
191 192 10.972435
191 193 12.615118
191 194 13.852471
191 195 11.243927
191 196 12.616830
191 197 12.262928
191 198 14.008137
191 199 13.568715
191 200 12.359328
192 0 13.943836
192 1 10.951856
192 2 13.747898
192 3 13.078420
192 4 14.605767
192 5 11.128657
192 6 12.969576
192 7 11.229792
192 8 12.732047
192 9 14.545851
192 10 12.608003
192 11 11.616012
192 12 13.470032
192 13 14.766910
192 14 10.920906
192 15 14.750049
192 16 11.622027
192 17 11.800571
192 18 12.776307
192 19 12.833310
192 20 11.413125
192 21 14.007694
192 22 11.017404
192 23 11.307442
192 24 12.282123
192 25 13.351361
192 26 11.283624
192 27 11.457549
192 28 14.773756
192 29 13.692336
192 30 11.600433
192 31 12.245165
192 32 14.372317
192 33 11.033450
192 34 11.494177
192 35 12.630155
192 36 12.167082
192 37 14.532347
192 38 13.624457
192 39 13.041015
192 40 14.795774
192 41 11.605786
192 42 13.115115
192 43 14.166553
192 44 14.226584
192 45 11.545239
192 46 13.660139
192 47 12.817645
192 48 12.548736
192 49 13.925393
192 50 14.284223
192 51 12.241471
192 52 11.522130
192 53 13.277927
192 54 13.058594
192 55 11.439062
192 56 13.398859
192 57 12.991998
192 58 12.598873
192 59 14.149681
192 60 12.687084
192 61 14.810065
192 62 11.685426
192 63 13.679915
192 64 11.103900
192 65 12.762301
192 66 11.719649
192 67 12.139825
192 68 14.624705
192 69 13.102165
192 70 13.276247
192 71 12.779015
192 72 11.546750
192 73 13.409722
192 74 14.777228
192 75 14.382948
192 76 11.540648
192 77 12.318899
192 78 14.804039
192 79 12.709876
192 80 11.621648
192 81 11.045403
192 82 14.509171
192 83 14.690582
192 84 11.481378
192 85 11.199897
192 86 12.139586
192 87 13.231517
192 88 13.142365
192 89 11.059761
192 90 12.955869
192 91 11.208812
192 92 14.505425
192 93 11.115730
192 94 11.663466
192 95 11.185441
192 96 12.036166
192 97 14.421974
192 98 12.016755
192 99 14.394345
192 100 11.182793
192 101 13.235135
192 102 14.483594
192 103 13.329055
192 104 13.996723
192 105 11.994119
192 106 14.290256
192 107 11.662180
192 108 13.384022
192 109 13.243648
192 110 11.964227
192 111 11.782972
192 112 12.841241
192 113 14.062751
192 114 11.415864
192 115 13.386667
192 116 11.930309
192 117 14.109191
192 118 14.289361
192 119 11.662822
192 120 11.541471
192 121 13.070830
192 122 13.544021
192 123 11.536747
192 124 12.904800
192 125 13.315807
192 126 14.586889
192 127 14.710746
192 128 12.192314
192 129 14.326615
192 130 11.127398
192 131 14.452776
192 132 13.348208
192 133 13.601201
192 134 11.881188
192 135 13.705584
192 136 12.201046
192 137 12.034854
192 138 11.084935
192 139 12.305162
192 140 11.810636
192 141 11.590895
192 142 11.561804
192 143 13.308310
192 144 13.608205
192 145 14.555970
192 146 14.339028
192 147 10.936550
192 148 12.353558
192 149 13.726645
192 150 14.292718
192 151 13.196426
192 152 13.874079
192 153 12.545329
192 154 14.577843
192 155 11.158100
192 156 13.112412
192 157 13.085849
192 158 13.881472
192 159 14.506743
192 160 12.338754
192 161 13.819631
192 162 12.348962
192 163 14.446925
192 164 11.133436
192 165 12.664572
192 166 13.691194
192 167 14.794346
192 168 13.974409
192 169 12.567822
192 170 12.492988
192 171 12.274210
192 172 12.836254
192 173 11.643710
192 174 13.351252
192 175 13.189151
192 176 11.896118
192 177 14.627764
192 178 12.852290
192 179 12.577712
192 180 14.125552
192 181 11.993895
192 182 13.302044
192 183 13.347419
192 184 13.701198
192 185 14.136074
192 186 14.722968
192 187 14.566531
192 188 12.597786
192 189 12.905020
192 190 14.783262
192 191 10.972435
192 193 13.978720
192 194 13.902752
192 195 11.570910
192 196 11.739345
192 197 11.407164
192 198 14.428591
192 199 13.077108
192 200 13.020528
193 0 14.814313
193 1 13.315922
193 2 12.353724
193 3 12.200141
193 4 12.655313
193 5 11.782711
193 6 12.877169
193 7 14.072312
193 8 11.636937
193 9 14.799080
193 10 11.842970
193 11 12.323902
193 12 12.574897
193 13 14.637985
193 14 13.221487
193 15 13.010654
193 16 12.712944
193 17 12.504206
193 18 13.327832
193 19 14.665157
193 20 14.061427
193 21 14.734005
193 22 11.587083
193 23 13.359154
193 24 12.316569
193 25 13.444489
193 26 13.975192
193 27 13.921097
193 28 11.172282
193 29 10.924617
193 30 13.844577
193 31 11.941447
193 32 11.447511
193 33 13.436854
193 34 11.412581
193 35 11.305466
193 36 14.604164
193 37 13.907722
193 38 14.096288
193 39 13.935838
193 40 12.708933
193 41 12.462071
193 42 14.059591
193 43 12.541795
193 44 12.864658
193 45 11.079597
193 46 10.938052
193 47 11.997033
193 48 12.689568
193 49 13.194899
193 50 14.625104
193 51 12.550460
193 52 13.459636
193 53 13.736142
193 54 13.998623
193 55 11.721612
193 56 14.041962
193 57 12.741215
193 58 13.676500
193 59 12.421641
193 60 11.763228
193 61 13.993427
193 62 12.508438
193 63 11.475293
193 64 12.312265
193 65 11.964221
193 66 11.771664
193 67 11.469781
193 68 13.708513
193 69 13.125170
193 70 11.334888
193 71 13.670552
193 72 12.115383
193 73 14.402972
193 74 12.394399
193 75 13.352029
193 76 14.320589
193 77 13.884937
193 78 12.416388
193 79 11.087149
193 80 14.751291
193 81 13.081476
193 82 14.775602
193 83 14.237050
193 84 13.047207
193 85 11.468665
193 86 11.919249
193 87 12.055060
193 88 10.924500
193 89 12.116800
193 90 12.358871
193 91 12.482128
193 92 13.167479
193 93 13.286996
193 94 11.830774
193 95 11.161331
193 96 12.033782
193 97 11.492589
193 98 13.693785
193 99 12.886213
193 100 11.038797
193 101 12.925969
193 102 12.327803
193 103 12.907325
193 104 11.021267
193 105 12.075072
193 106 14.334218
193 107 13.681044
193 108 12.237807
193 109 12.015228
193 110 13.178107
193 111 14.634466
193 112 13.939415
193 113 14.706254
193 114 12.987084
193 115 13.801158
193 116 14.203123
193 117 13.654220
193 118 11.402428
193 119 14.118574
193 120 11.397468
193 121 13.247781
193 122 13.791478
193 123 13.667745
193 124 11.263140
193 125 14.417706
193 126 11.125195
193 127 12.403589
193 128 12.305323
193 129 11.774647
193 130 12.111113
193 131 12.136254
193 132 12.718191
193 133 14.409493
193 134 14.567732
193 135 11.481200
193 136 12.935148
193 137 10.948256
193 138 13.406829
193 139 11.958492
193 140 14.527000
193 141 14.410467
193 142 13.864810
193 143 13.294843
193 144 12.190268
193 145 13.669111
193 146 12.003051
193 147 12.893507
193 148 11.384499
193 149 13.774767
193 150 12.541532
193 151 13.648862
193 152 14.721790
193 153 13.760275
193 154 11.970106
193 155 12.092829
193 156 13.781378
193 157 12.511494
193 158 13.155398
193 159 11.550387
193 160 12.462002
193 161 14.225536
193 162 14.757474
193 163 12.809145
193 164 13.868452
193 165 13.589187
193 166 13.130626
193 167 12.861806
193 168 13.366190
193 169 12.083199
193 170 12.291940
193 171 11.170837
193 172 11.594142
193 173 12.080832
193 174 13.431930
193 175 11.086155
193 176 14.431127
193 177 12.494070
193 178 12.292530
193 179 11.534788
193 180 12.204328
193 181 14.683059
193 182 13.015402
193 183 14.048016
193 184 13.682917
193 185 11.049909
193 186 13.048247
193 187 11.075650
193 188 13.087538
193 189 12.548188
193 190 14.609299
193 191 12.615118
193 192 13.978720
193 194 13.225232
193 195 14.292027
193 196 12.785552
193 197 13.136855
193 198 14.060599
193 199 14.109415
193 200 12.817825
194 0 13.963215
194 1 14.730155
194 2 14.605803
194 3 13.199810
194 4 13.255513
194 5 11.423992
194 6 12.801217
194 7 13.898372
194 8 14.114866
194 9 12.929175
194 10 12.630382
194 11 12.383082
194 12 13.662151
194 13 12.823971
194 14 12.272180
194 15 11.061199
194 16 11.216632
194 17 14.164300
194 18 11.782570
194 19 14.303725
194 20 13.919081
194 21 14.232763
194 22 12.781461
194 23 11.554849
194 24 10.941425
194 25 13.148174
194 26 12.220230
194 27 12.134682
194 28 13.899706
194 29 11.121808
194 30 12.806104
194 31 13.454690
194 32 11.080266
194 33 12.094415
194 34 11.893917
194 35 12.567023
194 36 13.843821
194 37 11.490002
194 38 11.383460
194 39 12.824609
194 40 12.129389
194 41 14.813295
194 42 14.545635
194 43 12.717138
194 44 13.822687
194 45 14.653731
194 46 13.578736
194 47 12.427934
194 48 10.986566
194 49 13.548220
194 50 14.464798
194 51 14.275119
194 52 14.784545
194 53 11.441558
194 54 11.497749
194 55 12.851274
194 56 14.731002
194 57 13.565011
194 58 13.800436
194 59 12.558307
194 60 12.579964
194 61 13.964488
194 62 14.465625
194 63 14.056740
194 64 11.232920
194 65 14.615465
194 66 12.582197
194 67 14.735224
194 68 14.073418
194 69 11.679674
194 70 13.036988
194 71 12.784398
194 72 14.256404
194 73 13.672684
194 74 13.268085
194 75 11.133341
194 76 12.790286
194 77 11.382319
194 78 13.073123
194 79 13.123912
194 80 14.052887
194 81 12.788098
194 82 12.489802
194 83 13.289531
194 84 13.185098
194 85 13.910569
194 86 13.742598
194 87 13.178758
194 88 12.710849
194 89 13.499200
194 90 11.225223
194 91 13.639091
194 92 12.504321
194 93 11.529087
194 94 13.077793
194 95 13.847104
194 96 13.805582
194 97 12.704387
194 98 14.095530
194 99 11.141999
194 100 11.198958
194 101 13.505289
194 102 11.087592
194 103 13.702935
194 104 14.203164
194 105 11.579308
194 106 14.653220
194 107 14.104856
194 108 12.916306
194 109 11.003040
194 110 12.672852
194 111 14.395042
194 112 12.837730
194 113 12.393765
194 114 12.368811
194 115 13.501512
194 116 14.749759
194 117 12.992036
194 118 13.819287
194 119 12.319723
194 120 10.992724
194 121 13.867601
194 122 13.619135
194 123 13.990656
194 124 12.171980
194 125 14.302439
194 126 11.863168
194 127 13.876035
194 128 11.634944
194 129 11.683762
194 130 13.045834
194 131 11.946973
194 132 12.263382
194 133 11.731749
194 134 12.764067
194 135 14.610401
194 136 14.733724
194 137 11.924629
194 138 10.962677
194 139 12.283036
194 140 14.472709
194 141 13.852841
194 142 11.942854
194 143 12.633622
194 144 14.570231
194 145 11.596467
194 146 14.392725
194 147 11.454611
194 148 11.546063
194 149 14.080311
194 150 13.385682
194 151 14.582083
194 152 13.197898
194 153 12.256512
194 154 12.874563
194 155 11.877736
194 156 13.452671
194 157 14.604253
194 158 11.554042
194 159 14.502512
194 160 13.837216
194 161 13.315747
194 162 14.608201
194 163 12.728737
194 164 11.308414
194 165 14.311502
194 166 13.826276
194 167 11.886025
194 168 12.724528
194 169 14.249727
194 170 11.613815
194 171 11.756151
194 172 14.811364
194 173 13.513012
194 174 13.415642
194 175 13.798224
194 176 14.318977
194 177 14.030191
194 178 11.596878
194 179 11.305829
194 180 13.223890
194 181 11.540204
194 182 14.299814
194 183 13.148189
194 184 14.154437
194 185 12.838677
194 186 12.274597
194 187 13.240310
194 188 12.905229
194 189 14.255888
194 190 11.358258
194 191 13.852471
194 192 13.902752
194 193 13.225232
194 195 12.930804
194 196 13.530483
194 197 13.859445
194 198 12.916288
194 199 11.311710
194 200 13.620969
195 0 11.175799
195 1 13.104577
195 2 12.140194
195 3 11.402522
195 4 11.927268
195 5 14.424609
195 6 13.695443
195 7 12.096662
195 8 14.187628
195 9 14.791070
195 10 13.468396
195 11 13.583584
195 12 13.328572
195 13 10.989900
195 14 13.752276
195 15 12.722888
195 16 11.450604
195 17 12.294634
195 18 12.536462
195 19 13.186900
195 20 14.612573
195 21 11.991097
195 22 14.461433
195 23 13.169311
195 24 12.471187
195 25 11.139564
195 26 13.065033
195 27 13.359682
195 28 12.573089
195 29 14.716737
195 30 14.566412
195 31 13.754479
195 32 11.815594
195 33 12.788527
195 34 14.343391
195 35 13.825943
195 36 14.044780
195 37 14.170818
195 38 13.652321
195 39 12.498573
195 40 12.186668
195 41 12.686247
195 42 12.630570
195 43 14.584084
195 44 10.935128
195 45 12.158680
195 46 12.861631
195 47 13.146936
195 48 12.623969
195 49 11.531261
195 50 12.431986
195 51 14.064939
195 52 12.373256
195 53 11.896084
195 54 13.188969
195 55 14.269617
195 56 14.702736
195 57 13.510452
195 58 13.553493
195 59 12.142673
195 60 12.902178
195 61 12.098192
195 62 13.599697
195 63 11.669883
195 64 12.449793
195 65 13.150941
195 66 14.546535
195 67 13.166183
195 68 11.974296
195 69 11.569006
195 70 11.812833
195 71 11.213608
195 72 11.021626
195 73 11.512974
195 74 14.065190
195 75 12.687436
195 76 11.983565
195 77 14.739753
195 78 13.796376
195 79 12.019247
195 80 12.783117
195 81 12.586021
195 82 11.181933
195 83 14.704656
195 84 11.517567
195 85 12.449871
195 86 11.684888
195 87 12.966180
195 88 13.031304
195 89 12.480130
195 90 12.576167
195 91 14.371465
195 92 13.882085
195 93 13.071277
195 94 11.929978
195 95 13.545345
195 96 13.666499
195 97 14.559608
195 98 12.792412
195 99 14.548974
195 100 13.835189
195 101 14.339763
195 102 13.404135
195 103 11.619263
195 104 11.828002
195 105 11.311516
195 106 14.005436
195 107 13.133622
195 108 12.406487
195 109 14.107212
195 110 13.603132
195 111 12.192898
195 112 12.754788
195 113 14.598436
195 114 11.323707
195 115 13.993503
195 116 12.464392
195 117 14.485851
195 118 13.190564
195 119 11.730142
195 120 11.390363
195 121 12.923187
195 122 13.566399
195 123 13.956480
195 124 12.533653
195 125 13.281898
195 126 13.387159
195 127 11.590834
195 128 14.355651
195 129 12.974944
195 130 13.965731
195 131 13.225215
195 132 11.608376
195 133 12.126709
195 134 13.859705
195 135 14.470416
195 136 13.339593
195 137 13.200961
195 138 13.036431
195 139 10.993725
195 140 11.488960
195 141 11.286766
195 142 12.274667
195 143 12.429341
195 144 11.989445
195 145 11.753402
195 146 12.510232
195 147 11.631446
195 148 13.183377
195 149 12.973331
195 150 12.413379
195 151 13.914960
195 152 11.108747
195 153 11.431480
195 154 14.720457
195 155 11.659884
195 156 13.554221
195 157 12.746617
195 158 12.894745
195 159 13.233747
195 160 12.010339
195 161 14.489849
195 162 13.584870
195 163 14.475570
195 164 12.263398
195 165 12.410748
195 166 13.460061
195 167 11.912805
195 168 14.785205
195 169 14.129416
195 170 11.531089
195 171 11.706949
195 172 13.087390
195 173 13.431798
195 174 14.417751
195 175 13.520323
195 176 12.819952
195 177 13.738113
195 178 13.272598
195 179 13.272889
195 180 11.982208
195 181 14.599158
195 182 14.669447
195 183 14.058296
195 184 11.540604
195 185 11.151791
195 186 12.916801
195 187 12.922906
195 188 11.697772
195 189 14.188945
195 190 14.500832
195 191 11.243927
195 192 11.570910
195 193 14.292027
195 194 12.930804
195 196 11.334930
195 197 11.258085
195 198 11.981156
195 199 12.604574
195 200 11.357442
196 0 11.146798
196 1 11.347161
196 2 12.797110
196 3 13.037536
196 4 14.119770
196 5 13.032260
196 6 14.007787
196 7 11.293215
196 8 12.725801
196 9 13.821605
196 10 14.120594
196 11 14.783508
196 12 12.463113
196 13 11.922012
196 14 13.182005
196 15 12.809275
196 16 13.579362
196 17 11.757661
196 18 13.709121
196 19 10.996793
196 20 12.848165
196 21 14.557545
196 22 13.455265
196 23 11.424804
196 24 12.959786
196 25 12.098248
196 26 11.514674
196 27 10.987181
196 28 12.046899
196 29 13.405578
196 30 11.798852
196 31 13.058883
196 32 12.742383
196 33 11.336985
196 34 12.485373
196 35 14.670654
196 36 14.059436
196 37 12.855134
196 38 13.470762
196 39 12.321235
196 40 11.307931
196 41 13.473226
196 42 14.500172
196 43 14.768124
196 44 12.063281
196 45 14.545771
196 46 11.786274
196 47 14.141298
196 48 12.408421
196 49 11.234518
196 50 12.145027
196 51 12.169546
196 52 13.766074
196 53 13.121009
196 54 11.092226
196 55 12.481720
196 56 14.394507
196 57 11.662870
196 58 13.258950
196 59 12.635177
196 60 11.766673
196 61 12.824804
196 62 13.321954
196 63 13.353534
196 64 12.687151
196 65 11.179706
196 66 14.632594
196 67 13.985734
196 68 11.495781
196 69 11.378361
196 70 12.711826
196 71 12.022494
196 72 11.749629
196 73 13.277705
196 74 11.437982
196 75 12.994465
196 76 13.716879
196 77 11.199416
196 78 13.542129
196 79 13.712385
196 80 11.675107
196 81 14.255184
196 82 11.989921
196 83 14.183275
196 84 12.119098
196 85 13.668538
196 86 14.471486
196 87 11.348844
196 88 13.776230
196 89 12.308236
196 90 14.013178
196 91 11.024993
196 92 14.597009
196 93 12.691014
196 94 14.722716
196 95 11.217259
196 96 13.235728
196 97 11.784048
196 98 14.375150
196 99 12.744501
196 100 12.259424
196 101 14.325549
196 102 14.326266
196 103 11.942471
196 104 11.736151
196 105 12.407620
196 106 11.623971
196 107 13.374513
196 108 14.061150
196 109 14.163296
196 110 12.626222
196 111 13.887197
196 112 12.443727
196 113 12.695828
196 114 11.722936
196 115 11.052182
196 116 14.106162
196 117 13.235228
196 118 14.635063
196 119 12.692919
196 120 13.339057
196 121 12.086450
196 122 14.554104
196 123 13.685327
196 124 13.436416
196 125 14.775948
196 126 12.157056
196 127 13.706041
196 128 13.077751
196 129 11.052909
196 130 14.365866
196 131 11.596024
196 132 13.776812
196 133 14.778473
196 134 11.811147
196 135 13.235034
196 136 13.628205
196 137 13.201441
196 138 13.467261
196 139 11.707229
196 140 12.534675
196 141 13.550166
196 142 14.082233
196 143 12.959687
196 144 13.838253
196 145 13.759099
196 146 13.244870
196 147 11.470641
196 148 12.725612
196 149 12.654302
196 150 12.405722
196 151 13.794341
196 152 14.655929
196 153 11.941864
196 154 11.577376
196 155 14.817787
196 156 14.108140
196 157 11.988644
196 158 12.883722
196 159 12.403191
196 160 12.622837
196 161 12.416935
196 162 13.700346
196 163 12.218525
196 164 12.299284
196 165 11.522746
196 166 13.490495
196 167 14.216689
196 168 13.118638
196 169 11.879137
196 170 14.665836
196 171 10.963064
196 172 11.924457
196 173 12.385037
196 174 11.971637
196 175 11.371762
196 176 12.097006
196 177 12.101410
196 178 12.719282
196 179 14.353752
196 180 14.039502
196 181 14.797999
196 182 12.650357
196 183 12.192801
196 184 12.871190
196 185 13.223257
196 186 11.718927
196 187 14.750505
196 188 11.668966
196 189 14.381967
196 190 14.668345
196 191 12.616830
196 192 11.739345
196 193 12.785552
196 194 13.530483
196 195 11.334930
196 197 13.613365
196 198 14.545318
196 199 13.022435
196 200 13.598893
197 0 14.607245
197 1 11.697875
197 2 12.002026
197 3 13.529142
197 4 11.195156
197 5 12.376300
197 6 11.372815
197 7 13.799930
197 8 13.006337
197 9 12.173963
197 10 13.925892
197 11 10.956638
197 12 13.575816
197 13 14.422865
197 14 12.390199
197 15 13.787163
197 16 11.215056
197 17 12.793672
197 18 13.596261
197 19 11.574779
197 20 12.191123
197 21 13.117306
197 22 14.348489
197 23 14.110191
197 24 12.451618
197 25 14.111754
197 26 13.242494
197 27 11.867980
197 28 12.504723
197 29 12.522366
197 30 11.417359
197 31 12.492711
197 32 13.138558
197 33 12.219544
197 34 13.504665
197 35 13.043631
197 36 12.448680
197 37 13.459600
197 38 11.172624
197 39 13.637127
197 40 11.535538
197 41 12.100336
197 42 14.586708
197 43 14.524371
197 44 11.989943
197 45 13.927378
197 46 11.481863
197 47 14.689165
197 48 13.968662
197 49 11.807937
197 50 12.199268
197 51 14.282915
197 52 13.169055
197 53 13.830895
197 54 14.060263
197 55 13.913940
197 56 14.177772
197 57 14.442395
197 58 13.650452
197 59 14.369972
197 60 11.358470
197 61 11.651195
197 62 13.451840
197 63 11.924507
197 64 14.154046
197 65 11.153929
197 66 12.685038
197 67 14.057518
197 68 12.537120
197 69 13.553571
197 70 14.002102
197 71 13.562292
197 72 10.941350
197 73 11.843129
197 74 12.984231
197 75 13.842880
197 76 13.659490
197 77 11.230044
197 78 14.100464
197 79 14.088331
197 80 13.785530
197 81 13.018594
197 82 13.024155
197 83 13.169196
197 84 12.696406
197 85 12.532471
197 86 14.281125
197 87 13.329035
197 88 14.046919
197 89 11.096922
197 90 11.094637
197 91 12.773859
197 92 11.558775
197 93 14.159758
197 94 13.484134
197 95 12.988816
197 96 11.978654
197 97 12.522516
197 98 11.869702
197 99 14.374099
197 100 12.883366
197 101 11.252353
197 102 11.284014
197 103 14.223790
197 104 11.162730
197 105 14.768344
197 106 14.004036
197 107 13.974772
197 108 11.528974
197 109 11.229347
197 110 11.682077
197 111 14.326987
197 112 11.026928
197 113 14.050040
197 114 12.976720
197 115 11.846896
197 116 11.665216
197 117 11.850298
197 118 12.646177
197 119 13.207139
197 120 12.268680
197 121 14.057673
197 122 12.706368
197 123 12.593112
197 124 11.845470
197 125 12.271372
197 126 13.534136
197 127 13.306088
197 128 13.844586
197 129 14.800705
197 130 13.624562
197 131 12.815220
197 132 11.498635
197 133 11.523428
197 134 14.008537
197 135 12.767728
197 136 14.404660
197 137 11.899395
197 138 11.896677
197 139 13.578750
197 140 11.999518
197 141 12.879709
197 142 11.911531
197 143 14.802671
197 144 14.596522
197 145 11.045361
197 146 11.496902
197 147 10.926323
197 148 14.801035
197 149 11.528533
197 150 12.407449
197 151 11.771397
197 152 10.979722
197 153 11.212385
197 154 13.213551
197 155 14.313058
197 156 14.185461
197 157 11.800483
197 158 13.077739
197 159 11.727006
197 160 13.872554
197 161 11.768824
197 162 14.423712
197 163 14.273330
197 164 12.481656
197 165 12.675166
197 166 11.007927
197 167 14.580437
197 168 13.234514
197 169 13.611164
197 170 13.463043
197 171 11.645498
197 172 12.853888
197 173 13.369124
197 174 14.095999
197 175 12.835596
197 176 13.856941
197 177 10.934450
197 178 14.623922
197 179 12.193507
197 180 11.784072
197 181 13.860342
197 182 11.785965
197 183 11.038536
197 184 13.929991
197 185 13.136843
197 186 13.697241
197 187 13.640341
197 188 13.886021
197 189 11.655263
197 190 13.905207
197 191 12.262928
197 192 11.407164
197 193 13.136855
197 194 13.859445
197 195 11.258085
197 196 13.613365
197 198 14.437527
197 199 13.376934
197 200 11.815658
198 0 14.707772
198 1 11.661862
198 2 12.227920
198 3 12.939997
198 4 13.605165
198 5 14.671060
198 6 11.794651
198 7 12.063718
198 8 12.989811
198 9 14.690174
198 10 14.505846
198 11 12.982001
198 12 14.335361
198 13 14.526984
198 14 13.399914
198 15 14.620737
198 16 12.589839
198 17 14.392866
198 18 11.704853
198 19 12.341325
198 20 14.613967
198 21 13.121204
198 22 14.630506
198 23 13.839313
198 24 13.377708
198 25 13.430013
198 26 14.499864
198 27 14.107645
198 28 11.927573
198 29 13.469058
198 30 11.375685
198 31 11.811252
198 32 14.451641
198 33 11.913353
198 34 14.510837
198 35 12.170431
198 36 14.353036
198 37 11.774660
198 38 14.146641
198 39 13.512962
198 40 11.529285
198 41 13.438760
198 42 14.456807
198 43 13.073335
198 44 14.705701
198 45 14.057273
198 46 13.888561
198 47 11.948444
198 48 13.424087
198 49 14.713726
198 50 11.058118
198 51 13.014097
198 52 12.717383
198 53 14.075413
198 54 14.161048
198 55 13.390856
198 56 13.253760
198 57 12.167222
198 58 12.755654
198 59 12.997608
198 60 14.251379
198 61 12.400068
198 62 11.752124
198 63 11.627625
198 64 14.127284
198 65 12.417025
198 66 14.301763
198 67 11.702830
198 68 11.414230
198 69 13.175845
198 70 12.607977
198 71 11.154946
198 72 14.305990
198 73 12.215830
198 74 11.648177
198 75 11.986113
198 76 13.537561
198 77 11.631096
198 78 11.941055
198 79 11.535100
198 80 14.799627
198 81 14.717162
198 82 14.012282
198 83 12.047320
198 84 11.315145
198 85 12.392139
198 86 12.809739
198 87 13.417984
198 88 12.536302
198 89 13.659617
198 90 14.723658
198 91 13.942029
198 92 14.730822
198 93 13.521773
198 94 12.093436
198 95 13.698089
198 96 12.821472
198 97 13.129057
198 98 12.016449
198 99 11.539919
198 100 14.669148
198 101 13.174895
198 102 14.411815
198 103 12.406292
198 104 11.651688
198 105 13.106223
198 106 11.187919
198 107 13.320187
198 108 12.609250
198 109 12.333163
198 110 11.618462
198 111 12.311836
198 112 12.167358
198 113 14.701114
198 114 11.436557
198 115 11.583967
198 116 14.242860
198 117 14.383516
198 118 11.688747
198 119 13.525584
198 120 13.812944
198 121 13.742666
198 122 13.811422
198 123 11.250186
198 124 13.150889
198 125 11.891051
198 126 13.332636
198 127 14.688271
198 128 12.342719
198 129 14.132998
198 130 14.539939
198 131 11.700468
198 132 11.176622
198 133 14.663908
198 134 14.740362
198 135 13.572906
198 136 14.098608
198 137 11.528919
198 138 11.001980
198 139 11.198052
198 140 13.024912
198 141 13.245756
198 142 14.546223
198 143 13.519535
198 144 12.098592
198 145 12.658058
198 146 12.594319
198 147 13.206679
198 148 11.278057
198 149 14.315222
198 150 12.941423
198 151 13.146629
198 152 11.178323
198 153 14.262992
198 154 14.667500
198 155 14.690206
198 156 14.082699
198 157 12.898702
198 158 13.581828
198 159 13.891407
198 160 14.463644
198 161 13.397860
198 162 12.031136
198 163 13.458696
198 164 11.687992
198 165 13.869320
198 166 12.735450
198 167 11.557822
198 168 13.356413
198 169 11.488254
198 170 12.381196
198 171 13.202529
198 172 11.366536
198 173 11.878403
198 174 11.591100
198 175 12.619469
198 176 13.897056
198 177 13.747695
198 178 13.940891
198 179 11.958859
198 180 11.024098
198 181 11.621051
198 182 13.254820
198 183 11.648674
198 184 14.585793
198 185 11.375177
198 186 13.908200
198 187 12.568805
198 188 14.177484
198 189 12.232132
198 190 11.672009
198 191 14.008137
198 192 14.428591
198 193 14.060599
198 194 12.916288
198 195 11.981156
198 196 14.545318
198 197 14.437527
198 199 14.199996
198 200 12.511597
199 0 11.005758
199 1 12.527145
199 2 13.755679
199 3 14.775980
199 4 14.540125
199 5 11.741778
199 6 11.700997
199 7 13.745580
199 8 13.518239
199 9 13.819187
199 10 13.839671
199 11 13.323638
199 12 11.118810
199 13 13.988311
199 14 13.887717
199 15 13.797620
199 16 11.828941
199 17 10.929236
199 18 12.531447
199 19 14.089925
199 20 13.625257
199 21 12.555219
199 22 14.765135
199 23 13.836477
199 24 11.265747
199 25 13.595810
199 26 13.699459
199 27 11.776848
199 28 13.244054
199 29 13.659260
199 30 11.526707
199 31 13.529884
199 32 11.703105
199 33 13.464285
199 34 13.637796
199 35 13.896052
199 36 12.119325
199 37 11.640811
199 38 14.462011
199 39 12.662993
199 40 11.133931
199 41 11.404567
199 42 11.922408
199 43 14.430870
199 44 14.810928
199 45 11.020503
199 46 14.770862
199 47 14.340361
199 48 11.696277
199 49 14.796107
199 50 12.704612
199 51 13.568579
199 52 14.403438
199 53 14.295299
199 54 14.511071
199 55 14.610723
199 56 11.806882
199 57 11.242291
199 58 11.170670
199 59 11.234451
199 60 13.748428
199 61 11.811386
199 62 13.979418
199 63 14.104656
199 64 12.005013
199 65 11.260218
199 66 12.597149
199 67 12.697350
199 68 12.685036
199 69 12.988028
199 70 13.164137
199 71 12.241044
199 72 12.381915
199 73 13.149627
199 74 14.013553
199 75 12.352000
199 76 12.927872
199 77 14.786350
199 78 14.123885
199 79 11.826031
199 80 14.390020
199 81 13.502466
199 82 12.335981
199 83 14.752708
199 84 11.183908
199 85 13.083554
199 86 11.738721
199 87 14.799624
199 88 12.516007
199 89 11.036559
199 90 11.945966
199 91 12.738417
199 92 13.192808
199 93 13.691789
199 94 11.564681
199 95 14.045787
199 96 11.875773
199 97 13.456031
199 98 13.804479
199 99 11.815042
199 100 13.289969
199 101 13.798456
199 102 14.738527
199 103 14.423312
199 104 12.007087
199 105 13.287573
199 106 11.027669
199 107 14.073354
199 108 11.608994
199 109 12.882614
199 110 12.191697
199 111 12.659484
199 112 12.991797
199 113 13.312874
199 114 13.652884
199 115 11.599977
199 116 14.555759
199 117 13.448969
199 118 14.316266
199 119 13.339220
199 120 13.551572
199 121 13.195620
199 122 11.415678
199 123 14.808228
199 124 14.591128
199 125 10.985762
199 126 11.473941
199 127 13.454574
199 128 11.757202
199 129 12.689429
199 130 13.728006
199 131 12.473179
199 132 13.833180
199 133 13.150444
199 134 12.408971
199 135 14.729767
199 136 12.756671
199 137 11.633024
199 138 13.970864
199 139 12.357764
199 140 12.335307
199 141 12.706592
199 142 11.438865
199 143 14.509685
199 144 11.456771
199 145 14.038951
199 146 13.787936
199 147 11.358122
199 148 12.089328
199 149 11.706387
199 150 13.905386
199 151 14.356607
199 152 13.850792
199 153 11.079002
199 154 13.885687
199 155 13.503284
199 156 11.496388
199 157 12.184079
199 158 13.930265
199 159 13.524239
199 160 11.023002
199 161 12.448748
199 162 12.015311
199 163 14.648482
199 164 13.446615
199 165 12.772940
199 166 12.784659
199 167 14.448542
199 168 11.957417
199 169 11.451850
199 170 14.808770
199 171 14.778856
199 172 12.739419
199 173 11.196839
199 174 13.293622
199 175 12.241665
199 176 13.530057
199 177 10.980635
199 178 12.296011
199 179 12.801948
199 180 10.957356
199 181 13.273927
199 182 14.287450
199 183 11.822389
199 184 11.845117
199 185 11.504600
199 186 13.081744
199 187 13.891532
199 188 13.523489
199 189 12.713594
199 190 11.330853
199 191 13.568715
199 192 13.077108
199 193 14.109415
199 194 11.311710
199 195 12.604574
199 196 13.022435
199 197 13.376934
199 198 14.199996
199 200 11.692664
200 0 12.406956
200 1 12.275584
200 2 12.323183
200 3 11.675861
200 4 14.067832
200 5 13.381267
200 6 14.663831
200 7 12.084004
200 8 14.432170
200 9 13.553484
200 10 14.532760
200 11 11.356220
200 12 11.885192
200 13 12.799500
200 14 13.580498
200 15 11.762672
200 16 13.792868
200 17 13.746756
200 18 13.404927
200 19 13.307593
200 20 11.426772
200 21 13.744404
200 22 12.719543
200 23 10.987616
200 24 11.772483
200 25 13.633800
200 26 11.368182
200 27 14.328705
200 28 11.402404
200 29 13.634308
200 30 14.023614
200 31 14.650566
200 32 14.393720
200 33 13.691936
200 34 11.823350
200 35 11.994969
200 36 12.870336
200 37 12.686743
200 38 13.184627
200 39 11.408462
200 40 12.521958
200 41 11.082987
200 42 13.912314
200 43 12.125636
200 44 13.204631
200 45 11.940961
200 46 12.089890
200 47 14.509539
200 48 14.026478
200 49 11.437208
200 50 14.683057
200 51 13.617291
200 52 13.388389
200 53 13.652409
200 54 11.473377
200 55 14.600555
200 56 11.549157
200 57 12.506992
200 58 12.567089
200 59 14.593923
200 60 14.321642
200 61 13.892306
200 62 14.035116
200 63 13.956631
200 64 12.676453
200 65 13.981747
200 66 14.054518
200 67 11.761387
200 68 11.225359
200 69 14.592729
200 70 12.525548
200 71 12.923178
200 72 14.717496
200 73 11.125768
200 74 14.222757
200 75 13.652390
200 76 13.585704
200 77 11.096333
200 78 14.582935
200 79 14.549479
200 80 14.571250
200 81 13.505371
200 82 12.613950
200 83 14.743109
200 84 13.705551
200 85 13.928183
200 86 13.904756
200 87 14.118640
200 88 12.028791
200 89 13.649160
200 90 12.556838
200 91 11.714723
200 92 14.251854
200 93 12.903290
200 94 12.630664
200 95 14.594087
200 96 13.281105
200 97 12.399124
200 98 12.831610
200 99 12.475213
200 100 12.775704
200 101 13.510239
200 102 12.654645
200 103 14.345703
200 104 11.918028
200 105 13.895586
200 106 12.858316
200 107 13.103582
200 108 11.735916
200 109 13.249897
200 110 12.979426
200 111 12.076784
200 112 12.427404
200 113 12.689886
200 114 14.392075
200 115 13.049352
200 116 12.949808
200 117 12.872821
200 118 14.799983
200 119 14.604153
200 120 13.117282
200 121 11.076739
200 122 11.977074
200 123 13.130764
200 124 12.022782
200 125 11.621663
200 126 13.982986
200 127 13.992138
200 128 12.180741
200 129 12.783552
200 130 13.748702
200 131 12.953327
200 132 11.166735
200 133 14.047686
200 134 12.426646
200 135 12.037815
200 136 14.017509
200 137 11.346007
200 138 12.980425
200 139 13.009922
200 140 11.815688
200 141 12.473165
200 142 12.180162
200 143 12.413786
200 144 11.594326
200 145 12.677617
200 146 12.840896
200 147 11.951962
200 148 12.513713
200 149 13.145281
200 150 13.637693
200 151 12.917615
200 152 14.088471
200 153 14.097433
200 154 13.966438
200 155 12.725891
200 156 12.118794
200 157 13.337409
200 158 12.018588
200 159 13.855476
200 160 12.291283
200 161 12.872568
200 162 11.709077
200 163 12.783668
200 164 12.448386
200 165 11.541108
200 166 14.090080
200 167 14.550424
200 168 14.207210
200 169 13.392310
200 170 14.163011
200 171 13.647835
200 172 13.774519
200 173 13.368274
200 174 13.441936
200 175 11.162147
200 176 12.790179
200 177 11.209545
200 178 14.635916
200 179 11.751518
200 180 13.936288
200 181 13.277715
200 182 13.906702
200 183 13.001405
200 184 13.846923
200 185 11.736230
200 186 11.147542
200 187 11.155588
200 188 14.061441
200 189 13.551891
200 190 14.682746
200 191 12.359328
200 192 13.020528
200 193 12.817825
200 194 13.620969
200 195 11.357442
200 196 13.598893
200 197 11.815658
200 198 12.511597
200 199 11.692664
