# i j vmax_ij_m_per_s road_class free_flow_speed_kmh
0 1 9.722222 suburban 35.0
0 2 8.333333 urban 30.0
0 3 9.722222 suburban 35.0
0 4 8.333333 urban 30.0
0 5 8.333333 urban 30.0
0 6 9.722222 suburban 35.0
0 7 9.722222 suburban 35.0
0 8 9.722222 suburban 35.0
0 9 8.333333 urban 30.0
0 10 9.722222 suburban 35.0
0 11 9.722222 suburban 35.0
0 12 8.333333 urban 30.0
0 13 8.333333 urban 30.0
0 14 9.722222 suburban 35.0
0 15 9.722222 suburban 35.0
0 16 8.333333 urban 30.0
0 17 9.722222 suburban 35.0
0 18 8.333333 urban 30.0
0 19 9.722222 suburban 35.0
0 20 9.722222 suburban 35.0
0 21 9.722222 suburban 35.0
0 22 8.333333 urban 30.0
0 23 9.722222 suburban 35.0
0 24 8.333333 urban 30.0
0 25 8.333333 urban 30.0
0 26 9.722222 suburban 35.0
0 27 8.333333 urban 30.0
0 28 9.722222 suburban 35.0
0 29 9.722222 suburban 35.0
0 30 9.722222 suburban 35.0
0 31 9.722222 suburban 35.0
0 32 8.333333 urban 30.0
0 33 9.722222 suburban 35.0
0 34 9.722222 suburban 35.0
0 35 8.333333 urban 30.0
0 36 9.722222 suburban 35.0
0 37 9.722222 suburban 35.0
0 38 8.333333 urban 30.0
0 39 8.333333 urban 30.0
0 40 9.722222 suburban 35.0
0 41 9.722222 suburban 35.0
0 42 9.722222 suburban 35.0
0 43 8.333333 urban 30.0
0 44 9.722222 suburban 35.0
0 45 8.333333 urban 30.0
0 46 8.333333 urban 30.0
0 47 9.722222 suburban 35.0
0 48 8.333333 urban 30.0
0 49 9.722222 suburban 35.0
0 50 8.333333 urban 30.0
0 51 9.722222 suburban 35.0
0 52 9.722222 suburban 35.0
0 53 9.722222 suburban 35.0
0 54 8.333333 urban 30.0
0 55 8.333333 urban 30.0
0 56 9.722222 suburban 35.0
0 57 9.722222 suburban 35.0
0 58 9.722222 suburban 35.0
0 59 9.722222 suburban 35.0
0 60 8.333333 urban 30.0
0 61 9.722222 suburban 35.0
0 62 8.333333 urban 30.0
0 63 8.333333 urban 30.0
0 64 9.722222 suburban 35.0
0 65 9.722222 suburban 35.0
0 66 9.722222 suburban 35.0
0 67 9.722222 suburban 35.0
0 68 8.333333 urban 30.0
0 69 9.722222 suburban 35.0
0 70 9.722222 suburban 35.0
0 71 8.333333 urban 30.0
0 72 9.722222 suburban 35.0
0 73 8.333333 urban 30.0
0 74 8.333333 urban 30.0
0 75 9.722222 suburban 35.0
0 76 8.333333 urban 30.0
0 77 9.722222 suburban 35.0
0 78 8.333333 urban 30.0
0 79 8.333333 urban 30.0
0 80 9.722222 suburban 35.0
0 81 8.333333 urban 30.0
0 82 8.333333 urban 30.0
0 83 9.722222 suburban 35.0
0 84 9.722222 suburban 35.0
0 85 9.722222 suburban 35.0
0 86 9.722222 suburban 35.0
0 87 9.722222 suburban 35.0
0 88 8.333333 urban 30.0
0 89 8.333333 urban 30.0
0 90 8.333333 urban 30.0
0 91 8.333333 urban 30.0
0 92 8.333333 urban 30.0
0 93 8.333333 urban 30.0
0 94 9.722222 suburban 35.0
0 95 8.333333 urban 30.0
0 96 8.333333 urban 30.0
0 97 8.333333 urban 30.0
0 98 9.722222 suburban 35.0
0 99 9.722222 suburban 35.0
0 100 9.722222 suburban 35.0
1 0 9.722222 suburban 35.0
1 2 8.333333 urban 30.0
1 3 11.111111 arterial 40.0
1 4 11.111111 arterial 40.0
1 5 11.111111 arterial 40.0
1 6 8.333333 urban 30.0
1 7 9.722222 suburban 35.0
1 8 8.333333 urban 30.0
1 9 9.722222 suburban 35.0
1 10 8.333333 urban 30.0
1 11 11.111111 arterial 40.0
1 12 9.722222 suburban 35.0
1 13 9.722222 suburban 35.0
1 14 11.111111 arterial 40.0
1 15 11.111111 arterial 40.0
1 16 8.333333 urban 30.0
1 17 11.111111 arterial 40.0
1 18 11.111111 arterial 40.0
1 19 11.111111 arterial 40.0
1 20 8.333333 urban 30.0
1 21 11.111111 arterial 40.0
1 22 9.722222 suburban 35.0
1 23 11.111111 arterial 40.0
1 24 8.333333 urban 30.0
1 25 8.333333 urban 30.0
1 26 11.111111 arterial 40.0
1 27 9.722222 suburban 35.0
1 28 8.333333 urban 30.0
1 29 11.111111 arterial 40.0
1 30 8.333333 urban 30.0
1 31 8.333333 urban 30.0
1 32 9.722222 suburban 35.0
1 33 8.333333 urban 30.0
1 34 11.111111 arterial 40.0
1 35 9.722222 suburban 35.0
1 36 8.333333 urban 30.0
1 37 11.111111 arterial 40.0
1 38 9.722222 suburban 35.0
1 39 11.111111 arterial 40.0
1 40 11.111111 arterial 40.0
1 41 11.111111 arterial 40.0
1 42 11.111111 arterial 40.0
1 43 8.333333 urban 30.0
1 44 8.333333 urban 30.0
1 45 9.722222 suburban 35.0
1 46 11.111111 arterial 40.0
1 47 11.111111 arterial 40.0
1 48 9.722222 suburban 35.0
1 49 11.111111 arterial 40.0
1 50 9.722222 suburban 35.0
1 51 8.333333 urban 30.0
1 52 11.111111 arterial 40.0
1 53 11.111111 arterial 40.0
1 54 9.722222 suburban 35.0
1 55 9.722222 suburban 35.0
1 56 11.111111 arterial 40.0
1 57 9.722222 suburban 35.0
1 58 11.111111 arterial 40.0
1 59 11.111111 arterial 40.0
1 60 11.111111 arterial 40.0
1 61 11.111111 arterial 40.0
1 62 9.722222 suburban 35.0
1 63 11.111111 arterial 40.0
1 64 9.722222 suburban 35.0
1 65 11.111111 arterial 40.0
1 66 11.111111 arterial 40.0
1 67 11.111111 arterial 40.0
1 68 8.333333 urban 30.0
1 69 11.111111 arterial 40.0
1 70 11.111111 arterial 40.0
1 71 11.111111 arterial 40.0
1 72 11.111111 arterial 40.0
1 73 8.333333 urban 30.0
1 74 9.722222 suburban 35.0
1 75 9.722222 suburban 35.0
1 76 9.722222 suburban 35.0
1 77 8.333333 urban 30.0
1 78 11.111111 arterial 40.0
1 79 9.722222 suburban 35.0
1 80 11.111111 arterial 40.0
1 81 9.722222 suburban 35.0
1 82 8.333333 urban 30.0
1 83 8.333333 urban 30.0
1 84 9.722222 suburban 35.0
1 85 8.333333 urban 30.0
1 86 11.111111 arterial 40.0
1 87 8.333333 urban 30.0
1 88 11.111111 arterial 40.0
1 89 9.722222 suburban 35.0
1 90 9.722222 suburban 35.0
1 91 11.111111 arterial 40.0
1 92 8.333333 urban 30.0
1 93 9.722222 suburban 35.0
1 94 11.111111 arterial 40.0
1 95 9.722222 suburban 35.0
1 96 9.722222 suburban 35.0
1 97 8.333333 urban 30.0
1 98 11.111111 arterial 40.0
1 99 11.111111 arterial 40.0
1 100 9.722222 suburban 35.0
2 0 8.333333 urban 30.0
2 1 8.333333 urban 30.0
2 3 9.722222 suburban 35.0
2 4 8.333333 urban 30.0
2 5 8.333333 urban 30.0
2 6 11.111111 arterial 40.0
2 7 11.111111 arterial 40.0
2 8 11.111111 arterial 40.0
2 9 8.333333 urban 30.0
2 10 11.111111 arterial 40.0
2 11 11.111111 arterial 40.0
2 12 9.722222 suburban 35.0
2 13 8.333333 urban 30.0
2 14 9.722222 suburban 35.0
2 15 9.722222 suburban 35.0
2 16 9.722222 suburban 35.0
2 17 11.111111 arterial 40.0
2 18 8.333333 urban 30.0
2 19 8.333333 urban 30.0
2 20 11.111111 arterial 40.0
2 21 9.722222 suburban 35.0
2 22 9.722222 suburban 35.0
2 23 9.722222 suburban 35.0
2 24 11.111111 arterial 40.0
2 25 9.722222 suburban 35.0
2 26 8.333333 urban 30.0
2 27 8.333333 urban 30.0
2 28 11.111111 arterial 40.0
2 29 9.722222 suburban 35.0
2 30 11.111111 arterial 40.0
2 31 11.111111 arterial 40.0
2 32 9.722222 suburban 35.0
2 33 11.111111 arterial 40.0
2 34 11.111111 arterial 40.0
2 35 9.722222 suburban 35.0
2 36 11.111111 arterial 40.0
2 37 9.722222 suburban 35.0
2 38 9.722222 suburban 35.0
2 39 8.333333 urban 30.0
2 40 8.333333 urban 30.0
2 41 8.333333 urban 30.0
2 42 9.722222 suburban 35.0
2 43 11.111111 arterial 40.0
2 44 11.111111 arterial 40.0
2 45 9.722222 suburban 35.0
2 46 8.333333 urban 30.0
2 47 8.333333 urban 30.0
2 48 9.722222 suburban 35.0
2 49 9.722222 suburban 35.0
2 50 9.722222 suburban 35.0
2 51 11.111111 arterial 40.0
2 52 11.111111 arterial 40.0
2 53 11.111111 arterial 40.0
2 54 9.722222 suburban 35.0
2 55 9.722222 suburban 35.0
2 56 8.333333 urban 30.0
2 57 11.111111 arterial 40.0
2 58 8.333333 urban 30.0
2 59 9.722222 suburban 35.0
2 60 8.333333 urban 30.0
2 61 8.333333 urban 30.0
2 62 9.722222 suburban 35.0
2 63 8.333333 urban 30.0
2 64 11.111111 arterial 40.0
2 65 8.333333 urban 30.0
2 66 9.722222 suburban 35.0
2 67 8.333333 urban 30.0
2 68 9.722222 suburban 35.0
2 69 9.722222 suburban 35.0
2 70 9.722222 suburban 35.0
2 71 8.333333 urban 30.0
2 72 8.333333 urban 30.0
2 73 11.111111 arterial 40.0
2 74 8.333333 urban 30.0
2 75 11.111111 arterial 40.0
2 76 8.333333 urban 30.0
2 77 11.111111 arterial 40.0
2 78 9.722222 suburban 35.0
2 79 9.722222 suburban 35.0
2 80 9.722222 suburban 35.0
2 81 8.333333 urban 30.0
2 82 11.111111 arterial 40.0
2 83 11.111111 arterial 40.0
2 84 9.722222 suburban 35.0
2 85 11.111111 arterial 40.0
2 86 8.333333 urban 30.0
2 87 11.111111 arterial 40.0
2 88 8.333333 urban 30.0
2 89 8.333333 urban 30.0
2 90 9.722222 suburban 35.0
2 91 8.333333 urban 30.0
2 92 11.111111 arterial 40.0
2 93 9.722222 suburban 35.0
2 94 9.722222 suburban 35.0
2 95 8.333333 urban 30.0
2 96 9.722222 suburban 35.0
2 97 9.722222 suburban 35.0
2 98 8.333333 urban 30.0
2 99 8.333333 urban 30.0
2 100 11.111111 arterial 40.0
3 0 9.722222 suburban 35.0
3 1 11.111111 arterial 40.0
3 2 9.722222 suburban 35.0
3 4 9.722222 suburban 35.0
3 5 9.722222 suburban 35.0
3 6 9.722222 suburban 35.0
3 7 11.111111 arterial 40.0
3 8 9.722222 suburban 35.0
3 9 8.333333 urban 30.0
3 10 9.722222 suburban 35.0
3 11 11.111111 arterial 40.0
3 12 8.333333 urban 30.0
3 13 9.722222 suburban 35.0
3 14 11.111111 arterial 40.0
3 15 8.333333 urban 30.0
3 16 9.722222 suburban 35.0
3 17 11.111111 arterial 40.0
3 18 9.722222 suburban 35.0
3 19 11.111111 arterial 40.0
3 20 9.722222 suburban 35.0
3 21 8.333333 urban 30.0
3 22 9.722222 suburban 35.0
3 23 8.333333 urban 30.0
3 24 9.722222 suburban 35.0
3 25 9.722222 suburban 35.0
3 26 9.722222 suburban 35.0
3 27 9.722222 suburban 35.0
3 28 9.722222 suburban 35.0
3 29 8.333333 urban 30.0
3 30 9.722222 suburban 35.0
3 31 9.722222 suburban 35.0
3 32 9.722222 suburban 35.0
3 33 9.722222 suburban 35.0
3 34 11.111111 arterial 40.0
3 35 8.333333 urban 30.0
3 36 11.111111 arterial 40.0
3 37 8.333333 urban 30.0
3 38 8.333333 urban 30.0
3 39 9.722222 suburban 35.0
3 40 9.722222 suburban 35.0
3 41 11.111111 arterial 40.0
3 42 8.333333 urban 30.0
3 43 9.722222 suburban 35.0
3 44 9.722222 suburban 35.0
3 45 8.333333 urban 30.0
3 46 9.722222 suburban 35.0
3 47 11.111111 arterial 40.0
3 48 9.722222 suburban 35.0
3 49 11.111111 arterial 40.0
3 50 9.722222 suburban 35.0
3 51 9.722222 suburban 35.0
3 52 11.111111 arterial 40.0
3 53 11.111111 arterial 40.0
3 54 9.722222 suburban 35.0
3 55 8.333333 urban 30.0
3 56 9.722222 suburban 35.0
3 57 11.111111 arterial 40.0
3 58 11.111111 arterial 40.0
3 59 8.333333 urban 30.0
3 60 9.722222 suburban 35.0
3 61 9.722222 suburban 35.0
3 62 8.333333 urban 30.0
3 63 8.333333 urban 30.0
3 64 8.333333 urban 30.0
3 65 8.333333 urban 30.0
3 66 8.333333 urban 30.0
3 67 11.111111 arterial 40.0
3 68 8.333333 urban 30.0
3 69 11.111111 arterial 40.0
3 70 8.333333 urban 30.0
3 71 8.333333 urban 30.0
3 72 9.722222 suburban 35.0
3 73 9.722222 suburban 35.0
3 74 9.722222 suburban 35.0
3 75 11.111111 arterial 40.0
3 76 9.722222 suburban 35.0
3 77 9.722222 suburban 35.0
3 78 9.722222 suburban 35.0
3 79 11.111111 arterial 40.0
3 80 11.111111 arterial 40.0
3 81 9.722222 suburban 35.0
3 82 9.722222 suburban 35.0
3 83 9.722222 suburban 35.0
3 84 11.111111 arterial 40.0
3 85 9.722222 suburban 35.0
3 86 9.722222 suburban 35.0
3 87 11.111111 arterial 40.0
3 88 9.722222 suburban 35.0
3 89 8.333333 urban 30.0
3 90 8.333333 urban 30.0
3 91 9.722222 suburban 35.0
3 92 9.722222 suburban 35.0
3 93 8.333333 urban 30.0
3 94 11.111111 arterial 40.0
3 95 9.722222 suburban 35.0
3 96 9.722222 suburban 35.0
3 97 8.333333 urban 30.0
3 98 9.722222 suburban 35.0
3 99 8.333333 urban 30.0
3 100 11.111111 arterial 40.0
4 0 8.333333 urban 30.0
4 1 11.111111 arterial 40.0
4 2 8.333333 urban 30.0
4 3 9.722222 suburban 35.0
4 5 9.722222 suburban 35.0
4 6 8.333333 urban 30.0
4 7 8.333333 urban 30.0
4 8 8.333333 urban 30.0
4 9 8.333333 urban 30.0
4 10 8.333333 urban 30.0
4 11 9.722222 suburban 35.0
4 12 8.333333 urban 30.0
4 13 8.333333 urban 30.0
4 14 9.722222 suburban 35.0
4 15 9.722222 suburban 35.0
4 16 8.333333 urban 30.0
4 17 9.722222 suburban 35.0
4 18 9.722222 suburban 35.0
4 19 9.722222 suburban 35.0
4 20 8.333333 urban 30.0
4 21 9.722222 suburban 35.0
4 22 8.333333 urban 30.0
4 23 9.722222 suburban 35.0
4 24 8.333333 urban 30.0
4 25 8.333333 urban 30.0
4 26 9.722222 suburban 35.0
4 27 8.333333 urban 30.0
4 28 8.333333 urban 30.0
4 29 9.722222 suburban 35.0
4 30 8.333333 urban 30.0
4 31 8.333333 urban 30.0
4 32 8.333333 urban 30.0
4 33 8.333333 urban 30.0
4 34 9.722222 suburban 35.0
4 35 8.333333 urban 30.0
4 36 8.333333 urban 30.0
4 37 9.722222 suburban 35.0
4 38 8.333333 urban 30.0
4 39 9.722222 suburban 35.0
4 40 9.722222 suburban 35.0
4 41 11.111111 arterial 40.0
4 42 11.111111 arterial 40.0
4 43 8.333333 urban 30.0
4 44 8.333333 urban 30.0
4 45 8.333333 urban 30.0
4 46 9.722222 suburban 35.0
4 47 11.111111 arterial 40.0
4 48 8.333333 urban 30.0
4 49 9.722222 suburban 35.0
4 50 8.333333 urban 30.0
4 51 8.333333 urban 30.0
4 52 9.722222 suburban 35.0
4 53 9.722222 suburban 35.0
4 54 8.333333 urban 30.0
4 55 8.333333 urban 30.0
4 56 11.111111 arterial 40.0
4 57 9.722222 suburban 35.0
4 58 11.111111 arterial 40.0
4 59 9.722222 suburban 35.0
4 60 9.722222 suburban 35.0
4 61 9.722222 suburban 35.0
4 62 9.722222 suburban 35.0
4 63 9.722222 suburban 35.0
4 64 8.333333 urban 30.0
4 65 9.722222 suburban 35.0
4 66 9.722222 suburban 35.0
4 67 11.111111 arterial 40.0
4 68 8.333333 urban 30.0
4 69 9.722222 suburban 35.0
4 70 9.722222 suburban 35.0
4 71 9.722222 suburban 35.0
4 72 11.111111 arterial 40.0
4 73 8.333333 urban 30.0
4 74 8.333333 urban 30.0
4 75 8.333333 urban 30.0
4 76 8.333333 urban 30.0
4 77 8.333333 urban 30.0
4 78 9.722222 suburban 35.0
4 79 9.722222 suburban 35.0
4 80 9.722222 suburban 35.0
4 81 8.333333 urban 30.0
4 82 8.333333 urban 30.0
4 83 9.722222 suburban 35.0
4 84 9.722222 suburban 35.0
4 85 8.333333 urban 30.0
4 86 9.722222 suburban 35.0
4 87 8.333333 urban 30.0
4 88 8.333333 urban 30.0
4 89 8.333333 urban 30.0
4 90 8.333333 urban 30.0
4 91 9.722222 suburban 35.0
4 92 8.333333 urban 30.0
4 93 8.333333 urban 30.0
4 94 9.722222 suburban 35.0
4 95 8.333333 urban 30.0
4 96 8.333333 urban 30.0
4 97 8.333333 urban 30.0
4 98 11.111111 arterial 40.0
4 99 9.722222 suburban 35.0
4 100 9.722222 suburban 35.0
5 0 8.333333 urban 30.0
5 1 11.111111 arterial 40.0
5 2 8.333333 urban 30.0
5 3 9.722222 suburban 35.0
5 4 9.722222 suburban 35.0
5 6 8.333333 urban 30.0
5 7 9.722222 suburban 35.0
5 8 8.333333 urban 30.0
5 9 8.333333 urban 30.0
5 10 8.333333 urban 30.0
5 11 11.111111 arterial 40.0
5 12 8.333333 urban 30.0
5 13 9.722222 suburban 35.0
5 14 11.111111 arterial 40.0
5 15 9.722222 suburban 35.0
5 16 8.333333 urban 30.0
5 17 11.111111 arterial 40.0
5 18 11.111111 arterial 40.0
5 19 11.111111 arterial 40.0
5 20 8.333333 urban 30.0
5 21 9.722222 suburban 35.0
5 22 9.722222 suburban 35.0
5 23 9.722222 suburban 35.0
5 24 8.333333 urban 30.0
5 25 8.333333 urban 30.0
5 26 11.111111 arterial 40.0
5 27 8.333333 urban 30.0
5 28 8.333333 urban 30.0
5 29 9.722222 suburban 35.0
5 30 8.333333 urban 30.0
5 31 8.333333 urban 30.0
5 32 8.333333 urban 30.0
5 33 8.333333 urban 30.0
5 34 9.722222 suburban 35.0
5 35 8.333333 urban 30.0
5 36 8.333333 urban 30.0
5 37 9.722222 suburban 35.0
5 38 8.333333 urban 30.0
5 39 9.722222 suburban 35.0
5 40 11.111111 arterial 40.0
5 41 11.111111 arterial 40.0
5 42 11.111111 arterial 40.0
5 43 8.333333 urban 30.0
5 44 8.333333 urban 30.0
5 45 8.333333 urban 30.0
5 46 9.722222 suburban 35.0
5 47 11.111111 arterial 40.0
5 48 8.333333 urban 30.0
5 49 11.111111 arterial 40.0
5 50 9.722222 suburban 35.0
5 51 8.333333 urban 30.0
5 52 11.111111 arterial 40.0
5 53 9.722222 suburban 35.0
5 54 8.333333 urban 30.0
5 55 8.333333 urban 30.0
5 56 11.111111 arterial 40.0
5 57 9.722222 suburban 35.0
5 58 11.111111 arterial 40.0
5 59 9.722222 suburban 35.0
5 60 11.111111 arterial 40.0
5 61 11.111111 arterial 40.0
5 62 9.722222 suburban 35.0
5 63 9.722222 suburban 35.0
5 64 8.333333 urban 30.0
5 65 9.722222 suburban 35.0
5 66 9.722222 suburban 35.0
5 67 11.111111 arterial 40.0
5 68 8.333333 urban 30.0
5 69 11.111111 arterial 40.0
5 70 9.722222 suburban 35.0
5 71 9.722222 suburban 35.0
5 72 11.111111 arterial 40.0
5 73 8.333333 urban 30.0
5 74 9.722222 suburban 35.0
5 75 9.722222 suburban 35.0
5 76 9.722222 suburban 35.0
5 77 8.333333 urban 30.0
5 78 9.722222 suburban 35.0
5 79 9.722222 suburban 35.0
5 80 11.111111 arterial 40.0
5 81 9.722222 suburban 35.0
5 82 8.333333 urban 30.0
5 83 8.333333 urban 30.0
5 84 9.722222 suburban 35.0
5 85 8.333333 urban 30.0
5 86 11.111111 arterial 40.0
5 87 8.333333 urban 30.0
5 88 9.722222 suburban 35.0
5 89 9.722222 suburban 35.0
5 90 8.333333 urban 30.0
5 91 9.722222 suburban 35.0
5 92 8.333333 urban 30.0
5 93 8.333333 urban 30.0
5 94 11.111111 arterial 40.0
5 95 9.722222 suburban 35.0
5 96 8.333333 urban 30.0
5 97 8.333333 urban 30.0
5 98 11.111111 arterial 40.0
5 99 9.722222 suburban 35.0
5 100 9.722222 suburban 35.0
6 0 9.722222 suburban 35.0
6 1 8.333333 urban 30.0
6 2 11.111111 arterial 40.0
6 3 9.722222 suburban 35.0
6 4 8.333333 urban 30.0
6 5 8.333333 urban 30.0
6 7 11.111111 arterial 40.0
6 8 11.111111 arterial 40.0
6 9 9.722222 suburban 35.0
6 10 11.111111 arterial 40.0
6 11 11.111111 arterial 40.0
6 12 11.111111 arterial 40.0
6 13 8.333333 urban 30.0
6 14 9.722222 suburban 35.0
6 15 11.111111 arterial 40.0
6 16 11.111111 arterial 40.0
6 17 9.722222 suburban 35.0
6 18 8.333333 urban 30.0
6 19 8.333333 urban 30.0
6 20 11.111111 arterial 40.0
6 21 11.111111 arterial 40.0
6 22 9.722222 suburban 35.0
6 23 9.722222 suburban 35.0
6 24 11.111111 arterial 40.0
6 25 11.111111 arterial 40.0
6 26 8.333333 urban 30.0
6 27 9.722222 suburban 35.0
6 28 11.111111 arterial 40.0
6 29 9.722222 suburban 35.0
6 30 11.111111 arterial 40.0
6 31 11.111111 arterial 40.0
6 32 9.722222 suburban 35.0
6 33 11.111111 arterial 40.0
6 34 9.722222 suburban 35.0
6 35 9.722222 suburban 35.0
6 36 11.111111 arterial 40.0
6 37 9.722222 suburban 35.0
6 38 11.111111 arterial 40.0
6 39 8.333333 urban 30.0
6 40 8.333333 urban 30.0
6 41 8.333333 urban 30.0
6 42 11.111111 arterial 40.0
6 43 11.111111 arterial 40.0
6 44 11.111111 arterial 40.0
6 45 11.111111 arterial 40.0
6 46 8.333333 urban 30.0
6 47 8.333333 urban 30.0
6 48 9.722222 suburban 35.0
6 49 8.333333 urban 30.0
6 50 9.722222 suburban 35.0
6 51 11.111111 arterial 40.0
6 52 9.722222 suburban 35.0
6 53 11.111111 arterial 40.0
6 54 9.722222 suburban 35.0
6 55 9.722222 suburban 35.0
6 56 8.333333 urban 30.0
6 57 11.111111 arterial 40.0
6 58 8.333333 urban 30.0
6 59 11.111111 arterial 40.0
6 60 8.333333 urban 30.0
6 61 8.333333 urban 30.0
6 62 9.722222 suburban 35.0
6 63 9.722222 suburban 35.0
6 64 11.111111 arterial 40.0
6 65 9.722222 suburban 35.0
6 66 11.111111 arterial 40.0
6 67 8.333333 urban 30.0
6 68 9.722222 suburban 35.0
6 69 8.333333 urban 30.0
6 70 9.722222 suburban 35.0
6 71 8.333333 urban 30.0
6 72 8.333333 urban 30.0
6 73 11.111111 arterial 40.0
6 74 8.333333 urban 30.0
6 75 11.111111 arterial 40.0
6 76 8.333333 urban 30.0
6 77 11.111111 arterial 40.0
6 78 8.333333 urban 30.0
6 79 9.722222 suburban 35.0
6 80 8.333333 urban 30.0
6 81 8.333333 urban 30.0
6 82 11.111111 arterial 40.0
6 83 11.111111 arterial 40.0
6 84 9.722222 suburban 35.0
6 85 11.111111 arterial 40.0
6 86 8.333333 urban 30.0
6 87 11.111111 arterial 40.0
6 88 8.333333 urban 30.0
6 89 9.722222 suburban 35.0
6 90 11.111111 arterial 40.0
6 91 8.333333 urban 30.0
6 92 11.111111 arterial 40.0
6 93 9.722222 suburban 35.0
6 94 8.333333 urban 30.0
6 95 9.722222 suburban 35.0
6 96 9.722222 suburban 35.0
6 97 11.111111 arterial 40.0
6 98 8.333333 urban 30.0
6 99 9.722222 suburban 35.0
6 100 11.111111 arterial 40.0
7 0 9.722222 suburban 35.0
7 1 9.722222 suburban 35.0
7 2 11.111111 arterial 40.0
7 3 11.111111 arterial 40.0
7 4 8.333333 urban 30.0
7 5 9.722222 suburban 35.0
7 6 11.111111 arterial 40.0
7 8 11.111111 arterial 40.0
7 9 8.333333 urban 30.0
7 10 11.111111 arterial 40.0
7 11 11.111111 arterial 40.0
7 12 9.722222 suburban 35.0
7 13 9.722222 suburban 35.0
7 14 11.111111 arterial 40.0
7 15 8.333333 urban 30.0
7 16 9.722222 suburban 35.0
7 17 11.111111 arterial 40.0
7 18 8.333333 urban 30.0
7 19 9.722222 suburban 35.0
7 20 11.111111 arterial 40.0
7 21 8.333333 urban 30.0
7 22 9.722222 suburban 35.0
7 23 8.333333 urban 30.0
7 24 9.722222 suburban 35.0
7 25 9.722222 suburban 35.0
7 26 9.722222 suburban 35.0
7 27 9.722222 suburban 35.0
7 28 11.111111 arterial 40.0
7 29 8.333333 urban 30.0
7 30 11.111111 arterial 40.0
7 31 11.111111 arterial 40.0
7 32 9.722222 suburban 35.0
7 33 11.111111 arterial 40.0
7 34 11.111111 arterial 40.0
7 35 8.333333 urban 30.0
7 36 11.111111 arterial 40.0
7 37 8.333333 urban 30.0
7 38 9.722222 suburban 35.0
7 39 9.722222 suburban 35.0
7 40 8.333333 urban 30.0
7 41 9.722222 suburban 35.0
7 42 8.333333 urban 30.0
7 43 11.111111 arterial 40.0
7 44 11.111111 arterial 40.0
7 45 9.722222 suburban 35.0
7 46 9.722222 suburban 35.0
7 47 9.722222 suburban 35.0
7 48 9.722222 suburban 35.0
7 49 9.722222 suburban 35.0
7 50 9.722222 suburban 35.0
7 51 11.111111 arterial 40.0
7 52 11.111111 arterial 40.0
7 53 11.111111 arterial 40.0
7 54 9.722222 suburban 35.0
7 55 9.722222 suburban 35.0
7 56 8.333333 urban 30.0
7 57 11.111111 arterial 40.0
7 58 9.722222 suburban 35.0
7 59 8.333333 urban 30.0
7 60 9.722222 suburban 35.0
7 61 8.333333 urban 30.0
7 62 8.333333 urban 30.0
7 63 8.333333 urban 30.0
7 64 9.722222 suburban 35.0
7 65 8.333333 urban 30.0
7 66 8.333333 urban 30.0
7 67 9.722222 suburban 35.0
7 68 9.722222 suburban 35.0
7 69 9.722222 suburban 35.0
7 70 8.333333 urban 30.0
7 71 8.333333 urban 30.0
7 72 9.722222 suburban 35.0
7 73 9.722222 suburban 35.0
7 74 9.722222 suburban 35.0
7 75 11.111111 arterial 40.0
7 76 9.722222 suburban 35.0
7 77 9.722222 suburban 35.0
7 78 9.722222 suburban 35.0
7 79 11.111111 arterial 40.0
7 80 9.722222 suburban 35.0
7 81 9.722222 suburban 35.0
7 82 9.722222 suburban 35.0
7 83 11.111111 arterial 40.0
7 84 11.111111 arterial 40.0
7 85 11.111111 arterial 40.0
7 86 8.333333 urban 30.0
7 87 11.111111 arterial 40.0
7 88 9.722222 suburban 35.0
7 89 8.333333 urban 30.0
7 90 9.722222 suburban 35.0
7 91 8.333333 urban 30.0
7 92 11.111111 arterial 40.0
7 93 9.722222 suburban 35.0
7 94 9.722222 suburban 35.0
7 95 9.722222 suburban 35.0
7 96 9.722222 suburban 35.0
7 97 9.722222 suburban 35.0
7 98 9.722222 suburban 35.0
7 99 8.333333 urban 30.0
7 100 11.111111 arterial 40.0
8 0 9.722222 suburban 35.0
8 1 8.333333 urban 30.0
8 2 11.111111 arterial 40.0
8 3 9.722222 suburban 35.0
8 4 8.333333 urban 30.0
8 5 8.333333 urban 30.0
8 6 11.111111 arterial 40.0
8 7 11.111111 arterial 40.0
8 9 9.722222 suburban 35.0
8 10 11.111111 arterial 40.0
8 11 9.722222 suburban 35.0
8 12 11.111111 arterial 40.0
8 13 8.333333 urban 30.0
8 14 8.333333 urban 30.0
8 15 11.111111 arterial 40.0
8 16 11.111111 arterial 40.0
8 17 9.722222 suburban 35.0
8 18 8.333333 urban 30.0
8 19 8.333333 urban 30.0
8 20 11.111111 arterial 40.0
8 21 11.111111 arterial 40.0
8 22 9.722222 suburban 35.0
8 23 11.111111 arterial 40.0
8 24 11.111111 arterial 40.0
8 25 11.111111 arterial 40.0
8 26 8.333333 urban 30.0
8 27 9.722222 suburban 35.0
8 28 11.111111 arterial 40.0
8 29 11.111111 arterial 40.0
8 30 11.111111 arterial 40.0
8 31 11.111111 arterial 40.0
8 32 9.722222 suburban 35.0
8 33 11.111111 arterial 40.0
8 34 9.722222 suburban 35.0
8 35 11.111111 arterial 40.0
8 36 11.111111 arterial 40.0
8 37 9.722222 suburban 35.0
8 38 11.111111 arterial 40.0
8 39 8.333333 urban 30.0
8 40 8.333333 urban 30.0
8 41 8.333333 urban 30.0
8 42 11.111111 arterial 40.0
8 43 9.722222 suburban 35.0
8 44 11.111111 arterial 40.0
8 45 11.111111 arterial 40.0
8 46 8.333333 urban 30.0
8 47 8.333333 urban 30.0
8 48 9.722222 suburban 35.0
8 49 8.333333 urban 30.0
8 50 8.333333 urban 30.0
8 51 11.111111 arterial 40.0
8 52 9.722222 suburban 35.0
8 53 9.722222 suburban 35.0
8 54 9.722222 suburban 35.0
8 55 9.722222 suburban 35.0
8 56 8.333333 urban 30.0
8 57 9.722222 suburban 35.0
8 58 8.333333 urban 30.0
8 59 11.111111 arterial 40.0
8 60 8.333333 urban 30.0
8 61 8.333333 urban 30.0
8 62 11.111111 arterial 40.0
8 63 9.722222 suburban 35.0
8 64 11.111111 arterial 40.0
8 65 9.722222 suburban 35.0
8 66 11.111111 arterial 40.0
8 67 8.333333 urban 30.0
8 68 11.111111 arterial 40.0
8 69 8.333333 urban 30.0
8 70 11.111111 arterial 40.0
8 71 8.333333 urban 30.0
8 72 8.333333 urban 30.0
8 73 11.111111 arterial 40.0
8 74 8.333333 urban 30.0
8 75 9.722222 suburban 35.0
8 76 8.333333 urban 30.0
8 77 11.111111 arterial 40.0
8 78 8.333333 urban 30.0
8 79 9.722222 suburban 35.0
8 80 8.333333 urban 30.0
8 81 8.333333 urban 30.0
8 82 11.111111 arterial 40.0
8 83 11.111111 arterial 40.0
8 84 9.722222 suburban 35.0
8 85 11.111111 arterial 40.0
8 86 8.333333 urban 30.0
8 87 11.111111 arterial 40.0
8 88 8.333333 urban 30.0
8 89 9.722222 suburban 35.0
8 90 11.111111 arterial 40.0
8 91 8.333333 urban 30.0
8 92 11.111111 arterial 40.0
8 93 9.722222 suburban 35.0
8 94 8.333333 urban 30.0
8 95 9.722222 suburban 35.0
8 96 9.722222 suburban 35.0
8 97 11.111111 arterial 40.0
8 98 8.333333 urban 30.0
8 99 9.722222 suburban 35.0
8 100 9.722222 suburban 35.0
9 0 8.333333 urban 30.0
9 1 9.722222 suburban 35.0
9 2 8.333333 urban 30.0
9 3 8.333333 urban 30.0
9 4 8.333333 urban 30.0
9 5 8.333333 urban 30.0
9 6 9.722222 suburban 35.0
9 7 8.333333 urban 30.0
9 8 9.722222 suburban 35.0
9 10 8.333333 urban 30.0
9 11 9.722222 suburban 35.0
9 12 8.333333 urban 30.0
9 13 8.333333 urban 30.0
9 14 9.722222 suburban 35.0
9 15 9.722222 suburban 35.0
9 16 8.333333 urban 30.0
9 17 9.722222 suburban 35.0
9 18 9.722222 suburban 35.0
9 19 9.722222 suburban 35.0
9 20 8.333333 urban 30.0
9 21 9.722222 suburban 35.0
9 22 8.333333 urban 30.0
9 23 9.722222 suburban 35.0
9 24 8.333333 urban 30.0
9 25 8.333333 urban 30.0
9 26 9.722222 suburban 35.0
9 27 8.333333 urban 30.0
9 28 9.722222 suburban 35.0
9 29 9.722222 suburban 35.0
9 30 9.722222 suburban 35.0
9 31 9.722222 suburban 35.0
9 32 8.333333 urban 30.0
9 33 9.722222 suburban 35.0
9 34 9.722222 suburban 35.0
9 35 8.333333 urban 30.0
9 36 9.722222 suburban 35.0
9 37 9.722222 suburban 35.0
9 38 9.722222 suburban 35.0
9 39 8.333333 urban 30.0
9 40 9.722222 suburban 35.0
9 41 9.722222 suburban 35.0
9 42 11.111111 arterial 40.0
9 43 8.333333 urban 30.0
9 44 9.722222 suburban 35.0
9 45 8.333333 urban 30.0
9 46 8.333333 urban 30.0
9 47 9.722222 suburban 35.0
9 48 8.333333 urban 30.0
9 49 8.333333 urban 30.0
9 50 8.333333 urban 30.0
9 51 9.722222 suburban 35.0
9 52 9.722222 suburban 35.0
9 53 9.722222 suburban 35.0
9 54 8.333333 urban 30.0
9 55 8.333333 urban 30.0
9 56 9.722222 suburban 35.0
9 57 8.333333 urban 30.0
9 58 9.722222 suburban 35.0
9 59 9.722222 suburban 35.0
9 60 8.333333 urban 30.0
9 61 9.722222 suburban 35.0
9 62 9.722222 suburban 35.0
9 63 8.333333 urban 30.0
9 64 9.722222 suburban 35.0
9 65 9.722222 suburban 35.0
9 66 9.722222 suburban 35.0
9 67 9.722222 suburban 35.0
9 68 8.333333 urban 30.0
9 69 9.722222 suburban 35.0
9 70 9.722222 suburban 35.0
9 71 8.333333 urban 30.0
9 72 9.722222 suburban 35.0
9 73 8.333333 urban 30.0
9 74 8.333333 urban 30.0
9 75 8.333333 urban 30.0
9 76 8.333333 urban 30.0
9 77 9.722222 suburban 35.0
9 78 8.333333 urban 30.0
9 79 8.333333 urban 30.0
9 80 9.722222 suburban 35.0
9 81 8.333333 urban 30.0
9 82 8.333333 urban 30.0
9 83 9.722222 suburban 35.0
9 84 8.333333 urban 30.0
9 85 9.722222 suburban 35.0
9 86 9.722222 suburban 35.0
9 87 9.722222 suburban 35.0
9 88 8.333333 urban 30.0
9 89 8.333333 urban 30.0
9 90 8.333333 urban 30.0
9 91 9.722222 suburban 35.0
9 92 8.333333 urban 30.0
9 93 8.333333 urban 30.0
9 94 9.722222 suburban 35.0
9 95 8.333333 urban 30.0
9 96 8.333333 urban 30.0
9 97 8.333333 urban 30.0
9 98 9.722222 suburban 35.0
9 99 9.722222 suburban 35.0
9 100 9.722222 suburban 35.0
10 0 9.722222 suburban 35.0
10 1 8.333333 urban 30.0
10 2 11.111111 arterial 40.0
10 3 9.722222 suburban 35.0
10 4 8.333333 urban 30.0
10 5 8.333333 urban 30.0
10 6 11.111111 arterial 40.0
10 7 11.111111 arterial 40.0
10 8 11.111111 arterial 40.0
10 9 8.333333 urban 30.0
10 11 11.111111 arterial 40.0
10 12 9.722222 suburban 35.0
10 13 8.333333 urban 30.0
10 14 9.722222 suburban 35.0
10 15 9.722222 suburban 35.0
10 16 9.722222 suburban 35.0
10 17 11.111111 arterial 40.0
10 18 8.333333 urban 30.0
10 19 8.333333 urban 30.0
10 20 11.111111 arterial 40.0
10 21 9.722222 suburban 35.0
10 22 9.722222 suburban 35.0
10 23 9.722222 suburban 35.0
10 24 11.111111 arterial 40.0
10 25 11.111111 arterial 40.0
10 26 8.333333 urban 30.0
10 27 9.722222 suburban 35.0
10 28 11.111111 arterial 40.0
10 29 9.722222 suburban 35.0
10 30 11.111111 arterial 40.0
10 31 11.111111 arterial 40.0
10 32 9.722222 suburban 35.0
10 33 11.111111 arterial 40.0
10 34 11.111111 arterial 40.0
10 35 9.722222 suburban 35.0
10 36 11.111111 arterial 40.0
10 37 9.722222 suburban 35.0
10 38 9.722222 suburban 35.0
10 39 8.333333 urban 30.0
10 40 8.333333 urban 30.0
10 41 8.333333 urban 30.0
10 42 9.722222 suburban 35.0
10 43 11.111111 arterial 40.0
10 44 11.111111 arterial 40.0
10 45 9.722222 suburban 35.0
10 46 8.333333 urban 30.0
10 47 8.333333 urban 30.0
10 48 9.722222 suburban 35.0
10 49 9.722222 suburban 35.0
10 50 9.722222 suburban 35.0
10 51 11.111111 arterial 40.0
10 52 11.111111 arterial 40.0
10 53 11.111111 arterial 40.0
10 54 9.722222 suburban 35.0
10 55 9.722222 suburban 35.0
10 56 8.333333 urban 30.0
10 57 11.111111 arterial 40.0
10 58 8.333333 urban 30.0
10 59 9.722222 suburban 35.0
10 60 8.333333 urban 30.0
10 61 8.333333 urban 30.0
10 62 9.722222 suburban 35.0
10 63 8.333333 urban 30.0
10 64 11.111111 arterial 40.0
10 65 8.333333 urban 30.0
10 66 9.722222 suburban 35.0
10 67 8.333333 urban 30.0
10 68 9.722222 suburban 35.0
10 69 9.722222 suburban 35.0
10 70 9.722222 suburban 35.0
10 71 8.333333 urban 30.0
10 72 8.333333 urban 30.0
10 73 11.111111 arterial 40.0
10 74 8.333333 urban 30.0
10 75 11.111111 arterial 40.0
10 76 8.333333 urban 30.0
10 77 11.111111 arterial 40.0
10 78 9.722222 suburban 35.0
10 79 9.722222 suburban 35.0
10 80 9.722222 suburban 35.0
10 81 8.333333 urban 30.0
10 82 11.111111 arterial 40.0
10 83 11.111111 arterial 40.0
10 84 11.111111 arterial 40.0
10 85 11.111111 arterial 40.0
10 86 8.333333 urban 30.0
10 87 11.111111 arterial 40.0
10 88 8.333333 urban 30.0
10 89 8.333333 urban 30.0
10 90 9.722222 suburban 35.0
10 91 8.333333 urban 30.0
10 92 11.111111 arterial 40.0
10 93 9.722222 suburban 35.0
10 94 9.722222 suburban 35.0
10 95 9.722222 suburban 35.0
10 96 9.722222 suburban 35.0
10 97 11.111111 arterial 40.0
10 98 8.333333 urban 30.0
10 99 8.333333 urban 30.0
10 100 11.111111 arterial 40.0
11 0 9.722222 suburban 35.0
11 1 11.111111 arterial 40.0
11 2 11.111111 arterial 40.0
11 3 11.111111 arterial 40.0
11 4 9.722222 suburban 35.0
11 5 11.111111 arterial 40.0
11 6 11.111111 arterial 40.0
11 7 11.111111 arterial 40.0
11 8 9.722222 suburban 35.0
11 9 9.722222 suburban 35.0
11 10 11.111111 arterial 40.0
11 12 9.722222 suburban 35.0
11 13 9.722222 suburban 35.0
11 14 11.111111 arterial 40.0
11 15 8.333333 urban 30.0
11 16 11.111111 arterial 40.0
11 17 11.111111 arterial 40.0
11 18 9.722222 suburban 35.0
11 19 11.111111 arterial 40.0
11 20 11.111111 arterial 40.0
11 21 8.333333 urban 30.0
11 22 11.111111 arterial 40.0
11 23 8.333333 urban 30.0
11 24 9.722222 suburban 35.0
11 25 11.111111 arterial 40.0
11 26 11.111111 arterial 40.0
11 27 9.722222 suburban 35.0
11 28 11.111111 arterial 40.0
11 29 8.333333 urban 30.0
11 30 11.111111 arterial 40.0
11 31 9.722222 suburban 35.0
11 32 11.111111 arterial 40.0
11 33 11.111111 arterial 40.0
11 34 11.111111 arterial 40.0
11 35 8.333333 urban 30.0
11 36 11.111111 arterial 40.0
11 37 8.333333 urban 30.0
11 38 9.722222 suburban 35.0
11 39 11.111111 arterial 40.0
11 40 9.722222 suburban 35.0
11 41 11.111111 arterial 40.0
11 42 8.333333 urban 30.0
11 43 11.111111 arterial 40.0
11 44 11.111111 arterial 40.0
11 45 9.722222 suburban 35.0
11 46 11.111111 arterial 40.0
11 47 11.111111 arterial 40.0
11 48 11.111111 arterial 40.0
11 49 11.111111 arterial 40.0
11 50 11.111111 arterial 40.0
11 51 11.111111 arterial 40.0
11 52 11.111111 arterial 40.0
11 53 11.111111 arterial 40.0
11 54 11.111111 arterial 40.0
11 55 9.722222 suburban 35.0
11 56 9.722222 suburban 35.0
11 57 11.111111 arterial 40.0
11 58 11.111111 arterial 40.0
11 59 8.333333 urban 30.0
11 60 11.111111 arterial 40.0
11 61 9.722222 suburban 35.0
11 62 8.333333 urban 30.0
11 63 8.333333 urban 30.0
11 64 9.722222 suburban 35.0
11 65 8.333333 urban 30.0
11 66 8.333333 urban 30.0
11 67 11.111111 arterial 40.0
11 68 9.722222 suburban 35.0
11 69 11.111111 arterial 40.0
11 70 8.333333 urban 30.0
11 71 9.722222 suburban 35.0
11 72 11.111111 arterial 40.0
11 73 9.722222 suburban 35.0
11 74 9.722222 suburban 35.0
11 75 11.111111 arterial 40.0
11 76 9.722222 suburban 35.0
11 77 9.722222 suburban 35.0
11 78 11.111111 arterial 40.0
11 79 11.111111 arterial 40.0
11 80 11.111111 arterial 40.0
11 81 9.722222 suburban 35.0
11 82 11.111111 arterial 40.0
11 83 11.111111 arterial 40.0
11 84 11.111111 arterial 40.0
11 85 11.111111 arterial 40.0
11 86 9.722222 suburban 35.0
11 87 11.111111 arterial 40.0
11 88 11.111111 arterial 40.0
11 89 9.722222 suburban 35.0
11 90 9.722222 suburban 35.0
11 91 9.722222 suburban 35.0
11 92 11.111111 arterial 40.0
11 93 9.722222 suburban 35.0
11 94 11.111111 arterial 40.0
11 95 9.722222 suburban 35.0
11 96 9.722222 suburban 35.0
11 97 9.722222 suburban 35.0
11 98 11.111111 arterial 40.0
11 99 8.333333 urban 30.0
11 100 11.111111 arterial 40.0
12 0 8.333333 urban 30.0
12 1 9.722222 suburban 35.0
12 2 9.722222 suburban 35.0
12 3 8.333333 urban 30.0
12 4 8.333333 urban 30.0
12 5 8.333333 urban 30.0
12 6 11.111111 arterial 40.0
12 7 9.722222 suburban 35.0
12 8 11.111111 arterial 40.0
12 9 8.333333 urban 30.0
12 10 9.722222 suburban 35.0
12 11 9.722222 suburban 35.0
12 13 8.333333 urban 30.0
12 14 8.333333 urban 30.0
12 15 11.111111 arterial 40.0
12 16 9.722222 suburban 35.0
12 17 8.333333 urban 30.0
12 18 8.333333 urban 30.0
12 19 8.333333 urban 30.0
12 20 9.722222 suburban 35.0
12 21 11.111111 arterial 40.0
12 22 8.333333 urban 30.0
12 23 11.111111 arterial 40.0
12 24 9.722222 suburban 35.0
12 25 9.722222 suburban 35.0
12 26 8.333333 urban 30.0
12 27 8.333333 urban 30.0
12 28 9.722222 suburban 35.0
12 29 11.111111 arterial 40.0
12 30 11.111111 arterial 40.0
12 31 11.111111 arterial 40.0
12 32 8.333333 urban 30.0
12 33 11.111111 arterial 40.0
12 34 8.333333 urban 30.0
12 35 9.722222 suburban 35.0
12 36 9.722222 suburban 35.0
12 37 11.111111 arterial 40.0
12 38 11.111111 arterial 40.0
12 39 8.333333 urban 30.0
12 40 9.722222 suburban 35.0
12 41 8.333333 urban 30.0
12 42 11.111111 arterial 40.0
12 43 9.722222 suburban 35.0
12 44 11.111111 arterial 40.0
12 45 9.722222 suburban 35.0
12 46 8.333333 urban 30.0
12 47 9.722222 suburban 35.0
12 48 8.333333 urban 30.0
12 49 8.333333 urban 30.0
12 50 8.333333 urban 30.0
12 51 11.111111 arterial 40.0
12 52 8.333333 urban 30.0
12 53 8.333333 urban 30.0
12 54 8.333333 urban 30.0
12 55 9.722222 suburban 35.0
12 56 9.722222 suburban 35.0
12 57 8.333333 urban 30.0
12 58 9.722222 suburban 35.0
12 59 11.111111 arterial 40.0
12 60 8.333333 urban 30.0
12 61 9.722222 suburban 35.0
12 62 9.722222 suburban 35.0
12 63 9.722222 suburban 35.0
12 64 11.111111 arterial 40.0
12 65 9.722222 suburban 35.0
12 66 11.111111 arterial 40.0
12 67 9.722222 suburban 35.0
12 68 9.722222 suburban 35.0
12 69 8.333333 urban 30.0
12 70 11.111111 arterial 40.0
12 71 9.722222 suburban 35.0
12 72 9.722222 suburban 35.0
12 73 9.722222 suburban 35.0
12 74 8.333333 urban 30.0
12 75 8.333333 urban 30.0
12 76 8.333333 urban 30.0
12 77 9.722222 suburban 35.0
12 78 8.333333 urban 30.0
12 79 8.333333 urban 30.0
12 80 8.333333 urban 30.0
12 81 8.333333 urban 30.0
12 82 9.722222 suburban 35.0
12 83 11.111111 arterial 40.0
12 84 8.333333 urban 30.0
12 85 11.111111 arterial 40.0
12 86 9.722222 suburban 35.0
12 87 9.722222 suburban 35.0
12 88 8.333333 urban 30.0
12 89 9.722222 suburban 35.0
12 90 9.722222 suburban 35.0
12 91 9.722222 suburban 35.0
12 92 9.722222 suburban 35.0
12 93 9.722222 suburban 35.0
12 94 8.333333 urban 30.0
12 95 8.333333 urban 30.0
12 96 8.333333 urban 30.0
12 97 9.722222 suburban 35.0
12 98 9.722222 suburban 35.0
12 99 9.722222 suburban 35.0
12 100 8.333333 urban 30.0
13 0 8.333333 urban 30.0
13 1 9.722222 suburban 35.0
13 2 8.333333 urban 30.0
13 3 9.722222 suburban 35.0
13 4 8.333333 urban 30.0
13 5 9.722222 suburban 35.0
13 6 8.333333 urban 30.0
13 7 9.722222 suburban 35.0
13 8 8.333333 urban 30.0
13 9 8.333333 urban 30.0
13 10 8.333333 urban 30.0
13 11 9.722222 suburban 35.0
13 12 8.333333 urban 30.0
13 14 9.722222 suburban 35.0
13 15 9.722222 suburban 35.0
13 16 8.333333 urban 30.0
13 17 9.722222 suburban 35.0
13 18 9.722222 suburban 35.0
13 19 9.722222 suburban 35.0
13 20 8.333333 urban 30.0
13 21 9.722222 suburban 35.0
13 22 8.333333 urban 30.0
13 23 9.722222 suburban 35.0
13 24 8.333333 urban 30.0
13 25 8.333333 urban 30.0
13 26 9.722222 suburban 35.0
13 27 8.333333 urban 30.0
13 28 9.722222 suburban 35.0
13 29 9.722222 suburban 35.0
13 30 8.333333 urban 30.0
13 31 8.333333 urban 30.0
13 32 8.333333 urban 30.0
13 33 9.722222 suburban 35.0
13 34 9.722222 suburban 35.0
13 35 8.333333 urban 30.0
13 36 9.722222 suburban 35.0
13 37 9.722222 suburban 35.0
13 38 8.333333 urban 30.0
13 39 8.333333 urban 30.0
13 40 9.722222 suburban 35.0
13 41 9.722222 suburban 35.0
13 42 9.722222 suburban 35.0
13 43 8.333333 urban 30.0
13 44 9.722222 suburban 35.0
13 45 8.333333 urban 30.0
13 46 9.722222 suburban 35.0
13 47 11.111111 arterial 40.0
13 48 8.333333 urban 30.0
13 49 9.722222 suburban 35.0
13 50 8.333333 urban 30.0
13 51 9.722222 suburban 35.0
13 52 9.722222 suburban 35.0
13 53 9.722222 suburban 35.0
13 54 8.333333 urban 30.0
13 55 8.333333 urban 30.0
13 56 9.722222 suburban 35.0
13 57 9.722222 suburban 35.0
13 58 11.111111 arterial 40.0
13 59 9.722222 suburban 35.0
13 60 9.722222 suburban 35.0
13 61 9.722222 suburban 35.0
13 62 8.333333 urban 30.0
13 63 8.333333 urban 30.0
13 64 8.333333 urban 30.0
13 65 9.722222 suburban 35.0
13 66 9.722222 suburban 35.0
13 67 11.111111 arterial 40.0
13 68 8.333333 urban 30.0
13 69 9.722222 suburban 35.0
13 70 9.722222 suburban 35.0
13 71 9.722222 suburban 35.0
13 72 9.722222 suburban 35.0
13 73 8.333333 urban 30.0
13 74 8.333333 urban 30.0
13 75 9.722222 suburban 35.0
13 76 8.333333 urban 30.0
13 77 8.333333 urban 30.0
13 78 8.333333 urban 30.0
13 79 9.722222 suburban 35.0
13 80 9.722222 suburban 35.0
13 81 8.333333 urban 30.0
13 82 8.333333 urban 30.0
13 83 9.722222 suburban 35.0
13 84 9.722222 suburban 35.0
13 85 9.722222 suburban 35.0
13 86 9.722222 suburban 35.0
13 87 9.722222 suburban 35.0
13 88 8.333333 urban 30.0
13 89 8.333333 urban 30.0
13 90 8.333333 urban 30.0
13 91 9.722222 suburban 35.0
13 92 8.333333 urban 30.0
13 93 8.333333 urban 30.0
13 94 9.722222 suburban 35.0
13 95 8.333333 urban 30.0
13 96 8.333333 urban 30.0
13 97 8.333333 urban 30.0
13 98 9.722222 suburban 35.0
13 99 9.722222 suburban 35.0
13 100 9.722222 suburban 35.0
14 0 9.722222 suburban 35.0
14 1 11.111111 arterial 40.0
14 2 9.722222 suburban 35.0
14 3 11.111111 arterial 40.0
14 4 9.722222 suburban 35.0
14 5 11.111111 arterial 40.0
14 6 9.722222 suburban 35.0
14 7 11.111111 arterial 40.0
14 8 8.333333 urban 30.0
14 9 9.722222 suburban 35.0
14 10 9.722222 suburban 35.0
14 11 11.111111 arterial 40.0
14 12 8.333333 urban 30.0
14 13 9.722222 suburban 35.0
14 15 8.333333 urban 30.0
14 16 9.722222 suburban 35.0
14 17 11.111111 arterial 40.0
14 18 9.722222 suburban 35.0
14 19 11.111111 arterial 40.0
14 20 9.722222 suburban 35.0
14 21 8.333333 urban 30.0
14 22 9.722222 suburban 35.0
14 23 8.333333 urban 30.0
14 24 8.333333 urban 30.0
14 25 9.722222 suburban 35.0
14 26 11.111111 arterial 40.0
14 27 9.722222 suburban 35.0
14 28 9.722222 suburban 35.0
14 29 8.333333 urban 30.0
14 30 8.333333 urban 30.0
14 31 8.333333 urban 30.0
14 32 9.722222 suburban 35.0
14 33 9.722222 suburban 35.0
14 34 11.111111 arterial 40.0
14 35 8.333333 urban 30.0
14 36 9.722222 suburban 35.0
14 37 8.333333 urban 30.0
14 38 8.333333 urban 30.0
14 39 9.722222 suburban 35.0
14 40 9.722222 suburban 35.0
14 41 11.111111 arterial 40.0
14 42 8.333333 urban 30.0
14 43 9.722222 suburban 35.0
14 44 9.722222 suburban 35.0
14 45 8.333333 urban 30.0
14 46 9.722222 suburban 35.0
14 47 11.111111 arterial 40.0
14 48 9.722222 suburban 35.0
14 49 11.111111 arterial 40.0
14 50 9.722222 suburban 35.0
14 51 9.722222 suburban 35.0
14 52 11.111111 arterial 40.0
14 53 11.111111 arterial 40.0
14 54 9.722222 suburban 35.0
14 55 8.333333 urban 30.0
14 56 11.111111 arterial 40.0
14 57 11.111111 arterial 40.0
14 58 11.111111 arterial 40.0
14 59 8.333333 urban 30.0
14 60 11.111111 arterial 40.0
14 61 9.722222 suburban 35.0
14 62 8.333333 urban 30.0
14 63 8.333333 urban 30.0
14 64 8.333333 urban 30.0
14 65 8.333333 urban 30.0
14 66 8.333333 urban 30.0
14 67 11.111111 arterial 40.0
14 68 8.333333 urban 30.0
14 69 11.111111 arterial 40.0
14 70 8.333333 urban 30.0
14 71 9.722222 suburban 35.0
14 72 11.111111 arterial 40.0
14 73 8.333333 urban 30.0
14 74 9.722222 suburban 35.0
14 75 11.111111 arterial 40.0
14 76 9.722222 suburban 35.0
14 77 8.333333 urban 30.0
14 78 11.111111 arterial 40.0
14 79 11.111111 arterial 40.0
14 80 11.111111 arterial 40.0
14 81 9.722222 suburban 35.0
14 82 9.722222 suburban 35.0
14 83 9.722222 suburban 35.0
14 84 11.111111 arterial 40.0
14 85 9.722222 suburban 35.0
14 86 9.722222 suburban 35.0
14 87 9.722222 suburban 35.0
14 88 9.722222 suburban 35.0
14 89 8.333333 urban 30.0
14 90 8.333333 urban 30.0
14 91 9.722222 suburban 35.0
14 92 9.722222 suburban 35.0
14 93 8.333333 urban 30.0
14 94 11.111111 arterial 40.0
14 95 9.722222 suburban 35.0
14 96 9.722222 suburban 35.0
14 97 8.333333 urban 30.0
14 98 11.111111 arterial 40.0
14 99 9.722222 suburban 35.0
14 100 11.111111 arterial 40.0
15 0 9.722222 suburban 35.0
15 1 11.111111 arterial 40.0
15 2 9.722222 suburban 35.0
15 3 8.333333 urban 30.0
15 4 9.722222 suburban 35.0
15 5 9.722222 suburban 35.0
15 6 11.111111 arterial 40.0
15 7 8.333333 urban 30.0
15 8 11.111111 arterial 40.0
15 9 9.722222 suburban 35.0
15 10 9.722222 suburban 35.0
15 11 8.333333 urban 30.0
15 12 11.111111 arterial 40.0
15 13 9.722222 suburban 35.0
15 14 8.333333 urban 30.0
15 16 9.722222 suburban 35.0
15 17 8.333333 urban 30.0
15 18 9.722222 suburban 35.0
15 19 9.722222 suburban 35.0
15 20 9.722222 suburban 35.0
15 21 11.111111 arterial 40.0
15 22 8.333333 urban 30.0
15 23 11.111111 arterial 40.0
15 24 11.111111 arterial 40.0
15 25 9.722222 suburban 35.0
15 26 9.722222 suburban 35.0
15 27 9.722222 suburban 35.0
15 28 11.111111 arterial 40.0
15 29 11.111111 arterial 40.0
15 30 11.111111 arterial 40.0
15 31 11.111111 arterial 40.0
15 32 9.722222 suburban 35.0
15 33 11.111111 arterial 40.0
15 34 8.333333 urban 30.0
15 35 11.111111 arterial 40.0
15 36 9.722222 suburban 35.0
15 37 11.111111 arterial 40.0
15 38 11.111111 arterial 40.0
15 39 9.722222 suburban 35.0
15 40 11.111111 arterial 40.0
15 41 9.722222 suburban 35.0
15 42 11.111111 arterial 40.0
15 43 9.722222 suburban 35.0
15 44 11.111111 arterial 40.0
15 45 11.111111 arterial 40.0
15 46 9.722222 suburban 35.0
15 47 11.111111 arterial 40.0
15 48 9.722222 suburban 35.0
15 49 8.333333 urban 30.0
15 50 8.333333 urban 30.0
15 51 11.111111 arterial 40.0
15 52 8.333333 urban 30.0
15 53 8.333333 urban 30.0
15 54 9.722222 suburban 35.0
15 55 9.722222 suburban 35.0
15 56 11.111111 arterial 40.0
15 57 8.333333 urban 30.0
15 58 11.111111 arterial 40.0
15 59 11.111111 arterial 40.0
15 60 9.722222 suburban 35.0
15 61 11.111111 arterial 40.0
15 62 11.111111 arterial 40.0
15 63 11.111111 arterial 40.0
15 64 11.111111 arterial 40.0
15 65 11.111111 arterial 40.0
15 66 11.111111 arterial 40.0
15 67 11.111111 arterial 40.0
15 68 11.111111 arterial 40.0
15 69 8.333333 urban 30.0
15 70 11.111111 arterial 40.0
15 71 11.111111 arterial 40.0
15 72 9.722222 suburban 35.0
15 73 11.111111 arterial 40.0
15 74 9.722222 suburban 35.0
15 75 8.333333 urban 30.0
15 76 9.722222 suburban 35.0
15 77 11.111111 arterial 40.0
15 78 8.333333 urban 30.0
15 79 8.333333 urban 30.0
15 80 8.333333 urban 30.0
15 81 9.722222 suburban 35.0
15 82 9.722222 suburban 35.0
15 83 11.111111 arterial 40.0
15 84 8.333333 urban 30.0
15 85 11.111111 arterial 40.0
15 86 11.111111 arterial 40.0
15 87 9.722222 suburban 35.0
15 88 9.722222 suburban 35.0
15 89 11.111111 arterial 40.0
15 90 11.111111 arterial 40.0
15 91 11.111111 arterial 40.0
15 92 9.722222 suburban 35.0
15 93 9.722222 suburban 35.0
15 94 8.333333 urban 30.0
15 95 9.722222 suburban 35.0
15 96 9.722222 suburban 35.0
15 97 11.111111 arterial 40.0
15 98 11.111111 arterial 40.0
15 99 11.111111 arterial 40.0
15 100 8.333333 urban 30.0
16 0 8.333333 urban 30.0
16 1 8.333333 urban 30.0
16 2 9.722222 suburban 35.0
16 3 9.722222 suburban 35.0
16 4 8.333333 urban 30.0
16 5 8.333333 urban 30.0
16 6 11.111111 arterial 40.0
16 7 9.722222 suburban 35.0
16 8 11.111111 arterial 40.0
16 9 8.333333 urban 30.0
16 10 9.722222 suburban 35.0
16 11 11.111111 arterial 40.0
16 12 9.722222 suburban 35.0
16 13 8.333333 urban 30.0
16 14 9.722222 suburban 35.0
16 15 9.722222 suburban 35.0
16 17 9.722222 suburban 35.0
16 18 8.333333 urban 30.0
16 19 8.333333 urban 30.0
16 20 9.722222 suburban 35.0
16 21 9.722222 suburban 35.0
16 22 9.722222 suburban 35.0
16 23 9.722222 suburban 35.0
16 24 9.722222 suburban 35.0
16 25 9.722222 suburban 35.0
16 26 8.333333 urban 30.0
16 27 8.333333 urban 30.0
16 28 11.111111 arterial 40.0
16 29 9.722222 suburban 35.0
16 30 9.722222 suburban 35.0
16 31 11.111111 arterial 40.0
16 32 8.333333 urban 30.0
16 33 11.111111 arterial 40.0
16 34 9.722222 suburban 35.0
16 35 9.722222 suburban 35.0
16 36 11.111111 arterial 40.0
16 37 9.722222 suburban 35.0
16 38 9.722222 suburban 35.0
16 39 8.333333 urban 30.0
16 40 8.333333 urban 30.0
16 41 8.333333 urban 30.0
16 42 9.722222 suburban 35.0
16 43 9.722222 suburban 35.0
16 44 11.111111 arterial 40.0
16 45 9.722222 suburban 35.0
16 46 8.333333 urban 30.0
16 47 9.722222 suburban 35.0
16 48 9.722222 suburban 35.0
16 49 8.333333 urban 30.0
16 50 8.333333 urban 30.0
16 51 11.111111 arterial 40.0
16 52 9.722222 suburban 35.0
16 53 11.111111 arterial 40.0
16 54 9.722222 suburban 35.0
16 55 8.333333 urban 30.0
16 56 8.333333 urban 30.0
16 57 9.722222 suburban 35.0
16 58 8.333333 urban 30.0
16 59 9.722222 suburban 35.0
16 60 8.333333 urban 30.0
16 61 8.333333 urban 30.0
16 62 9.722222 suburban 35.0
16 63 8.333333 urban 30.0
16 64 9.722222 suburban 35.0
16 65 8.333333 urban 30.0
16 66 9.722222 suburban 35.0
16 67 8.333333 urban 30.0
16 68 9.722222 suburban 35.0
16 69 9.722222 suburban 35.0
16 70 9.722222 suburban 35.0
16 71 8.333333 urban 30.0
16 72 8.333333 urban 30.0
16 73 9.722222 suburban 35.0
16 74 8.333333 urban 30.0
16 75 9.722222 suburban 35.0
16 76 8.333333 urban 30.0
16 77 9.722222 suburban 35.0
16 78 8.333333 urban 30.0
16 79 9.722222 suburban 35.0
16 80 9.722222 suburban 35.0
16 81 8.333333 urban 30.0
16 82 9.722222 suburban 35.0
16 83 11.111111 arterial 40.0
16 84 9.722222 suburban 35.0
16 85 11.111111 arterial 40.0
16 86 8.333333 urban 30.0
16 87 11.111111 arterial 40.0
16 88 8.333333 urban 30.0
16 89 8.333333 urban 30.0
16 90 9.722222 suburban 35.0
16 91 8.333333 urban 30.0
16 92 9.722222 suburban 35.0
16 93 8.333333 urban 30.0
16 94 8.333333 urban 30.0
16 95 8.333333 urban 30.0
16 96 8.333333 urban 30.0
16 97 9.722222 suburban 35.0
16 98 8.333333 urban 30.0
16 99 8.333333 urban 30.0
16 100 9.722222 suburban 35.0
17 0 9.722222 suburban 35.0
17 1 11.111111 arterial 40.0
17 2 11.111111 arterial 40.0
17 3 11.111111 arterial 40.0
17 4 9.722222 suburban 35.0
17 5 11.111111 arterial 40.0
17 6 9.722222 suburban 35.0
17 7 11.111111 arterial 40.0
17 8 9.722222 suburban 35.0
17 9 9.722222 suburban 35.0
17 10 11.111111 arterial 40.0
17 11 11.111111 arterial 40.0
17 12 8.333333 urban 30.0
17 13 9.722222 suburban 35.0
17 14 11.111111 arterial 40.0
17 15 8.333333 urban 30.0
17 16 9.722222 suburban 35.0
17 18 11.111111 arterial 40.0
17 19 11.111111 arterial 40.0
17 20 11.111111 arterial 40.0
17 21 8.333333 urban 30.0
17 22 11.111111 arterial 40.0
17 23 8.333333 urban 30.0
17 24 9.722222 suburban 35.0
17 25 11.111111 arterial 40.0
17 26 11.111111 arterial 40.0
17 27 9.722222 suburban 35.0
17 28 11.111111 arterial 40.0
17 29 8.333333 urban 30.0
17 30 9.722222 suburban 35.0
17 31 9.722222 suburban 35.0
17 32 11.111111 arterial 40.0
17 33 11.111111 arterial 40.0
17 34 11.111111 arterial 40.0
17 35 8.333333 urban 30.0
17 36 11.111111 arterial 40.0
17 37 8.333333 urban 30.0
17 38 8.333333 urban 30.0
17 39 11.111111 arterial 40.0
17 40 9.722222 suburban 35.0
17 41 11.111111 arterial 40.0
17 42 8.333333 urban 30.0
17 43 11.111111 arterial 40.0
17 44 11.111111 arterial 40.0
17 45 8.333333 urban 30.0
17 46 11.111111 arterial 40.0
17 47 11.111111 arterial 40.0
17 48 11.111111 arterial 40.0
17 49 11.111111 arterial 40.0
17 50 11.111111 arterial 40.0
17 51 9.722222 suburban 35.0
17 52 11.111111 arterial 40.0
17 53 11.111111 arterial 40.0
17 54 11.111111 arterial 40.0
17 55 9.722222 suburban 35.0
17 56 11.111111 arterial 40.0
17 57 11.111111 arterial 40.0
17 58 11.111111 arterial 40.0
17 59 8.333333 urban 30.0
17 60 11.111111 arterial 40.0
17 61 9.722222 suburban 35.0
17 62 8.333333 urban 30.0
17 63 8.333333 urban 30.0
17 64 8.333333 urban 30.0
17 65 8.333333 urban 30.0
17 66 8.333333 urban 30.0
17 67 11.111111 arterial 40.0
17 68 9.722222 suburban 35.0
17 69 11.111111 arterial 40.0
17 70 8.333333 urban 30.0
17 71 9.722222 suburban 35.0
17 72 11.111111 arterial 40.0
17 73 9.722222 suburban 35.0
17 74 9.722222 suburban 35.0
17 75 11.111111 arterial 40.0
17 76 9.722222 suburban 35.0
17 77 9.722222 suburban 35.0
17 78 11.111111 arterial 40.0
17 79 11.111111 arterial 40.0
17 80 11.111111 arterial 40.0
17 81 9.722222 suburban 35.0
17 82 9.722222 suburban 35.0
17 83 11.111111 arterial 40.0
17 84 11.111111 arterial 40.0
17 85 11.111111 arterial 40.0
17 86 9.722222 suburban 35.0
17 87 11.111111 arterial 40.0
17 88 11.111111 arterial 40.0
17 89 9.722222 suburban 35.0
17 90 8.333333 urban 30.0
17 91 9.722222 suburban 35.0
17 92 11.111111 arterial 40.0
17 93 9.722222 suburban 35.0
17 94 11.111111 arterial 40.0
17 95 9.722222 suburban 35.0
17 96 9.722222 suburban 35.0
17 97 9.722222 suburban 35.0
17 98 11.111111 arterial 40.0
17 99 8.333333 urban 30.0
17 100 11.111111 arterial 40.0
18 0 8.333333 urban 30.0
18 1 11.111111 arterial 40.0
18 2 8.333333 urban 30.0
18 3 9.722222 suburban 35.0
18 4 9.722222 suburban 35.0
18 5 11.111111 arterial 40.0
18 6 8.333333 urban 30.0
18 7 8.333333 urban 30.0
18 8 8.333333 urban 30.0
18 9 9.722222 suburban 35.0
18 10 8.333333 urban 30.0
18 11 9.722222 suburban 35.0
18 12 8.333333 urban 30.0
18 13 9.722222 suburban 35.0
18 14 9.722222 suburban 35.0
18 15 9.722222 suburban 35.0
18 16 8.333333 urban 30.0
18 17 11.111111 arterial 40.0
18 19 11.111111 arterial 40.0
18 20 8.333333 urban 30.0
18 21 9.722222 suburban 35.0
18 22 9.722222 suburban 35.0
18 23 9.722222 suburban 35.0
18 24 8.333333 urban 30.0
18 25 8.333333 urban 30.0
18 26 11.111111 arterial 40.0
18 27 9.722222 suburban 35.0
18 28 8.333333 urban 30.0
18 29 9.722222 suburban 35.0
18 30 8.333333 urban 30.0
18 31 8.333333 urban 30.0
18 32 8.333333 urban 30.0
18 33 8.333333 urban 30.0
18 34 9.722222 suburban 35.0
18 35 8.333333 urban 30.0
18 36 8.333333 urban 30.0
18 37 11.111111 arterial 40.0
18 38 8.333333 urban 30.0
18 39 9.722222 suburban 35.0
18 40 11.111111 arterial 40.0
18 41 11.111111 arterial 40.0
18 42 11.111111 arterial 40.0
18 43 8.333333 urban 30.0
18 44 8.333333 urban 30.0
18 45 8.333333 urban 30.0
18 46 9.722222 suburban 35.0
18 47 11.111111 arterial 40.0
18 48 8.333333 urban 30.0
18 49 11.111111 arterial 40.0
18 50 9.722222 suburban 35.0
18 51 8.333333 urban 30.0
18 52 9.722222 suburban 35.0
18 53 9.722222 suburban 35.0
18 54 8.333333 urban 30.0
18 55 8.333333 urban 30.0
18 56 11.111111 arterial 40.0
18 57 9.722222 suburban 35.0
18 58 11.111111 arterial 40.0
18 59 11.111111 arterial 40.0
18 60 11.111111 arterial 40.0
18 61 11.111111 arterial 40.0
18 62 9.722222 suburban 35.0
18 63 9.722222 suburban 35.0
18 64 8.333333 urban 30.0
18 65 11.111111 arterial 40.0
18 66 11.111111 arterial 40.0
18 67 11.111111 arterial 40.0
18 68 8.333333 urban 30.0
18 69 11.111111 arterial 40.0
18 70 11.111111 arterial 40.0
18 71 11.111111 arterial 40.0
18 72 11.111111 arterial 40.0
18 73 8.333333 urban 30.0
18 74 9.722222 suburban 35.0
18 75 9.722222 suburban 35.0
18 76 9.722222 suburban 35.0
18 77 8.333333 urban 30.0
18 78 9.722222 suburban 35.0
18 79 9.722222 suburban 35.0
18 80 11.111111 arterial 40.0
18 81 9.722222 suburban 35.0
18 82 8.333333 urban 30.0
18 83 8.333333 urban 30.0
18 84 9.722222 suburban 35.0
18 85 8.333333 urban 30.0
18 86 11.111111 arterial 40.0
18 87 8.333333 urban 30.0
18 88 9.722222 suburban 35.0
18 89 9.722222 suburban 35.0
18 90 8.333333 urban 30.0
18 91 11.111111 arterial 40.0
18 92 8.333333 urban 30.0
18 93 8.333333 urban 30.0
18 94 11.111111 arterial 40.0
18 95 9.722222 suburban 35.0
18 96 8.333333 urban 30.0
18 97 8.333333 urban 30.0
18 98 11.111111 arterial 40.0
18 99 11.111111 arterial 40.0
18 100 9.722222 suburban 35.0
19 0 9.722222 suburban 35.0
19 1 11.111111 arterial 40.0
19 2 8.333333 urban 30.0
19 3 11.111111 arterial 40.0
19 4 9.722222 suburban 35.0
19 5 11.111111 arterial 40.0
19 6 8.333333 urban 30.0
19 7 9.722222 suburban 35.0
19 8 8.333333 urban 30.0
19 9 9.722222 suburban 35.0
19 10 8.333333 urban 30.0
19 11 11.111111 arterial 40.0
19 12 8.333333 urban 30.0
19 13 9.722222 suburban 35.0
19 14 11.111111 arterial 40.0
19 15 9.722222 suburban 35.0
19 16 8.333333 urban 30.0
19 17 11.111111 arterial 40.0
19 18 11.111111 arterial 40.0
19 20 8.333333 urban 30.0
19 21 9.722222 suburban 35.0
19 22 9.722222 suburban 35.0
19 23 9.722222 suburban 35.0
19 24 8.333333 urban 30.0
19 25 8.333333 urban 30.0
19 26 11.111111 arterial 40.0
19 27 9.722222 suburban 35.0
19 28 8.333333 urban 30.0
19 29 9.722222 suburban 35.0
19 30 8.333333 urban 30.0
19 31 8.333333 urban 30.0
19 32 9.722222 suburban 35.0
19 33 8.333333 urban 30.0
19 34 11.111111 arterial 40.0
19 35 8.333333 urban 30.0
19 36 9.722222 suburban 35.0
19 37 9.722222 suburban 35.0
19 38 8.333333 urban 30.0
19 39 9.722222 suburban 35.0
19 40 11.111111 arterial 40.0
19 41 11.111111 arterial 40.0
19 42 9.722222 suburban 35.0
19 43 9.722222 suburban 35.0
19 44 8.333333 urban 30.0
19 45 8.333333 urban 30.0
19 46 11.111111 arterial 40.0
19 47 11.111111 arterial 40.0
19 48 9.722222 suburban 35.0
19 49 11.111111 arterial 40.0
19 50 9.722222 suburban 35.0
19 51 8.333333 urban 30.0
19 52 11.111111 arterial 40.0
19 53 11.111111 arterial 40.0
19 54 9.722222 suburban 35.0
19 55 8.333333 urban 30.0
19 56 11.111111 arterial 40.0
19 57 9.722222 suburban 35.0
19 58 11.111111 arterial 40.0
19 59 9.722222 suburban 35.0
19 60 11.111111 arterial 40.0
19 61 11.111111 arterial 40.0
19 62 9.722222 suburban 35.0
19 63 9.722222 suburban 35.0
19 64 8.333333 urban 30.0
19 65 9.722222 suburban 35.0
19 66 9.722222 suburban 35.0
19 67 11.111111 arterial 40.0
19 68 8.333333 urban 30.0
19 69 11.111111 arterial 40.0
19 70 9.722222 suburban 35.0
19 71 11.111111 arterial 40.0
19 72 11.111111 arterial 40.0
19 73 8.333333 urban 30.0
19 74 9.722222 suburban 35.0
19 75 9.722222 suburban 35.0
19 76 9.722222 suburban 35.0
19 77 8.333333 urban 30.0
19 78 9.722222 suburban 35.0
19 79 11.111111 arterial 40.0
19 80 11.111111 arterial 40.0
19 81 9.722222 suburban 35.0
19 82 8.333333 urban 30.0
19 83 8.333333 urban 30.0
19 84 11.111111 arterial 40.0
19 85 8.333333 urban 30.0
19 86 11.111111 arterial 40.0
19 87 8.333333 urban 30.0
19 88 9.722222 suburban 35.0
19 89 9.722222 suburban 35.0
19 90 8.333333 urban 30.0
19 91 11.111111 arterial 40.0
19 92 8.333333 urban 30.0
19 93 8.333333 urban 30.0
19 94 11.111111 arterial 40.0
19 95 9.722222 suburban 35.0
19 96 9.722222 suburban 35.0
19 97 8.333333 urban 30.0
19 98 11.111111 arterial 40.0
19 99 11.111111 arterial 40.0
19 100 9.722222 suburban 35.0
20 0 9.722222 suburban 35.0
20 1 8.333333 urban 30.0
20 2 11.111111 arterial 40.0
20 3 9.722222 suburban 35.0
20 4 8.333333 urban 30.0
20 5 8.333333 urban 30.0
20 6 11.111111 arterial 40.0
20 7 11.111111 arterial 40.0
20 8 11.111111 arterial 40.0
20 9 8.333333 urban 30.0
20 10 11.111111 arterial 40.0
20 11 11.111111 arterial 40.0
20 12 9.722222 suburban 35.0
20 13 8.333333 urban 30.0
20 14 9.722222 suburban 35.0
20 15 9.722222 suburban 35.0
20 16 9.722222 suburban 35.0
20 17 11.111111 arterial 40.0
20 18 8.333333 urban 30.0
20 19 8.333333 urban 30.0
20 21 9.722222 suburban 35.0
20 22 9.722222 suburban 35.0
20 23 9.722222 suburban 35.0
20 24 11.111111 arterial 40.0
20 25 11.111111 arterial 40.0
20 26 8.333333 urban 30.0
20 27 9.722222 suburban 35.0
20 28 11.111111 arterial 40.0
20 29 9.722222 suburban 35.0
20 30 11.111111 arterial 40.0
20 31 11.111111 arterial 40.0
20 32 9.722222 suburban 35.0
20 33 11.111111 arterial 40.0
20 34 11.111111 arterial 40.0
20 35 9.722222 suburban 35.0
20 36 11.111111 arterial 40.0
20 37 8.333333 urban 30.0
20 38 9.722222 suburban 35.0
20 39 8.333333 urban 30.0
20 40 8.333333 urban 30.0
20 41 8.333333 urban 30.0
20 42 9.722222 suburban 35.0
20 43 11.111111 arterial 40.0
20 44 11.111111 arterial 40.0
20 45 9.722222 suburban 35.0
20 46 8.333333 urban 30.0
20 47 8.333333 urban 30.0
20 48 9.722222 suburban 35.0
20 49 9.722222 suburban 35.0
20 50 9.722222 suburban 35.0
20 51 11.111111 arterial 40.0
20 52 11.111111 arterial 40.0
20 53 11.111111 arterial 40.0
20 54 9.722222 suburban 35.0
20 55 9.722222 suburban 35.0
20 56 8.333333 urban 30.0
20 57 11.111111 arterial 40.0
20 58 8.333333 urban 30.0
20 59 9.722222 suburban 35.0
20 60 8.333333 urban 30.0
20 61 8.333333 urban 30.0
20 62 9.722222 suburban 35.0
20 63 8.333333 urban 30.0
20 64 9.722222 suburban 35.0
20 65 8.333333 urban 30.0
20 66 9.722222 suburban 35.0
20 67 8.333333 urban 30.0
20 68 9.722222 suburban 35.0
20 69 9.722222 suburban 35.0
20 70 9.722222 suburban 35.0
20 71 8.333333 urban 30.0
20 72 8.333333 urban 30.0
20 73 11.111111 arterial 40.0
20 74 8.333333 urban 30.0
20 75 11.111111 arterial 40.0
20 76 8.333333 urban 30.0
20 77 11.111111 arterial 40.0
20 78 9.722222 suburban 35.0
20 79 9.722222 suburban 35.0
20 80 9.722222 suburban 35.0
20 81 8.333333 urban 30.0
20 82 11.111111 arterial 40.0
20 83 11.111111 arterial 40.0
20 84 11.111111 arterial 40.0
20 85 11.111111 arterial 40.0
20 86 8.333333 urban 30.0
20 87 11.111111 arterial 40.0
20 88 8.333333 urban 30.0
20 89 8.333333 urban 30.0
20 90 9.722222 suburban 35.0
20 91 8.333333 urban 30.0
20 92 11.111111 arterial 40.0
20 93 9.722222 suburban 35.0
20 94 9.722222 suburban 35.0
20 95 9.722222 suburban 35.0
20 96 9.722222 suburban 35.0
20 97 9.722222 suburban 35.0
20 98 8.333333 urban 30.0
20 99 8.333333 urban 30.0
20 100 11.111111 arterial 40.0
21 0 9.722222 suburban 35.0
21 1 11.111111 arterial 40.0
21 2 9.722222 suburban 35.0
21 3 8.333333 urban 30.0
21 4 9.722222 suburban 35.0
21 5 9.722222 suburban 35.0
21 6 11.111111 arterial 40.0
21 7 8.333333 urban 30.0
21 8 11.111111 arterial 40.0
21 9 9.722222 suburban 35.0
21 10 9.722222 suburban 35.0
21 11 8.333333 urban 30.0
21 12 11.111111 arterial 40.0
21 13 9.722222 suburban 35.0
21 14 8.333333 urban 30.0
21 15 11.111111 arterial 40.0
21 16 9.722222 suburban 35.0
21 17 8.333333 urban 30.0
21 18 9.722222 suburban 35.0
21 19 9.722222 suburban 35.0
21 20 9.722222 suburban 35.0
21 22 8.333333 urban 30.0
21 23 11.111111 arterial 40.0
21 24 11.111111 arterial 40.0
21 25 9.722222 suburban 35.0
21 26 9.722222 suburban 35.0
21 27 9.722222 suburban 35.0
21 28 9.722222 suburban 35.0
21 29 11.111111 arterial 40.0
21 30 11.111111 arterial 40.0
21 31 11.111111 arterial 40.0
21 32 8.333333 urban 30.0
21 33 9.722222 suburban 35.0
21 34 8.333333 urban 30.0
21 35 11.111111 arterial 40.0
21 36 9.722222 suburban 35.0
21 37 11.111111 arterial 40.0
21 38 11.111111 arterial 40.0
21 39 9.722222 suburban 35.0
21 40 11.111111 arterial 40.0
21 41 9.722222 suburban 35.0
21 42 11.111111 arterial 40.0
21 43 8.333333 urban 30.0
21 44 11.111111 arterial 40.0
21 45 11.111111 arterial 40.0
21 46 9.722222 suburban 35.0
21 47 11.111111 arterial 40.0
21 48 8.333333 urban 30.0
21 49 8.333333 urban 30.0
21 50 8.333333 urban 30.0
21 51 11.111111 arterial 40.0
21 52 8.333333 urban 30.0
21 53 8.333333 urban 30.0
21 54 8.333333 urban 30.0
21 55 9.722222 suburban 35.0
21 56 11.111111 arterial 40.0
21 57 8.333333 urban 30.0
21 58 11.111111 arterial 40.0
21 59 11.111111 arterial 40.0
21 60 9.722222 suburban 35.0
21 61 11.111111 arterial 40.0
21 62 11.111111 arterial 40.0
21 63 11.111111 arterial 40.0
21 64 11.111111 arterial 40.0
21 65 11.111111 arterial 40.0
21 66 11.111111 arterial 40.0
21 67 11.111111 arterial 40.0
21 68 9.722222 suburban 35.0
21 69 8.333333 urban 30.0
21 70 11.111111 arterial 40.0
21 71 11.111111 arterial 40.0
21 72 9.722222 suburban 35.0
21 73 9.722222 suburban 35.0
21 74 9.722222 suburban 35.0
21 75 8.333333 urban 30.0
21 76 9.722222 suburban 35.0
21 77 11.111111 arterial 40.0
21 78 8.333333 urban 30.0
21 79 8.333333 urban 30.0
21 80 8.333333 urban 30.0
21 81 9.722222 suburban 35.0
21 82 9.722222 suburban 35.0
21 83 11.111111 arterial 40.0
21 84 8.333333 urban 30.0
21 85 11.111111 arterial 40.0
21 86 11.111111 arterial 40.0
21 87 9.722222 suburban 35.0
21 88 8.333333 urban 30.0
21 89 9.722222 suburban 35.0
21 90 11.111111 arterial 40.0
21 91 9.722222 suburban 35.0
21 92 9.722222 suburban 35.0
21 93 9.722222 suburban 35.0
21 94 8.333333 urban 30.0
21 95 8.333333 urban 30.0
21 96 9.722222 suburban 35.0
21 97 11.111111 arterial 40.0
21 98 9.722222 suburban 35.0
21 99 11.111111 arterial 40.0
21 100 8.333333 urban 30.0
22 0 8.333333 urban 30.0
22 1 9.722222 suburban 35.0
22 2 9.722222 suburban 35.0
22 3 9.722222 suburban 35.0
22 4 8.333333 urban 30.0
22 5 9.722222 suburban 35.0
22 6 9.722222 suburban 35.0
22 7 9.722222 suburban 35.0
22 8 9.722222 suburban 35.0
22 9 8.333333 urban 30.0
22 10 9.722222 suburban 35.0
22 11 11.111111 arterial 40.0
22 12 8.333333 urban 30.0
22 13 8.333333 urban 30.0
22 14 9.722222 suburban 35.0
22 15 8.333333 urban 30.0
22 16 9.722222 suburban 35.0
22 17 11.111111 arterial 40.0
22 18 9.722222 suburban 35.0
22 19 9.722222 suburban 35.0
22 20 9.722222 suburban 35.0
22 21 8.333333 urban 30.0
22 23 8.333333 urban 30.0
22 24 9.722222 suburban 35.0
22 25 9.722222 suburban 35.0
22 26 9.722222 suburban 35.0
22 27 8.333333 urban 30.0
22 28 9.722222 suburban 35.0
22 29 8.333333 urban 30.0
22 30 9.722222 suburban 35.0
22 31 9.722222 suburban 35.0
22 32 9.722222 suburban 35.0
22 33 9.722222 suburban 35.0
22 34 11.111111 arterial 40.0
22 35 8.333333 urban 30.0
22 36 11.111111 arterial 40.0
22 37 8.333333 urban 30.0
22 38 8.333333 urban 30.0
22 39 8.333333 urban 30.0
22 40 8.333333 urban 30.0
22 41 9.722222 suburban 35.0
22 42 8.333333 urban 30.0
22 43 9.722222 suburban 35.0
22 44 9.722222 suburban 35.0
22 45 8.333333 urban 30.0
22 46 9.722222 suburban 35.0
22 47 9.722222 suburban 35.0
22 48 9.722222 suburban 35.0
22 49 9.722222 suburban 35.0
22 50 9.722222 suburban 35.0
22 51 9.722222 suburban 35.0
22 52 11.111111 arterial 40.0
22 53 11.111111 arterial 40.0
22 54 9.722222 suburban 35.0
22 55 8.333333 urban 30.0
22 56 9.722222 suburban 35.0
22 57 11.111111 arterial 40.0
22 58 9.722222 suburban 35.0
22 59 8.333333 urban 30.0
22 60 9.722222 suburban 35.0
22 61 8.333333 urban 30.0
22 62 8.333333 urban 30.0
22 63 8.333333 urban 30.0
22 64 8.333333 urban 30.0
22 65 8.333333 urban 30.0
22 66 8.333333 urban 30.0
22 67 9.722222 suburban 35.0
22 68 8.333333 urban 30.0
22 69 9.722222 suburban 35.0
22 70 8.333333 urban 30.0
22 71 8.333333 urban 30.0
22 72 9.722222 suburban 35.0
22 73 9.722222 suburban 35.0
22 74 8.333333 urban 30.0
22 75 11.111111 arterial 40.0
22 76 8.333333 urban 30.0
22 77 9.722222 suburban 35.0
22 78 9.722222 suburban 35.0
22 79 9.722222 suburban 35.0
22 80 9.722222 suburban 35.0
22 81 8.333333 urban 30.0
22 82 9.722222 suburban 35.0
22 83 11.111111 arterial 40.0
22 84 11.111111 arterial 40.0
22 85 11.111111 arterial 40.0
22 86 9.722222 suburban 35.0
22 87 11.111111 arterial 40.0
22 88 8.333333 urban 30.0
22 89 8.333333 urban 30.0
22 90 8.333333 urban 30.0
22 91 8.333333 urban 30.0
22 92 9.722222 suburban 35.0
22 93 8.333333 urban 30.0
22 94 9.722222 suburban 35.0
22 95 8.333333 urban 30.0
22 96 8.333333 urban 30.0
22 97 8.333333 urban 30.0
22 98 9.722222 suburban 35.0
22 99 8.333333 urban 30.0
22 100 11.111111 arterial 40.0
23 0 9.722222 suburban 35.0
23 1 11.111111 arterial 40.0
23 2 9.722222 suburban 35.0
23 3 8.333333 urban 30.0
23 4 9.722222 suburban 35.0
23 5 9.722222 suburban 35.0
23 6 9.722222 suburban 35.0
23 7 8.333333 urban 30.0
23 8 11.111111 arterial 40.0
23 9 9.722222 suburban 35.0
23 10 9.722222 suburban 35.0
23 11 8.333333 urban 30.0
23 12 11.111111 arterial 40.0
23 13 9.722222 suburban 35.0
23 14 8.333333 urban 30.0
23 15 11.111111 arterial 40.0
23 16 9.722222 suburban 35.0
23 17 8.333333 urban 30.0
23 18 9.722222 suburban 35.0
23 19 9.722222 suburban 35.0
23 20 9.722222 suburban 35.0
23 21 11.111111 arterial 40.0
23 22 8.333333 urban 30.0
23 24 9.722222 suburban 35.0
23 25 9.722222 suburban 35.0
23 26 9.722222 suburban 35.0
23 27 9.722222 suburban 35.0
23 28 9.722222 suburban 35.0
23 29 11.111111 arterial 40.0
23 30 11.111111 arterial 40.0
23 31 11.111111 arterial 40.0
23 32 8.333333 urban 30.0
23 33 9.722222 suburban 35.0
23 34 8.333333 urban 30.0
23 35 11.111111 arterial 40.0
23 36 9.722222 suburban 35.0
23 37 11.111111 arterial 40.0
23 38 11.111111 arterial 40.0
23 39 9.722222 suburban 35.0
23 40 11.111111 arterial 40.0
23 41 9.722222 suburban 35.0
23 42 11.111111 arterial 40.0
23 43 8.333333 urban 30.0
23 44 9.722222 suburban 35.0
23 45 11.111111 arterial 40.0
23 46 9.722222 suburban 35.0
23 47 11.111111 arterial 40.0
23 48 8.333333 urban 30.0
23 49 8.333333 urban 30.0
23 50 8.333333 urban 30.0
23 51 11.111111 arterial 40.0
23 52 8.333333 urban 30.0
23 53 8.333333 urban 30.0
23 54 8.333333 urban 30.0
23 55 9.722222 suburban 35.0
23 56 11.111111 arterial 40.0
23 57 8.333333 urban 30.0
23 58 11.111111 arterial 40.0
23 59 11.111111 arterial 40.0
23 60 9.722222 suburban 35.0
23 61 11.111111 arterial 40.0
23 62 11.111111 arterial 40.0
23 63 11.111111 arterial 40.0
23 64 11.111111 arterial 40.0
23 65 11.111111 arterial 40.0
23 66 11.111111 arterial 40.0
23 67 11.111111 arterial 40.0
23 68 9.722222 suburban 35.0
23 69 8.333333 urban 30.0
23 70 11.111111 arterial 40.0
23 71 11.111111 arterial 40.0
23 72 11.111111 arterial 40.0
23 73 9.722222 suburban 35.0
23 74 9.722222 suburban 35.0
23 75 8.333333 urban 30.0
23 76 9.722222 suburban 35.0
23 77 11.111111 arterial 40.0
23 78 8.333333 urban 30.0
23 79 8.333333 urban 30.0
23 80 8.333333 urban 30.0
23 81 9.722222 suburban 35.0
23 82 9.722222 suburban 35.0
23 83 11.111111 arterial 40.0
23 84 8.333333 urban 30.0
23 85 11.111111 arterial 40.0
23 86 11.111111 arterial 40.0
23 87 9.722222 suburban 35.0
23 88 9.722222 suburban 35.0
23 89 11.111111 arterial 40.0
23 90 11.111111 arterial 40.0
23 91 11.111111 arterial 40.0
23 92 9.722222 suburban 35.0
23 93 9.722222 suburban 35.0
23 94 9.722222 suburban 35.0
23 95 9.722222 suburban 35.0
23 96 9.722222 suburban 35.0
23 97 11.111111 arterial 40.0
23 98 11.111111 arterial 40.0
23 99 11.111111 arterial 40.0
23 100 8.333333 urban 30.0
24 0 8.333333 urban 30.0
24 1 8.333333 urban 30.0
24 2 11.111111 arterial 40.0
24 3 9.722222 suburban 35.0
24 4 8.333333 urban 30.0
24 5 8.333333 urban 30.0
24 6 11.111111 arterial 40.0
24 7 9.722222 suburban 35.0
24 8 11.111111 arterial 40.0
24 9 8.333333 urban 30.0
24 10 11.111111 arterial 40.0
24 11 9.722222 suburban 35.0
24 12 9.722222 suburban 35.0
24 13 8.333333 urban 30.0
24 14 8.333333 urban 30.0
24 15 11.111111 arterial 40.0
24 16 9.722222 suburban 35.0
24 17 9.722222 suburban 35.0
24 18 8.333333 urban 30.0
24 19 8.333333 urban 30.0
24 20 11.111111 arterial 40.0
24 21 11.111111 arterial 40.0
24 22 9.722222 suburban 35.0
24 23 9.722222 suburban 35.0
24 25 9.722222 suburban 35.0
24 26 8.333333 urban 30.0
24 27 8.333333 urban 30.0
24 28 11.111111 arterial 40.0
24 29 9.722222 suburban 35.0
24 30 11.111111 arterial 40.0
24 31 11.111111 arterial 40.0
24 32 8.333333 urban 30.0
24 33 11.111111 arterial 40.0
24 34 9.722222 suburban 35.0
24 35 9.722222 suburban 35.0
24 36 11.111111 arterial 40.0
24 37 9.722222 suburban 35.0
24 38 11.111111 arterial 40.0
24 39 8.333333 urban 30.0
24 40 8.333333 urban 30.0
24 41 8.333333 urban 30.0
24 42 11.111111 arterial 40.0
24 43 9.722222 suburban 35.0
24 44 11.111111 arterial 40.0
24 45 11.111111 arterial 40.0
24 46 8.333333 urban 30.0
24 47 8.333333 urban 30.0
24 48 9.722222 suburban 35.0
24 49 8.333333 urban 30.0
24 50 8.333333 urban 30.0
24 51 11.111111 arterial 40.0
24 52 9.722222 suburban 35.0
24 53 9.722222 suburban 35.0
24 54 9.722222 suburban 35.0
24 55 9.722222 suburban 35.0
24 56 8.333333 urban 30.0
24 57 9.722222 suburban 35.0
24 58 8.333333 urban 30.0
24 59 11.111111 arterial 40.0
24 60 8.333333 urban 30.0
24 61 8.333333 urban 30.0
24 62 9.722222 suburban 35.0
24 63 9.722222 suburban 35.0
24 64 11.111111 arterial 40.0
24 65 9.722222 suburban 35.0
24 66 11.111111 arterial 40.0
24 67 8.333333 urban 30.0
24 68 9.722222 suburban 35.0
24 69 8.333333 urban 30.0
24 70 9.722222 suburban 35.0
24 71 8.333333 urban 30.0
24 72 8.333333 urban 30.0
24 73 11.111111 arterial 40.0
24 74 8.333333 urban 30.0
24 75 9.722222 suburban 35.0
24 76 8.333333 urban 30.0
24 77 11.111111 arterial 40.0
24 78 8.333333 urban 30.0
24 79 9.722222 suburban 35.0
24 80 8.333333 urban 30.0
24 81 8.333333 urban 30.0
24 82 9.722222 suburban 35.0
24 83 11.111111 arterial 40.0
24 84 9.722222 suburban 35.0
24 85 11.111111 arterial 40.0
24 86 8.333333 urban 30.0
24 87 11.111111 arterial 40.0
24 88 8.333333 urban 30.0
24 89 9.722222 suburban 35.0
24 90 9.722222 suburban 35.0
24 91 8.333333 urban 30.0
24 92 9.722222 suburban 35.0
24 93 9.722222 suburban 35.0
24 94 8.333333 urban 30.0
24 95 8.333333 urban 30.0
24 96 9.722222 suburban 35.0
24 97 11.111111 arterial 40.0
24 98 8.333333 urban 30.0
24 99 9.722222 suburban 35.0
24 100 9.722222 suburban 35.0
25 0 8.333333 urban 30.0
25 1 8.333333 urban 30.0
25 2 9.722222 suburban 35.0
25 3 9.722222 suburban 35.0
25 4 8.333333 urban 30.0
25 5 8.333333 urban 30.0
25 6 11.111111 arterial 40.0
25 7 9.722222 suburban 35.0
25 8 11.111111 arterial 40.0
25 9 8.333333 urban 30.0
25 10 11.111111 arterial 40.0
25 11 11.111111 arterial 40.0
25 12 9.722222 suburban 35.0
25 13 8.333333 urban 30.0
25 14 9.722222 suburban 35.0
25 15 9.722222 suburban 35.0
25 16 9.722222 suburban 35.0
25 17 11.111111 arterial 40.0
25 18 8.333333 urban 30.0
25 19 8.333333 urban 30.0
25 20 11.111111 arterial 40.0
25 21 9.722222 suburban 35.0
25 22 9.722222 suburban 35.0
25 23 9.722222 suburban 35.0
25 24 9.722222 suburban 35.0
25 26 8.333333 urban 30.0
25 27 8.333333 urban 30.0
25 28 11.111111 arterial 40.0
25 29 9.722222 suburban 35.0
25 30 9.722222 suburban 35.0
25 31 11.111111 arterial 40.0
25 32 9.722222 suburban 35.0
25 33 11.111111 arterial 40.0
25 34 9.722222 suburban 35.0
25 35 9.722222 suburban 35.0
25 36 11.111111 arterial 40.0
25 37 8.333333 urban 30.0
25 38 9.722222 suburban 35.0
25 39 8.333333 urban 30.0
25 40 8.333333 urban 30.0
25 41 8.333333 urban 30.0
25 42 9.722222 suburban 35.0
25 43 9.722222 suburban 35.0
25 44 11.111111 arterial 40.0
25 45 9.722222 suburban 35.0
25 46 8.333333 urban 30.0
25 47 9.722222 suburban 35.0
25 48 9.722222 suburban 35.0
25 49 9.722222 suburban 35.0
25 50 8.333333 urban 30.0
25 51 11.111111 arterial 40.0
25 52 11.111111 arterial 40.0
25 53 11.111111 arterial 40.0
25 54 9.722222 suburban 35.0
25 55 8.333333 urban 30.0
25 56 8.333333 urban 30.0
25 57 9.722222 suburban 35.0
25 58 8.333333 urban 30.0
25 59 9.722222 suburban 35.0
25 60 8.333333 urban 30.0
25 61 8.333333 urban 30.0
25 62 8.333333 urban 30.0
25 63 8.333333 urban 30.0
25 64 9.722222 suburban 35.0
25 65 8.333333 urban 30.0
25 66 9.722222 suburban 35.0
25 67 8.333333 urban 30.0
25 68 9.722222 suburban 35.0
25 69 9.722222 suburban 35.0
25 70 9.722222 suburban 35.0
25 71 8.333333 urban 30.0
25 72 8.333333 urban 30.0
25 73 9.722222 suburban 35.0
25 74 8.333333 urban 30.0
25 75 9.722222 suburban 35.0
25 76 8.333333 urban 30.0
25 77 9.722222 suburban 35.0
25 78 8.333333 urban 30.0
25 79 9.722222 suburban 35.0
25 80 9.722222 suburban 35.0
25 81 8.333333 urban 30.0
25 82 9.722222 suburban 35.0
25 83 11.111111 arterial 40.0
25 84 9.722222 suburban 35.0
25 85 11.111111 arterial 40.0
25 86 8.333333 urban 30.0
25 87 11.111111 arterial 40.0
25 88 8.333333 urban 30.0
25 89 8.333333 urban 30.0
25 90 9.722222 suburban 35.0
25 91 8.333333 urban 30.0
25 92 9.722222 suburban 35.0
25 93 8.333333 urban 30.0
25 94 9.722222 suburban 35.0
25 95 8.333333 urban 30.0
25 96 8.333333 urban 30.0
25 97 9.722222 suburban 35.0
25 98 8.333333 urban 30.0
25 99 8.333333 urban 30.0
25 100 11.111111 arterial 40.0
26 0 9.722222 suburban 35.0
26 1 11.111111 arterial 40.0
26 2 8.333333 urban 30.0
26 3 9.722222 suburban 35.0
26 4 9.722222 suburban 35.0
26 5 11.111111 arterial 40.0
26 6 8.333333 urban 30.0
26 7 9.722222 suburban 35.0
26 8 8.333333 urban 30.0
26 9 9.722222 suburban 35.0
26 10 8.333333 urban 30.0
26 11 11.111111 arterial 40.0
26 12 8.333333 urban 30.0
26 13 9.722222 suburban 35.0
26 14 11.111111 arterial 40.0
26 15 9.722222 suburban 35.0
26 16 8.333333 urban 30.0
26 17 11.111111 arterial 40.0
26 18 11.111111 arterial 40.0
26 19 11.111111 arterial 40.0
26 20 8.333333 urban 30.0
26 21 9.722222 suburban 35.0
26 22 9.722222 suburban 35.0
26 23 9.722222 suburban 35.0
26 24 8.333333 urban 30.0
26 25 8.333333 urban 30.0
26 27 9.722222 suburban 35.0
26 28 8.333333 urban 30.0
26 29 9.722222 suburban 35.0
26 30 8.333333 urban 30.0
26 31 8.333333 urban 30.0
26 32 9.722222 suburban 35.0
26 33 8.333333 urban 30.0
26 34 11.111111 arterial 40.0
26 35 9.722222 suburban 35.0
26 36 8.333333 urban 30.0
26 37 11.111111 arterial 40.0
26 38 8.333333 urban 30.0
26 39 9.722222 suburban 35.0
26 40 11.111111 arterial 40.0
26 41 11.111111 arterial 40.0
26 42 11.111111 arterial 40.0
26 43 8.333333 urban 30.0
26 44 8.333333 urban 30.0
26 45 8.333333 urban 30.0
26 46 11.111111 arterial 40.0
26 47 11.111111 arterial 40.0
26 48 8.333333 urban 30.0
26 49 11.111111 arterial 40.0
26 50 9.722222 suburban 35.0
26 51 8.333333 urban 30.0
26 52 11.111111 arterial 40.0
26 53 9.722222 suburban 35.0
26 54 8.333333 urban 30.0
26 55 8.333333 urban 30.0
26 56 11.111111 arterial 40.0
26 57 9.722222 suburban 35.0
26 58 11.111111 arterial 40.0
26 59 11.111111 arterial 40.0
26 60 11.111111 arterial 40.0
26 61 11.111111 arterial 40.0
26 62 9.722222 suburban 35.0
26 63 9.722222 suburban 35.0
26 64 8.333333 urban 30.0
26 65 11.111111 arterial 40.0
26 66 11.111111 arterial 40.0
26 67 11.111111 arterial 40.0
26 68 8.333333 urban 30.0
26 69 11.111111 arterial 40.0
26 70 11.111111 arterial 40.0
26 71 11.111111 arterial 40.0
26 72 11.111111 arterial 40.0
26 73 8.333333 urban 30.0
26 74 9.722222 suburban 35.0
26 75 9.722222 suburban 35.0
26 76 9.722222 suburban 35.0
26 77 8.333333 urban 30.0
26 78 9.722222 suburban 35.0
26 79 9.722222 suburban 35.0
26 80 11.111111 arterial 40.0
26 81 9.722222 suburban 35.0
26 82 8.333333 urban 30.0
26 83 8.333333 urban 30.0
26 84 9.722222 suburban 35.0
26 85 8.333333 urban 30.0
26 86 11.111111 arterial 40.0
26 87 8.333333 urban 30.0
26 88 9.722222 suburban 35.0
26 89 9.722222 suburban 35.0
26 90 8.333333 urban 30.0
26 91 11.111111 arterial 40.0
26 92 8.333333 urban 30.0
26 93 8.333333 urban 30.0
26 94 11.111111 arterial 40.0
26 95 9.722222 suburban 35.0
26 96 9.722222 suburban 35.0
26 97 8.333333 urban 30.0
26 98 11.111111 arterial 40.0
26 99 11.111111 arterial 40.0
26 100 9.722222 suburban 35.0
27 0 8.333333 urban 30.0
27 1 9.722222 suburban 35.0
27 2 8.333333 urban 30.0
27 3 9.722222 suburban 35.0
27 4 8.333333 urban 30.0
27 5 8.333333 urban 30.0
27 6 9.722222 suburban 35.0
27 7 9.722222 suburban 35.0
27 8 9.722222 suburban 35.0
27 9 8.333333 urban 30.0
27 10 9.722222 suburban 35.0
27 11 9.722222 suburban 35.0
27 12 8.333333 urban 30.0
27 13 8.333333 urban 30.0
27 14 9.722222 suburban 35.0
27 15 9.722222 suburban 35.0
27 16 8.333333 urban 30.0
27 17 9.722222 suburban 35.0
27 18 9.722222 suburban 35.0
27 19 9.722222 suburban 35.0
27 20 9.722222 suburban 35.0
27 21 9.722222 suburban 35.0
27 22 8.333333 urban 30.0
27 23 9.722222 suburban 35.0
27 24 8.333333 urban 30.0
27 25 8.333333 urban 30.0
27 26 9.722222 suburban 35.0
27 28 9.722222 suburban 35.0
27 29 9.722222 suburban 35.0
27 30 9.722222 suburban 35.0
27 31 9.722222 suburban 35.0
27 32 8.333333 urban 30.0
27 33 9.722222 suburban 35.0
27 34 9.722222 suburban 35.0
27 35 8.333333 urban 30.0
27 36 9.722222 suburban 35.0
27 37 9.722222 suburban 35.0
27 38 8.333333 urban 30.0
27 39 8.333333 urban 30.0
27 40 9.722222 suburban 35.0
27 41 9.722222 suburban 35.0
27 42 9.722222 suburban 35.0
27 43 8.333333 urban 30.0
27 44 9.722222 suburban 35.0
27 45 8.333333 urban 30.0
27 46 8.333333 urban 30.0
27 47 9.722222 suburban 35.0
27 48 8.333333 urban 30.0
27 49 9.722222 suburban 35.0
27 50 8.333333 urban 30.0
27 51 9.722222 suburban 35.0
27 52 9.722222 suburban 35.0
27 53 9.722222 suburban 35.0
27 54 8.333333 urban 30.0
27 55 8.333333 urban 30.0
27 56 9.722222 suburban 35.0
27 57 9.722222 suburban 35.0
27 58 9.722222 suburban 35.0
27 59 9.722222 suburban 35.0
27 60 9.722222 suburban 35.0
27 61 9.722222 suburban 35.0
27 62 8.333333 urban 30.0
27 63 8.333333 urban 30.0
27 64 8.333333 urban 30.0
27 65 9.722222 suburban 35.0
27 66 9.722222 suburban 35.0
27 67 9.722222 suburban 35.0
27 68 8.333333 urban 30.0
27 69 9.722222 suburban 35.0
27 70 9.722222 suburban 35.0
27 71 8.333333 urban 30.0
27 72 9.722222 suburban 35.0
27 73 8.333333 urban 30.0
27 74 8.333333 urban 30.0
27 75 9.722222 suburban 35.0
27 76 8.333333 urban 30.0
27 77 8.333333 urban 30.0
27 78 8.333333 urban 30.0
27 79 9.722222 suburban 35.0
27 80 9.722222 suburban 35.0
27 81 8.333333 urban 30.0
27 82 8.333333 urban 30.0
27 83 9.722222 suburban 35.0
27 84 9.722222 suburban 35.0
27 85 9.722222 suburban 35.0
27 86 9.722222 suburban 35.0
27 87 9.722222 suburban 35.0
27 88 8.333333 urban 30.0
27 89 8.333333 urban 30.0
27 90 8.333333 urban 30.0
27 91 8.333333 urban 30.0
27 92 8.333333 urban 30.0
27 93 8.333333 urban 30.0
27 94 9.722222 suburban 35.0
27 95 8.333333 urban 30.0
27 96 8.333333 urban 30.0
27 97 8.333333 urban 30.0
27 98 9.722222 suburban 35.0
27 99 9.722222 suburban 35.0
27 100 9.722222 suburban 35.0
28 0 9.722222 suburban 35.0
28 1 8.333333 urban 30.0
28 2 11.111111 arterial 40.0
28 3 9.722222 suburban 35.0
28 4 8.333333 urban 30.0
28 5 8.333333 urban 30.0
28 6 11.111111 arterial 40.0
28 7 11.111111 arterial 40.0
28 8 11.111111 arterial 40.0
28 9 9.722222 suburban 35.0
28 10 11.111111 arterial 40.0
28 11 11.111111 arterial 40.0
28 12 9.722222 suburban 35.0
28 13 9.722222 suburban 35.0
28 14 9.722222 suburban 35.0
28 15 11.111111 arterial 40.0
28 16 11.111111 arterial 40.0
28 17 11.111111 arterial 40.0
28 18 8.333333 urban 30.0
28 19 8.333333 urban 30.0
28 20 11.111111 arterial 40.0
28 21 9.722222 suburban 35.0
28 22 9.722222 suburban 35.0
28 23 9.722222 suburban 35.0
28 24 11.111111 arterial 40.0
28 25 11.111111 arterial 40.0
28 26 8.333333 urban 30.0
28 27 9.722222 suburban 35.0
28 29 9.722222 suburban 35.0
28 30 11.111111 arterial 40.0
28 31 11.111111 arterial 40.0
28 32 9.722222 suburban 35.0
28 33 11.111111 arterial 40.0
28 34 11.111111 arterial 40.0
28 35 9.722222 suburban 35.0
28 36 11.111111 arterial 40.0
28 37 9.722222 suburban 35.0
28 38 11.111111 arterial 40.0
28 39 8.333333 urban 30.0
28 40 8.333333 urban 30.0
28 41 8.333333 urban 30.0
28 42 11.111111 arterial 40.0
28 43 11.111111 arterial 40.0
28 44 11.111111 arterial 40.0
28 45 11.111111 arterial 40.0
28 46 8.333333 urban 30.0
28 47 8.333333 urban 30.0
28 48 11.111111 arterial 40.0
28 49 9.722222 suburban 35.0
28 50 9.722222 suburban 35.0
28 51 11.111111 arterial 40.0
28 52 11.111111 arterial 40.0
28 53 11.111111 arterial 40.0
28 54 11.111111 arterial 40.0
28 55 9.722222 suburban 35.0
28 56 8.333333 urban 30.0
28 57 11.111111 arterial 40.0
28 58 8.333333 urban 30.0
28 59 11.111111 arterial 40.0
28 60 8.333333 urban 30.0
28 61 8.333333 urban 30.0
28 62 9.722222 suburban 35.0
28 63 9.722222 suburban 35.0
28 64 11.111111 arterial 40.0
28 65 9.722222 suburban 35.0
28 66 9.722222 suburban 35.0
28 67 8.333333 urban 30.0
28 68 11.111111 arterial 40.0
28 69 9.722222 suburban 35.0
28 70 9.722222 suburban 35.0
28 71 8.333333 urban 30.0
28 72 8.333333 urban 30.0
28 73 11.111111 arterial 40.0
28 74 9.722222 suburban 35.0
28 75 11.111111 arterial 40.0
28 76 9.722222 suburban 35.0
28 77 11.111111 arterial 40.0
28 78 9.722222 suburban 35.0
28 79 11.111111 arterial 40.0
28 80 9.722222 suburban 35.0
28 81 9.722222 suburban 35.0
28 82 11.111111 arterial 40.0
28 83 11.111111 arterial 40.0
28 84 11.111111 arterial 40.0
28 85 11.111111 arterial 40.0
28 86 8.333333 urban 30.0
28 87 11.111111 arterial 40.0
28 88 9.722222 suburban 35.0
28 89 9.722222 suburban 35.0
28 90 9.722222 suburban 35.0
28 91 8.333333 urban 30.0
28 92 11.111111 arterial 40.0
28 93 9.722222 suburban 35.0
28 94 9.722222 suburban 35.0
28 95 9.722222 suburban 35.0
28 96 9.722222 suburban 35.0
28 97 11.111111 arterial 40.0
28 98 8.333333 urban 30.0
28 99 8.333333 urban 30.0
28 100 11.111111 arterial 40.0
29 0 9.722222 suburban 35.0
29 1 11.111111 arterial 40.0
29 2 9.722222 suburban 35.0
29 3 8.333333 urban 30.0
29 4 9.722222 suburban 35.0
29 5 9.722222 suburban 35.0
29 6 9.722222 suburban 35.0
29 7 8.333333 urban 30.0
29 8 11.111111 arterial 40.0
29 9 9.722222 suburban 35.0
29 10 9.722222 suburban 35.0
29 11 8.333333 urban 30.0
29 12 11.111111 arterial 40.0
29 13 9.722222 suburban 35.0
29 14 8.333333 urban 30.0
29 15 11.111111 arterial 40.0
29 16 9.722222 suburban 35.0
29 17 8.333333 urban 30.0
29 18 9.722222 suburban 35.0
29 19 9.722222 suburban 35.0
29 20 9.722222 suburban 35.0
29 21 11.111111 arterial 40.0
29 22 8.333333 urban 30.0
29 23 11.111111 arterial 40.0
29 24 9.722222 suburban 35.0
29 25 9.722222 suburban 35.0
29 26 9.722222 suburban 35.0
29 27 9.722222 suburban 35.0
29 28 9.722222 suburban 35.0
29 30 11.111111 arterial 40.0
29 31 11.111111 arterial 40.0
29 32 8.333333 urban 30.0
29 33 9.722222 suburban 35.0
29 34 8.333333 urban 30.0
29 35 11.111111 arterial 40.0
29 36 9.722222 suburban 35.0
29 37 11.111111 arterial 40.0
29 38 11.111111 arterial 40.0
29 39 9.722222 suburban 35.0
29 40 9.722222 suburban 35.0
29 41 9.722222 suburban 35.0
29 42 11.111111 arterial 40.0
29 43 8.333333 urban 30.0
29 44 9.722222 suburban 35.0
29 45 11.111111 arterial 40.0
29 46 9.722222 suburban 35.0
29 47 11.111111 arterial 40.0
29 48 8.333333 urban 30.0
29 49 8.333333 urban 30.0
29 50 8.333333 urban 30.0
29 51 11.111111 arterial 40.0
29 52 8.333333 urban 30.0
29 53 8.333333 urban 30.0
29 54 8.333333 urban 30.0
29 55 9.722222 suburban 35.0
29 56 11.111111 arterial 40.0
29 57 8.333333 urban 30.0
29 58 11.111111 arterial 40.0
29 59 11.111111 arterial 40.0
29 60 9.722222 suburban 35.0
29 61 11.111111 arterial 40.0
29 62 11.111111 arterial 40.0
29 63 11.111111 arterial 40.0
29 64 11.111111 arterial 40.0
29 65 11.111111 arterial 40.0
29 66 11.111111 arterial 40.0
29 67 11.111111 arterial 40.0
29 68 9.722222 suburban 35.0
29 69 8.333333 urban 30.0
29 70 11.111111 arterial 40.0
29 71 9.722222 suburban 35.0
29 72 9.722222 suburban 35.0
29 73 9.722222 suburban 35.0
29 74 8.333333 urban 30.0
29 75 8.333333 urban 30.0
29 76 8.333333 urban 30.0
29 77 11.111111 arterial 40.0
29 78 8.333333 urban 30.0
29 79 8.333333 urban 30.0
29 80 8.333333 urban 30.0
29 81 9.722222 suburban 35.0
29 82 9.722222 suburban 35.0
29 83 11.111111 arterial 40.0
29 84 8.333333 urban 30.0
29 85 11.111111 arterial 40.0
29 86 9.722222 suburban 35.0
29 87 9.722222 suburban 35.0
29 88 8.333333 urban 30.0
29 89 9.722222 suburban 35.0
29 90 11.111111 arterial 40.0
29 91 9.722222 suburban 35.0
29 92 9.722222 suburban 35.0
29 93 9.722222 suburban 35.0
29 94 8.333333 urban 30.0
29 95 8.333333 urban 30.0
29 96 9.722222 suburban 35.0
29 97 11.111111 arterial 40.0
29 98 9.722222 suburban 35.0
29 99 11.111111 arterial 40.0
29 100 8.333333 urban 30.0
30 0 9.722222 suburban 35.0
30 1 8.333333 urban 30.0
30 2 11.111111 arterial 40.0
30 3 9.722222 suburban 35.0
30 4 8.333333 urban 30.0
30 5 8.333333 urban 30.0
30 6 11.111111 arterial 40.0
30 7 11.111111 arterial 40.0
30 8 11.111111 arterial 40.0
30 9 9.722222 suburban 35.0
30 10 11.111111 arterial 40.0
30 11 11.111111 arterial 40.0
30 12 11.111111 arterial 40.0
30 13 8.333333 urban 30.0
30 14 8.333333 urban 30.0
30 15 11.111111 arterial 40.0
30 16 9.722222 suburban 35.0
30 17 9.722222 suburban 35.0
30 18 8.333333 urban 30.0
30 19 8.333333 urban 30.0
30 20 11.111111 arterial 40.0
30 21 11.111111 arterial 40.0
30 22 9.722222 suburban 35.0
30 23 11.111111 arterial 40.0
30 24 11.111111 arterial 40.0
30 25 9.722222 suburban 35.0
30 26 8.333333 urban 30.0
30 27 9.722222 suburban 35.0
30 28 11.111111 arterial 40.0
30 29 11.111111 arterial 40.0
30 31 11.111111 arterial 40.0
30 32 9.722222 suburban 35.0
30 33 11.111111 arterial 40.0
30 34 9.722222 suburban 35.0
30 35 9.722222 suburban 35.0
30 36 11.111111 arterial 40.0
30 37 9.722222 suburban 35.0
30 38 11.111111 arterial 40.0
30 39 8.333333 urban 30.0
30 40 8.333333 urban 30.0
30 41 8.333333 urban 30.0
30 42 11.111111 arterial 40.0
30 43 9.722222 suburban 35.0
30 44 11.111111 arterial 40.0
30 45 11.111111 arterial 40.0
30 46 8.333333 urban 30.0
30 47 8.333333 urban 30.0
30 48 9.722222 suburban 35.0
30 49 8.333333 urban 30.0
30 50 8.333333 urban 30.0
30 51 11.111111 arterial 40.0
30 52 9.722222 suburban 35.0
30 53 9.722222 suburban 35.0
30 54 9.722222 suburban 35.0
30 55 9.722222 suburban 35.0
30 56 8.333333 urban 30.0
30 57 9.722222 suburban 35.0
30 58 8.333333 urban 30.0
30 59 11.111111 arterial 40.0
30 60 8.333333 urban 30.0
30 61 8.333333 urban 30.0
30 62 9.722222 suburban 35.0
30 63 9.722222 suburban 35.0
30 64 11.111111 arterial 40.0
30 65 9.722222 suburban 35.0
30 66 11.111111 arterial 40.0
30 67 8.333333 urban 30.0
30 68 9.722222 suburban 35.0
30 69 8.333333 urban 30.0
30 70 11.111111 arterial 40.0
30 71 8.333333 urban 30.0
30 72 8.333333 urban 30.0
30 73 11.111111 arterial 40.0
30 74 8.333333 urban 30.0
30 75 9.722222 suburban 35.0
30 76 8.333333 urban 30.0
30 77 11.111111 arterial 40.0
30 78 8.333333 urban 30.0
30 79 9.722222 suburban 35.0
30 80 8.333333 urban 30.0
30 81 8.333333 urban 30.0
30 82 11.111111 arterial 40.0
30 83 11.111111 arterial 40.0
30 84 9.722222 suburban 35.0
30 85 11.111111 arterial 40.0
30 86 8.333333 urban 30.0
30 87 11.111111 arterial 40.0
30 88 8.333333 urban 30.0
30 89 9.722222 suburban 35.0
30 90 11.111111 arterial 40.0
30 91 8.333333 urban 30.0
30 92 11.111111 arterial 40.0
30 93 9.722222 suburban 35.0
30 94 8.333333 urban 30.0
30 95 8.333333 urban 30.0
30 96 9.722222 suburban 35.0
30 97 11.111111 arterial 40.0
30 98 8.333333 urban 30.0
30 99 9.722222 suburban 35.0
30 100 9.722222 suburban 35.0
31 0 9.722222 suburban 35.0
31 1 8.333333 urban 30.0
31 2 11.111111 arterial 40.0
31 3 9.722222 suburban 35.0
31 4 8.333333 urban 30.0
31 5 8.333333 urban 30.0
31 6 11.111111 arterial 40.0
31 7 11.111111 arterial 40.0
31 8 11.111111 arterial 40.0
31 9 9.722222 suburban 35.0
31 10 11.111111 arterial 40.0
31 11 9.722222 suburban 35.0
31 12 11.111111 arterial 40.0
31 13 8.333333 urban 30.0
31 14 8.333333 urban 30.0
31 15 11.111111 arterial 40.0
31 16 11.111111 arterial 40.0
31 17 9.722222 suburban 35.0
31 18 8.333333 urban 30.0
31 19 8.333333 urban 30.0
31 20 11.111111 arterial 40.0
31 21 11.111111 arterial 40.0
31 22 9.722222 suburban 35.0
31 23 11.111111 arterial 40.0
31 24 11.111111 arterial 40.0
31 25 11.111111 arterial 40.0
31 26 8.333333 urban 30.0
31 27 9.722222 suburban 35.0
31 28 11.111111 arterial 40.0
31 29 11.111111 arterial 40.0
31 30 11.111111 arterial 40.0
31 32 9.722222 suburban 35.0
31 33 11.111111 arterial 40.0
31 34 9.722222 suburban 35.0
31 35 11.111111 arterial 40.0
31 36 11.111111 arterial 40.0
31 37 11.111111 arterial 40.0
31 38 11.111111 arterial 40.0
31 39 8.333333 urban 30.0
31 40 8.333333 urban 30.0
31 41 8.333333 urban 30.0
31 42 11.111111 arterial 40.0
31 43 11.111111 arterial 40.0
31 44 11.111111 arterial 40.0
31 45 11.111111 arterial 40.0
31 46 8.333333 urban 30.0
31 47 8.333333 urban 30.0
31 48 9.722222 suburban 35.0
31 49 8.333333 urban 30.0
31 50 8.333333 urban 30.0
31 51 11.111111 arterial 40.0
31 52 9.722222 suburban 35.0
31 53 9.722222 suburban 35.0
31 54 9.722222 suburban 35.0
31 55 9.722222 suburban 35.0
31 56 8.333333 urban 30.0
31 57 9.722222 suburban 35.0
31 58 8.333333 urban 30.0
31 59 11.111111 arterial 40.0
31 60 8.333333 urban 30.0
31 61 9.722222 suburban 35.0
31 62 11.111111 arterial 40.0
31 63 9.722222 suburban 35.0
31 64 11.111111 arterial 40.0
31 65 11.111111 arterial 40.0
31 66 11.111111 arterial 40.0
31 67 8.333333 urban 30.0
31 68 11.111111 arterial 40.0
31 69 8.333333 urban 30.0
31 70 11.111111 arterial 40.0
31 71 9.722222 suburban 35.0
31 72 8.333333 urban 30.0
31 73 11.111111 arterial 40.0
31 74 9.722222 suburban 35.0
31 75 9.722222 suburban 35.0
31 76 8.333333 urban 30.0
31 77 11.111111 arterial 40.0
31 78 8.333333 urban 30.0
31 79 9.722222 suburban 35.0
31 80 8.333333 urban 30.0
31 81 9.722222 suburban 35.0
31 82 11.111111 arterial 40.0
31 83 11.111111 arterial 40.0
31 84 9.722222 suburban 35.0
31 85 11.111111 arterial 40.0
31 86 8.333333 urban 30.0
31 87 11.111111 arterial 40.0
31 88 8.333333 urban 30.0
31 89 9.722222 suburban 35.0
31 90 11.111111 arterial 40.0
31 91 8.333333 urban 30.0
31 92 11.111111 arterial 40.0
31 93 9.722222 suburban 35.0
31 94 8.333333 urban 30.0
31 95 9.722222 suburban 35.0
31 96 9.722222 suburban 35.0
31 97 11.111111 arterial 40.0
31 98 8.333333 urban 30.0
31 99 9.722222 suburban 35.0
31 100 9.722222 suburban 35.0
32 0 8.333333 urban 30.0
32 1 9.722222 suburban 35.0
32 2 9.722222 suburban 35.0
32 3 9.722222 suburban 35.0
32 4 8.333333 urban 30.0
32 5 8.333333 urban 30.0
32 6 9.722222 suburban 35.0
32 7 9.722222 suburban 35.0
32 8 9.722222 suburban 35.0
32 9 8.333333 urban 30.0
32 10 9.722222 suburban 35.0
32 11 11.111111 arterial 40.0
32 12 8.333333 urban 30.0
32 13 8.333333 urban 30.0
32 14 9.722222 suburban 35.0
32 15 9.722222 suburban 35.0
32 16 8.333333 urban 30.0
32 17 11.111111 arterial 40.0
32 18 8.333333 urban 30.0
32 19 9.722222 suburban 35.0
32 20 9.722222 suburban 35.0
32 21 8.333333 urban 30.0
32 22 9.722222 suburban 35.0
32 23 8.333333 urban 30.0
32 24 8.333333 urban 30.0
32 25 9.722222 suburban 35.0
32 26 9.722222 suburban 35.0
32 27 8.333333 urban 30.0
32 28 9.722222 suburban 35.0
32 29 8.333333 urban 30.0
32 30 9.722222 suburban 35.0
32 31 9.722222 suburban 35.0
32 33 9.722222 suburban 35.0
32 34 9.722222 suburban 35.0
32 35 8.333333 urban 30.0
32 36 9.722222 suburban 35.0
32 37 8.333333 urban 30.0
32 38 8.333333 urban 30.0
32 39 8.333333 urban 30.0
32 40 8.333333 urban 30.0
32 41 9.722222 suburban 35.0
32 42 9.722222 suburban 35.0
32 43 9.722222 suburban 35.0
32 44 9.722222 suburban 35.0
32 45 8.333333 urban 30.0
32 46 8.333333 urban 30.0
32 47 9.722222 suburban 35.0
32 48 8.333333 urban 30.0
32 49 9.722222 suburban 35.0
32 50 8.333333 urban 30.0
32 51 9.722222 suburban 35.0
32 52 11.111111 arterial 40.0
32 53 11.111111 arterial 40.0
32 54 8.333333 urban 30.0
32 55 8.333333 urban 30.0
32 56 9.722222 suburban 35.0
32 57 9.722222 suburban 35.0
32 58 9.722222 suburban 35.0
32 59 9.722222 suburban 35.0
32 60 9.722222 suburban 35.0
32 61 8.333333 urban 30.0
32 62 8.333333 urban 30.0
32 63 8.333333 urban 30.0
32 64 8.333333 urban 30.0
32 65 8.333333 urban 30.0
32 66 9.722222 suburban 35.0
32 67 9.722222 suburban 35.0
32 68 8.333333 urban 30.0
32 69 9.722222 suburban 35.0
32 70 8.333333 urban 30.0
32 71 8.333333 urban 30.0
32 72 9.722222 suburban 35.0
32 73 8.333333 urban 30.0
32 74 8.333333 urban 30.0
32 75 9.722222 suburban 35.0
32 76 8.333333 urban 30.0
32 77 8.333333 urban 30.0
32 78 8.333333 urban 30.0
32 79 9.722222 suburban 35.0
32 80 9.722222 suburban 35.0
32 81 8.333333 urban 30.0
32 82 9.722222 suburban 35.0
32 83 9.722222 suburban 35.0
32 84 9.722222 suburban 35.0
32 85 9.722222 suburban 35.0
32 86 9.722222 suburban 35.0
32 87 9.722222 suburban 35.0
32 88 8.333333 urban 30.0
32 89 8.333333 urban 30.0
32 90 8.333333 urban 30.0
32 91 8.333333 urban 30.0
32 92 9.722222 suburban 35.0
32 93 8.333333 urban 30.0
32 94 9.722222 suburban 35.0
32 95 8.333333 urban 30.0
32 96 8.333333 urban 30.0
32 97 8.333333 urban 30.0
32 98 9.722222 suburban 35.0
32 99 8.333333 urban 30.0
32 100 9.722222 suburban 35.0
33 0 9.722222 suburban 35.0
33 1 8.333333 urban 30.0
33 2 11.111111 arterial 40.0
33 3 9.722222 suburban 35.0
33 4 8.333333 urban 30.0
33 5 8.333333 urban 30.0
33 6 11.111111 arterial 40.0
33 7 11.111111 arterial 40.0
33 8 11.111111 arterial 40.0
33 9 9.722222 suburban 35.0
33 10 11.111111 arterial 40.0
33 11 11.111111 arterial 40.0
33 12 11.111111 arterial 40.0
33 13 9.722222 suburban 35.0
33 14 9.722222 suburban 35.0
33 15 11.111111 arterial 40.0
33 16 11.111111 arterial 40.0
33 17 11.111111 arterial 40.0
33 18 8.333333 urban 30.0
33 19 8.333333 urban 30.0
33 20 11.111111 arterial 40.0
33 21 9.722222 suburban 35.0
33 22 9.722222 suburban 35.0
33 23 9.722222 suburban 35.0
33 24 11.111111 arterial 40.0
33 25 11.111111 arterial 40.0
33 26 8.333333 urban 30.0
33 27 9.722222 suburban 35.0
33 28 11.111111 arterial 40.0
33 29 9.722222 suburban 35.0
33 30 11.111111 arterial 40.0
33 31 11.111111 arterial 40.0
33 32 9.722222 suburban 35.0
33 34 11.111111 arterial 40.0
33 35 9.722222 suburban 35.0
33 36 11.111111 arterial 40.0
33 37 9.722222 suburban 35.0
33 38 11.111111 arterial 40.0
33 39 8.333333 urban 30.0
33 40 8.333333 urban 30.0
33 41 8.333333 urban 30.0
33 42 11.111111 arterial 40.0
33 43 11.111111 arterial 40.0
33 44 11.111111 arterial 40.0
33 45 11.111111 arterial 40.0
33 46 8.333333 urban 30.0
33 47 8.333333 urban 30.0
33 48 11.111111 arterial 40.0
33 49 9.722222 suburban 35.0
33 50 9.722222 suburban 35.0
33 51 11.111111 arterial 40.0
33 52 11.111111 arterial 40.0
33 53 11.111111 arterial 40.0
33 54 9.722222 suburban 35.0
33 55 9.722222 suburban 35.0
33 56 8.333333 urban 30.0
33 57 11.111111 arterial 40.0
33 58 8.333333 urban 30.0
33 59 11.111111 arterial 40.0
33 60 8.333333 urban 30.0
33 61 8.333333 urban 30.0
33 62 9.722222 suburban 35.0
33 63 9.722222 suburban 35.0
33 64 11.111111 arterial 40.0
33 65 9.722222 suburban 35.0
33 66 9.722222 suburban 35.0
33 67 8.333333 urban 30.0
33 68 11.111111 arterial 40.0
33 69 9.722222 suburban 35.0
33 70 9.722222 suburban 35.0
33 71 8.333333 urban 30.0
33 72 8.333333 urban 30.0
33 73 11.111111 arterial 40.0
33 74 9.722222 suburban 35.0
33 75 11.111111 arterial 40.0
33 76 9.722222 suburban 35.0
33 77 11.111111 arterial 40.0
33 78 9.722222 suburban 35.0
33 79 9.722222 suburban 35.0
33 80 9.722222 suburban 35.0
33 81 9.722222 suburban 35.0
33 82 11.111111 arterial 40.0
33 83 11.111111 arterial 40.0
33 84 9.722222 suburban 35.0
33 85 11.111111 arterial 40.0
33 86 8.333333 urban 30.0
33 87 11.111111 arterial 40.0
33 88 8.333333 urban 30.0
33 89 9.722222 suburban 35.0
33 90 11.111111 arterial 40.0
33 91 8.333333 urban 30.0
33 92 11.111111 arterial 40.0
33 93 9.722222 suburban 35.0
33 94 8.333333 urban 30.0
33 95 9.722222 suburban 35.0
33 96 9.722222 suburban 35.0
33 97 11.111111 arterial 40.0
33 98 8.333333 urban 30.0
33 99 9.722222 suburban 35.0
33 100 11.111111 arterial 40.0
34 0 9.722222 suburban 35.0
34 1 11.111111 arterial 40.0
34 2 11.111111 arterial 40.0
34 3 11.111111 arterial 40.0
34 4 9.722222 suburban 35.0
34 5 9.722222 suburban 35.0
34 6 9.722222 suburban 35.0
34 7 11.111111 arterial 40.0
34 8 9.722222 suburban 35.0
34 9 9.722222 suburban 35.0
34 10 11.111111 arterial 40.0
34 11 11.111111 arterial 40.0
34 12 8.333333 urban 30.0
34 13 9.722222 suburban 35.0
34 14 11.111111 arterial 40.0
34 15 8.333333 urban 30.0
34 16 9.722222 suburban 35.0
34 17 11.111111 arterial 40.0
34 18 9.722222 suburban 35.0
34 19 11.111111 arterial 40.0
34 20 11.111111 arterial 40.0
34 21 8.333333 urban 30.0
34 22 11.111111 arterial 40.0
34 23 8.333333 urban 30.0
34 24 9.722222 suburban 35.0
34 25 9.722222 suburban 35.0
34 26 11.111111 arterial 40.0
34 27 9.722222 suburban 35.0
34 28 11.111111 arterial 40.0
34 29 8.333333 urban 30.0
34 30 9.722222 suburban 35.0
34 31 9.722222 suburban 35.0
34 32 9.722222 suburban 35.0
34 33 11.111111 arterial 40.0
34 35 8.333333 urban 30.0
34 36 11.111111 arterial 40.0
34 37 8.333333 urban 30.0
34 38 8.333333 urban 30.0
34 39 9.722222 suburban 35.0
34 40 9.722222 suburban 35.0
34 41 11.111111 arterial 40.0
34 42 8.333333 urban 30.0
34 43 11.111111 arterial 40.0
34 44 11.111111 arterial 40.0
34 45 8.333333 urban 30.0
34 46 11.111111 arterial 40.0
34 47 11.111111 arterial 40.0
34 48 11.111111 arterial 40.0
34 49 11.111111 arterial 40.0
34 50 11.111111 arterial 40.0
34 51 9.722222 suburban 35.0
34 52 11.111111 arterial 40.0
34 53 11.111111 arterial 40.0
34 54 9.722222 suburban 35.0
34 55 9.722222 suburban 35.0
34 56 9.722222 suburban 35.0
34 57 11.111111 arterial 40.0
34 58 11.111111 arterial 40.0
34 59 8.333333 urban 30.0
34 60 11.111111 arterial 40.0
34 61 9.722222 suburban 35.0
34 62 8.333333 urban 30.0
34 63 8.333333 urban 30.0
34 64 8.333333 urban 30.0
34 65 8.333333 urban 30.0
34 66 8.333333 urban 30.0
34 67 11.111111 arterial 40.0
34 68 9.722222 suburban 35.0
34 69 11.111111 arterial 40.0
34 70 8.333333 urban 30.0
34 71 9.722222 suburban 35.0
34 72 11.111111 arterial 40.0
34 73 9.722222 suburban 35.0
34 74 9.722222 suburban 35.0
34 75 11.111111 arterial 40.0
34 76 9.722222 suburban 35.0
34 77 9.722222 suburban 35.0
34 78 11.111111 arterial 40.0
34 79 11.111111 arterial 40.0
34 80 11.111111 arterial 40.0
34 81 9.722222 suburban 35.0
34 82 9.722222 suburban 35.0
34 83 11.111111 arterial 40.0
34 84 11.111111 arterial 40.0
34 85 11.111111 arterial 40.0
34 86 9.722222 suburban 35.0
34 87 11.111111 arterial 40.0
34 88 9.722222 suburban 35.0
34 89 8.333333 urban 30.0
34 90 8.333333 urban 30.0
34 91 9.722222 suburban 35.0
34 92 9.722222 suburban 35.0
34 93 9.722222 suburban 35.0
34 94 11.111111 arterial 40.0
34 95 9.722222 suburban 35.0
34 96 9.722222 suburban 35.0
34 97 9.722222 suburban 35.0
34 98 11.111111 arterial 40.0
34 99 8.333333 urban 30.0
34 100 11.111111 arterial 40.0
35 0 8.333333 urban 30.0
35 1 9.722222 suburban 35.0
35 2 9.722222 suburban 35.0
35 3 8.333333 urban 30.0
35 4 8.333333 urban 30.0
35 5 8.333333 urban 30.0
35 6 9.722222 suburban 35.0
35 7 8.333333 urban 30.0
35 8 11.111111 arterial 40.0
35 9 8.333333 urban 30.0
35 10 9.722222 suburban 35.0
35 11 8.333333 urban 30.0
35 12 9.722222 suburban 35.0
35 13 8.333333 urban 30.0
35 14 8.333333 urban 30.0
35 15 11.111111 arterial 40.0
35 16 9.722222 suburban 35.0
35 17 8.333333 urban 30.0
35 18 8.333333 urban 30.0
35 19 8.333333 urban 30.0
35 20 9.722222 suburban 35.0
35 21 11.111111 arterial 40.0
35 22 8.333333 urban 30.0
35 23 11.111111 arterial 40.0
35 24 9.722222 suburban 35.0
35 25 9.722222 suburban 35.0
35 26 9.722222 suburban 35.0
35 27 8.333333 urban 30.0
35 28 9.722222 suburban 35.0
35 29 11.111111 arterial 40.0
35 30 9.722222 suburban 35.0
35 31 11.111111 arterial 40.0
35 32 8.333333 urban 30.0
35 33 9.722222 suburban 35.0
35 34 8.333333 urban 30.0
35 36 9.722222 suburban 35.0
35 37 11.111111 arterial 40.0
35 38 9.722222 suburban 35.0
35 39 8.333333 urban 30.0
35 40 9.722222 suburban 35.0
35 41 8.333333 urban 30.0
35 42 11.111111 arterial 40.0
35 43 8.333333 urban 30.0
35 44 11.111111 arterial 40.0
35 45 9.722222 suburban 35.0
35 46 8.333333 urban 30.0
35 47 9.722222 suburban 35.0
35 48 8.333333 urban 30.0
35 49 8.333333 urban 30.0
35 50 8.333333 urban 30.0
35 51 11.111111 arterial 40.0
35 52 8.333333 urban 30.0
35 53 8.333333 urban 30.0
35 54 8.333333 urban 30.0
35 55 8.333333 urban 30.0
35 56 9.722222 suburban 35.0
35 57 8.333333 urban 30.0
35 58 9.722222 suburban 35.0
35 59 11.111111 arterial 40.0
35 60 8.333333 urban 30.0
35 61 9.722222 suburban 35.0
35 62 9.722222 suburban 35.0
35 63 9.722222 suburban 35.0
35 64 11.111111 arterial 40.0
35 65 9.722222 suburban 35.0
35 66 11.111111 arterial 40.0
35 67 9.722222 suburban 35.0
35 68 9.722222 suburban 35.0
35 69 8.333333 urban 30.0
35 70 11.111111 arterial 40.0
35 71 9.722222 suburban 35.0
35 72 9.722222 suburban 35.0
35 73 9.722222 suburban 35.0
35 74 8.333333 urban 30.0
35 75 8.333333 urban 30.0
35 76 8.333333 urban 30.0
35 77 9.722222 suburban 35.0
35 78 8.333333 urban 30.0
35 79 8.333333 urban 30.0
35 80 8.333333 urban 30.0
35 81 8.333333 urban 30.0
35 82 9.722222 suburban 35.0
35 83 11.111111 arterial 40.0
35 84 8.333333 urban 30.0
35 85 11.111111 arterial 40.0
35 86 9.722222 suburban 35.0
35 87 9.722222 suburban 35.0
35 88 8.333333 urban 30.0
35 89 9.722222 suburban 35.0
35 90 9.722222 suburban 35.0
35 91 9.722222 suburban 35.0
35 92 9.722222 suburban 35.0
35 93 9.722222 suburban 35.0
35 94 8.333333 urban 30.0
35 95 8.333333 urban 30.0
35 96 8.333333 urban 30.0
35 97 9.722222 suburban 35.0
35 98 9.722222 suburban 35.0
35 99 9.722222 suburban 35.0
35 100 8.333333 urban 30.0
36 0 9.722222 suburban 35.0
36 1 8.333333 urban 30.0
36 2 11.111111 arterial 40.0
36 3 11.111111 arterial 40.0
36 4 8.333333 urban 30.0
36 5 8.333333 urban 30.0
36 6 11.111111 arterial 40.0
36 7 11.111111 arterial 40.0
36 8 11.111111 arterial 40.0
36 9 9.722222 suburban 35.0
36 10 11.111111 arterial 40.0
36 11 11.111111 arterial 40.0
36 12 9.722222 suburban 35.0
36 13 9.722222 suburban 35.0
36 14 9.722222 suburban 35.0
36 15 9.722222 suburban 35.0
36 16 11.111111 arterial 40.0
36 17 11.111111 arterial 40.0
36 18 8.333333 urban 30.0
36 19 9.722222 suburban 35.0
36 20 11.111111 arterial 40.0
36 21 9.722222 suburban 35.0
36 22 11.111111 arterial 40.0
36 23 9.722222 suburban 35.0
36 24 11.111111 arterial 40.0
36 25 11.111111 arterial 40.0
36 26 8.333333 urban 30.0
36 27 9.722222 suburban 35.0
36 28 11.111111 arterial 40.0
36 29 9.722222 suburban 35.0
36 30 11.111111 arterial 40.0
36 31 11.111111 arterial 40.0
36 32 9.722222 suburban 35.0
36 33 11.111111 arterial 40.0
36 34 11.111111 arterial 40.0
36 35 9.722222 suburban 35.0
36 37 8.333333 urban 30.0
36 38 9.722222 suburban 35.0
36 39 8.333333 urban 30.0
36 40 8.333333 urban 30.0
36 41 8.333333 urban 30.0
36 42 9.722222 suburban 35.0
36 43 11.111111 arterial 40.0
36 44 11.111111 arterial 40.0
36 45 9.722222 suburban 35.0
36 46 8.333333 urban 30.0
36 47 8.333333 urban 30.0
36 48 11.111111 arterial 40.0
36 49 9.722222 suburban 35.0
36 50 9.722222 suburban 35.0
36 51 11.111111 arterial 40.0
36 52 11.111111 arterial 40.0
36 53 11.111111 arterial 40.0
36 54 9.722222 suburban 35.0
36 55 9.722222 suburban 35.0
36 56 8.333333 urban 30.0
36 57 11.111111 arterial 40.0
36 58 8.333333 urban 30.0
36 59 9.722222 suburban 35.0
36 60 9.722222 suburban 35.0
36 61 8.333333 urban 30.0
36 62 9.722222 suburban 35.0
36 63 8.333333 urban 30.0
36 64 11.111111 arterial 40.0
36 65 8.333333 urban 30.0
36 66 9.722222 suburban 35.0
36 67 8.333333 urban 30.0
36 68 9.722222 suburban 35.0
36 69 9.722222 suburban 35.0
36 70 9.722222 suburban 35.0
36 71 8.333333 urban 30.0
36 72 8.333333 urban 30.0
36 73 11.111111 arterial 40.0
36 74 9.722222 suburban 35.0
36 75 11.111111 arterial 40.0
36 76 9.722222 suburban 35.0
36 77 11.111111 arterial 40.0
36 78 9.722222 suburban 35.0
36 79 11.111111 arterial 40.0
36 80 9.722222 suburban 35.0
36 81 9.722222 suburban 35.0
36 82 11.111111 arterial 40.0
36 83 11.111111 arterial 40.0
36 84 11.111111 arterial 40.0
36 85 11.111111 arterial 40.0
36 86 8.333333 urban 30.0
36 87 11.111111 arterial 40.0
36 88 9.722222 suburban 35.0
36 89 8.333333 urban 30.0
36 90 9.722222 suburban 35.0
36 91 8.333333 urban 30.0
36 92 11.111111 arterial 40.0
36 93 9.722222 suburban 35.0
36 94 9.722222 suburban 35.0
36 95 9.722222 suburban 35.0
36 96 9.722222 suburban 35.0
36 97 11.111111 arterial 40.0
36 98 8.333333 urban 30.0
36 99 8.333333 urban 30.0
36 100 11.111111 arterial 40.0
37 0 9.722222 suburban 35.0
37 1 11.111111 arterial 40.0
37 2 9.722222 suburban 35.0
37 3 8.333333 urban 30.0
37 4 9.722222 suburban 35.0
37 5 9.722222 suburban 35.0
37 6 9.722222 suburban 35.0
37 7 8.333333 urban 30.0
37 8 9.722222 suburban 35.0
37 9 9.722222 suburban 35.0
37 10 9.722222 suburban 35.0
37 11 8.333333 urban 30.0
37 12 11.111111 arterial 40.0
37 13 9.722222 suburban 35.0
37 14 8.333333 urban 30.0
37 15 11.111111 arterial 40.0
37 16 9.722222 suburban 35.0
37 17 8.333333 urban 30.0
37 18 11.111111 arterial 40.0
37 19 9.722222 suburban 35.0
37 20 8.333333 urban 30.0
37 21 11.111111 arterial 40.0
37 22 8.333333 urban 30.0
37 23 11.111111 arterial 40.0
37 24 9.722222 suburban 35.0
37 25 8.333333 urban 30.0
37 26 11.111111 arterial 40.0
37 27 9.722222 suburban 35.0
37 28 9.722222 suburban 35.0
37 29 11.111111 arterial 40.0
37 30 9.722222 suburban 35.0
37 31 11.111111 arterial 40.0
37 32 8.333333 urban 30.0
37 33 9.722222 suburban 35.0
37 34 8.333333 urban 30.0
37 35 11.111111 arterial 40.0
37 36 8.333333 urban 30.0
37 38 11.111111 arterial 40.0
37 39 9.722222 suburban 35.0
37 40 11.111111 arterial 40.0
37 41 11.111111 arterial 40.0
37 42 11.111111 arterial 40.0
37 43 8.333333 urban 30.0
37 44 9.722222 suburban 35.0
37 45 11.111111 arterial 40.0
37 46 9.722222 suburban 35.0
37 47 11.111111 arterial 40.0
37 48 8.333333 urban 30.0
37 49 9.722222 suburban 35.0
37 50 8.333333 urban 30.0
37 51 11.111111 arterial 40.0
37 52 8.333333 urban 30.0
37 53 8.333333 urban 30.0
37 54 8.333333 urban 30.0
37 55 9.722222 suburban 35.0
37 56 11.111111 arterial 40.0
37 57 8.333333 urban 30.0
37 58 11.111111 arterial 40.0
37 59 11.111111 arterial 40.0
37 60 9.722222 suburban 35.0
37 61 11.111111 arterial 40.0
37 62 11.111111 arterial 40.0
37 63 11.111111 arterial 40.0
37 64 11.111111 arterial 40.0
37 65 11.111111 arterial 40.0
37 66 11.111111 arterial 40.0
37 67 11.111111 arterial 40.0
37 68 9.722222 suburban 35.0
37 69 9.722222 suburban 35.0
37 70 11.111111 arterial 40.0
37 71 11.111111 arterial 40.0
37 72 11.111111 arterial 40.0
37 73 9.722222 suburban 35.0
37 74 9.722222 suburban 35.0
37 75 8.333333 urban 30.0
37 76 9.722222 suburban 35.0
37 77 9.722222 suburban 35.0
37 78 8.333333 urban 30.0
37 79 8.333333 urban 30.0
37 80 9.722222 suburban 35.0
37 81 9.722222 suburban 35.0
37 82 9.722222 suburban 35.0
37 83 11.111111 arterial 40.0
37 84 8.333333 urban 30.0
37 85 9.722222 suburban 35.0
37 86 11.111111 arterial 40.0
37 87 9.722222 suburban 35.0
37 88 9.722222 suburban 35.0
37 89 11.111111 arterial 40.0
37 90 11.111111 arterial 40.0
37 91 11.111111 arterial 40.0
37 92 8.333333 urban 30.0
37 93 9.722222 suburban 35.0
37 94 9.722222 suburban 35.0
37 95 9.722222 suburban 35.0
37 96 9.722222 suburban 35.0
37 97 11.111111 arterial 40.0
37 98 11.111111 arterial 40.0
37 99 11.111111 arterial 40.0
37 100 8.333333 urban 30.0
38 0 8.333333 urban 30.0
38 1 9.722222 suburban 35.0
38 2 9.722222 suburban 35.0
38 3 8.333333 urban 30.0
38 4 8.333333 urban 30.0
38 5 8.333333 urban 30.0
38 6 11.111111 arterial 40.0
38 7 9.722222 suburban 35.0
38 8 11.111111 arterial 40.0
38 9 9.722222 suburban 35.0
38 10 9.722222 suburban 35.0
38 11 9.722222 suburban 35.0
38 12 11.111111 arterial 40.0
38 13 8.333333 urban 30.0
38 14 8.333333 urban 30.0
38 15 11.111111 arterial 40.0
38 16 9.722222 suburban 35.0
38 17 8.333333 urban 30.0
38 18 8.333333 urban 30.0
38 19 8.333333 urban 30.0
38 20 9.722222 suburban 35.0
38 21 11.111111 arterial 40.0
38 22 8.333333 urban 30.0
38 23 11.111111 arterial 40.0
38 24 11.111111 arterial 40.0
38 25 9.722222 suburban 35.0
38 26 8.333333 urban 30.0
38 27 8.333333 urban 30.0
38 28 11.111111 arterial 40.0
38 29 11.111111 arterial 40.0
38 30 11.111111 arterial 40.0
38 31 11.111111 arterial 40.0
38 32 8.333333 urban 30.0
38 33 11.111111 arterial 40.0
38 34 8.333333 urban 30.0
38 35 9.722222 suburban 35.0
38 36 9.722222 suburban 35.0
38 37 11.111111 arterial 40.0
38 39 8.333333 urban 30.0
38 40 9.722222 suburban 35.0
38 41 8.333333 urban 30.0
38 42 11.111111 arterial 40.0
38 43 9.722222 suburban 35.0
38 44 11.111111 arterial 40.0
38 45 11.111111 arterial 40.0
38 46 8.333333 urban 30.0
38 47 9.722222 suburban 35.0
38 48 8.333333 urban 30.0
38 49 8.333333 urban 30.0
38 50 8.333333 urban 30.0
38 51 11.111111 arterial 40.0
38 52 8.333333 urban 30.0
38 53 8.333333 urban 30.0
38 54 8.333333 urban 30.0
38 55 9.722222 suburban 35.0
38 56 9.722222 suburban 35.0
38 57 8.333333 urban 30.0
38 58 9.722222 suburban 35.0
38 59 11.111111 arterial 40.0
38 60 8.333333 urban 30.0
38 61 9.722222 suburban 35.0
38 62 11.111111 arterial 40.0
38 63 9.722222 suburban 35.0
38 64 11.111111 arterial 40.0
38 65 11.111111 arterial 40.0
38 66 11.111111 arterial 40.0
38 67 9.722222 suburban 35.0
38 68 9.722222 suburban 35.0
38 69 8.333333 urban 30.0
38 70 11.111111 arterial 40.0
38 71 9.722222 suburban 35.0
38 72 9.722222 suburban 35.0
38 73 9.722222 suburban 35.0
38 74 8.333333 urban 30.0
38 75 8.333333 urban 30.0
38 76 8.333333 urban 30.0
38 77 11.111111 arterial 40.0
38 78 8.333333 urban 30.0
38 79 8.333333 urban 30.0
38 80 8.333333 urban 30.0
38 81 8.333333 urban 30.0
38 82 9.722222 suburban 35.0
38 83 11.111111 arterial 40.0
38 84 8.333333 urban 30.0
38 85 11.111111 arterial 40.0
38 86 9.722222 suburban 35.0
38 87 11.111111 arterial 40.0
38 88 8.333333 urban 30.0
38 89 9.722222 suburban 35.0
38 90 9.722222 suburban 35.0
38 91 9.722222 suburban 35.0
38 92 9.722222 suburban 35.0
38 93 9.722222 suburban 35.0
38 94 8.333333 urban 30.0
38 95 8.333333 urban 30.0
38 96 8.333333 urban 30.0
38 97 11.111111 arterial 40.0
38 98 9.722222 suburban 35.0
38 99 9.722222 suburban 35.0
38 100 8.333333 urban 30.0
39 0 8.333333 urban 30.0
39 1 11.111111 arterial 40.0
39 2 8.333333 urban 30.0
39 3 9.722222 suburban 35.0
39 4 9.722222 suburban 35.0
39 5 9.722222 suburban 35.0
39 6 8.333333 urban 30.0
39 7 9.722222 suburban 35.0
39 8 8.333333 urban 30.0
39 9 8.333333 urban 30.0
39 10 8.333333 urban 30.0
39 11 11.111111 arterial 40.0
39 12 8.333333 urban 30.0
39 13 8.333333 urban 30.0
39 14 9.722222 suburban 35.0
39 15 9.722222 suburban 35.0
39 16 8.333333 urban 30.0
39 17 11.111111 arterial 40.0
39 18 9.722222 suburban 35.0
39 19 9.722222 suburban 35.0
39 20 8.333333 urban 30.0
39 21 9.722222 suburban 35.0
39 22 8.333333 urban 30.0
39 23 9.722222 suburban 35.0
39 24 8.333333 urban 30.0
39 25 8.333333 urban 30.0
39 26 9.722222 suburban 35.0
39 27 8.333333 urban 30.0
39 28 8.333333 urban 30.0
39 29 9.722222 suburban 35.0
39 30 8.333333 urban 30.0
39 31 8.333333 urban 30.0
39 32 8.333333 urban 30.0
39 33 8.333333 urban 30.0
39 34 9.722222 suburban 35.0
39 35 8.333333 urban 30.0
39 36 8.333333 urban 30.0
39 37 9.722222 suburban 35.0
39 38 8.333333 urban 30.0
39 40 9.722222 suburban 35.0
39 41 11.111111 arterial 40.0
39 42 9.722222 suburban 35.0
39 43 8.333333 urban 30.0
39 44 8.333333 urban 30.0
39 45 8.333333 urban 30.0
39 46 9.722222 suburban 35.0
39 47 11.111111 arterial 40.0
39 48 8.333333 urban 30.0
39 49 9.722222 suburban 35.0
39 50 8.333333 urban 30.0
39 51 8.333333 urban 30.0
39 52 9.722222 suburban 35.0
39 53 9.722222 suburban 35.0
39 54 8.333333 urban 30.0
39 55 8.333333 urban 30.0
39 56 11.111111 arterial 40.0
39 57 9.722222 suburban 35.0
39 58 11.111111 arterial 40.0
39 59 9.722222 suburban 35.0
39 60 9.722222 suburban 35.0
39 61 9.722222 suburban 35.0
39 62 8.333333 urban 30.0
39 63 8.333333 urban 30.0
39 64 8.333333 urban 30.0
39 65 9.722222 suburban 35.0
39 66 9.722222 suburban 35.0
39 67 11.111111 arterial 40.0
39 68 8.333333 urban 30.0
39 69 9.722222 suburban 35.0
39 70 9.722222 suburban 35.0
39 71 9.722222 suburban 35.0
39 72 11.111111 arterial 40.0
39 73 8.333333 urban 30.0
39 74 8.333333 urban 30.0
39 75 9.722222 suburban 35.0
39 76 8.333333 urban 30.0
39 77 8.333333 urban 30.0
39 78 9.722222 suburban 35.0
39 79 9.722222 suburban 35.0
39 80 9.722222 suburban 35.0
39 81 8.333333 urban 30.0
39 82 8.333333 urban 30.0
39 83 9.722222 suburban 35.0
39 84 9.722222 suburban 35.0
39 85 9.722222 suburban 35.0
39 86 9.722222 suburban 35.0
39 87 8.333333 urban 30.0
39 88 9.722222 suburban 35.0
39 89 8.333333 urban 30.0
39 90 8.333333 urban 30.0
39 91 9.722222 suburban 35.0
39 92 8.333333 urban 30.0
39 93 8.333333 urban 30.0
39 94 9.722222 suburban 35.0
39 95 8.333333 urban 30.0
39 96 8.333333 urban 30.0
39 97 8.333333 urban 30.0
39 98 11.111111 arterial 40.0
39 99 9.722222 suburban 35.0
39 100 9.722222 suburban 35.0
40 0 9.722222 suburban 35.0
40 1 11.111111 arterial 40.0
40 2 8.333333 urban 30.0
40 3 9.722222 suburban 35.0
40 4 9.722222 suburban 35.0
40 5 11.111111 arterial 40.0
40 6 8.333333 urban 30.0
40 7 8.333333 urban 30.0
40 8 8.333333 urban 30.0
40 9 9.722222 suburban 35.0
40 10 8.333333 urban 30.0
40 11 9.722222 suburban 35.0
40 12 9.722222 suburban 35.0
40 13 9.722222 suburban 35.0
40 14 9.722222 suburban 35.0
40 15 11.111111 arterial 40.0
40 16 8.333333 urban 30.0
40 17 9.722222 suburban 35.0
40 18 11.111111 arterial 40.0
40 19 11.111111 arterial 40.0
40 20 8.333333 urban 30.0
40 21 11.111111 arterial 40.0
40 22 8.333333 urban 30.0
40 23 11.111111 arterial 40.0
40 24 8.333333 urban 30.0
40 25 8.333333 urban 30.0
40 26 11.111111 arterial 40.0
40 27 9.722222 suburban 35.0
40 28 8.333333 urban 30.0
40 29 9.722222 suburban 35.0
40 30 8.333333 urban 30.0
40 31 8.333333 urban 30.0
40 32 8.333333 urban 30.0
40 33 8.333333 urban 30.0
40 34 9.722222 suburban 35.0
40 35 9.722222 suburban 35.0
40 36 8.333333 urban 30.0
40 37 11.111111 arterial 40.0
40 38 9.722222 suburban 35.0
40 39 9.722222 suburban 35.0
40 41 11.111111 arterial 40.0
40 42 11.111111 arterial 40.0
40 43 8.333333 urban 30.0
40 44 8.333333 urban 30.0
40 45 9.722222 suburban 35.0
40 46 9.722222 suburban 35.0
40 47 11.111111 arterial 40.0
40 48 8.333333 urban 30.0
40 49 9.722222 suburban 35.0
40 50 9.722222 suburban 35.0
40 51 8.333333 urban 30.0
40 52 9.722222 suburban 35.0
40 53 9.722222 suburban 35.0
40 54 8.333333 urban 30.0
40 55 8.333333 urban 30.0
40 56 11.111111 arterial 40.0
40 57 8.333333 urban 30.0
40 58 11.111111 arterial 40.0
40 59 11.111111 arterial 40.0
40 60 11.111111 arterial 40.0
40 61 11.111111 arterial 40.0
40 62 9.722222 suburban 35.0
40 63 9.722222 suburban 35.0
40 64 9.722222 suburban 35.0
40 65 11.111111 arterial 40.0
40 66 11.111111 arterial 40.0
40 67 11.111111 arterial 40.0
40 68 8.333333 urban 30.0
40 69 9.722222 suburban 35.0
40 70 11.111111 arterial 40.0
40 71 11.111111 arterial 40.0
40 72 11.111111 arterial 40.0
40 73 8.333333 urban 30.0
40 74 9.722222 suburban 35.0
40 75 8.333333 urban 30.0
40 76 9.722222 suburban 35.0
40 77 8.333333 urban 30.0
40 78 9.722222 suburban 35.0
40 79 9.722222 suburban 35.0
40 80 11.111111 arterial 40.0
40 81 9.722222 suburban 35.0
40 82 8.333333 urban 30.0
40 83 8.333333 urban 30.0
40 84 9.722222 suburban 35.0
40 85 8.333333 urban 30.0
40 86 11.111111 arterial 40.0
40 87 8.333333 urban 30.0
40 88 9.722222 suburban 35.0
40 89 9.722222 suburban 35.0
40 90 9.722222 suburban 35.0
40 91 11.111111 arterial 40.0
40 92 8.333333 urban 30.0
40 93 8.333333 urban 30.0
40 94 11.111111 arterial 40.0
40 95 9.722222 suburban 35.0
40 96 8.333333 urban 30.0
40 97 8.333333 urban 30.0
40 98 11.111111 arterial 40.0
40 99 11.111111 arterial 40.0
40 100 8.333333 urban 30.0
41 0 9.722222 suburban 35.0
41 1 11.111111 arterial 40.0
41 2 8.333333 urban 30.0
41 3 11.111111 arterial 40.0
41 4 11.111111 arterial 40.0
41 5 11.111111 arterial 40.0
41 6 8.333333 urban 30.0
41 7 9.722222 suburban 35.0
41 8 8.333333 urban 30.0
41 9 9.722222 suburban 35.0
41 10 8.333333 urban 30.0
41 11 11.111111 arterial 40.0
41 12 8.333333 urban 30.0
41 13 9.722222 suburban 35.0
41 14 11.111111 arterial 40.0
41 15 9.722222 suburban 35.0
41 16 8.333333 urban 30.0
41 17 11.111111 arterial 40.0
41 18 11.111111 arterial 40.0
41 19 11.111111 arterial 40.0
41 20 8.333333 urban 30.0
41 21 9.722222 suburban 35.0
41 22 9.722222 suburban 35.0
41 23 9.722222 suburban 35.0
41 24 8.333333 urban 30.0
41 25 8.333333 urban 30.0
41 26 11.111111 arterial 40.0
41 27 9.722222 suburban 35.0
41 28 8.333333 urban 30.0
41 29 9.722222 suburban 35.0
41 30 8.333333 urban 30.0
41 31 8.333333 urban 30.0
41 32 9.722222 suburban 35.0
41 33 8.333333 urban 30.0
41 34 11.111111 arterial 40.0
41 35 8.333333 urban 30.0
41 36 8.333333 urban 30.0
41 37 11.111111 arterial 40.0
41 38 8.333333 urban 30.0
41 39 11.111111 arterial 40.0
41 40 11.111111 arterial 40.0
41 42 11.111111 arterial 40.0
41 43 9.722222 suburban 35.0
41 44 8.333333 urban 30.0
41 45 8.333333 urban 30.0
41 46 11.111111 arterial 40.0
41 47 11.111111 arterial 40.0
41 48 9.722222 suburban 35.0
41 49 11.111111 arterial 40.0
41 50 9.722222 suburban 35.0
41 51 8.333333 urban 30.0
41 52 11.111111 arterial 40.0
41 53 11.111111 arterial 40.0
41 54 9.722222 suburban 35.0
41 55 8.333333 urban 30.0
41 56 11.111111 arterial 40.0
41 57 9.722222 suburban 35.0
41 58 11.111111 arterial 40.0
41 59 9.722222 suburban 35.0
41 60 11.111111 arterial 40.0
41 61 11.111111 arterial 40.0
41 62 9.722222 suburban 35.0
41 63 9.722222 suburban 35.0
41 64 8.333333 urban 30.0
41 65 11.111111 arterial 40.0
41 66 11.111111 arterial 40.0
41 67 11.111111 arterial 40.0
41 68 8.333333 urban 30.0
41 69 11.111111 arterial 40.0
41 70 11.111111 arterial 40.0
41 71 11.111111 arterial 40.0
41 72 11.111111 arterial 40.0
41 73 8.333333 urban 30.0
41 74 9.722222 suburban 35.0
41 75 9.722222 suburban 35.0
41 76 9.722222 suburban 35.0
41 77 8.333333 urban 30.0
41 78 11.111111 arterial 40.0
41 79 11.111111 arterial 40.0
41 80 11.111111 arterial 40.0
41 81 9.722222 suburban 35.0
41 82 8.333333 urban 30.0
41 83 8.333333 urban 30.0
41 84 11.111111 arterial 40.0
41 85 8.333333 urban 30.0
41 86 11.111111 arterial 40.0
41 87 8.333333 urban 30.0
41 88 9.722222 suburban 35.0
41 89 9.722222 suburban 35.0
41 90 8.333333 urban 30.0
41 91 11.111111 arterial 40.0
41 92 8.333333 urban 30.0
41 93 8.333333 urban 30.0
41 94 11.111111 arterial 40.0
41 95 9.722222 suburban 35.0
41 96 9.722222 suburban 35.0
41 97 8.333333 urban 30.0
41 98 11.111111 arterial 40.0
41 99 11.111111 arterial 40.0
41 100 9.722222 suburban 35.0
42 0 9.722222 suburban 35.0
42 1 11.111111 arterial 40.0
42 2 9.722222 suburban 35.0
42 3 8.333333 urban 30.0
42 4 11.111111 arterial 40.0
42 5 11.111111 arterial 40.0
42 6 11.111111 arterial 40.0
42 7 8.333333 urban 30.0
42 8 11.111111 arterial 40.0
42 9 11.111111 arterial 40.0
42 10 9.722222 suburban 35.0
42 11 8.333333 urban 30.0
42 12 11.111111 arterial 40.0
42 13 9.722222 suburban 35.0
42 14 8.333333 urban 30.0
42 15 11.111111 arterial 40.0
42 16 9.722222 suburban 35.0
42 17 8.333333 urban 30.0
42 18 11.111111 arterial 40.0
42 19 9.722222 suburban 35.0
42 20 9.722222 suburban 35.0
42 21 11.111111 arterial 40.0
42 22 8.333333 urban 30.0
42 23 11.111111 arterial 40.0
42 24 11.111111 arterial 40.0
42 25 9.722222 suburban 35.0
42 26 11.111111 arterial 40.0
42 27 9.722222 suburban 35.0
42 28 11.111111 arterial 40.0
42 29 11.111111 arterial 40.0
42 30 11.111111 arterial 40.0
42 31 11.111111 arterial 40.0
42 32 9.722222 suburban 35.0
42 33 11.111111 arterial 40.0
42 34 8.333333 urban 30.0
42 35 11.111111 arterial 40.0
42 36 9.722222 suburban 35.0
42 37 11.111111 arterial 40.0
42 38 11.111111 arterial 40.0
42 39 9.722222 suburban 35.0
42 40 11.111111 arterial 40.0
42 41 11.111111 arterial 40.0
42 43 9.722222 suburban 35.0
42 44 11.111111 arterial 40.0
42 45 11.111111 arterial 40.0
42 46 9.722222 suburban 35.0
42 47 11.111111 arterial 40.0
42 48 9.722222 suburban 35.0
42 49 9.722222 suburban 35.0
42 50 9.722222 suburban 35.0
42 51 11.111111 arterial 40.0
42 52 8.333333 urban 30.0
42 53 8.333333 urban 30.0
42 54 9.722222 suburban 35.0
42 55 11.111111 arterial 40.0
42 56 11.111111 arterial 40.0
42 57 8.333333 urban 30.0
42 58 11.111111 arterial 40.0
42 59 11.111111 arterial 40.0
42 60 9.722222 suburban 35.0
42 61 11.111111 arterial 40.0
42 62 11.111111 arterial 40.0
42 63 11.111111 arterial 40.0
42 64 11.111111 arterial 40.0
42 65 11.111111 arterial 40.0
42 66 11.111111 arterial 40.0
42 67 11.111111 arterial 40.0
42 68 11.111111 arterial 40.0
42 69 9.722222 suburban 35.0
42 70 11.111111 arterial 40.0
42 71 11.111111 arterial 40.0
42 72 11.111111 arterial 40.0
42 73 11.111111 arterial 40.0
42 74 9.722222 suburban 35.0
42 75 8.333333 urban 30.0
42 76 9.722222 suburban 35.0
42 77 11.111111 arterial 40.0
42 78 9.722222 suburban 35.0
42 79 8.333333 urban 30.0
42 80 9.722222 suburban 35.0
42 81 9.722222 suburban 35.0
42 82 9.722222 suburban 35.0
42 83 11.111111 arterial 40.0
42 84 8.333333 urban 30.0
42 85 11.111111 arterial 40.0
42 86 11.111111 arterial 40.0
42 87 9.722222 suburban 35.0
42 88 9.722222 suburban 35.0
42 89 11.111111 arterial 40.0
42 90 11.111111 arterial 40.0
42 91 11.111111 arterial 40.0
42 92 9.722222 suburban 35.0
42 93 11.111111 arterial 40.0
42 94 9.722222 suburban 35.0
42 95 9.722222 suburban 35.0
42 96 9.722222 suburban 35.0
42 97 11.111111 arterial 40.0
42 98 11.111111 arterial 40.0
42 99 11.111111 arterial 40.0
42 100 8.333333 urban 30.0
43 0 8.333333 urban 30.0
43 1 8.333333 urban 30.0
43 2 11.111111 arterial 40.0
43 3 9.722222 suburban 35.0
43 4 8.333333 urban 30.0
43 5 8.333333 urban 30.0
43 6 11.111111 arterial 40.0
43 7 11.111111 arterial 40.0
43 8 9.722222 suburban 35.0
43 9 8.333333 urban 30.0
43 10 11.111111 arterial 40.0
43 11 11.111111 arterial 40.0
43 12 9.722222 suburban 35.0
43 13 8.333333 urban 30.0
43 14 9.722222 suburban 35.0
43 15 9.722222 suburban 35.0
43 16 9.722222 suburban 35.0
43 17 11.111111 arterial 40.0
43 18 8.333333 urban 30.0
43 19 9.722222 suburban 35.0
43 20 11.111111 arterial 40.0
43 21 8.333333 urban 30.0
43 22 9.722222 suburban 35.0
43 23 8.333333 urban 30.0
43 24 9.722222 suburban 35.0
43 25 9.722222 suburban 35.0
43 26 8.333333 urban 30.0
43 27 8.333333 urban 30.0
43 28 11.111111 arterial 40.0
43 29 8.333333 urban 30.0
43 30 9.722222 suburban 35.0
43 31 11.111111 arterial 40.0
43 32 9.722222 suburban 35.0
43 33 11.111111 arterial 40.0
43 34 11.111111 arterial 40.0
43 35 8.333333 urban 30.0
43 36 11.111111 arterial 40.0
43 37 8.333333 urban 30.0
43 38 9.722222 suburban 35.0
43 39 8.333333 urban 30.0
43 40 8.333333 urban 30.0
43 41 9.722222 suburban 35.0
43 42 9.722222 suburban 35.0
43 44 11.111111 arterial 40.0
43 45 9.722222 suburban 35.0
43 46 8.333333 urban 30.0
43 47 9.722222 suburban 35.0
43 48 9.722222 suburban 35.0
43 49 9.722222 suburban 35.0
43 50 9.722222 suburban 35.0
43 51 11.111111 arterial 40.0
43 52 11.111111 arterial 40.0
43 53 11.111111 arterial 40.0
43 54 9.722222 suburban 35.0
43 55 8.333333 urban 30.0
43 56 8.333333 urban 30.0
43 57 11.111111 arterial 40.0
43 58 8.333333 urban 30.0
43 59 9.722222 suburban 35.0
43 60 9.722222 suburban 35.0
43 61 8.333333 urban 30.0
43 62 8.333333 urban 30.0
43 63 8.333333 urban 30.0
43 64 9.722222 suburban 35.0
43 65 8.333333 urban 30.0
43 66 8.333333 urban 30.0
43 67 9.722222 suburban 35.0
43 68 9.722222 suburban 35.0
43 69 9.722222 suburban 35.0
43 70 8.333333 urban 30.0
43 71 8.333333 urban 30.0
43 72 8.333333 urban 30.0
43 73 9.722222 suburban 35.0
43 74 8.333333 urban 30.0
43 75 11.111111 arterial 40.0
43 76 8.333333 urban 30.0
43 77 9.722222 suburban 35.0
43 78 9.722222 suburban 35.0
43 79 9.722222 suburban 35.0
43 80 9.722222 suburban 35.0
43 81 8.333333 urban 30.0
43 82 9.722222 suburban 35.0
43 83 11.111111 arterial 40.0
43 84 9.722222 suburban 35.0
43 85 11.111111 arterial 40.0
43 86 8.333333 urban 30.0
43 87 11.111111 arterial 40.0
43 88 8.333333 urban 30.0
43 89 8.333333 urban 30.0
43 90 9.722222 suburban 35.0
43 91 8.333333 urban 30.0
43 92 9.722222 suburban 35.0
43 93 8.333333 urban 30.0
43 94 9.722222 suburban 35.0
43 95 8.333333 urban 30.0
43 96 8.333333 urban 30.0
43 97 9.722222 suburban 35.0
43 98 8.333333 urban 30.0
43 99 8.333333 urban 30.0
43 100 11.111111 arterial 40.0
44 0 9.722222 suburban 35.0
44 1 8.333333 urban 30.0
44 2 11.111111 arterial 40.0
44 3 9.722222 suburban 35.0
44 4 8.333333 urban 30.0
44 5 8.333333 urban 30.0
44 6 11.111111 arterial 40.0
44 7 11.111111 arterial 40.0
44 8 11.111111 arterial 40.0
44 9 9.722222 suburban 35.0
44 10 11.111111 arterial 40.0
44 11 11.111111 arterial 40.0
44 12 11.111111 arterial 40.0
44 13 9.722222 suburban 35.0
44 14 9.722222 suburban 35.0
44 15 11.111111 arterial 40.0
44 16 11.111111 arterial 40.0
44 17 11.111111 arterial 40.0
44 18 8.333333 urban 30.0
44 19 8.333333 urban 30.0
44 20 11.111111 arterial 40.0
44 21 11.111111 arterial 40.0
44 22 9.722222 suburban 35.0
44 23 9.722222 suburban 35.0
44 24 11.111111 arterial 40.0
44 25 11.111111 arterial 40.0
44 26 8.333333 urban 30.0
44 27 9.722222 suburban 35.0
44 28 11.111111 arterial 40.0
44 29 9.722222 suburban 35.0
44 30 11.111111 arterial 40.0
44 31 11.111111 arterial 40.0
44 32 9.722222 suburban 35.0
44 33 11.111111 arterial 40.0
44 34 11.111111 arterial 40.0
44 35 11.111111 arterial 40.0
44 36 11.111111 arterial 40.0
44 37 9.722222 suburban 35.0
44 38 11.111111 arterial 40.0
44 39 8.333333 urban 30.0
44 40 8.333333 urban 30.0
44 41 8.333333 urban 30.0
44 42 11.111111 arterial 40.0
44 43 11.111111 arterial 40.0
44 45 11.111111 arterial 40.0
44 46 8.333333 urban 30.0
44 47 8.333333 urban 30.0
44 48 11.111111 arterial 40.0
44 49 9.722222 suburban 35.0
44 50 9.722222 suburban 35.0
44 51 11.111111 arterial 40.0
44 52 11.111111 arterial 40.0
44 53 11.111111 arterial 40.0
44 54 9.722222 suburban 35.0
44 55 9.722222 suburban 35.0
44 56 8.333333 urban 30.0
44 57 11.111111 arterial 40.0
44 58 8.333333 urban 30.0
44 59 11.111111 arterial 40.0
44 60 8.333333 urban 30.0
44 61 8.333333 urban 30.0
44 62 9.722222 suburban 35.0
44 63 9.722222 suburban 35.0
44 64 11.111111 arterial 40.0
44 65 9.722222 suburban 35.0
44 66 9.722222 suburban 35.0
44 67 8.333333 urban 30.0
44 68 11.111111 arterial 40.0
44 69 9.722222 suburban 35.0
44 70 9.722222 suburban 35.0
44 71 8.333333 urban 30.0
44 72 8.333333 urban 30.0
44 73 11.111111 arterial 40.0
44 74 9.722222 suburban 35.0
44 75 11.111111 arterial 40.0
44 76 9.722222 suburban 35.0
44 77 11.111111 arterial 40.0
44 78 9.722222 suburban 35.0
44 79 9.722222 suburban 35.0
44 80 9.722222 suburban 35.0
44 81 9.722222 suburban 35.0
44 82 11.111111 arterial 40.0
44 83 11.111111 arterial 40.0
44 84 9.722222 suburban 35.0
44 85 11.111111 arterial 40.0
44 86 8.333333 urban 30.0
44 87 11.111111 arterial 40.0
44 88 9.722222 suburban 35.0
44 89 9.722222 suburban 35.0
44 90 11.111111 arterial 40.0
44 91 8.333333 urban 30.0
44 92 11.111111 arterial 40.0
44 93 9.722222 suburban 35.0
44 94 8.333333 urban 30.0
44 95 9.722222 suburban 35.0
44 96 9.722222 suburban 35.0
44 97 11.111111 arterial 40.0
44 98 8.333333 urban 30.0
44 99 9.722222 suburban 35.0
44 100 11.111111 arterial 40.0
45 0 8.333333 urban 30.0
45 1 9.722222 suburban 35.0
45 2 9.722222 suburban 35.0
45 3 8.333333 urban 30.0
45 4 8.333333 urban 30.0
45 5 8.333333 urban 30.0
45 6 11.111111 arterial 40.0
45 7 9.722222 suburban 35.0
45 8 11.111111 arterial 40.0
45 9 8.333333 urban 30.0
45 10 9.722222 suburban 35.0
45 11 9.722222 suburban 35.0
45 12 9.722222 suburban 35.0
45 13 8.333333 urban 30.0
45 14 8.333333 urban 30.0
45 15 11.111111 arterial 40.0
45 16 9.722222 suburban 35.0
45 17 8.333333 urban 30.0
45 18 8.333333 urban 30.0
45 19 8.333333 urban 30.0
45 20 9.722222 suburban 35.0
45 21 11.111111 arterial 40.0
45 22 8.333333 urban 30.0
45 23 11.111111 arterial 40.0
45 24 11.111111 arterial 40.0
45 25 9.722222 suburban 35.0
45 26 8.333333 urban 30.0
45 27 8.333333 urban 30.0
45 28 11.111111 arterial 40.0
45 29 11.111111 arterial 40.0
45 30 11.111111 arterial 40.0
45 31 11.111111 arterial 40.0
45 32 8.333333 urban 30.0
45 33 11.111111 arterial 40.0
45 34 8.333333 urban 30.0
45 35 9.722222 suburban 35.0
45 36 9.722222 suburban 35.0
45 37 11.111111 arterial 40.0
45 38 11.111111 arterial 40.0
45 39 8.333333 urban 30.0
45 40 9.722222 suburban 35.0
45 41 8.333333 urban 30.0
45 42 11.111111 arterial 40.0
45 43 9.722222 suburban 35.0
45 44 11.111111 arterial 40.0
45 46 8.333333 urban 30.0
45 47 9.722222 suburban 35.0
45 48 8.333333 urban 30.0
45 49 8.333333 urban 30.0
45 50 8.333333 urban 30.0
45 51 11.111111 arterial 40.0
45 52 8.333333 urban 30.0
45 53 9.722222 suburban 35.0
45 54 9.722222 suburban 35.0
45 55 9.722222 suburban 35.0
45 56 9.722222 suburban 35.0
45 57 9.722222 suburban 35.0
45 58 9.722222 suburban 35.0
45 59 11.111111 arterial 40.0
45 60 8.333333 urban 30.0
45 61 9.722222 suburban 35.0
45 62 11.111111 arterial 40.0
45 63 9.722222 suburban 35.0
45 64 11.111111 arterial 40.0
45 65 9.722222 suburban 35.0
45 66 11.111111 arterial 40.0
45 67 9.722222 suburban 35.0
45 68 9.722222 suburban 35.0
45 69 8.333333 urban 30.0
45 70 11.111111 arterial 40.0
45 71 9.722222 suburban 35.0
45 72 8.333333 urban 30.0
45 73 9.722222 suburban 35.0
45 74 8.333333 urban 30.0
45 75 9.722222 suburban 35.0
45 76 8.333333 urban 30.0
45 77 11.111111 arterial 40.0
45 78 8.333333 urban 30.0
45 79 8.333333 urban 30.0
45 80 8.333333 urban 30.0
45 81 8.333333 urban 30.0
45 82 9.722222 suburban 35.0
45 83 11.111111 arterial 40.0
45 84 8.333333 urban 30.0
45 85 11.111111 arterial 40.0
45 86 9.722222 suburban 35.0
45 87 11.111111 arterial 40.0
45 88 8.333333 urban 30.0
45 89 9.722222 suburban 35.0
45 90 9.722222 suburban 35.0
45 91 9.722222 suburban 35.0
45 92 9.722222 suburban 35.0
45 93 9.722222 suburban 35.0
45 94 8.333333 urban 30.0
45 95 8.333333 urban 30.0
45 96 8.333333 urban 30.0
45 97 11.111111 arterial 40.0
45 98 8.333333 urban 30.0
45 99 9.722222 suburban 35.0
45 100 9.722222 suburban 35.0
46 0 8.333333 urban 30.0
46 1 11.111111 arterial 40.0
46 2 8.333333 urban 30.0
46 3 9.722222 suburban 35.0
46 4 9.722222 suburban 35.0
46 5 9.722222 suburban 35.0
46 6 8.333333 urban 30.0
46 7 9.722222 suburban 35.0
46 8 8.333333 urban 30.0
46 9 8.333333 urban 30.0
46 10 8.333333 urban 30.0
46 11 11.111111 arterial 40.0
46 12 8.333333 urban 30.0
46 13 9.722222 suburban 35.0
46 14 9.722222 suburban 35.0
46 15 9.722222 suburban 35.0
46 16 8.333333 urban 30.0
46 17 11.111111 arterial 40.0
46 18 9.722222 suburban 35.0
46 19 11.111111 arterial 40.0
46 20 8.333333 urban 30.0
46 21 9.722222 suburban 35.0
46 22 9.722222 suburban 35.0
46 23 9.722222 suburban 35.0
46 24 8.333333 urban 30.0
46 25 8.333333 urban 30.0
46 26 11.111111 arterial 40.0
46 27 8.333333 urban 30.0
46 28 8.333333 urban 30.0
46 29 9.722222 suburban 35.0
46 30 8.333333 urban 30.0
46 31 8.333333 urban 30.0
46 32 8.333333 urban 30.0
46 33 8.333333 urban 30.0
46 34 11.111111 arterial 40.0
46 35 8.333333 urban 30.0
46 36 8.333333 urban 30.0
46 37 9.722222 suburban 35.0
46 38 8.333333 urban 30.0
46 39 9.722222 suburban 35.0
46 40 9.722222 suburban 35.0
46 41 11.111111 arterial 40.0
46 42 9.722222 suburban 35.0
46 43 8.333333 urban 30.0
46 44 8.333333 urban 30.0
46 45 8.333333 urban 30.0
46 47 11.111111 arterial 40.0
46 48 8.333333 urban 30.0
46 49 9.722222 suburban 35.0
46 50 9.722222 suburban 35.0
46 51 8.333333 urban 30.0
46 52 11.111111 arterial 40.0
46 53 9.722222 suburban 35.0
46 54 8.333333 urban 30.0
46 55 8.333333 urban 30.0
46 56 11.111111 arterial 40.0
46 57 9.722222 suburban 35.0
46 58 11.111111 arterial 40.0
46 59 9.722222 suburban 35.0
46 60 9.722222 suburban 35.0
46 61 9.722222 suburban 35.0
46 62 8.333333 urban 30.0
46 63 9.722222 suburban 35.0
46 64 8.333333 urban 30.0
46 65 9.722222 suburban 35.0
46 66 9.722222 suburban 35.0
46 67 11.111111 arterial 40.0
46 68 8.333333 urban 30.0
46 69 11.111111 arterial 40.0
46 70 9.722222 suburban 35.0
46 71 9.722222 suburban 35.0
46 72 11.111111 arterial 40.0
46 73 8.333333 urban 30.0
46 74 8.333333 urban 30.0
46 75 9.722222 suburban 35.0
46 76 9.722222 suburban 35.0
46 77 8.333333 urban 30.0
46 78 9.722222 suburban 35.0
46 79 9.722222 suburban 35.0
46 80 11.111111 arterial 40.0
46 81 8.333333 urban 30.0
46 82 8.333333 urban 30.0
46 83 8.333333 urban 30.0
46 84 9.722222 suburban 35.0
46 85 8.333333 urban 30.0
46 86 9.722222 suburban 35.0
46 87 8.333333 urban 30.0
46 88 9.722222 suburban 35.0
46 89 8.333333 urban 30.0
46 90 8.333333 urban 30.0
46 91 9.722222 suburban 35.0
46 92 8.333333 urban 30.0
46 93 8.333333 urban 30.0
46 94 11.111111 arterial 40.0
46 95 8.333333 urban 30.0
46 96 8.333333 urban 30.0
46 97 8.333333 urban 30.0
46 98 11.111111 arterial 40.0
46 99 9.722222 suburban 35.0
46 100 9.722222 suburban 35.0
47 0 9.722222 suburban 35.0
47 1 11.111111 arterial 40.0
47 2 8.333333 urban 30.0
47 3 11.111111 arterial 40.0
47 4 11.111111 arterial 40.0
47 5 11.111111 arterial 40.0
47 6 8.333333 urban 30.0
47 7 9.722222 suburban 35.0
47 8 8.333333 urban 30.0
47 9 9.722222 suburban 35.0
47 10 8.333333 urban 30.0
47 11 11.111111 arterial 40.0
47 12 9.722222 suburban 35.0
47 13 11.111111 arterial 40.0
47 14 11.111111 arterial 40.0
47 15 11.111111 arterial 40.0
47 16 9.722222 suburban 35.0
47 17 11.111111 arterial 40.0
47 18 11.111111 arterial 40.0
47 19 11.111111 arterial 40.0
47 20 8.333333 urban 30.0
47 21 11.111111 arterial 40.0
47 22 9.722222 suburban 35.0
47 23 11.111111 arterial 40.0
47 24 8.333333 urban 30.0
47 25 9.722222 suburban 35.0
47 26 11.111111 arterial 40.0
47 27 9.722222 suburban 35.0
47 28 8.333333 urban 30.0
47 29 11.111111 arterial 40.0
47 30 8.333333 urban 30.0
47 31 8.333333 urban 30.0
47 32 9.722222 suburban 35.0
47 33 8.333333 urban 30.0
47 34 11.111111 arterial 40.0
47 35 9.722222 suburban 35.0
47 36 8.333333 urban 30.0
47 37 11.111111 arterial 40.0
47 38 9.722222 suburban 35.0
47 39 11.111111 arterial 40.0
47 40 11.111111 arterial 40.0
47 41 11.111111 arterial 40.0
47 42 11.111111 arterial 40.0
47 43 9.722222 suburban 35.0
47 44 8.333333 urban 30.0
47 45 9.722222 suburban 35.0
47 46 11.111111 arterial 40.0
47 48 9.722222 suburban 35.0
47 49 11.111111 arterial 40.0
47 50 11.111111 arterial 40.0
47 51 8.333333 urban 30.0
47 52 11.111111 arterial 40.0
47 53 11.111111 arterial 40.0
47 54 9.722222 suburban 35.0
47 55 9.722222 suburban 35.0
47 56 11.111111 arterial 40.0
47 57 9.722222 suburban 35.0
47 58 11.111111 arterial 40.0
47 59 11.111111 arterial 40.0
47 60 11.111111 arterial 40.0
47 61 11.111111 arterial 40.0
47 62 9.722222 suburban 35.0
47 63 11.111111 arterial 40.0
47 64 9.722222 suburban 35.0
47 65 11.111111 arterial 40.0
47 66 11.111111 arterial 40.0
47 67 11.111111 arterial 40.0
47 68 9.722222 suburban 35.0
47 69 11.111111 arterial 40.0
47 70 11.111111 arterial 40.0
47 71 11.111111 arterial 40.0
47 72 11.111111 arterial 40.0
47 73 8.333333 urban 30.0
47 74 11.111111 arterial 40.0
47 75 9.722222 suburban 35.0
47 76 11.111111 arterial 40.0
47 77 8.333333 urban 30.0
47 78 11.111111 arterial 40.0
47 79 11.111111 arterial 40.0
47 80 11.111111 arterial 40.0
47 81 11.111111 arterial 40.0
47 82 8.333333 urban 30.0
47 83 8.333333 urban 30.0
47 84 11.111111 arterial 40.0
47 85 8.333333 urban 30.0
47 86 11.111111 arterial 40.0
47 87 8.333333 urban 30.0
47 88 11.111111 arterial 40.0
47 89 11.111111 arterial 40.0
47 90 9.722222 suburban 35.0
47 91 11.111111 arterial 40.0
47 92 8.333333 urban 30.0
47 93 9.722222 suburban 35.0
47 94 11.111111 arterial 40.0
47 95 11.111111 arterial 40.0
47 96 9.722222 suburban 35.0
47 97 8.333333 urban 30.0
47 98 11.111111 arterial 40.0
47 99 11.111111 arterial 40.0
47 100 9.722222 suburban 35.0
48 0 8.333333 urban 30.0
48 1 9.722222 suburban 35.0
48 2 9.722222 suburban 35.0
48 3 9.722222 suburban 35.0
48 4 8.333333 urban 30.0
48 5 8.333333 urban 30.0
48 6 9.722222 suburban 35.0
48 7 9.722222 suburban 35.0
48 8 9.722222 suburban 35.0
48 9 8.333333 urban 30.0
48 10 9.722222 suburban 35.0
48 11 11.111111 arterial 40.0
48 12 8.333333 urban 30.0
48 13 8.333333 urban 30.0
48 14 9.722222 suburban 35.0
48 15 9.722222 suburban 35.0
48 16 9.722222 suburban 35.0
48 17 11.111111 arterial 40.0
48 18 8.333333 urban 30.0
48 19 9.722222 suburban 35.0
48 20 9.722222 suburban 35.0
48 21 8.333333 urban 30.0
48 22 9.722222 suburban 35.0
48 23 8.333333 urban 30.0
48 24 9.722222 suburban 35.0
48 25 9.722222 suburban 35.0
48 26 8.333333 urban 30.0
48 27 8.333333 urban 30.0
48 28 11.111111 arterial 40.0
48 29 8.333333 urban 30.0
48 30 9.722222 suburban 35.0
48 31 9.722222 suburban 35.0
48 32 8.333333 urban 30.0
48 33 11.111111 arterial 40.0
48 34 11.111111 arterial 40.0
48 35 8.333333 urban 30.0
48 36 11.111111 arterial 40.0
48 37 8.333333 urban 30.0
48 38 8.333333 urban 30.0
48 39 8.333333 urban 30.0
48 40 8.333333 urban 30.0
48 41 9.722222 suburban 35.0
48 42 9.722222 suburban 35.0
48 43 9.722222 suburban 35.0
48 44 11.111111 arterial 40.0
48 45 8.333333 urban 30.0
48 46 8.333333 urban 30.0
48 47 9.722222 suburban 35.0
48 49 9.722222 suburban 35.0
48 50 8.333333 urban 30.0
48 51 11.111111 arterial 40.0
48 52 11.111111 arterial 40.0
48 53 11.111111 arterial 40.0
48 54 9.722222 suburban 35.0
48 55 8.333333 urban 30.0
48 56 8.333333 urban 30.0
48 57 9.722222 suburban 35.0
48 58 9.722222 suburban 35.0
48 59 9.722222 suburban 35.0
48 60 9.722222 suburban 35.0
48 61 8.333333 urban 30.0
48 62 8.333333 urban 30.0
48 63 8.333333 urban 30.0
48 64 9.722222 suburban 35.0
48 65 8.333333 urban 30.0
48 66 8.333333 urban 30.0
48 67 9.722222 suburban 35.0
48 68 8.333333 urban 30.0
48 69 9.722222 suburban 35.0
48 70 8.333333 urban 30.0
48 71 8.333333 urban 30.0
48 72 9.722222 suburban 35.0
48 73 9.722222 suburban 35.0
48 74 8.333333 urban 30.0
48 75 9.722222 suburban 35.0
48 76 8.333333 urban 30.0
48 77 9.722222 suburban 35.0
48 78 9.722222 suburban 35.0
48 79 9.722222 suburban 35.0
48 80 9.722222 suburban 35.0
48 81 8.333333 urban 30.0
48 82 9.722222 suburban 35.0
48 83 11.111111 arterial 40.0
48 84 9.722222 suburban 35.0
48 85 11.111111 arterial 40.0
48 86 8.333333 urban 30.0
48 87 11.111111 arterial 40.0
48 88 8.333333 urban 30.0
48 89 8.333333 urban 30.0
48 90 8.333333 urban 30.0
48 91 8.333333 urban 30.0
48 92 9.722222 suburban 35.0
48 93 8.333333 urban 30.0
48 94 9.722222 suburban 35.0
48 95 8.333333 urban 30.0
48 96 8.333333 urban 30.0
48 97 9.722222 suburban 35.0
48 98 9.722222 suburban 35.0
48 99 8.333333 urban 30.0
48 100 11.111111 arterial 40.0
49 0 9.722222 suburban 35.0
49 1 11.111111 arterial 40.0
49 2 9.722222 suburban 35.0
49 3 11.111111 arterial 40.0
49 4 9.722222 suburban 35.0
49 5 11.111111 arterial 40.0
49 6 8.333333 urban 30.0
49 7 9.722222 suburban 35.0
49 8 8.333333 urban 30.0
49 9 8.333333 urban 30.0
49 10 9.722222 suburban 35.0
49 11 11.111111 arterial 40.0
49 12 8.333333 urban 30.0
49 13 9.722222 suburban 35.0
49 14 11.111111 arterial 40.0
49 15 8.333333 urban 30.0
49 16 8.333333 urban 30.0
49 17 11.111111 arterial 40.0
49 18 11.111111 arterial 40.0
49 19 11.111111 arterial 40.0
49 20 9.722222 suburban 35.0
49 21 8.333333 urban 30.0
49 22 9.722222 suburban 35.0
49 23 8.333333 urban 30.0
49 24 8.333333 urban 30.0
49 25 9.722222 suburban 35.0
49 26 11.111111 arterial 40.0
49 27 9.722222 suburban 35.0
49 28 9.722222 suburban 35.0
49 29 8.333333 urban 30.0
49 30 8.333333 urban 30.0
49 31 8.333333 urban 30.0
49 32 9.722222 suburban 35.0
49 33 9.722222 suburban 35.0
49 34 11.111111 arterial 40.0
49 35 8.333333 urban 30.0
49 36 9.722222 suburban 35.0
49 37 9.722222 suburban 35.0
49 38 8.333333 urban 30.0
49 39 9.722222 suburban 35.0
49 40 9.722222 suburban 35.0
49 41 11.111111 arterial 40.0
49 42 9.722222 suburban 35.0
49 43 9.722222 suburban 35.0
49 44 9.722222 suburban 35.0
49 45 8.333333 urban 30.0
49 46 9.722222 suburban 35.0
49 47 11.111111 arterial 40.0
49 48 9.722222 suburban 35.0
49 50 9.722222 suburban 35.0
49 51 8.333333 urban 30.0
49 52 11.111111 arterial 40.0
49 53 11.111111 arterial 40.0
49 54 9.722222 suburban 35.0
49 55 8.333333 urban 30.0
49 56 11.111111 arterial 40.0
49 57 11.111111 arterial 40.0
49 58 11.111111 arterial 40.0
49 59 9.722222 suburban 35.0
49 60 11.111111 arterial 40.0
49 61 9.722222 suburban 35.0
49 62 8.333333 urban 30.0
49 63 8.333333 urban 30.0
49 64 8.333333 urban 30.0
49 65 9.722222 suburban 35.0
49 66 9.722222 suburban 35.0
49 67 11.111111 arterial 40.0
49 68 8.333333 urban 30.0
49 69 11.111111 arterial 40.0
49 70 9.722222 suburban 35.0
49 71 9.722222 suburban 35.0
49 72 11.111111 arterial 40.0
49 73 8.333333 urban 30.0
49 74 9.722222 suburban 35.0
49 75 11.111111 arterial 40.0
49 76 9.722222 suburban 35.0
49 77 8.333333 urban 30.0
49 78 9.722222 suburban 35.0
49 79 11.111111 arterial 40.0
49 80 11.111111 arterial 40.0
49 81 9.722222 suburban 35.0
49 82 8.333333 urban 30.0
49 83 9.722222 suburban 35.0
49 84 11.111111 arterial 40.0
49 85 9.722222 suburban 35.0
49 86 11.111111 arterial 40.0
49 87 9.722222 suburban 35.0
49 88 9.722222 suburban 35.0
49 89 8.333333 urban 30.0
49 90 8.333333 urban 30.0
49 91 9.722222 suburban 35.0
49 92 9.722222 suburban 35.0
49 93 8.333333 urban 30.0
49 94 11.111111 arterial 40.0
49 95 9.722222 suburban 35.0
49 96 8.333333 urban 30.0
49 97 8.333333 urban 30.0
49 98 11.111111 arterial 40.0
49 99 9.722222 suburban 35.0
49 100 11.111111 arterial 40.0
50 0 8.333333 urban 30.0
50 1 9.722222 suburban 35.0
50 2 9.722222 suburban 35.0
50 3 9.722222 suburban 35.0
50 4 8.333333 urban 30.0
50 5 9.722222 suburban 35.0
50 6 9.722222 suburban 35.0
50 7 9.722222 suburban 35.0
50 8 8.333333 urban 30.0
50 9 8.333333 urban 30.0
50 10 9.722222 suburban 35.0
50 11 11.111111 arterial 40.0
50 12 8.333333 urban 30.0
50 13 8.333333 urban 30.0
50 14 9.722222 suburban 35.0
50 15 8.333333 urban 30.0
50 16 8.333333 urban 30.0
50 17 11.111111 arterial 40.0
50 18 9.722222 suburban 35.0
50 19 9.722222 suburban 35.0
50 20 9.722222 suburban 35.0
50 21 8.333333 urban 30.0
50 22 9.722222 suburban 35.0
50 23 8.333333 urban 30.0
50 24 8.333333 urban 30.0
50 25 8.333333 urban 30.0
50 26 9.722222 suburban 35.0
50 27 8.333333 urban 30.0
50 28 9.722222 suburban 35.0
50 29 8.333333 urban 30.0
50 30 8.333333 urban 30.0
50 31 8.333333 urban 30.0
50 32 8.333333 urban 30.0
50 33 9.722222 suburban 35.0
50 34 11.111111 arterial 40.0
50 35 8.333333 urban 30.0
50 36 9.722222 suburban 35.0
50 37 8.333333 urban 30.0
50 38 8.333333 urban 30.0
50 39 8.333333 urban 30.0
50 40 9.722222 suburban 35.0
50 41 9.722222 suburban 35.0
50 42 9.722222 suburban 35.0
50 43 9.722222 suburban 35.0
50 44 9.722222 suburban 35.0
50 45 8.333333 urban 30.0
50 46 9.722222 suburban 35.0
50 47 11.111111 arterial 40.0
50 48 8.333333 urban 30.0
50 49 9.722222 suburban 35.0
50 51 9.722222 suburban 35.0
50 52 11.111111 arterial 40.0
50 53 11.111111 arterial 40.0
50 54 8.333333 urban 30.0
50 55 8.333333 urban 30.0
50 56 9.722222 suburban 35.0
50 57 9.722222 suburban 35.0
50 58 9.722222 suburban 35.0
50 59 9.722222 suburban 35.0
50 60 9.722222 suburban 35.0
50 61 9.722222 suburban 35.0
50 62 8.333333 urban 30.0
50 63 8.333333 urban 30.0
50 64 8.333333 urban 30.0
50 65 8.333333 urban 30.0
50 66 9.722222 suburban 35.0
50 67 11.111111 arterial 40.0
50 68 8.333333 urban 30.0
50 69 9.722222 suburban 35.0
50 70 9.722222 suburban 35.0
50 71 8.333333 urban 30.0
50 72 9.722222 suburban 35.0
50 73 8.333333 urban 30.0
50 74 8.333333 urban 30.0
50 75 9.722222 suburban 35.0
50 76 8.333333 urban 30.0
50 77 8.333333 urban 30.0
50 78 9.722222 suburban 35.0
50 79 9.722222 suburban 35.0
50 80 9.722222 suburban 35.0
50 81 8.333333 urban 30.0
50 82 8.333333 urban 30.0
50 83 9.722222 suburban 35.0
50 84 9.722222 suburban 35.0
50 85 9.722222 suburban 35.0
50 86 9.722222 suburban 35.0
50 87 9.722222 suburban 35.0
50 88 8.333333 urban 30.0
50 89 8.333333 urban 30.0
50 90 8.333333 urban 30.0
50 91 9.722222 suburban 35.0
50 92 8.333333 urban 30.0
50 93 8.333333 urban 30.0
50 94 9.722222 suburban 35.0
50 95 8.333333 urban 30.0
50 96 8.333333 urban 30.0
50 97 8.333333 urban 30.0
50 98 9.722222 suburban 35.0
50 99 8.333333 urban 30.0
50 100 9.722222 suburban 35.0
51 0 9.722222 suburban 35.0
51 1 8.333333 urban 30.0
51 2 11.111111 arterial 40.0
51 3 9.722222 suburban 35.0
51 4 8.333333 urban 30.0
51 5 8.333333 urban 30.0
51 6 11.111111 arterial 40.0
51 7 11.111111 arterial 40.0
51 8 11.111111 arterial 40.0
51 9 9.722222 suburban 35.0
51 10 11.111111 arterial 40.0
51 11 11.111111 arterial 40.0
51 12 11.111111 arterial 40.0
51 13 9.722222 suburban 35.0
51 14 9.722222 suburban 35.0
51 15 11.111111 arterial 40.0
51 16 11.111111 arterial 40.0
51 17 9.722222 suburban 35.0
51 18 8.333333 urban 30.0
51 19 8.333333 urban 30.0
51 20 11.111111 arterial 40.0
51 21 11.111111 arterial 40.0
51 22 9.722222 suburban 35.0
51 23 11.111111 arterial 40.0
51 24 11.111111 arterial 40.0
51 25 11.111111 arterial 40.0
51 26 8.333333 urban 30.0
51 27 9.722222 suburban 35.0
51 28 11.111111 arterial 40.0
51 29 11.111111 arterial 40.0
51 30 11.111111 arterial 40.0
51 31 11.111111 arterial 40.0
51 32 9.722222 suburban 35.0
51 33 11.111111 arterial 40.0
51 34 9.722222 suburban 35.0
51 35 11.111111 arterial 40.0
51 36 11.111111 arterial 40.0
51 37 11.111111 arterial 40.0
51 38 11.111111 arterial 40.0
51 39 8.333333 urban 30.0
51 40 8.333333 urban 30.0
51 41 8.333333 urban 30.0
51 42 11.111111 arterial 40.0
51 43 11.111111 arterial 40.0
51 44 11.111111 arterial 40.0
51 45 11.111111 arterial 40.0
51 46 8.333333 urban 30.0
51 47 8.333333 urban 30.0
51 48 11.111111 arterial 40.0
51 49 8.333333 urban 30.0
51 50 9.722222 suburban 35.0
51 52 9.722222 suburban 35.0
51 53 11.111111 arterial 40.0
51 54 11.111111 arterial 40.0
51 55 9.722222 suburban 35.0
51 56 8.333333 urban 30.0
51 57 11.111111 arterial 40.0
51 58 8.333333 urban 30.0
51 59 11.111111 arterial 40.0
51 60 8.333333 urban 30.0
51 61 8.333333 urban 30.0
51 62 11.111111 arterial 40.0
51 63 9.722222 suburban 35.0
51 64 11.111111 arterial 40.0
51 65 9.722222 suburban 35.0
51 66 11.111111 arterial 40.0
51 67 8.333333 urban 30.0
51 68 11.111111 arterial 40.0
51 69 8.333333 urban 30.0
51 70 11.111111 arterial 40.0
51 71 9.722222 suburban 35.0
51 72 8.333333 urban 30.0
51 73 11.111111 arterial 40.0
51 74 9.722222 suburban 35.0
51 75 11.111111 arterial 40.0
51 76 9.722222 suburban 35.0
51 77 11.111111 arterial 40.0
51 78 9.722222 suburban 35.0
51 79 9.722222 suburban 35.0
51 80 8.333333 urban 30.0
51 81 9.722222 suburban 35.0
51 82 11.111111 arterial 40.0
51 83 11.111111 arterial 40.0
51 84 9.722222 suburban 35.0
51 85 11.111111 arterial 40.0
51 86 8.333333 urban 30.0
51 87 11.111111 arterial 40.0
51 88 9.722222 suburban 35.0
51 89 9.722222 suburban 35.0
51 90 11.111111 arterial 40.0
51 91 8.333333 urban 30.0
51 92 11.111111 arterial 40.0
51 93 9.722222 suburban 35.0
51 94 8.333333 urban 30.0
51 95 9.722222 suburban 35.0
51 96 9.722222 suburban 35.0
51 97 11.111111 arterial 40.0
51 98 8.333333 urban 30.0
51 99 9.722222 suburban 35.0
51 100 11.111111 arterial 40.0
52 0 9.722222 suburban 35.0
52 1 11.111111 arterial 40.0
52 2 11.111111 arterial 40.0
52 3 11.111111 arterial 40.0
52 4 9.722222 suburban 35.0
52 5 11.111111 arterial 40.0
52 6 9.722222 suburban 35.0
52 7 11.111111 arterial 40.0
52 8 9.722222 suburban 35.0
52 9 9.722222 suburban 35.0
52 10 11.111111 arterial 40.0
52 11 11.111111 arterial 40.0
52 12 8.333333 urban 30.0
52 13 9.722222 suburban 35.0
52 14 11.111111 arterial 40.0
52 15 8.333333 urban 30.0
52 16 9.722222 suburban 35.0
52 17 11.111111 arterial 40.0
52 18 9.722222 suburban 35.0
52 19 11.111111 arterial 40.0
52 20 11.111111 arterial 40.0
52 21 8.333333 urban 30.0
52 22 11.111111 arterial 40.0
52 23 8.333333 urban 30.0
52 24 9.722222 suburban 35.0
52 25 11.111111 arterial 40.0
52 26 11.111111 arterial 40.0
52 27 9.722222 suburban 35.0
52 28 11.111111 arterial 40.0
52 29 8.333333 urban 30.0
52 30 9.722222 suburban 35.0
52 31 9.722222 suburban 35.0
52 32 11.111111 arterial 40.0
52 33 11.111111 arterial 40.0
52 34 11.111111 arterial 40.0
52 35 8.333333 urban 30.0
52 36 11.111111 arterial 40.0
52 37 8.333333 urban 30.0
52 38 8.333333 urban 30.0
52 39 9.722222 suburban 35.0
52 40 9.722222 suburban 35.0
52 41 11.111111 arterial 40.0
52 42 8.333333 urban 30.0
52 43 11.111111 arterial 40.0
52 44 11.111111 arterial 40.0
52 45 8.333333 urban 30.0
52 46 11.111111 arterial 40.0
52 47 11.111111 arterial 40.0
52 48 11.111111 arterial 40.0
52 49 11.111111 arterial 40.0
52 50 11.111111 arterial 40.0
52 51 9.722222 suburban 35.0
52 53 11.111111 arterial 40.0
52 54 9.722222 suburban 35.0
52 55 9.722222 suburban 35.0
52 56 11.111111 arterial 40.0
52 57 11.111111 arterial 40.0
52 58 11.111111 arterial 40.0
52 59 8.333333 urban 30.0
52 60 11.111111 arterial 40.0
52 61 9.722222 suburban 35.0
52 62 8.333333 urban 30.0
52 63 8.333333 urban 30.0
52 64 8.333333 urban 30.0
52 65 8.333333 urban 30.0
52 66 8.333333 urban 30.0
52 67 11.111111 arterial 40.0
52 68 9.722222 suburban 35.0
52 69 11.111111 arterial 40.0
52 70 8.333333 urban 30.0
52 71 9.722222 suburban 35.0
52 72 11.111111 arterial 40.0
52 73 9.722222 suburban 35.0
52 74 9.722222 suburban 35.0
52 75 11.111111 arterial 40.0
52 76 9.722222 suburban 35.0
52 77 9.722222 suburban 35.0
52 78 11.111111 arterial 40.0
52 79 11.111111 arterial 40.0
52 80 11.111111 arterial 40.0
52 81 9.722222 suburban 35.0
52 82 9.722222 suburban 35.0
52 83 11.111111 arterial 40.0
52 84 11.111111 arterial 40.0
52 85 11.111111 arterial 40.0
52 86 9.722222 suburban 35.0
52 87 11.111111 arterial 40.0
52 88 9.722222 suburban 35.0
52 89 8.333333 urban 30.0
52 90 8.333333 urban 30.0
52 91 9.722222 suburban 35.0
52 92 9.722222 suburban 35.0
52 93 9.722222 suburban 35.0
52 94 11.111111 arterial 40.0
52 95 9.722222 suburban 35.0
52 96 9.722222 suburban 35.0
52 97 9.722222 suburban 35.0
52 98 11.111111 arterial 40.0
52 99 8.333333 urban 30.0
52 100 11.111111 arterial 40.0
53 0 9.722222 suburban 35.0
53 1 11.111111 arterial 40.0
53 2 11.111111 arterial 40.0
53 3 11.111111 arterial 40.0
53 4 9.722222 suburban 35.0
53 5 9.722222 suburban 35.0
53 6 11.111111 arterial 40.0
53 7 11.111111 arterial 40.0
53 8 9.722222 suburban 35.0
53 9 9.722222 suburban 35.0
53 10 11.111111 arterial 40.0
53 11 11.111111 arterial 40.0
53 12 8.333333 urban 30.0
53 13 9.722222 suburban 35.0
53 14 11.111111 arterial 40.0
53 15 8.333333 urban 30.0
53 16 11.111111 arterial 40.0
53 17 11.111111 arterial 40.0
53 18 9.722222 suburban 35.0
53 19 11.111111 arterial 40.0
53 20 11.111111 arterial 40.0
53 21 8.333333 urban 30.0
53 22 11.111111 arterial 40.0
53 23 8.333333 urban 30.0
53 24 9.722222 suburban 35.0
53 25 11.111111 arterial 40.0
53 26 9.722222 suburban 35.0
53 27 9.722222 suburban 35.0
53 28 11.111111 arterial 40.0
53 29 8.333333 urban 30.0
53 30 9.722222 suburban 35.0
53 31 9.722222 suburban 35.0
53 32 11.111111 arterial 40.0
53 33 11.111111 arterial 40.0
53 34 11.111111 arterial 40.0
53 35 8.333333 urban 30.0
53 36 11.111111 arterial 40.0
53 37 8.333333 urban 30.0
53 38 8.333333 urban 30.0
53 39 9.722222 suburban 35.0
53 40 9.722222 suburban 35.0
53 41 11.111111 arterial 40.0
53 42 8.333333 urban 30.0
53 43 11.111111 arterial 40.0
53 44 11.111111 arterial 40.0
53 45 9.722222 suburban 35.0
53 46 9.722222 suburban 35.0
53 47 11.111111 arterial 40.0
53 48 11.111111 arterial 40.0
53 49 11.111111 arterial 40.0
53 50 11.111111 arterial 40.0
53 51 11.111111 arterial 40.0
53 52 11.111111 arterial 40.0
53 54 11.111111 arterial 40.0
53 55 9.722222 suburban 35.0
53 56 9.722222 suburban 35.0
53 57 11.111111 arterial 40.0
53 58 11.111111 arterial 40.0
53 59 8.333333 urban 30.0
53 60 11.111111 arterial 40.0
53 61 9.722222 suburban 35.0
53 62 8.333333 urban 30.0
53 63 8.333333 urban 30.0
53 64 9.722222 suburban 35.0
53 65 8.333333 urban 30.0
53 66 8.333333 urban 30.0
53 67 11.111111 arterial 40.0
53 68 9.722222 suburban 35.0
53 69 11.111111 arterial 40.0
53 70 8.333333 urban 30.0
53 71 9.722222 suburban 35.0
53 72 9.722222 suburban 35.0
53 73 9.722222 suburban 35.0
53 74 9.722222 suburban 35.0
53 75 11.111111 arterial 40.0
53 76 9.722222 suburban 35.0
53 77 9.722222 suburban 35.0
53 78 11.111111 arterial 40.0
53 79 11.111111 arterial 40.0
53 80 11.111111 arterial 40.0
53 81 9.722222 suburban 35.0
53 82 11.111111 arterial 40.0
53 83 11.111111 arterial 40.0
53 84 11.111111 arterial 40.0
53 85 11.111111 arterial 40.0
53 86 9.722222 suburban 35.0
53 87 11.111111 arterial 40.0
53 88 9.722222 suburban 35.0
53 89 8.333333 urban 30.0
53 90 9.722222 suburban 35.0
53 91 9.722222 suburban 35.0
53 92 11.111111 arterial 40.0
53 93 9.722222 suburban 35.0
53 94 11.111111 arterial 40.0
53 95 9.722222 suburban 35.0
53 96 9.722222 suburban 35.0
53 97 9.722222 suburban 35.0
53 98 9.722222 suburban 35.0
53 99 8.333333 urban 30.0
53 100 11.111111 arterial 40.0
54 0 8.333333 urban 30.0
54 1 9.722222 suburban 35.0
54 2 9.722222 suburban 35.0
54 3 9.722222 suburban 35.0
54 4 8.333333 urban 30.0
54 5 8.333333 urban 30.0
54 6 9.722222 suburban 35.0
54 7 9.722222 suburban 35.0
54 8 9.722222 suburban 35.0
54 9 8.333333 urban 30.0
54 10 9.722222 suburban 35.0
54 11 11.111111 arterial 40.0
54 12 8.333333 urban 30.0
54 13 8.333333 urban 30.0
54 14 9.722222 suburban 35.0
54 15 9.722222 suburban 35.0
54 16 9.722222 suburban 35.0
54 17 11.111111 arterial 40.0
54 18 8.333333 urban 30.0
54 19 9.722222 suburban 35.0
54 20 9.722222 suburban 35.0
54 21 8.333333 urban 30.0
54 22 9.722222 suburban 35.0
54 23 8.333333 urban 30.0
54 24 9.722222 suburban 35.0
54 25 9.722222 suburban 35.0
54 26 8.333333 urban 30.0
54 27 8.333333 urban 30.0
54 28 11.111111 arterial 40.0
54 29 8.333333 urban 30.0
54 30 9.722222 suburban 35.0
54 31 9.722222 suburban 35.0
54 32 8.333333 urban 30.0
54 33 9.722222 suburban 35.0
54 34 9.722222 suburban 35.0
54 35 8.333333 urban 30.0
54 36 9.722222 suburban 35.0
54 37 8.333333 urban 30.0
54 38 8.333333 urban 30.0
54 39 8.333333 urban 30.0
54 40 8.333333 urban 30.0
54 41 9.722222 suburban 35.0
54 42 9.722222 suburban 35.0
54 43 9.722222 suburban 35.0
54 44 9.722222 suburban 35.0
54 45 9.722222 suburban 35.0
54 46 8.333333 urban 30.0
54 47 9.722222 suburban 35.0
54 48 9.722222 suburban 35.0
54 49 9.722222 suburban 35.0
54 50 8.333333 urban 30.0
54 51 11.111111 arterial 40.0
54 52 9.722222 suburban 35.0
54 53 11.111111 arterial 40.0
54 55 8.333333 urban 30.0
54 56 8.333333 urban 30.0
54 57 9.722222 suburban 35.0
54 58 9.722222 suburban 35.0
54 59 9.722222 suburban 35.0
54 60 8.333333 urban 30.0
54 61 8.333333 urban 30.0
54 62 8.333333 urban 30.0
54 63 8.333333 urban 30.0
54 64 9.722222 suburban 35.0
54 65 8.333333 urban 30.0
54 66 9.722222 suburban 35.0
54 67 9.722222 suburban 35.0
54 68 8.333333 urban 30.0
54 69 9.722222 suburban 35.0
54 70 8.333333 urban 30.0
54 71 8.333333 urban 30.0
54 72 8.333333 urban 30.0
54 73 9.722222 suburban 35.0
54 74 8.333333 urban 30.0
54 75 9.722222 suburban 35.0
54 76 8.333333 urban 30.0
54 77 9.722222 suburban 35.0
54 78 8.333333 urban 30.0
54 79 9.722222 suburban 35.0
54 80 9.722222 suburban 35.0
54 81 8.333333 urban 30.0
54 82 9.722222 suburban 35.0
54 83 11.111111 arterial 40.0
54 84 9.722222 suburban 35.0
54 85 11.111111 arterial 40.0
54 86 8.333333 urban 30.0
54 87 11.111111 arterial 40.0
54 88 8.333333 urban 30.0
54 89 8.333333 urban 30.0
54 90 8.333333 urban 30.0
54 91 8.333333 urban 30.0
54 92 9.722222 suburban 35.0
54 93 8.333333 urban 30.0
54 94 9.722222 suburban 35.0
54 95 8.333333 urban 30.0
54 96 8.333333 urban 30.0
54 97 9.722222 suburban 35.0
54 98 8.333333 urban 30.0
54 99 8.333333 urban 30.0
54 100 9.722222 suburban 35.0
55 0 8.333333 urban 30.0
55 1 9.722222 suburban 35.0
55 2 9.722222 suburban 35.0
55 3 8.333333 urban 30.0
55 4 8.333333 urban 30.0
55 5 8.333333 urban 30.0
55 6 9.722222 suburban 35.0
55 7 9.722222 suburban 35.0
55 8 9.722222 suburban 35.0
55 9 8.333333 urban 30.0
55 10 9.722222 suburban 35.0
55 11 9.722222 suburban 35.0
55 12 9.722222 suburban 35.0
55 13 8.333333 urban 30.0
55 14 8.333333 urban 30.0
55 15 9.722222 suburban 35.0
55 16 8.333333 urban 30.0
55 17 9.722222 suburban 35.0
55 18 8.333333 urban 30.0
55 19 8.333333 urban 30.0
55 20 9.722222 suburban 35.0
55 21 9.722222 suburban 35.0
55 22 8.333333 urban 30.0
55 23 9.722222 suburban 35.0
55 24 9.722222 suburban 35.0
55 25 8.333333 urban 30.0
55 26 8.333333 urban 30.0
55 27 8.333333 urban 30.0
55 28 9.722222 suburban 35.0
55 29 9.722222 suburban 35.0
55 30 9.722222 suburban 35.0
55 31 9.722222 suburban 35.0
55 32 8.333333 urban 30.0
55 33 9.722222 suburban 35.0
55 34 9.722222 suburban 35.0
55 35 8.333333 urban 30.0
55 36 9.722222 suburban 35.0
55 37 9.722222 suburban 35.0
55 38 9.722222 suburban 35.0
55 39 8.333333 urban 30.0
55 40 8.333333 urban 30.0
55 41 8.333333 urban 30.0
55 42 11.111111 arterial 40.0
55 43 8.333333 urban 30.0
55 44 9.722222 suburban 35.0
55 45 9.722222 suburban 35.0
55 46 8.333333 urban 30.0
55 47 9.722222 suburban 35.0
55 48 8.333333 urban 30.0
55 49 8.333333 urban 30.0
55 50 8.333333 urban 30.0
55 51 9.722222 suburban 35.0
55 52 9.722222 suburban 35.0
55 53 9.722222 suburban 35.0
55 54 8.333333 urban 30.0
55 56 9.722222 suburban 35.0
55 57 9.722222 suburban 35.0
55 58 9.722222 suburban 35.0
55 59 9.722222 suburban 35.0
55 60 8.333333 urban 30.0
55 61 8.333333 urban 30.0
55 62 9.722222 suburban 35.0
55 63 8.333333 urban 30.0
55 64 9.722222 suburban 35.0
55 65 9.722222 suburban 35.0
55 66 9.722222 suburban 35.0
55 67 9.722222 suburban 35.0
55 68 8.333333 urban 30.0
55 69 8.333333 urban 30.0
55 70 9.722222 suburban 35.0
55 71 8.333333 urban 30.0
55 72 8.333333 urban 30.0
55 73 9.722222 suburban 35.0
55 74 8.333333 urban 30.0
55 75 9.722222 suburban 35.0
55 76 8.333333 urban 30.0
55 77 9.722222 suburban 35.0
55 78 8.333333 urban 30.0
55 79 8.333333 urban 30.0
55 80 8.333333 urban 30.0
55 81 8.333333 urban 30.0
55 82 9.722222 suburban 35.0
55 83 11.111111 arterial 40.0
55 84 9.722222 suburban 35.0
55 85 11.111111 arterial 40.0
55 86 8.333333 urban 30.0
55 87 9.722222 suburban 35.0
55 88 8.333333 urban 30.0
55 89 8.333333 urban 30.0
55 90 9.722222 suburban 35.0
55 91 8.333333 urban 30.0
55 92 9.722222 suburban 35.0
55 93 8.333333 urban 30.0
55 94 8.333333 urban 30.0
55 95 8.333333 urban 30.0
55 96 8.333333 urban 30.0
55 97 9.722222 suburban 35.0
55 98 9.722222 suburban 35.0
55 99 9.722222 suburban 35.0
55 100 9.722222 suburban 35.0
56 0 9.722222 suburban 35.0
56 1 11.111111 arterial 40.0
56 2 8.333333 urban 30.0
56 3 9.722222 suburban 35.0
56 4 11.111111 arterial 40.0
56 5 11.111111 arterial 40.0
56 6 8.333333 urban 30.0
56 7 8.333333 urban 30.0
56 8 8.333333 urban 30.0
56 9 9.722222 suburban 35.0
56 10 8.333333 urban 30.0
56 11 9.722222 suburban 35.0
56 12 9.722222 suburban 35.0
56 13 9.722222 suburban 35.0
56 14 11.111111 arterial 40.0
56 15 11.111111 arterial 40.0
56 16 8.333333 urban 30.0
56 17 11.111111 arterial 40.0
56 18 11.111111 arterial 40.0
56 19 11.111111 arterial 40.0
56 20 8.333333 urban 30.0
56 21 11.111111 arterial 40.0
56 22 9.722222 suburban 35.0
56 23 11.111111 arterial 40.0
56 24 8.333333 urban 30.0
56 25 8.333333 urban 30.0
56 26 11.111111 arterial 40.0
56 27 9.722222 suburban 35.0
56 28 8.333333 urban 30.0
56 29 11.111111 arterial 40.0
56 30 8.333333 urban 30.0
56 31 8.333333 urban 30.0
56 32 9.722222 suburban 35.0
56 33 8.333333 urban 30.0
56 34 9.722222 suburban 35.0
56 35 9.722222 suburban 35.0
56 36 8.333333 urban 30.0
56 37 11.111111 arterial 40.0
56 38 9.722222 suburban 35.0
56 39 11.111111 arterial 40.0
56 40 11.111111 arterial 40.0
56 41 11.111111 arterial 40.0
56 42 11.111111 arterial 40.0
56 43 8.333333 urban 30.0
56 44 8.333333 urban 30.0
56 45 9.722222 suburban 35.0
56 46 11.111111 arterial 40.0
56 47 11.111111 arterial 40.0
56 48 8.333333 urban 30.0
56 49 11.111111 arterial 40.0
56 50 9.722222 suburban 35.0
56 51 8.333333 urban 30.0
56 52 11.111111 arterial 40.0
56 53 9.722222 suburban 35.0
56 54 8.333333 urban 30.0
56 55 9.722222 suburban 35.0
56 57 9.722222 suburban 35.0
56 58 11.111111 arterial 40.0
56 59 11.111111 arterial 40.0
56 60 11.111111 arterial 40.0
56 61 11.111111 arterial 40.0
56 62 11.111111 arterial 40.0
56 63 11.111111 arterial 40.0
56 64 9.722222 suburban 35.0
56 65 11.111111 arterial 40.0
56 66 11.111111 arterial 40.0
56 67 11.111111 arterial 40.0
56 68 9.722222 suburban 35.0
56 69 11.111111 arterial 40.0
56 70 11.111111 arterial 40.0
56 71 11.111111 arterial 40.0
56 72 11.111111 arterial 40.0
56 73 8.333333 urban 30.0
56 74 9.722222 suburban 35.0
56 75 9.722222 suburban 35.0
56 76 9.722222 suburban 35.0
56 77 8.333333 urban 30.0
56 78 9.722222 suburban 35.0
56 79 9.722222 suburban 35.0
56 80 11.111111 arterial 40.0
56 81 9.722222 suburban 35.0
56 82 8.333333 urban 30.0
56 83 8.333333 urban 30.0
56 84 9.722222 suburban 35.0
56 85 8.333333 urban 30.0
56 86 11.111111 arterial 40.0
56 87 8.333333 urban 30.0
56 88 9.722222 suburban 35.0
56 89 11.111111 arterial 40.0
56 90 9.722222 suburban 35.0
56 91 11.111111 arterial 40.0
56 92 8.333333 urban 30.0
56 93 9.722222 suburban 35.0
56 94 11.111111 arterial 40.0
56 95 9.722222 suburban 35.0
56 96 9.722222 suburban 35.0
56 97 9.722222 suburban 35.0
56 98 11.111111 arterial 40.0
56 99 11.111111 arterial 40.0
56 100 9.722222 suburban 35.0
57 0 9.722222 suburban 35.0
57 1 9.722222 suburban 35.0
57 2 11.111111 arterial 40.0
57 3 11.111111 arterial 40.0
57 4 9.722222 suburban 35.0
57 5 9.722222 suburban 35.0
57 6 11.111111 arterial 40.0
57 7 11.111111 arterial 40.0
57 8 9.722222 suburban 35.0
57 9 8.333333 urban 30.0
57 10 11.111111 arterial 40.0
57 11 11.111111 arterial 40.0
57 12 8.333333 urban 30.0
57 13 9.722222 suburban 35.0
57 14 11.111111 arterial 40.0
57 15 8.333333 urban 30.0
57 16 9.722222 suburban 35.0
57 17 11.111111 arterial 40.0
57 18 9.722222 suburban 35.0
57 19 9.722222 suburban 35.0
57 20 11.111111 arterial 40.0
57 21 8.333333 urban 30.0
57 22 11.111111 arterial 40.0
57 23 8.333333 urban 30.0
57 24 9.722222 suburban 35.0
57 25 9.722222 suburban 35.0
57 26 9.722222 suburban 35.0
57 27 9.722222 suburban 35.0
57 28 11.111111 arterial 40.0
57 29 8.333333 urban 30.0
57 30 9.722222 suburban 35.0
57 31 9.722222 suburban 35.0
57 32 9.722222 suburban 35.0
57 33 11.111111 arterial 40.0
57 34 11.111111 arterial 40.0
57 35 8.333333 urban 30.0
57 36 11.111111 arterial 40.0
57 37 8.333333 urban 30.0
57 38 8.333333 urban 30.0
57 39 9.722222 suburban 35.0
57 40 8.333333 urban 30.0
57 41 9.722222 suburban 35.0
57 42 8.333333 urban 30.0
57 43 11.111111 arterial 40.0
57 44 11.111111 arterial 40.0
57 45 9.722222 suburban 35.0
57 46 9.722222 suburban 35.0
57 47 9.722222 suburban 35.0
57 48 9.722222 suburban 35.0
57 49 11.111111 arterial 40.0
57 50 9.722222 suburban 35.0
57 51 11.111111 arterial 40.0
57 52 11.111111 arterial 40.0
57 53 11.111111 arterial 40.0
57 54 9.722222 suburban 35.0
57 55 9.722222 suburban 35.0
57 56 9.722222 suburban 35.0
57 58 9.722222 suburban 35.0
57 59 8.333333 urban 30.0
57 60 9.722222 suburban 35.0
57 61 8.333333 urban 30.0
57 62 8.333333 urban 30.0
57 63 8.333333 urban 30.0
57 64 9.722222 suburban 35.0
57 65 8.333333 urban 30.0
57 66 8.333333 urban 30.0
57 67 9.722222 suburban 35.0
57 68 9.722222 suburban 35.0
57 69 11.111111 arterial 40.0
57 70 8.333333 urban 30.0
57 71 8.333333 urban 30.0
57 72 9.722222 suburban 35.0
57 73 9.722222 suburban 35.0
57 74 9.722222 suburban 35.0
57 75 11.111111 arterial 40.0
57 76 9.722222 suburban 35.0
57 77 9.722222 suburban 35.0
57 78 9.722222 suburban 35.0
57 79 11.111111 arterial 40.0
57 80 11.111111 arterial 40.0
57 81 9.722222 suburban 35.0
57 82 9.722222 suburban 35.0
57 83 11.111111 arterial 40.0
57 84 11.111111 arterial 40.0
57 85 11.111111 arterial 40.0
57 86 8.333333 urban 30.0
57 87 11.111111 arterial 40.0
57 88 9.722222 suburban 35.0
57 89 8.333333 urban 30.0
57 90 8.333333 urban 30.0
57 91 8.333333 urban 30.0
57 92 9.722222 suburban 35.0
57 93 9.722222 suburban 35.0
57 94 11.111111 arterial 40.0
57 95 9.722222 suburban 35.0
57 96 9.722222 suburban 35.0
57 97 9.722222 suburban 35.0
57 98 9.722222 suburban 35.0
57 99 8.333333 urban 30.0
57 100 11.111111 arterial 40.0
58 0 9.722222 suburban 35.0
58 1 11.111111 arterial 40.0
58 2 8.333333 urban 30.0
58 3 11.111111 arterial 40.0
58 4 11.111111 arterial 40.0
58 5 11.111111 arterial 40.0
58 6 8.333333 urban 30.0
58 7 9.722222 suburban 35.0
58 8 8.333333 urban 30.0
58 9 9.722222 suburban 35.0
58 10 8.333333 urban 30.0
58 11 11.111111 arterial 40.0
58 12 9.722222 suburban 35.0
58 13 11.111111 arterial 40.0
58 14 11.111111 arterial 40.0
58 15 11.111111 arterial 40.0
58 16 8.333333 urban 30.0
58 17 11.111111 arterial 40.0
58 18 11.111111 arterial 40.0
58 19 11.111111 arterial 40.0
58 20 8.333333 urban 30.0
58 21 11.111111 arterial 40.0
58 22 9.722222 suburban 35.0
58 23 11.111111 arterial 40.0
58 24 8.333333 urban 30.0
58 25 8.333333 urban 30.0
58 26 11.111111 arterial 40.0
58 27 9.722222 suburban 35.0
58 28 8.333333 urban 30.0
58 29 11.111111 arterial 40.0
58 30 8.333333 urban 30.0
58 31 8.333333 urban 30.0
58 32 9.722222 suburban 35.0
58 33 8.333333 urban 30.0
58 34 11.111111 arterial 40.0
58 35 9.722222 suburban 35.0
58 36 8.333333 urban 30.0
58 37 11.111111 arterial 40.0
58 38 9.722222 suburban 35.0
58 39 11.111111 arterial 40.0
58 40 11.111111 arterial 40.0
58 41 11.111111 arterial 40.0
58 42 11.111111 arterial 40.0
58 43 8.333333 urban 30.0
58 44 8.333333 urban 30.0
58 45 9.722222 suburban 35.0
58 46 11.111111 arterial 40.0
58 47 11.111111 arterial 40.0
58 48 9.722222 suburban 35.0
58 49 11.111111 arterial 40.0
58 50 9.722222 suburban 35.0
58 51 8.333333 urban 30.0
58 52 11.111111 arterial 40.0
58 53 11.111111 arterial 40.0
58 54 9.722222 suburban 35.0
58 55 9.722222 suburban 35.0
58 56 11.111111 arterial 40.0
58 57 9.722222 suburban 35.0
58 59 11.111111 arterial 40.0
58 60 11.111111 arterial 40.0
58 61 11.111111 arterial 40.0
58 62 9.722222 suburban 35.0
58 63 11.111111 arterial 40.0
58 64 9.722222 suburban 35.0
58 65 11.111111 arterial 40.0
58 66 11.111111 arterial 40.0
58 67 11.111111 arterial 40.0
58 68 9.722222 suburban 35.0
58 69 11.111111 arterial 40.0
58 70 11.111111 arterial 40.0
58 71 11.111111 arterial 40.0
58 72 11.111111 arterial 40.0
58 73 8.333333 urban 30.0
58 74 9.722222 suburban 35.0
58 75 9.722222 suburban 35.0
58 76 9.722222 suburban 35.0
58 77 8.333333 urban 30.0
58 78 11.111111 arterial 40.0
58 79 11.111111 arterial 40.0
58 80 11.111111 arterial 40.0
58 81 9.722222 suburban 35.0
58 82 8.333333 urban 30.0
58 83 8.333333 urban 30.0
58 84 11.111111 arterial 40.0
58 85 8.333333 urban 30.0
58 86 11.111111 arterial 40.0
58 87 8.333333 urban 30.0
58 88 11.111111 arterial 40.0
58 89 11.111111 arterial 40.0
58 90 9.722222 suburban 35.0
58 91 11.111111 arterial 40.0
58 92 8.333333 urban 30.0
58 93 9.722222 suburban 35.0
58 94 11.111111 arterial 40.0
58 95 9.722222 suburban 35.0
58 96 9.722222 suburban 35.0
58 97 8.333333 urban 30.0
58 98 11.111111 arterial 40.0
58 99 11.111111 arterial 40.0
58 100 9.722222 suburban 35.0
59 0 9.722222 suburban 35.0
59 1 11.111111 arterial 40.0
59 2 9.722222 suburban 35.0
59 3 8.333333 urban 30.0
59 4 9.722222 suburban 35.0
59 5 9.722222 suburban 35.0
59 6 11.111111 arterial 40.0
59 7 8.333333 urban 30.0
59 8 11.111111 arterial 40.0
59 9 9.722222 suburban 35.0
59 10 9.722222 suburban 35.0
59 11 8.333333 urban 30.0
59 12 11.111111 arterial 40.0
59 13 9.722222 suburban 35.0
59 14 8.333333 urban 30.0
59 15 11.111111 arterial 40.0
59 16 9.722222 suburban 35.0
59 17 8.333333 urban 30.0
59 18 11.111111 arterial 40.0
59 19 9.722222 suburban 35.0
59 20 9.722222 suburban 35.0
59 21 11.111111 arterial 40.0
59 22 8.333333 urban 30.0
59 23 11.111111 arterial 40.0
59 24 11.111111 arterial 40.0
59 25 9.722222 suburban 35.0
59 26 11.111111 arterial 40.0
59 27 9.722222 suburban 35.0
59 28 11.111111 arterial 40.0
59 29 11.111111 arterial 40.0
59 30 11.111111 arterial 40.0
59 31 11.111111 arterial 40.0
59 32 9.722222 suburban 35.0
59 33 11.111111 arterial 40.0
59 34 8.333333 urban 30.0
59 35 11.111111 arterial 40.0
59 36 9.722222 suburban 35.0
59 37 11.111111 arterial 40.0
59 38 11.111111 arterial 40.0
59 39 9.722222 suburban 35.0
59 40 11.111111 arterial 40.0
59 41 9.722222 suburban 35.0
59 42 11.111111 arterial 40.0
59 43 9.722222 suburban 35.0
59 44 11.111111 arterial 40.0
59 45 11.111111 arterial 40.0
59 46 9.722222 suburban 35.0
59 47 11.111111 arterial 40.0
59 48 9.722222 suburban 35.0
59 49 9.722222 suburban 35.0
59 50 9.722222 suburban 35.0
59 51 11.111111 arterial 40.0
59 52 8.333333 urban 30.0
59 53 8.333333 urban 30.0
59 54 9.722222 suburban 35.0
59 55 9.722222 suburban 35.0
59 56 11.111111 arterial 40.0
59 57 8.333333 urban 30.0
59 58 11.111111 arterial 40.0
59 60 9.722222 suburban 35.0
59 61 11.111111 arterial 40.0
59 62 11.111111 arterial 40.0
59 63 11.111111 arterial 40.0
59 64 11.111111 arterial 40.0
59 65 11.111111 arterial 40.0
59 66 11.111111 arterial 40.0
59 67 11.111111 arterial 40.0
59 68 11.111111 arterial 40.0
59 69 8.333333 urban 30.0
59 70 11.111111 arterial 40.0
59 71 11.111111 arterial 40.0
59 72 11.111111 arterial 40.0
59 73 11.111111 arterial 40.0
59 74 9.722222 suburban 35.0
59 75 8.333333 urban 30.0
59 76 9.722222 suburban 35.0
59 77 11.111111 arterial 40.0
59 78 9.722222 suburban 35.0
59 79 8.333333 urban 30.0
59 80 9.722222 suburban 35.0
59 81 9.722222 suburban 35.0
59 82 9.722222 suburban 35.0
59 83 11.111111 arterial 40.0
59 84 8.333333 urban 30.0
59 85 11.111111 arterial 40.0
59 86 11.111111 arterial 40.0
59 87 9.722222 suburban 35.0
59 88 9.722222 suburban 35.0
59 89 11.111111 arterial 40.0
59 90 11.111111 arterial 40.0
59 91 11.111111 arterial 40.0
59 92 9.722222 suburban 35.0
59 93 11.111111 arterial 40.0
59 94 9.722222 suburban 35.0
59 95 9.722222 suburban 35.0
59 96 9.722222 suburban 35.0
59 97 11.111111 arterial 40.0
59 98 11.111111 arterial 40.0
59 99 11.111111 arterial 40.0
59 100 8.333333 urban 30.0
60 0 8.333333 urban 30.0
60 1 11.111111 arterial 40.0
60 2 8.333333 urban 30.0
60 3 9.722222 suburban 35.0
60 4 9.722222 suburban 35.0
60 5 11.111111 arterial 40.0
60 6 8.333333 urban 30.0
60 7 9.722222 suburban 35.0
60 8 8.333333 urban 30.0
60 9 8.333333 urban 30.0
60 10 8.333333 urban 30.0
60 11 11.111111 arterial 40.0
60 12 8.333333 urban 30.0
60 13 9.722222 suburban 35.0
60 14 11.111111 arterial 40.0
60 15 9.722222 suburban 35.0
60 16 8.333333 urban 30.0
60 17 11.111111 arterial 40.0
60 18 11.111111 arterial 40.0
60 19 11.111111 arterial 40.0
60 20 8.333333 urban 30.0
60 21 9.722222 suburban 35.0
60 22 9.722222 suburban 35.0
60 23 9.722222 suburban 35.0
60 24 8.333333 urban 30.0
60 25 8.333333 urban 30.0
60 26 11.111111 arterial 40.0
60 27 9.722222 suburban 35.0
60 28 8.333333 urban 30.0
60 29 9.722222 suburban 35.0
60 30 8.333333 urban 30.0
60 31 8.333333 urban 30.0
60 32 9.722222 suburban 35.0
60 33 8.333333 urban 30.0
60 34 11.111111 arterial 40.0
60 35 8.333333 urban 30.0
60 36 9.722222 suburban 35.0
60 37 9.722222 suburban 35.0
60 38 8.333333 urban 30.0
60 39 9.722222 suburban 35.0
60 40 11.111111 arterial 40.0
60 41 11.111111 arterial 40.0
60 42 9.722222 suburban 35.0
60 43 9.722222 suburban 35.0
60 44 8.333333 urban 30.0
60 45 8.333333 urban 30.0
60 46 9.722222 suburban 35.0
60 47 11.111111 arterial 40.0
60 48 9.722222 suburban 35.0
60 49 11.111111 arterial 40.0
60 50 9.722222 suburban 35.0
60 51 8.333333 urban 30.0
60 52 11.111111 arterial 40.0
60 53 11.111111 arterial 40.0
60 54 8.333333 urban 30.0
60 55 8.333333 urban 30.0
60 56 11.111111 arterial 40.0
60 57 9.722222 suburban 35.0
60 58 11.111111 arterial 40.0
60 59 9.722222 suburban 35.0
60 61 11.111111 arterial 40.0
60 62 8.333333 urban 30.0
60 63 9.722222 suburban 35.0
60 64 8.333333 urban 30.0
60 65 9.722222 suburban 35.0
60 66 9.722222 suburban 35.0
60 67 11.111111 arterial 40.0
60 68 8.333333 urban 30.0
60 69 11.111111 arterial 40.0
60 70 9.722222 suburban 35.0
60 71 9.722222 suburban 35.0
60 72 11.111111 arterial 40.0
60 73 8.333333 urban 30.0
60 74 9.722222 suburban 35.0
60 75 9.722222 suburban 35.0
60 76 9.722222 suburban 35.0
60 77 8.333333 urban 30.0
60 78 9.722222 suburban 35.0
60 79 9.722222 suburban 35.0
60 80 11.111111 arterial 40.0
60 81 9.722222 suburban 35.0
60 82 8.333333 urban 30.0
60 83 8.333333 urban 30.0
60 84 11.111111 arterial 40.0
60 85 8.333333 urban 30.0
60 86 11.111111 arterial 40.0
60 87 8.333333 urban 30.0
60 88 9.722222 suburban 35.0
60 89 9.722222 suburban 35.0
60 90 8.333333 urban 30.0
60 91 9.722222 suburban 35.0
60 92 8.333333 urban 30.0
60 93 8.333333 urban 30.0
60 94 11.111111 arterial 40.0
60 95 9.722222 suburban 35.0
60 96 8.333333 urban 30.0
60 97 8.333333 urban 30.0
60 98 11.111111 arterial 40.0
60 99 9.722222 suburban 35.0
60 100 9.722222 suburban 35.0
61 0 9.722222 suburban 35.0
61 1 11.111111 arterial 40.0
61 2 8.333333 urban 30.0
61 3 9.722222 suburban 35.0
61 4 9.722222 suburban 35.0
61 5 11.111111 arterial 40.0
61 6 8.333333 urban 30.0
61 7 8.333333 urban 30.0
61 8 8.333333 urban 30.0
61 9 9.722222 suburban 35.0
61 10 8.333333 urban 30.0
61 11 9.722222 suburban 35.0
61 12 9.722222 suburban 35.0
61 13 9.722222 suburban 35.0
61 14 9.722222 suburban 35.0
61 15 11.111111 arterial 40.0
61 16 8.333333 urban 30.0
61 17 9.722222 suburban 35.0
61 18 11.111111 arterial 40.0
61 19 11.111111 arterial 40.0
61 20 8.333333 urban 30.0
61 21 11.111111 arterial 40.0
61 22 8.333333 urban 30.0
61 23 11.111111 arterial 40.0
61 24 8.333333 urban 30.0
61 25 8.333333 urban 30.0
61 26 11.111111 arterial 40.0
61 27 9.722222 suburban 35.0
61 28 8.333333 urban 30.0
61 29 11.111111 arterial 40.0
61 30 8.333333 urban 30.0
61 31 9.722222 suburban 35.0
61 32 8.333333 urban 30.0
61 33 8.333333 urban 30.0
61 34 9.722222 suburban 35.0
61 35 9.722222 suburban 35.0
61 36 8.333333 urban 30.0
61 37 11.111111 arterial 40.0
61 38 9.722222 suburban 35.0
61 39 9.722222 suburban 35.0
61 40 11.111111 arterial 40.0
61 41 11.111111 arterial 40.0
61 42 11.111111 arterial 40.0
61 43 8.333333 urban 30.0
61 44 8.333333 urban 30.0
61 45 9.722222 suburban 35.0
61 46 9.722222 suburban 35.0
61 47 11.111111 arterial 40.0
61 48 8.333333 urban 30.0
61 49 9.722222 suburban 35.0
61 50 9.722222 suburban 35.0
61 51 8.333333 urban 30.0
61 52 9.722222 suburban 35.0
61 53 9.722222 suburban 35.0
61 54 8.333333 urban 30.0
61 55 8.333333 urban 30.0
61 56 11.111111 arterial 40.0
61 57 8.333333 urban 30.0
61 58 11.111111 arterial 40.0
61 59 11.111111 arterial 40.0
61 60 11.111111 arterial 40.0
61 62 9.722222 suburban 35.0
61 63 11.111111 arterial 40.0
61 64 9.722222 suburban 35.0
61 65 11.111111 arterial 40.0
61 66 11.111111 arterial 40.0
61 67 11.111111 arterial 40.0
61 68 8.333333 urban 30.0
61 69 9.722222 suburban 35.0
61 70 11.111111 arterial 40.0
61 71 11.111111 arterial 40.0
61 72 11.111111 arterial 40.0
61 73 8.333333 urban 30.0
61 74 9.722222 suburban 35.0
61 75 8.333333 urban 30.0
61 76 9.722222 suburban 35.0
61 77 8.333333 urban 30.0
61 78 9.722222 suburban 35.0
61 79 9.722222 suburban 35.0
61 80 11.111111 arterial 40.0
61 81 9.722222 suburban 35.0
61 82 8.333333 urban 30.0
61 83 8.333333 urban 30.0
61 84 9.722222 suburban 35.0
61 85 8.333333 urban 30.0
61 86 11.111111 arterial 40.0
61 87 8.333333 urban 30.0
61 88 9.722222 suburban 35.0
61 89 9.722222 suburban 35.0
61 90 9.722222 suburban 35.0
61 91 11.111111 arterial 40.0
61 92 8.333333 urban 30.0
61 93 8.333333 urban 30.0
61 94 11.111111 arterial 40.0
61 95 9.722222 suburban 35.0
61 96 8.333333 urban 30.0
61 97 9.722222 suburban 35.0
61 98 11.111111 arterial 40.0
61 99 11.111111 arterial 40.0
61 100 8.333333 urban 30.0
62 0 8.333333 urban 30.0
62 1 9.722222 suburban 35.0
62 2 9.722222 suburban 35.0
62 3 8.333333 urban 30.0
62 4 9.722222 suburban 35.0
62 5 9.722222 suburban 35.0
62 6 9.722222 suburban 35.0
62 7 8.333333 urban 30.0
62 8 11.111111 arterial 40.0
62 9 9.722222 suburban 35.0
62 10 9.722222 suburban 35.0
62 11 8.333333 urban 30.0
62 12 9.722222 suburban 35.0
62 13 8.333333 urban 30.0
62 14 8.333333 urban 30.0
62 15 11.111111 arterial 40.0
62 16 9.722222 suburban 35.0
62 17 8.333333 urban 30.0
62 18 9.722222 suburban 35.0
62 19 9.722222 suburban 35.0
62 20 9.722222 suburban 35.0
62 21 11.111111 arterial 40.0
62 22 8.333333 urban 30.0
62 23 11.111111 arterial 40.0
62 24 9.722222 suburban 35.0
62 25 8.333333 urban 30.0
62 26 9.722222 suburban 35.0
62 27 8.333333 urban 30.0
62 28 9.722222 suburban 35.0
62 29 11.111111 arterial 40.0
62 30 9.722222 suburban 35.0
62 31 11.111111 arterial 40.0
62 32 8.333333 urban 30.0
62 33 9.722222 suburban 35.0
62 34 8.333333 urban 30.0
62 35 9.722222 suburban 35.0
62 36 9.722222 suburban 35.0
62 37 11.111111 arterial 40.0
62 38 11.111111 arterial 40.0
62 39 8.333333 urban 30.0
62 40 9.722222 suburban 35.0
62 41 9.722222 suburban 35.0
62 42 11.111111 arterial 40.0
62 43 8.333333 urban 30.0
62 44 9.722222 suburban 35.0
62 45 11.111111 arterial 40.0
62 46 8.333333 urban 30.0
62 47 9.722222 suburban 35.0
62 48 8.333333 urban 30.0
62 49 8.333333 urban 30.0
62 50 8.333333 urban 30.0
62 51 11.111111 arterial 40.0
62 52 8.333333 urban 30.0
62 53 8.333333 urban 30.0
62 54 8.333333 urban 30.0
62 55 9.722222 suburban 35.0
62 56 11.111111 arterial 40.0
62 57 8.333333 urban 30.0
62 58 9.722222 suburban 35.0
62 59 11.111111 arterial 40.0
62 60 8.333333 urban 30.0
62 61 9.722222 suburban 35.0
62 63 9.722222 suburban 35.0
62 64 11.111111 arterial 40.0
62 65 11.111111 arterial 40.0
62 66 11.111111 arterial 40.0
62 67 11.111111 arterial 40.0
62 68 9.722222 suburban 35.0
62 69 8.333333 urban 30.0
62 70 11.111111 arterial 40.0
62 71 9.722222 suburban 35.0
62 72 9.722222 suburban 35.0
62 73 9.722222 suburban 35.0
62 74 8.333333 urban 30.0
62 75 8.333333 urban 30.0
62 76 8.333333 urban 30.0
62 77 9.722222 suburban 35.0
62 78 8.333333 urban 30.0
62 79 8.333333 urban 30.0
62 80 8.333333 urban 30.0
62 81 8.333333 urban 30.0
62 82 9.722222 suburban 35.0
62 83 11.111111 arterial 40.0
62 84 8.333333 urban 30.0
62 85 11.111111 arterial 40.0
62 86 9.722222 suburban 35.0
62 87 9.722222 suburban 35.0
62 88 8.333333 urban 30.0
62 89 9.722222 suburban 35.0
62 90 9.722222 suburban 35.0
62 91 9.722222 suburban 35.0
62 92 9.722222 suburban 35.0
62 93 9.722222 suburban 35.0
62 94 8.333333 urban 30.0
62 95 8.333333 urban 30.0
62 96 8.333333 urban 30.0
62 97 9.722222 suburban 35.0
62 98 9.722222 suburban 35.0
62 99 11.111111 arterial 40.0
62 100 8.333333 urban 30.0
63 0 8.333333 urban 30.0
63 1 11.111111 arterial 40.0
63 2 8.333333 urban 30.0
63 3 8.333333 urban 30.0
63 4 9.722222 suburban 35.0
63 5 9.722222 suburban 35.0
63 6 9.722222 suburban 35.0
63 7 8.333333 urban 30.0
63 8 9.722222 suburban 35.0
63 9 8.333333 urban 30.0
63 10 8.333333 urban 30.0
63 11 8.333333 urban 30.0
63 12 9.722222 suburban 35.0
63 13 8.333333 urban 30.0
63 14 8.333333 urban 30.0
63 15 11.111111 arterial 40.0
63 16 8.333333 urban 30.0
63 17 8.333333 urban 30.0
63 18 9.722222 suburban 35.0
63 19 9.722222 suburban 35.0
63 20 8.333333 urban 30.0
63 21 11.111111 arterial 40.0
63 22 8.333333 urban 30.0
63 23 11.111111 arterial 40.0
63 24 9.722222 suburban 35.0
63 25 8.333333 urban 30.0
63 26 9.722222 suburban 35.0
63 27 8.333333 urban 30.0
63 28 9.722222 suburban 35.0
63 29 11.111111 arterial 40.0
63 30 9.722222 suburban 35.0
63 31 9.722222 suburban 35.0
63 32 8.333333 urban 30.0
63 33 9.722222 suburban 35.0
63 34 8.333333 urban 30.0
63 35 9.722222 suburban 35.0
63 36 8.333333 urban 30.0
63 37 11.111111 arterial 40.0
63 38 9.722222 suburban 35.0
63 39 8.333333 urban 30.0
63 40 9.722222 suburban 35.0
63 41 9.722222 suburban 35.0
63 42 11.111111 arterial 40.0
63 43 8.333333 urban 30.0
63 44 9.722222 suburban 35.0
63 45 9.722222 suburban 35.0
63 46 9.722222 suburban 35.0
63 47 11.111111 arterial 40.0
63 48 8.333333 urban 30.0
63 49 8.333333 urban 30.0
63 50 8.333333 urban 30.0
63 51 9.722222 suburban 35.0
63 52 8.333333 urban 30.0
63 53 8.333333 urban 30.0
63 54 8.333333 urban 30.0
63 55 8.333333 urban 30.0
63 56 11.111111 arterial 40.0
63 57 8.333333 urban 30.0
63 58 11.111111 arterial 40.0
63 59 11.111111 arterial 40.0
63 60 9.722222 suburban 35.0
63 61 11.111111 arterial 40.0
63 62 9.722222 suburban 35.0
63 64 9.722222 suburban 35.0
63 65 11.111111 arterial 40.0
63 66 11.111111 arterial 40.0
63 67 11.111111 arterial 40.0
63 68 9.722222 suburban 35.0
63 69 8.333333 urban 30.0
63 70 11.111111 arterial 40.0
63 71 9.722222 suburban 35.0
63 72 9.722222 suburban 35.0
63 73 9.722222 suburban 35.0
63 74 8.333333 urban 30.0
63 75 8.333333 urban 30.0
63 76 8.333333 urban 30.0
63 77 9.722222 suburban 35.0
63 78 8.333333 urban 30.0
63 79 8.333333 urban 30.0
63 80 9.722222 suburban 35.0
63 81 8.333333 urban 30.0
63 82 8.333333 urban 30.0
63 83 9.722222 suburban 35.0
63 84 8.333333 urban 30.0
63 85 9.722222 suburban 35.0
63 86 9.722222 suburban 35.0
63 87 9.722222 suburban 35.0
63 88 8.333333 urban 30.0
63 89 9.722222 suburban 35.0
63 90 9.722222 suburban 35.0
63 91 9.722222 suburban 35.0
63 92 8.333333 urban 30.0
63 93 8.333333 urban 30.0
63 94 9.722222 suburban 35.0
63 95 8.333333 urban 30.0
63 96 8.333333 urban 30.0
63 97 9.722222 suburban 35.0
63 98 11.111111 arterial 40.0
63 99 11.111111 arterial 40.0
63 100 8.333333 urban 30.0
64 0 9.722222 suburban 35.0
64 1 9.722222 suburban 35.0
64 2 11.111111 arterial 40.0
64 3 8.333333 urban 30.0
64 4 8.333333 urban 30.0
64 5 8.333333 urban 30.0
64 6 11.111111 arterial 40.0
64 7 9.722222 suburban 35.0
64 8 11.111111 arterial 40.0
64 9 9.722222 suburban 35.0
64 10 11.111111 arterial 40.0
64 11 9.722222 suburban 35.0
64 12 11.111111 arterial 40.0
64 13 8.333333 urban 30.0
64 14 8.333333 urban 30.0
64 15 11.111111 arterial 40.0
64 16 9.722222 suburban 35.0
64 17 8.333333 urban 30.0
64 18 8.333333 urban 30.0
64 19 8.333333 urban 30.0
64 20 9.722222 suburban 35.0
64 21 11.111111 arterial 40.0
64 22 8.333333 urban 30.0
64 23 11.111111 arterial 40.0
64 24 11.111111 arterial 40.0
64 25 9.722222 suburban 35.0
64 26 8.333333 urban 30.0
64 27 8.333333 urban 30.0
64 28 11.111111 arterial 40.0
64 29 11.111111 arterial 40.0
64 30 11.111111 arterial 40.0
64 31 11.111111 arterial 40.0
64 32 8.333333 urban 30.0
64 33 11.111111 arterial 40.0
64 34 8.333333 urban 30.0
64 35 11.111111 arterial 40.0
64 36 11.111111 arterial 40.0
64 37 11.111111 arterial 40.0
64 38 11.111111 arterial 40.0
64 39 8.333333 urban 30.0
64 40 9.722222 suburban 35.0
64 41 8.333333 urban 30.0
64 42 11.111111 arterial 40.0
64 43 9.722222 suburban 35.0
64 44 11.111111 arterial 40.0
64 45 11.111111 arterial 40.0
64 46 8.333333 urban 30.0
64 47 9.722222 suburban 35.0
64 48 9.722222 suburban 35.0
64 49 8.333333 urban 30.0
64 50 8.333333 urban 30.0
64 51 11.111111 arterial 40.0
64 52 8.333333 urban 30.0
64 53 9.722222 suburban 35.0
64 54 9.722222 suburban 35.0
64 55 9.722222 suburban 35.0
64 56 9.722222 suburban 35.0
64 57 9.722222 suburban 35.0
64 58 9.722222 suburban 35.0
64 59 11.111111 arterial 40.0
64 60 8.333333 urban 30.0
64 61 9.722222 suburban 35.0
64 62 11.111111 arterial 40.0
64 63 9.722222 suburban 35.0
64 65 11.111111 arterial 40.0
64 66 11.111111 arterial 40.0
64 67 9.722222 suburban 35.0
64 68 9.722222 suburban 35.0
64 69 8.333333 urban 30.0
64 70 11.111111 arterial 40.0
64 71 9.722222 suburban 35.0
64 72 8.333333 urban 30.0
64 73 11.111111 arterial 40.0
64 74 8.333333 urban 30.0
64 75 9.722222 suburban 35.0
64 76 8.333333 urban 30.0
64 77 11.111111 arterial 40.0
64 78 8.333333 urban 30.0
64 79 8.333333 urban 30.0
64 80 8.333333 urban 30.0
64 81 8.333333 urban 30.0
64 82 9.722222 suburban 35.0
64 83 11.111111 arterial 40.0
64 84 8.333333 urban 30.0
64 85 11.111111 arterial 40.0
64 86 9.722222 suburban 35.0
64 87 11.111111 arterial 40.0
64 88 8.333333 urban 30.0
64 89 9.722222 suburban 35.0
64 90 11.111111 arterial 40.0
64 91 9.722222 suburban 35.0
64 92 9.722222 suburban 35.0
64 93 9.722222 suburban 35.0
64 94 8.333333 urban 30.0
64 95 8.333333 urban 30.0
64 96 9.722222 suburban 35.0
64 97 11.111111 arterial 40.0
64 98 8.333333 urban 30.0
64 99 9.722222 suburban 35.0
64 100 9.722222 suburban 35.0
65 0 9.722222 suburban 35.0
65 1 11.111111 arterial 40.0
65 2 8.333333 urban 30.0
65 3 8.333333 urban 30.0
65 4 9.722222 suburban 35.0
65 5 9.722222 suburban 35.0
65 6 9.722222 suburban 35.0
65 7 8.333333 urban 30.0
65 8 9.722222 suburban 35.0
65 9 9.722222 suburban 35.0
65 10 8.333333 urban 30.0
65 11 8.333333 urban 30.0
65 12 9.722222 suburban 35.0
65 13 9.722222 suburban 35.0
65 14 8.333333 urban 30.0
65 15 11.111111 arterial 40.0
65 16 8.333333 urban 30.0
65 17 8.333333 urban 30.0
65 18 11.111111 arterial 40.0
65 19 9.722222 suburban 35.0
65 20 8.333333 urban 30.0
65 21 11.111111 arterial 40.0
65 22 8.333333 urban 30.0
65 23 11.111111 arterial 40.0
65 24 9.722222 suburban 35.0
65 25 8.333333 urban 30.0
65 26 11.111111 arterial 40.0
65 27 9.722222 suburban 35.0
65 28 9.722222 suburban 35.0
65 29 11.111111 arterial 40.0
65 30 9.722222 suburban 35.0
65 31 11.111111 arterial 40.0
65 32 8.333333 urban 30.0
65 33 9.722222 suburban 35.0
65 34 8.333333 urban 30.0
65 35 9.722222 suburban 35.0
65 36 8.333333 urban 30.0
65 37 11.111111 arterial 40.0
65 38 11.111111 arterial 40.0
65 39 9.722222 suburban 35.0
65 40 11.111111 arterial 40.0
65 41 11.111111 arterial 40.0
65 42 11.111111 arterial 40.0
65 43 8.333333 urban 30.0
65 44 9.722222 suburban 35.0
65 45 9.722222 suburban 35.0
65 46 9.722222 suburban 35.0
65 47 11.111111 arterial 40.0
65 48 8.333333 urban 30.0
65 49 9.722222 suburban 35.0
65 50 8.333333 urban 30.0
65 51 9.722222 suburban 35.0
65 52 8.333333 urban 30.0
65 53 8.333333 urban 30.0
65 54 8.333333 urban 30.0
65 55 9.722222 suburban 35.0
65 56 11.111111 arterial 40.0
65 57 8.333333 urban 30.0
65 58 11.111111 arterial 40.0
65 59 11.111111 arterial 40.0
65 60 9.722222 suburban 35.0
65 61 11.111111 arterial 40.0
65 62 11.111111 arterial 40.0
65 63 11.111111 arterial 40.0
65 64 11.111111 arterial 40.0
65 66 11.111111 arterial 40.0
65 67 11.111111 arterial 40.0
65 68 9.722222 suburban 35.0
65 69 9.722222 suburban 35.0
65 70 11.111111 arterial 40.0
65 71 11.111111 arterial 40.0
65 72 11.111111 arterial 40.0
65 73 9.722222 suburban 35.0
65 74 9.722222 suburban 35.0
65 75 8.333333 urban 30.0
65 76 9.722222 suburban 35.0
65 77 9.722222 suburban 35.0
65 78 8.333333 urban 30.0
65 79 8.333333 urban 30.0
65 80 9.722222 suburban 35.0
65 81 9.722222 suburban 35.0
65 82 8.333333 urban 30.0
65 83 9.722222 suburban 35.0
65 84 8.333333 urban 30.0
65 85 9.722222 suburban 35.0
65 86 11.111111 arterial 40.0
65 87 9.722222 suburban 35.0
65 88 9.722222 suburban 35.0
65 89 9.722222 suburban 35.0
65 90 9.722222 suburban 35.0
65 91 11.111111 arterial 40.0
65 92 8.333333 urban 30.0
65 93 9.722222 suburban 35.0
65 94 9.722222 suburban 35.0
65 95 8.333333 urban 30.0
65 96 9.722222 suburban 35.0
65 97 9.722222 suburban 35.0
65 98 11.111111 arterial 40.0
65 99 11.111111 arterial 40.0
65 100 8.333333 urban 30.0
66 0 9.722222 suburban 35.0
66 1 11.111111 arterial 40.0
66 2 9.722222 suburban 35.0
66 3 8.333333 urban 30.0
66 4 9.722222 suburban 35.0
66 5 9.722222 suburban 35.0
66 6 11.111111 arterial 40.0
66 7 8.333333 urban 30.0
66 8 11.111111 arterial 40.0
66 9 9.722222 suburban 35.0
66 10 9.722222 suburban 35.0
66 11 8.333333 urban 30.0
66 12 11.111111 arterial 40.0
66 13 9.722222 suburban 35.0
66 14 8.333333 urban 30.0
66 15 11.111111 arterial 40.0
66 16 9.722222 suburban 35.0
66 17 8.333333 urban 30.0
66 18 11.111111 arterial 40.0
66 19 9.722222 suburban 35.0
66 20 9.722222 suburban 35.0
66 21 11.111111 arterial 40.0
66 22 8.333333 urban 30.0
66 23 11.111111 arterial 40.0
66 24 11.111111 arterial 40.0
66 25 9.722222 suburban 35.0
66 26 11.111111 arterial 40.0
66 27 9.722222 suburban 35.0
66 28 9.722222 suburban 35.0
66 29 11.111111 arterial 40.0
66 30 11.111111 arterial 40.0
66 31 11.111111 arterial 40.0
66 32 9.722222 suburban 35.0
66 33 9.722222 suburban 35.0
66 34 8.333333 urban 30.0
66 35 11.111111 arterial 40.0
66 36 9.722222 suburban 35.0
66 37 11.111111 arterial 40.0
66 38 11.111111 arterial 40.0
66 39 9.722222 suburban 35.0
66 40 11.111111 arterial 40.0
66 41 11.111111 arterial 40.0
66 42 11.111111 arterial 40.0
66 43 8.333333 urban 30.0
66 44 9.722222 suburban 35.0
66 45 11.111111 arterial 40.0
66 46 9.722222 suburban 35.0
66 47 11.111111 arterial 40.0
66 48 8.333333 urban 30.0
66 49 9.722222 suburban 35.0
66 50 9.722222 suburban 35.0
66 51 11.111111 arterial 40.0
66 52 8.333333 urban 30.0
66 53 8.333333 urban 30.0
66 54 9.722222 suburban 35.0
66 55 9.722222 suburban 35.0
66 56 11.111111 arterial 40.0
66 57 8.333333 urban 30.0
66 58 11.111111 arterial 40.0
66 59 11.111111 arterial 40.0
66 60 9.722222 suburban 35.0
66 61 11.111111 arterial 40.0
66 62 11.111111 arterial 40.0
66 63 11.111111 arterial 40.0
66 64 11.111111 arterial 40.0
66 65 11.111111 arterial 40.0
66 67 11.111111 arterial 40.0
66 68 9.722222 suburban 35.0
66 69 9.722222 suburban 35.0
66 70 11.111111 arterial 40.0
66 71 11.111111 arterial 40.0
66 72 11.111111 arterial 40.0
66 73 11.111111 arterial 40.0
66 74 9.722222 suburban 35.0
66 75 8.333333 urban 30.0
66 76 9.722222 suburban 35.0
66 77 11.111111 arterial 40.0
66 78 9.722222 suburban 35.0
66 79 8.333333 urban 30.0
66 80 9.722222 suburban 35.0
66 81 9.722222 suburban 35.0
66 82 9.722222 suburban 35.0
66 83 11.111111 arterial 40.0
66 84 8.333333 urban 30.0
66 85 11.111111 arterial 40.0
66 86 11.111111 arterial 40.0
66 87 9.722222 suburban 35.0
66 88 9.722222 suburban 35.0
66 89 11.111111 arterial 40.0
66 90 11.111111 arterial 40.0
66 91 11.111111 arterial 40.0
66 92 9.722222 suburban 35.0
66 93 9.722222 suburban 35.0
66 94 9.722222 suburban 35.0
66 95 9.722222 suburban 35.0
66 96 9.722222 suburban 35.0
66 97 11.111111 arterial 40.0
66 98 11.111111 arterial 40.0
66 99 11.111111 arterial 40.0
66 100 8.333333 urban 30.0
67 0 9.722222 suburban 35.0
67 1 11.111111 arterial 40.0
67 2 8.333333 urban 30.0
67 3 11.111111 arterial 40.0
67 4 11.111111 arterial 40.0
67 5 11.111111 arterial 40.0
67 6 8.333333 urban 30.0
67 7 9.722222 suburban 35.0
67 8 8.333333 urban 30.0
67 9 9.722222 suburban 35.0
67 10 8.333333 urban 30.0
67 11 11.111111 arterial 40.0
67 12 9.722222 suburban 35.0
67 13 11.111111 arterial 40.0
67 14 11.111111 arterial 40.0
67 15 11.111111 arterial 40.0
67 16 8.333333 urban 30.0
67 17 11.111111 arterial 40.0
67 18 11.111111 arterial 40.0
67 19 11.111111 arterial 40.0
67 20 8.333333 urban 30.0
67 21 11.111111 arterial 40.0
67 22 9.722222 suburban 35.0
67 23 11.111111 arterial 40.0
67 24 8.333333 urban 30.0
67 25 8.333333 urban 30.0
67 26 11.111111 arterial 40.0
67 27 9.722222 suburban 35.0
67 28 8.333333 urban 30.0
67 29 11.111111 arterial 40.0
67 30 8.333333 urban 30.0
67 31 8.333333 urban 30.0
67 32 9.722222 suburban 35.0
67 33 8.333333 urban 30.0
67 34 11.111111 arterial 40.0
67 35 9.722222 suburban 35.0
67 36 8.333333 urban 30.0
67 37 11.111111 arterial 40.0
67 38 9.722222 suburban 35.0
67 39 11.111111 arterial 40.0
67 40 11.111111 arterial 40.0
67 41 11.111111 arterial 40.0
67 42 11.111111 arterial 40.0
67 43 9.722222 suburban 35.0
67 44 8.333333 urban 30.0
67 45 9.722222 suburban 35.0
67 46 11.111111 arterial 40.0
67 47 11.111111 arterial 40.0
67 48 9.722222 suburban 35.0
67 49 11.111111 arterial 40.0
67 50 11.111111 arterial 40.0
67 51 8.333333 urban 30.0
67 52 11.111111 arterial 40.0
67 53 11.111111 arterial 40.0
67 54 9.722222 suburban 35.0
67 55 9.722222 suburban 35.0
67 56 11.111111 arterial 40.0
67 57 9.722222 suburban 35.0
67 58 11.111111 arterial 40.0
67 59 11.111111 arterial 40.0
67 60 11.111111 arterial 40.0
67 61 11.111111 arterial 40.0
67 62 11.111111 arterial 40.0
67 63 11.111111 arterial 40.0
67 64 9.722222 suburban 35.0
67 65 11.111111 arterial 40.0
67 66 11.111111 arterial 40.0
67 68 9.722222 suburban 35.0
67 69 11.111111 arterial 40.0
67 70 11.111111 arterial 40.0
67 71 11.111111 arterial 40.0
67 72 11.111111 arterial 40.0
67 73 8.333333 urban 30.0
67 74 9.722222 suburban 35.0
67 75 9.722222 suburban 35.0
67 76 11.111111 arterial 40.0
67 77 8.333333 urban 30.0
67 78 11.111111 arterial 40.0
67 79 11.111111 arterial 40.0
67 80 11.111111 arterial 40.0
67 81 9.722222 suburban 35.0
67 82 8.333333 urban 30.0
67 83 8.333333 urban 30.0
67 84 11.111111 arterial 40.0
67 85 8.333333 urban 30.0
67 86 11.111111 arterial 40.0
67 87 8.333333 urban 30.0
67 88 11.111111 arterial 40.0
67 89 11.111111 arterial 40.0
67 90 9.722222 suburban 35.0
67 91 11.111111 arterial 40.0
67 92 8.333333 urban 30.0
67 93 9.722222 suburban 35.0
67 94 11.111111 arterial 40.0
67 95 9.722222 suburban 35.0
67 96 9.722222 suburban 35.0
67 97 8.333333 urban 30.0
67 98 11.111111 arterial 40.0
67 99 11.111111 arterial 40.0
67 100 9.722222 suburban 35.0
68 0 8.333333 urban 30.0
68 1 8.333333 urban 30.0
68 2 9.722222 suburban 35.0
68 3 8.333333 urban 30.0
68 4 8.333333 urban 30.0
68 5 8.333333 urban 30.0
68 6 9.722222 suburban 35.0
68 7 9.722222 suburban 35.0
68 8 11.111111 arterial 40.0
68 9 8.333333 urban 30.0
68 10 9.722222 suburban 35.0
68 11 9.722222 suburban 35.0
68 12 9.722222 suburban 35.0
68 13 8.333333 urban 30.0
68 14 8.333333 urban 30.0
68 15 11.111111 arterial 40.0
68 16 9.722222 suburban 35.0
68 17 9.722222 suburban 35.0
68 18 8.333333 urban 30.0
68 19 8.333333 urban 30.0
68 20 9.722222 suburban 35.0
68 21 9.722222 suburban 35.0
68 22 8.333333 urban 30.0
68 23 9.722222 suburban 35.0
68 24 9.722222 suburban 35.0
68 25 9.722222 suburban 35.0
68 26 8.333333 urban 30.0
68 27 8.333333 urban 30.0
68 28 11.111111 arterial 40.0
68 29 9.722222 suburban 35.0
68 30 9.722222 suburban 35.0
68 31 11.111111 arterial 40.0
68 32 8.333333 urban 30.0
68 33 11.111111 arterial 40.0
68 34 9.722222 suburban 35.0
68 35 9.722222 suburban 35.0
68 36 9.722222 suburban 35.0
68 37 9.722222 suburban 35.0
68 38 9.722222 suburban 35.0
68 39 8.333333 urban 30.0
68 40 8.333333 urban 30.0
68 41 8.333333 urban 30.0
68 42 11.111111 arterial 40.0
68 43 9.722222 suburban 35.0
68 44 11.111111 arterial 40.0
68 45 9.722222 suburban 35.0
68 46 8.333333 urban 30.0
68 47 9.722222 suburban 35.0
68 48 8.333333 urban 30.0
68 49 8.333333 urban 30.0
68 50 8.333333 urban 30.0
68 51 11.111111 arterial 40.0
68 52 9.722222 suburban 35.0
68 53 9.722222 suburban 35.0
68 54 8.333333 urban 30.0
68 55 8.333333 urban 30.0
68 56 9.722222 suburban 35.0
68 57 9.722222 suburban 35.0
68 58 9.722222 suburban 35.0
68 59 11.111111 arterial 40.0
68 60 8.333333 urban 30.0
68 61 8.333333 urban 30.0
68 62 9.722222 suburban 35.0
68 63 9.722222 suburban 35.0
68 64 9.722222 suburban 35.0
68 65 9.722222 suburban 35.0
68 66 9.722222 suburban 35.0
68 67 9.722222 suburban 35.0
68 69 8.333333 urban 30.0
68 70 9.722222 suburban 35.0
68 71 8.333333 urban 30.0
68 72 8.333333 urban 30.0
68 73 9.722222 suburban 35.0
68 74 8.333333 urban 30.0
68 75 9.722222 suburban 35.0
68 76 8.333333 urban 30.0
68 77 9.722222 suburban 35.0
68 78 8.333333 urban 30.0
68 79 8.333333 urban 30.0
68 80 8.333333 urban 30.0
68 81 8.333333 urban 30.0
68 82 9.722222 suburban 35.0
68 83 11.111111 arterial 40.0
68 84 8.333333 urban 30.0
68 85 11.111111 arterial 40.0
68 86 8.333333 urban 30.0
68 87 11.111111 arterial 40.0
68 88 8.333333 urban 30.0
68 89 8.333333 urban 30.0
68 90 9.722222 suburban 35.0
68 91 8.333333 urban 30.0
68 92 9.722222 suburban 35.0
68 93 8.333333 urban 30.0
68 94 8.333333 urban 30.0
68 95 8.333333 urban 30.0
68 96 8.333333 urban 30.0
68 97 9.722222 suburban 35.0
68 98 8.333333 urban 30.0
68 99 9.722222 suburban 35.0
68 100 9.722222 suburban 35.0
69 0 9.722222 suburban 35.0
69 1 11.111111 arterial 40.0
69 2 9.722222 suburban 35.0
69 3 11.111111 arterial 40.0
69 4 9.722222 suburban 35.0
69 5 11.111111 arterial 40.0
69 6 8.333333 urban 30.0
69 7 9.722222 suburban 35.0
69 8 8.333333 urban 30.0
69 9 9.722222 suburban 35.0
69 10 9.722222 suburban 35.0
69 11 11.111111 arterial 40.0
69 12 8.333333 urban 30.0
69 13 9.722222 suburban 35.0
69 14 11.111111 arterial 40.0
69 15 8.333333 urban 30.0
69 16 9.722222 suburban 35.0
69 17 11.111111 arterial 40.0
69 18 11.111111 arterial 40.0
69 19 11.111111 arterial 40.0
69 20 9.722222 suburban 35.0
69 21 8.333333 urban 30.0
69 22 9.722222 suburban 35.0
69 23 8.333333 urban 30.0
69 24 8.333333 urban 30.0
69 25 9.722222 suburban 35.0
69 26 11.111111 arterial 40.0
69 27 9.722222 suburban 35.0
69 28 9.722222 suburban 35.0
69 29 8.333333 urban 30.0
69 30 8.333333 urban 30.0
69 31 8.333333 urban 30.0
69 32 9.722222 suburban 35.0
69 33 9.722222 suburban 35.0
69 34 11.111111 arterial 40.0
69 35 8.333333 urban 30.0
69 36 9.722222 suburban 35.0
69 37 9.722222 suburban 35.0
69 38 8.333333 urban 30.0
69 39 9.722222 suburban 35.0
69 40 9.722222 suburban 35.0
69 41 11.111111 arterial 40.0
69 42 9.722222 suburban 35.0
69 43 9.722222 suburban 35.0
69 44 9.722222 suburban 35.0
69 45 8.333333 urban 30.0
69 46 11.111111 arterial 40.0
69 47 11.111111 arterial 40.0
69 48 9.722222 suburban 35.0
69 49 11.111111 arterial 40.0
69 50 9.722222 suburban 35.0
69 51 8.333333 urban 30.0
69 52 11.111111 arterial 40.0
69 53 11.111111 arterial 40.0
69 54 9.722222 suburban 35.0
69 55 8.333333 urban 30.0
69 56 11.111111 arterial 40.0
69 57 11.111111 arterial 40.0
69 58 11.111111 arterial 40.0
69 59 8.333333 urban 30.0
69 60 11.111111 arterial 40.0
69 61 9.722222 suburban 35.0
69 62 8.333333 urban 30.0
69 63 8.333333 urban 30.0
69 64 8.333333 urban 30.0
69 65 9.722222 suburban 35.0
69 66 9.722222 suburban 35.0
69 67 11.111111 arterial 40.0
69 68 8.333333 urban 30.0
69 70 9.722222 suburban 35.0
69 71 9.722222 suburban 35.0
69 72 11.111111 arterial 40.0
69 73 8.333333 urban 30.0
69 74 9.722222 suburban 35.0
69 75 11.111111 arterial 40.0
69 76 9.722222 suburban 35.0
69 77 8.333333 urban 30.0
69 78 9.722222 suburban 35.0
69 79 11.111111 arterial 40.0
69 80 11.111111 arterial 40.0
69 81 9.722222 suburban 35.0
69 82 9.722222 suburban 35.0
69 83 9.722222 suburban 35.0
69 84 11.111111 arterial 40.0
69 85 9.722222 suburban 35.0
69 86 11.111111 arterial 40.0
69 87 9.722222 suburban 35.0
69 88 9.722222 suburban 35.0
69 89 8.333333 urban 30.0
69 90 8.333333 urban 30.0
69 91 9.722222 suburban 35.0
69 92 9.722222 suburban 35.0
69 93 8.333333 urban 30.0
69 94 11.111111 arterial 40.0
69 95 9.722222 suburban 35.0
69 96 9.722222 suburban 35.0
69 97 8.333333 urban 30.0
69 98 11.111111 arterial 40.0
69 99 9.722222 suburban 35.0
69 100 11.111111 arterial 40.0
70 0 9.722222 suburban 35.0
70 1 11.111111 arterial 40.0
70 2 9.722222 suburban 35.0
70 3 8.333333 urban 30.0
70 4 9.722222 suburban 35.0
70 5 9.722222 suburban 35.0
70 6 9.722222 suburban 35.0
70 7 8.333333 urban 30.0
70 8 11.111111 arterial 40.0
70 9 9.722222 suburban 35.0
70 10 9.722222 suburban 35.0
70 11 8.333333 urban 30.0
70 12 11.111111 arterial 40.0
70 13 9.722222 suburban 35.0
70 14 8.333333 urban 30.0
70 15 11.111111 arterial 40.0
70 16 9.722222 suburban 35.0
70 17 8.333333 urban 30.0
70 18 11.111111 arterial 40.0
70 19 9.722222 suburban 35.0
70 20 9.722222 suburban 35.0
70 21 11.111111 arterial 40.0
70 22 8.333333 urban 30.0
70 23 11.111111 arterial 40.0
70 24 9.722222 suburban 35.0
70 25 9.722222 suburban 35.0
70 26 11.111111 arterial 40.0
70 27 9.722222 suburban 35.0
70 28 9.722222 suburban 35.0
70 29 11.111111 arterial 40.0
70 30 11.111111 arterial 40.0
70 31 11.111111 arterial 40.0
70 32 8.333333 urban 30.0
70 33 9.722222 suburban 35.0
70 34 8.333333 urban 30.0
70 35 11.111111 arterial 40.0
70 36 9.722222 suburban 35.0
70 37 11.111111 arterial 40.0
70 38 11.111111 arterial 40.0
70 39 9.722222 suburban 35.0
70 40 11.111111 arterial 40.0
70 41 11.111111 arterial 40.0
70 42 11.111111 arterial 40.0
70 43 8.333333 urban 30.0
70 44 9.722222 suburban 35.0
70 45 11.111111 arterial 40.0
70 46 9.722222 suburban 35.0
70 47 11.111111 arterial 40.0
70 48 8.333333 urban 30.0
70 49 9.722222 suburban 35.0
70 50 9.722222 suburban 35.0
70 51 11.111111 arterial 40.0
70 52 8.333333 urban 30.0
70 53 8.333333 urban 30.0
70 54 8.333333 urban 30.0
70 55 9.722222 suburban 35.0
70 56 11.111111 arterial 40.0
70 57 8.333333 urban 30.0
70 58 11.111111 arterial 40.0
70 59 11.111111 arterial 40.0
70 60 9.722222 suburban 35.0
70 61 11.111111 arterial 40.0
70 62 11.111111 arterial 40.0
70 63 11.111111 arterial 40.0
70 64 11.111111 arterial 40.0
70 65 11.111111 arterial 40.0
70 66 11.111111 arterial 40.0
70 67 11.111111 arterial 40.0
70 68 9.722222 suburban 35.0
70 69 9.722222 suburban 35.0
70 71 11.111111 arterial 40.0
70 72 11.111111 arterial 40.0
70 73 9.722222 suburban 35.0
70 74 9.722222 suburban 35.0
70 75 8.333333 urban 30.0
70 76 9.722222 suburban 35.0
70 77 11.111111 arterial 40.0
70 78 9.722222 suburban 35.0
70 79 8.333333 urban 30.0
70 80 9.722222 suburban 35.0
70 81 9.722222 suburban 35.0
70 82 9.722222 suburban 35.0
70 83 11.111111 arterial 40.0
70 84 8.333333 urban 30.0
70 85 11.111111 arterial 40.0
70 86 11.111111 arterial 40.0
70 87 9.722222 suburban 35.0
70 88 9.722222 suburban 35.0
70 89 11.111111 arterial 40.0
70 90 11.111111 arterial 40.0
70 91 11.111111 arterial 40.0
70 92 9.722222 suburban 35.0
70 93 9.722222 suburban 35.0
70 94 9.722222 suburban 35.0
70 95 9.722222 suburban 35.0
70 96 9.722222 suburban 35.0
70 97 11.111111 arterial 40.0
70 98 11.111111 arterial 40.0
70 99 11.111111 arterial 40.0
70 100 8.333333 urban 30.0
71 0 8.333333 urban 30.0
71 1 11.111111 arterial 40.0
71 2 8.333333 urban 30.0
71 3 8.333333 urban 30.0
71 4 9.722222 suburban 35.0
71 5 9.722222 suburban 35.0
71 6 8.333333 urban 30.0
71 7 8.333333 urban 30.0
71 8 8.333333 urban 30.0
71 9 8.333333 urban 30.0
71 10 8.333333 urban 30.0
71 11 9.722222 suburban 35.0
71 12 9.722222 suburban 35.0
71 13 9.722222 suburban 35.0
71 14 9.722222 suburban 35.0
71 15 11.111111 arterial 40.0
71 16 8.333333 urban 30.0
71 17 9.722222 suburban 35.0
71 18 11.111111 arterial 40.0
71 19 11.111111 arterial 40.0
71 20 8.333333 urban 30.0
71 21 11.111111 arterial 40.0
71 22 8.333333 urban 30.0
71 23 11.111111 arterial 40.0
71 24 8.333333 urban 30.0
71 25 8.333333 urban 30.0
71 26 11.111111 arterial 40.0
71 27 8.333333 urban 30.0
71 28 8.333333 urban 30.0
71 29 9.722222 suburban 35.0
71 30 8.333333 urban 30.0
71 31 9.722222 suburban 35.0
71 32 8.333333 urban 30.0
71 33 8.333333 urban 30.0
71 34 9.722222 suburban 35.0
71 35 9.722222 suburban 35.0
71 36 8.333333 urban 30.0
71 37 11.111111 arterial 40.0
71 38 9.722222 suburban 35.0
71 39 9.722222 suburban 35.0
71 40 11.111111 arterial 40.0
71 41 11.111111 arterial 40.0
71 42 11.111111 arterial 40.0
71 43 8.333333 urban 30.0
71 44 8.333333 urban 30.0
71 45 9.722222 suburban 35.0
71 46 9.722222 suburban 35.0
71 47 11.111111 arterial 40.0
71 48 8.333333 urban 30.0
71 49 9.722222 suburban 35.0
71 50 8.333333 urban 30.0
71 51 9.722222 suburban 35.0
71 52 9.722222 suburban 35.0
71 53 9.722222 suburban 35.0
71 54 8.333333 urban 30.0
71 55 8.333333 urban 30.0
71 56 11.111111 arterial 40.0
71 57 8.333333 urban 30.0
71 58 11.111111 arterial 40.0
71 59 11.111111 arterial 40.0
71 60 9.722222 suburban 35.0
71 61 11.111111 arterial 40.0
71 62 9.722222 suburban 35.0
71 63 9.722222 suburban 35.0
71 64 9.722222 suburban 35.0
71 65 11.111111 arterial 40.0
71 66 11.111111 arterial 40.0
71 67 11.111111 arterial 40.0
71 68 8.333333 urban 30.0
71 69 9.722222 suburban 35.0
71 70 11.111111 arterial 40.0
71 72 11.111111 arterial 40.0
71 73 8.333333 urban 30.0
71 74 8.333333 urban 30.0
71 75 8.333333 urban 30.0
71 76 8.333333 urban 30.0
71 77 8.333333 urban 30.0
71 78 9.722222 suburban 35.0
71 79 8.333333 urban 30.0
71 80 9.722222 suburban 35.0
71 81 8.333333 urban 30.0
71 82 8.333333 urban 30.0
71 83 9.722222 suburban 35.0
71 84 8.333333 urban 30.0
71 85 8.333333 urban 30.0
71 86 11.111111 arterial 40.0
71 87 8.333333 urban 30.0
71 88 9.722222 suburban 35.0
71 89 9.722222 suburban 35.0
71 90 9.722222 suburban 35.0
71 91 11.111111 arterial 40.0
71 92 8.333333 urban 30.0
71 93 8.333333 urban 30.0
71 94 9.722222 suburban 35.0
71 95 8.333333 urban 30.0
71 96 8.333333 urban 30.0
71 97 9.722222 suburban 35.0
71 98 11.111111 arterial 40.0
71 99 11.111111 arterial 40.0
71 100 8.333333 urban 30.0
72 0 9.722222 suburban 35.0
72 1 11.111111 arterial 40.0
72 2 8.333333 urban 30.0
72 3 9.722222 suburban 35.0
72 4 11.111111 arterial 40.0
72 5 11.111111 arterial 40.0
72 6 8.333333 urban 30.0
72 7 9.722222 suburban 35.0
72 8 8.333333 urban 30.0
72 9 9.722222 suburban 35.0
72 10 8.333333 urban 30.0
72 11 11.111111 arterial 40.0
72 12 9.722222 suburban 35.0
72 13 9.722222 suburban 35.0
72 14 11.111111 arterial 40.0
72 15 9.722222 suburban 35.0
72 16 8.333333 urban 30.0
72 17 11.111111 arterial 40.0
72 18 11.111111 arterial 40.0
72 19 11.111111 arterial 40.0
72 20 8.333333 urban 30.0
72 21 9.722222 suburban 35.0
72 22 9.722222 suburban 35.0
72 23 11.111111 arterial 40.0
72 24 8.333333 urban 30.0
72 25 8.333333 urban 30.0
72 26 11.111111 arterial 40.0
72 27 9.722222 suburban 35.0
72 28 8.333333 urban 30.0
72 29 9.722222 suburban 35.0
72 30 8.333333 urban 30.0
72 31 8.333333 urban 30.0
72 32 9.722222 suburban 35.0
72 33 8.333333 urban 30.0
72 34 11.111111 arterial 40.0
72 35 9.722222 suburban 35.0
72 36 8.333333 urban 30.0
72 37 11.111111 arterial 40.0
72 38 9.722222 suburban 35.0
72 39 11.111111 arterial 40.0
72 40 11.111111 arterial 40.0
72 41 11.111111 arterial 40.0
72 42 11.111111 arterial 40.0
72 43 8.333333 urban 30.0
72 44 8.333333 urban 30.0
72 45 8.333333 urban 30.0
72 46 11.111111 arterial 40.0
72 47 11.111111 arterial 40.0
72 48 9.722222 suburban 35.0
72 49 11.111111 arterial 40.0
72 50 9.722222 suburban 35.0
72 51 8.333333 urban 30.0
72 52 11.111111 arterial 40.0
72 53 9.722222 suburban 35.0
72 54 8.333333 urban 30.0
72 55 8.333333 urban 30.0
72 56 11.111111 arterial 40.0
72 57 9.722222 suburban 35.0
72 58 11.111111 arterial 40.0
72 59 11.111111 arterial 40.0
72 60 11.111111 arterial 40.0
72 61 11.111111 arterial 40.0
72 62 9.722222 suburban 35.0
72 63 9.722222 suburban 35.0
72 64 8.333333 urban 30.0
72 65 11.111111 arterial 40.0
72 66 11.111111 arterial 40.0
72 67 11.111111 arterial 40.0
72 68 8.333333 urban 30.0
72 69 11.111111 arterial 40.0
72 70 11.111111 arterial 40.0
72 71 11.111111 arterial 40.0
72 73 8.333333 urban 30.0
72 74 9.722222 suburban 35.0
72 75 9.722222 suburban 35.0
72 76 9.722222 suburban 35.0
72 77 8.333333 urban 30.0
72 78 9.722222 suburban 35.0
72 79 9.722222 suburban 35.0
72 80 11.111111 arterial 40.0
72 81 9.722222 suburban 35.0
72 82 8.333333 urban 30.0
72 83 8.333333 urban 30.0
72 84 9.722222 suburban 35.0
72 85 8.333333 urban 30.0
72 86 11.111111 arterial 40.0
72 87 8.333333 urban 30.0
72 88 9.722222 suburban 35.0
72 89 9.722222 suburban 35.0
72 90 9.722222 suburban 35.0
72 91 11.111111 arterial 40.0
72 92 8.333333 urban 30.0
72 93 8.333333 urban 30.0
72 94 11.111111 arterial 40.0
72 95 9.722222 suburban 35.0
72 96 9.722222 suburban 35.0
72 97 8.333333 urban 30.0
72 98 11.111111 arterial 40.0
72 99 11.111111 arterial 40.0
72 100 9.722222 suburban 35.0
73 0 8.333333 urban 30.0
73 1 8.333333 urban 30.0
73 2 11.111111 arterial 40.0
73 3 9.722222 suburban 35.0
73 4 8.333333 urban 30.0
73 5 8.333333 urban 30.0
73 6 11.111111 arterial 40.0
73 7 9.722222 suburban 35.0
73 8 11.111111 arterial 40.0
73 9 8.333333 urban 30.0
73 10 11.111111 arterial 40.0
73 11 9.722222 suburban 35.0
73 12 9.722222 suburban 35.0
73 13 8.333333 urban 30.0
73 14 8.333333 urban 30.0
73 15 11.111111 arterial 40.0
73 16 9.722222 suburban 35.0
73 17 9.722222 suburban 35.0
73 18 8.333333 urban 30.0
73 19 8.333333 urban 30.0
73 20 11.111111 arterial 40.0
73 21 9.722222 suburban 35.0
73 22 9.722222 suburban 35.0
73 23 9.722222 suburban 35.0
73 24 11.111111 arterial 40.0
73 25 9.722222 suburban 35.0
73 26 8.333333 urban 30.0
73 27 8.333333 urban 30.0
73 28 11.111111 arterial 40.0
73 29 9.722222 suburban 35.0
73 30 11.111111 arterial 40.0
73 31 11.111111 arterial 40.0
73 32 8.333333 urban 30.0
73 33 11.111111 arterial 40.0
73 34 9.722222 suburban 35.0
73 35 9.722222 suburban 35.0
73 36 11.111111 arterial 40.0
73 37 9.722222 suburban 35.0
73 38 9.722222 suburban 35.0
73 39 8.333333 urban 30.0
73 40 8.333333 urban 30.0
73 41 8.333333 urban 30.0
73 42 11.111111 arterial 40.0
73 43 9.722222 suburban 35.0
73 44 11.111111 arterial 40.0
73 45 9.722222 suburban 35.0
73 46 8.333333 urban 30.0
73 47 8.333333 urban 30.0
73 48 9.722222 suburban 35.0
73 49 8.333333 urban 30.0
73 50 8.333333 urban 30.0
73 51 11.111111 arterial 40.0
73 52 9.722222 suburban 35.0
73 53 9.722222 suburban 35.0
73 54 9.722222 suburban 35.0
73 55 9.722222 suburban 35.0
73 56 8.333333 urban 30.0
73 57 9.722222 suburban 35.0
73 58 8.333333 urban 30.0
73 59 11.111111 arterial 40.0
73 60 8.333333 urban 30.0
73 61 8.333333 urban 30.0
73 62 9.722222 suburban 35.0
73 63 9.722222 suburban 35.0
73 64 11.111111 arterial 40.0
73 65 9.722222 suburban 35.0
73 66 11.111111 arterial 40.0
73 67 8.333333 urban 30.0
73 68 9.722222 suburban 35.0
73 69 8.333333 urban 30.0
73 70 9.722222 suburban 35.0
73 71 8.333333 urban 30.0
73 72 8.333333 urban 30.0
73 74 8.333333 urban 30.0
73 75 9.722222 suburban 35.0
73 76 8.333333 urban 30.0
73 77 11.111111 arterial 40.0
73 78 8.333333 urban 30.0
73 79 9.722222 suburban 35.0
73 80 8.333333 urban 30.0
73 81 8.333333 urban 30.0
73 82 9.722222 suburban 35.0
73 83 11.111111 arterial 40.0
73 84 9.722222 suburban 35.0
73 85 11.111111 arterial 40.0
73 86 8.333333 urban 30.0
73 87 11.111111 arterial 40.0
73 88 8.333333 urban 30.0
73 89 8.333333 urban 30.0
73 90 9.722222 suburban 35.0
73 91 8.333333 urban 30.0
73 92 9.722222 suburban 35.0
73 93 9.722222 suburban 35.0
73 94 8.333333 urban 30.0
73 95 8.333333 urban 30.0
73 96 9.722222 suburban 35.0
73 97 11.111111 arterial 40.0
73 98 8.333333 urban 30.0
73 99 9.722222 suburban 35.0
73 100 9.722222 suburban 35.0
74 0 8.333333 urban 30.0
74 1 9.722222 suburban 35.0
74 2 8.333333 urban 30.0
74 3 9.722222 suburban 35.0
74 4 8.333333 urban 30.0
74 5 9.722222 suburban 35.0
74 6 8.333333 urban 30.0
74 7 9.722222 suburban 35.0
74 8 8.333333 urban 30.0
74 9 8.333333 urban 30.0
74 10 8.333333 urban 30.0
74 11 9.722222 suburban 35.0
74 12 8.333333 urban 30.0
74 13 8.333333 urban 30.0
74 14 9.722222 suburban 35.0
74 15 9.722222 suburban 35.0
74 16 8.333333 urban 30.0
74 17 9.722222 suburban 35.0
74 18 9.722222 suburban 35.0
74 19 9.722222 suburban 35.0
74 20 8.333333 urban 30.0
74 21 9.722222 suburban 35.0
74 22 8.333333 urban 30.0
74 23 9.722222 suburban 35.0
74 24 8.333333 urban 30.0
74 25 8.333333 urban 30.0
74 26 9.722222 suburban 35.0
74 27 8.333333 urban 30.0
74 28 9.722222 suburban 35.0
74 29 8.333333 urban 30.0
74 30 8.333333 urban 30.0
74 31 9.722222 suburban 35.0
74 32 8.333333 urban 30.0
74 33 9.722222 suburban 35.0
74 34 9.722222 suburban 35.0
74 35 8.333333 urban 30.0
74 36 9.722222 suburban 35.0
74 37 9.722222 suburban 35.0
74 38 8.333333 urban 30.0
74 39 8.333333 urban 30.0
74 40 9.722222 suburban 35.0
74 41 9.722222 suburban 35.0
74 42 9.722222 suburban 35.0
74 43 8.333333 urban 30.0
74 44 9.722222 suburban 35.0
74 45 8.333333 urban 30.0
74 46 8.333333 urban 30.0
74 47 11.111111 arterial 40.0
74 48 8.333333 urban 30.0
74 49 9.722222 suburban 35.0
74 50 8.333333 urban 30.0
74 51 9.722222 suburban 35.0
74 52 9.722222 suburban 35.0
74 53 9.722222 suburban 35.0
74 54 8.333333 urban 30.0
74 55 8.333333 urban 30.0
74 56 9.722222 suburban 35.0
74 57 9.722222 suburban 35.0
74 58 9.722222 suburban 35.0
74 59 9.722222 suburban 35.0
74 60 9.722222 suburban 35.0
74 61 9.722222 suburban 35.0
74 62 8.333333 urban 30.0
74 63 8.333333 urban 30.0
74 64 8.333333 urban 30.0
74 65 9.722222 suburban 35.0
74 66 9.722222 suburban 35.0
74 67 9.722222 suburban 35.0
74 68 8.333333 urban 30.0
74 69 9.722222 suburban 35.0
74 70 9.722222 suburban 35.0
74 71 8.333333 urban 30.0
74 72 9.722222 suburban 35.0
74 73 8.333333 urban 30.0
74 75 9.722222 suburban 35.0
74 76 8.333333 urban 30.0
74 77 8.333333 urban 30.0
74 78 8.333333 urban 30.0
74 79 9.722222 suburban 35.0
74 80 9.722222 suburban 35.0
74 81 8.333333 urban 30.0
74 82 8.333333 urban 30.0
74 83 9.722222 suburban 35.0
74 84 9.722222 suburban 35.0
74 85 9.722222 suburban 35.0
74 86 9.722222 suburban 35.0
74 87 9.722222 suburban 35.0
74 88 8.333333 urban 30.0
74 89 8.333333 urban 30.0
74 90 8.333333 urban 30.0
74 91 9.722222 suburban 35.0
74 92 8.333333 urban 30.0
74 93 8.333333 urban 30.0
74 94 9.722222 suburban 35.0
74 95 8.333333 urban 30.0
74 96 8.333333 urban 30.0
74 97 8.333333 urban 30.0
74 98 9.722222 suburban 35.0
74 99 9.722222 suburban 35.0
74 100 9.722222 suburban 35.0
75 0 9.722222 suburban 35.0
75 1 9.722222 suburban 35.0
75 2 11.111111 arterial 40.0
75 3 11.111111 arterial 40.0
75 4 8.333333 urban 30.0
75 5 9.722222 suburban 35.0
75 6 11.111111 arterial 40.0
75 7 11.111111 arterial 40.0
75 8 9.722222 suburban 35.0
75 9 8.333333 urban 30.0
75 10 11.111111 arterial 40.0
75 11 11.111111 arterial 40.0
75 12 8.333333 urban 30.0
75 13 9.722222 suburban 35.0
75 14 11.111111 arterial 40.0
75 15 8.333333 urban 30.0
75 16 9.722222 suburban 35.0
75 17 11.111111 arterial 40.0
75 18 9.722222 suburban 35.0
75 19 9.722222 suburban 35.0
75 20 11.111111 arterial 40.0
75 21 8.333333 urban 30.0
75 22 11.111111 arterial 40.0
75 23 8.333333 urban 30.0
75 24 9.722222 suburban 35.0
75 25 9.722222 suburban 35.0
75 26 9.722222 suburban 35.0
75 27 9.722222 suburban 35.0
75 28 11.111111 arterial 40.0
75 29 8.333333 urban 30.0
75 30 9.722222 suburban 35.0
75 31 9.722222 suburban 35.0
75 32 9.722222 suburban 35.0
75 33 11.111111 arterial 40.0
75 34 11.111111 arterial 40.0
75 35 8.333333 urban 30.0
75 36 11.111111 arterial 40.0
75 37 8.333333 urban 30.0
75 38 8.333333 urban 30.0
75 39 9.722222 suburban 35.0
75 40 8.333333 urban 30.0
75 41 9.722222 suburban 35.0
75 42 8.333333 urban 30.0
75 43 11.111111 arterial 40.0
75 44 11.111111 arterial 40.0
75 45 9.722222 suburban 35.0
75 46 9.722222 suburban 35.0
75 47 9.722222 suburban 35.0
75 48 9.722222 suburban 35.0
75 49 11.111111 arterial 40.0
75 50 9.722222 suburban 35.0
75 51 11.111111 arterial 40.0
75 52 11.111111 arterial 40.0
75 53 11.111111 arterial 40.0
75 54 9.722222 suburban 35.0
75 55 9.722222 suburban 35.0
75 56 9.722222 suburban 35.0
75 57 11.111111 arterial 40.0
75 58 9.722222 suburban 35.0
75 59 8.333333 urban 30.0
75 60 9.722222 suburban 35.0
75 61 8.333333 urban 30.0
75 62 8.333333 urban 30.0
75 63 8.333333 urban 30.0
75 64 9.722222 suburban 35.0
75 65 8.333333 urban 30.0
75 66 8.333333 urban 30.0
75 67 9.722222 suburban 35.0
75 68 9.722222 suburban 35.0
75 69 11.111111 arterial 40.0
75 70 8.333333 urban 30.0
75 71 8.333333 urban 30.0
75 72 9.722222 suburban 35.0
75 73 9.722222 suburban 35.0
75 74 9.722222 suburban 35.0
75 76 9.722222 suburban 35.0
75 77 9.722222 suburban 35.0
75 78 9.722222 suburban 35.0
75 79 11.111111 arterial 40.0
75 80 11.111111 arterial 40.0
75 81 9.722222 suburban 35.0
75 82 9.722222 suburban 35.0
75 83 11.111111 arterial 40.0
75 84 11.111111 arterial 40.0
75 85 11.111111 arterial 40.0
75 86 8.333333 urban 30.0
75 87 11.111111 arterial 40.0
75 88 9.722222 suburban 35.0
75 89 8.333333 urban 30.0
75 90 8.333333 urban 30.0
75 91 8.333333 urban 30.0
75 92 9.722222 suburban 35.0
75 93 9.722222 suburban 35.0
75 94 11.111111 arterial 40.0
75 95 9.722222 suburban 35.0
75 96 9.722222 suburban 35.0
75 97 9.722222 suburban 35.0
75 98 9.722222 suburban 35.0
75 99 8.333333 urban 30.0
75 100 11.111111 arterial 40.0
76 0 8.333333 urban 30.0
76 1 9.722222 suburban 35.0
76 2 8.333333 urban 30.0
76 3 9.722222 suburban 35.0
76 4 8.333333 urban 30.0
76 5 9.722222 suburban 35.0
76 6 8.333333 urban 30.0
76 7 9.722222 suburban 35.0
76 8 8.333333 urban 30.0
76 9 8.333333 urban 30.0
76 10 8.333333 urban 30.0
76 11 9.722222 suburban 35.0
76 12 8.333333 urban 30.0
76 13 8.333333 urban 30.0
76 14 9.722222 suburban 35.0
76 15 9.722222 suburban 35.0
76 16 8.333333 urban 30.0
76 17 9.722222 suburban 35.0
76 18 9.722222 suburban 35.0
76 19 9.722222 suburban 35.0
76 20 8.333333 urban 30.0
76 21 9.722222 suburban 35.0
76 22 8.333333 urban 30.0
76 23 9.722222 suburban 35.0
76 24 8.333333 urban 30.0
76 25 8.333333 urban 30.0
76 26 9.722222 suburban 35.0
76 27 8.333333 urban 30.0
76 28 9.722222 suburban 35.0
76 29 8.333333 urban 30.0
76 30 8.333333 urban 30.0
76 31 8.333333 urban 30.0
76 32 8.333333 urban 30.0
76 33 9.722222 suburban 35.0
76 34 9.722222 suburban 35.0
76 35 8.333333 urban 30.0
76 36 9.722222 suburban 35.0
76 37 9.722222 suburban 35.0
76 38 8.333333 urban 30.0
76 39 8.333333 urban 30.0
76 40 9.722222 suburban 35.0
76 41 9.722222 suburban 35.0
76 42 9.722222 suburban 35.0
76 43 8.333333 urban 30.0
76 44 9.722222 suburban 35.0
76 45 8.333333 urban 30.0
76 46 9.722222 suburban 35.0
76 47 11.111111 arterial 40.0
76 48 8.333333 urban 30.0
76 49 9.722222 suburban 35.0
76 50 8.333333 urban 30.0
76 51 9.722222 suburban 35.0
76 52 9.722222 suburban 35.0
76 53 9.722222 suburban 35.0
76 54 8.333333 urban 30.0
76 55 8.333333 urban 30.0
76 56 9.722222 suburban 35.0
76 57 9.722222 suburban 35.0
76 58 9.722222 suburban 35.0
76 59 9.722222 suburban 35.0
76 60 9.722222 suburban 35.0
76 61 9.722222 suburban 35.0
76 62 8.333333 urban 30.0
76 63 8.333333 urban 30.0
76 64 8.333333 urban 30.0
76 65 9.722222 suburban 35.0
76 66 9.722222 suburban 35.0
76 67 11.111111 arterial 40.0
76 68 8.333333 urban 30.0
76 69 9.722222 suburban 35.0
76 70 9.722222 suburban 35.0
76 71 8.333333 urban 30.0
76 72 9.722222 suburban 35.0
76 73 8.333333 urban 30.0
76 74 8.333333 urban 30.0
76 75 9.722222 suburban 35.0
76 77 8.333333 urban 30.0
76 78 8.333333 urban 30.0
76 79 9.722222 suburban 35.0
76 80 9.722222 suburban 35.0
76 81 8.333333 urban 30.0
76 82 8.333333 urban 30.0
76 83 9.722222 suburban 35.0
76 84 9.722222 suburban 35.0
76 85 9.722222 suburban 35.0
76 86 9.722222 suburban 35.0
76 87 9.722222 suburban 35.0
76 88 8.333333 urban 30.0
76 89 8.333333 urban 30.0
76 90 8.333333 urban 30.0
76 91 9.722222 suburban 35.0
76 92 8.333333 urban 30.0
76 93 8.333333 urban 30.0
76 94 9.722222 suburban 35.0
76 95 8.333333 urban 30.0
76 96 8.333333 urban 30.0
76 97 8.333333 urban 30.0
76 98 9.722222 suburban 35.0
76 99 9.722222 suburban 35.0
76 100 9.722222 suburban 35.0
77 0 9.722222 suburban 35.0
77 1 8.333333 urban 30.0
77 2 11.111111 arterial 40.0
77 3 9.722222 suburban 35.0
77 4 8.333333 urban 30.0
77 5 8.333333 urban 30.0
77 6 11.111111 arterial 40.0
77 7 9.722222 suburban 35.0
77 8 11.111111 arterial 40.0
77 9 9.722222 suburban 35.0
77 10 11.111111 arterial 40.0
77 11 9.722222 suburban 35.0
77 12 9.722222 suburban 35.0
77 13 8.333333 urban 30.0
77 14 8.333333 urban 30.0
77 15 11.111111 arterial 40.0
77 16 9.722222 suburban 35.0
77 17 9.722222 suburban 35.0
77 18 8.333333 urban 30.0
77 19 8.333333 urban 30.0
77 20 11.111111 arterial 40.0
77 21 11.111111 arterial 40.0
77 22 9.722222 suburban 35.0
77 23 11.111111 arterial 40.0
77 24 11.111111 arterial 40.0
77 25 9.722222 suburban 35.0
77 26 8.333333 urban 30.0
77 27 8.333333 urban 30.0
77 28 11.111111 arterial 40.0
77 29 11.111111 arterial 40.0
77 30 11.111111 arterial 40.0
77 31 11.111111 arterial 40.0
77 32 8.333333 urban 30.0
77 33 11.111111 arterial 40.0
77 34 9.722222 suburban 35.0
77 35 9.722222 suburban 35.0
77 36 11.111111 arterial 40.0
77 37 9.722222 suburban 35.0
77 38 11.111111 arterial 40.0
77 39 8.333333 urban 30.0
77 40 8.333333 urban 30.0
77 41 8.333333 urban 30.0
77 42 11.111111 arterial 40.0
77 43 9.722222 suburban 35.0
77 44 11.111111 arterial 40.0
77 45 11.111111 arterial 40.0
77 46 8.333333 urban 30.0
77 47 8.333333 urban 30.0
77 48 9.722222 suburban 35.0
77 49 8.333333 urban 30.0
77 50 8.333333 urban 30.0
77 51 11.111111 arterial 40.0
77 52 9.722222 suburban 35.0
77 53 9.722222 suburban 35.0
77 54 9.722222 suburban 35.0
77 55 9.722222 suburban 35.0
77 56 8.333333 urban 30.0
77 57 9.722222 suburban 35.0
77 58 8.333333 urban 30.0
77 59 11.111111 arterial 40.0
77 60 8.333333 urban 30.0
77 61 8.333333 urban 30.0
77 62 9.722222 suburban 35.0
77 63 9.722222 suburban 35.0
77 64 11.111111 arterial 40.0
77 65 9.722222 suburban 35.0
77 66 11.111111 arterial 40.0
77 67 8.333333 urban 30.0
77 68 9.722222 suburban 35.0
77 69 8.333333 urban 30.0
77 70 11.111111 arterial 40.0
77 71 8.333333 urban 30.0
77 72 8.333333 urban 30.0
77 73 11.111111 arterial 40.0
77 74 8.333333 urban 30.0
77 75 9.722222 suburban 35.0
77 76 8.333333 urban 30.0
77 78 8.333333 urban 30.0
77 79 9.722222 suburban 35.0
77 80 8.333333 urban 30.0
77 81 8.333333 urban 30.0
77 82 11.111111 arterial 40.0
77 83 11.111111 arterial 40.0
77 84 9.722222 suburban 35.0
77 85 11.111111 arterial 40.0
77 86 8.333333 urban 30.0
77 87 11.111111 arterial 40.0
77 88 8.333333 urban 30.0
77 89 9.722222 suburban 35.0
77 90 9.722222 suburban 35.0
77 91 8.333333 urban 30.0
77 92 9.722222 suburban 35.0
77 93 9.722222 suburban 35.0
77 94 8.333333 urban 30.0
77 95 8.333333 urban 30.0
77 96 9.722222 suburban 35.0
77 97 11.111111 arterial 40.0
77 98 8.333333 urban 30.0
77 99 9.722222 suburban 35.0
77 100 9.722222 suburban 35.0
78 0 8.333333 urban 30.0
78 1 11.111111 arterial 40.0
78 2 9.722222 suburban 35.0
78 3 9.722222 suburban 35.0
78 4 9.722222 suburban 35.0
78 5 9.722222 suburban 35.0
78 6 8.333333 urban 30.0
78 7 9.722222 suburban 35.0
78 8 8.333333 urban 30.0
78 9 8.333333 urban 30.0
78 10 9.722222 suburban 35.0
78 11 11.111111 arterial 40.0
78 12 8.333333 urban 30.0
78 13 8.333333 urban 30.0
78 14 11.111111 arterial 40.0
78 15 8.333333 urban 30.0
78 16 8.333333 urban 30.0
78 17 11.111111 arterial 40.0
78 18 9.722222 suburban 35.0
78 19 9.722222 suburban 35.0
78 20 9.722222 suburban 35.0
78 21 8.333333 urban 30.0
78 22 9.722222 suburban 35.0
78 23 8.333333 urban 30.0
78 24 8.333333 urban 30.0
78 25 8.333333 urban 30.0
78 26 9.722222 suburban 35.0
78 27 8.333333 urban 30.0
78 28 9.722222 suburban 35.0
78 29 8.333333 urban 30.0
78 30 8.333333 urban 30.0
78 31 8.333333 urban 30.0
78 32 8.333333 urban 30.0
78 33 9.722222 suburban 35.0
78 34 11.111111 arterial 40.0
78 35 8.333333 urban 30.0
78 36 9.722222 suburban 35.0
78 37 8.333333 urban 30.0
78 38 8.333333 urban 30.0
78 39 9.722222 suburban 35.0
78 40 9.722222 suburban 35.0
78 41 11.111111 arterial 40.0
78 42 9.722222 suburban 35.0
78 43 9.722222 suburban 35.0
78 44 9.722222 suburban 35.0
78 45 8.333333 urban 30.0
78 46 9.722222 suburban 35.0
78 47 11.111111 arterial 40.0
78 48 9.722222 suburban 35.0
78 49 9.722222 suburban 35.0
78 50 9.722222 suburban 35.0
78 51 9.722222 suburban 35.0
78 52 11.111111 arterial 40.0
78 53 11.111111 arterial 40.0
78 54 8.333333 urban 30.0
78 55 8.333333 urban 30.0
78 56 9.722222 suburban 35.0
78 57 9.722222 suburban 35.0
78 58 11.111111 arterial 40.0
78 59 9.722222 suburban 35.0
78 60 9.722222 suburban 35.0
78 61 9.722222 suburban 35.0
78 62 8.333333 urban 30.0
78 63 8.333333 urban 30.0
78 64 8.333333 urban 30.0
78 65 8.333333 urban 30.0
78 66 9.722222 suburban 35.0
78 67 11.111111 arterial 40.0
78 68 8.333333 urban 30.0
78 69 9.722222 suburban 35.0
78 70 9.722222 suburban 35.0
78 71 9.722222 suburban 35.0
78 72 9.722222 suburban 35.0
78 73 8.333333 urban 30.0
78 74 8.333333 urban 30.0
78 75 9.722222 suburban 35.0
78 76 8.333333 urban 30.0
78 77 8.333333 urban 30.0
78 79 9.722222 suburban 35.0
78 80 11.111111 arterial 40.0
78 81 8.333333 urban 30.0
78 82 8.333333 urban 30.0
78 83 9.722222 suburban 35.0
78 84 9.722222 suburban 35.0
78 85 9.722222 suburban 35.0
78 86 9.722222 suburban 35.0
78 87 9.722222 suburban 35.0
78 88 9.722222 suburban 35.0
78 89 8.333333 urban 30.0
78 90 8.333333 urban 30.0
78 91 9.722222 suburban 35.0
78 92 8.333333 urban 30.0
78 93 8.333333 urban 30.0
78 94 11.111111 arterial 40.0
78 95 8.333333 urban 30.0
78 96 8.333333 urban 30.0
78 97 8.333333 urban 30.0
78 98 9.722222 suburban 35.0
78 99 9.722222 suburban 35.0
78 100 9.722222 suburban 35.0
79 0 8.333333 urban 30.0
79 1 9.722222 suburban 35.0
79 2 9.722222 suburban 35.0
79 3 11.111111 arterial 40.0
79 4 9.722222 suburban 35.0
79 5 9.722222 suburban 35.0
79 6 9.722222 suburban 35.0
79 7 11.111111 arterial 40.0
79 8 9.722222 suburban 35.0
79 9 8.333333 urban 30.0
79 10 9.722222 suburban 35.0
79 11 11.111111 arterial 40.0
79 12 8.333333 urban 30.0
79 13 9.722222 suburban 35.0
79 14 11.111111 arterial 40.0
79 15 8.333333 urban 30.0
79 16 9.722222 suburban 35.0
79 17 11.111111 arterial 40.0
79 18 9.722222 suburban 35.0
79 19 11.111111 arterial 40.0
79 20 9.722222 suburban 35.0
79 21 8.333333 urban 30.0
79 22 9.722222 suburban 35.0
79 23 8.333333 urban 30.0
79 24 9.722222 suburban 35.0
79 25 9.722222 suburban 35.0
79 26 9.722222 suburban 35.0
79 27 9.722222 suburban 35.0
79 28 11.111111 arterial 40.0
79 29 8.333333 urban 30.0
79 30 9.722222 suburban 35.0
79 31 9.722222 suburban 35.0
79 32 9.722222 suburban 35.0
79 33 9.722222 suburban 35.0
79 34 11.111111 arterial 40.0
79 35 8.333333 urban 30.0
79 36 11.111111 arterial 40.0
79 37 8.333333 urban 30.0
79 38 8.333333 urban 30.0
79 39 9.722222 suburban 35.0
79 40 9.722222 suburban 35.0
79 41 11.111111 arterial 40.0
79 42 8.333333 urban 30.0
79 43 9.722222 suburban 35.0
79 44 9.722222 suburban 35.0
79 45 8.333333 urban 30.0
79 46 9.722222 suburban 35.0
79 47 11.111111 arterial 40.0
79 48 9.722222 suburban 35.0
79 49 11.111111 arterial 40.0
79 50 9.722222 suburban 35.0
79 51 9.722222 suburban 35.0
79 52 11.111111 arterial 40.0
79 53 11.111111 arterial 40.0
79 54 9.722222 suburban 35.0
79 55 8.333333 urban 30.0
79 56 9.722222 suburban 35.0
79 57 11.111111 arterial 40.0
79 58 11.111111 arterial 40.0
79 59 8.333333 urban 30.0
79 60 9.722222 suburban 35.0
79 61 9.722222 suburban 35.0
79 62 8.333333 urban 30.0
79 63 8.333333 urban 30.0
79 64 8.333333 urban 30.0
79 65 8.333333 urban 30.0
79 66 8.333333 urban 30.0
79 67 11.111111 arterial 40.0
79 68 8.333333 urban 30.0
79 69 11.111111 arterial 40.0
79 70 8.333333 urban 30.0
79 71 8.333333 urban 30.0
79 72 9.722222 suburban 35.0
79 73 9.722222 suburban 35.0
79 74 9.722222 suburban 35.0
79 75 11.111111 arterial 40.0
79 76 9.722222 suburban 35.0
79 77 9.722222 suburban 35.0
79 78 9.722222 suburban 35.0
79 80 11.111111 arterial 40.0
79 81 9.722222 suburban 35.0
79 82 9.722222 suburban 35.0
79 83 9.722222 suburban 35.0
79 84 11.111111 arterial 40.0
79 85 11.111111 arterial 40.0
79 86 9.722222 suburban 35.0
79 87 11.111111 arterial 40.0
79 88 9.722222 suburban 35.0
79 89 8.333333 urban 30.0
79 90 8.333333 urban 30.0
79 91 9.722222 suburban 35.0
79 92 9.722222 suburban 35.0
79 93 8.333333 urban 30.0
79 94 11.111111 arterial 40.0
79 95 9.722222 suburban 35.0
79 96 9.722222 suburban 35.0
79 97 8.333333 urban 30.0
79 98 9.722222 suburban 35.0
79 99 8.333333 urban 30.0
79 100 11.111111 arterial 40.0
80 0 9.722222 suburban 35.0
80 1 11.111111 arterial 40.0
80 2 9.722222 suburban 35.0
80 3 11.111111 arterial 40.0
80 4 9.722222 suburban 35.0
80 5 11.111111 arterial 40.0
80 6 8.333333 urban 30.0
80 7 9.722222 suburban 35.0
80 8 8.333333 urban 30.0
80 9 9.722222 suburban 35.0
80 10 9.722222 suburban 35.0
80 11 11.111111 arterial 40.0
80 12 8.333333 urban 30.0
80 13 9.722222 suburban 35.0
80 14 11.111111 arterial 40.0
80 15 8.333333 urban 30.0
80 16 9.722222 suburban 35.0
80 17 11.111111 arterial 40.0
80 18 11.111111 arterial 40.0
80 19 11.111111 arterial 40.0
80 20 9.722222 suburban 35.0
80 21 8.333333 urban 30.0
80 22 9.722222 suburban 35.0
80 23 8.333333 urban 30.0
80 24 8.333333 urban 30.0
80 25 9.722222 suburban 35.0
80 26 11.111111 arterial 40.0
80 27 9.722222 suburban 35.0
80 28 9.722222 suburban 35.0
80 29 8.333333 urban 30.0
80 30 8.333333 urban 30.0
80 31 8.333333 urban 30.0
80 32 9.722222 suburban 35.0
80 33 9.722222 suburban 35.0
80 34 11.111111 arterial 40.0
80 35 8.333333 urban 30.0
80 36 9.722222 suburban 35.0
80 37 9.722222 suburban 35.0
80 38 8.333333 urban 30.0
80 39 9.722222 suburban 35.0
80 40 11.111111 arterial 40.0
80 41 11.111111 arterial 40.0
80 42 9.722222 suburban 35.0
80 43 9.722222 suburban 35.0
80 44 9.722222 suburban 35.0
80 45 8.333333 urban 30.0
80 46 11.111111 arterial 40.0
80 47 11.111111 arterial 40.0
80 48 9.722222 suburban 35.0
80 49 11.111111 arterial 40.0
80 50 9.722222 suburban 35.0
80 51 8.333333 urban 30.0
80 52 11.111111 arterial 40.0
80 53 11.111111 arterial 40.0
80 54 9.722222 suburban 35.0
80 55 8.333333 urban 30.0
80 56 11.111111 arterial 40.0
80 57 11.111111 arterial 40.0
80 58 11.111111 arterial 40.0
80 59 9.722222 suburban 35.0
80 60 11.111111 arterial 40.0
80 61 11.111111 arterial 40.0
80 62 8.333333 urban 30.0
80 63 9.722222 suburban 35.0
80 64 8.333333 urban 30.0
80 65 9.722222 suburban 35.0
80 66 9.722222 suburban 35.0
80 67 11.111111 arterial 40.0
80 68 8.333333 urban 30.0
80 69 11.111111 arterial 40.0
80 70 9.722222 suburban 35.0
80 71 9.722222 suburban 35.0
80 72 11.111111 arterial 40.0
80 73 8.333333 urban 30.0
80 74 9.722222 suburban 35.0
80 75 11.111111 arterial 40.0
80 76 9.722222 suburban 35.0
80 77 8.333333 urban 30.0
80 78 11.111111 arterial 40.0
80 79 11.111111 arterial 40.0
80 81 9.722222 suburban 35.0
80 82 9.722222 suburban 35.0
80 83 8.333333 urban 30.0
80 84 11.111111 arterial 40.0
80 85 9.722222 suburban 35.0
80 86 11.111111 arterial 40.0
80 87 9.722222 suburban 35.0
80 88 9.722222 suburban 35.0
80 89 9.722222 suburban 35.0
80 90 8.333333 urban 30.0
80 91 11.111111 arterial 40.0
80 92 9.722222 suburban 35.0
80 93 8.333333 urban 30.0
80 94 11.111111 arterial 40.0
80 95 9.722222 suburban 35.0
80 96 9.722222 suburban 35.0
80 97 8.333333 urban 30.0
80 98 11.111111 arterial 40.0
80 99 9.722222 suburban 35.0
80 100 11.111111 arterial 40.0
81 0 8.333333 urban 30.0
81 1 9.722222 suburban 35.0
81 2 8.333333 urban 30.0
81 3 9.722222 suburban 35.0
81 4 8.333333 urban 30.0
81 5 9.722222 suburban 35.0
81 6 8.333333 urban 30.0
81 7 9.722222 suburban 35.0
81 8 8.333333 urban 30.0
81 9 8.333333 urban 30.0
81 10 8.333333 urban 30.0
81 11 9.722222 suburban 35.0
81 12 8.333333 urban 30.0
81 13 8.333333 urban 30.0
81 14 9.722222 suburban 35.0
81 15 9.722222 suburban 35.0
81 16 8.333333 urban 30.0
81 17 9.722222 suburban 35.0
81 18 9.722222 suburban 35.0
81 19 9.722222 suburban 35.0
81 20 8.333333 urban 30.0
81 21 9.722222 suburban 35.0
81 22 8.333333 urban 30.0
81 23 9.722222 suburban 35.0
81 24 8.333333 urban 30.0
81 25 8.333333 urban 30.0
81 26 9.722222 suburban 35.0
81 27 8.333333 urban 30.0
81 28 9.722222 suburban 35.0
81 29 9.722222 suburban 35.0
81 30 8.333333 urban 30.0
81 31 9.722222 suburban 35.0
81 32 8.333333 urban 30.0
81 33 9.722222 suburban 35.0
81 34 9.722222 suburban 35.0
81 35 8.333333 urban 30.0
81 36 9.722222 suburban 35.0
81 37 9.722222 suburban 35.0
81 38 8.333333 urban 30.0
81 39 8.333333 urban 30.0
81 40 9.722222 suburban 35.0
81 41 9.722222 suburban 35.0
81 42 9.722222 suburban 35.0
81 43 8.333333 urban 30.0
81 44 9.722222 suburban 35.0
81 45 8.333333 urban 30.0
81 46 8.333333 urban 30.0
81 47 11.111111 arterial 40.0
81 48 8.333333 urban 30.0
81 49 9.722222 suburban 35.0
81 50 8.333333 urban 30.0
81 51 9.722222 suburban 35.0
81 52 9.722222 suburban 35.0
81 53 9.722222 suburban 35.0
81 54 8.333333 urban 30.0
81 55 8.333333 urban 30.0
81 56 9.722222 suburban 35.0
81 57 9.722222 suburban 35.0
81 58 9.722222 suburban 35.0
81 59 9.722222 suburban 35.0
81 60 9.722222 suburban 35.0
81 61 9.722222 suburban 35.0
81 62 8.333333 urban 30.0
81 63 8.333333 urban 30.0
81 64 8.333333 urban 30.0
81 65 9.722222 suburban 35.0
81 66 9.722222 suburban 35.0
81 67 9.722222 suburban 35.0
81 68 8.333333 urban 30.0
81 69 9.722222 suburban 35.0
81 70 9.722222 suburban 35.0
81 71 8.333333 urban 30.0
81 72 9.722222 suburban 35.0
81 73 8.333333 urban 30.0
81 74 8.333333 urban 30.0
81 75 9.722222 suburban 35.0
81 76 8.333333 urban 30.0
81 77 8.333333 urban 30.0
81 78 8.333333 urban 30.0
81 79 9.722222 suburban 35.0
81 80 9.722222 suburban 35.0
81 82 8.333333 urban 30.0
81 83 9.722222 suburban 35.0
81 84 9.722222 suburban 35.0
81 85 9.722222 suburban 35.0
81 86 9.722222 suburban 35.0
81 87 9.722222 suburban 35.0
81 88 8.333333 urban 30.0
81 89 8.333333 urban 30.0
81 90 8.333333 urban 30.0
81 91 9.722222 suburban 35.0
81 92 8.333333 urban 30.0
81 93 8.333333 urban 30.0
81 94 9.722222 suburban 35.0
81 95 8.333333 urban 30.0
81 96 8.333333 urban 30.0
81 97 8.333333 urban 30.0
81 98 9.722222 suburban 35.0
81 99 9.722222 suburban 35.0
81 100 9.722222 suburban 35.0
82 0 8.333333 urban 30.0
82 1 8.333333 urban 30.0
82 2 11.111111 arterial 40.0
82 3 9.722222 suburban 35.0
82 4 8.333333 urban 30.0
82 5 8.333333 urban 30.0
82 6 11.111111 arterial 40.0
82 7 9.722222 suburban 35.0
82 8 11.111111 arterial 40.0
82 9 8.333333 urban 30.0
82 10 11.111111 arterial 40.0
82 11 11.111111 arterial 40.0
82 12 9.722222 suburban 35.0
82 13 8.333333 urban 30.0
82 14 9.722222 suburban 35.0
82 15 9.722222 suburban 35.0
82 16 9.722222 suburban 35.0
82 17 9.722222 suburban 35.0
82 18 8.333333 urban 30.0
82 19 8.333333 urban 30.0
82 20 11.111111 arterial 40.0
82 21 9.722222 suburban 35.0
82 22 9.722222 suburban 35.0
82 23 9.722222 suburban 35.0
82 24 9.722222 suburban 35.0
82 25 9.722222 suburban 35.0
82 26 8.333333 urban 30.0
82 27 8.333333 urban 30.0
82 28 11.111111 arterial 40.0
82 29 9.722222 suburban 35.0
82 30 11.111111 arterial 40.0
82 31 11.111111 arterial 40.0
82 32 9.722222 suburban 35.0
82 33 11.111111 arterial 40.0
82 34 9.722222 suburban 35.0
82 35 9.722222 suburban 35.0
82 36 11.111111 arterial 40.0
82 37 9.722222 suburban 35.0
82 38 9.722222 suburban 35.0
82 39 8.333333 urban 30.0
82 40 8.333333 urban 30.0
82 41 8.333333 urban 30.0
82 42 9.722222 suburban 35.0
82 43 9.722222 suburban 35.0
82 44 11.111111 arterial 40.0
82 45 9.722222 suburban 35.0
82 46 8.333333 urban 30.0
82 47 8.333333 urban 30.0
82 48 9.722222 suburban 35.0
82 49 8.333333 urban 30.0
82 50 8.333333 urban 30.0
82 51 11.111111 arterial 40.0
82 52 9.722222 suburban 35.0
82 53 11.111111 arterial 40.0
82 54 9.722222 suburban 35.0
82 55 9.722222 suburban 35.0
82 56 8.333333 urban 30.0
82 57 9.722222 suburban 35.0
82 58 8.333333 urban 30.0
82 59 9.722222 suburban 35.0
82 60 8.333333 urban 30.0
82 61 8.333333 urban 30.0
82 62 9.722222 suburban 35.0
82 63 8.333333 urban 30.0
82 64 9.722222 suburban 35.0
82 65 8.333333 urban 30.0
82 66 9.722222 suburban 35.0
82 67 8.333333 urban 30.0
82 68 9.722222 suburban 35.0
82 69 9.722222 suburban 35.0
82 70 9.722222 suburban 35.0
82 71 8.333333 urban 30.0
82 72 8.333333 urban 30.0
82 73 9.722222 suburban 35.0
82 74 8.333333 urban 30.0
82 75 9.722222 suburban 35.0
82 76 8.333333 urban 30.0
82 77 11.111111 arterial 40.0
82 78 8.333333 urban 30.0
82 79 9.722222 suburban 35.0
82 80 9.722222 suburban 35.0
82 81 8.333333 urban 30.0
82 83 11.111111 arterial 40.0
82 84 9.722222 suburban 35.0
82 85 11.111111 arterial 40.0
82 86 8.333333 urban 30.0
82 87 11.111111 arterial 40.0
82 88 8.333333 urban 30.0
82 89 8.333333 urban 30.0
82 90 9.722222 suburban 35.0
82 91 8.333333 urban 30.0
82 92 9.722222 suburban 35.0
82 93 9.722222 suburban 35.0
82 94 8.333333 urban 30.0
82 95 8.333333 urban 30.0
82 96 8.333333 urban 30.0
82 97 9.722222 suburban 35.0
82 98 8.333333 urban 30.0
82 99 8.333333 urban 30.0
82 100 11.111111 arterial 40.0
83 0 9.722222 suburban 35.0
83 1 8.333333 urban 30.0
83 2 11.111111 arterial 40.0
83 3 9.722222 suburban 35.0
83 4 9.722222 suburban 35.0
83 5 8.333333 urban 30.0
83 6 11.111111 arterial 40.0
83 7 11.111111 arterial 40.0
83 8 11.111111 arterial 40.0
83 9 9.722222 suburban 35.0
83 10 11.111111 arterial 40.0
83 11 11.111111 arterial 40.0
83 12 11.111111 arterial 40.0
83 13 9.722222 suburban 35.0
83 14 9.722222 suburban 35.0
83 15 11.111111 arterial 40.0
83 16 11.111111 arterial 40.0
83 17 11.111111 arterial 40.0
83 18 8.333333 urban 30.0
83 19 8.333333 urban 30.0
83 20 11.111111 arterial 40.0
83 21 11.111111 arterial 40.0
83 22 11.111111 arterial 40.0
83 23 11.111111 arterial 40.0
83 24 11.111111 arterial 40.0
83 25 11.111111 arterial 40.0
83 26 8.333333 urban 30.0
83 27 9.722222 suburban 35.0
83 28 11.111111 arterial 40.0
83 29 11.111111 arterial 40.0
83 30 11.111111 arterial 40.0
83 31 11.111111 arterial 40.0
83 32 9.722222 suburban 35.0
83 33 11.111111 arterial 40.0
83 34 11.111111 arterial 40.0
83 35 11.111111 arterial 40.0
83 36 11.111111 arterial 40.0
83 37 11.111111 arterial 40.0
83 38 11.111111 arterial 40.0
83 39 9.722222 suburban 35.0
83 40 8.333333 urban 30.0
83 41 8.333333 urban 30.0
83 42 11.111111 arterial 40.0
83 43 11.111111 arterial 40.0
83 44 11.111111 arterial 40.0
83 45 11.111111 arterial 40.0
83 46 8.333333 urban 30.0
83 47 8.333333 urban 30.0
83 48 11.111111 arterial 40.0
83 49 9.722222 suburban 35.0
83 50 9.722222 suburban 35.0
83 51 11.111111 arterial 40.0
83 52 11.111111 arterial 40.0
83 53 11.111111 arterial 40.0
83 54 11.111111 arterial 40.0
83 55 11.111111 arterial 40.0
83 56 8.333333 urban 30.0
83 57 11.111111 arterial 40.0
83 58 8.333333 urban 30.0
83 59 11.111111 arterial 40.0
83 60 8.333333 urban 30.0
83 61 8.333333 urban 30.0
83 62 11.111111 arterial 40.0
83 63 9.722222 suburban 35.0
83 64 11.111111 arterial 40.0
83 65 9.722222 suburban 35.0
83 66 11.111111 arterial 40.0
83 67 8.333333 urban 30.0
83 68 11.111111 arterial 40.0
83 69 9.722222 suburban 35.0
83 70 11.111111 arterial 40.0
83 71 9.722222 suburban 35.0
83 72 8.333333 urban 30.0
83 73 11.111111 arterial 40.0
83 74 9.722222 suburban 35.0
83 75 11.111111 arterial 40.0
83 76 9.722222 suburban 35.0
83 77 11.111111 arterial 40.0
83 78 9.722222 suburban 35.0
83 79 9.722222 suburban 35.0
83 80 8.333333 urban 30.0
83 81 9.722222 suburban 35.0
83 82 11.111111 arterial 40.0
83 84 11.111111 arterial 40.0
83 85 11.111111 arterial 40.0
83 86 8.333333 urban 30.0
83 87 11.111111 arterial 40.0
83 88 9.722222 suburban 35.0
83 89 9.722222 suburban 35.0
83 90 11.111111 arterial 40.0
83 91 8.333333 urban 30.0
83 92 11.111111 arterial 40.0
83 93 11.111111 arterial 40.0
83 94 8.333333 urban 30.0
83 95 9.722222 suburban 35.0
83 96 9.722222 suburban 35.0
83 97 11.111111 arterial 40.0
83 98 8.333333 urban 30.0
83 99 9.722222 suburban 35.0
83 100 11.111111 arterial 40.0
84 0 9.722222 suburban 35.0
84 1 9.722222 suburban 35.0
84 2 9.722222 suburban 35.0
84 3 11.111111 arterial 40.0
84 4 9.722222 suburban 35.0
84 5 9.722222 suburban 35.0
84 6 9.722222 suburban 35.0
84 7 11.111111 arterial 40.0
84 8 9.722222 suburban 35.0
84 9 8.333333 urban 30.0
84 10 11.111111 arterial 40.0
84 11 11.111111 arterial 40.0
84 12 8.333333 urban 30.0
84 13 9.722222 suburban 35.0
84 14 11.111111 arterial 40.0
84 15 8.333333 urban 30.0
84 16 9.722222 suburban 35.0
84 17 11.111111 arterial 40.0
84 18 9.722222 suburban 35.0
84 19 11.111111 arterial 40.0
84 20 11.111111 arterial 40.0
84 21 8.333333 urban 30.0
84 22 11.111111 arterial 40.0
84 23 8.333333 urban 30.0
84 24 9.722222 suburban 35.0
84 25 9.722222 suburban 35.0
84 26 9.722222 suburban 35.0
84 27 9.722222 suburban 35.0
84 28 11.111111 arterial 40.0
84 29 8.333333 urban 30.0
84 30 9.722222 suburban 35.0
84 31 9.722222 suburban 35.0
84 32 9.722222 suburban 35.0
84 33 9.722222 suburban 35.0
84 34 11.111111 arterial 40.0
84 35 8.333333 urban 30.0
84 36 11.111111 arterial 40.0
84 37 8.333333 urban 30.0
84 38 8.333333 urban 30.0
84 39 9.722222 suburban 35.0
84 40 9.722222 suburban 35.0
84 41 11.111111 arterial 40.0
84 42 8.333333 urban 30.0
84 43 9.722222 suburban 35.0
84 44 9.722222 suburban 35.0
84 45 8.333333 urban 30.0
84 46 9.722222 suburban 35.0
84 47 11.111111 arterial 40.0
84 48 9.722222 suburban 35.0
84 49 11.111111 arterial 40.0
84 50 9.722222 suburban 35.0
84 51 9.722222 suburban 35.0
84 52 11.111111 arterial 40.0
84 53 11.111111 arterial 40.0
84 54 9.722222 suburban 35.0
84 55 9.722222 suburban 35.0
84 56 9.722222 suburban 35.0
84 57 11.111111 arterial 40.0
84 58 11.111111 arterial 40.0
84 59 8.333333 urban 30.0
84 60 11.111111 arterial 40.0
84 61 9.722222 suburban 35.0
84 62 8.333333 urban 30.0
84 63 8.333333 urban 30.0
84 64 8.333333 urban 30.0
84 65 8.333333 urban 30.0
84 66 8.333333 urban 30.0
84 67 11.111111 arterial 40.0
84 68 8.333333 urban 30.0
84 69 11.111111 arterial 40.0
84 70 8.333333 urban 30.0
84 71 8.333333 urban 30.0
84 72 9.722222 suburban 35.0
84 73 9.722222 suburban 35.0
84 74 9.722222 suburban 35.0
84 75 11.111111 arterial 40.0
84 76 9.722222 suburban 35.0
84 77 9.722222 suburban 35.0
84 78 9.722222 suburban 35.0
84 79 11.111111 arterial 40.0
84 80 11.111111 arterial 40.0
84 81 9.722222 suburban 35.0
84 82 9.722222 suburban 35.0
84 83 11.111111 arterial 40.0
84 85 11.111111 arterial 40.0
84 86 9.722222 suburban 35.0
84 87 11.111111 arterial 40.0
84 88 9.722222 suburban 35.0
84 89 8.333333 urban 30.0
84 90 8.333333 urban 30.0
84 91 9.722222 suburban 35.0
84 92 9.722222 suburban 35.0
84 93 8.333333 urban 30.0
84 94 11.111111 arterial 40.0
84 95 9.722222 suburban 35.0
84 96 9.722222 suburban 35.0
84 97 8.333333 urban 30.0
84 98 9.722222 suburban 35.0
84 99 8.333333 urban 30.0
84 100 11.111111 arterial 40.0
85 0 9.722222 suburban 35.0
85 1 8.333333 urban 30.0
85 2 11.111111 arterial 40.0
85 3 9.722222 suburban 35.0
85 4 8.333333 urban 30.0
85 5 8.333333 urban 30.0
85 6 11.111111 arterial 40.0
85 7 11.111111 arterial 40.0
85 8 11.111111 arterial 40.0
85 9 9.722222 suburban 35.0
85 10 11.111111 arterial 40.0
85 11 11.111111 arterial 40.0
85 12 11.111111 arterial 40.0
85 13 9.722222 suburban 35.0
85 14 9.722222 suburban 35.0
85 15 11.111111 arterial 40.0
85 16 11.111111 arterial 40.0
85 17 11.111111 arterial 40.0
85 18 8.333333 urban 30.0
85 19 8.333333 urban 30.0
85 20 11.111111 arterial 40.0
85 21 11.111111 arterial 40.0
85 22 11.111111 arterial 40.0
85 23 11.111111 arterial 40.0
85 24 11.111111 arterial 40.0
85 25 11.111111 arterial 40.0
85 26 8.333333 urban 30.0
85 27 9.722222 suburban 35.0
85 28 11.111111 arterial 40.0
85 29 11.111111 arterial 40.0
85 30 11.111111 arterial 40.0
85 31 11.111111 arterial 40.0
85 32 9.722222 suburban 35.0
85 33 11.111111 arterial 40.0
85 34 11.111111 arterial 40.0
85 35 11.111111 arterial 40.0
85 36 11.111111 arterial 40.0
85 37 9.722222 suburban 35.0
85 38 11.111111 arterial 40.0
85 39 9.722222 suburban 35.0
85 40 8.333333 urban 30.0
85 41 8.333333 urban 30.0
85 42 11.111111 arterial 40.0
85 43 11.111111 arterial 40.0
85 44 11.111111 arterial 40.0
85 45 11.111111 arterial 40.0
85 46 8.333333 urban 30.0
85 47 8.333333 urban 30.0
85 48 11.111111 arterial 40.0
85 49 9.722222 suburban 35.0
85 50 9.722222 suburban 35.0
85 51 11.111111 arterial 40.0
85 52 11.111111 arterial 40.0
85 53 11.111111 arterial 40.0
85 54 11.111111 arterial 40.0
85 55 11.111111 arterial 40.0
85 56 8.333333 urban 30.0
85 57 11.111111 arterial 40.0
85 58 8.333333 urban 30.0
85 59 11.111111 arterial 40.0
85 60 8.333333 urban 30.0
85 61 8.333333 urban 30.0
85 62 11.111111 arterial 40.0
85 63 9.722222 suburban 35.0
85 64 11.111111 arterial 40.0
85 65 9.722222 suburban 35.0
85 66 11.111111 arterial 40.0
85 67 8.333333 urban 30.0
85 68 11.111111 arterial 40.0
85 69 9.722222 suburban 35.0
85 70 11.111111 arterial 40.0
85 71 8.333333 urban 30.0
85 72 8.333333 urban 30.0
85 73 11.111111 arterial 40.0
85 74 9.722222 suburban 35.0
85 75 11.111111 arterial 40.0
85 76 9.722222 suburban 35.0
85 77 11.111111 arterial 40.0
85 78 9.722222 suburban 35.0
85 79 11.111111 arterial 40.0
85 80 9.722222 suburban 35.0
85 81 9.722222 suburban 35.0
85 82 11.111111 arterial 40.0
85 83 11.111111 arterial 40.0
85 84 11.111111 arterial 40.0
85 86 8.333333 urban 30.0
85 87 11.111111 arterial 40.0
85 88 9.722222 suburban 35.0
85 89 9.722222 suburban 35.0
85 90 11.111111 arterial 40.0
85 91 8.333333 urban 30.0
85 92 11.111111 arterial 40.0
85 93 11.111111 arterial 40.0
85 94 9.722222 suburban 35.0
85 95 9.722222 suburban 35.0
85 96 9.722222 suburban 35.0
85 97 11.111111 arterial 40.0
85 98 8.333333 urban 30.0
85 99 9.722222 suburban 35.0
85 100 11.111111 arterial 40.0
86 0 9.722222 suburban 35.0
86 1 11.111111 arterial 40.0
86 2 8.333333 urban 30.0
86 3 9.722222 suburban 35.0
86 4 9.722222 suburban 35.0
86 5 11.111111 arterial 40.0
86 6 8.333333 urban 30.0
86 7 8.333333 urban 30.0
86 8 8.333333 urban 30.0
86 9 9.722222 suburban 35.0
86 10 8.333333 urban 30.0
86 11 9.722222 suburban 35.0
86 12 9.722222 suburban 35.0
86 13 9.722222 suburban 35.0
86 14 9.722222 suburban 35.0
86 15 11.111111 arterial 40.0
86 16 8.333333 urban 30.0
86 17 9.722222 suburban 35.0
86 18 11.111111 arterial 40.0
86 19 11.111111 arterial 40.0
86 20 8.333333 urban 30.0
86 21 11.111111 arterial 40.0
86 22 9.722222 suburban 35.0
86 23 11.111111 arterial 40.0
86 24 8.333333 urban 30.0
86 25 8.333333 urban 30.0
86 26 11.111111 arterial 40.0
86 27 9.722222 suburban 35.0
86 28 8.333333 urban 30.0
86 29 9.722222 suburban 35.0
86 30 8.333333 urban 30.0
86 31 8.333333 urban 30.0
86 32 9.722222 suburban 35.0
86 33 8.333333 urban 30.0
86 34 9.722222 suburban 35.0
86 35 9.722222 suburban 35.0
86 36 8.333333 urban 30.0
86 37 11.111111 arterial 40.0
86 38 9.722222 suburban 35.0
86 39 9.722222 suburban 35.0
86 40 11.111111 arterial 40.0
86 41 11.111111 arterial 40.0
86 42 11.111111 arterial 40.0
86 43 8.333333 urban 30.0
86 44 8.333333 urban 30.0
86 45 9.722222 suburban 35.0
86 46 9.722222 suburban 35.0
86 47 11.111111 arterial 40.0
86 48 8.333333 urban 30.0
86 49 11.111111 arterial 40.0
86 50 9.722222 suburban 35.0
86 51 8.333333 urban 30.0
86 52 9.722222 suburban 35.0
86 53 9.722222 suburban 35.0
86 54 8.333333 urban 30.0
86 55 8.333333 urban 30.0
86 56 11.111111 arterial 40.0
86 57 8.333333 urban 30.0
86 58 11.111111 arterial 40.0
86 59 11.111111 arterial 40.0
86 60 11.111111 arterial 40.0
86 61 11.111111 arterial 40.0
86 62 9.722222 suburban 35.0
86 63 9.722222 suburban 35.0
86 64 9.722222 suburban 35.0
86 65 11.111111 arterial 40.0
86 66 11.111111 arterial 40.0
86 67 11.111111 arterial 40.0
86 68 8.333333 urban 30.0
86 69 11.111111 arterial 40.0
86 70 11.111111 arterial 40.0
86 71 11.111111 arterial 40.0
86 72 11.111111 arterial 40.0
86 73 8.333333 urban 30.0
86 74 9.722222 suburban 35.0
86 75 8.333333 urban 30.0
86 76 9.722222 suburban 35.0
86 77 8.333333 urban 30.0
86 78 9.722222 suburban 35.0
86 79 9.722222 suburban 35.0
86 80 11.111111 arterial 40.0
86 81 9.722222 suburban 35.0
86 82 8.333333 urban 30.0
86 83 8.333333 urban 30.0
86 84 9.722222 suburban 35.0
86 85 8.333333 urban 30.0
86 87 8.333333 urban 30.0
86 88 9.722222 suburban 35.0
86 89 9.722222 suburban 35.0
86 90 9.722222 suburban 35.0
86 91 11.111111 arterial 40.0
86 92 8.333333 urban 30.0
86 93 8.333333 urban 30.0
86 94 11.111111 arterial 40.0
86 95 9.722222 suburban 35.0
86 96 8.333333 urban 30.0
86 97 8.333333 urban 30.0
86 98 11.111111 arterial 40.0
86 99 11.111111 arterial 40.0
86 100 9.722222 suburban 35.0
87 0 9.722222 suburban 35.0
87 1 8.333333 urban 30.0
87 2 11.111111 arterial 40.0
87 3 11.111111 arterial 40.0
87 4 8.333333 urban 30.0
87 5 8.333333 urban 30.0
87 6 11.111111 arterial 40.0
87 7 11.111111 arterial 40.0
87 8 11.111111 arterial 40.0
87 9 9.722222 suburban 35.0
87 10 11.111111 arterial 40.0
87 11 11.111111 arterial 40.0
87 12 9.722222 suburban 35.0
87 13 9.722222 suburban 35.0
87 14 9.722222 suburban 35.0
87 15 9.722222 suburban 35.0
87 16 11.111111 arterial 40.0
87 17 11.111111 arterial 40.0
87 18 8.333333 urban 30.0
87 19 8.333333 urban 30.0
87 20 11.111111 arterial 40.0
87 21 9.722222 suburban 35.0
87 22 11.111111 arterial 40.0
87 23 9.722222 suburban 35.0
87 24 11.111111 arterial 40.0
87 25 11.111111 arterial 40.0
87 26 8.333333 urban 30.0
87 27 9.722222 suburban 35.0
87 28 11.111111 arterial 40.0
87 29 9.722222 suburban 35.0
87 30 11.111111 arterial 40.0
87 31 11.111111 arterial 40.0
87 32 9.722222 suburban 35.0
87 33 11.111111 arterial 40.0
87 34 11.111111 arterial 40.0
87 35 9.722222 suburban 35.0
87 36 11.111111 arterial 40.0
87 37 9.722222 suburban 35.0
87 38 11.111111 arterial 40.0
87 39 8.333333 urban 30.0
87 40 8.333333 urban 30.0
87 41 8.333333 urban 30.0
87 42 9.722222 suburban 35.0
87 43 11.111111 arterial 40.0
87 44 11.111111 arterial 40.0
87 45 11.111111 arterial 40.0
87 46 8.333333 urban 30.0
87 47 8.333333 urban 30.0
87 48 11.111111 arterial 40.0
87 49 9.722222 suburban 35.0
87 50 9.722222 suburban 35.0
87 51 11.111111 arterial 40.0
87 52 11.111111 arterial 40.0
87 53 11.111111 arterial 40.0
87 54 11.111111 arterial 40.0
87 55 9.722222 suburban 35.0
87 56 8.333333 urban 30.0
87 57 11.111111 arterial 40.0
87 58 8.333333 urban 30.0
87 59 9.722222 suburban 35.0
87 60 8.333333 urban 30.0
87 61 8.333333 urban 30.0
87 62 9.722222 suburban 35.0
87 63 9.722222 suburban 35.0
87 64 11.111111 arterial 40.0
87 65 9.722222 suburban 35.0
87 66 9.722222 suburban 35.0
87 67 8.333333 urban 30.0
87 68 11.111111 arterial 40.0
87 69 9.722222 suburban 35.0
87 70 9.722222 suburban 35.0
87 71 8.333333 urban 30.0
87 72 8.333333 urban 30.0
87 73 11.111111 arterial 40.0
87 74 9.722222 suburban 35.0
87 75 11.111111 arterial 40.0
87 76 9.722222 suburban 35.0
87 77 11.111111 arterial 40.0
87 78 9.722222 suburban 35.0
87 79 11.111111 arterial 40.0
87 80 9.722222 suburban 35.0
87 81 9.722222 suburban 35.0
87 82 11.111111 arterial 40.0
87 83 11.111111 arterial 40.0
87 84 11.111111 arterial 40.0
87 85 11.111111 arterial 40.0
87 86 8.333333 urban 30.0
87 88 9.722222 suburban 35.0
87 89 9.722222 suburban 35.0
87 90 9.722222 suburban 35.0
87 91 8.333333 urban 30.0
87 92 11.111111 arterial 40.0
87 93 9.722222 suburban 35.0
87 94 9.722222 suburban 35.0
87 95 9.722222 suburban 35.0
87 96 9.722222 suburban 35.0
87 97 11.111111 arterial 40.0
87 98 8.333333 urban 30.0
87 99 8.333333 urban 30.0
87 100 11.111111 arterial 40.0
88 0 8.333333 urban 30.0
88 1 11.111111 arterial 40.0
88 2 8.333333 urban 30.0
88 3 9.722222 suburban 35.0
88 4 8.333333 urban 30.0
88 5 9.722222 suburban 35.0
88 6 8.333333 urban 30.0
88 7 9.722222 suburban 35.0
88 8 8.333333 urban 30.0
88 9 8.333333 urban 30.0
88 10 8.333333 urban 30.0
88 11 11.111111 arterial 40.0
88 12 8.333333 urban 30.0
88 13 8.333333 urban 30.0
88 14 9.722222 suburban 35.0
88 15 9.722222 suburban 35.0
88 16 8.333333 urban 30.0
88 17 11.111111 arterial 40.0
88 18 9.722222 suburban 35.0
88 19 9.722222 suburban 35.0
88 20 8.333333 urban 30.0
88 21 8.333333 urban 30.0
88 22 8.333333 urban 30.0
88 23 9.722222 suburban 35.0
88 24 8.333333 urban 30.0
88 25 8.333333 urban 30.0
88 26 9.722222 suburban 35.0
88 27 8.333333 urban 30.0
88 28 9.722222 suburban 35.0
88 29 8.333333 urban 30.0
88 30 8.333333 urban 30.0
88 31 8.333333 urban 30.0
88 32 8.333333 urban 30.0
88 33 8.333333 urban 30.0
88 34 9.722222 suburban 35.0
88 35 8.333333 urban 30.0
88 36 9.722222 suburban 35.0
88 37 9.722222 suburban 35.0
88 38 8.333333 urban 30.0
88 39 9.722222 suburban 35.0
88 40 9.722222 suburban 35.0
88 41 9.722222 suburban 35.0
88 42 9.722222 suburban 35.0
88 43 8.333333 urban 30.0
88 44 9.722222 suburban 35.0
88 45 8.333333 urban 30.0
88 46 9.722222 suburban 35.0
88 47 11.111111 arterial 40.0
88 48 8.333333 urban 30.0
88 49 9.722222 suburban 35.0
88 50 8.333333 urban 30.0
88 51 9.722222 suburban 35.0
88 52 9.722222 suburban 35.0
88 53 9.722222 suburban 35.0
88 54 8.333333 urban 30.0
88 55 8.333333 urban 30.0
88 56 9.722222 suburban 35.0
88 57 9.722222 suburban 35.0
88 58 11.111111 arterial 40.0
88 59 9.722222 suburban 35.0
88 60 9.722222 suburban 35.0
88 61 9.722222 suburban 35.0
88 62 8.333333 urban 30.0
88 63 8.333333 urban 30.0
88 64 8.333333 urban 30.0
88 65 9.722222 suburban 35.0
88 66 9.722222 suburban 35.0
88 67 11.111111 arterial 40.0
88 68 8.333333 urban 30.0
88 69 9.722222 suburban 35.0
88 70 9.722222 suburban 35.0
88 71 9.722222 suburban 35.0
88 72 9.722222 suburban 35.0
88 73 8.333333 urban 30.0
88 74 8.333333 urban 30.0
88 75 9.722222 suburban 35.0
88 76 8.333333 urban 30.0
88 77 8.333333 urban 30.0
88 78 9.722222 suburban 35.0
88 79 9.722222 suburban 35.0
88 80 9.722222 suburban 35.0
88 81 8.333333 urban 30.0
88 82 8.333333 urban 30.0
88 83 9.722222 suburban 35.0
88 84 9.722222 suburban 35.0
88 85 9.722222 suburban 35.0
88 86 9.722222 suburban 35.0
88 87 9.722222 suburban 35.0
88 89 8.333333 urban 30.0
88 90 8.333333 urban 30.0
88 91 9.722222 suburban 35.0
88 92 8.333333 urban 30.0
88 93 8.333333 urban 30.0
88 94 9.722222 suburban 35.0
88 95 8.333333 urban 30.0
88 96 8.333333 urban 30.0
88 97 8.333333 urban 30.0
88 98 9.722222 suburban 35.0
88 99 9.722222 suburban 35.0
88 100 9.722222 suburban 35.0
89 0 8.333333 urban 30.0
89 1 9.722222 suburban 35.0
89 2 8.333333 urban 30.0
89 3 8.333333 urban 30.0
89 4 8.333333 urban 30.0
89 5 9.722222 suburban 35.0
89 6 9.722222 suburban 35.0
89 7 8.333333 urban 30.0
89 8 9.722222 suburban 35.0
89 9 8.333333 urban 30.0
89 10 8.333333 urban 30.0
89 11 9.722222 suburban 35.0
89 12 9.722222 suburban 35.0
89 13 8.333333 urban 30.0
89 14 8.333333 urban 30.0
89 15 11.111111 arterial 40.0
89 16 8.333333 urban 30.0
89 17 9.722222 suburban 35.0
89 18 9.722222 suburban 35.0
89 19 9.722222 suburban 35.0
89 20 8.333333 urban 30.0
89 21 9.722222 suburban 35.0
89 22 8.333333 urban 30.0
89 23 11.111111 arterial 40.0
89 24 9.722222 suburban 35.0
89 25 8.333333 urban 30.0
89 26 9.722222 suburban 35.0
89 27 8.333333 urban 30.0
89 28 9.722222 suburban 35.0
89 29 9.722222 suburban 35.0
89 30 9.722222 suburban 35.0
89 31 9.722222 suburban 35.0
89 32 8.333333 urban 30.0
89 33 9.722222 suburban 35.0
89 34 8.333333 urban 30.0
89 35 9.722222 suburban 35.0
89 36 8.333333 urban 30.0
89 37 11.111111 arterial 40.0
89 38 9.722222 suburban 35.0
89 39 8.333333 urban 30.0
89 40 9.722222 suburban 35.0
89 41 9.722222 suburban 35.0
89 42 11.111111 arterial 40.0
89 43 8.333333 urban 30.0
89 44 9.722222 suburban 35.0
89 45 9.722222 suburban 35.0
89 46 8.333333 urban 30.0
89 47 11.111111 arterial 40.0
89 48 8.333333 urban 30.0
89 49 8.333333 urban 30.0
89 50 8.333333 urban 30.0
89 51 9.722222 suburban 35.0
89 52 8.333333 urban 30.0
89 53 8.333333 urban 30.0
89 54 8.333333 urban 30.0
89 55 8.333333 urban 30.0
89 56 11.111111 arterial 40.0
89 57 8.333333 urban 30.0
89 58 11.111111 arterial 40.0
89 59 11.111111 arterial 40.0
89 60 9.722222 suburban 35.0
89 61 9.722222 suburban 35.0
89 62 9.722222 suburban 35.0
89 63 9.722222 suburban 35.0
89 64 9.722222 suburban 35.0
89 65 9.722222 suburban 35.0
89 66 11.111111 arterial 40.0
89 67 11.111111 arterial 40.0
89 68 8.333333 urban 30.0
89 69 8.333333 urban 30.0
89 70 11.111111 arterial 40.0
89 71 9.722222 suburban 35.0
89 72 9.722222 suburban 35.0
89 73 8.333333 urban 30.0
89 74 8.333333 urban 30.0
89 75 8.333333 urban 30.0
89 76 8.333333 urban 30.0
89 77 9.722222 suburban 35.0
89 78 8.333333 urban 30.0
89 79 8.333333 urban 30.0
89 80 9.722222 suburban 35.0
89 81 8.333333 urban 30.0
89 82 8.333333 urban 30.0
89 83 9.722222 suburban 35.0
89 84 8.333333 urban 30.0
89 85 9.722222 suburban 35.0
89 86 9.722222 suburban 35.0
89 87 9.722222 suburban 35.0
89 88 8.333333 urban 30.0
89 90 9.722222 suburban 35.0
89 91 9.722222 suburban 35.0
89 92 8.333333 urban 30.0
89 93 8.333333 urban 30.0
89 94 9.722222 suburban 35.0
89 95 8.333333 urban 30.0
89 96 8.333333 urban 30.0
89 97 9.722222 suburban 35.0
89 98 9.722222 suburban 35.0
89 99 9.722222 suburban 35.0
89 100 8.333333 urban 30.0
90 0 8.333333 urban 30.0
90 1 9.722222 suburban 35.0
90 2 9.722222 suburban 35.0
90 3 8.333333 urban 30.0
90 4 8.333333 urban 30.0
90 5 8.333333 urban 30.0
90 6 11.111111 arterial 40.0
90 7 9.722222 suburban 35.0
90 8 11.111111 arterial 40.0
90 9 8.333333 urban 30.0
90 10 9.722222 suburban 35.0
90 11 9.722222 suburban 35.0
90 12 9.722222 suburban 35.0
90 13 8.333333 urban 30.0
90 14 8.333333 urban 30.0
90 15 11.111111 arterial 40.0
90 16 9.722222 suburban 35.0
90 17 8.333333 urban 30.0
90 18 8.333333 urban 30.0
90 19 8.333333 urban 30.0
90 20 9.722222 suburban 35.0
90 21 11.111111 arterial 40.0
90 22 8.333333 urban 30.0
90 23 11.111111 arterial 40.0
90 24 9.722222 suburban 35.0
90 25 9.722222 suburban 35.0
90 26 8.333333 urban 30.0
90 27 8.333333 urban 30.0
90 28 9.722222 suburban 35.0
90 29 11.111111 arterial 40.0
90 30 11.111111 arterial 40.0
90 31 11.111111 arterial 40.0
90 32 8.333333 urban 30.0
90 33 11.111111 arterial 40.0
90 34 8.333333 urban 30.0
90 35 9.722222 suburban 35.0
90 36 9.722222 suburban 35.0
90 37 11.111111 arterial 40.0
90 38 9.722222 suburban 35.0
90 39 8.333333 urban 30.0
90 40 9.722222 suburban 35.0
90 41 8.333333 urban 30.0
90 42 11.111111 arterial 40.0
90 43 9.722222 suburban 35.0
90 44 11.111111 arterial 40.0
90 45 9.722222 suburban 35.0
90 46 8.333333 urban 30.0
90 47 9.722222 suburban 35.0
90 48 8.333333 urban 30.0
90 49 8.333333 urban 30.0
90 50 8.333333 urban 30.0
90 51 11.111111 arterial 40.0
90 52 8.333333 urban 30.0
90 53 9.722222 suburban 35.0
90 54 8.333333 urban 30.0
90 55 9.722222 suburban 35.0
90 56 9.722222 suburban 35.0
90 57 8.333333 urban 30.0
90 58 9.722222 suburban 35.0
90 59 11.111111 arterial 40.0
90 60 8.333333 urban 30.0
90 61 9.722222 suburban 35.0
90 62 9.722222 suburban 35.0
90 63 9.722222 suburban 35.0
90 64 11.111111 arterial 40.0
90 65 9.722222 suburban 35.0
90 66 11.111111 arterial 40.0
90 67 9.722222 suburban 35.0
90 68 9.722222 suburban 35.0
90 69 8.333333 urban 30.0
90 70 11.111111 arterial 40.0
90 71 9.722222 suburban 35.0
90 72 9.722222 suburban 35.0
90 73 9.722222 suburban 35.0
90 74 8.333333 urban 30.0
90 75 8.333333 urban 30.0
90 76 8.333333 urban 30.0
90 77 9.722222 suburban 35.0
90 78 8.333333 urban 30.0
90 79 8.333333 urban 30.0
90 80 8.333333 urban 30.0
90 81 8.333333 urban 30.0
90 82 9.722222 suburban 35.0
90 83 11.111111 arterial 40.0
90 84 8.333333 urban 30.0
90 85 11.111111 arterial 40.0
90 86 9.722222 suburban 35.0
90 87 9.722222 suburban 35.0
90 88 8.333333 urban 30.0
90 89 9.722222 suburban 35.0
90 91 9.722222 suburban 35.0
90 92 9.722222 suburban 35.0
90 93 9.722222 suburban 35.0
90 94 8.333333 urban 30.0
90 95 8.333333 urban 30.0
90 96 8.333333 urban 30.0
90 97 9.722222 suburban 35.0
90 98 9.722222 suburban 35.0
90 99 9.722222 suburban 35.0
90 100 8.333333 urban 30.0
91 0 8.333333 urban 30.0
91 1 11.111111 arterial 40.0
91 2 8.333333 urban 30.0
91 3 9.722222 suburban 35.0
91 4 9.722222 suburban 35.0
91 5 9.722222 suburban 35.0
91 6 8.333333 urban 30.0
91 7 8.333333 urban 30.0
91 8 8.333333 urban 30.0
91 9 9.722222 suburban 35.0
91 10 8.333333 urban 30.0
91 11 9.722222 suburban 35.0
91 12 9.722222 suburban 35.0
91 13 9.722222 suburban 35.0
91 14 9.722222 suburban 35.0
91 15 11.111111 arterial 40.0
91 16 8.333333 urban 30.0
91 17 9.722222 suburban 35.0
91 18 11.111111 arterial 40.0
91 19 11.111111 arterial 40.0
91 20 8.333333 urban 30.0
91 21 9.722222 suburban 35.0
91 22 8.333333 urban 30.0
91 23 11.111111 arterial 40.0
91 24 8.333333 urban 30.0
91 25 8.333333 urban 30.0
91 26 11.111111 arterial 40.0
91 27 8.333333 urban 30.0
91 28 8.333333 urban 30.0
91 29 9.722222 suburban 35.0
91 30 8.333333 urban 30.0
91 31 8.333333 urban 30.0
91 32 8.333333 urban 30.0
91 33 8.333333 urban 30.0
91 34 9.722222 suburban 35.0
91 35 9.722222 suburban 35.0
91 36 8.333333 urban 30.0
91 37 11.111111 arterial 40.0
91 38 9.722222 suburban 35.0
91 39 9.722222 suburban 35.0
91 40 11.111111 arterial 40.0
91 41 11.111111 arterial 40.0
91 42 11.111111 arterial 40.0
91 43 8.333333 urban 30.0
91 44 8.333333 urban 30.0
91 45 9.722222 suburban 35.0
91 46 9.722222 suburban 35.0
91 47 11.111111 arterial 40.0
91 48 8.333333 urban 30.0
91 49 9.722222 suburban 35.0
91 50 9.722222 suburban 35.0
91 51 8.333333 urban 30.0
91 52 9.722222 suburban 35.0
91 53 9.722222 suburban 35.0
91 54 8.333333 urban 30.0
91 55 8.333333 urban 30.0
91 56 11.111111 arterial 40.0
91 57 8.333333 urban 30.0
91 58 11.111111 arterial 40.0
91 59 11.111111 arterial 40.0
91 60 9.722222 suburban 35.0
91 61 11.111111 arterial 40.0
91 62 9.722222 suburban 35.0
91 63 9.722222 suburban 35.0
91 64 9.722222 suburban 35.0
91 65 11.111111 arterial 40.0
91 66 11.111111 arterial 40.0
91 67 11.111111 arterial 40.0
91 68 8.333333 urban 30.0
91 69 9.722222 suburban 35.0
91 70 11.111111 arterial 40.0
91 71 11.111111 arterial 40.0
91 72 11.111111 arterial 40.0
91 73 8.333333 urban 30.0
91 74 9.722222 suburban 35.0
91 75 8.333333 urban 30.0
91 76 9.722222 suburban 35.0
91 77 8.333333 urban 30.0
91 78 9.722222 suburban 35.0
91 79 9.722222 suburban 35.0
91 80 11.111111 arterial 40.0
91 81 9.722222 suburban 35.0
91 82 8.333333 urban 30.0
91 83 8.333333 urban 30.0
91 84 9.722222 suburban 35.0
91 85 8.333333 urban 30.0
91 86 11.111111 arterial 40.0
91 87 8.333333 urban 30.0
91 88 9.722222 suburban 35.0
91 89 9.722222 suburban 35.0
91 90 9.722222 suburban 35.0
91 92 8.333333 urban 30.0
91 93 8.333333 urban 30.0
91 94 11.111111 arterial 40.0
91 95 9.722222 suburban 35.0
91 96 8.333333 urban 30.0
91 97 8.333333 urban 30.0
91 98 11.111111 arterial 40.0
91 99 11.111111 arterial 40.0
91 100 9.722222 suburban 35.0
92 0 8.333333 urban 30.0
92 1 8.333333 urban 30.0
92 2 11.111111 arterial 40.0
92 3 9.722222 suburban 35.0
92 4 8.333333 urban 30.0
92 5 8.333333 urban 30.0
92 6 11.111111 arterial 40.0
92 7 11.111111 arterial 40.0
92 8 11.111111 arterial 40.0
92 9 8.333333 urban 30.0
92 10 11.111111 arterial 40.0
92 11 11.111111 arterial 40.0
92 12 9.722222 suburban 35.0
92 13 8.333333 urban 30.0
92 14 9.722222 suburban 35.0
92 15 9.722222 suburban 35.0
92 16 9.722222 suburban 35.0
92 17 11.111111 arterial 40.0
92 18 8.333333 urban 30.0
92 19 8.333333 urban 30.0
92 20 11.111111 arterial 40.0
92 21 9.722222 suburban 35.0
92 22 9.722222 suburban 35.0
92 23 9.722222 suburban 35.0
92 24 9.722222 suburban 35.0
92 25 9.722222 suburban 35.0
92 26 8.333333 urban 30.0
92 27 8.333333 urban 30.0
92 28 11.111111 arterial 40.0
92 29 9.722222 suburban 35.0
92 30 11.111111 arterial 40.0
92 31 11.111111 arterial 40.0
92 32 9.722222 suburban 35.0
92 33 11.111111 arterial 40.0
92 34 9.722222 suburban 35.0
92 35 9.722222 suburban 35.0
92 36 11.111111 arterial 40.0
92 37 8.333333 urban 30.0
92 38 9.722222 suburban 35.0
92 39 8.333333 urban 30.0
92 40 8.333333 urban 30.0
92 41 8.333333 urban 30.0
92 42 9.722222 suburban 35.0
92 43 9.722222 suburban 35.0
92 44 11.111111 arterial 40.0
92 45 9.722222 suburban 35.0
92 46 8.333333 urban 30.0
92 47 8.333333 urban 30.0
92 48 9.722222 suburban 35.0
92 49 9.722222 suburban 35.0
92 50 8.333333 urban 30.0
92 51 11.111111 arterial 40.0
92 52 9.722222 suburban 35.0
92 53 11.111111 arterial 40.0
92 54 9.722222 suburban 35.0
92 55 9.722222 suburban 35.0
92 56 8.333333 urban 30.0
92 57 9.722222 suburban 35.0
92 58 8.333333 urban 30.0
92 59 9.722222 suburban 35.0
92 60 8.333333 urban 30.0
92 61 8.333333 urban 30.0
92 62 9.722222 suburban 35.0
92 63 8.333333 urban 30.0
92 64 9.722222 suburban 35.0
92 65 8.333333 urban 30.0
92 66 9.722222 suburban 35.0
92 67 8.333333 urban 30.0
92 68 9.722222 suburban 35.0
92 69 9.722222 suburban 35.0
92 70 9.722222 suburban 35.0
92 71 8.333333 urban 30.0
92 72 8.333333 urban 30.0
92 73 9.722222 suburban 35.0
92 74 8.333333 urban 30.0
92 75 9.722222 suburban 35.0
92 76 8.333333 urban 30.0
92 77 9.722222 suburban 35.0
92 78 8.333333 urban 30.0
92 79 9.722222 suburban 35.0
92 80 9.722222 suburban 35.0
92 81 8.333333 urban 30.0
92 82 9.722222 suburban 35.0
92 83 11.111111 arterial 40.0
92 84 9.722222 suburban 35.0
92 85 11.111111 arterial 40.0
92 86 8.333333 urban 30.0
92 87 11.111111 arterial 40.0
92 88 8.333333 urban 30.0
92 89 8.333333 urban 30.0
92 90 9.722222 suburban 35.0
92 91 8.333333 urban 30.0
92 93 9.722222 suburban 35.0
92 94 9.722222 suburban 35.0
92 95 8.333333 urban 30.0
92 96 8.333333 urban 30.0
92 97 9.722222 suburban 35.0
92 98 8.333333 urban 30.0
92 99 8.333333 urban 30.0
92 100 11.111111 arterial 40.0
93 0 8.333333 urban 30.0
93 1 9.722222 suburban 35.0
93 2 9.722222 suburban 35.0
93 3 8.333333 urban 30.0
93 4 8.333333 urban 30.0
93 5 8.333333 urban 30.0
93 6 9.722222 suburban 35.0
93 7 9.722222 suburban 35.0
93 8 9.722222 suburban 35.0
93 9 8.333333 urban 30.0
93 10 9.722222 suburban 35.0
93 11 9.722222 suburban 35.0
93 12 9.722222 suburban 35.0
93 13 8.333333 urban 30.0
93 14 8.333333 urban 30.0
93 15 9.722222 suburban 35.0
93 16 8.333333 urban 30.0
93 17 9.722222 suburban 35.0
93 18 8.333333 urban 30.0
93 19 8.333333 urban 30.0
93 20 9.722222 suburban 35.0
93 21 9.722222 suburban 35.0
93 22 8.333333 urban 30.0
93 23 9.722222 suburban 35.0
93 24 9.722222 suburban 35.0
93 25 8.333333 urban 30.0
93 26 8.333333 urban 30.0
93 27 8.333333 urban 30.0
93 28 9.722222 suburban 35.0
93 29 9.722222 suburban 35.0
93 30 9.722222 suburban 35.0
93 31 9.722222 suburban 35.0
93 32 8.333333 urban 30.0
93 33 9.722222 suburban 35.0
93 34 9.722222 suburban 35.0
93 35 9.722222 suburban 35.0
93 36 9.722222 suburban 35.0
93 37 9.722222 suburban 35.0
93 38 9.722222 suburban 35.0
93 39 8.333333 urban 30.0
93 40 8.333333 urban 30.0
93 41 8.333333 urban 30.0
93 42 11.111111 arterial 40.0
93 43 8.333333 urban 30.0
93 44 9.722222 suburban 35.0
93 45 9.722222 suburban 35.0
93 46 8.333333 urban 30.0
93 47 9.722222 suburban 35.0
93 48 8.333333 urban 30.0
93 49 8.333333 urban 30.0
93 50 8.333333 urban 30.0
93 51 9.722222 suburban 35.0
93 52 9.722222 suburban 35.0
93 53 9.722222 suburban 35.0
93 54 8.333333 urban 30.0
93 55 8.333333 urban 30.0
93 56 9.722222 suburban 35.0
93 57 9.722222 suburban 35.0
93 58 9.722222 suburban 35.0
93 59 11.111111 arterial 40.0
93 60 8.333333 urban 30.0
93 61 8.333333 urban 30.0
93 62 9.722222 suburban 35.0
93 63 8.333333 urban 30.0
93 64 9.722222 suburban 35.0
93 65 9.722222 suburban 35.0
93 66 9.722222 suburban 35.0
93 67 9.722222 suburban 35.0
93 68 8.333333 urban 30.0
93 69 8.333333 urban 30.0
93 70 9.722222 suburban 35.0
93 71 8.333333 urban 30.0
93 72 8.333333 urban 30.0
93 73 9.722222 suburban 35.0
93 74 8.333333 urban 30.0
93 75 9.722222 suburban 35.0
93 76 8.333333 urban 30.0
93 77 9.722222 suburban 35.0
93 78 8.333333 urban 30.0
93 79 8.333333 urban 30.0
93 80 8.333333 urban 30.0
93 81 8.333333 urban 30.0
93 82 9.722222 suburban 35.0
93 83 11.111111 arterial 40.0
93 84 8.333333 urban 30.0
93 85 11.111111 arterial 40.0
93 86 8.333333 urban 30.0
93 87 9.722222 suburban 35.0
93 88 8.333333 urban 30.0
93 89 8.333333 urban 30.0
93 90 9.722222 suburban 35.0
93 91 8.333333 urban 30.0
93 92 9.722222 suburban 35.0
93 94 8.333333 urban 30.0
93 95 8.333333 urban 30.0
93 96 8.333333 urban 30.0
93 97 9.722222 suburban 35.0
93 98 9.722222 suburban 35.0
93 99 9.722222 suburban 35.0
93 100 9.722222 suburban 35.0
94 0 9.722222 suburban 35.0
94 1 11.111111 arterial 40.0
94 2 9.722222 suburban 35.0
94 3 11.111111 arterial 40.0
94 4 9.722222 suburban 35.0
94 5 11.111111 arterial 40.0
94 6 8.333333 urban 30.0
94 7 9.722222 suburban 35.0
94 8 8.333333 urban 30.0
94 9 9.722222 suburban 35.0
94 10 9.722222 suburban 35.0
94 11 11.111111 arterial 40.0
94 12 8.333333 urban 30.0
94 13 9.722222 suburban 35.0
94 14 11.111111 arterial 40.0
94 15 8.333333 urban 30.0
94 16 8.333333 urban 30.0
94 17 11.111111 arterial 40.0
94 18 11.111111 arterial 40.0
94 19 11.111111 arterial 40.0
94 20 9.722222 suburban 35.0
94 21 8.333333 urban 30.0
94 22 9.722222 suburban 35.0
94 23 9.722222 suburban 35.0
94 24 8.333333 urban 30.0
94 25 9.722222 suburban 35.0
94 26 11.111111 arterial 40.0
94 27 9.722222 suburban 35.0
94 28 9.722222 suburban 35.0
94 29 8.333333 urban 30.0
94 30 8.333333 urban 30.0
94 31 8.333333 urban 30.0
94 32 9.722222 suburban 35.0
94 33 8.333333 urban 30.0
94 34 11.111111 arterial 40.0
94 35 8.333333 urban 30.0
94 36 9.722222 suburban 35.0
94 37 9.722222 suburban 35.0
94 38 8.333333 urban 30.0
94 39 9.722222 suburban 35.0
94 40 11.111111 arterial 40.0
94 41 11.111111 arterial 40.0
94 42 9.722222 suburban 35.0
94 43 9.722222 suburban 35.0
94 44 8.333333 urban 30.0
94 45 8.333333 urban 30.0
94 46 11.111111 arterial 40.0
94 47 11.111111 arterial 40.0
94 48 9.722222 suburban 35.0
94 49 11.111111 arterial 40.0
94 50 9.722222 suburban 35.0
94 51 8.333333 urban 30.0
94 52 11.111111 arterial 40.0
94 53 11.111111 arterial 40.0
94 54 9.722222 suburban 35.0
94 55 8.333333 urban 30.0
94 56 11.111111 arterial 40.0
94 57 11.111111 arterial 40.0
94 58 11.111111 arterial 40.0
94 59 9.722222 suburban 35.0
94 60 11.111111 arterial 40.0
94 61 11.111111 arterial 40.0
94 62 8.333333 urban 30.0
94 63 9.722222 suburban 35.0
94 64 8.333333 urban 30.0
94 65 9.722222 suburban 35.0
94 66 9.722222 suburban 35.0
94 67 11.111111 arterial 40.0
94 68 8.333333 urban 30.0
94 69 11.111111 arterial 40.0
94 70 9.722222 suburban 35.0
94 71 9.722222 suburban 35.0
94 72 11.111111 arterial 40.0
94 73 8.333333 urban 30.0
94 74 9.722222 suburban 35.0
94 75 11.111111 arterial 40.0
94 76 9.722222 suburban 35.0
94 77 8.333333 urban 30.0
94 78 11.111111 arterial 40.0
94 79 11.111111 arterial 40.0
94 80 11.111111 arterial 40.0
94 81 9.722222 suburban 35.0
94 82 8.333333 urban 30.0
94 83 8.333333 urban 30.0
94 84 11.111111 arterial 40.0
94 85 9.722222 suburban 35.0
94 86 11.111111 arterial 40.0
94 87 9.722222 suburban 35.0
94 88 9.722222 suburban 35.0
94 89 9.722222 suburban 35.0
94 90 8.333333 urban 30.0
94 91 11.111111 arterial 40.0
94 92 9.722222 suburban 35.0
94 93 8.333333 urban 30.0
94 95 9.722222 suburban 35.0
94 96 9.722222 suburban 35.0
94 97 8.333333 urban 30.0
94 98 11.111111 arterial 40.0
94 99 9.722222 suburban 35.0
94 100 11.111111 arterial 40.0
95 0 8.333333 urban 30.0
95 1 9.722222 suburban 35.0
95 2 8.333333 urban 30.0
95 3 9.722222 suburban 35.0
95 4 8.333333 urban 30.0
95 5 9.722222 suburban 35.0
95 6 9.722222 suburban 35.0
95 7 9.722222 suburban 35.0
95 8 9.722222 suburban 35.0
95 9 8.333333 urban 30.0
95 10 9.722222 suburban 35.0
95 11 9.722222 suburban 35.0
95 12 8.333333 urban 30.0
95 13 8.333333 urban 30.0
95 14 9.722222 suburban 35.0
95 15 9.722222 suburban 35.0
95 16 8.333333 urban 30.0
95 17 9.722222 suburban 35.0
95 18 9.722222 suburban 35.0
95 19 9.722222 suburban 35.0
95 20 9.722222 suburban 35.0
95 21 8.333333 urban 30.0
95 22 8.333333 urban 30.0
95 23 9.722222 suburban 35.0
95 24 8.333333 urban 30.0
95 25 8.333333 urban 30.0
95 26 9.722222 suburban 35.0
95 27 8.333333 urban 30.0
95 28 9.722222 suburban 35.0
95 29 8.333333 urban 30.0
95 30 8.333333 urban 30.0
95 31 9.722222 suburban 35.0
95 32 8.333333 urban 30.0
95 33 9.722222 suburban 35.0
95 34 9.722222 suburban 35.0
95 35 8.333333 urban 30.0
95 36 9.722222 suburban 35.0
95 37 9.722222 suburban 35.0
95 38 8.333333 urban 30.0
95 39 8.333333 urban 30.0
95 40 9.722222 suburban 35.0
95 41 9.722222 suburban 35.0
95 42 9.722222 suburban 35.0
95 43 8.333333 urban 30.0
95 44 9.722222 suburban 35.0
95 45 8.333333 urban 30.0
95 46 8.333333 urban 30.0
95 47 11.111111 arterial 40.0
95 48 8.333333 urban 30.0
95 49 9.722222 suburban 35.0
95 50 8.333333 urban 30.0
95 51 9.722222 suburban 35.0
95 52 9.722222 suburban 35.0
95 53 9.722222 suburban 35.0
95 54 8.333333 urban 30.0
95 55 8.333333 urban 30.0
95 56 9.722222 suburban 35.0
95 57 9.722222 suburban 35.0
95 58 9.722222 suburban 35.0
95 59 9.722222 suburban 35.0
95 60 9.722222 suburban 35.0
95 61 9.722222 suburban 35.0
95 62 8.333333 urban 30.0
95 63 8.333333 urban 30.0
95 64 8.333333 urban 30.0
95 65 8.333333 urban 30.0
95 66 9.722222 suburban 35.0
95 67 9.722222 suburban 35.0
95 68 8.333333 urban 30.0
95 69 9.722222 suburban 35.0
95 70 9.722222 suburban 35.0
95 71 8.333333 urban 30.0
95 72 9.722222 suburban 35.0
95 73 8.333333 urban 30.0
95 74 8.333333 urban 30.0
95 75 9.722222 suburban 35.0
95 76 8.333333 urban 30.0
95 77 8.333333 urban 30.0
95 78 8.333333 urban 30.0
95 79 9.722222 suburban 35.0
95 80 9.722222 suburban 35.0
95 81 8.333333 urban 30.0
95 82 8.333333 urban 30.0
95 83 9.722222 suburban 35.0
95 84 9.722222 suburban 35.0
95 85 9.722222 suburban 35.0
95 86 9.722222 suburban 35.0
95 87 9.722222 suburban 35.0
95 88 8.333333 urban 30.0
95 89 8.333333 urban 30.0
95 90 8.333333 urban 30.0
95 91 9.722222 suburban 35.0
95 92 8.333333 urban 30.0
95 93 8.333333 urban 30.0
95 94 9.722222 suburban 35.0
95 96 8.333333 urban 30.0
95 97 8.333333 urban 30.0
95 98 9.722222 suburban 35.0
95 99 9.722222 suburban 35.0
95 100 9.722222 suburban 35.0
96 0 8.333333 urban 30.0
96 1 9.722222 suburban 35.0
96 2 9.722222 suburban 35.0
96 3 9.722222 suburban 35.0
96 4 8.333333 urban 30.0
96 5 8.333333 urban 30.0
96 6 9.722222 suburban 35.0
96 7 9.722222 suburban 35.0
96 8 9.722222 suburban 35.0
96 9 8.333333 urban 30.0
96 10 9.722222 suburban 35.0
96 11 9.722222 suburban 35.0
96 12 8.333333 urban 30.0
96 13 8.333333 urban 30.0
96 14 9.722222 suburban 35.0
96 15 9.722222 suburban 35.0
96 16 8.333333 urban 30.0
96 17 9.722222 suburban 35.0
96 18 8.333333 urban 30.0
96 19 9.722222 suburban 35.0
96 20 9.722222 suburban 35.0
96 21 9.722222 suburban 35.0
96 22 8.333333 urban 30.0
96 23 9.722222 suburban 35.0
96 24 9.722222 suburban 35.0
96 25 8.333333 urban 30.0
96 26 9.722222 suburban 35.0
96 27 8.333333 urban 30.0
96 28 9.722222 suburban 35.0
96 29 9.722222 suburban 35.0
96 30 9.722222 suburban 35.0
96 31 9.722222 suburban 35.0
96 32 8.333333 urban 30.0
96 33 9.722222 suburban 35.0
96 34 9.722222 suburban 35.0
96 35 8.333333 urban 30.0
96 36 9.722222 suburban 35.0
96 37 9.722222 suburban 35.0
96 38 8.333333 urban 30.0
96 39 8.333333 urban 30.0
96 40 8.333333 urban 30.0
96 41 9.722222 suburban 35.0
96 42 9.722222 suburban 35.0
96 43 8.333333 urban 30.0
96 44 9.722222 suburban 35.0
96 45 8.333333 urban 30.0
96 46 8.333333 urban 30.0
96 47 9.722222 suburban 35.0
96 48 8.333333 urban 30.0
96 49 8.333333 urban 30.0
96 50 8.333333 urban 30.0
96 51 9.722222 suburban 35.0
96 52 9.722222 suburban 35.0
96 53 9.722222 suburban 35.0
96 54 8.333333 urban 30.0
96 55 8.333333 urban 30.0
96 56 9.722222 suburban 35.0
96 57 9.722222 suburban 35.0
96 58 9.722222 suburban 35.0
96 59 9.722222 suburban 35.0
96 60 8.333333 urban 30.0
96 61 8.333333 urban 30.0
96 62 8.333333 urban 30.0
96 63 8.333333 urban 30.0
96 64 9.722222 suburban 35.0
96 65 9.722222 suburban 35.0
96 66 9.722222 suburban 35.0
96 67 9.722222 suburban 35.0
96 68 8.333333 urban 30.0
96 69 9.722222 suburban 35.0
96 70 9.722222 suburban 35.0
96 71 8.333333 urban 30.0
96 72 9.722222 suburban 35.0
96 73 9.722222 suburban 35.0
96 74 8.333333 urban 30.0
96 75 9.722222 suburban 35.0
96 76 8.333333 urban 30.0
96 77 9.722222 suburban 35.0
96 78 8.333333 urban 30.0
96 79 9.722222 suburban 35.0
96 80 9.722222 suburban 35.0
96 81 8.333333 urban 30.0
96 82 8.333333 urban 30.0
96 83 9.722222 suburban 35.0
96 84 9.722222 suburban 35.0
96 85 9.722222 suburban 35.0
96 86 8.333333 urban 30.0
96 87 9.722222 suburban 35.0
96 88 8.333333 urban 30.0
96 89 8.333333 urban 30.0
96 90 8.333333 urban 30.0
96 91 8.333333 urban 30.0
96 92 8.333333 urban 30.0
96 93 8.333333 urban 30.0
96 94 9.722222 suburban 35.0
96 95 8.333333 urban 30.0
96 97 9.722222 suburban 35.0
96 98 9.722222 suburban 35.0
96 99 9.722222 suburban 35.0
96 100 9.722222 suburban 35.0
97 0 8.333333 urban 30.0
97 1 8.333333 urban 30.0
97 2 9.722222 suburban 35.0
97 3 8.333333 urban 30.0
97 4 8.333333 urban 30.0
97 5 8.333333 urban 30.0
97 6 11.111111 arterial 40.0
97 7 9.722222 suburban 35.0
97 8 11.111111 arterial 40.0
97 9 8.333333 urban 30.0
97 10 11.111111 arterial 40.0
97 11 9.722222 suburban 35.0
97 12 9.722222 suburban 35.0
97 13 8.333333 urban 30.0
97 14 8.333333 urban 30.0
97 15 11.111111 arterial 40.0
97 16 9.722222 suburban 35.0
97 17 9.722222 suburban 35.0
97 18 8.333333 urban 30.0
97 19 8.333333 urban 30.0
97 20 9.722222 suburban 35.0
97 21 11.111111 arterial 40.0
97 22 8.333333 urban 30.0
97 23 11.111111 arterial 40.0
97 24 11.111111 arterial 40.0
97 25 9.722222 suburban 35.0
97 26 8.333333 urban 30.0
97 27 8.333333 urban 30.0
97 28 11.111111 arterial 40.0
97 29 11.111111 arterial 40.0
97 30 11.111111 arterial 40.0
97 31 11.111111 arterial 40.0
97 32 8.333333 urban 30.0
97 33 11.111111 arterial 40.0
97 34 9.722222 suburban 35.0
97 35 9.722222 suburban 35.0
97 36 11.111111 arterial 40.0
97 37 11.111111 arterial 40.0
97 38 11.111111 arterial 40.0
97 39 8.333333 urban 30.0
97 40 8.333333 urban 30.0
97 41 8.333333 urban 30.0
97 42 11.111111 arterial 40.0
97 43 9.722222 suburban 35.0
97 44 11.111111 arterial 40.0
97 45 11.111111 arterial 40.0
97 46 8.333333 urban 30.0
97 47 8.333333 urban 30.0
97 48 9.722222 suburban 35.0
97 49 8.333333 urban 30.0
97 50 8.333333 urban 30.0
97 51 11.111111 arterial 40.0
97 52 9.722222 suburban 35.0
97 53 9.722222 suburban 35.0
97 54 9.722222 suburban 35.0
97 55 9.722222 suburban 35.0
97 56 9.722222 suburban 35.0
97 57 9.722222 suburban 35.0
97 58 8.333333 urban 30.0
97 59 11.111111 arterial 40.0
97 60 8.333333 urban 30.0
97 61 9.722222 suburban 35.0
97 62 9.722222 suburban 35.0
97 63 9.722222 suburban 35.0
97 64 11.111111 arterial 40.0
97 65 9.722222 suburban 35.0
97 66 11.111111 arterial 40.0
97 67 8.333333 urban 30.0
97 68 9.722222 suburban 35.0
97 69 8.333333 urban 30.0
97 70 11.111111 arterial 40.0
97 71 9.722222 suburban 35.0
97 72 8.333333 urban 30.0
97 73 11.111111 arterial 40.0
97 74 8.333333 urban 30.0
97 75 9.722222 suburban 35.0
97 76 8.333333 urban 30.0
97 77 11.111111 arterial 40.0
97 78 8.333333 urban 30.0
97 79 8.333333 urban 30.0
97 80 8.333333 urban 30.0
97 81 8.333333 urban 30.0
97 82 9.722222 suburban 35.0
97 83 11.111111 arterial 40.0
97 84 8.333333 urban 30.0
97 85 11.111111 arterial 40.0
97 86 8.333333 urban 30.0
97 87 11.111111 arterial 40.0
97 88 8.333333 urban 30.0
97 89 9.722222 suburban 35.0
97 90 9.722222 suburban 35.0
97 91 8.333333 urban 30.0
97 92 9.722222 suburban 35.0
97 93 9.722222 suburban 35.0
97 94 8.333333 urban 30.0
97 95 8.333333 urban 30.0
97 96 9.722222 suburban 35.0
97 98 8.333333 urban 30.0
97 99 9.722222 suburban 35.0
97 100 9.722222 suburban 35.0
98 0 9.722222 suburban 35.0
98 1 11.111111 arterial 40.0
98 2 8.333333 urban 30.0
98 3 9.722222 suburban 35.0
98 4 11.111111 arterial 40.0
98 5 11.111111 arterial 40.0
98 6 8.333333 urban 30.0
98 7 9.722222 suburban 35.0
98 8 8.333333 urban 30.0
98 9 9.722222 suburban 35.0
98 10 8.333333 urban 30.0
98 11 11.111111 arterial 40.0
98 12 9.722222 suburban 35.0
98 13 9.722222 suburban 35.0
98 14 11.111111 arterial 40.0
98 15 11.111111 arterial 40.0
98 16 8.333333 urban 30.0
98 17 11.111111 arterial 40.0
98 18 11.111111 arterial 40.0
98 19 11.111111 arterial 40.0
98 20 8.333333 urban 30.0
98 21 9.722222 suburban 35.0
98 22 9.722222 suburban 35.0
98 23 11.111111 arterial 40.0
98 24 8.333333 urban 30.0
98 25 8.333333 urban 30.0
98 26 11.111111 arterial 40.0
98 27 9.722222 suburban 35.0
98 28 8.333333 urban 30.0
98 29 9.722222 suburban 35.0
98 30 8.333333 urban 30.0
98 31 8.333333 urban 30.0
98 32 9.722222 suburban 35.0
98 33 8.333333 urban 30.0
98 34 11.111111 arterial 40.0
98 35 9.722222 suburban 35.0
98 36 8.333333 urban 30.0
98 37 11.111111 arterial 40.0
98 38 9.722222 suburban 35.0
98 39 11.111111 arterial 40.0
98 40 11.111111 arterial 40.0
98 41 11.111111 arterial 40.0
98 42 11.111111 arterial 40.0
98 43 8.333333 urban 30.0
98 44 8.333333 urban 30.0
98 45 8.333333 urban 30.0
98 46 11.111111 arterial 40.0
98 47 11.111111 arterial 40.0
98 48 9.722222 suburban 35.0
98 49 11.111111 arterial 40.0
98 50 9.722222 suburban 35.0
98 51 8.333333 urban 30.0
98 52 11.111111 arterial 40.0
98 53 9.722222 suburban 35.0
98 54 8.333333 urban 30.0
98 55 9.722222 suburban 35.0
98 56 11.111111 arterial 40.0
98 57 9.722222 suburban 35.0
98 58 11.111111 arterial 40.0
98 59 11.111111 arterial 40.0
98 60 11.111111 arterial 40.0
98 61 11.111111 arterial 40.0
98 62 9.722222 suburban 35.0
98 63 11.111111 arterial 40.0
98 64 8.333333 urban 30.0
98 65 11.111111 arterial 40.0
98 66 11.111111 arterial 40.0
98 67 11.111111 arterial 40.0
98 68 8.333333 urban 30.0
98 69 11.111111 arterial 40.0
98 70 11.111111 arterial 40.0
98 71 11.111111 arterial 40.0
98 72 11.111111 arterial 40.0
98 73 8.333333 urban 30.0
98 74 9.722222 suburban 35.0
98 75 9.722222 suburban 35.0
98 76 9.722222 suburban 35.0
98 77 8.333333 urban 30.0
98 78 9.722222 suburban 35.0
98 79 9.722222 suburban 35.0
98 80 11.111111 arterial 40.0
98 81 9.722222 suburban 35.0
98 82 8.333333 urban 30.0
98 83 8.333333 urban 30.0
98 84 9.722222 suburban 35.0
98 85 8.333333 urban 30.0
98 86 11.111111 arterial 40.0
98 87 8.333333 urban 30.0
98 88 9.722222 suburban 35.0
98 89 9.722222 suburban 35.0
98 90 9.722222 suburban 35.0
98 91 11.111111 arterial 40.0
98 92 8.333333 urban 30.0
98 93 9.722222 suburban 35.0
98 94 11.111111 arterial 40.0
98 95 9.722222 suburban 35.0
98 96 9.722222 suburban 35.0
98 97 8.333333 urban 30.0
98 99 11.111111 arterial 40.0
98 100 9.722222 suburban 35.0
99 0 9.722222 suburban 35.0
99 1 11.111111 arterial 40.0
99 2 8.333333 urban 30.0
99 3 8.333333 urban 30.0
99 4 9.722222 suburban 35.0
99 5 9.722222 suburban 35.0
99 6 9.722222 suburban 35.0
99 7 8.333333 urban 30.0
99 8 9.722222 suburban 35.0
99 9 9.722222 suburban 35.0
99 10 8.333333 urban 30.0
99 11 8.333333 urban 30.0
99 12 9.722222 suburban 35.0
99 13 9.722222 suburban 35.0
99 14 9.722222 suburban 35.0
99 15 11.111111 arterial 40.0
99 16 8.333333 urban 30.0
99 17 8.333333 urban 30.0
99 18 11.111111 arterial 40.0
99 19 11.111111 arterial 40.0
99 20 8.333333 urban 30.0
99 21 11.111111 arterial 40.0
99 22 8.333333 urban 30.0
99 23 11.111111 arterial 40.0
99 24 9.722222 suburban 35.0
99 25 8.333333 urban 30.0
99 26 11.111111 arterial 40.0
99 27 9.722222 suburban 35.0
99 28 8.333333 urban 30.0
99 29 11.111111 arterial 40.0
99 30 9.722222 suburban 35.0
99 31 9.722222 suburban 35.0
99 32 8.333333 urban 30.0
99 33 9.722222 suburban 35.0
99 34 8.333333 urban 30.0
99 35 9.722222 suburban 35.0
99 36 8.333333 urban 30.0
99 37 11.111111 arterial 40.0
99 38 9.722222 suburban 35.0
99 39 9.722222 suburban 35.0
99 40 11.111111 arterial 40.0
99 41 11.111111 arterial 40.0
99 42 11.111111 arterial 40.0
99 43 8.333333 urban 30.0
99 44 9.722222 suburban 35.0
99 45 9.722222 suburban 35.0
99 46 9.722222 suburban 35.0
99 47 11.111111 arterial 40.0
99 48 8.333333 urban 30.0
99 49 9.722222 suburban 35.0
99 50 8.333333 urban 30.0
99 51 9.722222 suburban 35.0
99 52 8.333333 urban 30.0
99 53 8.333333 urban 30.0
99 54 8.333333 urban 30.0
99 55 9.722222 suburban 35.0
99 56 11.111111 arterial 40.0
99 57 8.333333 urban 30.0
99 58 11.111111 arterial 40.0
99 59 11.111111 arterial 40.0
99 60 9.722222 suburban 35.0
99 61 11.111111 arterial 40.0
99 62 11.111111 arterial 40.0
99 63 11.111111 arterial 40.0
99 64 9.722222 suburban 35.0
99 65 11.111111 arterial 40.0
99 66 11.111111 arterial 40.0
99 67 11.111111 arterial 40.0
99 68 9.722222 suburban 35.0
99 69 9.722222 suburban 35.0
99 70 11.111111 arterial 40.0
99 71 11.111111 arterial 40.0
99 72 11.111111 arterial 40.0
99 73 9.722222 suburban 35.0
99 74 9.722222 suburban 35.0
99 75 8.333333 urban 30.0
99 76 9.722222 suburban 35.0
99 77 9.722222 suburban 35.0
99 78 9.722222 suburban 35.0
99 79 8.333333 urban 30.0
99 80 9.722222 suburban 35.0
99 81 9.722222 suburban 35.0
99 82 8.333333 urban 30.0
99 83 9.722222 suburban 35.0
99 84 8.333333 urban 30.0
99 85 9.722222 suburban 35.0
99 86 11.111111 arterial 40.0
99 87 8.333333 urban 30.0
99 88 9.722222 suburban 35.0
99 89 9.722222 suburban 35.0
99 90 9.722222 suburban 35.0
99 91 11.111111 arterial 40.0
99 92 8.333333 urban 30.0
99 93 9.722222 suburban 35.0
99 94 9.722222 suburban 35.0
99 95 9.722222 suburban 35.0
99 96 9.722222 suburban 35.0
99 97 9.722222 suburban 35.0
99 98 11.111111 arterial 40.0
99 100 8.333333 urban 30.0
100 0 9.722222 suburban 35.0
100 1 9.722222 suburban 35.0
100 2 11.111111 arterial 40.0
100 3 11.111111 arterial 40.0
100 4 9.722222 suburban 35.0
100 5 9.722222 suburban 35.0
100 6 11.111111 arterial 40.0
100 7 11.111111 arterial 40.0
100 8 9.722222 suburban 35.0
100 9 9.722222 suburban 35.0
100 10 11.111111 arterial 40.0
100 11 11.111111 arterial 40.0
100 12 8.333333 urban 30.0
100 13 9.722222 suburban 35.0
100 14 11.111111 arterial 40.0
100 15 8.333333 urban 30.0
100 16 9.722222 suburban 35.0
100 17 11.111111 arterial 40.0
100 18 9.722222 suburban 35.0
100 19 9.722222 suburban 35.0
100 20 11.111111 arterial 40.0
100 21 8.333333 urban 30.0
100 22 11.111111 arterial 40.0
100 23 8.333333 urban 30.0
100 24 9.722222 suburban 35.0
100 25 11.111111 arterial 40.0
100 26 9.722222 suburban 35.0
100 27 9.722222 suburban 35.0
100 28 11.111111 arterial 40.0
100 29 8.333333 urban 30.0
100 30 9.722222 suburban 35.0
100 31 9.722222 suburban 35.0
100 32 9.722222 suburban 35.0
100 33 11.111111 arterial 40.0
100 34 11.111111 arterial 40.0
100 35 8.333333 urban 30.0
100 36 11.111111 arterial 40.0
100 37 8.333333 urban 30.0
100 38 8.333333 urban 30.0
100 39 9.722222 suburban 35.0
100 40 8.333333 urban 30.0
100 41 9.722222 suburban 35.0
100 42 8.333333 urban 30.0
100 43 11.111111 arterial 40.0
100 44 11.111111 arterial 40.0
100 45 9.722222 suburban 35.0
100 46 9.722222 suburban 35.0
100 47 9.722222 suburban 35.0
100 48 11.111111 arterial 40.0
100 49 11.111111 arterial 40.0
100 50 9.722222 suburban 35.0
100 51 11.111111 arterial 40.0
100 52 11.111111 arterial 40.0
100 53 11.111111 arterial 40.0
100 54 9.722222 suburban 35.0
100 55 9.722222 suburban 35.0
100 56 9.722222 suburban 35.0
100 57 11.111111 arterial 40.0
100 58 9.722222 suburban 35.0
100 59 8.333333 urban 30.0
100 60 9.722222 suburban 35.0
100 61 8.333333 urban 30.0
100 62 8.333333 urban 30.0
100 63 8.333333 urban 30.0
100 64 9.722222 suburban 35.0
100 65 8.333333 urban 30.0
100 66 8.333333 urban 30.0
100 67 9.722222 suburban 35.0
100 68 9.722222 suburban 35.0
100 69 11.111111 arterial 40.0
100 70 8.333333 urban 30.0
100 71 8.333333 urban 30.0
100 72 9.722222 suburban 35.0
100 73 9.722222 suburban 35.0
100 74 9.722222 suburban 35.0
100 75 11.111111 arterial 40.0
100 76 9.722222 suburban 35.0
100 77 9.722222 suburban 35.0
100 78 9.722222 suburban 35.0
100 79 11.111111 arterial 40.0
100 80 11.111111 arterial 40.0
100 81 9.722222 suburban 35.0
100 82 11.111111 arterial 40.0
100 83 11.111111 arterial 40.0
100 84 11.111111 arterial 40.0
100 85 11.111111 arterial 40.0
100 86 9.722222 suburban 35.0
100 87 11.111111 arterial 40.0
100 88 9.722222 suburban 35.0
100 89 8.333333 urban 30.0
100 90 8.333333 urban 30.0
100 91 9.722222 suburban 35.0
100 92 11.111111 arterial 40.0
100 93 9.722222 suburban 35.0
100 94 11.111111 arterial 40.0
100 95 9.722222 suburban 35.0
100 96 9.722222 suburban 35.0
100 97 9.722222 suburban 35.0
100 98 9.722222 suburban 35.0
100 99 8.333333 urban 30.0
